layer_name,layer_idx,class_i,class_j,cosine_similarity
features.0,0,0,1,0.04689766466617584
features.0,0,0,2,0.12933237850666046
features.0,0,0,3,0.5322145819664001
features.0,0,0,4,0.665242612361908
features.0,0,0,5,0.5780583024024963
features.0,0,0,6,0.010758831165730953
features.0,0,0,7,0.08051525056362152
features.0,0,0,8,0.27014821767807007
features.0,0,0,9,0.31664809584617615
features.0,0,0,10,0.4858527183532715
features.0,0,0,11,0.8748149275779724
features.0,0,0,12,0.7196401953697205
features.0,0,0,13,0.024556653574109077
features.0,0,0,14,0.016707951202988625
features.0,0,0,15,0.23852910101413727
features.0,0,0,16,0.30210986733436584
features.0,0,0,17,0.8642579913139343
features.0,0,0,18,0.8875133991241455
features.0,0,0,19,0.12187253683805466
features.0,0,0,20,0.7863793969154358
features.0,0,0,21,0.27554556727409363
features.0,0,0,22,0.8110706806182861
features.0,0,0,23,0.2685818076133728
features.0,0,0,24,0.9733101725578308
features.0,0,0,25,0.7288382053375244
features.0,0,0,26,0.7239989638328552
features.0,0,0,27,0.6085371971130371
features.0,0,0,28,0.6834848523139954
features.0,0,0,29,0.029013385996222496
features.0,0,0,30,0.01536256168037653
features.0,0,0,31,0.3958044648170471
features.0,0,0,32,0.9360362887382507
features.0,0,0,33,0.9414659142494202
features.0,0,0,34,0.6994019746780396
features.0,0,0,35,0.27598056197166443
features.0,0,0,36,0.4511513113975525
features.0,0,0,37,0.10262865573167801
features.0,0,0,38,0.4327675402164459
features.0,0,0,39,0.5608969330787659
features.0,0,0,40,0.33976438641548157
features.0,0,0,41,0.5562358498573303
features.0,0,0,42,0.28993332386016846
features.0,0,0,43,0.23788142204284668
features.0,0,0,44,0.8221356272697449
features.0,0,0,45,0.7712737917900085
features.0,0,0,46,0.5621150135993958
features.0,0,0,47,0.37310200929641724
features.0,0,0,48,0.5937523245811462
features.0,0,0,49,0.5788437128067017
features.0,0,0,50,0.7240303754806519
features.0,0,0,51,0.7287312746047974
features.0,0,0,52,0.545089066028595
features.0,0,0,53,0.7516966462135315
features.0,0,0,54,0.6021610498428345
features.0,0,0,55,0.6161355972290039
features.0,0,0,56,0.535897433757782
features.0,0,0,57,0.7178990840911865
features.0,0,0,58,0.924346387386322
features.0,0,0,59,0.9055463075637817
features.0,0,0,60,0.17862683534622192
features.0,0,0,61,0.4278033673763275
features.0,0,1,0,0.04689766466617584
features.0,0,1,2,0.14660142362117767
features.0,0,1,3,0.10756892710924149
features.0,0,1,4,0.17892445623874664
features.0,0,1,5,0.26997485756874084
features.0,0,1,6,0.4952334761619568
features.0,0,1,7,0.9438667297363281
features.0,0,1,8,0.7072710394859314
features.0,0,1,9,0.7050333023071289
features.0,0,1,10,0.06618943065404892
features.0,0,1,11,0.08708422631025314
features.0,0,1,12,0.48270994424819946
features.0,0,1,13,0.8951878547668457
features.0,0,1,14,0.43967321515083313
features.0,0,1,15,0.473770409822464
features.0,0,1,16,0.0039007116574794054
features.0,0,1,17,0.04758121818304062
features.0,0,1,18,0.4000552296638489
features.0,0,1,19,0.8256987929344177
features.0,0,1,20,0.4235835671424866
features.0,0,1,21,0.4924042224884033
features.0,0,1,22,0.4181272089481354
features.0,0,1,23,0.09896502643823624
features.0,0,1,24,0.22330129146575928
features.0,0,1,25,0.2684972584247589
features.0,0,1,26,0.6291738152503967
features.0,0,1,27,0.30148038268089294
features.0,0,1,28,0.36291927099227905
features.0,0,1,29,0.46923941373825073
features.0,0,1,30,0.11911899596452713
features.0,0,1,31,0.08282668143510818
features.0,0,1,32,0.08977453410625458
features.0,0,1,33,0.24565908312797546
features.0,0,1,34,0.35137367248535156
features.0,0,1,35,0.4107614755630493
features.0,0,1,36,0.4541504979133606
features.0,0,1,37,0.7501212358474731
features.0,0,1,38,0.7317624688148499
features.0,0,1,39,0.42768293619155884
features.0,0,1,40,0.8125479817390442
features.0,0,1,41,0.38304734230041504
features.0,0,1,42,0.556739330291748
features.0,0,1,43,0.8186773657798767
features.0,0,1,44,0.13830599188804626
features.0,0,1,45,0.3033798635005951
features.0,0,1,46,0.4667365550994873
features.0,0,1,47,0.8427646160125732
features.0,0,1,48,0.20626281201839447
features.0,0,1,49,0.5299477577209473
features.0,0,1,50,0.610583484172821
features.0,0,1,51,0.612724781036377
features.0,0,1,52,0.014750960282981396
features.0,0,1,53,0.4697446823120117
features.0,0,1,54,0.30171629786491394
features.0,0,1,55,0.003059173235669732
features.0,0,1,56,0.7901049256324768
features.0,0,1,57,0.4029726982116699
features.0,0,1,58,0.29127901792526245
features.0,0,1,59,0.21028345823287964
features.0,0,1,60,0.36491137742996216
features.0,0,1,61,0.016544343903660774
features.0,0,2,0,0.12933237850666046
features.0,0,2,1,0.14660142362117767
features.0,0,2,3,0.03978509455919266
features.0,0,2,4,0.3832545280456543
features.0,0,2,5,0.46019482612609863
features.0,0,2,6,0.612271249294281
features.0,0,2,7,0.4061358869075775
features.0,0,2,8,0.7310892343521118
features.0,0,2,9,0.7311558127403259
features.0,0,2,10,0.4502811133861542
features.0,0,2,11,0.37190455198287964
features.0,0,2,12,0.5398873090744019
features.0,0,2,13,0.34807536005973816
features.0,0,2,14,0.8942598104476929
features.0,0,2,15,0.39193931221961975
features.0,0,2,16,0.5435363054275513
features.0,0,2,17,0.0859178677201271
features.0,0,2,18,0.11959043890237808
features.0,0,2,19,0.10323227941989899
features.0,0,2,20,0.12384814023971558
features.0,0,2,21,0.8182203769683838
features.0,0,2,22,0.22540947794914246
features.0,0,2,23,0.8746930956840515
features.0,0,2,24,0.15521404147148132
features.0,0,2,25,0.33710548281669617
features.0,0,2,26,0.30600157380104065
features.0,0,2,27,0.787726640701294
features.0,0,2,28,0.17166469991207123
features.0,0,2,29,0.3192979395389557
features.0,0,2,30,0.32533136010169983
features.0,0,2,31,0.5110098719596863
features.0,0,2,32,0.11152777820825577
features.0,0,2,33,0.1975378543138504
features.0,0,2,34,0.2872146964073181
features.0,0,2,35,0.9215863347053528
features.0,0,2,36,0.40694576501846313
features.0,0,2,37,0.4793647825717926
features.0,0,2,38,0.26162445545196533
features.0,0,2,39,0.27015984058380127
features.0,0,2,40,0.5108704566955566
features.0,0,2,41,0.38588693737983704
features.0,0,2,42,0.7454127669334412
features.0,0,2,43,0.598290741443634
features.0,0,2,44,0.11372418701648712
features.0,0,2,45,0.5021306872367859
features.0,0,2,46,0.04997128248214722
features.0,0,2,47,0.03411325439810753
features.0,0,2,48,0.6243777871131897
features.0,0,2,49,0.207563579082489
features.0,0,2,50,0.13377371430397034
features.0,0,2,51,0.17189691960811615
features.0,0,2,52,0.7713351249694824
features.0,0,2,53,0.4224567711353302
features.0,0,2,54,0.22965016961097717
features.0,0,2,55,0.3309144675731659
features.0,0,2,56,0.2815300524234772
features.0,0,2,57,0.4973350763320923
features.0,0,2,58,0.13816392421722412
features.0,0,2,59,0.11892484873533249
features.0,0,2,60,0.03630074858665466
features.0,0,2,61,0.8120341300964355
features.0,0,3,0,0.5322145819664001
features.0,0,3,1,0.10756892710924149
features.0,0,3,2,0.03978509455919266
features.0,0,3,4,0.6072618961334229
features.0,0,3,5,0.7058511972427368
features.0,0,3,6,0.1315937340259552
features.0,0,3,7,0.25522345304489136
features.0,0,3,8,0.0443795807659626
features.0,0,3,9,0.2569136917591095
features.0,0,3,10,0.09995380789041519
features.0,0,3,11,0.24380256235599518
features.0,0,3,12,0.31380826234817505
features.0,0,3,13,0.13101133704185486
features.0,0,3,14,0.10599397122859955
features.0,0,3,15,0.19390375912189484
features.0,0,3,16,0.3050062656402588
features.0,0,3,17,0.8484352827072144
features.0,0,3,18,0.4155813455581665
features.0,0,3,19,0.04961754381656647
features.0,0,3,20,0.8222775459289551
features.0,0,3,21,0.15259236097335815
features.0,0,3,22,0.35303613543510437
features.0,0,3,23,0.3153163492679596
features.0,0,3,24,0.4666122496128082
features.0,0,3,25,0.7909622192382812
features.0,0,3,26,0.5580785870552063
features.0,0,3,27,0.40908271074295044
features.0,0,3,28,0.5351306200027466
features.0,0,3,29,0.7047979235649109
features.0,0,3,30,0.4721982181072235
features.0,0,3,31,0.7712386846542358
features.0,0,3,32,0.7302906513214111
features.0,0,3,33,0.5558057427406311
features.0,0,3,34,0.7573140263557434
features.0,0,3,35,0.05025942251086235
features.0,0,3,36,0.7592004537582397
features.0,0,3,37,0.3084656298160553
features.0,0,3,38,0.6832526922225952
features.0,0,3,39,0.6360139846801758
features.0,0,3,40,0.320122629404068
features.0,0,3,41,0.20162619650363922
features.0,0,3,42,0.2085178941488266
features.0,0,3,43,0.05976147577166557
features.0,0,3,44,0.7649939060211182
features.0,0,3,45,0.670371413230896
features.0,0,3,46,0.01610982045531273
features.0,0,3,47,0.4009031355381012
features.0,0,3,48,0.2602576017379761
features.0,0,3,49,0.6461544632911682
features.0,0,3,50,0.6737021207809448
features.0,0,3,51,0.5724591612815857
features.0,0,3,52,0.05318139120936394
features.0,0,3,53,0.2852679491043091
features.0,0,3,54,0.9309772849082947
features.0,0,3,55,0.11153141409158707
features.0,0,3,56,0.48924320936203003
features.0,0,3,57,0.42806077003479004
features.0,0,3,58,0.5936229825019836
features.0,0,3,59,0.6504021883010864
features.0,0,3,60,0.6560022830963135
features.0,0,3,61,0.44678932428359985
features.0,0,4,0,0.665242612361908
features.0,0,4,1,0.17892445623874664
features.0,0,4,2,0.3832545280456543
features.0,0,4,3,0.6072618961334229
features.0,0,4,5,0.4646332859992981
features.0,0,4,6,0.37325146794319153
features.0,0,4,7,0.011137919500470161
features.0,0,4,8,0.1323680728673935
features.0,0,4,9,0.3083838224411011
features.0,0,4,10,0.5721595883369446
features.0,0,4,11,0.3933701515197754
features.0,0,4,12,0.399526983499527
features.0,0,4,13,0.2376244068145752
features.0,0,4,14,0.35265788435935974
features.0,0,4,15,0.16338567435741425
features.0,0,4,16,0.4141095280647278
features.0,0,4,17,0.715907633304596
features.0,0,4,18,0.6168385744094849
features.0,0,4,19,0.1544875055551529
features.0,0,4,20,0.6088790893554688
features.0,0,4,21,0.29639968276023865
features.0,0,4,22,0.6423376202583313
features.0,0,4,23,0.30930477380752563
features.0,0,4,24,0.6673479080200195
features.0,0,4,25,0.45476391911506653
features.0,0,4,26,0.4242539703845978
features.0,0,4,27,0.6115075349807739
features.0,0,4,28,0.503173291683197
features.0,0,4,29,0.40223413705825806
features.0,0,4,30,0.19020375609397888
features.0,0,4,31,0.1965400129556656
features.0,0,4,32,0.663741946220398
features.0,0,4,33,0.5801666975021362
features.0,0,4,34,0.44100892543792725
features.0,0,4,35,0.36814484000205994
features.0,0,4,36,0.22745998203754425
features.0,0,4,37,0.29336100816726685
features.0,0,4,38,0.3143797516822815
features.0,0,4,39,0.121300108730793
features.0,0,4,40,0.14940153062343597
features.0,0,4,41,0.5560013055801392
features.0,0,4,42,0.1661389172077179
features.0,0,4,43,0.17609934508800507
features.0,0,4,44,0.6086743474006653
features.0,0,4,45,0.8026394248008728
features.0,0,4,46,0.19569851458072662
features.0,0,4,47,0.05627388507127762
features.0,0,4,48,0.3226439356803894
features.0,0,4,49,0.6574480533599854
features.0,0,4,50,0.46339425444602966
features.0,0,4,51,0.5259400010108948
features.0,0,4,52,0.4005208909511566
features.0,0,4,53,0.408627450466156
features.0,0,4,54,0.47774824500083923
features.0,0,4,55,0.16341830790042877
features.0,0,4,56,0.38183173537254333
features.0,0,4,57,0.7280980348587036
features.0,0,4,58,0.6830582022666931
features.0,0,4,59,0.5011262893676758
features.0,0,4,60,0.5744191408157349
features.0,0,4,61,0.0018379732500761747
features.0,0,5,0,0.5780583024024963
features.0,0,5,1,0.26997485756874084
features.0,0,5,2,0.46019482612609863
features.0,0,5,3,0.7058511972427368
features.0,0,5,4,0.4646332859992981
features.0,0,5,6,0.4151325225830078
features.0,0,5,7,0.5052845478057861
features.0,0,5,8,0.5859366655349731
features.0,0,5,9,0.611016035079956
features.0,0,5,10,0.06386100500822067
features.0,0,5,11,0.6385174989700317
features.0,0,5,12,0.7633741497993469
features.0,0,5,13,0.5139292478561401
features.0,0,5,14,0.411847859621048
features.0,0,5,15,0.2805631756782532
features.0,0,5,16,0.17842139303684235
features.0,0,5,17,0.6452128887176514
features.0,0,5,18,0.5434549450874329
features.0,0,5,19,0.14395663142204285
features.0,0,5,20,0.770327627658844
features.0,0,5,21,0.3032083809375763
features.0,0,5,22,0.0761587917804718
features.0,0,5,23,0.2740265429019928
features.0,0,5,24,0.5693448185920715
features.0,0,5,25,0.517768144607544
features.0,0,5,26,0.7531054615974426
features.0,0,5,27,0.7081671357154846
features.0,0,5,28,0.7387593984603882
features.0,0,5,29,0.6745762228965759
features.0,0,5,30,0.4850238561630249
features.0,0,5,31,0.49181902408599854
features.0,0,5,32,0.7750348448753357
features.0,0,5,33,0.7209170460700989
features.0,0,5,34,0.5647387504577637
features.0,0,5,35,0.4414967894554138
features.0,0,5,36,0.5147864818572998
features.0,0,5,37,0.17789049446582794
features.0,0,5,38,0.8162120580673218
features.0,0,5,39,0.6653571128845215
features.0,0,5,40,0.7293323278427124
features.0,0,5,41,0.08738043159246445
features.0,0,5,42,0.3198412358760834
features.0,0,5,43,0.35309332609176636
features.0,0,5,44,0.692293643951416
features.0,0,5,45,0.7116602659225464
features.0,0,5,46,0.0039053866639733315
features.0,0,5,47,0.5273769497871399
features.0,0,5,48,0.11820570379495621
features.0,0,5,49,0.4502337574958801
features.0,0,5,50,0.7025858759880066
features.0,0,5,51,0.6081441640853882
features.0,0,5,52,0.5608060956001282
features.0,0,5,53,0.6959261894226074
features.0,0,5,54,0.6288564205169678
features.0,0,5,55,0.26131191849708557
features.0,0,5,56,0.5802580714225769
features.0,0,5,57,0.49497905373573303
features.0,0,5,58,0.43616995215415955
features.0,0,5,59,0.6192758679389954
features.0,0,5,60,0.18946704268455505
features.0,0,5,61,0.06133590638637543
features.0,0,6,0,0.010758831165730953
features.0,0,6,1,0.4952334761619568
features.0,0,6,2,0.612271249294281
features.0,0,6,3,0.1315937340259552
features.0,0,6,4,0.37325146794319153
features.0,0,6,5,0.4151325225830078
features.0,0,6,7,0.24044984579086304
features.0,0,6,8,0.05404147878289223
features.0,0,6,9,0.04132702574133873
features.0,0,6,10,0.12187722325325012
features.0,0,6,11,0.07994572818279266
features.0,0,6,12,0.04545455798506737
features.0,0,6,13,0.22435471415519714
features.0,0,6,14,0.37634503841400146
features.0,0,6,15,0.24592973291873932
features.0,0,6,16,0.03458935767412186
features.0,0,6,17,0.038789939135313034
features.0,0,6,18,0.31277334690093994
features.0,0,6,19,0.7511017918586731
features.0,0,6,20,0.12353671342134476
features.0,0,6,21,0.06987161189317703
features.0,0,6,22,0.12108609080314636
features.0,0,6,23,0.4031970500946045
features.0,0,6,24,0.15661436319351196
features.0,0,6,25,0.3577655851840973
features.0,0,6,26,0.19244742393493652
features.0,0,6,27,0.2936369776725769
features.0,0,6,28,0.5551888346672058
features.0,0,6,29,0.2983017861843109
features.0,0,6,30,0.26407590508461
features.0,0,6,31,0.015182574279606342
features.0,0,6,32,0.06527702510356903
features.0,0,6,33,0.06259359419345856
features.0,0,6,34,0.33103030920028687
features.0,0,6,35,0.279456228017807
features.0,0,6,36,0.38231244683265686
features.0,0,6,37,0.7477877140045166
features.0,0,6,38,0.08415205031633377
features.0,0,6,39,0.26700520515441895
features.0,0,6,40,0.056474752724170685
features.0,0,6,41,0.1442331224679947
features.0,0,6,42,0.015884796157479286
features.0,0,6,43,0.001338099013082683
features.0,0,6,44,0.15614260733127594
features.0,0,6,45,0.11321941018104553
features.0,0,6,46,0.6526840925216675
features.0,0,6,47,0.46783360838890076
features.0,0,6,48,0.47571301460266113
features.0,0,6,49,0.2752368748188019
features.0,0,6,50,0.28552064299583435
features.0,0,6,51,0.31648311018943787
features.0,0,6,52,0.47739237546920776
features.0,0,6,53,0.04216635227203369
features.0,0,6,54,0.19852526485919952
features.0,0,6,55,0.35367825627326965
features.0,0,6,56,0.34180524945259094
features.0,0,6,57,0.08314638584852219
features.0,0,6,58,0.016495022922754288
features.0,0,6,59,0.23540104925632477
features.0,0,6,60,0.1945447325706482
features.0,0,6,61,0.5406745672225952
features.0,0,7,0,0.08051525056362152
features.0,0,7,1,0.9438667297363281
features.0,0,7,2,0.4061358869075775
features.0,0,7,3,0.25522345304489136
features.0,0,7,4,0.011137919500470161
features.0,0,7,5,0.5052845478057861
features.0,0,7,6,0.24044984579086304
features.0,0,7,8,0.8478385210037231
features.0,0,7,9,0.8804160952568054
features.0,0,7,10,0.13480183482170105
features.0,0,7,11,0.2374071478843689
features.0,0,7,12,0.6357789635658264
features.0,0,7,13,0.9404354691505432
features.0,0,7,14,0.655617892742157
features.0,0,7,15,0.4664768576622009
features.0,0,7,16,0.08083919435739517
features.0,0,7,17,0.14798082411289215
features.0,0,7,18,0.2544862926006317
features.0,0,7,19,0.7031397223472595
features.0,0,7,20,0.5446889996528625
features.0,0,7,21,0.6309324502944946
features.0,0,7,22,0.3990822732448578
features.0,0,7,23,0.26963043212890625
features.0,0,7,24,0.0804435983300209
features.0,0,7,25,0.2670554518699646
features.0,0,7,26,0.7397015690803528
features.0,0,7,27,0.5666248202323914
features.0,0,7,28,0.17466986179351807
features.0,0,7,29,0.6124364733695984
features.0,0,7,30,0.08237995952367783
features.0,0,7,31,0.07785752415657043
features.0,0,7,32,0.2299453616142273
features.0,0,7,33,0.3616882860660553
features.0,0,7,34,0.34239035844802856
features.0,0,7,35,0.6101823449134827
features.0,0,7,36,0.40845128893852234
features.0,0,7,37,0.5894352793693542
features.0,0,7,38,0.8413371443748474
features.0,0,7,39,0.41871383786201477
features.0,0,7,40,0.9261566400527954
features.0,0,7,41,0.29087963700294495
features.0,0,7,42,0.663738489151001
features.0,0,7,43,0.8958032727241516
features.0,0,7,44,0.032432008534669876
features.0,0,7,45,0.511820375919342
features.0,0,7,46,0.41376927495002747
features.0,0,7,47,0.7974438071250916
features.0,0,7,48,0.34738725423812866
features.0,0,7,49,0.6126752495765686
features.0,0,7,50,0.6884680986404419
features.0,0,7,51,0.6691904664039612
features.0,0,7,52,0.2204359769821167
features.0,0,7,53,0.5751736760139465
features.0,0,7,54,0.35856539011001587
features.0,0,7,55,0.03987289220094681
features.0,0,7,56,0.8515761494636536
features.0,0,7,57,0.5455004572868347
features.0,0,7,58,0.21037006378173828
features.0,0,7,59,0.25684428215026855
features.0,0,7,60,0.4149765074253082
features.0,0,7,61,0.16802045702934265
features.0,0,8,0,0.27014821767807007
features.0,0,8,1,0.7072710394859314
features.0,0,8,2,0.7310892343521118
features.0,0,8,3,0.0443795807659626
features.0,0,8,4,0.1323680728673935
features.0,0,8,5,0.5859366655349731
features.0,0,8,6,0.05404147878289223
features.0,0,8,7,0.8478385210037231
features.0,0,8,9,0.9419897794723511
features.0,0,8,10,0.36287274956703186
features.0,0,8,11,0.5634210109710693
features.0,0,8,12,0.8462711572647095
features.0,0,8,13,0.8385576605796814
features.0,0,8,14,0.7546789050102234
features.0,0,8,15,0.36877164244651794
features.0,0,8,16,0.36483460664749146
features.0,0,8,17,0.09682808816432953
features.0,0,8,18,0.052174344658851624
features.0,0,8,19,0.3596571385860443
features.0,0,8,20,0.4549585282802582
features.0,0,8,21,0.8820428848266602
features.0,0,8,22,0.2684623599052429
features.0,0,8,23,0.713686466217041
features.0,0,8,24,0.18729810416698456
features.0,0,8,25,0.06730752438306808
features.0,0,8,26,0.740019679069519
features.0,0,8,27,0.7732858657836914
features.0,0,8,28,0.0708262100815773
features.0,0,8,29,0.38386648893356323
features.0,0,8,30,0.2135564237833023
features.0,0,8,31,0.2998550832271576
features.0,0,8,32,0.31803297996520996
features.0,0,8,33,0.4984813630580902
features.0,0,8,34,0.1545107513666153
features.0,0,8,35,0.8882968425750732
features.0,0,8,36,0.0890861377120018
features.0,0,8,37,0.21619229018688202
features.0,0,8,38,0.6835748553276062
features.0,0,8,39,0.2635384202003479
features.0,0,8,40,0.9278678297996521
features.0,0,8,41,0.11165668070316315
features.0,0,8,42,0.9207671284675598
features.0,0,8,43,0.8466227650642395
features.0,0,8,44,0.007850619964301586
features.0,0,8,45,0.5807902812957764
features.0,0,8,46,0.4516757130622864
features.0,0,8,47,0.606688916683197
features.0,0,8,48,0.4077451229095459
features.0,0,8,49,0.45656073093414307
features.0,0,8,50,0.5901376605033875
features.0,0,8,51,0.6070343255996704
features.0,0,8,52,0.687069296836853
features.0,0,8,53,0.7751225829124451
features.0,0,8,54,0.09340471774339676
features.0,0,8,55,0.07156461477279663
features.0,0,8,56,0.7425559759140015
features.0,0,8,57,0.6377052664756775
features.0,0,8,58,0.091280996799469
features.0,0,8,59,0.2593767046928406
features.0,0,8,60,0.0894409790635109
features.0,0,8,61,0.409122496843338
features.0,0,9,0,0.31664809584617615
features.0,0,9,1,0.7050333023071289
features.0,0,9,2,0.7311558127403259
features.0,0,9,3,0.2569136917591095
features.0,0,9,4,0.3083838224411011
features.0,0,9,5,0.611016035079956
features.0,0,9,6,0.04132702574133873
features.0,0,9,7,0.8804160952568054
features.0,0,9,8,0.9419897794723511
features.0,0,9,10,0.4486023783683777
features.0,0,9,11,0.4881013035774231
features.0,0,9,12,0.7921587228775024
features.0,0,9,13,0.790921151638031
features.0,0,9,14,0.8488186001777649
features.0,0,9,15,0.5106490254402161
features.0,0,9,16,0.41956251859664917
features.0,0,9,17,0.2290399819612503
features.0,0,9,18,0.0230255126953125
features.0,0,9,19,0.4772282838821411
features.0,0,9,20,0.5833811163902283
features.0,0,9,21,0.8641545176506042
features.0,0,9,22,0.1835084706544876
features.0,0,9,23,0.6067657470703125
features.0,0,9,24,0.19490933418273926
features.0,0,9,25,0.17967946827411652
features.0,0,9,26,0.7827634811401367
features.0,0,9,27,0.8736206293106079
features.0,0,9,28,0.02353590726852417
features.0,0,9,29,0.5232101082801819
features.0,0,9,30,0.26941609382629395
features.0,0,9,31,0.2420898973941803
features.0,0,9,32,0.37054452300071716
features.0,0,9,33,0.5068449378013611
features.0,0,9,34,0.22921353578567505
features.0,0,9,35,0.8824100494384766
features.0,0,9,36,0.167380228638649
features.0,0,9,37,0.21611662209033966
features.0,0,9,38,0.7526061534881592
features.0,0,9,39,0.2346266359090805
features.0,0,9,40,0.9009858965873718
features.0,0,9,41,0.11708357185125351
features.0,0,9,42,0.8478727340698242
features.0,0,9,43,0.8193514347076416
features.0,0,9,44,0.04861585423350334
features.0,0,9,45,0.7428733706474304
features.0,0,9,46,0.4829343259334564
features.0,0,9,47,0.580483615398407
features.0,0,9,48,0.38208380341529846
features.0,0,9,49,0.66706383228302
features.0,0,9,50,0.6780939698219299
features.0,0,9,51,0.6836968064308167
features.0,0,9,52,0.5579801797866821
features.0,0,9,53,0.6983877420425415
features.0,0,9,54,0.26355376839637756
features.0,0,9,55,0.05002213269472122
features.0,0,9,56,0.8278162479400635
features.0,0,9,57,0.7675297856330872
features.0,0,9,58,0.023920269683003426
features.0,0,9,59,0.2931094169616699
features.0,0,9,60,0.3855975568294525
features.0,0,9,61,0.3880763053894043
features.0,0,10,0,0.4858527183532715
features.0,0,10,1,0.06618943065404892
features.0,0,10,2,0.4502811133861542
features.0,0,10,3,0.09995380789041519
features.0,0,10,4,0.5721595883369446
features.0,0,10,5,0.06386100500822067
features.0,0,10,6,0.12187722325325012
features.0,0,10,7,0.13480183482170105
features.0,0,10,8,0.36287274956703186
features.0,0,10,9,0.4486023783683777
features.0,0,10,11,0.4249698221683502
features.0,0,10,12,0.4153210520744324
features.0,0,10,13,0.06609547138214111
features.0,0,10,14,0.4212726056575775
features.0,0,10,15,0.6208711862564087
features.0,0,10,16,0.9612842798233032
features.0,0,10,17,0.21163490414619446
features.0,0,10,18,0.2652253210544586
features.0,0,10,19,0.2596026062965393
features.0,0,10,20,0.2541961967945099
features.0,0,10,21,0.7189968228340149
features.0,0,10,22,0.5046647191047668
features.0,0,10,23,0.6286346316337585
features.0,0,10,24,0.41977882385253906
features.0,0,10,25,0.06475938856601715
features.0,0,10,26,0.34886884689331055
features.0,0,10,27,0.5811654925346375
features.0,0,10,28,0.1130322590470314
features.0,0,10,29,0.19508516788482666
features.0,0,10,30,0.8562668561935425
features.0,0,10,31,0.5208712816238403
features.0,0,10,32,0.24915534257888794
features.0,0,10,33,0.3958415389060974
features.0,0,10,34,0.038784995675086975
features.0,0,10,35,0.6310533881187439
features.0,0,10,36,0.22372007369995117
features.0,0,10,37,0.25540876388549805
features.0,0,10,38,0.009312132373452187
features.0,0,10,39,0.26362287998199463
features.0,0,10,40,0.16018728911876678
features.0,0,10,41,0.8607639074325562
features.0,0,10,42,0.6374181509017944
features.0,0,10,43,0.053440798074007034
features.0,0,10,44,0.011769350618124008
features.0,0,10,45,0.5861324667930603
features.0,0,10,46,0.7403963804244995
features.0,0,10,47,0.02055566944181919
features.0,0,10,48,0.23072214424610138
features.0,0,10,49,0.5574356913566589
features.0,0,10,50,0.2998245358467102
features.0,0,10,51,0.4500628113746643
features.0,0,10,52,0.4675440490245819
features.0,0,10,53,0.4290064573287964
features.0,0,10,54,0.062030401080846786
features.0,0,10,55,0.060365576297044754
features.0,0,10,56,0.41624876856803894
features.0,0,10,57,0.7845750451087952
features.0,0,10,58,0.31561416387557983
features.0,0,10,59,0.2300187647342682
features.0,0,10,60,0.3211953639984131
features.0,0,10,61,0.2623825967311859
features.0,0,11,0,0.8748149275779724
features.0,0,11,1,0.08708422631025314
features.0,0,11,2,0.37190455198287964
features.0,0,11,3,0.24380256235599518
features.0,0,11,4,0.3933701515197754
features.0,0,11,5,0.6385174989700317
features.0,0,11,6,0.07994572818279266
features.0,0,11,7,0.2374071478843689
features.0,0,11,8,0.5634210109710693
features.0,0,11,9,0.4881013035774231
features.0,0,11,10,0.4249698221683502
features.0,0,11,12,0.8817651271820068
features.0,0,11,13,0.2961518168449402
features.0,0,11,14,0.1377069056034088
features.0,0,11,15,0.26171374320983887
features.0,0,11,16,0.33365803956985474
features.0,0,11,17,0.5841444134712219
features.0,0,11,18,0.8007610440254211
features.0,0,11,19,0.16846230626106262
features.0,0,11,20,0.6271846890449524
features.0,0,11,21,0.5054301619529724
features.0,0,11,22,0.5078837871551514
features.0,0,11,23,0.5538966655731201
features.0,0,11,24,0.8717943429946899
features.0,0,11,25,0.4546399414539337
features.0,0,11,26,0.74317866563797
features.0,0,11,27,0.6894754767417908
features.0,0,11,28,0.6564269661903381
features.0,0,11,29,0.06136025860905647
features.0,0,11,30,0.016792889684438705
features.0,0,11,31,0.153516486287117
features.0,0,11,32,0.8009877800941467
features.0,0,11,33,0.8931021094322205
features.0,0,11,34,0.46511703729629517
features.0,0,11,35,0.5134487748146057
features.0,0,11,36,0.2314663529396057
features.0,0,11,37,0.06271807104349136
features.0,0,11,38,0.43930333852767944
features.0,0,11,39,0.5039899945259094
features.0,0,11,40,0.5408270359039307
features.0,0,11,41,0.5225573778152466
features.0,0,11,42,0.5749463438987732
features.0,0,11,43,0.05814950168132782
features.0,0,11,44,0.6160699725151062
features.0,0,11,45,0.6534112095832825
features.0,0,11,46,0.5454385280609131
features.0,0,11,47,0.405362069606781
features.0,0,11,48,0.2724536657333374
features.0,0,11,49,0.3593749701976776
features.0,0,11,50,0.6394566893577576
features.0,0,11,51,0.6345430016517639
features.0,0,11,52,0.803045928478241
features.0,0,11,53,0.8774756193161011
features.0,0,11,54,0.32165610790252686
features.0,0,11,55,0.693733811378479
features.0,0,11,56,0.5176355838775635
features.0,0,11,57,0.6315500736236572
features.0,0,11,58,0.6687348484992981
features.0,0,11,59,0.7528091669082642
features.0,0,11,60,0.16190575063228607
features.0,0,11,61,0.16131672263145447
features.0,0,12,0,0.7196401953697205
features.0,0,12,1,0.48270994424819946
features.0,0,12,2,0.5398873090744019
features.0,0,12,3,0.31380826234817505
features.0,0,12,4,0.399526983499527
features.0,0,12,5,0.7633741497993469
features.0,0,12,6,0.04545455798506737
features.0,0,12,7,0.6357789635658264
features.0,0,12,8,0.8462711572647095
features.0,0,12,9,0.7921587228775024
features.0,0,12,10,0.4153210520744324
features.0,0,12,11,0.8817651271820068
features.0,0,12,13,0.628152072429657
features.0,0,12,14,0.45586031675338745
features.0,0,12,15,0.024288784712553024
features.0,0,12,16,0.3112771213054657
features.0,0,12,17,0.5385389924049377
features.0,0,12,18,0.5418139696121216
features.0,0,12,19,0.13230422139167786
features.0,0,12,20,0.7410506010055542
features.0,0,12,21,0.7146337032318115
features.0,0,12,22,0.21733449399471283
features.0,0,12,23,0.6215952634811401
features.0,0,12,24,0.6620787382125854
features.0,0,12,25,0.46092692017555237
features.0,0,12,26,0.9137826561927795
features.0,0,12,27,0.8118184208869934
features.0,0,12,28,0.4822360873222351
features.0,0,12,29,0.30063870549201965
features.0,0,12,30,0.03475145623087883
features.0,0,12,31,0.07597392052412033
features.0,0,12,32,0.7493985295295715
features.0,0,12,33,0.8749045133590698
features.0,0,12,34,0.5247538089752197
features.0,0,12,35,0.7243217825889587
features.0,0,12,36,0.3592628240585327
features.0,0,12,37,0.255889892578125
features.0,0,12,38,0.7388970851898193
features.0,0,12,39,0.5714676976203918
features.0,0,12,40,0.8584081530570984
features.0,0,12,41,0.3070688545703888
features.0,0,12,42,0.7730412483215332
features.0,0,12,43,0.46370843052864075
features.0,0,12,44,0.497648686170578
features.0,0,12,45,0.7705583572387695
features.0,0,12,46,0.5632240176200867
features.0,0,12,47,0.6793803572654724
features.0,0,12,48,0.048193152993917465
features.0,0,12,49,0.568771481513977
features.0,0,12,50,0.8058100342750549
features.0,0,12,51,0.8131868839263916
features.0,0,12,52,0.7896568775177002
features.0,0,12,53,0.980178713798523
features.0,0,12,54,0.40110307931900024
features.0,0,12,55,0.43492192029953003
features.0,0,12,56,0.7923672795295715
features.0,0,12,57,0.7690501809120178
features.0,0,12,58,0.437747597694397
features.0,0,12,59,0.6985390186309814
features.0,0,12,60,0.07736488431692123
features.0,0,12,61,0.0036120330914855003
features.0,0,13,0,0.024556653574109077
features.0,0,13,1,0.8951878547668457
features.0,0,13,2,0.34807536005973816
features.0,0,13,3,0.13101133704185486
features.0,0,13,4,0.2376244068145752
features.0,0,13,5,0.5139292478561401
features.0,0,13,6,0.22435471415519714
features.0,0,13,7,0.9404354691505432
features.0,0,13,8,0.8385576605796814
features.0,0,13,9,0.790921151638031
features.0,0,13,10,0.06609547138214111
features.0,0,13,11,0.2961518168449402
features.0,0,13,12,0.628152072429657
features.0,0,13,14,0.5175938010215759
features.0,0,13,15,0.23413437604904175
features.0,0,13,16,0.07545154541730881
features.0,0,13,17,0.027360113337635994
features.0,0,13,18,0.2405465543270111
features.0,0,13,19,0.5704970359802246
features.0,0,13,20,0.42624619603157043
features.0,0,13,21,0.5389670729637146
features.0,0,13,22,0.5092198252677917
features.0,0,13,23,0.24675624072551727
features.0,0,13,24,0.10630889981985092
features.0,0,13,25,0.1758761703968048
features.0,0,13,26,0.6736660599708557
features.0,0,13,27,0.46572595834732056
features.0,0,13,28,0.10721468925476074
features.0,0,13,29,0.4674893617630005
features.0,0,13,30,0.09786424785852432
features.0,0,13,31,0.04397443309426308
features.0,0,13,32,0.17385181784629822
features.0,0,13,33,0.31595537066459656
features.0,0,13,34,0.2532181441783905
features.0,0,13,35,0.5268272757530212
features.0,0,13,36,0.3489750623703003
features.0,0,13,37,0.6122308373451233
features.0,0,13,38,0.7729109525680542
features.0,0,13,39,0.46861398220062256
features.0,0,13,40,0.9113702178001404
features.0,0,13,41,0.39501941204071045
features.0,0,13,42,0.6260858774185181
features.0,0,13,43,0.887870192527771
features.0,0,13,44,0.062026429921388626
features.0,0,13,45,0.3290369510650635
features.0,0,13,46,0.3206731677055359
features.0,0,13,47,0.7658950686454773
features.0,0,13,48,0.42463842034339905
features.0,0,13,49,0.36744290590286255
features.0,0,13,50,0.5873934626579285
features.0,0,13,51,0.5277950167655945
features.0,0,13,52,0.2546684741973877
features.0,0,13,53,0.556272566318512
features.0,0,13,54,0.2511817514896393
features.0,0,13,55,0.1585671454668045
features.0,0,13,56,0.7165852785110474
features.0,0,13,57,0.3385743200778961
features.0,0,13,58,0.2795356810092926
features.0,0,13,59,0.21402283012866974
features.0,0,13,60,0.12105739861726761
features.0,0,13,61,0.1357823610305786
features.0,0,14,0,0.016707951202988625
features.0,0,14,1,0.43967321515083313
features.0,0,14,2,0.8942598104476929
features.0,0,14,3,0.10599397122859955
features.0,0,14,4,0.35265788435935974
features.0,0,14,5,0.411847859621048
features.0,0,14,6,0.37634503841400146
features.0,0,14,7,0.655617892742157
features.0,0,14,8,0.7546789050102234
features.0,0,14,9,0.8488186001777649
features.0,0,14,10,0.4212726056575775
features.0,0,14,11,0.1377069056034088
features.0,0,14,12,0.45586031675338745
features.0,0,14,13,0.5175938010215759
features.0,0,14,15,0.6587703227996826
features.0,0,14,16,0.47893303632736206
features.0,0,14,17,0.06969285756349564
features.0,0,14,18,0.17933951318264008
features.0,0,14,19,0.2844463288784027
features.0,0,14,20,0.23143388330936432
features.0,0,14,21,0.8048797845840454
features.0,0,14,22,0.36651796102523804
features.0,0,14,23,0.6588577628135681
features.0,0,14,24,0.07651305943727493
features.0,0,14,25,0.21946576237678528
features.0,0,14,26,0.38226234912872314
features.0,0,14,27,0.764549732208252
features.0,0,14,28,0.10824404656887054
features.0,0,14,29,0.5542594790458679
features.0,0,14,30,0.38037770986557007
features.0,0,14,31,0.4788597524166107
features.0,0,14,32,0.02891731448471546
features.0,0,14,33,0.11031947284936905
features.0,0,14,34,0.1744905561208725
features.0,0,14,35,0.8794893622398376
features.0,0,14,36,0.20810461044311523
features.0,0,14,37,0.20707690715789795
features.0,0,14,38,0.4467802345752716
features.0,0,14,39,0.2169005274772644
features.0,0,14,40,0.6140070557594299
features.0,0,14,41,0.14335456490516663
features.0,0,14,42,0.7076919674873352
features.0,0,14,43,0.7789072394371033
features.0,0,14,44,0.22527626156806946
features.0,0,14,45,0.5572944283485413
features.0,0,14,46,0.12300024181604385
features.0,0,14,47,0.15297158062458038
features.0,0,14,48,0.6613848209381104
features.0,0,14,49,0.4485585689544678
features.0,0,14,50,0.2699224650859833
features.0,0,14,51,0.30010363459587097
features.0,0,14,52,0.47748062014579773
features.0,0,14,53,0.3309369683265686
features.0,0,14,54,0.04770935699343681
features.0,0,14,55,0.5145817995071411
features.0,0,14,56,0.4825282096862793
features.0,0,14,57,0.5673180222511292
features.0,0,14,58,0.2873307764530182
features.0,0,14,59,0.14724193513393402
features.0,0,14,60,0.3912023901939392
features.0,0,14,61,0.7589789032936096
features.0,0,15,0,0.23852910101413727
features.0,0,15,1,0.473770409822464
features.0,0,15,2,0.39193931221961975
features.0,0,15,3,0.19390375912189484
features.0,0,15,4,0.16338567435741425
features.0,0,15,5,0.2805631756782532
features.0,0,15,6,0.24592973291873932
features.0,0,15,7,0.4664768576622009
features.0,0,15,8,0.36877164244651794
features.0,0,15,9,0.5106490254402161
features.0,0,15,10,0.6208711862564087
features.0,0,15,11,0.26171374320983887
features.0,0,15,12,0.024288784712553024
features.0,0,15,13,0.23413437604904175
features.0,0,15,14,0.6587703227996826
features.0,0,15,16,0.6573132872581482
features.0,0,15,17,0.2558593153953552
features.0,0,15,18,0.5404374003410339
features.0,0,15,19,0.7012922763824463
features.0,0,15,20,0.024227237328886986
features.0,0,15,21,0.6162024140357971
features.0,0,15,22,0.21644310653209686
features.0,0,15,23,0.3246981203556061
features.0,0,15,24,0.37232524156570435
features.0,0,15,25,0.23644906282424927
features.0,0,15,26,0.09814830869436264
features.0,0,15,27,0.3096563220024109
features.0,0,15,28,0.7083618640899658
features.0,0,15,29,0.17057785391807556
features.0,0,15,30,0.8211803436279297
features.0,0,15,31,0.6843301653862
features.0,0,15,32,0.3231590986251831
features.0,0,15,33,0.18681535124778748
features.0,0,15,34,0.230821430683136
features.0,0,15,35,0.5309575796127319
features.0,0,15,36,0.2452455461025238
features.0,0,15,37,0.019366543740034103
features.0,0,15,38,0.08372198045253754
features.0,0,15,39,0.4587940275669098
features.0,0,15,40,0.21889878809452057
features.0,0,15,41,0.21154232323169708
features.0,0,15,42,0.5080822706222534
features.0,0,15,43,0.5178738236427307
features.0,0,15,44,0.5625333189964294
features.0,0,15,45,0.26061421632766724
features.0,0,15,46,0.4254821240901947
features.0,0,15,47,0.07473325729370117
features.0,0,15,48,0.2820647656917572
features.0,0,15,49,0.4836525022983551
features.0,0,15,50,0.08658093959093094
features.0,0,15,51,0.20543387532234192
features.0,0,15,52,0.04841512069106102
features.0,0,15,53,0.010681886225938797
features.0,0,15,54,0.18556667864322662
features.0,0,15,55,0.6156854629516602
features.0,0,15,56,0.38142168521881104
features.0,0,15,57,0.46733227372169495
features.0,0,15,58,0.40675851702690125
features.0,0,15,59,0.30484622716903687
features.0,0,15,60,0.5684079527854919
features.0,0,15,61,0.5279548764228821
features.0,0,16,0,0.30210986733436584
features.0,0,16,1,0.0039007116574794054
features.0,0,16,2,0.5435363054275513
features.0,0,16,3,0.3050062656402588
features.0,0,16,4,0.4141095280647278
features.0,0,16,5,0.17842139303684235
features.0,0,16,6,0.03458935767412186
features.0,0,16,7,0.08083919435739517
features.0,0,16,8,0.36483460664749146
features.0,0,16,9,0.41956251859664917
features.0,0,16,10,0.9612842798233032
features.0,0,16,11,0.33365803956985474
features.0,0,16,12,0.3112771213054657
features.0,0,16,13,0.07545154541730881
features.0,0,16,14,0.47893303632736206
features.0,0,16,15,0.6573132872581482
features.0,0,16,17,0.038501761853694916
features.0,0,16,18,0.13022664189338684
features.0,0,16,19,0.19772222638130188
features.0,0,16,20,0.027315819635987282
features.0,0,16,21,0.7514443397521973
features.0,0,16,22,0.32994693517684937
features.0,0,16,23,0.7109525203704834
features.0,0,16,24,0.2598249614238739
features.0,0,16,25,0.19935274124145508
features.0,0,16,26,0.17745506763458252
features.0,0,16,27,0.5331935286521912
features.0,0,16,28,0.22227981686592102
features.0,0,16,29,0.3043168783187866
features.0,0,16,30,0.911369264125824
features.0,0,16,31,0.7161043286323547
features.0,0,16,32,0.03364085406064987
features.0,0,16,33,0.19995655119419098
features.0,0,16,34,0.2277849167585373
features.0,0,16,35,0.6732016801834106
features.0,0,16,36,0.46913444995880127
features.0,0,16,37,0.40530678629875183
features.0,0,16,38,0.1522562950849533
features.0,0,16,39,0.4727003872394562
features.0,0,16,40,0.0848442018032074
features.0,0,16,41,0.8562487959861755
features.0,0,16,42,0.6681962013244629
features.0,0,16,43,0.11750517785549164
features.0,0,16,44,0.2327394336462021
features.0,0,16,45,0.4254814088344574
features.0,0,16,46,0.6361707448959351
features.0,0,16,47,0.1539803445339203
features.0,0,16,48,0.02309577725827694
features.0,0,16,49,0.36164590716362
features.0,0,16,50,0.08877438306808472
features.0,0,16,51,0.23671092092990875
features.0,0,16,52,0.48480865359306335
features.0,0,16,53,0.29662907123565674
features.0,0,16,54,0.30688387155532837
features.0,0,16,55,0.1455056071281433
features.0,0,16,56,0.2505079507827759
features.0,0,16,57,0.6399661898612976
features.0,0,16,58,0.10735863447189331
features.0,0,16,59,0.006955277640372515
features.0,0,16,60,0.1631161868572235
features.0,0,16,61,0.46702849864959717
features.0,0,17,0,0.8642579913139343
features.0,0,17,1,0.04758121818304062
features.0,0,17,2,0.0859178677201271
features.0,0,17,3,0.8484352827072144
features.0,0,17,4,0.715907633304596
features.0,0,17,5,0.6452128887176514
features.0,0,17,6,0.038789939135313034
features.0,0,17,7,0.14798082411289215
features.0,0,17,8,0.09682808816432953
features.0,0,17,9,0.2290399819612503
features.0,0,17,10,0.21163490414619446
features.0,0,17,11,0.5841444134712219
features.0,0,17,12,0.5385389924049377
features.0,0,17,13,0.027360113337635994
features.0,0,17,14,0.06969285756349564
features.0,0,17,15,0.2558593153953552
features.0,0,17,16,0.038501761853694916
features.0,0,17,18,0.7335346341133118
features.0,0,17,19,0.006057430990040302
features.0,0,17,20,0.9072192311286926
features.0,0,17,21,0.005219838581979275
features.0,0,17,22,0.7213131189346313
features.0,0,17,23,0.10650128871202469
features.0,0,17,24,0.8096574544906616
features.0,0,17,25,0.9274316430091858
features.0,0,17,26,0.7044661045074463
features.0,0,17,27,0.4543468952178955
features.0,0,17,28,0.657504141330719
features.0,0,17,29,0.38524025678634644
features.0,0,17,30,0.2647710144519806
features.0,0,17,31,0.7109946608543396
features.0,0,17,32,0.9448642134666443
features.0,0,17,33,0.8508681058883667
features.0,0,17,34,0.9036714434623718
features.0,0,17,35,0.024765266105532646
features.0,0,17,36,0.7649825215339661
features.0,0,17,37,0.31203219294548035
features.0,0,17,38,0.6072477102279663
features.0,0,17,39,0.7272761464118958
features.0,0,17,40,0.3220137357711792
features.0,0,17,41,0.18862073123455048
features.0,0,17,42,0.017963821068406105
features.0,0,17,43,0.24783338606357574
features.0,0,17,44,0.9290313124656677
features.0,0,17,45,0.7631084322929382
features.0,0,17,46,0.34128910303115845
features.0,0,17,47,0.49209731817245483
features.0,0,17,48,0.6279592514038086
features.0,0,17,49,0.7012471556663513
features.0,0,17,50,0.7968608140945435
features.0,0,17,51,0.764614462852478
features.0,0,17,52,0.1999838650226593
features.0,0,17,53,0.5801788568496704
features.0,0,17,54,0.8956990838050842
features.0,0,17,55,0.4220639765262604
features.0,0,17,56,0.5794699788093567
features.0,0,17,57,0.6252562999725342
features.0,0,17,58,0.8980664014816284
features.0,0,17,59,0.9237338900566101
features.0,0,17,60,0.48824629187583923
features.0,0,17,61,0.6128552556037903
features.0,0,18,0,0.8875133991241455
features.0,0,18,1,0.4000552296638489
features.0,0,18,2,0.11959043890237808
features.0,0,18,3,0.4155813455581665
features.0,0,18,4,0.6168385744094849
features.0,0,18,5,0.5434549450874329
features.0,0,18,6,0.31277334690093994
features.0,0,18,7,0.2544862926006317
features.0,0,18,8,0.052174344658851624
features.0,0,18,9,0.0230255126953125
features.0,0,18,10,0.2652253210544586
features.0,0,18,11,0.8007610440254211
features.0,0,18,12,0.5418139696121216
features.0,0,18,13,0.2405465543270111
features.0,0,18,14,0.17933951318264008
features.0,0,18,15,0.5404374003410339
features.0,0,18,16,0.13022664189338684
features.0,0,18,17,0.7335346341133118
features.0,0,18,19,0.5584642887115479
features.0,0,18,20,0.531036376953125
features.0,0,18,21,0.056625623255968094
features.0,0,18,22,0.7791242599487305
features.0,0,18,23,0.2719128727912903
features.0,0,18,24,0.9680341482162476
features.0,0,18,25,0.5190431475639343
features.0,0,18,26,0.4281747043132782
features.0,0,18,27,0.41098883748054504
features.0,0,18,28,0.8905472755432129
features.0,0,18,29,0.07301854342222214
features.0,0,18,30,0.22163702547550201
features.0,0,18,31,0.44814029335975647
features.0,0,18,32,0.8370026350021362
features.0,0,18,33,0.7804592847824097
features.0,0,18,34,0.5034934282302856
features.0,0,18,35,0.11684168875217438
features.0,0,18,36,0.25737640261650085
features.0,0,18,37,0.19154711067676544
features.0,0,18,38,0.17423765361309052
features.0,0,18,39,0.43735066056251526
features.0,0,18,40,0.08896847814321518
features.0,0,18,41,0.5534071922302246
features.0,0,18,42,0.07506062835454941
features.0,0,18,43,0.45258861780166626
features.0,0,18,44,0.8516011238098145
features.0,0,18,45,0.525251030921936
features.0,0,18,46,0.19084374606609344
features.0,0,18,47,0.08052685111761093
features.0,0,18,48,0.5336450934410095
features.0,0,18,49,0.20399898290634155
features.0,0,18,50,0.4070833921432495
features.0,0,18,51,0.40260908007621765
features.0,0,18,52,0.6030104160308838
features.0,0,18,53,0.5822761654853821
features.0,0,18,54,0.396014928817749
features.0,0,18,55,0.5765160322189331
features.0,0,18,56,0.15645062923431396
features.0,0,18,57,0.4111212491989136
features.0,0,18,58,0.9079754948616028
features.0,0,18,59,0.7385733723640442
features.0,0,18,60,0.13122151792049408
features.0,0,18,61,0.3593691289424896
features.0,0,19,0,0.12187253683805466
features.0,0,19,1,0.8256987929344177
features.0,0,19,2,0.10323227941989899
features.0,0,19,3,0.04961754381656647
features.0,0,19,4,0.1544875055551529
features.0,0,19,5,0.14395663142204285
features.0,0,19,6,0.7511017918586731
features.0,0,19,7,0.7031397223472595
features.0,0,19,8,0.3596571385860443
features.0,0,19,9,0.4772282838821411
features.0,0,19,10,0.2596026062965393
features.0,0,19,11,0.16846230626106262
features.0,0,19,12,0.13230422139167786
features.0,0,19,13,0.5704970359802246
features.0,0,19,14,0.2844463288784027
features.0,0,19,15,0.7012922763824463
features.0,0,19,16,0.19772222638130188
features.0,0,19,17,0.006057430990040302
features.0,0,19,18,0.5584642887115479
features.0,0,19,20,0.28108328580856323
features.0,0,19,21,0.33408188819885254
features.0,0,19,22,0.21621139347553253
features.0,0,19,23,0.1404760181903839
features.0,0,19,24,0.34125903248786926
features.0,0,19,25,0.24373401701450348
features.0,0,19,26,0.3922123610973358
features.0,0,19,27,0.1281517893075943
features.0,0,19,28,0.6849527955055237
features.0,0,19,29,0.22471298277378082
features.0,0,19,30,0.4155227839946747
features.0,0,19,31,0.2005818784236908
features.0,0,19,32,0.1044246256351471
features.0,0,19,33,0.03243805468082428
features.0,0,19,34,0.24618270993232727
features.0,0,19,35,0.1902564913034439
features.0,0,19,36,0.33815476298332214
features.0,0,19,37,0.6810051798820496
features.0,0,19,38,0.4286626875400543
features.0,0,19,39,0.1449791043996811
features.0,0,19,40,0.4350810647010803
features.0,0,19,41,0.2385181188583374
features.0,0,19,42,0.3383156359195709
features.0,0,19,43,0.5358686447143555
features.0,0,19,44,0.31962284445762634
features.0,0,19,45,0.21573519706726074
features.0,0,19,46,0.6027657389640808
features.0,0,19,47,0.582564115524292
features.0,0,19,48,0.005113247781991959
features.0,0,19,49,0.5953952074050903
features.0,0,19,50,0.44902458786964417
features.0,0,19,51,0.4800291657447815
features.0,0,19,52,0.34288179874420166
features.0,0,19,53,0.13199760019779205
features.0,0,19,54,0.25518763065338135
features.0,0,19,55,0.11676940321922302
features.0,0,19,56,0.6470289826393127
features.0,0,19,57,0.3812329173088074
features.0,0,19,58,0.2815912067890167
features.0,0,19,59,0.07965651154518127
features.0,0,19,60,0.586938738822937
features.0,0,19,61,0.07351070642471313
features.0,0,20,0,0.7863793969154358
features.0,0,20,1,0.4235835671424866
features.0,0,20,2,0.12384814023971558
features.0,0,20,3,0.8222775459289551
features.0,0,20,4,0.6088790893554688
features.0,0,20,5,0.770327627658844
features.0,0,20,6,0.12353671342134476
features.0,0,20,7,0.5446889996528625
features.0,0,20,8,0.4549585282802582
features.0,0,20,9,0.5833811163902283
features.0,0,20,10,0.2541961967945099
features.0,0,20,11,0.6271846890449524
features.0,0,20,12,0.7410506010055542
features.0,0,20,13,0.42624619603157043
features.0,0,20,14,0.23143388330936432
features.0,0,20,15,0.024227237328886986
features.0,0,20,16,0.027315819635987282
features.0,0,20,17,0.9072192311286926
features.0,0,20,18,0.531036376953125
features.0,0,20,19,0.28108328580856323
features.0,0,20,21,0.28215524554252625
features.0,0,20,22,0.45066413283348083
features.0,0,20,23,0.0463644415140152
features.0,0,20,24,0.6718862056732178
features.0,0,20,25,0.886950671672821
features.0,0,20,26,0.9173383712768555
features.0,0,20,27,0.6570936441421509
features.0,0,20,28,0.49336814880371094
features.0,0,20,29,0.5603015422821045
features.0,0,20,30,0.1810685098171234
features.0,0,20,31,0.5526657104492188
features.0,0,20,32,0.9048014283180237
features.0,0,20,33,0.8840721845626831
features.0,0,20,34,0.8910494446754456
features.0,0,20,35,0.301430881023407
features.0,0,20,36,0.7940809726715088
features.0,0,20,37,0.4918747544288635
features.0,0,20,38,0.8624926209449768
features.0,0,20,39,0.7794438004493713
features.0,0,20,40,0.6670511960983276
features.0,0,20,41,0.0628439411520958
features.0,0,20,42,0.284772664308548
features.0,0,20,43,0.1699199676513672
features.0,0,20,44,0.7694358825683594
features.0,0,20,45,0.8772432208061218
features.0,0,20,46,0.47933343052864075
features.0,0,20,47,0.7335429787635803
features.0,0,20,48,0.3682045340538025
features.0,0,20,49,0.8493354916572571
features.0,0,20,50,0.9662092924118042
features.0,0,20,51,0.9253233671188354
features.0,0,20,52,0.28771477937698364
features.0,0,20,53,0.7415414452552795
features.0,0,20,54,0.8999626636505127
features.0,0,20,55,0.3669949173927307
features.0,0,20,56,0.8483628034591675
features.0,0,20,57,0.7713332772254944
features.0,0,20,58,0.679493248462677
features.0,0,20,59,0.8924240469932556
features.0,0,20,60,0.5724950432777405
features.0,0,20,61,0.43174055218696594
features.0,0,21,0,0.27554556727409363
features.0,0,21,1,0.4924042224884033
features.0,0,21,2,0.8182203769683838
features.0,0,21,3,0.15259236097335815
features.0,0,21,4,0.29639968276023865
features.0,0,21,5,0.3032083809375763
features.0,0,21,6,0.06987161189317703
features.0,0,21,7,0.6309324502944946
features.0,0,21,8,0.8820428848266602
features.0,0,21,9,0.8641545176506042
features.0,0,21,10,0.7189968228340149
features.0,0,21,11,0.5054301619529724
features.0,0,21,12,0.7146337032318115
features.0,0,21,13,0.5389670729637146
features.0,0,21,14,0.8048797845840454
features.0,0,21,15,0.6162024140357971
features.0,0,21,16,0.7514443397521973
features.0,0,21,17,0.005219838581979275
features.0,0,21,18,0.056625623255968094
features.0,0,21,19,0.33408188819885254
features.0,0,21,20,0.28215524554252625
features.0,0,21,22,0.07923518121242523
features.0,0,21,23,0.8760181069374084
features.0,0,21,24,0.2054365575313568
features.0,0,21,25,0.11480057239532471
features.0,0,21,26,0.5600179433822632
features.0,0,21,27,0.7891150116920471
features.0,0,21,28,0.08567336201667786
features.0,0,21,29,0.14580105245113373
features.0,0,21,30,0.6160132884979248
features.0,0,21,31,0.6070130467414856
features.0,0,21,32,0.1850793957710266
features.0,0,21,33,0.3920038938522339
features.0,0,21,34,0.05868245288729668
features.0,0,21,35,0.9728673100471497
features.0,0,21,36,0.21562811732292175
features.0,0,21,37,0.09428738802671432
features.0,0,21,38,0.3803439438343048
features.0,0,21,39,0.10306691378355026
features.0,0,21,40,0.6800408363342285
features.0,0,21,41,0.48901817202568054
features.0,0,21,42,0.9779134392738342
features.0,0,21,43,0.6794865131378174
features.0,0,21,44,0.15699689090251923
features.0,0,21,45,0.5879911184310913
features.0,0,21,46,0.5763605237007141
features.0,0,21,47,0.31601691246032715
features.0,0,21,48,0.3295077383518219
features.0,0,21,49,0.4687531888484955
features.0,0,21,50,0.40654081106185913
features.0,0,21,51,0.4992133378982544
features.0,0,21,52,0.7221747636795044
features.0,0,21,53,0.6560391783714294
features.0,0,21,54,0.13733838498592377
features.0,0,21,55,0.1043354943394661
features.0,0,21,56,0.6114770770072937
features.0,0,21,57,0.7371206283569336
features.0,0,21,58,0.06985819339752197
features.0,0,21,59,0.11075396090745926
features.0,0,21,60,0.14055386185646057
features.0,0,21,61,0.5848286747932434
features.0,0,22,0,0.8110706806182861
features.0,0,22,1,0.4181272089481354
features.0,0,22,2,0.22540947794914246
features.0,0,22,3,0.35303613543510437
features.0,0,22,4,0.6423376202583313
features.0,0,22,5,0.0761587917804718
features.0,0,22,6,0.12108609080314636
features.0,0,22,7,0.3990822732448578
features.0,0,22,8,0.2684623599052429
features.0,0,22,9,0.1835084706544876
features.0,0,22,10,0.5046647191047668
features.0,0,22,11,0.5078837871551514
features.0,0,22,12,0.21733449399471283
features.0,0,22,13,0.5092198252677917
features.0,0,22,14,0.36651796102523804
features.0,0,22,15,0.21644310653209686
features.0,0,22,16,0.32994693517684937
features.0,0,22,17,0.7213131189346313
features.0,0,22,18,0.7791242599487305
features.0,0,22,19,0.21621139347553253
features.0,0,22,20,0.45066413283348083
features.0,0,22,21,0.07923518121242523
features.0,0,22,23,0.012496884912252426
features.0,0,22,24,0.817840576171875
features.0,0,22,25,0.5961693525314331
features.0,0,22,26,0.264035701751709
features.0,0,22,27,0.1800108253955841
features.0,0,22,28,0.46898066997528076
features.0,0,22,29,0.27913495898246765
features.0,0,22,30,0.14571252465248108
features.0,0,22,31,0.3423658609390259
features.0,0,22,32,0.6571251153945923
features.0,0,22,33,0.6087310910224915
features.0,0,22,34,0.5223569869995117
features.0,0,22,35,0.12361756712198257
features.0,0,22,36,0.27219894528388977
features.0,0,22,37,0.0924954041838646
features.0,0,22,38,0.05296871438622475
features.0,0,22,39,0.24120981991291046
features.0,0,22,40,0.22566580772399902
features.0,0,22,41,0.664128839969635
features.0,0,22,42,0.10878811776638031
features.0,0,22,43,0.6954130530357361
features.0,0,22,44,0.6720796823501587
features.0,0,22,45,0.45153042674064636
features.0,0,22,46,0.44771668314933777
features.0,0,22,47,0.013771097175776958
features.0,0,22,48,0.8536838889122009
features.0,0,22,49,0.3800634741783142
features.0,0,22,50,0.3431074023246765
features.0,0,22,51,0.39776498079299927
features.0,0,22,52,0.17681369185447693
features.0,0,22,53,0.3081875145435333
features.0,0,22,54,0.4161631166934967
features.0,0,22,55,0.44717636704444885
features.0,0,22,56,0.13825374841690063
features.0,0,22,57,0.4551187753677368
features.0,0,22,58,0.9197130799293518
features.0,0,22,59,0.6778932809829712
features.0,0,22,60,0.18753761053085327
features.0,0,22,61,0.5450676083564758
features.0,0,23,0,0.2685818076133728
features.0,0,23,1,0.09896502643823624
features.0,0,23,2,0.8746930956840515
features.0,0,23,3,0.3153163492679596
features.0,0,23,4,0.30930477380752563
features.0,0,23,5,0.2740265429019928
features.0,0,23,6,0.4031970500946045
features.0,0,23,7,0.26963043212890625
features.0,0,23,8,0.713686466217041
features.0,0,23,9,0.6067657470703125
features.0,0,23,10,0.6286346316337585
features.0,0,23,11,0.5538966655731201
features.0,0,23,12,0.6215952634811401
features.0,0,23,13,0.24675624072551727
features.0,0,23,14,0.6588577628135681
features.0,0,23,15,0.3246981203556061
features.0,0,23,16,0.7109525203704834
features.0,0,23,17,0.10650128871202469
features.0,0,23,18,0.2719128727912903
features.0,0,23,19,0.1404760181903839
features.0,0,23,20,0.0463644415140152
features.0,0,23,21,0.8760181069374084
features.0,0,23,22,0.012496884912252426
features.0,0,23,24,0.3119465708732605
features.0,0,23,25,0.32695522904396057
features.0,0,23,26,0.30863693356513977
features.0,0,23,27,0.6706377863883972
features.0,0,23,28,0.1672709733247757
features.0,0,23,29,0.04559512063860893
features.0,0,23,30,0.5004900097846985
features.0,0,23,31,0.6200213432312012
features.0,0,23,32,0.1455085724592209
features.0,0,23,33,0.31504109501838684
features.0,0,23,34,0.26023420691490173
features.0,0,23,35,0.8991408944129944
features.0,0,23,36,0.4667550027370453
features.0,0,23,37,0.45398595929145813
features.0,0,23,38,0.09272720664739609
features.0,0,23,39,0.2505270838737488
features.0,0,23,40,0.43958643078804016
features.0,0,23,41,0.6431614756584167
features.0,0,23,42,0.8592985272407532
features.0,0,23,43,0.43535110354423523
features.0,0,23,44,0.09951047599315643
features.0,0,23,45,0.40442362427711487
features.0,0,23,46,0.30493152141571045
features.0,0,23,47,0.005366284865885973
features.0,0,23,48,0.34110283851623535
features.0,0,23,49,0.11505760252475739
features.0,0,23,50,0.11407697945833206
features.0,0,23,51,0.21555593609809875
features.0,0,23,52,0.9032595753669739
features.0,0,23,53,0.5754504203796387
features.0,0,23,54,0.38171863555908203
features.0,0,23,55,0.07859166711568832
features.0,0,23,56,0.2544785439968109
features.0,0,23,57,0.5169556736946106
features.0,0,23,58,0.007181425578892231
features.0,0,23,59,0.0029224439058452845
features.0,0,23,60,0.21583512425422668
features.0,0,23,61,0.6776173114776611
features.0,0,24,0,0.9733101725578308
features.0,0,24,1,0.22330129146575928
features.0,0,24,2,0.15521404147148132
features.0,0,24,3,0.4666122496128082
features.0,0,24,4,0.6673479080200195
features.0,0,24,5,0.5693448185920715
features.0,0,24,6,0.15661436319351196
features.0,0,24,7,0.0804435983300209
features.0,0,24,8,0.18729810416698456
features.0,0,24,9,0.19490933418273926
features.0,0,24,10,0.41977882385253906
features.0,0,24,11,0.8717943429946899
features.0,0,24,12,0.6620787382125854
features.0,0,24,13,0.10630889981985092
features.0,0,24,14,0.07651305943727493
features.0,0,24,15,0.37232524156570435
features.0,0,24,16,0.2598249614238739
features.0,0,24,17,0.8096574544906616
features.0,0,24,18,0.9680341482162476
features.0,0,24,19,0.34125903248786926
features.0,0,24,20,0.6718862056732178
features.0,0,24,21,0.2054365575313568
features.0,0,24,22,0.817840576171875
features.0,0,24,23,0.3119465708732605
features.0,0,24,25,0.624506950378418
features.0,0,24,26,0.5974058508872986
features.0,0,24,27,0.5437074303627014
features.0,0,24,28,0.7963381409645081
features.0,0,24,29,0.03276759386062622
features.0,0,24,30,0.08602206408977509
features.0,0,24,31,0.39853405952453613
features.0,0,24,32,0.9054423570632935
features.0,0,24,33,0.8877878189086914
features.0,0,24,34,0.6024035215377808
features.0,0,24,35,0.23373721539974213
features.0,0,24,36,0.34066450595855713
features.0,0,24,37,0.06159999966621399
features.0,0,24,38,0.306721568107605
features.0,0,24,39,0.49202287197113037
features.0,0,24,40,0.22918492555618286
features.0,0,24,41,0.599004328250885
features.0,0,24,42,0.22020801901817322
features.0,0,24,43,0.33984115719795227
features.0,0,24,44,0.843025803565979
features.0,0,24,45,0.6774615049362183
features.0,0,24,46,0.4081026315689087
features.0,0,24,47,0.22918184101581573
features.0,0,24,48,0.5699558854103088
features.0,0,24,49,0.41034603118896484
features.0,0,24,50,0.5808556079864502
features.0,0,24,51,0.5872026681900024
features.0,0,24,52,0.6130536198616028
features.0,0,24,53,0.6983770132064819
features.0,0,24,54,0.49252843856811523
features.0,0,24,55,0.602979838848114
features.0,0,24,56,0.36485475301742554
features.0,0,24,57,0.6011185050010681
features.0,0,24,58,0.9347813725471497
features.0,0,24,59,0.8372440338134766
features.0,0,24,60,0.023876085877418518
features.0,0,24,61,0.3773905634880066
features.0,0,25,0,0.7288382053375244
features.0,0,25,1,0.2684972584247589
features.0,0,25,2,0.33710548281669617
features.0,0,25,3,0.7909622192382812
features.0,0,25,4,0.45476391911506653
features.0,0,25,5,0.517768144607544
features.0,0,25,6,0.3577655851840973
features.0,0,25,7,0.2670554518699646
features.0,0,25,8,0.06730752438306808
features.0,0,25,9,0.17967946827411652
features.0,0,25,10,0.06475938856601715
features.0,0,25,11,0.4546399414539337
features.0,0,25,12,0.46092692017555237
features.0,0,25,13,0.1758761703968048
features.0,0,25,14,0.21946576237678528
features.0,0,25,15,0.23644906282424927
features.0,0,25,16,0.19935274124145508
features.0,0,25,17,0.9274316430091858
features.0,0,25,18,0.5190431475639343
features.0,0,25,19,0.24373401701450348
features.0,0,25,20,0.886950671672821
features.0,0,25,21,0.11480057239532471
features.0,0,25,22,0.5961693525314331
features.0,0,25,23,0.32695522904396057
features.0,0,25,24,0.624506950378418
features.0,0,25,26,0.7143445014953613
features.0,0,25,27,0.2569272518157959
features.0,0,25,28,0.4449716806411743
features.0,0,25,29,0.35558345913887024
features.0,0,25,30,0.3123949468135834
features.0,0,25,31,0.7662381529808044
features.0,0,25,32,0.838668942451477
features.0,0,25,33,0.7746057510375977
features.0,0,25,34,0.9836862087249756
features.0,0,25,35,0.14141829311847687
features.0,0,25,36,0.9231311678886414
features.0,0,25,37,0.6309393644332886
features.0,0,25,38,0.6613115668296814
features.0,0,25,39,0.8542746305465698
features.0,0,25,40,0.3607501685619354
features.0,0,25,41,0.05128878355026245
features.0,0,25,42,0.0814971774816513
features.0,0,25,43,0.17690764367580414
features.0,0,25,44,0.8263639807701111
features.0,0,25,45,0.6084477305412292
features.0,0,25,46,0.42424276471138
features.0,0,25,47,0.6787276268005371
features.0,0,25,48,0.6864582300186157
features.0,0,25,49,0.6945695877075195
features.0,0,25,50,0.8387526869773865
features.0,0,25,51,0.7938623428344727
features.0,0,25,52,0.038368068635463715
features.0,0,25,53,0.5264449715614319
features.0,0,25,54,0.9459225535392761
features.0,0,25,55,0.5078052282333374
features.0,0,25,56,0.645051896572113
features.0,0,25,57,0.5118577480316162
features.0,0,25,58,0.7659444212913513
features.0,0,25,59,0.9234183430671692
features.0,0,25,60,0.49891579151153564
features.0,0,25,61,0.7910632491111755
features.0,0,26,0,0.7239989638328552
features.0,0,26,1,0.6291738152503967
features.0,0,26,2,0.30600157380104065
features.0,0,26,3,0.5580785870552063
features.0,0,26,4,0.4242539703845978
features.0,0,26,5,0.7531054615974426
features.0,0,26,6,0.19244742393493652
features.0,0,26,7,0.7397015690803528
features.0,0,26,8,0.740019679069519
features.0,0,26,9,0.7827634811401367
features.0,0,26,10,0.34886884689331055
features.0,0,26,11,0.74317866563797
features.0,0,26,12,0.9137826561927795
features.0,0,26,13,0.6736660599708557
features.0,0,26,14,0.38226234912872314
features.0,0,26,15,0.09814830869436264
features.0,0,26,16,0.17745506763458252
features.0,0,26,17,0.7044661045074463
features.0,0,26,18,0.4281747043132782
features.0,0,26,19,0.3922123610973358
features.0,0,26,20,0.9173383712768555
features.0,0,26,21,0.5600179433822632
features.0,0,26,22,0.264035701751709
features.0,0,26,23,0.30863693356513977
features.0,0,26,24,0.5974058508872986
features.0,0,26,25,0.7143445014953613
features.0,0,26,27,0.7507360577583313
features.0,0,26,28,0.3660767674446106
features.0,0,26,29,0.45781856775283813
features.0,0,26,30,0.027126183733344078
features.0,0,26,31,0.2830750644207001
features.0,0,26,32,0.8051260113716125
features.0,0,26,33,0.8904348611831665
features.0,0,26,34,0.7519354820251465
features.0,0,26,35,0.546453595161438
features.0,0,26,36,0.645222008228302
features.0,0,26,37,0.5301937460899353
features.0,0,26,38,0.8925237655639648
features.0,0,26,39,0.7297403812408447
features.0,0,26,40,0.8687852025032043
features.0,0,26,41,0.1117437407374382
features.0,0,26,42,0.6044907569885254
features.0,0,26,43,0.43934452533721924
features.0,0,26,44,0.5688263177871704
features.0,0,26,45,0.8416242599487305
features.0,0,26,46,0.6341677308082581
features.0,0,26,47,0.8385640978813171
features.0,0,26,48,0.19024167954921722
features.0,0,26,49,0.7914148569107056
features.0,0,26,50,0.973447322845459
features.0,0,26,51,0.9549956321716309
features.0,0,26,52,0.48590949177742004
features.0,0,26,53,0.9020841121673584
features.0,0,26,54,0.6894287467002869
features.0,0,26,55,0.4226340651512146
features.0,0,26,56,0.9426445364952087
features.0,0,26,57,0.8174097537994385
features.0,0,26,58,0.4890764355659485
features.0,0,26,59,0.814470112323761
features.0,0,26,60,0.38779428601264954
features.0,0,26,61,0.23676325380802155
features.0,0,27,0,0.6085371971130371
features.0,0,27,1,0.30148038268089294
features.0,0,27,2,0.787726640701294
features.0,0,27,3,0.40908271074295044
features.0,0,27,4,0.6115075349807739
features.0,0,27,5,0.7081671357154846
features.0,0,27,6,0.2936369776725769
features.0,0,27,7,0.5666248202323914
features.0,0,27,8,0.7732858657836914
features.0,0,27,9,0.8736206293106079
features.0,0,27,10,0.5811654925346375
features.0,0,27,11,0.6894754767417908
features.0,0,27,12,0.8118184208869934
features.0,0,27,13,0.46572595834732056
features.0,0,27,14,0.764549732208252
features.0,0,27,15,0.3096563220024109
features.0,0,27,16,0.5331935286521912
features.0,0,27,17,0.4543468952178955
features.0,0,27,18,0.41098883748054504
features.0,0,27,19,0.1281517893075943
features.0,0,27,20,0.6570936441421509
features.0,0,27,21,0.7891150116920471
features.0,0,27,22,0.1800108253955841
features.0,0,27,23,0.6706377863883972
features.0,0,27,24,0.5437074303627014
features.0,0,27,25,0.2569272518157959
features.0,0,27,26,0.7507360577583313
features.0,0,27,28,0.3549732267856598
features.0,0,27,29,0.40930241346359253
features.0,0,27,30,0.23344595730304718
features.0,0,27,31,0.12275630980730057
features.0,0,27,32,0.5958005785942078
features.0,0,27,33,0.6631969809532166
features.0,0,27,34,0.2583259046077728
features.0,0,27,35,0.8564368486404419
features.0,0,27,36,0.08877710998058319
features.0,0,27,37,0.0947270393371582
features.0,0,27,38,0.6144669651985168
features.0,0,27,39,0.18427756428718567
features.0,0,27,40,0.7009140849113464
features.0,0,27,41,0.42623814940452576
features.0,0,27,42,0.7326154708862305
features.0,0,27,43,0.47777751088142395
features.0,0,27,44,0.31695547699928284
features.0,0,27,45,0.8953263163566589
features.0,0,27,46,0.4354719817638397
features.0,0,27,47,0.3256804049015045
features.0,0,27,48,0.20940282940864563
features.0,0,27,49,0.6613566875457764
features.0,0,27,50,0.6494342088699341
features.0,0,27,51,0.6480685472488403
features.0,0,27,52,0.7187885642051697
features.0,0,27,53,0.7110277414321899
features.0,0,27,54,0.32515332102775574
features.0,0,27,55,0.0610743947327137
features.0,0,27,56,0.6862852573394775
features.0,0,27,57,0.8488674759864807
features.0,0,27,58,0.32861483097076416
features.0,0,27,59,0.4358479976654053
features.0,0,27,60,0.35332539677619934
features.0,0,27,61,0.3327571749687195
features.0,0,28,0,0.6834848523139954
features.0,0,28,1,0.36291927099227905
features.0,0,28,2,0.17166469991207123
features.0,0,28,3,0.5351306200027466
features.0,0,28,4,0.503173291683197
features.0,0,28,5,0.7387593984603882
features.0,0,28,6,0.5551888346672058
features.0,0,28,7,0.17466986179351807
features.0,0,28,8,0.0708262100815773
features.0,0,28,9,0.02353590726852417
features.0,0,28,10,0.1130322590470314
features.0,0,28,11,0.6564269661903381
features.0,0,28,12,0.4822360873222351
features.0,0,28,13,0.10721468925476074
features.0,0,28,14,0.10824404656887054
features.0,0,28,15,0.7083618640899658
features.0,0,28,16,0.22227981686592102
features.0,0,28,17,0.657504141330719
features.0,0,28,18,0.8905472755432129
features.0,0,28,19,0.6849527955055237
features.0,0,28,20,0.49336814880371094
features.0,0,28,21,0.08567336201667786
features.0,0,28,22,0.46898066997528076
features.0,0,28,23,0.1672709733247757
features.0,0,28,24,0.7963381409645081
features.0,0,28,25,0.4449716806411743
features.0,0,28,26,0.3660767674446106
features.0,0,28,27,0.3549732267856598
features.0,0,28,29,0.21009591221809387
features.0,0,28,30,0.5731208920478821
features.0,0,28,31,0.612892210483551
features.0,0,28,32,0.7729613184928894
features.0,0,28,33,0.6504743099212646
features.0,0,28,34,0.4600362479686737
features.0,0,28,35,0.05426899716258049
features.0,0,28,36,0.3200961649417877
features.0,0,28,37,0.1723480373620987
features.0,0,28,38,0.30007678270339966
features.0,0,28,39,0.5229498744010925
features.0,0,28,40,0.17251646518707275
features.0,0,28,41,0.19669736921787262
features.0,0,28,42,0.05994163081049919
features.0,0,28,43,0.2995123863220215
features.0,0,28,44,0.862460196018219
features.0,0,28,45,0.4210158586502075
features.0,0,28,46,0.1839534491300583
features.0,0,28,47,0.0965157076716423
features.0,0,28,48,0.2556830048561096
features.0,0,28,49,0.05294574797153473
features.0,0,28,50,0.33809295296669006
features.0,0,28,51,0.2702341079711914
features.0,0,28,52,0.55034339427948
features.0,0,28,53,0.4853261113166809
features.0,0,28,54,0.4343262314796448
features.0,0,28,55,0.4521618187427521
features.0,0,28,56,0.07084456086158752
features.0,0,28,57,0.19397905468940735
features.0,0,28,58,0.7282232046127319
features.0,0,28,59,0.6130895018577576
features.0,0,28,60,0.18401268124580383
features.0,0,28,61,0.27902907133102417
features.0,0,29,0,0.029013385996222496
features.0,0,29,1,0.46923941373825073
features.0,0,29,2,0.3192979395389557
features.0,0,29,3,0.7047979235649109
features.0,0,29,4,0.40223413705825806
features.0,0,29,5,0.6745762228965759
features.0,0,29,6,0.2983017861843109
features.0,0,29,7,0.6124364733695984
features.0,0,29,8,0.38386648893356323
features.0,0,29,9,0.5232101082801819
features.0,0,29,10,0.19508516788482666
features.0,0,29,11,0.06136025860905647
features.0,0,29,12,0.30063870549201965
features.0,0,29,13,0.4674893617630005
features.0,0,29,14,0.5542594790458679
features.0,0,29,15,0.17057785391807556
features.0,0,29,16,0.3043168783187866
features.0,0,29,17,0.38524025678634644
features.0,0,29,18,0.07301854342222214
features.0,0,29,19,0.22471298277378082
features.0,0,29,20,0.5603015422821045
features.0,0,29,21,0.14580105245113373
features.0,0,29,22,0.27913495898246765
features.0,0,29,23,0.04559512063860893
features.0,0,29,24,0.03276759386062622
features.0,0,29,25,0.35558345913887024
features.0,0,29,26,0.45781856775283813
features.0,0,29,27,0.40930241346359253
features.0,0,29,28,0.21009591221809387
features.0,0,29,30,0.33964502811431885
features.0,0,29,31,0.37399840354919434
features.0,0,29,32,0.32814452052116394
features.0,0,29,33,0.2264595627784729
features.0,0,29,34,0.4213283956050873
features.0,0,29,35,0.26790449023246765
features.0,0,29,36,0.5288460850715637
features.0,0,29,37,0.26787644624710083
features.0,0,29,38,0.7710782885551453
features.0,0,29,39,0.4018644690513611
features.0,0,29,40,0.5794855356216431
features.0,0,29,41,0.45636698603630066
features.0,0,29,42,0.08185421675443649
features.0,0,29,43,0.5142434239387512
features.0,0,29,44,0.3083265423774719
features.0,0,29,45,0.5095395445823669
features.0,0,29,46,0.23104970157146454
features.0,0,29,47,0.478171169757843
features.0,0,29,48,0.300922691822052
features.0,0,29,49,0.531520664691925
features.0,0,29,50,0.5011334419250488
features.0,0,29,51,0.4422784149646759
features.0,0,29,52,0.02086697891354561
features.0,0,29,53,0.24234601855278015
features.0,0,29,54,0.5888718366622925
features.0,0,29,55,0.3987383544445038
features.0,0,29,56,0.5227649807929993
features.0,0,29,57,0.33316513895988464
features.0,0,29,58,0.011264132335782051
features.0,0,29,59,0.20350080728530884
features.0,0,29,60,0.6301441192626953
features.0,0,29,61,0.0904107466340065
features.0,0,30,0,0.01536256168037653
features.0,0,30,1,0.11911899596452713
features.0,0,30,2,0.32533136010169983
features.0,0,30,3,0.4721982181072235
features.0,0,30,4,0.19020375609397888
features.0,0,30,5,0.4850238561630249
features.0,0,30,6,0.26407590508461
features.0,0,30,7,0.08237995952367783
features.0,0,30,8,0.2135564237833023
features.0,0,30,9,0.26941609382629395
features.0,0,30,10,0.8562668561935425
features.0,0,30,11,0.016792889684438705
features.0,0,30,12,0.03475145623087883
features.0,0,30,13,0.09786424785852432
features.0,0,30,14,0.38037770986557007
features.0,0,30,15,0.8211803436279297
features.0,0,30,16,0.911369264125824
features.0,0,30,17,0.2647710144519806
features.0,0,30,18,0.22163702547550201
features.0,0,30,19,0.4155227839946747
features.0,0,30,20,0.1810685098171234
features.0,0,30,21,0.6160132884979248
features.0,0,30,22,0.14571252465248108
features.0,0,30,23,0.5004900097846985
features.0,0,30,24,0.08602206408977509
features.0,0,30,25,0.3123949468135834
features.0,0,30,26,0.027126183733344078
features.0,0,30,27,0.23344595730304718
features.0,0,30,28,0.5731208920478821
features.0,0,30,29,0.33964502811431885
features.0,0,30,31,0.8110753893852234
features.0,0,30,32,0.26964515447616577
features.0,0,30,33,0.08920122683048248
features.0,0,30,34,0.33056193590164185
features.0,0,30,35,0.4856683015823364
features.0,0,30,36,0.485251247882843
features.0,0,30,37,0.2693670690059662
features.0,0,30,38,0.27576836943626404
features.0,0,30,39,0.5913358330726624
features.0,0,30,40,0.04781603440642357
features.0,0,30,41,0.6568931937217712
features.0,0,30,42,0.5347480177879333
features.0,0,30,43,0.14734779298305511
features.0,0,30,44,0.49989697337150574
features.0,0,30,45,0.16520825028419495
features.0,0,30,46,0.5938302278518677
features.0,0,30,47,0.16051116585731506
features.0,0,30,48,0.010817891918122768
features.0,0,30,49,0.2819012701511383
features.0,0,30,50,0.07347422093153
features.0,0,30,51,0.09818647801876068
features.0,0,30,52,0.16068704426288605
features.0,0,30,53,0.04918641224503517
features.0,0,30,54,0.42049792408943176
features.0,0,30,55,0.33183708786964417
features.0,0,30,56,0.16118864715099335
features.0,0,30,57,0.44882652163505554
features.0,0,30,58,0.1587073653936386
features.0,0,30,59,0.2292923480272293
features.0,0,30,60,0.22356648743152618
features.0,0,30,61,0.449351042509079
features.0,0,31,0,0.3958044648170471
features.0,0,31,1,0.08282668143510818
features.0,0,31,2,0.5110098719596863
features.0,0,31,3,0.7712386846542358
features.0,0,31,4,0.1965400129556656
features.0,0,31,5,0.49181902408599854
features.0,0,31,6,0.015182574279606342
features.0,0,31,7,0.07785752415657043
features.0,0,31,8,0.2998550832271576
features.0,0,31,9,0.2420898973941803
features.0,0,31,10,0.5208712816238403
features.0,0,31,11,0.153516486287117
features.0,0,31,12,0.07597392052412033
features.0,0,31,13,0.04397443309426308
features.0,0,31,14,0.4788597524166107
features.0,0,31,15,0.6843301653862
features.0,0,31,16,0.7161043286323547
features.0,0,31,17,0.7109946608543396
features.0,0,31,18,0.44814029335975647
features.0,0,31,19,0.2005818784236908
features.0,0,31,20,0.5526657104492188
features.0,0,31,21,0.6070130467414856
features.0,0,31,22,0.3423658609390259
features.0,0,31,23,0.6200213432312012
features.0,0,31,24,0.39853405952453613
features.0,0,31,25,0.7662381529808044
features.0,0,31,26,0.2830750644207001
features.0,0,31,27,0.12275630980730057
features.0,0,31,28,0.612892210483551
features.0,0,31,29,0.37399840354919434
features.0,0,31,30,0.8110753893852234
features.0,0,31,32,0.6075190901756287
features.0,0,31,33,0.41407129168510437
features.0,0,31,34,0.7511959671974182
features.0,0,31,35,0.5370779037475586
features.0,0,31,36,0.8124023675918579
features.0,0,31,37,0.4452251195907593
features.0,0,31,38,0.4180545508861542
features.0,0,31,39,0.7838465571403503
features.0,0,31,40,0.04203495383262634
features.0,0,31,41,0.41819459199905396
features.0,0,31,42,0.5609153509140015
features.0,0,31,43,0.3776494562625885
features.0,0,31,44,0.8062909841537476
features.0,0,31,45,0.17626310884952545
features.0,0,31,46,0.21854449808597565
features.0,0,31,47,0.3517257273197174
features.0,0,31,48,0.48409226536750793
features.0,0,31,49,0.17512020468711853
features.0,0,31,50,0.41872352361679077
features.0,0,31,51,0.29310014843940735
features.0,0,31,52,0.2450236827135086
features.0,0,31,53,0.12110351771116257
features.0,0,31,54,0.8023715019226074
features.0,0,31,55,0.42958709597587585
features.0,0,31,56,0.13301967084407806
features.0,0,31,57,0.06801843643188477
features.0,0,31,58,0.5870005488395691
features.0,0,31,59,0.6283012628555298
features.0,0,31,60,0.18467071652412415
features.0,0,31,61,0.7950757145881653
features.0,0,32,0,0.9360362887382507
features.0,0,32,1,0.08977453410625458
features.0,0,32,2,0.11152777820825577
features.0,0,32,3,0.7302906513214111
features.0,0,32,4,0.663741946220398
features.0,0,32,5,0.7750348448753357
features.0,0,32,6,0.06527702510356903
features.0,0,32,7,0.2299453616142273
features.0,0,32,8,0.31803297996520996
features.0,0,32,9,0.37054452300071716
features.0,0,32,10,0.24915534257888794
features.0,0,32,11,0.8009877800941467
features.0,0,32,12,0.7493985295295715
features.0,0,32,13,0.17385181784629822
features.0,0,32,14,0.02891731448471546
features.0,0,32,15,0.3231590986251831
features.0,0,32,16,0.03364085406064987
features.0,0,32,17,0.9448642134666443
features.0,0,32,18,0.8370026350021362
features.0,0,32,19,0.1044246256351471
features.0,0,32,20,0.9048014283180237
features.0,0,32,21,0.1850793957710266
features.0,0,32,22,0.6571251153945923
features.0,0,32,23,0.1455085724592209
features.0,0,32,24,0.9054423570632935
features.0,0,32,25,0.838668942451477
features.0,0,32,26,0.8051260113716125
features.0,0,32,27,0.5958005785942078
features.0,0,32,28,0.7729613184928894
features.0,0,32,29,0.32814452052116394
features.0,0,32,30,0.26964515447616577
features.0,0,32,31,0.6075190901756287
features.0,0,32,33,0.9588062167167664
features.0,0,32,34,0.8407639265060425
features.0,0,32,35,0.22663554549217224
features.0,0,32,36,0.6656721234321594
features.0,0,32,37,0.25559139251708984
features.0,0,32,38,0.6540980935096741
features.0,0,32,39,0.7563796639442444
features.0,0,32,40,0.48529237508773804
features.0,0,32,41,0.2758771777153015
features.0,0,32,42,0.2072526067495346
features.0,0,32,43,0.11121147871017456
features.0,0,32,44,0.9301310777664185
features.0,0,32,45,0.7973630428314209
features.0,0,32,46,0.38586392998695374
features.0,0,32,47,0.5407590866088867
features.0,0,32,48,0.5080084800720215
features.0,0,32,49,0.6225565671920776
features.0,0,32,50,0.8261598348617554
features.0,0,32,51,0.7939132452011108
features.0,0,32,52,0.4785030782222748
features.0,0,32,53,0.7752850651741028
features.0,0,32,54,0.7814647555351257
features.0,0,32,55,0.5474265813827515
features.0,0,32,56,0.620064914226532
features.0,0,32,57,0.6696088314056396
features.0,0,32,58,0.8815132975578308
features.0,0,32,59,0.9508225917816162
features.0,0,32,60,0.27164721488952637
features.0,0,32,61,0.48384854197502136
features.0,0,33,0,0.9414659142494202
features.0,0,33,1,0.24565908312797546
features.0,0,33,2,0.1975378543138504
features.0,0,33,3,0.5558057427406311
features.0,0,33,4,0.5801666975021362
features.0,0,33,5,0.7209170460700989
features.0,0,33,6,0.06259359419345856
features.0,0,33,7,0.3616882860660553
features.0,0,33,8,0.4984813630580902
features.0,0,33,9,0.5068449378013611
features.0,0,33,10,0.3958415389060974
features.0,0,33,11,0.8931021094322205
features.0,0,33,12,0.8749045133590698
features.0,0,33,13,0.31595537066459656
features.0,0,33,14,0.11031947284936905
features.0,0,33,15,0.18681535124778748
features.0,0,33,16,0.19995655119419098
features.0,0,33,17,0.8508681058883667
features.0,0,33,18,0.7804592847824097
features.0,0,33,19,0.03243805468082428
features.0,0,33,20,0.8840721845626831
features.0,0,33,21,0.3920038938522339
features.0,0,33,22,0.6087310910224915
features.0,0,33,23,0.31504109501838684
features.0,0,33,24,0.8877878189086914
features.0,0,33,25,0.7746057510375977
features.0,0,33,26,0.8904348611831665
features.0,0,33,27,0.6631969809532166
features.0,0,33,28,0.6504743099212646
features.0,0,33,29,0.2264595627784729
features.0,0,33,30,0.08920122683048248
features.0,0,33,31,0.41407129168510437
features.0,0,33,32,0.9588062167167664
features.0,0,33,34,0.7937353253364563
features.0,0,33,35,0.38984444737434387
features.0,0,33,36,0.5936687588691711
features.0,0,33,37,0.31274282932281494
features.0,0,33,38,0.6719512343406677
features.0,0,33,39,0.7277606129646301
features.0,0,33,40,0.6106491088867188
features.0,0,33,41,0.3679400384426117
features.0,0,33,42,0.4386095702648163
features.0,0,33,43,0.03707132488489151
features.0,0,33,44,0.806745707988739
features.0,0,33,45,0.810564398765564
features.0,0,33,46,0.5839856266975403
features.0,0,33,47,0.6385612487792969
features.0,0,33,48,0.4748060703277588
features.0,0,33,49,0.6526320576667786
features.0,0,33,50,0.872886598110199
features.0,0,33,51,0.8715215921401978
features.0,0,33,52,0.5928442478179932
features.0,0,33,53,0.9059701561927795
features.0,0,33,54,0.668613076210022
features.0,0,33,55,0.5995317697525024
features.0,0,33,56,0.7295436859130859
features.0,0,33,57,0.7637080550193787
features.0,0,33,58,0.8024532794952393
features.0,0,33,59,0.9453122019767761
features.0,0,33,60,0.2037842869758606
features.0,0,33,61,0.3987886905670166
features.0,0,34,0,0.6994019746780396
features.0,0,34,1,0.35137367248535156
features.0,0,34,2,0.2872146964073181
features.0,0,34,3,0.7573140263557434
features.0,0,34,4,0.44100892543792725
features.0,0,34,5,0.5647387504577637
features.0,0,34,6,0.33103030920028687
features.0,0,34,7,0.34239035844802856
features.0,0,34,8,0.1545107513666153
features.0,0,34,9,0.22921353578567505
features.0,0,34,10,0.038784995675086975
features.0,0,34,11,0.46511703729629517
features.0,0,34,12,0.5247538089752197
features.0,0,34,13,0.2532181441783905
features.0,0,34,14,0.1744905561208725
features.0,0,34,15,0.230821430683136
features.0,0,34,16,0.2277849167585373
features.0,0,34,17,0.9036714434623718
features.0,0,34,18,0.5034934282302856
features.0,0,34,19,0.24618270993232727
features.0,0,34,20,0.8910494446754456
features.0,0,34,21,0.05868245288729668
features.0,0,34,22,0.5223569869995117
features.0,0,34,23,0.26023420691490173
features.0,0,34,24,0.6024035215377808
features.0,0,34,25,0.9836862087249756
features.0,0,34,26,0.7519354820251465
features.0,0,34,27,0.2583259046077728
features.0,0,34,28,0.4600362479686737
features.0,0,34,29,0.4213283956050873
features.0,0,34,30,0.33056193590164185
features.0,0,34,31,0.7511959671974182
features.0,0,34,32,0.8407639265060425
features.0,0,34,33,0.7937353253364563
features.0,0,34,35,0.08398757129907608
features.0,0,34,36,0.946237325668335
features.0,0,34,37,0.6640799641609192
features.0,0,34,38,0.7230086326599121
features.0,0,34,39,0.8987786173820496
features.0,0,34,40,0.4510861337184906
features.0,0,34,41,0.08996924757957458
features.0,0,34,42,0.011547799222171307
features.0,0,34,43,0.08499574661254883
features.0,0,34,44,0.8247700929641724
features.0,0,34,45,0.6019054651260376
features.0,0,34,46,0.4040171802043915
features.0,0,34,47,0.7632157802581787
features.0,0,34,48,0.6469228863716125
features.0,0,34,49,0.6847294569015503
features.0,0,34,50,0.8618218302726746
features.0,0,34,51,0.8295701742172241
features.0,0,34,52,0.026997635141015053
features.0,0,34,53,0.6012988686561584
features.0,0,34,54,0.9245724678039551
features.0,0,34,55,0.4754854142665863
features.0,0,34,56,0.6881687641143799
features.0,0,34,57,0.5169375538825989
features.0,0,34,58,0.7201926112174988
features.0,0,34,59,0.9232754111289978
features.0,0,34,60,0.4630017578601837
features.0,0,34,61,0.7514849305152893
features.0,0,35,0,0.27598056197166443
features.0,0,35,1,0.4107614755630493
features.0,0,35,2,0.9215863347053528
features.0,0,35,3,0.05025942251086235
features.0,0,35,4,0.36814484000205994
features.0,0,35,5,0.4414967894554138
features.0,0,35,6,0.279456228017807
features.0,0,35,7,0.6101823449134827
features.0,0,35,8,0.8882968425750732
features.0,0,35,9,0.8824100494384766
features.0,0,35,10,0.6310533881187439
features.0,0,35,11,0.5134487748146057
features.0,0,35,12,0.7243217825889587
features.0,0,35,13,0.5268272757530212
features.0,0,35,14,0.8794893622398376
features.0,0,35,15,0.5309575796127319
features.0,0,35,16,0.6732016801834106
features.0,0,35,17,0.024765266105532646
features.0,0,35,18,0.11684168875217438
features.0,0,35,19,0.1902564913034439
features.0,0,35,20,0.301430881023407
features.0,0,35,21,0.9728673100471497
features.0,0,35,22,0.12361756712198257
features.0,0,35,23,0.8991408944129944
features.0,0,35,24,0.23373721539974213
features.0,0,35,25,0.14141829311847687
features.0,0,35,26,0.546453595161438
features.0,0,35,27,0.8564368486404419
features.0,0,35,28,0.05426899716258049
features.0,0,35,29,0.26790449023246765
features.0,0,35,30,0.4856683015823364
features.0,0,35,31,0.5370779037475586
features.0,0,35,32,0.22663554549217224
features.0,0,35,33,0.38984444737434387
features.0,0,35,34,0.08398757129907608
features.0,0,35,36,0.23211702704429626
features.0,0,35,37,0.20159614086151123
features.0,0,35,38,0.41796672344207764
features.0,0,35,39,0.102512888610363
features.0,0,35,40,0.6928352117538452
features.0,0,35,41,0.4462359845638275
features.0,0,35,42,0.9338563084602356
features.0,0,35,43,0.691390335559845
features.0,0,35,44,0.08757298439741135
features.0,0,35,45,0.6282113790512085
features.0,0,35,46,0.40951380133628845
features.0,0,35,47,0.2503146529197693
features.0,0,35,48,0.4407077431678772
features.0,0,35,49,0.43244028091430664
features.0,0,35,50,0.3831762373447418
features.0,0,35,51,0.4498646855354309
features.0,0,35,52,0.7830582857131958
features.0,0,35,53,0.639224648475647
features.0,0,35,54,0.10925820469856262
features.0,0,35,55,0.16297230124473572
features.0,0,35,56,0.5617280602455139
features.0,0,35,57,0.7088923454284668
features.0,0,35,58,0.0584338940680027
features.0,0,35,59,0.08776036649942398
features.0,0,35,60,0.13522256910800934
features.0,0,35,61,0.6580780744552612
features.0,0,36,0,0.4511513113975525
features.0,0,36,1,0.4541504979133606
features.0,0,36,2,0.40694576501846313
features.0,0,36,3,0.7592004537582397
features.0,0,36,4,0.22745998203754425
features.0,0,36,5,0.5147864818572998
features.0,0,36,6,0.38231244683265686
features.0,0,36,7,0.40845128893852234
features.0,0,36,8,0.0890861377120018
features.0,0,36,9,0.167380228638649
features.0,0,36,10,0.22372007369995117
features.0,0,36,11,0.2314663529396057
features.0,0,36,12,0.3592628240585327
features.0,0,36,13,0.3489750623703003
features.0,0,36,14,0.20810461044311523
features.0,0,36,15,0.2452455461025238
features.0,0,36,16,0.46913444995880127
features.0,0,36,17,0.7649825215339661
features.0,0,36,18,0.25737640261650085
features.0,0,36,19,0.33815476298332214
features.0,0,36,20,0.7940809726715088
features.0,0,36,21,0.21562811732292175
features.0,0,36,22,0.27219894528388977
features.0,0,36,23,0.4667550027370453
features.0,0,36,24,0.34066450595855713
features.0,0,36,25,0.9231311678886414
features.0,0,36,26,0.645222008228302
features.0,0,36,27,0.08877710998058319
features.0,0,36,28,0.3200961649417877
features.0,0,36,29,0.5288460850715637
features.0,0,36,30,0.485251247882843
features.0,0,36,31,0.8124023675918579
features.0,0,36,32,0.6656721234321594
features.0,0,36,33,0.5936687588691711
features.0,0,36,34,0.946237325668335
features.0,0,36,35,0.23211702704429626
features.0,0,36,37,0.7988529801368713
features.0,0,36,38,0.7470024824142456
features.0,0,36,39,0.9143730998039246
features.0,0,36,40,0.44013798236846924
features.0,0,36,41,0.4030260741710663
features.0,0,36,42,0.15729665756225586
features.0,0,36,43,0.013379286974668503
features.0,0,36,44,0.6950418949127197
features.0,0,36,45,0.4245389997959137
features.0,0,36,46,0.2298356145620346
features.0,0,36,47,0.7898226976394653
features.0,0,36,48,0.5030064582824707
features.0,0,36,49,0.5856584906578064
features.0,0,36,50,0.7770021557807922
features.0,0,36,51,0.7075919508934021
features.0,0,36,52,0.2005673050880432
features.0,0,36,53,0.4218680262565613
features.0,0,36,54,0.9248102307319641
features.0,0,36,55,0.3810719847679138
features.0,0,36,56,0.6237941980361938
features.0,0,36,57,0.3100426495075226
features.0,0,36,58,0.49939775466918945
features.0,0,36,59,0.7722235321998596
features.0,0,36,60,0.4774911105632782
features.0,0,36,61,0.7629689574241638
features.0,0,37,0,0.10262865573167801
features.0,0,37,1,0.7501212358474731
features.0,0,37,2,0.4793647825717926
features.0,0,37,3,0.3084656298160553
features.0,0,37,4,0.29336100816726685
features.0,0,37,5,0.17789049446582794
features.0,0,37,6,0.7477877140045166
features.0,0,37,7,0.5894352793693542
features.0,0,37,8,0.21619229018688202
features.0,0,37,9,0.21611662209033966
features.0,0,37,10,0.25540876388549805
features.0,0,37,11,0.06271807104349136
features.0,0,37,12,0.255889892578125
features.0,0,37,13,0.6122308373451233
features.0,0,37,14,0.20707690715789795
features.0,0,37,15,0.019366543740034103
features.0,0,37,16,0.40530678629875183
features.0,0,37,17,0.31203219294548035
features.0,0,37,18,0.19154711067676544
features.0,0,37,19,0.6810051798820496
features.0,0,37,20,0.4918747544288635
features.0,0,37,21,0.09428738802671432
features.0,0,37,22,0.0924954041838646
features.0,0,37,23,0.45398595929145813
features.0,0,37,24,0.06159999966621399
features.0,0,37,25,0.6309393644332886
features.0,0,37,26,0.5301937460899353
features.0,0,37,27,0.0947270393371582
features.0,0,37,28,0.1723480373620987
features.0,0,37,29,0.26787644624710083
features.0,0,37,30,0.2693670690059662
features.0,0,37,31,0.4452251195907593
features.0,0,37,32,0.25559139251708984
features.0,0,37,33,0.31274282932281494
features.0,0,37,34,0.6640799641609192
features.0,0,37,35,0.20159614086151123
features.0,0,37,36,0.7988529801368713
features.0,0,37,38,0.6204314231872559
features.0,0,37,39,0.7475652694702148
features.0,0,37,40,0.4919103682041168
features.0,0,37,41,0.5556926131248474
features.0,0,37,42,0.023605434224009514
features.0,0,37,43,0.2926236093044281
features.0,0,37,44,0.19763803482055664
features.0,0,37,45,0.10489305853843689
features.0,0,37,46,0.4002249538898468
features.0,0,37,47,0.8495492935180664
features.0,0,37,48,0.29053398966789246
features.0,0,37,49,0.4041738510131836
features.0,0,37,50,0.6179429888725281
features.0,0,37,51,0.5605602860450745
features.0,0,37,52,0.34628114104270935
features.0,0,37,53,0.3091639578342438
features.0,0,37,54,0.5922502875328064
features.0,0,37,55,0.4056392312049866
features.0,0,37,56,0.6047883629798889
features.0,0,37,57,0.12926805019378662
features.0,0,37,58,0.04562324285507202
features.0,0,37,59,0.48098841309547424
features.0,0,37,60,0.27954810857772827
features.0,0,37,61,0.6239458918571472
features.0,0,38,0,0.4327675402164459
features.0,0,38,1,0.7317624688148499
features.0,0,38,2,0.26162445545196533
features.0,0,38,3,0.6832526922225952
features.0,0,38,4,0.3143797516822815
features.0,0,38,5,0.8162120580673218
features.0,0,38,6,0.08415205031633377
features.0,0,38,7,0.8413371443748474
features.0,0,38,8,0.6835748553276062
features.0,0,38,9,0.7526061534881592
features.0,0,38,10,0.009312132373452187
features.0,0,38,11,0.43930333852767944
features.0,0,38,12,0.7388970851898193
features.0,0,38,13,0.7729109525680542
features.0,0,38,14,0.4467802345752716
features.0,0,38,15,0.08372198045253754
features.0,0,38,16,0.1522562950849533
features.0,0,38,17,0.6072477102279663
features.0,0,38,18,0.17423765361309052
features.0,0,38,19,0.4286626875400543
features.0,0,38,20,0.8624926209449768
features.0,0,38,21,0.3803439438343048
features.0,0,38,22,0.05296871438622475
features.0,0,38,23,0.09272720664739609
features.0,0,38,24,0.306721568107605
features.0,0,38,25,0.6613115668296814
features.0,0,38,26,0.8925237655639648
features.0,0,38,27,0.6144669651985168
features.0,0,38,28,0.30007678270339966
features.0,0,38,29,0.7710782885551453
features.0,0,38,30,0.27576836943626404
features.0,0,38,31,0.4180545508861542
features.0,0,38,32,0.6540980935096741
features.0,0,38,33,0.6719512343406677
features.0,0,38,34,0.7230086326599121
features.0,0,38,35,0.41796672344207764
features.0,0,38,36,0.7470024824142456
features.0,0,38,37,0.6204314231872559
features.0,0,38,39,0.762695848941803
features.0,0,38,40,0.8955816626548767
features.0,0,38,41,0.2884811758995056
features.0,0,38,42,0.4115043878555298
features.0,0,38,43,0.5880929827690125
features.0,0,38,44,0.4946713149547577
features.0,0,38,45,0.7145586609840393
features.0,0,38,46,0.3034107983112335
features.0,0,38,47,0.8687937259674072
features.0,0,38,48,0.03770693391561508
features.0,0,38,49,0.7248513102531433
features.0,0,38,50,0.8972659111022949
features.0,0,38,51,0.8343044519424438
features.0,0,38,52,0.2594807744026184
features.0,0,38,53,0.7039020657539368
features.0,0,38,54,0.7547075748443604
features.0,0,38,55,0.1748010516166687
features.0,0,38,56,0.8846921324729919
features.0,0,38,57,0.6114619374275208
features.0,0,38,58,0.24997647106647491
features.0,0,38,59,0.6378685832023621
features.0,0,38,60,0.49635905027389526
features.0,0,38,61,0.18718045949935913
features.0,0,39,0,0.5608969330787659
features.0,0,39,1,0.42768293619155884
features.0,0,39,2,0.27015984058380127
features.0,0,39,3,0.6360139846801758
features.0,0,39,4,0.121300108730793
features.0,0,39,5,0.6653571128845215
features.0,0,39,6,0.26700520515441895
features.0,0,39,7,0.41871383786201477
features.0,0,39,8,0.2635384202003479
features.0,0,39,9,0.2346266359090805
features.0,0,39,10,0.26362287998199463
features.0,0,39,11,0.5039899945259094
features.0,0,39,12,0.5714676976203918
features.0,0,39,13,0.46861398220062256
features.0,0,39,14,0.2169005274772644
features.0,0,39,15,0.4587940275669098
features.0,0,39,16,0.4727003872394562
features.0,0,39,17,0.7272761464118958
features.0,0,39,18,0.43735066056251526
features.0,0,39,19,0.1449791043996811
features.0,0,39,20,0.7794438004493713
features.0,0,39,21,0.10306691378355026
features.0,0,39,22,0.24120981991291046
features.0,0,39,23,0.2505270838737488
features.0,0,39,24,0.49202287197113037
features.0,0,39,25,0.8542746305465698
features.0,0,39,26,0.7297403812408447
features.0,0,39,27,0.18427756428718567
features.0,0,39,28,0.5229498744010925
features.0,0,39,29,0.4018644690513611
features.0,0,39,30,0.5913358330726624
features.0,0,39,31,0.7838465571403503
features.0,0,39,32,0.7563796639442444
features.0,0,39,33,0.7277606129646301
features.0,0,39,34,0.8987786173820496
features.0,0,39,35,0.102512888610363
features.0,0,39,36,0.9143730998039246
features.0,0,39,37,0.7475652694702148
features.0,0,39,38,0.762695848941803
features.0,0,39,40,0.5682706236839294
features.0,0,39,41,0.32972434163093567
features.0,0,39,42,0.011639652773737907
features.0,0,39,43,0.07425949722528458
features.0,0,39,44,0.7575070261955261
features.0,0,39,45,0.4072340726852417
features.0,0,39,46,0.2403576523065567
features.0,0,39,47,0.8214327692985535
features.0,0,39,48,0.4245559871196747
features.0,0,39,49,0.4209662675857544
features.0,0,39,50,0.7859880328178406
features.0,0,39,51,0.6990669965744019
features.0,0,39,52,0.09303520619869232
features.0,0,39,53,0.6220778226852417
features.0,0,39,54,0.8134825229644775
features.0,0,39,55,0.6282986402511597
features.0,0,39,56,0.6035722494125366
features.0,0,39,57,0.28194817900657654
features.0,0,39,58,0.5354430675506592
features.0,0,39,59,0.8398109674453735
features.0,0,39,60,0.14798182249069214
features.0,0,39,61,0.709869384765625
features.0,0,40,0,0.33976438641548157
features.0,0,40,1,0.8125479817390442
features.0,0,40,2,0.5108704566955566
features.0,0,40,3,0.320122629404068
features.0,0,40,4,0.14940153062343597
features.0,0,40,5,0.7293323278427124
features.0,0,40,6,0.056474752724170685
features.0,0,40,7,0.9261566400527954
features.0,0,40,8,0.9278678297996521
features.0,0,40,9,0.9009858965873718
features.0,0,40,10,0.16018728911876678
features.0,0,40,11,0.5408270359039307
features.0,0,40,12,0.8584081530570984
features.0,0,40,13,0.9113702178001404
features.0,0,40,14,0.6140070557594299
features.0,0,40,15,0.21889878809452057
features.0,0,40,16,0.0848442018032074
features.0,0,40,17,0.3220137357711792
features.0,0,40,18,0.08896847814321518
features.0,0,40,19,0.4350810647010803
features.0,0,40,20,0.6670511960983276
features.0,0,40,21,0.6800408363342285
features.0,0,40,22,0.22566580772399902
features.0,0,40,23,0.43958643078804016
features.0,0,40,24,0.22918492555618286
features.0,0,40,25,0.3607501685619354
features.0,0,40,26,0.8687852025032043
features.0,0,40,27,0.7009140849113464
features.0,0,40,28,0.17251646518707275
features.0,0,40,29,0.5794855356216431
features.0,0,40,30,0.04781603440642357
features.0,0,40,31,0.04203495383262634
features.0,0,40,32,0.48529237508773804
features.0,0,40,33,0.6106491088867188
features.0,0,40,34,0.4510861337184906
features.0,0,40,35,0.6928352117538452
features.0,0,40,36,0.44013798236846924
features.0,0,40,37,0.4919103682041168
features.0,0,40,38,0.8955816626548767
features.0,0,40,39,0.5682706236839294
features.0,0,40,41,0.13096660375595093
features.0,0,40,42,0.7381989359855652
features.0,0,40,43,0.8033168315887451
features.0,0,40,44,0.23106050491333008
features.0,0,40,45,0.6326454281806946
features.0,0,40,46,0.4121566712856293
features.0,0,40,47,0.8240803480148315
features.0,0,40,48,0.2553745210170746
features.0,0,40,49,0.5779680013656616
features.0,0,40,50,0.780232310295105
features.0,0,40,51,0.755631148815155
features.0,0,40,52,0.5134634971618652
features.0,0,40,53,0.807005763053894
features.0,0,40,54,0.40950167179107666
features.0,0,40,55,0.17293311655521393
features.0,0,40,56,0.8640522956848145
features.0,0,40,57,0.6231575012207031
features.0,0,40,58,0.03575020283460617
features.0,0,40,59,0.46358487010002136
features.0,0,40,60,0.23689080774784088
features.0,0,40,61,0.11483558267354965
features.0,0,41,0,0.5562358498573303
features.0,0,41,1,0.38304734230041504
features.0,0,41,2,0.38588693737983704
features.0,0,41,3,0.20162619650363922
features.0,0,41,4,0.5560013055801392
features.0,0,41,5,0.08738043159246445
features.0,0,41,6,0.1442331224679947
features.0,0,41,7,0.29087963700294495
features.0,0,41,8,0.11165668070316315
features.0,0,41,9,0.11708357185125351
features.0,0,41,10,0.8607639074325562
features.0,0,41,11,0.5225573778152466
features.0,0,41,12,0.3070688545703888
features.0,0,41,13,0.39501941204071045
features.0,0,41,14,0.14335456490516663
features.0,0,41,15,0.21154232323169708
features.0,0,41,16,0.8562487959861755
features.0,0,41,17,0.18862073123455048
features.0,0,41,18,0.5534071922302246
features.0,0,41,19,0.2385181188583374
features.0,0,41,20,0.0628439411520958
features.0,0,41,21,0.48901817202568054
features.0,0,41,22,0.664128839969635
features.0,0,41,23,0.6431614756584167
features.0,0,41,24,0.599004328250885
features.0,0,41,25,0.05128878355026245
features.0,0,41,26,0.1117437407374382
features.0,0,41,27,0.42623814940452576
features.0,0,41,28,0.19669736921787262
features.0,0,41,29,0.45636698603630066
features.0,0,41,30,0.6568931937217712
features.0,0,41,31,0.41819459199905396
features.0,0,41,32,0.2758771777153015
features.0,0,41,33,0.3679400384426117
features.0,0,41,34,0.08996924757957458
features.0,0,41,35,0.4462359845638275
features.0,0,41,36,0.4030260741710663
features.0,0,41,37,0.5556926131248474
features.0,0,41,38,0.2884811758995056
features.0,0,41,39,0.32972434163093567
features.0,0,41,40,0.13096660375595093
features.0,0,41,42,0.42670467495918274
features.0,0,41,43,0.30190229415893555
features.0,0,41,44,0.1309821903705597
features.0,0,41,45,0.39371541142463684
features.0,0,41,46,0.49578550457954407
features.0,0,41,47,0.2885759472846985
features.0,0,41,48,0.3222401738166809
features.0,0,41,49,0.19438712298870087
features.0,0,41,50,0.038703955709934235
features.0,0,41,51,0.17352290451526642
features.0,0,41,52,0.591975212097168
features.0,0,41,53,0.33571773767471313
features.0,0,41,54,0.22521285712718964
features.0,0,41,55,0.11338315159082413
features.0,0,41,56,0.040514931082725525
features.0,0,41,57,0.5325202941894531
features.0,0,41,58,0.4776208996772766
features.0,0,41,59,0.20461559295654297
features.0,0,41,60,0.059146441519260406
features.0,0,41,61,0.20820672810077667
features.0,0,42,0,0.28993332386016846
features.0,0,42,1,0.556739330291748
features.0,0,42,2,0.7454127669334412
features.0,0,42,3,0.2085178941488266
features.0,0,42,4,0.1661389172077179
features.0,0,42,5,0.3198412358760834
features.0,0,42,6,0.015884796157479286
features.0,0,42,7,0.663738489151001
features.0,0,42,8,0.9207671284675598
features.0,0,42,9,0.8478727340698242
features.0,0,42,10,0.6374181509017944
features.0,0,42,11,0.5749463438987732
features.0,0,42,12,0.7730412483215332
features.0,0,42,13,0.6260858774185181
features.0,0,42,14,0.7076919674873352
features.0,0,42,15,0.5080822706222534
features.0,0,42,16,0.6681962013244629
features.0,0,42,17,0.017963821068406105
features.0,0,42,18,0.07506062835454941
features.0,0,42,19,0.3383156359195709
features.0,0,42,20,0.284772664308548
features.0,0,42,21,0.9779134392738342
features.0,0,42,22,0.10878811776638031
features.0,0,42,23,0.8592985272407532
features.0,0,42,24,0.22020801901817322
features.0,0,42,25,0.0814971774816513
features.0,0,42,26,0.6044907569885254
features.0,0,42,27,0.7326154708862305
features.0,0,42,28,0.05994163081049919
features.0,0,42,29,0.08185421675443649
features.0,0,42,30,0.5347480177879333
features.0,0,42,31,0.5609153509140015
features.0,0,42,32,0.2072526067495346
features.0,0,42,33,0.4386095702648163
features.0,0,42,34,0.011547799222171307
features.0,0,42,35,0.9338563084602356
features.0,0,42,36,0.15729665756225586
features.0,0,42,37,0.023605434224009514
features.0,0,42,38,0.4115043878555298
features.0,0,42,39,0.011639652773737907
features.0,0,42,40,0.7381989359855652
features.0,0,42,41,0.42670467495918274
features.0,0,42,43,0.6999617218971252
features.0,0,42,44,0.13419407606124878
features.0,0,42,45,0.5215742588043213
features.0,0,42,46,0.6134674549102783
features.0,0,42,47,0.4162142276763916
features.0,0,42,48,0.2944374084472656
features.0,0,42,49,0.40270233154296875
features.0,0,42,50,0.43912604451179504
features.0,0,42,51,0.5216193795204163
features.0,0,42,52,0.7442032098770142
features.0,0,42,53,0.7279444336891174
features.0,0,42,54,0.1389940083026886
features.0,0,42,55,0.049428801983594894
features.0,0,42,56,0.6295878291130066
features.0,0,42,57,0.6804803013801575
features.0,0,42,58,0.07168008387088776
features.0,0,42,59,0.1696087270975113
features.0,0,42,60,0.009631928987801075
features.0,0,42,61,0.4960351288318634
features.0,0,43,0,0.23788142204284668
features.0,0,43,1,0.8186773657798767
features.0,0,43,2,0.598290741443634
features.0,0,43,3,0.05976147577166557
features.0,0,43,4,0.17609934508800507
features.0,0,43,5,0.35309332609176636
features.0,0,43,6,0.001338099013082683
features.0,0,43,7,0.8958032727241516
features.0,0,43,8,0.8466227650642395
features.0,0,43,9,0.8193514347076416
features.0,0,43,10,0.053440798074007034
features.0,0,43,11,0.05814950168132782
features.0,0,43,12,0.46370843052864075
features.0,0,43,13,0.887870192527771
features.0,0,43,14,0.7789072394371033
features.0,0,43,15,0.5178738236427307
features.0,0,43,16,0.11750517785549164
features.0,0,43,17,0.24783338606357574
features.0,0,43,18,0.45258861780166626
features.0,0,43,19,0.5358686447143555
features.0,0,43,20,0.1699199676513672
features.0,0,43,21,0.6794865131378174
features.0,0,43,22,0.6954130530357361
features.0,0,43,23,0.43535110354423523
features.0,0,43,24,0.33984115719795227
features.0,0,43,25,0.17690764367580414
features.0,0,43,26,0.43934452533721924
features.0,0,43,27,0.47777751088142395
features.0,0,43,28,0.2995123863220215
features.0,0,43,29,0.5142434239387512
features.0,0,43,30,0.14734779298305511
features.0,0,43,31,0.3776494562625885
features.0,0,43,32,0.11121147871017456
features.0,0,43,33,0.03707132488489151
features.0,0,43,34,0.08499574661254883
features.0,0,43,35,0.691390335559845
features.0,0,43,36,0.013379286974668503
features.0,0,43,37,0.2926236093044281
features.0,0,43,38,0.5880929827690125
features.0,0,43,39,0.07425949722528458
features.0,0,43,40,0.8033168315887451
features.0,0,43,41,0.30190229415893555
features.0,0,43,42,0.6999617218971252
features.0,0,43,44,0.3574904799461365
features.0,0,43,45,0.2552967369556427
features.0,0,43,46,0.1604611724615097
features.0,0,43,47,0.5070842504501343
features.0,0,43,48,0.6958737969398499
features.0,0,43,49,0.2843656539916992
features.0,0,43,50,0.32471340894699097
features.0,0,43,51,0.31517380475997925
features.0,0,43,52,0.2826859652996063
features.0,0,43,53,0.36758822202682495
features.0,0,43,54,0.0450485423207283
features.0,0,43,55,0.268841028213501
features.0,0,43,56,0.5626102685928345
features.0,0,43,57,0.30560365319252014
features.0,0,43,58,0.5464814305305481
features.0,0,43,59,0.14420586824417114
features.0,0,43,60,0.1687195748090744
features.0,0,43,61,0.5388118624687195
features.0,0,44,0,0.8221356272697449
features.0,0,44,1,0.13830599188804626
features.0,0,44,2,0.11372418701648712
features.0,0,44,3,0.7649939060211182
features.0,0,44,4,0.6086743474006653
features.0,0,44,5,0.692293643951416
features.0,0,44,6,0.15614260733127594
features.0,0,44,7,0.032432008534669876
features.0,0,44,8,0.007850619964301586
features.0,0,44,9,0.04861585423350334
features.0,0,44,10,0.011769350618124008
features.0,0,44,11,0.6160699725151062
features.0,0,44,12,0.497648686170578
features.0,0,44,13,0.062026429921388626
features.0,0,44,14,0.22527626156806946
features.0,0,44,15,0.5625333189964294
features.0,0,44,16,0.2327394336462021
features.0,0,44,17,0.9290313124656677
features.0,0,44,18,0.8516011238098145
features.0,0,44,19,0.31962284445762634
features.0,0,44,20,0.7694358825683594
features.0,0,44,21,0.15699689090251923
features.0,0,44,22,0.6720796823501587
features.0,0,44,23,0.09951047599315643
features.0,0,44,24,0.843025803565979
features.0,0,44,25,0.8263639807701111
features.0,0,44,26,0.5688263177871704
features.0,0,44,27,0.31695547699928284
features.0,0,44,28,0.862460196018219
features.0,0,44,29,0.3083265423774719
features.0,0,44,30,0.49989697337150574
features.0,0,44,31,0.8062909841537476
features.0,0,44,32,0.9301310777664185
features.0,0,44,33,0.806745707988739
features.0,0,44,34,0.8247700929641724
features.0,0,44,35,0.08757298439741135
features.0,0,44,36,0.6950418949127197
features.0,0,44,37,0.19763803482055664
features.0,0,44,38,0.4946713149547577
features.0,0,44,39,0.7575070261955261
features.0,0,44,40,0.23106050491333008
features.0,0,44,41,0.1309821903705597
features.0,0,44,42,0.13419407606124878
features.0,0,44,43,0.3574904799461365
features.0,0,44,45,0.5799827575683594
features.0,0,44,46,0.10072420537471771
features.0,0,44,47,0.38521552085876465
features.0,0,44,48,0.5924054384231567
features.0,0,44,49,0.4107528626918793
features.0,0,44,50,0.6334913969039917
features.0,0,44,51,0.5802375078201294
features.0,0,44,52,0.2888893485069275
features.0,0,44,53,0.5487301349639893
features.0,0,44,54,0.7814379334449768
features.0,0,44,55,0.5173295736312866
features.0,0,44,56,0.35573893785476685
features.0,0,44,57,0.39217641949653625
features.0,0,44,58,0.9020299315452576
features.0,0,44,59,0.8769892454147339
features.0,0,44,60,0.18362069129943848
features.0,0,44,61,0.624882698059082
features.0,0,45,0,0.7712737917900085
features.0,0,45,1,0.3033798635005951
features.0,0,45,2,0.5021306872367859
features.0,0,45,3,0.670371413230896
features.0,0,45,4,0.8026394248008728
features.0,0,45,5,0.7116602659225464
features.0,0,45,6,0.11321941018104553
features.0,0,45,7,0.511820375919342
features.0,0,45,8,0.5807902812957764
features.0,0,45,9,0.7428733706474304
features.0,0,45,10,0.5861324667930603
features.0,0,45,11,0.6534112095832825
features.0,0,45,12,0.7705583572387695
features.0,0,45,13,0.3290369510650635
features.0,0,45,14,0.5572944283485413
features.0,0,45,15,0.26061421632766724
features.0,0,45,16,0.4254814088344574
features.0,0,45,17,0.7631084322929382
features.0,0,45,18,0.525251030921936
features.0,0,45,19,0.21573519706726074
features.0,0,45,20,0.8772432208061218
features.0,0,45,21,0.5879911184310913
features.0,0,45,22,0.45153042674064636
features.0,0,45,23,0.40442362427711487
features.0,0,45,24,0.6774615049362183
features.0,0,45,25,0.6084477305412292
features.0,0,45,26,0.8416242599487305
features.0,0,45,27,0.8953263163566589
features.0,0,45,28,0.4210158586502075
features.0,0,45,29,0.5095395445823669
features.0,0,45,30,0.16520825028419495
features.0,0,45,31,0.17626310884952545
features.0,0,45,32,0.7973630428314209
features.0,0,45,33,0.810564398765564
features.0,0,45,34,0.6019054651260376
features.0,0,45,35,0.6282113790512085
features.0,0,45,36,0.4245389997959137
features.0,0,45,37,0.10489305853843689
features.0,0,45,38,0.7145586609840393
features.0,0,45,39,0.4072340726852417
features.0,0,45,40,0.6326454281806946
features.0,0,45,41,0.39371541142463684
features.0,0,45,42,0.5215742588043213
features.0,0,45,43,0.2552967369556427
features.0,0,45,44,0.5799827575683594
features.0,0,45,46,0.5163334012031555
features.0,0,45,47,0.4779247045516968
features.0,0,45,48,0.16177652776241302
features.0,0,45,49,0.8791402578353882
features.0,0,45,50,0.8329585194587708
features.0,0,45,51,0.8436416387557983
features.0,0,45,52,0.5188770294189453
features.0,0,45,53,0.7299773693084717
features.0,0,45,54,0.6446517109870911
features.0,0,45,55,0.10886495560407639
features.0,0,45,56,0.800131618976593
features.0,0,45,57,0.9404388070106506
features.0,0,45,58,0.5963507890701294
features.0,0,45,59,0.692130982875824
features.0,0,45,60,0.6086418032646179
features.0,0,45,61,0.0224324818700552
features.0,0,46,0,0.5621150135993958
features.0,0,46,1,0.4667365550994873
features.0,0,46,2,0.04997128248214722
features.0,0,46,3,0.01610982045531273
features.0,0,46,4,0.19569851458072662
features.0,0,46,5,0.0039053866639733315
features.0,0,46,6,0.6526840925216675
features.0,0,46,7,0.41376927495002747
features.0,0,46,8,0.4516757130622864
features.0,0,46,9,0.4829343259334564
features.0,0,46,10,0.7403963804244995
features.0,0,46,11,0.5454385280609131
features.0,0,46,12,0.5632240176200867
features.0,0,46,13,0.3206731677055359
features.0,0,46,14,0.12300024181604385
features.0,0,46,15,0.4254821240901947
features.0,0,46,16,0.6361707448959351
features.0,0,46,17,0.34128910303115845
features.0,0,46,18,0.19084374606609344
features.0,0,46,19,0.6027657389640808
features.0,0,46,20,0.47933343052864075
features.0,0,46,21,0.5763605237007141
features.0,0,46,22,0.44771668314933777
features.0,0,46,23,0.30493152141571045
features.0,0,46,24,0.4081026315689087
features.0,0,46,25,0.42424276471138
features.0,0,46,26,0.6341677308082581
features.0,0,46,27,0.4354719817638397
features.0,0,46,28,0.1839534491300583
features.0,0,46,29,0.23104970157146454
features.0,0,46,30,0.5938302278518677
features.0,0,46,31,0.21854449808597565
features.0,0,46,32,0.38586392998695374
features.0,0,46,33,0.5839856266975403
features.0,0,46,34,0.4040171802043915
features.0,0,46,35,0.40951380133628845
features.0,0,46,36,0.2298356145620346
features.0,0,46,37,0.4002249538898468
features.0,0,46,38,0.3034107983112335
features.0,0,46,39,0.2403576523065567
features.0,0,46,40,0.4121566712856293
features.0,0,46,41,0.49578550457954407
features.0,0,46,42,0.6134674549102783
features.0,0,46,43,0.1604611724615097
features.0,0,46,44,0.10072420537471771
features.0,0,46,45,0.5163334012031555
features.0,0,46,47,0.5126409530639648
features.0,0,46,48,0.4355303943157196
features.0,0,46,49,0.637640655040741
features.0,0,46,50,0.6198305487632751
features.0,0,46,51,0.7060624361038208
features.0,0,46,52,0.25865623354911804
features.0,0,46,53,0.6078606843948364
features.0,0,46,54,0.2344612181186676
features.0,0,46,55,0.42048928141593933
features.0,0,46,56,0.6898484826087952
features.0,0,46,57,0.7269901037216187
features.0,0,46,58,0.34865182638168335
features.0,0,46,59,0.538992702960968
features.0,0,46,60,0.2662471830844879
features.0,0,46,61,0.21394234895706177
features.0,0,47,0,0.37310200929641724
features.0,0,47,1,0.8427646160125732
features.0,0,47,2,0.03411325439810753
features.0,0,47,3,0.4009031355381012
features.0,0,47,4,0.05627388507127762
features.0,0,47,5,0.5273769497871399
features.0,0,47,6,0.46783360838890076
features.0,0,47,7,0.7974438071250916
features.0,0,47,8,0.606688916683197
features.0,0,47,9,0.580483615398407
features.0,0,47,10,0.02055566944181919
features.0,0,47,11,0.405362069606781
features.0,0,47,12,0.6793803572654724
features.0,0,47,13,0.7658950686454773
features.0,0,47,14,0.15297158062458038
features.0,0,47,15,0.07473325729370117
features.0,0,47,16,0.1539803445339203
features.0,0,47,17,0.49209731817245483
features.0,0,47,18,0.08052685111761093
features.0,0,47,19,0.582564115524292
features.0,0,47,20,0.7335429787635803
features.0,0,47,21,0.31601691246032715
features.0,0,47,22,0.013771097175776958
features.0,0,47,23,0.005366284865885973
features.0,0,47,24,0.22918184101581573
features.0,0,47,25,0.6787276268005371
features.0,0,47,26,0.8385640978813171
features.0,0,47,27,0.3256804049015045
features.0,0,47,28,0.0965157076716423
features.0,0,47,29,0.478171169757843
features.0,0,47,30,0.16051116585731506
features.0,0,47,31,0.3517257273197174
features.0,0,47,32,0.5407590866088867
features.0,0,47,33,0.6385612487792969
features.0,0,47,34,0.7632157802581787
features.0,0,47,35,0.2503146529197693
features.0,0,47,36,0.7898226976394653
features.0,0,47,37,0.8495492935180664
features.0,0,47,38,0.8687937259674072
features.0,0,47,39,0.8214327692985535
features.0,0,47,40,0.8240803480148315
features.0,0,47,41,0.2885759472846985
features.0,0,47,42,0.4162142276763916
features.0,0,47,43,0.5070842504501343
features.0,0,47,44,0.38521552085876465
features.0,0,47,45,0.4779247045516968
features.0,0,47,46,0.5126409530639648
features.0,0,47,48,0.2070489227771759
features.0,0,47,49,0.620401918888092
features.0,0,47,50,0.8563371300697327
features.0,0,47,51,0.8410048484802246
features.0,0,47,52,0.1406990885734558
features.0,0,47,53,0.721673846244812
features.0,0,47,54,0.637558102607727
features.0,0,47,55,0.35694992542266846
features.0,0,47,56,0.8682007193565369
features.0,0,47,57,0.50177401304245
features.0,0,47,58,0.20546647906303406
features.0,0,47,59,0.6647031903266907
features.0,0,47,60,0.3218684792518616
features.0,0,47,61,0.39491602778434753
features.0,0,48,0,0.5937523245811462
features.0,0,48,1,0.20626281201839447
features.0,0,48,2,0.6243777871131897
features.0,0,48,3,0.2602576017379761
features.0,0,48,4,0.3226439356803894
features.0,0,48,5,0.11820570379495621
features.0,0,48,6,0.47571301460266113
features.0,0,48,7,0.34738725423812866
features.0,0,48,8,0.4077451229095459
features.0,0,48,9,0.38208380341529846
features.0,0,48,10,0.23072214424610138
features.0,0,48,11,0.2724536657333374
features.0,0,48,12,0.048193152993917465
features.0,0,48,13,0.42463842034339905
features.0,0,48,14,0.6613848209381104
features.0,0,48,15,0.2820647656917572
features.0,0,48,16,0.02309577725827694
features.0,0,48,17,0.6279592514038086
features.0,0,48,18,0.5336450934410095
features.0,0,48,19,0.005113247781991959
features.0,0,48,20,0.3682045340538025
features.0,0,48,21,0.3295077383518219
features.0,0,48,22,0.8536838889122009
features.0,0,48,23,0.34110283851623535
features.0,0,48,24,0.5699558854103088
features.0,0,48,25,0.6864582300186157
features.0,0,48,26,0.19024167954921722
features.0,0,48,27,0.20940282940864563
features.0,0,48,28,0.2556830048561096
features.0,0,48,29,0.300922691822052
features.0,0,48,30,0.010817891918122768
features.0,0,48,31,0.48409226536750793
features.0,0,48,32,0.5080084800720215
features.0,0,48,33,0.4748060703277588
features.0,0,48,34,0.6469228863716125
features.0,0,48,35,0.4407077431678772
features.0,0,48,36,0.5030064582824707
features.0,0,48,37,0.29053398966789246
features.0,0,48,38,0.03770693391561508
features.0,0,48,39,0.4245559871196747
features.0,0,48,40,0.2553745210170746
features.0,0,48,41,0.3222401738166809
features.0,0,48,42,0.2944374084472656
features.0,0,48,43,0.6958737969398499
features.0,0,48,44,0.5924054384231567
features.0,0,48,45,0.16177652776241302
features.0,0,48,46,0.4355303943157196
features.0,0,48,47,0.2070489227771759
features.0,0,48,49,0.2852354347705841
features.0,0,48,50,0.3249936103820801
features.0,0,48,51,0.3802222013473511
features.0,0,48,52,0.15488740801811218
features.0,0,48,53,0.20359006524085999
features.0,0,48,54,0.4607538878917694
features.0,0,48,55,0.5085515975952148
features.0,0,48,56,0.13100668787956238
features.0,0,48,57,0.21448129415512085
features.0,0,48,58,0.7688370943069458
features.0,0,48,59,0.66398686170578
features.0,0,48,60,0.14721600711345673
features.0,0,48,61,0.8237476348876953
features.0,0,49,0,0.5788437128067017
features.0,0,49,1,0.5299477577209473
features.0,0,49,2,0.207563579082489
features.0,0,49,3,0.6461544632911682
features.0,0,49,4,0.6574480533599854
features.0,0,49,5,0.4502337574958801
features.0,0,49,6,0.2752368748188019
features.0,0,49,7,0.6126752495765686
features.0,0,49,8,0.45656073093414307
features.0,0,49,9,0.66706383228302
features.0,0,49,10,0.5574356913566589
features.0,0,49,11,0.3593749701976776
features.0,0,49,12,0.568771481513977
features.0,0,49,13,0.36744290590286255
features.0,0,49,14,0.4485585689544678
features.0,0,49,15,0.4836525022983551
features.0,0,49,16,0.36164590716362
features.0,0,49,17,0.7012471556663513
features.0,0,49,18,0.20399898290634155
features.0,0,49,19,0.5953952074050903
features.0,0,49,20,0.8493354916572571
features.0,0,49,21,0.4687531888484955
features.0,0,49,22,0.3800634741783142
features.0,0,49,23,0.11505760252475739
features.0,0,49,24,0.41034603118896484
features.0,0,49,25,0.6945695877075195
features.0,0,49,26,0.7914148569107056
features.0,0,49,27,0.6613566875457764
features.0,0,49,28,0.05294574797153473
features.0,0,49,29,0.531520664691925
features.0,0,49,30,0.2819012701511383
features.0,0,49,31,0.17512020468711853
features.0,0,49,32,0.6225565671920776
features.0,0,49,33,0.6526320576667786
features.0,0,49,34,0.6847294569015503
features.0,0,49,35,0.43244028091430664
features.0,0,49,36,0.5856584906578064
features.0,0,49,37,0.4041738510131836
features.0,0,49,38,0.7248513102531433
features.0,0,49,39,0.4209662675857544
features.0,0,49,40,0.5779680013656616
features.0,0,49,41,0.19438712298870087
features.0,0,49,42,0.40270233154296875
features.0,0,49,43,0.2843656539916992
features.0,0,49,44,0.4107528626918793
features.0,0,49,45,0.8791402578353882
features.0,0,49,46,0.637640655040741
features.0,0,49,47,0.620401918888092
features.0,0,49,48,0.2852354347705841
features.0,0,49,50,0.8571062684059143
features.0,0,49,51,0.8889700770378113
features.0,0,49,52,0.13442307710647583
features.0,0,49,53,0.566214919090271
features.0,0,49,54,0.7203119993209839
features.0,0,49,55,0.004243592265993357
features.0,0,49,56,0.8851322531700134
features.0,0,49,57,0.8945459127426147
features.0,0,49,58,0.44682103395462036
features.0,0,49,59,0.6343964338302612
features.0,0,49,60,0.842319130897522
features.0,0,49,61,0.1862262338399887
features.0,0,50,0,0.7240303754806519
features.0,0,50,1,0.610583484172821
features.0,0,50,2,0.13377371430397034
features.0,0,50,3,0.6737021207809448
features.0,0,50,4,0.46339425444602966
features.0,0,50,5,0.7025858759880066
features.0,0,50,6,0.28552064299583435
features.0,0,50,7,0.6884680986404419
features.0,0,50,8,0.5901376605033875
features.0,0,50,9,0.6780939698219299
features.0,0,50,10,0.2998245358467102
features.0,0,50,11,0.6394566893577576
features.0,0,50,12,0.8058100342750549
features.0,0,50,13,0.5873934626579285
features.0,0,50,14,0.2699224650859833
features.0,0,50,15,0.08658093959093094
features.0,0,50,16,0.08877438306808472
features.0,0,50,17,0.7968608140945435
features.0,0,50,18,0.4070833921432495
features.0,0,50,19,0.44902458786964417
features.0,0,50,20,0.9662092924118042
features.0,0,50,21,0.40654081106185913
features.0,0,50,22,0.3431074023246765
features.0,0,50,23,0.11407697945833206
features.0,0,50,24,0.5808556079864502
features.0,0,50,25,0.8387526869773865
features.0,0,50,26,0.973447322845459
features.0,0,50,27,0.6494342088699341
features.0,0,50,28,0.33809295296669006
features.0,0,50,29,0.5011334419250488
features.0,0,50,30,0.07347422093153
features.0,0,50,31,0.41872352361679077
features.0,0,50,32,0.8261598348617554
features.0,0,50,33,0.872886598110199
features.0,0,50,34,0.8618218302726746
features.0,0,50,35,0.3831762373447418
features.0,0,50,36,0.7770021557807922
features.0,0,50,37,0.6179429888725281
features.0,0,50,38,0.8972659111022949
features.0,0,50,39,0.7859880328178406
features.0,0,50,40,0.780232310295105
features.0,0,50,41,0.038703955709934235
features.0,0,50,42,0.43912604451179504
features.0,0,50,43,0.32471340894699097
features.0,0,50,44,0.6334913969039917
features.0,0,50,45,0.8329585194587708
features.0,0,50,46,0.6198305487632751
features.0,0,50,47,0.8563371300697327
features.0,0,50,48,0.3249936103820801
features.0,0,50,49,0.8571062684059143
features.0,0,50,51,0.9765225648880005
features.0,0,50,52,0.304942786693573
features.0,0,50,53,0.8132752776145935
features.0,0,50,54,0.819347620010376
features.0,0,50,55,0.40265408158302307
features.0,0,50,56,0.9412347674369812
features.0,0,50,57,0.7941651344299316
features.0,0,50,58,0.554102897644043
features.0,0,50,59,0.8638301491737366
features.0,0,50,60,0.5227082371711731
features.0,0,50,61,0.3935723602771759
features.0,0,51,0,0.7287312746047974
features.0,0,51,1,0.612724781036377
features.0,0,51,2,0.17189691960811615
features.0,0,51,3,0.5724591612815857
features.0,0,51,4,0.5259400010108948
features.0,0,51,5,0.6081441640853882
features.0,0,51,6,0.31648311018943787
features.0,0,51,7,0.6691904664039612
features.0,0,51,8,0.6070343255996704
features.0,0,51,9,0.6836968064308167
features.0,0,51,10,0.4500628113746643
features.0,0,51,11,0.6345430016517639
features.0,0,51,12,0.8131868839263916
features.0,0,51,13,0.5277950167655945
features.0,0,51,14,0.30010363459587097
features.0,0,51,15,0.20543387532234192
features.0,0,51,16,0.23671092092990875
features.0,0,51,17,0.764614462852478
features.0,0,51,18,0.40260908007621765
features.0,0,51,19,0.4800291657447815
features.0,0,51,20,0.9253233671188354
features.0,0,51,21,0.4992133378982544
features.0,0,51,22,0.39776498079299927
features.0,0,51,23,0.21555593609809875
features.0,0,51,24,0.5872026681900024
features.0,0,51,25,0.7938623428344727
features.0,0,51,26,0.9549956321716309
features.0,0,51,27,0.6480685472488403
features.0,0,51,28,0.2702341079711914
features.0,0,51,29,0.4422784149646759
features.0,0,51,30,0.09818647801876068
features.0,0,51,31,0.29310014843940735
features.0,0,51,32,0.7939132452011108
features.0,0,51,33,0.8715215921401978
features.0,0,51,34,0.8295701742172241
features.0,0,51,35,0.4498646855354309
features.0,0,51,36,0.7075919508934021
features.0,0,51,37,0.5605602860450745
features.0,0,51,38,0.8343044519424438
features.0,0,51,39,0.6990669965744019
features.0,0,51,40,0.755631148815155
features.0,0,51,41,0.17352290451526642
features.0,0,51,42,0.5216193795204163
features.0,0,51,43,0.31517380475997925
features.0,0,51,44,0.5802375078201294
features.0,0,51,45,0.8436416387557983
features.0,0,51,46,0.7060624361038208
features.0,0,51,47,0.8410048484802246
features.0,0,51,48,0.3802222013473511
features.0,0,51,49,0.8889700770378113
features.0,0,51,50,0.9765225648880005
features.0,0,51,52,0.35406097769737244
features.0,0,51,53,0.8442690372467041
features.0,0,51,54,0.7357146739959717
features.0,0,51,55,0.33040404319763184
features.0,0,51,56,0.9541839957237244
features.0,0,51,57,0.8645204305648804
features.0,0,51,58,0.5540050864219666
features.0,0,51,59,0.8406751155853271
features.0,0,51,60,0.5383255481719971
features.0,0,51,61,0.33577969670295715
features.0,0,52,0,0.545089066028595
features.0,0,52,1,0.014750960282981396
features.0,0,52,2,0.7713351249694824
features.0,0,52,3,0.05318139120936394
features.0,0,52,4,0.4005208909511566
features.0,0,52,5,0.5608060956001282
features.0,0,52,6,0.47739237546920776
features.0,0,52,7,0.2204359769821167
features.0,0,52,8,0.687069296836853
features.0,0,52,9,0.5579801797866821
features.0,0,52,10,0.4675440490245819
features.0,0,52,11,0.803045928478241
features.0,0,52,12,0.7896568775177002
features.0,0,52,13,0.2546684741973877
features.0,0,52,14,0.47748062014579773
features.0,0,52,15,0.04841512069106102
features.0,0,52,16,0.48480865359306335
features.0,0,52,17,0.1999838650226593
features.0,0,52,18,0.6030104160308838
features.0,0,52,19,0.34288179874420166
features.0,0,52,20,0.28771477937698364
features.0,0,52,21,0.7221747636795044
features.0,0,52,22,0.17681369185447693
features.0,0,52,23,0.9032595753669739
features.0,0,52,24,0.6130536198616028
features.0,0,52,25,0.038368068635463715
features.0,0,52,26,0.48590949177742004
features.0,0,52,27,0.7187885642051697
features.0,0,52,28,0.55034339427948
features.0,0,52,29,0.02086697891354561
features.0,0,52,30,0.16068704426288605
features.0,0,52,31,0.2450236827135086
features.0,0,52,32,0.4785030782222748
features.0,0,52,33,0.5928442478179932
features.0,0,52,34,0.026997635141015053
features.0,0,52,35,0.7830582857131958
features.0,0,52,36,0.2005673050880432
features.0,0,52,37,0.34628114104270935
features.0,0,52,38,0.2594807744026184
features.0,0,52,39,0.09303520619869232
features.0,0,52,40,0.5134634971618652
features.0,0,52,41,0.591975212097168
features.0,0,52,42,0.7442032098770142
features.0,0,52,43,0.2826859652996063
features.0,0,52,44,0.2888893485069275
features.0,0,52,45,0.5188770294189453
features.0,0,52,46,0.25865623354911804
features.0,0,52,47,0.1406990885734558
features.0,0,52,48,0.15488740801811218
features.0,0,52,49,0.13442307710647583
features.0,0,52,50,0.304942786693573
features.0,0,52,51,0.35406097769737244
features.0,0,52,53,0.7554300427436829
features.0,0,52,54,0.10857076197862625
features.0,0,52,55,0.2307167649269104
features.0,0,52,56,0.30915072560310364
features.0,0,52,57,0.5299674868583679
features.0,0,52,58,0.3051069676876068
features.0,0,52,59,0.3162708282470703
features.0,0,52,60,0.29412099719047546
features.0,0,52,61,0.3920542895793915
features.0,0,53,0,0.7516966462135315
features.0,0,53,1,0.4697446823120117
features.0,0,53,2,0.4224567711353302
features.0,0,53,3,0.2852679491043091
features.0,0,53,4,0.408627450466156
features.0,0,53,5,0.6959261894226074
features.0,0,53,6,0.04216635227203369
features.0,0,53,7,0.5751736760139465
features.0,0,53,8,0.7751225829124451
features.0,0,53,9,0.6983877420425415
features.0,0,53,10,0.4290064573287964
features.0,0,53,11,0.8774756193161011
features.0,0,53,12,0.980178713798523
features.0,0,53,13,0.556272566318512
features.0,0,53,14,0.3309369683265686
features.0,0,53,15,0.010681886225938797
features.0,0,53,16,0.29662907123565674
features.0,0,53,17,0.5801788568496704
features.0,0,53,18,0.5822761654853821
features.0,0,53,19,0.13199760019779205
features.0,0,53,20,0.7415414452552795
features.0,0,53,21,0.6560391783714294
features.0,0,53,22,0.3081875145435333
features.0,0,53,23,0.5754504203796387
features.0,0,53,24,0.6983770132064819
features.0,0,53,25,0.5264449715614319
features.0,0,53,26,0.9020841121673584
features.0,0,53,27,0.7110277414321899
features.0,0,53,28,0.4853261113166809
features.0,0,53,29,0.24234601855278015
features.0,0,53,30,0.04918641224503517
features.0,0,53,31,0.12110351771116257
features.0,0,53,32,0.7752850651741028
features.0,0,53,33,0.9059701561927795
features.0,0,53,34,0.6012988686561584
features.0,0,53,35,0.639224648475647
features.0,0,53,36,0.4218680262565613
features.0,0,53,37,0.3091639578342438
features.0,0,53,38,0.7039020657539368
features.0,0,53,39,0.6220778226852417
features.0,0,53,40,0.807005763053894
features.0,0,53,41,0.33571773767471313
features.0,0,53,42,0.7279444336891174
features.0,0,53,43,0.36758822202682495
features.0,0,53,44,0.5487301349639893
features.0,0,53,45,0.7299773693084717
features.0,0,53,46,0.6078606843948364
features.0,0,53,47,0.721673846244812
features.0,0,53,48,0.20359006524085999
features.0,0,53,49,0.566214919090271
features.0,0,53,50,0.8132752776145935
features.0,0,53,51,0.8442690372467041
features.0,0,53,52,0.7554300427436829
features.0,0,53,54,0.4178667664527893
features.0,0,53,55,0.47749975323677063
features.0,0,53,56,0.7857054471969604
features.0,0,53,57,0.7578386068344116
features.0,0,53,58,0.50617516040802
features.0,0,53,59,0.7602070569992065
features.0,0,53,60,0.060474470257759094
features.0,0,53,61,0.11114836484193802
features.0,0,54,0,0.6021610498428345
features.0,0,54,1,0.30171629786491394
features.0,0,54,2,0.22965016961097717
features.0,0,54,3,0.9309772849082947
features.0,0,54,4,0.47774824500083923
features.0,0,54,5,0.6288564205169678
features.0,0,54,6,0.19852526485919952
features.0,0,54,7,0.35856539011001587
features.0,0,54,8,0.09340471774339676
features.0,0,54,9,0.26355376839637756
features.0,0,54,10,0.062030401080846786
features.0,0,54,11,0.32165610790252686
features.0,0,54,12,0.40110307931900024
features.0,0,54,13,0.2511817514896393
features.0,0,54,14,0.04770935699343681
features.0,0,54,15,0.18556667864322662
features.0,0,54,16,0.30688387155532837
features.0,0,54,17,0.8956990838050842
features.0,0,54,18,0.396014928817749
features.0,0,54,19,0.25518763065338135
features.0,0,54,20,0.8999626636505127
features.0,0,54,21,0.13733838498592377
features.0,0,54,22,0.4161631166934967
features.0,0,54,23,0.38171863555908203
features.0,0,54,24,0.49252843856811523
features.0,0,54,25,0.9459225535392761
features.0,0,54,26,0.6894287467002869
features.0,0,54,27,0.32515332102775574
features.0,0,54,28,0.4343262314796448
features.0,0,54,29,0.5888718366622925
features.0,0,54,30,0.42049792408943176
features.0,0,54,31,0.8023715019226074
features.0,0,54,32,0.7814647555351257
features.0,0,54,33,0.668613076210022
features.0,0,54,34,0.9245724678039551
features.0,0,54,35,0.10925820469856262
features.0,0,54,36,0.9248102307319641
features.0,0,54,37,0.5922502875328064
features.0,0,54,38,0.7547075748443604
features.0,0,54,39,0.8134825229644775
features.0,0,54,40,0.40950167179107666
features.0,0,54,41,0.22521285712718964
features.0,0,54,42,0.1389940083026886
features.0,0,54,43,0.0450485423207283
features.0,0,54,44,0.7814379334449768
features.0,0,54,45,0.6446517109870911
features.0,0,54,46,0.2344612181186676
features.0,0,54,47,0.637558102607727
features.0,0,54,48,0.4607538878917694
features.0,0,54,49,0.7203119993209839
features.0,0,54,50,0.819347620010376
features.0,0,54,51,0.7357146739959717
features.0,0,54,52,0.10857076197862625
features.0,0,54,53,0.4178667664527893
features.0,0,54,55,0.3199765384197235
features.0,0,54,56,0.6414676904678345
features.0,0,54,57,0.4761257469654083
features.0,0,54,58,0.6387419104576111
features.0,0,54,59,0.8077914118766785
features.0,0,54,60,0.6312167644500732
features.0,0,54,61,0.6609932780265808
features.0,0,55,0,0.6161355972290039
features.0,0,55,1,0.003059173235669732
features.0,0,55,2,0.3309144675731659
features.0,0,55,3,0.11153141409158707
features.0,0,55,4,0.16341830790042877
features.0,0,55,5,0.26131191849708557
features.0,0,55,6,0.35367825627326965
features.0,0,55,7,0.03987289220094681
features.0,0,55,8,0.07156461477279663
features.0,0,55,9,0.05002213269472122
features.0,0,55,10,0.060365576297044754
features.0,0,55,11,0.693733811378479
features.0,0,55,12,0.43492192029953003
features.0,0,55,13,0.1585671454668045
features.0,0,55,14,0.5145817995071411
features.0,0,55,15,0.6156854629516602
features.0,0,55,16,0.1455056071281433
features.0,0,55,17,0.4220639765262604
features.0,0,55,18,0.5765160322189331
features.0,0,55,19,0.11676940321922302
features.0,0,55,20,0.3669949173927307
features.0,0,55,21,0.1043354943394661
features.0,0,55,22,0.44717636704444885
features.0,0,55,23,0.07859166711568832
features.0,0,55,24,0.602979838848114
features.0,0,55,25,0.5078052282333374
features.0,0,55,26,0.4226340651512146
features.0,0,55,27,0.0610743947327137
features.0,0,55,28,0.4521618187427521
features.0,0,55,29,0.3987383544445038
features.0,0,55,30,0.33183708786964417
features.0,0,55,31,0.42958709597587585
features.0,0,55,32,0.5474265813827515
features.0,0,55,33,0.5995317697525024
features.0,0,55,34,0.4754854142665863
features.0,0,55,35,0.16297230124473572
features.0,0,55,36,0.3810719847679138
features.0,0,55,37,0.4056392312049866
features.0,0,55,38,0.1748010516166687
features.0,0,55,39,0.6282986402511597
features.0,0,55,40,0.17293311655521393
features.0,0,55,41,0.11338315159082413
features.0,0,55,42,0.049428801983594894
features.0,0,55,43,0.268841028213501
features.0,0,55,44,0.5173295736312866
features.0,0,55,45,0.10886495560407639
features.0,0,55,46,0.42048928141593933
features.0,0,55,47,0.35694992542266846
features.0,0,55,48,0.5085515975952148
features.0,0,55,49,0.004243592265993357
features.0,0,55,50,0.40265408158302307
features.0,0,55,51,0.33040404319763184
features.0,0,55,52,0.2307167649269104
features.0,0,55,53,0.47749975323677063
features.0,0,55,54,0.3199765384197235
features.0,0,55,56,0.19376125931739807
features.0,0,55,57,0.0809534564614296
features.0,0,55,58,0.5598235726356506
features.0,0,55,59,0.6707890033721924
features.0,0,55,60,0.4000663161277771
features.0,0,55,61,0.6464462876319885
features.0,0,56,0,0.535897433757782
features.0,0,56,1,0.7901049256324768
features.0,0,56,2,0.2815300524234772
features.0,0,56,3,0.48924320936203003
features.0,0,56,4,0.38183173537254333
features.0,0,56,5,0.5802580714225769
features.0,0,56,6,0.34180524945259094
features.0,0,56,7,0.8515761494636536
features.0,0,56,8,0.7425559759140015
features.0,0,56,9,0.8278162479400635
features.0,0,56,10,0.41624876856803894
features.0,0,56,11,0.5176355838775635
features.0,0,56,12,0.7923672795295715
features.0,0,56,13,0.7165852785110474
features.0,0,56,14,0.4825282096862793
features.0,0,56,15,0.38142168521881104
features.0,0,56,16,0.2505079507827759
features.0,0,56,17,0.5794699788093567
features.0,0,56,18,0.15645062923431396
features.0,0,56,19,0.6470289826393127
features.0,0,56,20,0.8483628034591675
features.0,0,56,21,0.6114770770072937
features.0,0,56,22,0.13825374841690063
features.0,0,56,23,0.2544785439968109
features.0,0,56,24,0.36485475301742554
features.0,0,56,25,0.645051896572113
features.0,0,56,26,0.9426445364952087
features.0,0,56,27,0.6862852573394775
features.0,0,56,28,0.07084456086158752
features.0,0,56,29,0.5227649807929993
features.0,0,56,30,0.16118864715099335
features.0,0,56,31,0.13301967084407806
features.0,0,56,32,0.620064914226532
features.0,0,56,33,0.7295436859130859
features.0,0,56,34,0.6881687641143799
features.0,0,56,35,0.5617280602455139
features.0,0,56,36,0.6237941980361938
features.0,0,56,37,0.6047883629798889
features.0,0,56,38,0.8846921324729919
features.0,0,56,39,0.6035722494125366
features.0,0,56,40,0.8640522956848145
features.0,0,56,41,0.040514931082725525
features.0,0,56,42,0.6295878291130066
features.0,0,56,43,0.5626102685928345
features.0,0,56,44,0.35573893785476685
features.0,0,56,45,0.800131618976593
features.0,0,56,46,0.6898484826087952
features.0,0,56,47,0.8682007193565369
features.0,0,56,48,0.13100668787956238
features.0,0,56,49,0.8851322531700134
features.0,0,56,50,0.9412347674369812
features.0,0,56,51,0.9541839957237244
features.0,0,56,52,0.30915072560310364
features.0,0,56,53,0.7857054471969604
features.0,0,56,54,0.6414676904678345
features.0,0,56,55,0.19376125931739807
features.0,0,56,57,0.8389511108398438
features.0,0,56,58,0.2964790165424347
features.0,0,56,59,0.6665672063827515
features.0,0,56,60,0.5754251480102539
features.0,0,56,61,0.15142183005809784
features.0,0,57,0,0.7178990840911865
features.0,0,57,1,0.4029726982116699
features.0,0,57,2,0.4973350763320923
features.0,0,57,3,0.42806077003479004
features.0,0,57,4,0.7280980348587036
features.0,0,57,5,0.49497905373573303
features.0,0,57,6,0.08314638584852219
features.0,0,57,7,0.5455004572868347
features.0,0,57,8,0.6377052664756775
features.0,0,57,9,0.7675297856330872
features.0,0,57,10,0.7845750451087952
features.0,0,57,11,0.6315500736236572
features.0,0,57,12,0.7690501809120178
features.0,0,57,13,0.3385743200778961
features.0,0,57,14,0.5673180222511292
features.0,0,57,15,0.46733227372169495
features.0,0,57,16,0.6399661898612976
features.0,0,57,17,0.6252562999725342
features.0,0,57,18,0.4111212491989136
features.0,0,57,19,0.3812329173088074
features.0,0,57,20,0.7713332772254944
features.0,0,57,21,0.7371206283569336
features.0,0,57,22,0.4551187753677368
features.0,0,57,23,0.5169556736946106
features.0,0,57,24,0.6011185050010681
features.0,0,57,25,0.5118577480316162
features.0,0,57,26,0.8174097537994385
features.0,0,57,27,0.8488674759864807
features.0,0,57,28,0.19397905468940735
features.0,0,57,29,0.33316513895988464
features.0,0,57,30,0.44882652163505554
features.0,0,57,31,0.06801843643188477
features.0,0,57,32,0.6696088314056396
features.0,0,57,33,0.7637080550193787
features.0,0,57,34,0.5169375538825989
features.0,0,57,35,0.7088923454284668
features.0,0,57,36,0.3100426495075226
features.0,0,57,37,0.12926805019378662
features.0,0,57,38,0.6114619374275208
features.0,0,57,39,0.28194817900657654
features.0,0,57,40,0.6231575012207031
features.0,0,57,41,0.5325202941894531
features.0,0,57,42,0.6804803013801575
features.0,0,57,43,0.30560365319252014
features.0,0,57,44,0.39217641949653625
features.0,0,57,45,0.9404388070106506
features.0,0,57,46,0.7269901037216187
features.0,0,57,47,0.50177401304245
features.0,0,57,48,0.21448129415512085
features.0,0,57,49,0.8945459127426147
features.0,0,57,50,0.7941651344299316
features.0,0,57,51,0.8645204305648804
features.0,0,57,52,0.5299674868583679
features.0,0,57,53,0.7578386068344116
features.0,0,57,54,0.4761257469654083
features.0,0,57,55,0.0809534564614296
features.0,0,57,56,0.8389511108398438
features.0,0,57,58,0.5022807717323303
features.0,0,57,59,0.6241154670715332
features.0,0,57,60,0.5800729990005493
features.0,0,57,61,0.041863732039928436
features.0,0,58,0,0.924346387386322
features.0,0,58,1,0.29127901792526245
features.0,0,58,2,0.13816392421722412
features.0,0,58,3,0.5936229825019836
features.0,0,58,4,0.6830582022666931
features.0,0,58,5,0.43616995215415955
features.0,0,58,6,0.016495022922754288
features.0,0,58,7,0.21037006378173828
features.0,0,58,8,0.091280996799469
features.0,0,58,9,0.023920269683003426
features.0,0,58,10,0.31561416387557983
features.0,0,58,11,0.6687348484992981
features.0,0,58,12,0.437747597694397
features.0,0,58,13,0.2795356810092926
features.0,0,58,14,0.2873307764530182
features.0,0,58,15,0.40675851702690125
features.0,0,58,16,0.10735863447189331
features.0,0,58,17,0.8980664014816284
features.0,0,58,18,0.9079754948616028
features.0,0,58,19,0.2815912067890167
features.0,0,58,20,0.679493248462677
features.0,0,58,21,0.06985819339752197
features.0,0,58,22,0.9197130799293518
features.0,0,58,23,0.007181425578892231
features.0,0,58,24,0.9347813725471497
features.0,0,58,25,0.7659444212913513
features.0,0,58,26,0.4890764355659485
features.0,0,58,27,0.32861483097076416
features.0,0,58,28,0.7282232046127319
features.0,0,58,29,0.011264132335782051
features.0,0,58,30,0.1587073653936386
features.0,0,58,31,0.5870005488395691
features.0,0,58,32,0.8815132975578308
features.0,0,58,33,0.8024532794952393
features.0,0,58,34,0.7201926112174988
features.0,0,58,35,0.0584338940680027
features.0,0,58,36,0.49939775466918945
features.0,0,58,37,0.04562324285507202
features.0,0,58,38,0.24997647106647491
features.0,0,58,39,0.5354430675506592
features.0,0,58,40,0.03575020283460617
features.0,0,58,41,0.4776208996772766
features.0,0,58,42,0.07168008387088776
features.0,0,58,43,0.5464814305305481
features.0,0,58,44,0.9020299315452576
features.0,0,58,45,0.5963507890701294
features.0,0,58,46,0.34865182638168335
features.0,0,58,47,0.20546647906303406
features.0,0,58,48,0.7688370943069458
features.0,0,58,49,0.44682103395462036
features.0,0,58,50,0.554102897644043
features.0,0,58,51,0.5540050864219666
features.0,0,58,52,0.3051069676876068
features.0,0,58,53,0.50617516040802
features.0,0,58,54,0.6387419104576111
features.0,0,58,55,0.5598235726356506
features.0,0,58,56,0.2964790165424347
features.0,0,58,57,0.5022807717323303
features.0,0,58,59,0.8606120347976685
features.0,0,58,60,0.18694287538528442
features.0,0,58,61,0.6094775795936584
features.0,0,59,0,0.9055463075637817
features.0,0,59,1,0.21028345823287964
features.0,0,59,2,0.11892484873533249
features.0,0,59,3,0.6504021883010864
features.0,0,59,4,0.5011262893676758
features.0,0,59,5,0.6192758679389954
features.0,0,59,6,0.23540104925632477
features.0,0,59,7,0.25684428215026855
features.0,0,59,8,0.2593767046928406
features.0,0,59,9,0.2931094169616699
features.0,0,59,10,0.2300187647342682
features.0,0,59,11,0.7528091669082642
features.0,0,59,12,0.6985390186309814
features.0,0,59,13,0.21402283012866974
features.0,0,59,14,0.14724193513393402
features.0,0,59,15,0.30484622716903687
features.0,0,59,16,0.006955277640372515
features.0,0,59,17,0.9237338900566101
features.0,0,59,18,0.7385733723640442
features.0,0,59,19,0.07965651154518127
features.0,0,59,20,0.8924240469932556
features.0,0,59,21,0.11075396090745926
features.0,0,59,22,0.6778932809829712
features.0,0,59,23,0.0029224439058452845
features.0,0,59,24,0.8372440338134766
features.0,0,59,25,0.9234183430671692
features.0,0,59,26,0.814470112323761
features.0,0,59,27,0.4358479976654053
features.0,0,59,28,0.6130895018577576
features.0,0,59,29,0.20350080728530884
features.0,0,59,30,0.2292923480272293
features.0,0,59,31,0.6283012628555298
features.0,0,59,32,0.9508225917816162
features.0,0,59,33,0.9453122019767761
features.0,0,59,34,0.9232754111289978
features.0,0,59,35,0.08776036649942398
features.0,0,59,36,0.7722235321998596
features.0,0,59,37,0.48098841309547424
features.0,0,59,38,0.6378685832023621
features.0,0,59,39,0.8398109674453735
features.0,0,59,40,0.46358487010002136
features.0,0,59,41,0.20461559295654297
features.0,0,59,42,0.1696087270975113
features.0,0,59,43,0.14420586824417114
features.0,0,59,44,0.8769892454147339
features.0,0,59,45,0.692130982875824
features.0,0,59,46,0.538992702960968
features.0,0,59,47,0.6647031903266907
features.0,0,59,48,0.66398686170578
features.0,0,59,49,0.6343964338302612
features.0,0,59,50,0.8638301491737366
features.0,0,59,51,0.8406751155853271
features.0,0,59,52,0.3162708282470703
features.0,0,59,53,0.7602070569992065
features.0,0,59,54,0.8077914118766785
features.0,0,59,55,0.6707890033721924
features.0,0,59,56,0.6665672063827515
features.0,0,59,57,0.6241154670715332
features.0,0,59,58,0.8606120347976685
features.0,0,59,60,0.2653524875640869
features.0,0,59,61,0.6696316599845886
features.0,0,60,0,0.17862683534622192
features.0,0,60,1,0.36491137742996216
features.0,0,60,2,0.03630074858665466
features.0,0,60,3,0.6560022830963135
features.0,0,60,4,0.5744191408157349
features.0,0,60,5,0.18946704268455505
features.0,0,60,6,0.1945447325706482
features.0,0,60,7,0.4149765074253082
features.0,0,60,8,0.0894409790635109
features.0,0,60,9,0.3855975568294525
features.0,0,60,10,0.3211953639984131
features.0,0,60,11,0.16190575063228607
features.0,0,60,12,0.07736488431692123
features.0,0,60,13,0.12105739861726761
features.0,0,60,14,0.3912023901939392
features.0,0,60,15,0.5684079527854919
features.0,0,60,16,0.1631161868572235
features.0,0,60,17,0.48824629187583923
features.0,0,60,18,0.13122151792049408
features.0,0,60,19,0.586938738822937
features.0,0,60,20,0.5724950432777405
features.0,0,60,21,0.14055386185646057
features.0,0,60,22,0.18753761053085327
features.0,0,60,23,0.21583512425422668
features.0,0,60,24,0.023876085877418518
features.0,0,60,25,0.49891579151153564
features.0,0,60,26,0.38779428601264954
features.0,0,60,27,0.35332539677619934
features.0,0,60,28,0.18401268124580383
features.0,0,60,29,0.6301441192626953
features.0,0,60,30,0.22356648743152618
features.0,0,60,31,0.18467071652412415
features.0,0,60,32,0.27164721488952637
features.0,0,60,33,0.2037842869758606
features.0,0,60,34,0.4630017578601837
features.0,0,60,35,0.13522256910800934
features.0,0,60,36,0.4774911105632782
features.0,0,60,37,0.27954810857772827
features.0,0,60,38,0.49635905027389526
features.0,0,60,39,0.14798182249069214
features.0,0,60,40,0.23689080774784088
features.0,0,60,41,0.059146441519260406
features.0,0,60,42,0.009631928987801075
features.0,0,60,43,0.1687195748090744
features.0,0,60,44,0.18362069129943848
features.0,0,60,45,0.6086418032646179
features.0,0,60,46,0.2662471830844879
features.0,0,60,47,0.3218684792518616
features.0,0,60,48,0.14721600711345673
features.0,0,60,49,0.842319130897522
features.0,0,60,50,0.5227082371711731
features.0,0,60,51,0.5383255481719971
features.0,0,60,52,0.29412099719047546
features.0,0,60,53,0.060474470257759094
features.0,0,60,54,0.6312167644500732
features.0,0,60,55,0.4000663161277771
features.0,0,60,56,0.5754251480102539
features.0,0,60,57,0.5800729990005493
features.0,0,60,58,0.18694287538528442
features.0,0,60,59,0.2653524875640869
features.0,0,60,61,0.11032673716545105
features.0,0,61,0,0.4278033673763275
features.0,0,61,1,0.016544343903660774
features.0,0,61,2,0.8120341300964355
features.0,0,61,3,0.44678932428359985
features.0,0,61,4,0.0018379732500761747
features.0,0,61,5,0.06133590638637543
features.0,0,61,6,0.5406745672225952
features.0,0,61,7,0.16802045702934265
features.0,0,61,8,0.409122496843338
features.0,0,61,9,0.3880763053894043
features.0,0,61,10,0.2623825967311859
features.0,0,61,11,0.16131672263145447
features.0,0,61,12,0.0036120330914855003
features.0,0,61,13,0.1357823610305786
features.0,0,61,14,0.7589789032936096
features.0,0,61,15,0.5279548764228821
features.0,0,61,16,0.46702849864959717
features.0,0,61,17,0.6128552556037903
features.0,0,61,18,0.3593691289424896
features.0,0,61,19,0.07351070642471313
features.0,0,61,20,0.43174055218696594
features.0,0,61,21,0.5848286747932434
features.0,0,61,22,0.5450676083564758
features.0,0,61,23,0.6776173114776611
features.0,0,61,24,0.3773905634880066
features.0,0,61,25,0.7910632491111755
features.0,0,61,26,0.23676325380802155
features.0,0,61,27,0.3327571749687195
features.0,0,61,28,0.27902907133102417
features.0,0,61,29,0.0904107466340065
features.0,0,61,30,0.449351042509079
features.0,0,61,31,0.7950757145881653
features.0,0,61,32,0.48384854197502136
features.0,0,61,33,0.3987886905670166
features.0,0,61,34,0.7514849305152893
features.0,0,61,35,0.6580780744552612
features.0,0,61,36,0.7629689574241638
features.0,0,61,37,0.6239458918571472
features.0,0,61,38,0.18718045949935913
features.0,0,61,39,0.709869384765625
features.0,0,61,40,0.11483558267354965
features.0,0,61,41,0.20820672810077667
features.0,0,61,42,0.4960351288318634
features.0,0,61,43,0.5388118624687195
features.0,0,61,44,0.624882698059082
features.0,0,61,45,0.0224324818700552
features.0,0,61,46,0.21394234895706177
features.0,0,61,47,0.39491602778434753
features.0,0,61,48,0.8237476348876953
features.0,0,61,49,0.1862262338399887
features.0,0,61,50,0.3935723602771759
features.0,0,61,51,0.33577969670295715
features.0,0,61,52,0.3920542895793915
features.0,0,61,53,0.11114836484193802
features.0,0,61,54,0.6609932780265808
features.0,0,61,55,0.6464462876319885
features.0,0,61,56,0.15142183005809784
features.0,0,61,57,0.041863732039928436
features.0,0,61,58,0.6094775795936584
features.0,0,61,59,0.6696316599845886
features.0,0,61,60,0.11032673716545105
features.3,1,0,1,0.29481884837150574
features.3,1,0,2,0.055330466479063034
features.3,1,0,3,0.3718583881855011
features.3,1,0,4,0.019479090347886086
features.3,1,0,5,0.3589400351047516
features.3,1,0,6,0.11313880980014801
features.3,1,0,7,0.06024719402194023
features.3,1,0,8,0.2951963543891907
features.3,1,0,9,0.02953113429248333
features.3,1,0,10,0.2935827374458313
features.3,1,0,11,0.5321243405342102
features.3,1,0,12,0.4604272246360779
features.3,1,0,13,0.08728443086147308
features.3,1,0,14,0.033759620040655136
features.3,1,0,15,0.23148168623447418
features.3,1,0,16,0.2850763201713562
features.3,1,0,17,0.45373955368995667
features.3,1,0,18,0.8078551292419434
features.3,1,0,19,0.08175859600305557
features.3,1,0,20,0.6194878220558167
features.3,1,0,21,0.34681710600852966
features.3,1,0,22,0.5370913147926331
features.3,1,0,23,0.19371503591537476
features.3,1,0,24,0.9532520771026611
features.3,1,0,25,0.5747024416923523
features.3,1,0,26,0.5383269190788269
features.3,1,0,27,0.5062853097915649
features.3,1,0,28,0.39711272716522217
features.3,1,0,29,0.03834692761301994
features.3,1,0,30,0.05939330905675888
features.3,1,0,31,0.23878926038742065
features.3,1,0,32,0.7840318083763123
features.3,1,0,33,0.9086322784423828
features.3,1,0,34,0.5012000799179077
features.3,1,0,35,0.29168501496315
features.3,1,0,36,0.2148374766111374
features.3,1,0,37,0.1644771695137024
features.3,1,0,38,0.31773433089256287
features.3,1,0,39,0.15674754977226257
features.3,1,0,40,0.22393855452537537
features.3,1,0,41,0.15936864912509918
features.3,1,0,42,0.19261972606182098
features.3,1,0,43,0.20928436517715454
features.3,1,0,44,0.5611206293106079
features.3,1,0,45,0.6597399711608887
features.3,1,0,46,0.2995645999908447
features.3,1,0,47,0.1693216860294342
features.3,1,0,48,0.29777052998542786
features.3,1,0,49,0.30741259455680847
features.3,1,0,50,0.7044166922569275
features.3,1,0,51,0.5658925771713257
features.3,1,0,52,0.346303254365921
features.3,1,0,53,0.4831395745277405
features.3,1,0,54,0.46222230792045593
features.3,1,0,55,0.33813294768333435
features.3,1,0,56,0.5441645383834839
features.3,1,0,57,0.4758926033973694
features.3,1,0,58,0.9183940887451172
features.3,1,0,59,0.8153684139251709
features.3,1,0,60,0.009485808201134205
features.3,1,0,61,0.44483157992362976
features.3,1,1,0,0.29481884837150574
features.3,1,1,2,0.13113608956336975
features.3,1,1,3,0.18819884955883026
features.3,1,1,4,0.2462053745985031
features.3,1,1,5,0.09174634516239166
features.3,1,1,6,0.05740772560238838
features.3,1,1,7,0.47044405341148376
features.3,1,1,8,0.10420700907707214
features.3,1,1,9,0.029057005420327187
features.3,1,1,10,0.008967656642198563
features.3,1,1,11,0.11125175654888153
features.3,1,1,12,0.1390896439552307
features.3,1,1,13,0.0687054842710495
features.3,1,1,14,0.47250688076019287
features.3,1,1,15,0.3869107961654663
features.3,1,1,16,0.1078331470489502
features.3,1,1,17,0.2228253185749054
features.3,1,1,18,0.4439731240272522
features.3,1,1,19,0.007888680323958397
features.3,1,1,20,0.24930229783058167
features.3,1,1,21,0.0998004674911499
features.3,1,1,22,0.29088401794433594
features.3,1,1,23,0.005296171177178621
features.3,1,1,24,0.33751142024993896
features.3,1,1,25,0.14682169258594513
features.3,1,1,26,0.371208131313324
features.3,1,1,27,0.04769705608487129
features.3,1,1,28,0.09194745123386383
features.3,1,1,29,0.28615763783454895
features.3,1,1,30,0.06881382316350937
features.3,1,1,31,0.03226633369922638
features.3,1,1,32,0.048976726830005646
features.3,1,1,33,0.04309595376253128
features.3,1,1,34,0.1521793007850647
features.3,1,1,35,0.24184468388557434
features.3,1,1,36,0.22659610211849213
features.3,1,1,37,0.06952811032533646
features.3,1,1,38,0.4216533303260803
features.3,1,1,39,0.34579789638519287
features.3,1,1,40,0.43876388669013977
features.3,1,1,41,0.07479581981897354
features.3,1,1,42,0.035592980682849884
features.3,1,1,43,0.4109383523464203
features.3,1,1,44,0.04245983064174652
features.3,1,1,45,0.11830056458711624
features.3,1,1,46,0.18892931938171387
features.3,1,1,47,0.7293903231620789
features.3,1,1,48,0.14595578610897064
features.3,1,1,49,0.46791237592697144
features.3,1,1,50,0.22192223370075226
features.3,1,1,51,0.21362613141536713
features.3,1,1,52,0.15994201600551605
features.3,1,1,53,0.1958940178155899
features.3,1,1,54,0.29848209023475647
features.3,1,1,55,0.28368788957595825
features.3,1,1,56,0.42030492424964905
features.3,1,1,57,0.22827738523483276
features.3,1,1,58,0.3202301859855652
features.3,1,1,59,0.10954736173152924
features.3,1,1,60,0.4532255530357361
features.3,1,1,61,0.007220659404993057
features.3,1,2,0,0.055330466479063034
features.3,1,2,1,0.13113608956336975
features.3,1,2,3,0.0297048632055521
features.3,1,2,4,0.46633249521255493
features.3,1,2,5,0.5847751498222351
features.3,1,2,6,0.18134289979934692
features.3,1,2,7,0.0306527242064476
features.3,1,2,8,0.10620959848165512
features.3,1,2,9,0.026211848482489586
features.3,1,2,10,0.0689161866903305
features.3,1,2,11,0.18955539166927338
features.3,1,2,12,0.4112589657306671
features.3,1,2,13,0.004353869240731001
features.3,1,2,14,0.46077457070350647
features.3,1,2,15,0.5109506249427795
features.3,1,2,16,0.16565543413162231
features.3,1,2,17,0.5466304421424866
features.3,1,2,18,0.2112157791852951
features.3,1,2,19,0.07365419715642929
features.3,1,2,20,0.3591861426830292
features.3,1,2,21,0.27650418877601624
features.3,1,2,22,0.073584645986557
features.3,1,2,23,0.3319794237613678
features.3,1,2,24,0.13846825063228607
features.3,1,2,25,0.27268868684768677
features.3,1,2,26,0.21303792297840118
features.3,1,2,27,0.12847863137722015
features.3,1,2,28,0.5622432827949524
features.3,1,2,29,0.09677387028932571
features.3,1,2,30,0.23227885365486145
features.3,1,2,31,0.1170361265540123
features.3,1,2,32,0.21955855190753937
features.3,1,2,33,0.14543384313583374
features.3,1,2,34,0.342558354139328
features.3,1,2,35,0.8635565638542175
features.3,1,2,36,0.32851704955101013
features.3,1,2,37,0.19097664952278137
features.3,1,2,38,0.26351502537727356
features.3,1,2,39,0.08690232038497925
features.3,1,2,40,0.3112682104110718
features.3,1,2,41,0.0016014811117202044
features.3,1,2,42,0.07995184510946274
features.3,1,2,43,0.22134889662265778
features.3,1,2,44,0.33919355273246765
features.3,1,2,45,0.2004743069410324
features.3,1,2,46,0.04510221630334854
features.3,1,2,47,0.25667980313301086
features.3,1,2,48,0.08562444895505905
features.3,1,2,49,0.35080835223197937
features.3,1,2,50,0.053278353065252304
features.3,1,2,51,0.41495874524116516
features.3,1,2,52,0.1481437385082245
features.3,1,2,53,0.5294326543807983
features.3,1,2,54,0.3470015823841095
features.3,1,2,55,0.2862262725830078
features.3,1,2,56,0.24434101581573486
features.3,1,2,57,0.19036151468753815
features.3,1,2,58,0.03787592053413391
features.3,1,2,59,0.1405041515827179
features.3,1,2,60,0.14061260223388672
features.3,1,2,61,0.7345605492591858
features.3,1,3,0,0.3718583881855011
features.3,1,3,1,0.18819884955883026
features.3,1,3,2,0.0297048632055521
features.3,1,3,4,0.49302536249160767
features.3,1,3,5,0.1910409927368164
features.3,1,3,6,0.37412509322166443
features.3,1,3,7,0.49151328206062317
features.3,1,3,8,0.03997804597020149
features.3,1,3,9,0.005433930084109306
features.3,1,3,10,0.14793695509433746
features.3,1,3,11,0.03331175446510315
features.3,1,3,12,0.003520071506500244
features.3,1,3,13,0.42420485615730286
features.3,1,3,14,0.4458106458187103
features.3,1,3,15,0.07680241763591766
features.3,1,3,16,0.014289242215454578
features.3,1,3,17,0.5655079483985901
features.3,1,3,18,0.1136951893568039
features.3,1,3,19,0.43518421053886414
features.3,1,3,20,0.5011358857154846
features.3,1,3,21,0.1872464269399643
features.3,1,3,22,0.0909348651766777
features.3,1,3,23,0.21905189752578735
features.3,1,3,24,0.3027583658695221
features.3,1,3,25,0.30374953150749207
features.3,1,3,26,0.46089431643486023
features.3,1,3,27,0.30702802538871765
features.3,1,3,28,0.12192492187023163
features.3,1,3,29,0.6939413547515869
features.3,1,3,30,0.4357890188694
features.3,1,3,31,0.16499748826026917
features.3,1,3,32,0.5157361030578613
features.3,1,3,33,0.3445363938808441
features.3,1,3,34,0.2224213182926178
features.3,1,3,35,0.08216184377670288
features.3,1,3,36,0.048661332577466965
features.3,1,3,37,0.3676212430000305
features.3,1,3,38,0.5415430665016174
features.3,1,3,39,0.5832698345184326
features.3,1,3,40,0.17593306303024292
features.3,1,3,41,0.24132955074310303
features.3,1,3,42,0.03898526728153229
features.3,1,3,43,0.2909694314002991
features.3,1,3,44,0.5119616389274597
features.3,1,3,45,0.7426846623420715
features.3,1,3,46,0.49510663747787476
features.3,1,3,47,0.36358609795570374
features.3,1,3,48,0.16482193768024445
features.3,1,3,49,0.7162559628486633
features.3,1,3,50,0.5563709735870361
features.3,1,3,51,0.4003620743751526
features.3,1,3,52,0.2655019462108612
features.3,1,3,53,0.11024481058120728
features.3,1,3,54,0.4544444978237152
features.3,1,3,55,0.22998884320259094
features.3,1,3,56,0.43012505769729614
features.3,1,3,57,0.6090345978736877
features.3,1,3,58,0.47582435607910156
features.3,1,3,59,0.5666036605834961
features.3,1,3,60,0.6390863060951233
features.3,1,3,61,0.4893428385257721
features.3,1,4,0,0.019479090347886086
features.3,1,4,1,0.2462053745985031
features.3,1,4,2,0.46633249521255493
features.3,1,4,3,0.49302536249160767
features.3,1,4,5,0.006711750756949186
features.3,1,4,6,0.08308225125074387
features.3,1,4,7,0.0729830265045166
features.3,1,4,8,0.539593517780304
features.3,1,4,9,0.2284429371356964
features.3,1,4,10,0.37996530532836914
features.3,1,4,11,0.2169623076915741
features.3,1,4,12,0.005106714554131031
features.3,1,4,13,0.7878485321998596
features.3,1,4,14,0.40680524706840515
features.3,1,4,15,0.3187236487865448
features.3,1,4,16,0.4278191030025482
features.3,1,4,17,0.7070509791374207
features.3,1,4,18,0.09631195664405823
features.3,1,4,19,0.36203134059906006
features.3,1,4,20,0.15324920415878296
features.3,1,4,21,0.1323114037513733
features.3,1,4,22,0.3114555776119232
features.3,1,4,23,0.48586949706077576
features.3,1,4,24,0.04657062888145447
features.3,1,4,25,0.08888813853263855
features.3,1,4,26,0.1878717839717865
features.3,1,4,27,0.2525326609611511
features.3,1,4,28,0.04865475744009018
features.3,1,4,29,0.5319031476974487
features.3,1,4,30,0.18872018158435822
features.3,1,4,31,0.29394498467445374
features.3,1,4,32,0.00942396279424429
features.3,1,4,33,0.06899861246347427
features.3,1,4,34,0.06262798607349396
features.3,1,4,35,0.24392710626125336
features.3,1,4,36,0.27050086855888367
features.3,1,4,37,0.4363177716732025
features.3,1,4,38,0.1282566338777542
features.3,1,4,39,0.54539954662323
features.3,1,4,40,0.060479529201984406
features.3,1,4,41,0.5441221594810486
features.3,1,4,42,0.31418806314468384
features.3,1,4,43,0.35302281379699707
features.3,1,4,44,0.4822671711444855
features.3,1,4,45,0.4103756248950958
features.3,1,4,46,0.3371220529079437
features.3,1,4,47,0.35557621717453003
features.3,1,4,48,0.2824239730834961
features.3,1,4,49,0.7130146026611328
features.3,1,4,50,0.02024276927113533
features.3,1,4,51,0.4691246449947357
features.3,1,4,52,0.446344256401062
features.3,1,4,53,0.4284028708934784
features.3,1,4,54,0.01350010558962822
features.3,1,4,55,0.7085787057876587
features.3,1,4,56,0.1997670978307724
features.3,1,4,57,0.6103410720825195
features.3,1,4,58,0.05722685158252716
features.3,1,4,59,0.24389725923538208
features.3,1,4,60,0.6457964181900024
features.3,1,4,61,0.1729488968849182
features.3,1,5,0,0.3589400351047516
features.3,1,5,1,0.09174634516239166
features.3,1,5,2,0.5847751498222351
features.3,1,5,3,0.1910409927368164
features.3,1,5,4,0.006711750756949186
features.3,1,5,6,0.06905337423086166
features.3,1,5,7,0.22391046583652496
features.3,1,5,8,0.188528373837471
features.3,1,5,9,0.08921489119529724
features.3,1,5,10,0.37544167041778564
features.3,1,5,11,0.3952707350254059
features.3,1,5,12,0.47487911581993103
features.3,1,5,13,0.39384326338768005
features.3,1,5,14,0.22106941044330597
features.3,1,5,15,0.016036944463849068
features.3,1,5,16,0.4079992473125458
features.3,1,5,17,0.4978671371936798
features.3,1,5,18,0.4489651024341583
features.3,1,5,19,0.07723368704319
features.3,1,5,20,0.5908502340316772
features.3,1,5,21,0.15303857624530792
features.3,1,5,22,0.13450030982494354
features.3,1,5,23,0.0349787138402462
features.3,1,5,24,0.37092235684394836
features.3,1,5,25,0.48941412568092346
features.3,1,5,26,0.35136857628822327
features.3,1,5,27,0.08298321068286896
features.3,1,5,28,0.9557023048400879
features.3,1,5,29,0.011218602769076824
features.3,1,5,30,0.01841483637690544
features.3,1,5,31,0.6697662472724915
features.3,1,5,32,0.6633357405662537
features.3,1,5,33,0.484117716550827
features.3,1,5,34,0.6105970740318298
features.3,1,5,35,0.5807950496673584
features.3,1,5,36,0.7730858325958252
features.3,1,5,37,0.5389267206192017
features.3,1,5,38,0.554378867149353
features.3,1,5,39,0.0337306372821331
features.3,1,5,40,0.48581722378730774
features.3,1,5,41,0.41396424174308777
features.3,1,5,42,0.5031099915504456
features.3,1,5,43,0.1900947093963623
features.3,1,5,44,0.4245048463344574
features.3,1,5,45,0.1529068648815155
features.3,1,5,46,0.05768277496099472
features.3,1,5,47,0.35952362418174744
features.3,1,5,48,0.19769352674484253
features.3,1,5,49,0.15664899349212646
features.3,1,5,50,0.4011640250682831
features.3,1,5,51,0.290158212184906
features.3,1,5,52,0.07111059874296188
features.3,1,5,53,0.39233240485191345
features.3,1,5,54,0.8046038746833801
features.3,1,5,55,0.03327629715204239
features.3,1,5,56,0.28744229674339294
features.3,1,5,57,0.053335245698690414
features.3,1,5,58,0.3494833707809448
features.3,1,5,59,0.41143402457237244
features.3,1,5,60,0.11737153679132462
features.3,1,5,61,0.18966642022132874
features.3,1,6,0,0.11313880980014801
features.3,1,6,1,0.05740772560238838
features.3,1,6,2,0.18134289979934692
features.3,1,6,3,0.37412509322166443
features.3,1,6,4,0.08308225125074387
features.3,1,6,5,0.06905337423086166
features.3,1,6,7,0.35719361901283264
features.3,1,6,8,0.4071144163608551
features.3,1,6,9,0.0813198834657669
features.3,1,6,10,0.2619834244251251
features.3,1,6,11,0.39534062147140503
features.3,1,6,12,0.057211559265851974
features.3,1,6,13,0.25957316160202026
features.3,1,6,14,0.32289063930511475
features.3,1,6,15,0.20544373989105225
features.3,1,6,16,0.31991299986839294
features.3,1,6,17,0.055342335253953934
features.3,1,6,18,0.037131741642951965
features.3,1,6,19,0.5714448690414429
features.3,1,6,20,0.05628248676657677
features.3,1,6,21,0.03794325888156891
features.3,1,6,22,0.45567119121551514
features.3,1,6,23,0.4233812689781189
features.3,1,6,24,0.07834824174642563
features.3,1,6,25,0.20231661200523376
features.3,1,6,26,0.16712777316570282
features.3,1,6,27,0.06260083615779877
features.3,1,6,28,0.14464305341243744
features.3,1,6,29,0.34312933683395386
features.3,1,6,30,0.23565629124641418
features.3,1,6,31,0.10693904012441635
features.3,1,6,32,0.11371637135744095
features.3,1,6,33,0.059029534459114075
features.3,1,6,34,0.05633072555065155
features.3,1,6,35,0.2353816032409668
features.3,1,6,36,0.10137508064508438
features.3,1,6,37,0.6508530974388123
features.3,1,6,38,0.2819409668445587
features.3,1,6,39,0.11524626612663269
features.3,1,6,40,0.19728945195674896
features.3,1,6,41,0.13378232717514038
features.3,1,6,42,0.04498487338423729
features.3,1,6,43,0.08242080360651016
features.3,1,6,44,0.05714962258934975
features.3,1,6,45,0.023871641606092453
features.3,1,6,46,0.6290414929389954
features.3,1,6,47,0.05806523561477661
features.3,1,6,48,0.4080210030078888
features.3,1,6,49,0.15334729850292206
features.3,1,6,50,0.11951372772455215
features.3,1,6,51,0.03813747689127922
features.3,1,6,52,0.36663106083869934
features.3,1,6,53,0.11407981067895889
features.3,1,6,54,0.0014748586108908057
features.3,1,6,55,0.024924594908952713
features.3,1,6,56,0.08644948154687881
features.3,1,6,57,0.09724133461713791
features.3,1,6,58,0.00988464243710041
features.3,1,6,59,0.09997347742319107
features.3,1,6,60,0.12827135622501373
features.3,1,6,61,0.09392504394054413
features.3,1,7,0,0.06024719402194023
features.3,1,7,1,0.47044405341148376
features.3,1,7,2,0.0306527242064476
features.3,1,7,3,0.49151328206062317
features.3,1,7,4,0.0729830265045166
features.3,1,7,5,0.22391046583652496
features.3,1,7,6,0.35719361901283264
features.3,1,7,8,0.551800549030304
features.3,1,7,9,0.1780773550271988
features.3,1,7,10,0.14859525859355927
features.3,1,7,11,0.053587403148412704
features.3,1,7,12,0.311184823513031
features.3,1,7,13,0.15566150844097137
features.3,1,7,14,0.37665683031082153
features.3,1,7,15,0.13612525165081024
features.3,1,7,16,0.37126821279525757
features.3,1,7,17,0.03738368675112724
features.3,1,7,18,0.014727712608873844
features.3,1,7,19,0.28998443484306335
features.3,1,7,20,0.31847047805786133
features.3,1,7,21,0.24552761018276215
features.3,1,7,22,0.39318519830703735
features.3,1,7,23,0.2116054743528366
features.3,1,7,24,0.07081199437379837
features.3,1,7,25,0.024742700159549713
features.3,1,7,26,0.4564119875431061
features.3,1,7,27,0.3193534314632416
features.3,1,7,28,0.01818619668483734
features.3,1,7,29,0.5017409920692444
features.3,1,7,30,0.1187063604593277
features.3,1,7,31,0.20517048239707947
features.3,1,7,32,0.29814180731773376
features.3,1,7,33,0.18183021247386932
features.3,1,7,34,0.0337783619761467
features.3,1,7,35,0.04774852097034454
features.3,1,7,36,0.2883225679397583
features.3,1,7,37,0.05538676679134369
features.3,1,7,38,0.7163334488868713
features.3,1,7,39,0.2573898732662201
features.3,1,7,40,0.7277482151985168
features.3,1,7,41,0.12690149247646332
features.3,1,7,42,0.004402818623930216
features.3,1,7,43,0.5476517677307129
features.3,1,7,44,0.08074906468391418
features.3,1,7,45,0.36002346873283386
features.3,1,7,46,0.30306118726730347
features.3,1,7,47,0.30341917276382446
features.3,1,7,48,0.42095690965652466
features.3,1,7,49,0.30999597907066345
features.3,1,7,50,0.5628505349159241
features.3,1,7,51,0.05737724527716637
features.3,1,7,52,0.06865005940198898
features.3,1,7,53,0.024202043190598488
features.3,1,7,54,0.34476226568222046
features.3,1,7,55,0.09312231093645096
features.3,1,7,56,0.4259659945964813
features.3,1,7,57,0.040537029504776
features.3,1,7,58,0.015351654961705208
features.3,1,7,59,0.23521487414836884
features.3,1,7,60,0.12447240203619003
features.3,1,7,61,0.2110118716955185
features.3,1,8,0,0.2951963543891907
features.3,1,8,1,0.10420700907707214
features.3,1,8,2,0.10620959848165512
features.3,1,8,3,0.03997804597020149
features.3,1,8,4,0.539593517780304
features.3,1,8,5,0.188528373837471
features.3,1,8,6,0.4071144163608551
features.3,1,8,7,0.551800549030304
features.3,1,8,9,0.21430078148841858
features.3,1,8,10,0.2408306747674942
features.3,1,8,11,0.1838800460100174
features.3,1,8,12,0.528181254863739
features.3,1,8,13,0.4615866541862488
features.3,1,8,14,0.008142968639731407
features.3,1,8,15,0.3405046761035919
features.3,1,8,16,0.2937203347682953
features.3,1,8,17,0.2546367645263672
features.3,1,8,18,0.41385897994041443
features.3,1,8,19,0.08928557485342026
features.3,1,8,20,0.22314971685409546
features.3,1,8,21,0.7161164879798889
features.3,1,8,22,0.2609845697879791
features.3,1,8,23,0.2825561761856079
features.3,1,8,24,0.2757355272769928
features.3,1,8,25,0.024068061262369156
features.3,1,8,26,0.38227197527885437
features.3,1,8,27,0.43851134181022644
features.3,1,8,28,0.04761296883225441
features.3,1,8,29,0.17381501197814941
features.3,1,8,30,0.18497855961322784
features.3,1,8,31,0.2967450022697449
features.3,1,8,32,0.3842714726924896
features.3,1,8,33,0.41577237844467163
features.3,1,8,34,0.07629089802503586
features.3,1,8,35,0.028790758922696114
features.3,1,8,36,0.3827888071537018
features.3,1,8,37,0.144975945353508
features.3,1,8,38,0.3605289161205292
features.3,1,8,39,0.26702460646629333
features.3,1,8,40,0.6455749869346619
features.3,1,8,41,0.18887999653816223
features.3,1,8,42,0.04727547988295555
features.3,1,8,43,0.536822497844696
features.3,1,8,44,0.3016851842403412
features.3,1,8,45,0.04083926975727081
features.3,1,8,46,0.1604364961385727
features.3,1,8,47,0.17104950547218323
features.3,1,8,48,0.15371772646903992
features.3,1,8,49,0.23337700963020325
features.3,1,8,50,0.4090123176574707
features.3,1,8,51,0.048249419778585434
features.3,1,8,52,0.2586533725261688
features.3,1,8,53,0.11816611886024475
features.3,1,8,54,0.13959060609340668
features.3,1,8,55,0.6533941626548767
features.3,1,8,56,0.25109755992889404
features.3,1,8,57,0.249639093875885
features.3,1,8,58,0.21185949444770813
features.3,1,8,59,0.1844448447227478
features.3,1,8,60,0.5150028467178345
features.3,1,8,61,0.09993960708379745
features.3,1,9,0,0.02953113429248333
features.3,1,9,1,0.029057005420327187
features.3,1,9,2,0.026211848482489586
features.3,1,9,3,0.005433930084109306
features.3,1,9,4,0.2284429371356964
features.3,1,9,5,0.08921489119529724
features.3,1,9,6,0.0813198834657669
features.3,1,9,7,0.1780773550271988
features.3,1,9,8,0.21430078148841858
features.3,1,9,10,0.00036181166069582105
features.3,1,9,11,0.40570393204689026
features.3,1,9,12,0.2140381634235382
features.3,1,9,13,0.34788239002227783
features.3,1,9,14,0.09533203393220901
features.3,1,9,15,0.2378554493188858
features.3,1,9,16,0.12346763163805008
features.3,1,9,17,0.01884547621011734
features.3,1,9,18,0.22036369144916534
features.3,1,9,19,0.03329260274767876
features.3,1,9,20,0.17705626785755157
features.3,1,9,21,0.04983365908265114
features.3,1,9,22,0.13658154010772705
features.3,1,9,23,0.2185835838317871
features.3,1,9,24,0.13400930166244507
features.3,1,9,25,0.1694667935371399
features.3,1,9,26,0.2703728675842285
features.3,1,9,27,0.29633602499961853
features.3,1,9,28,0.00520442146807909
features.3,1,9,29,0.04852030426263809
features.3,1,9,30,0.08669838309288025
features.3,1,9,31,0.03238232433795929
features.3,1,9,32,0.11483877152204514
features.3,1,9,33,0.1802380234003067
features.3,1,9,34,0.3422072231769562
features.3,1,9,35,0.059552110731601715
features.3,1,9,36,0.03851047158241272
features.3,1,9,37,0.25463399291038513
features.3,1,9,38,0.059634655714035034
features.3,1,9,39,0.12917901575565338
features.3,1,9,40,0.10744185000658035
features.3,1,9,41,0.013453109189867973
features.3,1,9,42,0.09011925756931305
features.3,1,9,43,0.07528772950172424
features.3,1,9,44,0.3252386152744293
features.3,1,9,45,0.044078368693590164
features.3,1,9,46,0.008695202879607677
features.3,1,9,47,0.31781554222106934
features.3,1,9,48,0.16285626590251923
features.3,1,9,49,0.12392023950815201
features.3,1,9,50,0.005504673346877098
features.3,1,9,51,0.2759760320186615
features.3,1,9,52,0.09255430102348328
features.3,1,9,53,0.03238312527537346
features.3,1,9,54,0.018855242058634758
features.3,1,9,55,0.32456204295158386
features.3,1,9,56,0.29462939500808716
features.3,1,9,57,0.15438061952590942
features.3,1,9,58,0.12639087438583374
features.3,1,9,59,0.17939987778663635
features.3,1,9,60,0.29338759183883667
features.3,1,9,61,0.007218550890684128
features.3,1,10,0,0.2935827374458313
features.3,1,10,1,0.008967656642198563
features.3,1,10,2,0.0689161866903305
features.3,1,10,3,0.14793695509433746
features.3,1,10,4,0.37996530532836914
features.3,1,10,5,0.37544167041778564
features.3,1,10,6,0.2619834244251251
features.3,1,10,7,0.14859525859355927
features.3,1,10,8,0.2408306747674942
features.3,1,10,9,0.00036181166069582105
features.3,1,10,11,0.32673579454421997
features.3,1,10,12,0.07414673268795013
features.3,1,10,13,0.3073815405368805
features.3,1,10,14,0.3495083749294281
features.3,1,10,15,0.4966786205768585
features.3,1,10,16,0.9267956614494324
features.3,1,10,17,0.2822429835796356
features.3,1,10,18,0.011697259731590748
features.3,1,10,19,0.2557811141014099
features.3,1,10,20,0.08148424327373505
features.3,1,10,21,0.11528737097978592
features.3,1,10,22,0.6972562074661255
features.3,1,10,23,0.39321741461753845
features.3,1,10,24,0.3065846562385559
features.3,1,10,25,0.018404506146907806
features.3,1,10,26,0.264940470457077
features.3,1,10,27,0.4654059410095215
features.3,1,10,28,0.3484039306640625
features.3,1,10,29,0.09899234771728516
features.3,1,10,30,0.41584327816963196
features.3,1,10,31,0.6420716643333435
features.3,1,10,32,0.029283734038472176
features.3,1,10,33,0.15780571103096008
features.3,1,10,34,0.31096309423446655
features.3,1,10,35,0.177765354514122
features.3,1,10,36,0.5241787433624268
features.3,1,10,37,0.32936057448387146
features.3,1,10,38,0.3629651665687561
features.3,1,10,39,0.004885608796030283
features.3,1,10,40,0.2527504861354828
features.3,1,10,41,0.8365902900695801
features.3,1,10,42,0.6203241348266602
features.3,1,10,43,0.45020827651023865
features.3,1,10,44,0.019497081637382507
features.3,1,10,45,0.6196323037147522
features.3,1,10,46,0.13380056619644165
features.3,1,10,47,0.08927015215158463
features.3,1,10,48,0.16546319425106049
features.3,1,10,49,0.48554301261901855
features.3,1,10,50,0.012107275426387787
features.3,1,10,51,0.16305720806121826
features.3,1,10,52,0.3958214223384857
features.3,1,10,53,0.13114994764328003
features.3,1,10,54,0.16864272952079773
features.3,1,10,55,0.007635247427970171
features.3,1,10,56,0.16382138431072235
features.3,1,10,57,0.6649577021598816
features.3,1,10,58,0.24487029016017914
features.3,1,10,59,0.16714657843112946
features.3,1,10,60,0.42817944288253784
features.3,1,10,61,0.07414707541465759
features.3,1,11,0,0.5321243405342102
features.3,1,11,1,0.11125175654888153
features.3,1,11,2,0.18955539166927338
features.3,1,11,3,0.03331175446510315
features.3,1,11,4,0.2169623076915741
features.3,1,11,5,0.3952707350254059
features.3,1,11,6,0.39534062147140503
features.3,1,11,7,0.053587403148412704
features.3,1,11,8,0.1838800460100174
features.3,1,11,9,0.40570393204689026
features.3,1,11,10,0.32673579454421997
features.3,1,11,12,0.6626379489898682
features.3,1,11,13,0.583926796913147
features.3,1,11,14,0.025815801694989204
features.3,1,11,15,0.09737648814916611
features.3,1,11,16,0.20510730147361755
features.3,1,11,17,0.34310510754585266
features.3,1,11,18,0.3967494070529938
features.3,1,11,19,0.015697775408625603
features.3,1,11,20,0.5906212329864502
features.3,1,11,21,0.4198523461818695
features.3,1,11,22,0.5845702290534973
features.3,1,11,23,0.13200007379055023
features.3,1,11,24,0.6299107670783997
features.3,1,11,25,0.4700000584125519
features.3,1,11,26,0.5921217799186707
features.3,1,11,27,0.7242226600646973
features.3,1,11,28,0.381298691034317
features.3,1,11,29,0.5296134948730469
features.3,1,11,30,0.537740170955658
features.3,1,11,31,0.2923377752304077
features.3,1,11,32,0.6391292810440063
features.3,1,11,33,0.6481009721755981
features.3,1,11,34,0.11467736959457397
features.3,1,11,35,0.34277260303497314
features.3,1,11,36,0.27438196539878845
features.3,1,11,37,0.4369496703147888
features.3,1,11,38,0.09196853637695312
features.3,1,11,39,0.32969483733177185
features.3,1,11,40,0.24330705404281616
features.3,1,11,41,0.13677066564559937
features.3,1,11,42,0.13213399052619934
features.3,1,11,43,0.12176778167486191
features.3,1,11,44,0.05018331855535507
features.3,1,11,45,0.36102911829948425
features.3,1,11,46,0.4601215422153473
features.3,1,11,47,0.10528941452503204
features.3,1,11,48,0.008659601211547852
features.3,1,11,49,0.016300132498145103
features.3,1,11,50,0.2433321624994278
features.3,1,11,51,0.033497512340545654
features.3,1,11,52,0.06316181272268295
features.3,1,11,53,0.310608834028244
features.3,1,11,54,0.44779515266418457
features.3,1,11,55,0.6676692962646484
features.3,1,11,56,0.06434392929077148
features.3,1,11,57,0.039159517735242844
features.3,1,11,58,0.4393778145313263
features.3,1,11,59,0.36294636130332947
features.3,1,11,60,0.24282950162887573
features.3,1,11,61,0.1556238979101181
features.3,1,12,0,0.4604272246360779
features.3,1,12,1,0.1390896439552307
features.3,1,12,2,0.4112589657306671
features.3,1,12,3,0.003520071506500244
features.3,1,12,4,0.005106714554131031
features.3,1,12,5,0.47487911581993103
features.3,1,12,6,0.057211559265851974
features.3,1,12,7,0.311184823513031
features.3,1,12,8,0.528181254863739
features.3,1,12,9,0.2140381634235382
features.3,1,12,10,0.07414673268795013
features.3,1,12,11,0.6626379489898682
features.3,1,12,13,0.39679378271102905
features.3,1,12,14,0.03830576315522194
features.3,1,12,15,0.058643996715545654
features.3,1,12,16,0.013998563401401043
features.3,1,12,17,0.4453416168689728
features.3,1,12,18,0.5613093376159668
features.3,1,12,19,0.10352839529514313
features.3,1,12,20,0.6554728746414185
features.3,1,12,21,0.8365650773048401
features.3,1,12,22,0.34109827876091003
features.3,1,12,23,0.31135448813438416
features.3,1,12,24,0.5643758773803711
features.3,1,12,25,0.4506397545337677
features.3,1,12,26,0.7798071503639221
features.3,1,12,27,0.4669652581214905
features.3,1,12,28,0.3988702893257141
features.3,1,12,29,0.2328217774629593
features.3,1,12,30,0.43973639607429504
features.3,1,12,31,0.3705509901046753
features.3,1,12,32,0.6622863411903381
features.3,1,12,33,0.6829739212989807
features.3,1,12,34,0.3115044832229614
features.3,1,12,35,0.47138288617134094
features.3,1,12,36,0.4356383681297302
features.3,1,12,37,0.3831999599933624
features.3,1,12,38,0.35686421394348145
features.3,1,12,39,0.11101057380437851
features.3,1,12,40,0.7970272898674011
features.3,1,12,41,0.07485469430685043
features.3,1,12,42,0.008036653511226177
features.3,1,12,43,0.3693097233772278
features.3,1,12,44,0.12520547211170197
features.3,1,12,45,0.2931591868400574
features.3,1,12,46,0.3952242434024811
features.3,1,12,47,0.19528333842754364
features.3,1,12,48,0.2017865926027298
features.3,1,12,49,0.09891024976968765
features.3,1,12,50,0.40590402483940125
features.3,1,12,51,0.3335055112838745
features.3,1,12,52,0.3601627051830292
features.3,1,12,53,0.6684978008270264
features.3,1,12,54,0.4108699858188629
features.3,1,12,55,0.47401517629623413
features.3,1,12,56,0.347877562046051
features.3,1,12,57,0.02779315784573555
features.3,1,12,58,0.23734264075756073
features.3,1,12,59,0.5127245187759399
features.3,1,12,60,0.3289501667022705
features.3,1,12,61,0.03915336728096008
features.3,1,13,0,0.08728443086147308
features.3,1,13,1,0.0687054842710495
features.3,1,13,2,0.004353869240731001
features.3,1,13,3,0.42420485615730286
features.3,1,13,4,0.7878485321998596
features.3,1,13,5,0.39384326338768005
features.3,1,13,6,0.25957316160202026
features.3,1,13,7,0.15566150844097137
features.3,1,13,8,0.4615866541862488
features.3,1,13,9,0.34788239002227783
features.3,1,13,10,0.3073815405368805
features.3,1,13,11,0.583926796913147
features.3,1,13,12,0.39679378271102905
features.3,1,13,14,0.12041333317756653
features.3,1,13,15,0.005431992933154106
features.3,1,13,16,0.38965722918510437
features.3,1,13,17,0.28382325172424316
features.3,1,13,18,0.15153956413269043
features.3,1,13,19,0.41305455565452576
features.3,1,13,20,0.28992465138435364
features.3,1,13,21,0.29793789982795715
features.3,1,13,22,0.188811793923378
features.3,1,13,23,0.5000351667404175
features.3,1,13,24,0.07988361269235611
features.3,1,13,25,0.28168293833732605
features.3,1,13,26,0.2070004642009735
features.3,1,13,27,0.3907226622104645
features.3,1,13,28,0.271641343832016
features.3,1,13,29,0.6430287957191467
features.3,1,13,30,0.39430999755859375
features.3,1,13,31,0.5163803696632385
features.3,1,13,32,0.2754520773887634
features.3,1,13,33,0.29870831966400146
features.3,1,13,34,0.18968985974788666
features.3,1,13,35,0.22965218126773834
features.3,1,13,36,0.6024691462516785
features.3,1,13,37,0.6812724471092224
features.3,1,13,38,0.08804237842559814
features.3,1,13,39,0.5481224060058594
features.3,1,13,40,0.37741219997406006
features.3,1,13,41,0.5704758763313293
features.3,1,13,42,0.4904341697692871
features.3,1,13,43,0.5022855997085571
features.3,1,13,44,0.2605787515640259
features.3,1,13,45,0.20247836410999298
features.3,1,13,46,0.44782838225364685
features.3,1,13,47,0.05578308552503586
features.3,1,13,48,0.29413652420043945
features.3,1,13,49,0.4439414143562317
features.3,1,13,50,0.1924811750650406
features.3,1,13,51,0.22773097455501556
features.3,1,13,52,0.49090027809143066
features.3,1,13,53,0.08881059288978577
features.3,1,13,54,0.4021970331668854
features.3,1,13,55,0.7284514904022217
features.3,1,13,56,0.02541501075029373
features.3,1,13,57,0.48296287655830383
features.3,1,13,58,0.06517211347818375
features.3,1,13,59,0.01879572682082653
features.3,1,13,60,0.5049275159835815
features.3,1,13,61,0.011947104707360268
features.3,1,14,0,0.033759620040655136
features.3,1,14,1,0.47250688076019287
features.3,1,14,2,0.46077457070350647
features.3,1,14,3,0.4458106458187103
features.3,1,14,4,0.40680524706840515
features.3,1,14,5,0.22106941044330597
features.3,1,14,6,0.32289063930511475
features.3,1,14,7,0.37665683031082153
features.3,1,14,8,0.008142968639731407
features.3,1,14,9,0.09533203393220901
features.3,1,14,10,0.3495083749294281
features.3,1,14,11,0.025815801694989204
features.3,1,14,12,0.03830576315522194
features.3,1,14,13,0.12041333317756653
features.3,1,14,15,0.6545416712760925
features.3,1,14,16,0.24978023767471313
features.3,1,14,17,0.3588828444480896
features.3,1,14,18,0.22170047461986542
features.3,1,14,19,0.3405114412307739
features.3,1,14,20,0.2690027356147766
features.3,1,14,21,0.05623007193207741
features.3,1,14,22,0.17308367788791656
features.3,1,14,23,0.4390607178211212
features.3,1,14,24,0.03827478736639023
features.3,1,14,25,0.02279079146683216
features.3,1,14,26,0.3577158451080322
features.3,1,14,27,0.28399670124053955
features.3,1,14,28,0.0658639445900917
features.3,1,14,29,0.19353874027729034
features.3,1,14,30,0.05794237181544304
features.3,1,14,31,0.2064628005027771
features.3,1,14,32,0.17364323139190674
features.3,1,14,33,0.04518546909093857
features.3,1,14,34,0.019700882956385612
features.3,1,14,35,0.4913669526576996
features.3,1,14,36,0.09583349525928497
features.3,1,14,37,0.3569950759410858
features.3,1,14,38,0.2649703621864319
features.3,1,14,39,0.05813750624656677
features.3,1,14,40,0.1619909405708313
features.3,1,14,41,0.3136802613735199
features.3,1,14,42,0.12685701251029968
features.3,1,14,43,0.025322813540697098
features.3,1,14,44,0.05901157483458519
features.3,1,14,45,0.5195407867431641
features.3,1,14,46,0.4653252363204956
features.3,1,14,47,0.28820744156837463
features.3,1,14,48,0.46795669198036194
features.3,1,14,49,0.672835648059845
features.3,1,14,50,0.20352348685264587
features.3,1,14,51,0.2627221345901489
features.3,1,14,52,0.22308531403541565
features.3,1,14,53,0.12413211911916733
features.3,1,14,54,0.3302483856678009
features.3,1,14,55,0.22785863280296326
features.3,1,14,56,0.37795940041542053
features.3,1,14,57,0.6035635471343994
features.3,1,14,58,0.05831388756632805
features.3,1,14,59,0.1138029545545578
features.3,1,14,60,0.6148091554641724
features.3,1,14,61,0.28326675295829773
features.3,1,15,0,0.23148168623447418
features.3,1,15,1,0.3869107961654663
features.3,1,15,2,0.5109506249427795
features.3,1,15,3,0.07680241763591766
features.3,1,15,4,0.3187236487865448
features.3,1,15,5,0.016036944463849068
features.3,1,15,6,0.20544373989105225
features.3,1,15,7,0.13612525165081024
features.3,1,15,8,0.3405046761035919
features.3,1,15,9,0.2378554493188858
features.3,1,15,10,0.4966786205768585
features.3,1,15,11,0.09737648814916611
features.3,1,15,12,0.058643996715545654
features.3,1,15,13,0.005431992933154106
features.3,1,15,14,0.6545416712760925
features.3,1,15,16,0.513338565826416
features.3,1,15,17,0.21137507259845734
features.3,1,15,18,0.26687201857566833
features.3,1,15,19,0.04992741346359253
features.3,1,15,20,0.11362548172473907
features.3,1,15,21,0.0533871166408062
features.3,1,15,22,0.03154921531677246
features.3,1,15,23,0.13022466003894806
features.3,1,15,24,0.226557195186615
features.3,1,15,25,0.17276541888713837
features.3,1,15,26,0.06346040219068527
features.3,1,15,27,0.12063508480787277
features.3,1,15,28,0.04900824651122093
features.3,1,15,29,0.31386205554008484
features.3,1,15,30,0.46162402629852295
features.3,1,15,31,0.2747454345226288
features.3,1,15,32,0.1292649805545807
features.3,1,15,33,0.17317606508731842
features.3,1,15,34,0.025867847725749016
features.3,1,15,35,0.604615330696106
features.3,1,15,36,0.045001186430454254
features.3,1,15,37,0.1419055312871933
features.3,1,15,38,0.1350417137145996
features.3,1,15,39,0.3391225039958954
features.3,1,15,40,0.1078668013215065
features.3,1,15,41,0.23804132640361786
features.3,1,15,42,0.011106405407190323
features.3,1,15,43,0.0023275914136320353
features.3,1,15,44,0.00434411084279418
features.3,1,15,45,0.2537103593349457
features.3,1,15,46,0.031156763434410095
features.3,1,15,47,0.2168353945016861
features.3,1,15,48,0.17312288284301758
features.3,1,15,49,0.44764596223831177
features.3,1,15,50,0.12461818754673004
features.3,1,15,51,0.18322236835956573
features.3,1,15,52,0.17694240808486938
features.3,1,15,53,0.004253924824297428
features.3,1,15,54,0.16706538200378418
features.3,1,15,55,0.1979791671037674
features.3,1,15,56,0.24089106917381287
features.3,1,15,57,0.409197062253952
features.3,1,15,58,0.11084526777267456
features.3,1,15,59,0.08220452070236206
features.3,1,15,60,0.5493056178092957
features.3,1,15,61,0.4707827568054199
features.3,1,16,0,0.2850763201713562
features.3,1,16,1,0.1078331470489502
features.3,1,16,2,0.16565543413162231
features.3,1,16,3,0.014289242215454578
features.3,1,16,4,0.4278191030025482
features.3,1,16,5,0.4079992473125458
features.3,1,16,6,0.31991299986839294
features.3,1,16,7,0.37126821279525757
features.3,1,16,8,0.2937203347682953
features.3,1,16,9,0.12346763163805008
features.3,1,16,10,0.9267956614494324
features.3,1,16,11,0.20510730147361755
features.3,1,16,12,0.013998563401401043
features.3,1,16,13,0.38965722918510437
features.3,1,16,14,0.24978023767471313
features.3,1,16,15,0.513338565826416
features.3,1,16,17,0.27060961723327637
features.3,1,16,18,0.05219537764787674
features.3,1,16,19,0.042036183178424835
features.3,1,16,20,0.02539820224046707
features.3,1,16,21,0.14947576820850372
features.3,1,16,22,0.6954323649406433
features.3,1,16,23,0.41420286893844604
features.3,1,16,24,0.3140189051628113
features.3,1,16,25,0.04883347824215889
features.3,1,16,26,0.1278163641691208
features.3,1,16,27,0.2535693943500519
features.3,1,16,28,0.3280419707298279
features.3,1,16,29,0.19634246826171875
features.3,1,16,30,0.33047035336494446
features.3,1,16,31,0.6647161841392517
features.3,1,16,32,0.0589023195207119
features.3,1,16,33,0.13602562248706818
features.3,1,16,34,0.18813945353031158
features.3,1,16,35,0.28113195300102234
features.3,1,16,36,0.5429272055625916
features.3,1,16,37,0.33281415700912476
features.3,1,16,38,0.4152083396911621
features.3,1,16,39,0.03558068722486496
features.3,1,16,40,0.3467581868171692
features.3,1,16,41,0.7493718266487122
features.3,1,16,42,0.6612735390663147
features.3,1,16,43,0.4437297582626343
features.3,1,16,44,0.0758705660700798
features.3,1,16,45,0.49658331274986267
features.3,1,16,46,0.2895197868347168
features.3,1,16,47,0.11496643722057343
features.3,1,16,48,0.4080527424812317
features.3,1,16,49,0.4094865024089813
features.3,1,16,50,0.06998077780008316
features.3,1,16,51,0.3119187355041504
features.3,1,16,52,0.3915438950061798
features.3,1,16,53,0.2577778100967407
features.3,1,16,54,0.270889014005661
features.3,1,16,55,0.07642149925231934
features.3,1,16,56,0.18141019344329834
features.3,1,16,57,0.6620839238166809
features.3,1,16,58,0.23116865754127502
features.3,1,16,59,0.13681119680404663
features.3,1,16,60,0.3783954381942749
features.3,1,16,61,0.06761115789413452
features.3,1,17,0,0.45373955368995667
features.3,1,17,1,0.2228253185749054
features.3,1,17,2,0.5466304421424866
features.3,1,17,3,0.5655079483985901
features.3,1,17,4,0.7070509791374207
features.3,1,17,5,0.4978671371936798
features.3,1,17,6,0.055342335253953934
features.3,1,17,7,0.03738368675112724
features.3,1,17,8,0.2546367645263672
features.3,1,17,9,0.01884547621011734
features.3,1,17,10,0.2822429835796356
features.3,1,17,11,0.34310510754585266
features.3,1,17,12,0.4453416168689728
features.3,1,17,13,0.28382325172424316
features.3,1,17,14,0.3588828444480896
features.3,1,17,15,0.21137507259845734
features.3,1,17,16,0.27060961723327637
features.3,1,17,18,0.36709365248680115
features.3,1,17,19,0.2237192541360855
features.3,1,17,20,0.722870945930481
features.3,1,17,21,0.1057312935590744
features.3,1,17,22,0.4852029085159302
features.3,1,17,23,0.2874147891998291
features.3,1,17,24,0.5349031686782837
features.3,1,17,25,0.5699275135993958
features.3,1,17,26,0.6480618715286255
features.3,1,17,27,0.13288100063800812
features.3,1,17,28,0.5082042217254639
features.3,1,17,29,0.2774255573749542
features.3,1,17,30,0.006409340538084507
features.3,1,17,31,0.2270798236131668
features.3,1,17,32,0.6349964737892151
features.3,1,17,33,0.5318930745124817
features.3,1,17,34,0.4505213797092438
features.3,1,17,35,0.49104800820350647
features.3,1,17,36,0.23835080862045288
features.3,1,17,37,0.026477912440896034
features.3,1,17,38,0.3926965296268463
features.3,1,17,39,0.4149589240550995
features.3,1,17,40,0.26779982447624207
features.3,1,17,41,0.32316353917121887
features.3,1,17,42,0.028200214728713036
features.3,1,17,43,0.24594007432460785
features.3,1,17,44,0.7035409808158875
features.3,1,17,45,0.6224877238273621
features.3,1,17,46,0.10935468226671219
features.3,1,17,47,0.501152515411377
features.3,1,17,48,0.20672281086444855
features.3,1,17,49,0.7382887601852417
features.3,1,17,50,0.3825894892215729
features.3,1,17,51,0.6164119839668274
features.3,1,17,52,0.301230251789093
features.3,1,17,53,0.6156697273254395
features.3,1,17,54,0.5797817707061768
features.3,1,17,55,0.291626513004303
features.3,1,17,56,0.43120697140693665
features.3,1,17,57,0.5862936973571777
features.3,1,17,58,0.3869777023792267
features.3,1,17,59,0.6835058331489563
features.3,1,17,60,0.4440822899341583
features.3,1,17,61,0.010106808505952358
features.3,1,18,0,0.8078551292419434
features.3,1,18,1,0.4439731240272522
features.3,1,18,2,0.2112157791852951
features.3,1,18,3,0.1136951893568039
features.3,1,18,4,0.09631195664405823
features.3,1,18,5,0.4489651024341583
features.3,1,18,6,0.037131741642951965
features.3,1,18,7,0.014727712608873844
features.3,1,18,8,0.41385897994041443
features.3,1,18,9,0.22036369144916534
features.3,1,18,10,0.011697259731590748
features.3,1,18,11,0.3967494070529938
features.3,1,18,12,0.5613093376159668
features.3,1,18,13,0.15153956413269043
features.3,1,18,14,0.22170047461986542
features.3,1,18,15,0.26687201857566833
features.3,1,18,16,0.05219537764787674
features.3,1,18,17,0.36709365248680115
features.3,1,18,19,0.060617778450250626
features.3,1,18,20,0.5230720043182373
features.3,1,18,21,0.5320865511894226
features.3,1,18,22,0.3479383587837219
features.3,1,18,23,0.25137004256248474
features.3,1,18,24,0.8057346343994141
features.3,1,18,25,0.5530922412872314
features.3,1,18,26,0.41227465867996216
features.3,1,18,27,0.30296629667282104
features.3,1,18,28,0.5110023617744446
features.3,1,18,29,0.19050805270671844
features.3,1,18,30,0.11755812913179398
features.3,1,18,31,0.47264158725738525
features.3,1,18,32,0.7452859282493591
features.3,1,18,33,0.7612433433532715
features.3,1,18,34,0.5926724672317505
features.3,1,18,35,0.3341679573059082
features.3,1,18,36,0.40816745162010193
features.3,1,18,37,0.1896553486585617
features.3,1,18,38,0.3423357605934143
features.3,1,18,39,0.1371271163225174
features.3,1,18,40,0.35794970393180847
features.3,1,18,41,0.01673583686351776
features.3,1,18,42,0.11613665521144867
features.3,1,18,43,0.03546912595629692
features.3,1,18,44,0.5224306583404541
features.3,1,18,45,0.35401883721351624
features.3,1,18,46,0.31767353415489197
features.3,1,18,47,0.12214586138725281
features.3,1,18,48,0.2545333206653595
features.3,1,18,49,0.0788879245519638
features.3,1,18,50,0.5277485847473145
features.3,1,18,51,0.47013261914253235
features.3,1,18,52,0.24181365966796875
features.3,1,18,53,0.41225799918174744
features.3,1,18,54,0.418565034866333
features.3,1,18,55,0.33957383036613464
features.3,1,18,56,0.4251035749912262
features.3,1,18,57,0.13729073107242584
features.3,1,18,58,0.7458274960517883
features.3,1,18,59,0.7229361534118652
features.3,1,18,60,0.23174303770065308
features.3,1,18,61,0.14646512269973755
features.3,1,19,0,0.08175859600305557
features.3,1,19,1,0.007888680323958397
features.3,1,19,2,0.07365419715642929
features.3,1,19,3,0.43518421053886414
features.3,1,19,4,0.36203134059906006
features.3,1,19,5,0.07723368704319
features.3,1,19,6,0.5714448690414429
features.3,1,19,7,0.28998443484306335
features.3,1,19,8,0.08928557485342026
features.3,1,19,9,0.03329260274767876
features.3,1,19,10,0.2557811141014099
features.3,1,19,11,0.015697775408625603
features.3,1,19,12,0.10352839529514313
features.3,1,19,13,0.41305455565452576
features.3,1,19,14,0.3405114412307739
features.3,1,19,15,0.04992741346359253
features.3,1,19,16,0.042036183178424835
features.3,1,19,17,0.2237192541360855
features.3,1,19,18,0.060617778450250626
features.3,1,19,20,0.07403495162725449
features.3,1,19,21,0.04400768131017685
features.3,1,19,22,0.11676608771085739
features.3,1,19,23,0.5684094429016113
features.3,1,19,24,0.022772355005145073
features.3,1,19,25,0.35837674140930176
features.3,1,19,26,0.23452052474021912
features.3,1,19,27,0.2990033030509949
features.3,1,19,28,0.0834583044052124
features.3,1,19,29,0.39067357778549194
features.3,1,19,30,0.17748408019542694
features.3,1,19,31,0.19101792573928833
features.3,1,19,32,0.14742574095726013
features.3,1,19,33,0.1095208004117012
features.3,1,19,34,0.45291149616241455
features.3,1,19,35,0.3039744198322296
features.3,1,19,36,0.2651483118534088
features.3,1,19,37,0.5372979044914246
features.3,1,19,38,0.08783897012472153
features.3,1,19,39,0.08642895519733429
features.3,1,19,40,0.04967229440808296
features.3,1,19,41,0.6459723711013794
features.3,1,19,42,0.12107367068529129
features.3,1,19,43,0.34675854444503784
features.3,1,19,44,0.20747679471969604
features.3,1,19,45,0.24311906099319458
features.3,1,19,46,0.6797330379486084
features.3,1,19,47,0.13146531581878662
features.3,1,19,48,0.4040417969226837
features.3,1,19,49,0.25515538454055786
features.3,1,19,50,0.1675759106874466
features.3,1,19,51,0.2553645372390747
features.3,1,19,52,0.5680142641067505
features.3,1,19,53,0.12014176696538925
features.3,1,19,54,0.09608108550310135
features.3,1,19,55,0.09378228336572647
features.3,1,19,56,0.23753997683525085
features.3,1,19,57,0.15267765522003174
features.3,1,19,58,0.036030273884534836
features.3,1,19,59,0.002012860495597124
features.3,1,19,60,0.1537773162126541
features.3,1,19,61,0.08265925198793411
features.3,1,20,0,0.6194878220558167
features.3,1,20,1,0.24930229783058167
features.3,1,20,2,0.3591861426830292
features.3,1,20,3,0.5011358857154846
features.3,1,20,4,0.15324920415878296
features.3,1,20,5,0.5908502340316772
features.3,1,20,6,0.05628248676657677
features.3,1,20,7,0.31847047805786133
features.3,1,20,8,0.22314971685409546
features.3,1,20,9,0.17705626785755157
features.3,1,20,10,0.08148424327373505
features.3,1,20,11,0.5906212329864502
features.3,1,20,12,0.6554728746414185
features.3,1,20,13,0.28992465138435364
features.3,1,20,14,0.2690027356147766
features.3,1,20,15,0.11362548172473907
features.3,1,20,16,0.02539820224046707
features.3,1,20,17,0.722870945930481
features.3,1,20,18,0.5230720043182373
features.3,1,20,19,0.07403495162725449
features.3,1,20,21,0.3689822256565094
features.3,1,20,22,0.3099563419818878
features.3,1,20,23,0.026231903582811356
features.3,1,20,24,0.6343855857849121
features.3,1,20,25,0.8599136471748352
features.3,1,20,26,0.8463689088821411
features.3,1,20,27,0.5149093270301819
features.3,1,20,28,0.4812721312046051
features.3,1,20,29,0.036068107932806015
features.3,1,20,30,0.11193595826625824
features.3,1,20,31,0.6102739572525024
features.3,1,20,32,0.8637716174125671
features.3,1,20,33,0.8238121271133423
features.3,1,20,34,0.6695263981819153
features.3,1,20,35,0.5152575969696045
features.3,1,20,36,0.6239150762557983
features.3,1,20,37,0.29966631531715393
features.3,1,20,38,0.6208083629608154
features.3,1,20,39,0.15944145619869232
features.3,1,20,40,0.596281111240387
features.3,1,20,41,0.087166927754879
features.3,1,20,42,0.2558263838291168
features.3,1,20,43,0.14526845514774323
features.3,1,20,44,0.5959597826004028
features.3,1,20,45,0.6668586134910583
features.3,1,20,46,0.21708008646965027
features.3,1,20,47,0.4942459166049957
features.3,1,20,48,0.0960344448685646
features.3,1,20,49,0.5345763564109802
features.3,1,20,50,0.745092511177063
features.3,1,20,51,0.6355684399604797
features.3,1,20,52,0.015210002660751343
features.3,1,20,53,0.5081248879432678
features.3,1,20,54,0.8411647081375122
features.3,1,20,55,0.28482404351234436
features.3,1,20,56,0.6511806845664978
features.3,1,20,57,0.3810573220252991
features.3,1,20,58,0.5840945243835449
features.3,1,20,59,0.8088297247886658
features.3,1,20,60,0.2406103014945984
features.3,1,20,61,0.25265824794769287
features.3,1,21,0,0.34681710600852966
features.3,1,21,1,0.0998004674911499
features.3,1,21,2,0.27650418877601624
features.3,1,21,3,0.1872464269399643
features.3,1,21,4,0.1323114037513733
features.3,1,21,5,0.15303857624530792
features.3,1,21,6,0.03794325888156891
features.3,1,21,7,0.24552761018276215
features.3,1,21,8,0.7161164879798889
features.3,1,21,9,0.04983365908265114
features.3,1,21,10,0.11528737097978592
features.3,1,21,11,0.4198523461818695
features.3,1,21,12,0.8365650773048401
features.3,1,21,13,0.29793789982795715
features.3,1,21,14,0.05623007193207741
features.3,1,21,15,0.0533871166408062
features.3,1,21,16,0.14947576820850372
features.3,1,21,17,0.1057312935590744
features.3,1,21,18,0.5320865511894226
features.3,1,21,19,0.04400768131017685
features.3,1,21,20,0.3689822256565094
features.3,1,21,22,0.22508424520492554
features.3,1,21,23,0.4550022482872009
features.3,1,21,24,0.41882362961769104
features.3,1,21,25,0.24288630485534668
features.3,1,21,26,0.5397361516952515
features.3,1,21,27,0.3975273370742798
features.3,1,21,28,0.08841931819915771
features.3,1,21,29,0.3580324947834015
features.3,1,21,30,0.5082058906555176
features.3,1,21,31,0.1572425663471222
features.3,1,21,32,0.39504945278167725
features.3,1,21,33,0.48150813579559326
features.3,1,21,34,0.13361506164073944
features.3,1,21,35,0.34070101380348206
features.3,1,21,36,0.2573060393333435
features.3,1,21,37,0.2039695829153061
features.3,1,21,38,0.19025354087352753
features.3,1,21,39,0.30824029445648193
features.3,1,21,40,0.6749224662780762
features.3,1,21,41,0.11759304255247116
features.3,1,21,42,0.21749116480350494
features.3,1,21,43,0.4317156970500946
features.3,1,21,44,0.12744362652301788
features.3,1,21,45,0.15351498126983643
features.3,1,21,46,0.5286760926246643
features.3,1,21,47,0.12015912681818008
features.3,1,21,48,0.2989948093891144
features.3,1,21,49,0.08528312295675278
features.3,1,21,50,0.27675655484199524
features.3,1,21,51,0.2880585789680481
features.3,1,21,52,0.4269304573535919
features.3,1,21,53,0.5165073871612549
features.3,1,21,54,0.07283750921487808
features.3,1,21,55,0.5616602897644043
features.3,1,21,56,0.29821595549583435
features.3,1,21,57,0.11386112123727798
features.3,1,21,58,0.14066916704177856
features.3,1,21,59,0.3025091588497162
features.3,1,21,60,0.45491665601730347
features.3,1,21,61,0.11884482949972153
features.3,1,22,0,0.5370913147926331
features.3,1,22,1,0.29088401794433594
features.3,1,22,2,0.073584645986557
features.3,1,22,3,0.0909348651766777
features.3,1,22,4,0.3114555776119232
features.3,1,22,5,0.13450030982494354
features.3,1,22,6,0.45567119121551514
features.3,1,22,7,0.39318519830703735
features.3,1,22,8,0.2609845697879791
features.3,1,22,9,0.13658154010772705
features.3,1,22,10,0.6972562074661255
features.3,1,22,11,0.5845702290534973
features.3,1,22,12,0.34109827876091003
features.3,1,22,13,0.188811793923378
features.3,1,22,14,0.17308367788791656
features.3,1,22,15,0.03154921531677246
features.3,1,22,16,0.6954323649406433
features.3,1,22,17,0.4852029085159302
features.3,1,22,18,0.3479383587837219
features.3,1,22,19,0.11676608771085739
features.3,1,22,20,0.3099563419818878
features.3,1,22,21,0.22508424520492554
features.3,1,22,23,0.14552971720695496
features.3,1,22,24,0.6497085690498352
features.3,1,22,25,0.2663758397102356
features.3,1,22,26,0.33976906538009644
features.3,1,22,27,0.38437002897262573
features.3,1,22,28,0.0006965606007725
features.3,1,22,29,0.1907857209444046
features.3,1,22,30,0.3376522660255432
features.3,1,22,31,0.21161311864852905
features.3,1,22,32,0.3155830502510071
features.3,1,22,33,0.456716388463974
features.3,1,22,34,0.04125993326306343
features.3,1,22,35,0.1029149740934372
features.3,1,22,36,0.3632931411266327
features.3,1,22,37,0.02008916065096855
features.3,1,22,38,0.3563258945941925
features.3,1,22,39,0.07763184607028961
features.3,1,22,40,0.18710072338581085
features.3,1,22,41,0.607561469078064
features.3,1,22,42,0.3533257246017456
features.3,1,22,43,0.5444337129592896
features.3,1,22,44,0.2587617337703705
features.3,1,22,45,0.47471025586128235
features.3,1,22,46,0.3735441565513611
features.3,1,22,47,0.12316013127565384
features.3,1,22,48,0.520608127117157
features.3,1,22,49,0.2082456350326538
features.3,1,22,50,0.015413771383464336
features.3,1,22,51,0.204485222697258
features.3,1,22,52,0.3724016547203064
features.3,1,22,53,0.3673892319202423
features.3,1,22,54,0.052875518798828125
features.3,1,22,55,0.16498930752277374
features.3,1,22,56,0.01825370080769062
features.3,1,22,57,0.3842436969280243
features.3,1,22,58,0.40014857053756714
features.3,1,22,59,0.3565424978733063
features.3,1,22,60,0.05853237956762314
features.3,1,22,61,0.21878382563591003
features.3,1,23,0,0.19371503591537476
features.3,1,23,1,0.005296171177178621
features.3,1,23,2,0.3319794237613678
features.3,1,23,3,0.21905189752578735
features.3,1,23,4,0.48586949706077576
features.3,1,23,5,0.0349787138402462
features.3,1,23,6,0.4233812689781189
features.3,1,23,7,0.2116054743528366
features.3,1,23,8,0.2825561761856079
features.3,1,23,9,0.2185835838317871
features.3,1,23,10,0.39321741461753845
features.3,1,23,11,0.13200007379055023
features.3,1,23,12,0.31135448813438416
features.3,1,23,13,0.5000351667404175
features.3,1,23,14,0.4390607178211212
features.3,1,23,15,0.13022466003894806
features.3,1,23,16,0.41420286893844604
features.3,1,23,17,0.2874147891998291
features.3,1,23,18,0.25137004256248474
features.3,1,23,19,0.5684094429016113
features.3,1,23,20,0.026231903582811356
features.3,1,23,21,0.4550022482872009
features.3,1,23,22,0.14552971720695496
features.3,1,23,24,0.2475782185792923
features.3,1,23,25,0.24634499847888947
features.3,1,23,26,0.26680687069892883
features.3,1,23,27,0.09146749973297119
features.3,1,23,28,0.028818916529417038
features.3,1,23,29,0.264697790145874
features.3,1,23,30,0.0952051654458046
features.3,1,23,31,0.43609941005706787
features.3,1,23,32,0.13650259375572205
features.3,1,23,33,0.12435968965291977
features.3,1,23,34,0.13980984687805176
features.3,1,23,35,0.2443915456533432
features.3,1,23,36,0.261006236076355
features.3,1,23,37,0.4784173369407654
features.3,1,23,38,0.0884229838848114
features.3,1,23,39,0.08482327312231064
features.3,1,23,40,0.23397177457809448
features.3,1,23,41,0.641275942325592
features.3,1,23,42,0.5694500803947449
features.3,1,23,43,0.047277022153139114
features.3,1,23,44,0.0052192662842571735
features.3,1,23,45,0.33208727836608887
features.3,1,23,46,0.2616249620914459
features.3,1,23,47,0.027262138202786446
features.3,1,23,48,0.09096606075763702
features.3,1,23,49,0.37459444999694824
features.3,1,23,50,0.035847097635269165
features.3,1,23,51,0.30545201897621155
features.3,1,23,52,0.824931800365448
features.3,1,23,53,0.43214884400367737
features.3,1,23,54,0.19560818374156952
features.3,1,23,55,0.21098202466964722
features.3,1,23,56,0.2429659515619278
features.3,1,23,57,0.4334634840488434
features.3,1,23,58,0.0950397178530693
features.3,1,23,59,0.19052021205425262
features.3,1,23,60,0.11997305601835251
features.3,1,23,61,0.26396098732948303
features.3,1,24,0,0.9532520771026611
features.3,1,24,1,0.33751142024993896
features.3,1,24,2,0.13846825063228607
features.3,1,24,3,0.3027583658695221
features.3,1,24,4,0.04657062888145447
features.3,1,24,5,0.37092235684394836
features.3,1,24,6,0.07834824174642563
features.3,1,24,7,0.07081199437379837
features.3,1,24,8,0.2757355272769928
features.3,1,24,9,0.13400930166244507
features.3,1,24,10,0.3065846562385559
features.3,1,24,11,0.6299107670783997
features.3,1,24,12,0.5643758773803711
features.3,1,24,13,0.07988361269235611
features.3,1,24,14,0.03827478736639023
features.3,1,24,15,0.226557195186615
features.3,1,24,16,0.3140189051628113
features.3,1,24,17,0.5349031686782837
features.3,1,24,18,0.8057346343994141
features.3,1,24,19,0.022772355005145073
features.3,1,24,20,0.6343855857849121
features.3,1,24,21,0.41882362961769104
features.3,1,24,22,0.6497085690498352
features.3,1,24,23,0.2475782185792923
features.3,1,24,25,0.5408825278282166
features.3,1,24,26,0.5916822552680969
features.3,1,24,27,0.5188916325569153
features.3,1,24,28,0.43711861968040466
features.3,1,24,29,0.13863104581832886
features.3,1,24,30,0.055601466447114944
features.3,1,24,31,0.24398358166217804
features.3,1,24,32,0.8040636777877808
features.3,1,24,33,0.9148016571998596
features.3,1,24,34,0.4391756057739258
features.3,1,24,35,0.3251524865627289
features.3,1,24,36,0.18949365615844727
features.3,1,24,37,0.13664798438549042
features.3,1,24,38,0.18619605898857117
features.3,1,24,39,0.10297275334596634
features.3,1,24,40,0.2060261070728302
features.3,1,24,41,0.25115036964416504
features.3,1,24,42,0.1746813952922821
features.3,1,24,43,0.2830286920070648
features.3,1,24,44,0.5156419277191162
features.3,1,24,45,0.5930938720703125
features.3,1,24,46,0.2942223846912384
features.3,1,24,47,0.08939669281244278
features.3,1,24,48,0.34591975808143616
features.3,1,24,49,0.2504335343837738
features.3,1,24,50,0.5540552139282227
features.3,1,24,51,0.5281174778938293
features.3,1,24,52,0.46072688698768616
features.3,1,24,53,0.5765970349311829
features.3,1,24,54,0.4126521348953247
features.3,1,24,55,0.3795779049396515
features.3,1,24,56,0.39759376645088196
features.3,1,24,57,0.4265737235546112
features.3,1,24,58,0.8474462032318115
features.3,1,24,59,0.7645619511604309
features.3,1,24,60,0.0786624327301979
features.3,1,24,61,0.34414324164390564
features.3,1,25,0,0.5747024416923523
features.3,1,25,1,0.14682169258594513
features.3,1,25,2,0.27268868684768677
features.3,1,25,3,0.30374953150749207
features.3,1,25,4,0.08888813853263855
features.3,1,25,5,0.48941412568092346
features.3,1,25,6,0.20231661200523376
features.3,1,25,7,0.024742700159549713
features.3,1,25,8,0.024068061262369156
features.3,1,25,9,0.1694667935371399
features.3,1,25,10,0.018404506146907806
features.3,1,25,11,0.4700000584125519
features.3,1,25,12,0.4506397545337677
features.3,1,25,13,0.28168293833732605
features.3,1,25,14,0.02279079146683216
features.3,1,25,15,0.17276541888713837
features.3,1,25,16,0.04883347824215889
features.3,1,25,17,0.5699275135993958
features.3,1,25,18,0.5530922412872314
features.3,1,25,19,0.35837674140930176
features.3,1,25,20,0.8599136471748352
features.3,1,25,21,0.24288630485534668
features.3,1,25,22,0.2663758397102356
features.3,1,25,23,0.24634499847888947
features.3,1,25,24,0.5408825278282166
features.3,1,25,26,0.5925968885421753
features.3,1,25,27,0.3183833360671997
features.3,1,25,28,0.4493156671524048
features.3,1,25,29,0.19961540400981903
features.3,1,25,30,0.0681566372513771
features.3,1,25,31,0.6477837562561035
features.3,1,25,32,0.6924306750297546
features.3,1,25,33,0.7006191611289978
features.3,1,25,34,0.8354805111885071
features.3,1,25,35,0.5012272000312805
features.3,1,25,36,0.6642934083938599
features.3,1,25,37,0.31858429312705994
features.3,1,25,38,0.5160675048828125
features.3,1,25,39,0.06068731099367142
features.3,1,25,40,0.3932337462902069
features.3,1,25,41,0.23508672416210175
features.3,1,25,42,0.3482128977775574
features.3,1,25,43,0.08568047732114792
features.3,1,25,44,0.7108086347579956
features.3,1,25,45,0.4924546480178833
features.3,1,25,46,0.42196300625801086
features.3,1,25,47,0.5356020331382751
features.3,1,25,48,0.26012006402015686
features.3,1,25,49,0.4153924584388733
features.3,1,25,50,0.6946401000022888
features.3,1,25,51,0.6967545747756958
features.3,1,25,52,0.21237656474113464
features.3,1,25,53,0.42165976762771606
features.3,1,25,54,0.7952480316162109
features.3,1,25,55,0.24249283969402313
features.3,1,25,56,0.6760892271995544
features.3,1,25,57,0.31575149297714233
features.3,1,25,58,0.6033685803413391
features.3,1,25,59,0.7966709136962891
features.3,1,25,60,0.2669740915298462
features.3,1,25,61,0.3019768297672272
features.3,1,26,0,0.5383269190788269
features.3,1,26,1,0.371208131313324
features.3,1,26,2,0.21303792297840118
features.3,1,26,3,0.46089431643486023
features.3,1,26,4,0.1878717839717865
features.3,1,26,5,0.35136857628822327
features.3,1,26,6,0.16712777316570282
features.3,1,26,7,0.4564119875431061
features.3,1,26,8,0.38227197527885437
features.3,1,26,9,0.2703728675842285
features.3,1,26,10,0.264940470457077
features.3,1,26,11,0.5921217799186707
features.3,1,26,12,0.7798071503639221
features.3,1,26,13,0.2070004642009735
features.3,1,26,14,0.3577158451080322
features.3,1,26,15,0.06346040219068527
features.3,1,26,16,0.1278163641691208
features.3,1,26,17,0.6480618715286255
features.3,1,26,18,0.41227465867996216
features.3,1,26,19,0.23452052474021912
features.3,1,26,20,0.8463689088821411
features.3,1,26,21,0.5397361516952515
features.3,1,26,22,0.33976906538009644
features.3,1,26,23,0.26680687069892883
features.3,1,26,24,0.5916822552680969
features.3,1,26,25,0.5925968885421753
features.3,1,26,27,0.629126250743866
features.3,1,26,28,0.20994338393211365
features.3,1,26,29,0.03445030376315117
features.3,1,26,30,0.22703833878040314
features.3,1,26,31,0.329444944858551
features.3,1,26,32,0.7750088572502136
features.3,1,26,33,0.7588944435119629
features.3,1,26,34,0.3364766538143158
features.3,1,26,35,0.3645564615726471
features.3,1,26,36,0.4028216004371643
features.3,1,26,37,0.08440080285072327
features.3,1,26,38,0.5117518305778503
features.3,1,26,39,0.19551770389080048
features.3,1,26,40,0.6900955438613892
features.3,1,26,41,0.2510470747947693
features.3,1,26,42,0.03422153741121292
features.3,1,26,43,0.17375071346759796
features.3,1,26,44,0.31843170523643494
features.3,1,26,45,0.6536517143249512
features.3,1,26,46,0.12006884068250656
features.3,1,26,47,0.409072607755661
features.3,1,26,48,0.018221793696284294
features.3,1,26,49,0.5416409969329834
features.3,1,26,50,0.6649983525276184
features.3,1,26,51,0.5033880472183228
features.3,1,26,52,0.3251349925994873
features.3,1,26,53,0.5508475303649902
features.3,1,26,54,0.6041654944419861
features.3,1,26,55,0.3585781157016754
features.3,1,26,56,0.5951488018035889
features.3,1,26,57,0.4152021110057831
features.3,1,26,58,0.4180637001991272
features.3,1,26,59,0.7471917867660522
features.3,1,26,60,0.16971665620803833
features.3,1,26,61,0.2903379499912262
features.3,1,27,0,0.5062853097915649
features.3,1,27,1,0.04769705608487129
features.3,1,27,2,0.12847863137722015
features.3,1,27,3,0.30702802538871765
features.3,1,27,4,0.2525326609611511
features.3,1,27,5,0.08298321068286896
features.3,1,27,6,0.06260083615779877
features.3,1,27,7,0.3193534314632416
features.3,1,27,8,0.43851134181022644
features.3,1,27,9,0.29633602499961853
features.3,1,27,10,0.4654059410095215
features.3,1,27,11,0.7242226600646973
features.3,1,27,12,0.4669652581214905
features.3,1,27,13,0.3907226622104645
features.3,1,27,14,0.28399670124053955
features.3,1,27,15,0.12063508480787277
features.3,1,27,16,0.2535693943500519
features.3,1,27,17,0.13288100063800812
features.3,1,27,18,0.30296629667282104
features.3,1,27,19,0.2990033030509949
features.3,1,27,20,0.5149093270301819
features.3,1,27,21,0.3975273370742798
features.3,1,27,22,0.38437002897262573
features.3,1,27,23,0.09146749973297119
features.3,1,27,24,0.5188916325569153
features.3,1,27,25,0.3183833360671997
features.3,1,27,26,0.629126250743866
features.3,1,27,28,0.016881335526704788
features.3,1,27,29,0.29965439438819885
features.3,1,27,30,0.47361814975738525
features.3,1,27,31,0.13458724319934845
features.3,1,27,32,0.6117826700210571
features.3,1,27,33,0.5795693397521973
features.3,1,27,34,0.052216801792383194
features.3,1,27,35,0.08152623474597931
features.3,1,27,36,0.11510146409273148
features.3,1,27,37,0.0518282987177372
features.3,1,27,38,0.025635534897446632
features.3,1,27,39,0.3120402991771698
features.3,1,27,40,0.27247288823127747
features.3,1,27,41,0.31903696060180664
features.3,1,27,42,0.024101819843053818
features.3,1,27,43,0.10603869706392288
features.3,1,27,44,0.1167539581656456
features.3,1,27,45,0.6229323148727417
features.3,1,27,46,0.16127131879329681
features.3,1,27,47,0.13277752697467804
features.3,1,27,48,0.2791765034198761
features.3,1,27,49,0.1789667159318924
features.3,1,27,50,0.40212202072143555
features.3,1,27,51,0.010292049497365952
features.3,1,27,52,0.1927684247493744
features.3,1,27,53,0.0031840254087001085
features.3,1,27,54,0.34811097383499146
features.3,1,27,55,0.7188571095466614
features.3,1,27,56,0.2212267369031906
features.3,1,27,57,0.24826465547084808
features.3,1,27,58,0.5515196323394775
features.3,1,27,59,0.3802052140235901
features.3,1,27,60,0.039079345762729645
features.3,1,27,61,0.3970407545566559
features.3,1,28,0,0.39711272716522217
features.3,1,28,1,0.09194745123386383
features.3,1,28,2,0.5622432827949524
features.3,1,28,3,0.12192492187023163
features.3,1,28,4,0.04865475744009018
features.3,1,28,5,0.9557023048400879
features.3,1,28,6,0.14464305341243744
features.3,1,28,7,0.01818619668483734
features.3,1,28,8,0.04761296883225441
features.3,1,28,9,0.00520442146807909
features.3,1,28,10,0.3484039306640625
features.3,1,28,11,0.381298691034317
features.3,1,28,12,0.3988702893257141
features.3,1,28,13,0.271641343832016
features.3,1,28,14,0.0658639445900917
features.3,1,28,15,0.04900824651122093
features.3,1,28,16,0.3280419707298279
features.3,1,28,17,0.5082042217254639
features.3,1,28,18,0.5110023617744446
features.3,1,28,19,0.0834583044052124
features.3,1,28,20,0.4812721312046051
features.3,1,28,21,0.08841931819915771
features.3,1,28,22,0.0006965606007725
features.3,1,28,23,0.028818916529417038
features.3,1,28,24,0.43711861968040466
features.3,1,28,25,0.4493156671524048
features.3,1,28,26,0.20994338393211365
features.3,1,28,27,0.016881335526704788
features.3,1,28,29,0.05009898170828819
features.3,1,28,30,0.050850652158260345
features.3,1,28,31,0.6078193783760071
features.3,1,28,32,0.6169189810752869
features.3,1,28,33,0.4542739987373352
features.3,1,28,34,0.5980243682861328
features.3,1,28,35,0.5297459363937378
features.3,1,28,36,0.648206353187561
features.3,1,28,37,0.5015114545822144
features.3,1,28,38,0.38135045766830444
features.3,1,28,39,0.047698043286800385
features.3,1,28,40,0.2949742078781128
features.3,1,28,41,0.34674131870269775
features.3,1,28,42,0.46961769461631775
features.3,1,28,43,0.01437988318502903
features.3,1,28,44,0.47896265983581543
features.3,1,28,45,0.07431849837303162
features.3,1,28,46,0.020479870960116386
features.3,1,28,47,0.27164381742477417
features.3,1,28,48,0.055138375610113144
features.3,1,28,49,0.06668669730424881
features.3,1,28,50,0.25689607858657837
features.3,1,28,51,0.2694711983203888
features.3,1,28,52,0.009628807194530964
features.3,1,28,53,0.42095747590065
features.3,1,28,54,0.6875267028808594
features.3,1,28,55,0.03126975893974304
features.3,1,28,56,0.15497338771820068
features.3,1,28,57,0.06771242618560791
features.3,1,28,58,0.3937213122844696
features.3,1,28,59,0.38111352920532227
features.3,1,28,60,0.1744060516357422
features.3,1,28,61,0.1940976083278656
features.3,1,29,0,0.03834692761301994
features.3,1,29,1,0.28615763783454895
features.3,1,29,2,0.09677387028932571
features.3,1,29,3,0.6939413547515869
features.3,1,29,4,0.5319031476974487
features.3,1,29,5,0.011218602769076824
features.3,1,29,6,0.34312933683395386
features.3,1,29,7,0.5017409920692444
features.3,1,29,8,0.17381501197814941
features.3,1,29,9,0.04852030426263809
features.3,1,29,10,0.09899234771728516
features.3,1,29,11,0.5296134948730469
features.3,1,29,12,0.2328217774629593
features.3,1,29,13,0.6430287957191467
features.3,1,29,14,0.19353874027729034
features.3,1,29,15,0.31386205554008484
features.3,1,29,16,0.19634246826171875
features.3,1,29,17,0.2774255573749542
features.3,1,29,18,0.19050805270671844
features.3,1,29,19,0.39067357778549194
features.3,1,29,20,0.036068107932806015
features.3,1,29,21,0.3580324947834015
features.3,1,29,22,0.1907857209444046
features.3,1,29,23,0.264697790145874
features.3,1,29,24,0.13863104581832886
features.3,1,29,25,0.19961540400981903
features.3,1,29,26,0.03445030376315117
features.3,1,29,27,0.29965439438819885
features.3,1,29,28,0.05009898170828819
features.3,1,29,30,0.6733535528182983
features.3,1,29,31,0.12464893609285355
features.3,1,29,32,0.023287810385227203
features.3,1,29,33,0.1342926323413849
features.3,1,29,34,0.042180731892585754
features.3,1,29,35,0.32034069299697876
features.3,1,29,36,0.21242648363113403
features.3,1,29,37,0.3082282841205597
features.3,1,29,38,0.4799540042877197
features.3,1,29,39,0.8202664852142334
features.3,1,29,40,0.1077483519911766
features.3,1,29,41,0.1428203135728836
features.3,1,29,42,0.2192283719778061
features.3,1,29,43,0.08066951483488083
features.3,1,29,44,0.2934798300266266
features.3,1,29,45,0.263243705034256
features.3,1,29,46,0.6502145528793335
features.3,1,29,47,0.3500458896160126
features.3,1,29,48,0.07539375126361847
features.3,1,29,49,0.4799405336380005
features.3,1,29,50,0.23585759103298187
features.3,1,29,51,0.14122962951660156
features.3,1,29,52,0.2583344578742981
features.3,1,29,53,0.023128468543291092
features.3,1,29,54,0.009042784571647644
features.3,1,29,55,0.6486021876335144
features.3,1,29,56,0.16684800386428833
features.3,1,29,57,0.30219408869743347
features.3,1,29,58,0.06341775506734848
features.3,1,29,59,0.16588596999645233
features.3,1,29,60,0.4389970898628235
features.3,1,29,61,0.24935001134872437
features.3,1,30,0,0.05939330905675888
features.3,1,30,1,0.06881382316350937
features.3,1,30,2,0.23227885365486145
features.3,1,30,3,0.4357890188694
features.3,1,30,4,0.18872018158435822
features.3,1,30,5,0.01841483637690544
features.3,1,30,6,0.23565629124641418
features.3,1,30,7,0.1187063604593277
features.3,1,30,8,0.18497855961322784
features.3,1,30,9,0.08669838309288025
features.3,1,30,10,0.41584327816963196
features.3,1,30,11,0.537740170955658
features.3,1,30,12,0.43973639607429504
features.3,1,30,13,0.39430999755859375
features.3,1,30,14,0.05794237181544304
features.3,1,30,15,0.46162402629852295
features.3,1,30,16,0.33047035336494446
features.3,1,30,17,0.006409340538084507
features.3,1,30,18,0.11755812913179398
features.3,1,30,19,0.17748408019542694
features.3,1,30,20,0.11193595826625824
features.3,1,30,21,0.5082058906555176
features.3,1,30,22,0.3376522660255432
features.3,1,30,23,0.0952051654458046
features.3,1,30,24,0.055601466447114944
features.3,1,30,25,0.0681566372513771
features.3,1,30,26,0.22703833878040314
features.3,1,30,27,0.47361814975738525
features.3,1,30,28,0.050850652158260345
features.3,1,30,29,0.6733535528182983
features.3,1,30,31,0.03335164859890938
features.3,1,30,32,0.076714888215065
features.3,1,30,33,0.041216231882572174
features.3,1,30,34,0.2382987141609192
features.3,1,30,35,0.2712864875793457
features.3,1,30,36,0.08234509825706482
features.3,1,30,37,0.16830812394618988
features.3,1,30,38,0.3704622685909271
features.3,1,30,39,0.6964515447616577
features.3,1,30,40,0.13424810767173767
features.3,1,30,41,0.2915607988834381
features.3,1,30,42,0.08630727976560593
features.3,1,30,43,0.10064705461263657
features.3,1,30,44,0.42633694410324097
features.3,1,30,45,0.0331292562186718
features.3,1,30,46,0.3353847563266754
features.3,1,30,47,0.29569223523139954
features.3,1,30,48,0.12394186854362488
features.3,1,30,49,0.11266899108886719
features.3,1,30,50,0.23246288299560547
features.3,1,30,51,0.24406133592128754
features.3,1,30,52,0.013166472315788269
features.3,1,30,53,0.0837240144610405
features.3,1,30,54,0.0023839932400733232
features.3,1,30,55,0.4725981652736664
features.3,1,30,56,0.16231179237365723
features.3,1,30,57,0.18668034672737122
features.3,1,30,58,0.09594211727380753
features.3,1,30,59,0.12505224347114563
features.3,1,30,60,0.24257957935333252
features.3,1,30,61,0.3206687569618225
features.3,1,31,0,0.23878926038742065
features.3,1,31,1,0.03226633369922638
features.3,1,31,2,0.1170361265540123
features.3,1,31,3,0.16499748826026917
features.3,1,31,4,0.29394498467445374
features.3,1,31,5,0.6697662472724915
features.3,1,31,6,0.10693904012441635
features.3,1,31,7,0.20517048239707947
features.3,1,31,8,0.2967450022697449
features.3,1,31,9,0.03238232433795929
features.3,1,31,10,0.6420716643333435
features.3,1,31,11,0.2923377752304077
features.3,1,31,12,0.3705509901046753
features.3,1,31,13,0.5163803696632385
features.3,1,31,14,0.2064628005027771
features.3,1,31,15,0.2747454345226288
features.3,1,31,16,0.6647161841392517
features.3,1,31,17,0.2270798236131668
features.3,1,31,18,0.47264158725738525
features.3,1,31,19,0.19101792573928833
features.3,1,31,20,0.6102739572525024
features.3,1,31,21,0.1572425663471222
features.3,1,31,22,0.21161311864852905
features.3,1,31,23,0.43609941005706787
features.3,1,31,24,0.24398358166217804
features.3,1,31,25,0.6477837562561035
features.3,1,31,26,0.329444944858551
features.3,1,31,27,0.13458724319934845
features.3,1,31,28,0.6078193783760071
features.3,1,31,29,0.12464893609285355
features.3,1,31,30,0.03335164859890938
features.3,1,31,32,0.6140667200088501
features.3,1,31,33,0.43119993805885315
features.3,1,31,34,0.6650093197822571
features.3,1,31,35,0.14146825671195984
features.3,1,31,36,0.8568467497825623
features.3,1,31,37,0.46160978078842163
features.3,1,31,38,0.5558892488479614
features.3,1,31,39,0.09735425561666489
features.3,1,31,40,0.4874286353588104
features.3,1,31,41,0.6556798815727234
features.3,1,31,42,0.7979207634925842
features.3,1,31,43,0.31301793456077576
features.3,1,31,44,0.39436444640159607
features.3,1,31,45,0.012699821963906288
features.3,1,31,46,0.09954199194908142
features.3,1,31,47,0.27011483907699585
features.3,1,31,48,0.14889274537563324
features.3,1,31,49,0.09192132204771042
features.3,1,31,50,0.4503553807735443
features.3,1,31,51,0.17759665846824646
features.3,1,31,52,0.3947351574897766
features.3,1,31,53,0.05740317702293396
features.3,1,31,54,0.7378843426704407
features.3,1,31,55,0.343423455953598
features.3,1,31,56,0.2104540318250656
features.3,1,31,57,0.33178189396858215
features.3,1,31,58,0.30869242548942566
features.3,1,31,59,0.4314032196998596
features.3,1,31,60,0.2066563069820404
features.3,1,31,61,0.1877865046262741
features.3,1,32,0,0.7840318083763123
features.3,1,32,1,0.048976726830005646
features.3,1,32,2,0.21955855190753937
features.3,1,32,3,0.5157361030578613
features.3,1,32,4,0.00942396279424429
features.3,1,32,5,0.6633357405662537
features.3,1,32,6,0.11371637135744095
features.3,1,32,7,0.29814180731773376
features.3,1,32,8,0.3842714726924896
features.3,1,32,9,0.11483877152204514
features.3,1,32,10,0.029283734038472176
features.3,1,32,11,0.6391292810440063
features.3,1,32,12,0.6622863411903381
features.3,1,32,13,0.2754520773887634
features.3,1,32,14,0.17364323139190674
features.3,1,32,15,0.1292649805545807
features.3,1,32,16,0.0589023195207119
features.3,1,32,17,0.6349964737892151
features.3,1,32,18,0.7452859282493591
features.3,1,32,19,0.14742574095726013
features.3,1,32,20,0.8637716174125671
features.3,1,32,21,0.39504945278167725
features.3,1,32,22,0.3155830502510071
features.3,1,32,23,0.13650259375572205
features.3,1,32,24,0.8040636777877808
features.3,1,32,25,0.6924306750297546
features.3,1,32,26,0.7750088572502136
features.3,1,32,27,0.6117826700210571
features.3,1,32,28,0.6169189810752869
features.3,1,32,29,0.023287810385227203
features.3,1,32,30,0.076714888215065
features.3,1,32,31,0.6140667200088501
features.3,1,32,33,0.8922508955001831
features.3,1,32,34,0.5725188255310059
features.3,1,32,35,0.35763612389564514
features.3,1,32,36,0.5605638027191162
features.3,1,32,37,0.20919786393642426
features.3,1,32,38,0.5257133841514587
features.3,1,32,39,0.02911623939871788
features.3,1,32,40,0.5240785479545593
features.3,1,32,41,0.005270092748105526
features.3,1,32,42,0.2631901502609253
features.3,1,32,43,0.030945660546422005
features.3,1,32,44,0.5266497731208801
features.3,1,32,45,0.6201232671737671
features.3,1,32,46,0.08372558653354645
features.3,1,32,47,0.30259642004966736
features.3,1,32,48,0.05312906205654144
features.3,1,32,49,0.35867875814437866
features.3,1,32,50,0.6911277174949646
features.3,1,32,51,0.46269717812538147
features.3,1,32,52,0.20274700224399567
features.3,1,32,53,0.44090399146080017
features.3,1,32,54,0.7789134979248047
features.3,1,32,55,0.39112958312034607
features.3,1,32,56,0.5033384561538696
features.3,1,32,57,0.29959243535995483
features.3,1,32,58,0.7794737815856934
features.3,1,32,59,0.8260263204574585
features.3,1,32,60,0.025666480883955956
features.3,1,32,61,0.3330749273300171
features.3,1,33,0,0.9086322784423828
features.3,1,33,1,0.04309595376253128
features.3,1,33,2,0.14543384313583374
features.3,1,33,3,0.3445363938808441
features.3,1,33,4,0.06899861246347427
features.3,1,33,5,0.484117716550827
features.3,1,33,6,0.059029534459114075
features.3,1,33,7,0.18183021247386932
features.3,1,33,8,0.41577237844467163
features.3,1,33,9,0.1802380234003067
features.3,1,33,10,0.15780571103096008
features.3,1,33,11,0.6481009721755981
features.3,1,33,12,0.6829739212989807
features.3,1,33,13,0.29870831966400146
features.3,1,33,14,0.04518546909093857
features.3,1,33,15,0.17317606508731842
features.3,1,33,16,0.13602562248706818
features.3,1,33,17,0.5318930745124817
features.3,1,33,18,0.7612433433532715
features.3,1,33,19,0.1095208004117012
features.3,1,33,20,0.8238121271133423
features.3,1,33,21,0.48150813579559326
features.3,1,33,22,0.456716388463974
features.3,1,33,23,0.12435968965291977
features.3,1,33,24,0.9148016571998596
features.3,1,33,25,0.7006191611289978
features.3,1,33,26,0.7588944435119629
features.3,1,33,27,0.5795693397521973
features.3,1,33,28,0.4542739987373352
features.3,1,33,29,0.1342926323413849
features.3,1,33,30,0.041216231882572174
features.3,1,33,31,0.43119993805885315
features.3,1,33,32,0.8922508955001831
features.3,1,33,34,0.602896511554718
features.3,1,33,35,0.41343027353286743
features.3,1,33,36,0.43253207206726074
features.3,1,33,37,0.28341031074523926
features.3,1,33,38,0.4471629559993744
features.3,1,33,39,0.11382689327001572
features.3,1,33,40,0.4831053614616394
features.3,1,33,41,0.019144108518958092
features.3,1,33,42,0.018198370933532715
features.3,1,33,43,0.020981550216674805
features.3,1,33,44,0.5233947038650513
features.3,1,33,45,0.6133354306221008
features.3,1,33,46,0.35120949149131775
features.3,1,33,47,0.31628552079200745
features.3,1,33,48,0.2593747675418854
features.3,1,33,49,0.3075116276741028
features.3,1,33,50,0.7468813061714172
features.3,1,33,51,0.6030906438827515
features.3,1,33,52,0.26812347769737244
features.3,1,33,53,0.6006035208702087
features.3,1,33,54,0.6185405254364014
features.3,1,33,55,0.45623600482940674
features.3,1,33,56,0.6022748351097107
features.3,1,33,57,0.38052913546562195
features.3,1,33,58,0.810677707195282
features.3,1,33,59,0.8467682600021362
features.3,1,33,60,0.03883672133088112
features.3,1,33,61,0.3848726451396942
features.3,1,34,0,0.5012000799179077
features.3,1,34,1,0.1521793007850647
features.3,1,34,2,0.342558354139328
features.3,1,34,3,0.2224213182926178
features.3,1,34,4,0.06262798607349396
features.3,1,34,5,0.6105970740318298
features.3,1,34,6,0.05633072555065155
features.3,1,34,7,0.0337783619761467
features.3,1,34,8,0.07629089802503586
features.3,1,34,9,0.3422072231769562
features.3,1,34,10,0.31096309423446655
features.3,1,34,11,0.11467736959457397
features.3,1,34,12,0.3115044832229614
features.3,1,34,13,0.18968985974788666
features.3,1,34,14,0.019700882956385612
features.3,1,34,15,0.025867847725749016
features.3,1,34,16,0.18813945353031158
features.3,1,34,17,0.4505213797092438
features.3,1,34,18,0.5926724672317505
features.3,1,34,19,0.45291149616241455
features.3,1,34,20,0.6695263981819153
features.3,1,34,21,0.13361506164073944
features.3,1,34,22,0.04125993326306343
features.3,1,34,23,0.13980984687805176
features.3,1,34,24,0.4391756057739258
features.3,1,34,25,0.8354805111885071
features.3,1,34,26,0.3364766538143158
features.3,1,34,27,0.052216801792383194
features.3,1,34,28,0.5980243682861328
features.3,1,34,29,0.042180731892585754
features.3,1,34,30,0.2382987141609192
features.3,1,34,31,0.6650093197822571
features.3,1,34,32,0.5725188255310059
features.3,1,34,33,0.602896511554718
features.3,1,34,35,0.5453552603721619
features.3,1,34,36,0.733919084072113
features.3,1,34,37,0.34128090739250183
features.3,1,34,38,0.6552373766899109
features.3,1,34,39,0.15475083887577057
features.3,1,34,40,0.40408867597579956
features.3,1,34,41,0.4839061498641968
features.3,1,34,42,0.38981893658638
features.3,1,34,43,0.2349710464477539
features.3,1,34,44,0.7980664968490601
features.3,1,34,45,0.25204169750213623
features.3,1,34,46,0.2429794818162918
features.3,1,34,47,0.6872295141220093
features.3,1,34,48,0.2955661714076996
features.3,1,34,49,0.30726125836372375
features.3,1,34,50,0.6470233798027039
features.3,1,34,51,0.7552676200866699
features.3,1,34,52,0.20706181228160858
features.3,1,34,53,0.47150397300720215
features.3,1,34,54,0.7296810746192932
features.3,1,34,55,0.016709085553884506
features.3,1,34,56,0.695294201374054
features.3,1,34,57,0.22640655934810638
features.3,1,34,58,0.5373338460922241
features.3,1,34,59,0.7155438661575317
features.3,1,34,60,0.18491238355636597
features.3,1,34,61,0.1265413761138916
features.3,1,35,0,0.29168501496315
features.3,1,35,1,0.24184468388557434
features.3,1,35,2,0.8635565638542175
features.3,1,35,3,0.08216184377670288
features.3,1,35,4,0.24392710626125336
features.3,1,35,5,0.5807950496673584
features.3,1,35,6,0.2353816032409668
features.3,1,35,7,0.04774852097034454
features.3,1,35,8,0.028790758922696114
features.3,1,35,9,0.059552110731601715
features.3,1,35,10,0.177765354514122
features.3,1,35,11,0.34277260303497314
features.3,1,35,12,0.47138288617134094
features.3,1,35,13,0.22965218126773834
features.3,1,35,14,0.4913669526576996
features.3,1,35,15,0.604615330696106
features.3,1,35,16,0.28113195300102234
features.3,1,35,17,0.49104800820350647
features.3,1,35,18,0.3341679573059082
features.3,1,35,19,0.3039744198322296
features.3,1,35,20,0.5152575969696045
features.3,1,35,21,0.34070101380348206
features.3,1,35,22,0.1029149740934372
features.3,1,35,23,0.2443915456533432
features.3,1,35,24,0.3251524865627289
features.3,1,35,25,0.5012272000312805
features.3,1,35,26,0.3645564615726471
features.3,1,35,27,0.08152623474597931
features.3,1,35,28,0.5297459363937378
features.3,1,35,29,0.32034069299697876
features.3,1,35,30,0.2712864875793457
features.3,1,35,31,0.14146825671195984
features.3,1,35,32,0.35763612389564514
features.3,1,35,33,0.41343027353286743
features.3,1,35,34,0.5453552603721619
features.3,1,35,36,0.46768131852149963
features.3,1,35,37,0.262285977602005
features.3,1,35,38,0.3106459677219391
features.3,1,35,39,0.16957257688045502
features.3,1,35,40,0.35468676686286926
features.3,1,35,41,0.05857207626104355
features.3,1,35,42,0.038297560065984726
features.3,1,35,43,0.27561047673225403
features.3,1,35,44,0.3923516869544983
features.3,1,35,45,0.3163284361362457
features.3,1,35,46,0.269333153963089
features.3,1,35,47,0.4151257574558258
features.3,1,35,48,0.13807407021522522
features.3,1,35,49,0.400605171918869
features.3,1,35,50,0.2958110570907593
features.3,1,35,51,0.5983710885047913
features.3,1,35,52,0.06670539826154709
features.3,1,35,53,0.6057434678077698
features.3,1,35,54,0.4984908998012543
features.3,1,35,55,0.05998951569199562
features.3,1,35,56,0.5272560119628906
features.3,1,35,57,0.35230639576911926
features.3,1,35,58,0.22554737329483032
features.3,1,35,59,0.3485978841781616
features.3,1,35,60,0.1830434650182724
features.3,1,35,61,0.5420289039611816
features.3,1,36,0,0.2148374766111374
features.3,1,36,1,0.22659610211849213
features.3,1,36,2,0.32851704955101013
features.3,1,36,3,0.048661332577466965
features.3,1,36,4,0.27050086855888367
features.3,1,36,5,0.7730858325958252
features.3,1,36,6,0.10137508064508438
features.3,1,36,7,0.2883225679397583
features.3,1,36,8,0.3827888071537018
features.3,1,36,9,0.03851047158241272
features.3,1,36,10,0.5241787433624268
features.3,1,36,11,0.27438196539878845
features.3,1,36,12,0.4356383681297302
features.3,1,36,13,0.6024691462516785
features.3,1,36,14,0.09583349525928497
features.3,1,36,15,0.045001186430454254
features.3,1,36,16,0.5429272055625916
features.3,1,36,17,0.23835080862045288
features.3,1,36,18,0.40816745162010193
features.3,1,36,19,0.2651483118534088
features.3,1,36,20,0.6239150762557983
features.3,1,36,21,0.2573060393333435
features.3,1,36,22,0.3632931411266327
features.3,1,36,23,0.261006236076355
features.3,1,36,24,0.18949365615844727
features.3,1,36,25,0.6642934083938599
features.3,1,36,26,0.4028216004371643
features.3,1,36,27,0.11510146409273148
features.3,1,36,28,0.648206353187561
features.3,1,36,29,0.21242648363113403
features.3,1,36,30,0.08234509825706482
features.3,1,36,31,0.8568467497825623
features.3,1,36,32,0.5605638027191162
features.3,1,36,33,0.43253207206726074
features.3,1,36,34,0.733919084072113
features.3,1,36,35,0.46768131852149963
features.3,1,36,37,0.5216984748840332
features.3,1,36,38,0.645411491394043
features.3,1,36,39,0.15349256992340088
features.3,1,36,40,0.6078275442123413
features.3,1,36,41,0.6299794912338257
features.3,1,36,42,0.6581952571868896
features.3,1,36,43,0.4907386302947998
features.3,1,36,44,0.3396078944206238
features.3,1,36,45,0.020135657861828804
features.3,1,36,46,0.11077924817800522
features.3,1,36,47,0.44293156266212463
features.3,1,36,48,0.2088543176651001
features.3,1,36,49,0.07376749813556671
features.3,1,36,50,0.5406755208969116
features.3,1,36,51,0.3441871404647827
features.3,1,36,52,0.3539840877056122
features.3,1,36,53,0.1952701210975647
features.3,1,36,54,0.8363393545150757
features.3,1,36,55,0.2832033932209015
features.3,1,36,56,0.45679110288619995
features.3,1,36,57,0.1770392656326294
features.3,1,36,58,0.25681135058403015
features.3,1,36,59,0.44434139132499695
features.3,1,36,60,0.11289408802986145
features.3,1,36,61,0.017808420583605766
features.3,1,37,0,0.1644771695137024
features.3,1,37,1,0.06952811032533646
features.3,1,37,2,0.19097664952278137
features.3,1,37,3,0.3676212430000305
features.3,1,37,4,0.4363177716732025
features.3,1,37,5,0.5389267206192017
features.3,1,37,6,0.6508530974388123
features.3,1,37,7,0.05538676679134369
features.3,1,37,8,0.144975945353508
features.3,1,37,9,0.25463399291038513
features.3,1,37,10,0.32936057448387146
features.3,1,37,11,0.4369496703147888
features.3,1,37,12,0.3831999599933624
features.3,1,37,13,0.6812724471092224
features.3,1,37,14,0.3569950759410858
features.3,1,37,15,0.1419055312871933
features.3,1,37,16,0.33281415700912476
features.3,1,37,17,0.026477912440896034
features.3,1,37,18,0.1896553486585617
features.3,1,37,19,0.5372979044914246
features.3,1,37,20,0.29966631531715393
features.3,1,37,21,0.2039695829153061
features.3,1,37,22,0.02008916065096855
features.3,1,37,23,0.4784173369407654
features.3,1,37,24,0.13664798438549042
features.3,1,37,25,0.31858429312705994
features.3,1,37,26,0.08440080285072327
features.3,1,37,27,0.0518282987177372
features.3,1,37,28,0.5015114545822144
features.3,1,37,29,0.3082282841205597
features.3,1,37,30,0.16830812394618988
features.3,1,37,31,0.46160978078842163
features.3,1,37,32,0.20919786393642426
features.3,1,37,33,0.28341031074523926
features.3,1,37,34,0.34128090739250183
features.3,1,37,35,0.262285977602005
features.3,1,37,36,0.5216984748840332
features.3,1,37,38,0.18883469700813293
features.3,1,37,39,0.11736967414617538
features.3,1,37,40,0.3355301320552826
features.3,1,37,41,0.5984842777252197
features.3,1,37,42,0.3406262993812561
features.3,1,37,43,0.3847261369228363
features.3,1,37,44,0.04552692547440529
features.3,1,37,45,0.21960897743701935
features.3,1,37,46,0.4865238070487976
features.3,1,37,47,0.10916659235954285
features.3,1,37,48,0.14347872138023376
features.3,1,37,49,0.3187599182128906
features.3,1,37,50,0.18202945590019226
features.3,1,37,51,0.030105065554380417
features.3,1,37,52,0.44797995686531067
features.3,1,37,53,0.17322216928005219
features.3,1,37,54,0.3942511975765228
features.3,1,37,55,0.27994027733802795
features.3,1,37,56,0.04390419274568558
features.3,1,37,57,0.44467973709106445
features.3,1,37,58,0.00034219014924019575
features.3,1,37,59,0.06139138713479042
features.3,1,37,60,0.49090319871902466
features.3,1,37,61,0.053145382553339005
features.3,1,38,0,0.31773433089256287
features.3,1,38,1,0.4216533303260803
features.3,1,38,2,0.26351502537727356
features.3,1,38,3,0.5415430665016174
features.3,1,38,4,0.1282566338777542
features.3,1,38,5,0.554378867149353
features.3,1,38,6,0.2819409668445587
features.3,1,38,7,0.7163334488868713
features.3,1,38,8,0.3605289161205292
features.3,1,38,9,0.059634655714035034
features.3,1,38,10,0.3629651665687561
features.3,1,38,11,0.09196853637695312
features.3,1,38,12,0.35686421394348145
features.3,1,38,13,0.08804237842559814
features.3,1,38,14,0.2649703621864319
features.3,1,38,15,0.1350417137145996
features.3,1,38,16,0.4152083396911621
features.3,1,38,17,0.3926965296268463
features.3,1,38,18,0.3423357605934143
features.3,1,38,19,0.08783897012472153
features.3,1,38,20,0.6208083629608154
features.3,1,38,21,0.19025354087352753
features.3,1,38,22,0.3563258945941925
features.3,1,38,23,0.0884229838848114
features.3,1,38,24,0.18619605898857117
features.3,1,38,25,0.5160675048828125
features.3,1,38,26,0.5117518305778503
features.3,1,38,27,0.025635534897446632
features.3,1,38,28,0.38135045766830444
features.3,1,38,29,0.4799540042877197
features.3,1,38,30,0.3704622685909271
features.3,1,38,31,0.5558892488479614
features.3,1,38,32,0.5257133841514587
features.3,1,38,33,0.4471629559993744
features.3,1,38,34,0.6552373766899109
features.3,1,38,35,0.3106459677219391
features.3,1,38,36,0.645411491394043
features.3,1,38,37,0.18883469700813293
features.3,1,38,39,0.43681567907333374
features.3,1,38,40,0.7538924217224121
features.3,1,38,41,0.3858364522457123
features.3,1,38,42,0.21109972894191742
features.3,1,38,43,0.5424053072929382
features.3,1,38,44,0.5310047268867493
features.3,1,38,45,0.3949292302131653
features.3,1,38,46,0.1423896849155426
features.3,1,38,47,0.6661642789840698
features.3,1,38,48,0.0864785686135292
features.3,1,38,49,0.49131453037261963
features.3,1,38,50,0.8131861090660095
features.3,1,38,51,0.573502242565155
features.3,1,38,52,0.03866204246878624
features.3,1,38,53,0.32514214515686035
features.3,1,38,54,0.6804793477058411
features.3,1,38,55,0.11564114689826965
features.3,1,38,56,0.7418076395988464
features.3,1,38,57,0.20338712632656097
features.3,1,38,58,0.28056684136390686
features.3,1,38,59,0.6250382661819458
features.3,1,38,60,0.25039348006248474
features.3,1,38,61,0.15712203085422516
features.3,1,39,0,0.15674754977226257
features.3,1,39,1,0.34579789638519287
features.3,1,39,2,0.08690232038497925
features.3,1,39,3,0.5832698345184326
features.3,1,39,4,0.54539954662323
features.3,1,39,5,0.0337306372821331
features.3,1,39,6,0.11524626612663269
features.3,1,39,7,0.2573898732662201
features.3,1,39,8,0.26702460646629333
features.3,1,39,9,0.12917901575565338
features.3,1,39,10,0.004885608796030283
features.3,1,39,11,0.32969483733177185
features.3,1,39,12,0.11101057380437851
features.3,1,39,13,0.5481224060058594
features.3,1,39,14,0.05813750624656677
features.3,1,39,15,0.3391225039958954
features.3,1,39,16,0.03558068722486496
features.3,1,39,17,0.4149589240550995
features.3,1,39,18,0.1371271163225174
features.3,1,39,19,0.08642895519733429
features.3,1,39,20,0.15944145619869232
features.3,1,39,21,0.30824029445648193
features.3,1,39,22,0.07763184607028961
features.3,1,39,23,0.08482327312231064
features.3,1,39,24,0.10297275334596634
features.3,1,39,25,0.06068731099367142
features.3,1,39,26,0.19551770389080048
features.3,1,39,27,0.3120402991771698
features.3,1,39,28,0.047698043286800385
features.3,1,39,29,0.8202664852142334
features.3,1,39,30,0.6964515447616577
features.3,1,39,31,0.09735425561666489
features.3,1,39,32,0.02911623939871788
features.3,1,39,33,0.11382689327001572
features.3,1,39,34,0.15475083887577057
features.3,1,39,35,0.16957257688045502
features.3,1,39,36,0.15349256992340088
features.3,1,39,37,0.11736967414617538
features.3,1,39,38,0.43681567907333374
features.3,1,39,40,0.07805518060922623
features.3,1,39,41,0.11878962069749832
features.3,1,39,42,0.3483121395111084
features.3,1,39,43,0.12685465812683105
features.3,1,39,44,0.48387524485588074
features.3,1,39,45,0.2966504693031311
features.3,1,39,46,0.33978137373924255
features.3,1,39,47,0.47149547934532166
features.3,1,39,48,0.30431875586509705
features.3,1,39,49,0.5157261490821838
features.3,1,39,50,0.3656439185142517
features.3,1,39,51,0.41057461500167847
features.3,1,39,52,0.26848429441452026
features.3,1,39,53,0.3182739019393921
features.3,1,39,54,0.07480413466691971
features.3,1,39,55,0.5416668653488159
features.3,1,39,56,0.29338109493255615
features.3,1,39,57,0.43030720949172974
features.3,1,39,58,0.0270137507468462
features.3,1,39,59,0.34464114904403687
features.3,1,39,60,0.4234066307544708
features.3,1,39,61,0.37529972195625305
features.3,1,40,0,0.22393855452537537
features.3,1,40,1,0.43876388669013977
features.3,1,40,2,0.3112682104110718
features.3,1,40,3,0.17593306303024292
features.3,1,40,4,0.060479529201984406
features.3,1,40,5,0.48581722378730774
features.3,1,40,6,0.19728945195674896
features.3,1,40,7,0.7277482151985168
features.3,1,40,8,0.6455749869346619
features.3,1,40,9,0.10744185000658035
features.3,1,40,10,0.2527504861354828
features.3,1,40,11,0.24330705404281616
features.3,1,40,12,0.7970272898674011
features.3,1,40,13,0.37741219997406006
features.3,1,40,14,0.1619909405708313
features.3,1,40,15,0.1078668013215065
features.3,1,40,16,0.3467581868171692
features.3,1,40,17,0.26779982447624207
features.3,1,40,18,0.35794970393180847
features.3,1,40,19,0.04967229440808296
features.3,1,40,20,0.596281111240387
features.3,1,40,21,0.6749224662780762
features.3,1,40,22,0.18710072338581085
features.3,1,40,23,0.23397177457809448
features.3,1,40,24,0.2060261070728302
features.3,1,40,25,0.3932337462902069
features.3,1,40,26,0.6900955438613892
features.3,1,40,27,0.27247288823127747
features.3,1,40,28,0.2949742078781128
features.3,1,40,29,0.1077483519911766
features.3,1,40,30,0.13424810767173767
features.3,1,40,31,0.4874286353588104
features.3,1,40,32,0.5240785479545593
features.3,1,40,33,0.4831053614616394
features.3,1,40,34,0.40408867597579956
features.3,1,40,35,0.35468676686286926
features.3,1,40,36,0.6078275442123413
features.3,1,40,37,0.3355301320552826
features.3,1,40,38,0.7538924217224121
features.3,1,40,39,0.07805518060922623
features.3,1,40,41,0.24206937849521637
features.3,1,40,42,0.13576306402683258
features.3,1,40,43,0.7261529564857483
features.3,1,40,44,0.11556840687990189
features.3,1,40,45,0.22780941426753998
features.3,1,40,46,0.14280371367931366
features.3,1,40,47,0.4366194009780884
features.3,1,40,48,0.03114425390958786
features.3,1,40,49,0.19312258064746857
features.3,1,40,50,0.5934819579124451
features.3,1,40,51,0.34903791546821594
features.3,1,40,52,0.13637961447238922
features.3,1,40,53,0.4620371162891388
features.3,1,40,54,0.5002508163452148
features.3,1,40,55,0.2778948247432709
features.3,1,40,56,0.5414190888404846
features.3,1,40,57,0.09536921977996826
features.3,1,40,58,0.06547768414020538
features.3,1,40,59,0.46091538667678833
features.3,1,40,60,0.1607828289270401
features.3,1,40,61,0.0017391672590747476
features.3,1,41,0,0.15936864912509918
features.3,1,41,1,0.07479581981897354
features.3,1,41,2,0.0016014811117202044
features.3,1,41,3,0.24132955074310303
features.3,1,41,4,0.5441221594810486
features.3,1,41,5,0.41396424174308777
features.3,1,41,6,0.13378232717514038
features.3,1,41,7,0.12690149247646332
features.3,1,41,8,0.18887999653816223
features.3,1,41,9,0.013453109189867973
features.3,1,41,10,0.8365902900695801
features.3,1,41,11,0.13677066564559937
features.3,1,41,12,0.07485469430685043
features.3,1,41,13,0.5704758763313293
features.3,1,41,14,0.3136802613735199
features.3,1,41,15,0.23804132640361786
features.3,1,41,16,0.7493718266487122
features.3,1,41,17,0.32316353917121887
features.3,1,41,18,0.01673583686351776
features.3,1,41,19,0.6459723711013794
features.3,1,41,20,0.087166927754879
features.3,1,41,21,0.11759304255247116
features.3,1,41,22,0.607561469078064
features.3,1,41,23,0.641275942325592
features.3,1,41,24,0.25115036964416504
features.3,1,41,25,0.23508672416210175
features.3,1,41,26,0.2510470747947693
features.3,1,41,27,0.31903696060180664
features.3,1,41,28,0.34674131870269775
features.3,1,41,29,0.1428203135728836
features.3,1,41,30,0.2915607988834381
features.3,1,41,31,0.6556798815727234
features.3,1,41,32,0.005270092748105526
features.3,1,41,33,0.019144108518958092
features.3,1,41,34,0.4839061498641968
features.3,1,41,35,0.05857207626104355
features.3,1,41,36,0.6299794912338257
features.3,1,41,37,0.5984842777252197
features.3,1,41,38,0.3858364522457123
features.3,1,41,39,0.11878962069749832
features.3,1,41,40,0.24206937849521637
features.3,1,41,42,0.6345102787017822
features.3,1,41,43,0.5536144971847534
features.3,1,41,44,0.0842643678188324
features.3,1,41,45,0.4613072872161865
features.3,1,41,46,0.19427791237831116
features.3,1,41,47,0.18062107264995575
features.3,1,41,48,0.08433199673891068
features.3,1,41,49,0.4276188910007477
features.3,1,41,50,0.1638396680355072
features.3,1,41,51,0.039268556982278824
features.3,1,41,52,0.6902753710746765
features.3,1,41,53,0.14874541759490967
features.3,1,41,54,0.3329569399356842
features.3,1,41,55,0.12526056170463562
features.3,1,41,56,0.051577821373939514
features.3,1,41,57,0.564191997051239
features.3,1,41,58,0.09998943656682968
features.3,1,41,59,0.10604660958051682
features.3,1,41,60,0.3221321105957031
features.3,1,41,61,0.0512654185295105
features.3,1,42,0,0.19261972606182098
features.3,1,42,1,0.035592980682849884
features.3,1,42,2,0.07995184510946274
features.3,1,42,3,0.03898526728153229
features.3,1,42,4,0.31418806314468384
features.3,1,42,5,0.5031099915504456
features.3,1,42,6,0.04498487338423729
features.3,1,42,7,0.004402818623930216
features.3,1,42,8,0.04727547988295555
features.3,1,42,9,0.09011925756931305
features.3,1,42,10,0.6203241348266602
features.3,1,42,11,0.13213399052619934
features.3,1,42,12,0.008036653511226177
features.3,1,42,13,0.4904341697692871
features.3,1,42,14,0.12685701251029968
features.3,1,42,15,0.011106405407190323
features.3,1,42,16,0.6612735390663147
features.3,1,42,17,0.028200214728713036
features.3,1,42,18,0.11613665521144867
features.3,1,42,19,0.12107367068529129
features.3,1,42,20,0.2558263838291168
features.3,1,42,21,0.21749116480350494
features.3,1,42,22,0.3533257246017456
features.3,1,42,23,0.5694500803947449
features.3,1,42,24,0.1746813952922821
features.3,1,42,25,0.3482128977775574
features.3,1,42,26,0.03422153741121292
features.3,1,42,27,0.024101819843053818
features.3,1,42,28,0.46961769461631775
features.3,1,42,29,0.2192283719778061
features.3,1,42,30,0.08630727976560593
features.3,1,42,31,0.7979207634925842
features.3,1,42,32,0.2631901502609253
features.3,1,42,33,0.018198370933532715
features.3,1,42,34,0.38981893658638
features.3,1,42,35,0.038297560065984726
features.3,1,42,36,0.6581952571868896
features.3,1,42,37,0.3406262993812561
features.3,1,42,38,0.21109972894191742
features.3,1,42,39,0.3483121395111084
features.3,1,42,40,0.13576306402683258
features.3,1,42,41,0.6345102787017822
features.3,1,42,43,0.20220059156417847
features.3,1,42,44,0.16195619106292725
features.3,1,42,45,0.2676835060119629
features.3,1,42,46,0.11316853016614914
features.3,1,42,47,0.19134415686130524
features.3,1,42,48,0.44599053263664246
features.3,1,42,49,0.21651777625083923
features.3,1,42,50,0.00622075330466032
features.3,1,42,51,0.22092124819755554
features.3,1,42,52,0.6873917579650879
features.3,1,42,53,0.33519959449768066
features.3,1,42,54,0.5382032990455627
features.3,1,42,55,0.1358312964439392
features.3,1,42,56,0.12590861320495605
features.3,1,42,57,0.4505656957626343
features.3,1,42,58,0.00638207420706749
features.3,1,42,59,0.019507355988025665
features.3,1,42,60,0.0952533632516861
features.3,1,42,61,0.05338558182120323
features.3,1,43,0,0.20928436517715454
features.3,1,43,1,0.4109383523464203
features.3,1,43,2,0.22134889662265778
features.3,1,43,3,0.2909694314002991
features.3,1,43,4,0.35302281379699707
features.3,1,43,5,0.1900947093963623
features.3,1,43,6,0.08242080360651016
features.3,1,43,7,0.5476517677307129
features.3,1,43,8,0.536822497844696
features.3,1,43,9,0.07528772950172424
features.3,1,43,10,0.45020827651023865
features.3,1,43,11,0.12176778167486191
features.3,1,43,12,0.3693097233772278
features.3,1,43,13,0.5022855997085571
features.3,1,43,14,0.025322813540697098
features.3,1,43,15,0.0023275914136320353
features.3,1,43,16,0.4437297582626343
features.3,1,43,17,0.24594007432460785
features.3,1,43,18,0.03546912595629692
features.3,1,43,19,0.34675854444503784
features.3,1,43,20,0.14526845514774323
features.3,1,43,21,0.4317156970500946
features.3,1,43,22,0.5444337129592896
features.3,1,43,23,0.047277022153139114
features.3,1,43,24,0.2830286920070648
features.3,1,43,25,0.08568047732114792
features.3,1,43,26,0.17375071346759796
features.3,1,43,27,0.10603869706392288
features.3,1,43,28,0.01437988318502903
features.3,1,43,29,0.08066951483488083
features.3,1,43,30,0.10064705461263657
features.3,1,43,31,0.31301793456077576
features.3,1,43,32,0.030945660546422005
features.3,1,43,33,0.020981550216674805
features.3,1,43,34,0.2349710464477539
features.3,1,43,35,0.27561047673225403
features.3,1,43,36,0.4907386302947998
features.3,1,43,37,0.3847261369228363
features.3,1,43,38,0.5424053072929382
features.3,1,43,39,0.12685465812683105
features.3,1,43,40,0.7261529564857483
features.3,1,43,41,0.5536144971847534
features.3,1,43,42,0.20220059156417847
features.3,1,43,44,0.160370871424675
features.3,1,43,45,0.2161608636379242
features.3,1,43,46,0.22052502632141113
features.3,1,43,47,0.278747022151947
features.3,1,43,48,0.10765810310840607
features.3,1,43,49,0.13347730040550232
features.3,1,43,50,0.2861262261867523
features.3,1,43,51,0.07279177755117416
features.3,1,43,52,0.2919551432132721
features.3,1,43,53,0.07615216821432114
features.3,1,43,54,0.15784256160259247
features.3,1,43,55,0.17016111314296722
features.3,1,43,56,0.3333936929702759
features.3,1,43,57,0.3709544241428375
features.3,1,43,58,0.33524584770202637
features.3,1,43,59,0.028967490419745445
features.3,1,43,60,0.26129093766212463
features.3,1,43,61,0.30489078164100647
features.3,1,44,0,0.5611206293106079
features.3,1,44,1,0.04245983064174652
features.3,1,44,2,0.33919355273246765
features.3,1,44,3,0.5119616389274597
features.3,1,44,4,0.4822671711444855
features.3,1,44,5,0.4245048463344574
features.3,1,44,6,0.05714962258934975
features.3,1,44,7,0.08074906468391418
features.3,1,44,8,0.3016851842403412
features.3,1,44,9,0.3252386152744293
features.3,1,44,10,0.019497081637382507
features.3,1,44,11,0.05018331855535507
features.3,1,44,12,0.12520547211170197
features.3,1,44,13,0.2605787515640259
features.3,1,44,14,0.05901157483458519
features.3,1,44,15,0.00434411084279418
features.3,1,44,16,0.0758705660700798
features.3,1,44,17,0.7035409808158875
features.3,1,44,18,0.5224306583404541
features.3,1,44,19,0.20747679471969604
features.3,1,44,20,0.5959597826004028
features.3,1,44,21,0.12744362652301788
features.3,1,44,22,0.2587617337703705
features.3,1,44,23,0.0052192662842571735
features.3,1,44,24,0.5156419277191162
features.3,1,44,25,0.7108086347579956
features.3,1,44,26,0.31843170523643494
features.3,1,44,27,0.1167539581656456
features.3,1,44,28,0.47896265983581543
features.3,1,44,29,0.2934798300266266
features.3,1,44,30,0.42633694410324097
features.3,1,44,31,0.39436444640159607
features.3,1,44,32,0.5266497731208801
features.3,1,44,33,0.5233947038650513
features.3,1,44,34,0.7980664968490601
features.3,1,44,35,0.3923516869544983
features.3,1,44,36,0.3396078944206238
features.3,1,44,37,0.04552692547440529
features.3,1,44,38,0.5310047268867493
features.3,1,44,39,0.48387524485588074
features.3,1,44,40,0.11556840687990189
features.3,1,44,41,0.0842643678188324
features.3,1,44,42,0.16195619106292725
features.3,1,44,43,0.160370871424675
features.3,1,44,45,0.49189138412475586
features.3,1,44,46,0.0009906000923365355
features.3,1,44,47,0.6498289704322815
features.3,1,44,48,0.346542626619339
features.3,1,44,49,0.5719746351242065
features.3,1,44,50,0.5724350810050964
features.3,1,44,51,0.7645678520202637
features.3,1,44,52,0.0037190322764217854
features.3,1,44,53,0.46786245703697205
features.3,1,44,54,0.578576922416687
features.3,1,44,55,0.32904738187789917
features.3,1,44,56,0.5991312265396118
features.3,1,44,57,0.5494697690010071
features.3,1,44,58,0.5740734934806824
features.3,1,44,59,0.77306067943573
features.3,1,44,60,0.48485267162323
features.3,1,44,61,0.21625187993049622
features.3,1,45,0,0.6597399711608887
features.3,1,45,1,0.11830056458711624
features.3,1,45,2,0.2004743069410324
features.3,1,45,3,0.7426846623420715
features.3,1,45,4,0.4103756248950958
features.3,1,45,5,0.1529068648815155
features.3,1,45,6,0.023871641606092453
features.3,1,45,7,0.36002346873283386
features.3,1,45,8,0.04083926975727081
features.3,1,45,9,0.044078368693590164
features.3,1,45,10,0.6196323037147522
features.3,1,45,11,0.36102911829948425
features.3,1,45,12,0.2931591868400574
features.3,1,45,13,0.20247836410999298
features.3,1,45,14,0.5195407867431641
features.3,1,45,15,0.2537103593349457
features.3,1,45,16,0.49658331274986267
features.3,1,45,17,0.6224877238273621
features.3,1,45,18,0.35401883721351624
features.3,1,45,19,0.24311906099319458
features.3,1,45,20,0.6668586134910583
features.3,1,45,21,0.15351498126983643
features.3,1,45,22,0.47471025586128235
features.3,1,45,23,0.33208727836608887
features.3,1,45,24,0.5930938720703125
features.3,1,45,25,0.4924546480178833
features.3,1,45,26,0.6536517143249512
features.3,1,45,27,0.6229323148727417
features.3,1,45,28,0.07431849837303162
features.3,1,45,29,0.263243705034256
features.3,1,45,30,0.0331292562186718
features.3,1,45,31,0.012699821963906288
features.3,1,45,32,0.6201232671737671
features.3,1,45,33,0.6133354306221008
features.3,1,45,34,0.25204169750213623
features.3,1,45,35,0.3163284361362457
features.3,1,45,36,0.020135657861828804
features.3,1,45,37,0.21960897743701935
features.3,1,45,38,0.3949292302131653
features.3,1,45,39,0.2966504693031311
features.3,1,45,40,0.22780941426753998
features.3,1,45,41,0.4613072872161865
features.3,1,45,42,0.2676835060119629
features.3,1,45,43,0.2161608636379242
features.3,1,45,44,0.49189138412475586
features.3,1,45,46,0.060002509504556656
features.3,1,45,47,0.312939316034317
features.3,1,45,48,0.006041605956852436
features.3,1,45,49,0.8026203513145447
features.3,1,45,50,0.6677700877189636
features.3,1,45,51,0.5538134574890137
features.3,1,45,52,0.32643455266952515
features.3,1,45,53,0.2834763526916504
features.3,1,45,54,0.4710097908973694
features.3,1,45,55,0.035435330122709274
features.3,1,45,56,0.6307501196861267
features.3,1,45,57,0.804062008857727
features.3,1,45,58,0.666828453540802
features.3,1,45,59,0.7028408050537109
features.3,1,45,60,0.613399863243103
features.3,1,45,61,0.3361944854259491
features.3,1,46,0,0.2995645999908447
features.3,1,46,1,0.18892931938171387
features.3,1,46,2,0.04510221630334854
features.3,1,46,3,0.49510663747787476
features.3,1,46,4,0.3371220529079437
features.3,1,46,5,0.05768277496099472
features.3,1,46,6,0.6290414929389954
features.3,1,46,7,0.30306118726730347
features.3,1,46,8,0.1604364961385727
features.3,1,46,9,0.008695202879607677
features.3,1,46,10,0.13380056619644165
features.3,1,46,11,0.4601215422153473
features.3,1,46,12,0.3952242434024811
features.3,1,46,13,0.44782838225364685
features.3,1,46,14,0.4653252363204956
features.3,1,46,15,0.031156763434410095
features.3,1,46,16,0.2895197868347168
features.3,1,46,17,0.10935468226671219
features.3,1,46,18,0.31767353415489197
features.3,1,46,19,0.6797330379486084
features.3,1,46,20,0.21708008646965027
features.3,1,46,21,0.5286760926246643
features.3,1,46,22,0.3735441565513611
features.3,1,46,23,0.2616249620914459
features.3,1,46,24,0.2942223846912384
features.3,1,46,25,0.42196300625801086
features.3,1,46,26,0.12006884068250656
features.3,1,46,27,0.16127131879329681
features.3,1,46,28,0.020479870960116386
features.3,1,46,29,0.6502145528793335
features.3,1,46,30,0.3353847563266754
features.3,1,46,31,0.09954199194908142
features.3,1,46,32,0.08372558653354645
features.3,1,46,33,0.35120949149131775
features.3,1,46,34,0.2429794818162918
features.3,1,46,35,0.269333153963089
features.3,1,46,36,0.11077924817800522
features.3,1,46,37,0.4865238070487976
features.3,1,46,38,0.1423896849155426
features.3,1,46,39,0.33978137373924255
features.3,1,46,40,0.14280371367931366
features.3,1,46,41,0.19427791237831116
features.3,1,46,42,0.11316853016614914
features.3,1,46,43,0.22052502632141113
features.3,1,46,44,0.0009906000923365355
features.3,1,46,45,0.060002509504556656
features.3,1,46,47,0.1443033367395401
features.3,1,46,48,0.6003891229629517
features.3,1,46,49,0.3209400773048401
features.3,1,46,50,0.12639707326889038
features.3,1,46,51,0.2230663150548935
features.3,1,46,52,0.16546759009361267
features.3,1,46,53,0.3373105525970459
features.3,1,46,54,0.026786772534251213
features.3,1,46,55,0.5201128721237183
features.3,1,46,56,0.17612521350383759
features.3,1,46,57,0.17806148529052734
features.3,1,46,58,0.1519998013973236
features.3,1,46,59,0.1391751915216446
features.3,1,46,60,0.3974440395832062
features.3,1,46,61,0.03685525059700012
features.3,1,47,0,0.1693216860294342
features.3,1,47,1,0.7293903231620789
features.3,1,47,2,0.25667980313301086
features.3,1,47,3,0.36358609795570374
features.3,1,47,4,0.35557621717453003
features.3,1,47,5,0.35952362418174744
features.3,1,47,6,0.05806523561477661
features.3,1,47,7,0.30341917276382446
features.3,1,47,8,0.17104950547218323
features.3,1,47,9,0.31781554222106934
features.3,1,47,10,0.08927015215158463
features.3,1,47,11,0.10528941452503204
features.3,1,47,12,0.19528333842754364
features.3,1,47,13,0.05578308552503586
features.3,1,47,14,0.28820744156837463
features.3,1,47,15,0.2168353945016861
features.3,1,47,16,0.11496643722057343
features.3,1,47,17,0.501152515411377
features.3,1,47,18,0.12214586138725281
features.3,1,47,19,0.13146531581878662
features.3,1,47,20,0.4942459166049957
features.3,1,47,21,0.12015912681818008
features.3,1,47,22,0.12316013127565384
features.3,1,47,23,0.027262138202786446
features.3,1,47,24,0.08939669281244278
features.3,1,47,25,0.5356020331382751
features.3,1,47,26,0.409072607755661
features.3,1,47,27,0.13277752697467804
features.3,1,47,28,0.27164381742477417
features.3,1,47,29,0.3500458896160126
features.3,1,47,30,0.29569223523139954
features.3,1,47,31,0.27011483907699585
features.3,1,47,32,0.30259642004966736
features.3,1,47,33,0.31628552079200745
features.3,1,47,34,0.6872295141220093
features.3,1,47,35,0.4151257574558258
features.3,1,47,36,0.44293156266212463
features.3,1,47,37,0.10916659235954285
features.3,1,47,38,0.6661642789840698
features.3,1,47,39,0.47149547934532166
features.3,1,47,40,0.4366194009780884
features.3,1,47,41,0.18062107264995575
features.3,1,47,42,0.19134415686130524
features.3,1,47,43,0.278747022151947
features.3,1,47,44,0.6498289704322815
features.3,1,47,45,0.312939316034317
features.3,1,47,46,0.1443033367395401
features.3,1,47,48,0.09018760174512863
features.3,1,47,49,0.6123823523521423
features.3,1,47,50,0.5333966612815857
features.3,1,47,51,0.608840823173523
features.3,1,47,52,0.14014731347560883
features.3,1,47,53,0.3950801193714142
features.3,1,47,54,0.575492262840271
features.3,1,47,55,0.3860042691230774
features.3,1,47,56,0.7056999802589417
features.3,1,47,57,0.43152886629104614
features.3,1,47,58,0.17321068048477173
features.3,1,47,59,0.5860772132873535
features.3,1,47,60,0.54752516746521
features.3,1,47,61,0.1312600076198578
features.3,1,48,0,0.29777052998542786
features.3,1,48,1,0.14595578610897064
features.3,1,48,2,0.08562444895505905
features.3,1,48,3,0.16482193768024445
features.3,1,48,4,0.2824239730834961
features.3,1,48,5,0.19769352674484253
features.3,1,48,6,0.4080210030078888
features.3,1,48,7,0.42095690965652466
features.3,1,48,8,0.15371772646903992
features.3,1,48,9,0.16285626590251923
features.3,1,48,10,0.16546319425106049
features.3,1,48,11,0.008659601211547852
features.3,1,48,12,0.2017865926027298
features.3,1,48,13,0.29413652420043945
features.3,1,48,14,0.46795669198036194
features.3,1,48,15,0.17312288284301758
features.3,1,48,16,0.4080527424812317
features.3,1,48,17,0.20672281086444855
features.3,1,48,18,0.2545333206653595
features.3,1,48,19,0.4040417969226837
features.3,1,48,20,0.0960344448685646
features.3,1,48,21,0.2989948093891144
features.3,1,48,22,0.520608127117157
features.3,1,48,23,0.09096606075763702
features.3,1,48,24,0.34591975808143616
features.3,1,48,25,0.26012006402015686
features.3,1,48,26,0.018221793696284294
features.3,1,48,27,0.2791765034198761
features.3,1,48,28,0.055138375610113144
features.3,1,48,29,0.07539375126361847
features.3,1,48,30,0.12394186854362488
features.3,1,48,31,0.14889274537563324
features.3,1,48,32,0.05312906205654144
features.3,1,48,33,0.2593747675418854
features.3,1,48,34,0.2955661714076996
features.3,1,48,35,0.13807407021522522
features.3,1,48,36,0.2088543176651001
features.3,1,48,37,0.14347872138023376
features.3,1,48,38,0.0864785686135292
features.3,1,48,39,0.30431875586509705
features.3,1,48,40,0.03114425390958786
features.3,1,48,41,0.08433199673891068
features.3,1,48,42,0.44599053263664246
features.3,1,48,43,0.10765810310840607
features.3,1,48,44,0.346542626619339
features.3,1,48,45,0.006041605956852436
features.3,1,48,46,0.6003891229629517
features.3,1,48,47,0.09018760174512863
features.3,1,48,49,0.012011251412332058
features.3,1,48,50,0.040343042463064194
features.3,1,48,51,0.5264303684234619
features.3,1,48,52,0.2760666310787201
features.3,1,48,53,0.6122450232505798
features.3,1,48,54,0.24505166709423065
features.3,1,48,55,0.09071183949708939
features.3,1,48,56,0.17460303008556366
features.3,1,48,57,0.1428399533033371
features.3,1,48,58,0.10006528347730637
features.3,1,48,59,0.2382083684206009
features.3,1,48,60,0.10491316765546799
features.3,1,48,61,0.08155118674039841
features.3,1,49,0,0.30741259455680847
features.3,1,49,1,0.46791237592697144
features.3,1,49,2,0.35080835223197937
features.3,1,49,3,0.7162559628486633
features.3,1,49,4,0.7130146026611328
features.3,1,49,5,0.15664899349212646
features.3,1,49,6,0.15334729850292206
features.3,1,49,7,0.30999597907066345
features.3,1,49,8,0.23337700963020325
features.3,1,49,9,0.12392023950815201
features.3,1,49,10,0.48554301261901855
features.3,1,49,11,0.016300132498145103
features.3,1,49,12,0.09891024976968765
features.3,1,49,13,0.4439414143562317
features.3,1,49,14,0.672835648059845
features.3,1,49,15,0.44764596223831177
features.3,1,49,16,0.4094865024089813
features.3,1,49,17,0.7382887601852417
features.3,1,49,18,0.0788879245519638
features.3,1,49,19,0.25515538454055786
features.3,1,49,20,0.5345763564109802
features.3,1,49,21,0.08528312295675278
features.3,1,49,22,0.2082456350326538
features.3,1,49,23,0.37459444999694824
features.3,1,49,24,0.2504335343837738
features.3,1,49,25,0.4153924584388733
features.3,1,49,26,0.5416409969329834
features.3,1,49,27,0.1789667159318924
features.3,1,49,28,0.06668669730424881
features.3,1,49,29,0.4799405336380005
features.3,1,49,30,0.11266899108886719
features.3,1,49,31,0.09192132204771042
features.3,1,49,32,0.35867875814437866
features.3,1,49,33,0.3075116276741028
features.3,1,49,34,0.30726125836372375
features.3,1,49,35,0.400605171918869
features.3,1,49,36,0.07376749813556671
features.3,1,49,37,0.3187599182128906
features.3,1,49,38,0.49131453037261963
features.3,1,49,39,0.5157261490821838
features.3,1,49,40,0.19312258064746857
features.3,1,49,41,0.4276188910007477
features.3,1,49,42,0.21651777625083923
features.3,1,49,43,0.13347730040550232
features.3,1,49,44,0.5719746351242065
features.3,1,49,45,0.8026203513145447
features.3,1,49,46,0.3209400773048401
features.3,1,49,47,0.6123823523521423
features.3,1,49,48,0.012011251412332058
features.3,1,49,50,0.5269197225570679
features.3,1,49,51,0.6467041969299316
features.3,1,49,52,0.24642819166183472
features.3,1,49,53,0.3171478807926178
features.3,1,49,54,0.4603043496608734
features.3,1,49,55,0.4343312382698059
features.3,1,49,56,0.6711328625679016
features.3,1,49,57,0.8612563014030457
features.3,1,49,58,0.3298131227493286
features.3,1,49,59,0.6018267273902893
features.3,1,49,60,0.8460795879364014
features.3,1,49,61,0.10089536011219025
features.3,1,50,0,0.7044166922569275
features.3,1,50,1,0.22192223370075226
features.3,1,50,2,0.053278353065252304
features.3,1,50,3,0.5563709735870361
features.3,1,50,4,0.02024276927113533
features.3,1,50,5,0.4011640250682831
features.3,1,50,6,0.11951372772455215
features.3,1,50,7,0.5628505349159241
features.3,1,50,8,0.4090123176574707
features.3,1,50,9,0.005504673346877098
features.3,1,50,10,0.012107275426387787
features.3,1,50,11,0.2433321624994278
features.3,1,50,12,0.40590402483940125
features.3,1,50,13,0.1924811750650406
features.3,1,50,14,0.20352348685264587
features.3,1,50,15,0.12461818754673004
features.3,1,50,16,0.06998077780008316
features.3,1,50,17,0.3825894892215729
features.3,1,50,18,0.5277485847473145
features.3,1,50,19,0.1675759106874466
features.3,1,50,20,0.745092511177063
features.3,1,50,21,0.27675655484199524
features.3,1,50,22,0.015413771383464336
features.3,1,50,23,0.035847097635269165
features.3,1,50,24,0.5540552139282227
features.3,1,50,25,0.6946401000022888
features.3,1,50,26,0.6649983525276184
features.3,1,50,27,0.40212202072143555
features.3,1,50,28,0.25689607858657837
features.3,1,50,29,0.23585759103298187
features.3,1,50,30,0.23246288299560547
features.3,1,50,31,0.4503553807735443
features.3,1,50,32,0.6911277174949646
features.3,1,50,33,0.7468813061714172
features.3,1,50,34,0.6470233798027039
features.3,1,50,35,0.2958110570907593
features.3,1,50,36,0.5406755208969116
features.3,1,50,37,0.18202945590019226
features.3,1,50,38,0.8131861090660095
features.3,1,50,39,0.3656439185142517
features.3,1,50,40,0.5934819579124451
features.3,1,50,41,0.1638396680355072
features.3,1,50,42,0.00622075330466032
features.3,1,50,43,0.2861262261867523
features.3,1,50,44,0.5724350810050964
features.3,1,50,45,0.6677700877189636
features.3,1,50,46,0.12639707326889038
features.3,1,50,47,0.5333966612815857
features.3,1,50,48,0.040343042463064194
features.3,1,50,49,0.5269197225570679
features.3,1,50,51,0.6698269844055176
features.3,1,50,52,0.0474197156727314
features.3,1,50,53,0.34590011835098267
features.3,1,50,54,0.7036448121070862
features.3,1,50,55,0.22392769157886505
features.3,1,50,56,0.8599600195884705
features.3,1,50,57,0.44336697459220886
features.3,1,50,58,0.6565432548522949
features.3,1,50,59,0.841149091720581
features.3,1,50,60,0.27266576886177063
features.3,1,50,61,0.48641717433929443
features.3,1,51,0,0.5658925771713257
features.3,1,51,1,0.21362613141536713
features.3,1,51,2,0.41495874524116516
features.3,1,51,3,0.4003620743751526
features.3,1,51,4,0.4691246449947357
features.3,1,51,5,0.290158212184906
features.3,1,51,6,0.03813747689127922
features.3,1,51,7,0.05737724527716637
features.3,1,51,8,0.048249419778585434
features.3,1,51,9,0.2759760320186615
features.3,1,51,10,0.16305720806121826
features.3,1,51,11,0.033497512340545654
features.3,1,51,12,0.3335055112838745
features.3,1,51,13,0.22773097455501556
features.3,1,51,14,0.2627221345901489
features.3,1,51,15,0.18322236835956573
features.3,1,51,16,0.3119187355041504
features.3,1,51,17,0.6164119839668274
features.3,1,51,18,0.47013261914253235
features.3,1,51,19,0.2553645372390747
features.3,1,51,20,0.6355684399604797
features.3,1,51,21,0.2880585789680481
features.3,1,51,22,0.204485222697258
features.3,1,51,23,0.30545201897621155
features.3,1,51,24,0.5281174778938293
features.3,1,51,25,0.6967545747756958
features.3,1,51,26,0.5033880472183228
features.3,1,51,27,0.010292049497365952
features.3,1,51,28,0.2694711983203888
features.3,1,51,29,0.14122962951660156
features.3,1,51,30,0.24406133592128754
features.3,1,51,31,0.17759665846824646
features.3,1,51,32,0.46269717812538147
features.3,1,51,33,0.6030906438827515
features.3,1,51,34,0.7552676200866699
features.3,1,51,35,0.5983710885047913
features.3,1,51,36,0.3441871404647827
features.3,1,51,37,0.030105065554380417
features.3,1,51,38,0.573502242565155
features.3,1,51,39,0.41057461500167847
features.3,1,51,40,0.34903791546821594
features.3,1,51,41,0.039268556982278824
features.3,1,51,42,0.22092124819755554
features.3,1,51,43,0.07279177755117416
features.3,1,51,44,0.7645678520202637
features.3,1,51,45,0.5538134574890137
features.3,1,51,46,0.2230663150548935
features.3,1,51,47,0.608840823173523
features.3,1,51,48,0.5264303684234619
features.3,1,51,49,0.6467041969299316
features.3,1,51,50,0.6698269844055176
features.3,1,51,52,0.27674388885498047
features.3,1,51,53,0.7227477431297302
features.3,1,51,54,0.46852657198905945
features.3,1,51,55,0.16347768902778625
features.3,1,51,56,0.8414705991744995
features.3,1,51,57,0.6586719751358032
features.3,1,51,58,0.5044744610786438
features.3,1,51,59,0.7655813097953796
features.3,1,51,60,0.4347040057182312
features.3,1,51,61,0.10482531040906906
features.3,1,52,0,0.346303254365921
features.3,1,52,1,0.15994201600551605
features.3,1,52,2,0.1481437385082245
features.3,1,52,3,0.2655019462108612
features.3,1,52,4,0.446344256401062
features.3,1,52,5,0.07111059874296188
features.3,1,52,6,0.36663106083869934
features.3,1,52,7,0.06865005940198898
features.3,1,52,8,0.2586533725261688
features.3,1,52,9,0.09255430102348328
features.3,1,52,10,0.3958214223384857
features.3,1,52,11,0.06316181272268295
features.3,1,52,12,0.3601627051830292
features.3,1,52,13,0.49090027809143066
features.3,1,52,14,0.22308531403541565
features.3,1,52,15,0.17694240808486938
features.3,1,52,16,0.3915438950061798
features.3,1,52,17,0.301230251789093
features.3,1,52,18,0.24181365966796875
features.3,1,52,19,0.5680142641067505
features.3,1,52,20,0.015210002660751343
features.3,1,52,21,0.4269304573535919
features.3,1,52,22,0.3724016547203064
features.3,1,52,23,0.824931800365448
features.3,1,52,24,0.46072688698768616
features.3,1,52,25,0.21237656474113464
features.3,1,52,26,0.3251349925994873
features.3,1,52,27,0.1927684247493744
features.3,1,52,28,0.009628807194530964
features.3,1,52,29,0.2583344578742981
features.3,1,52,30,0.013166472315788269
features.3,1,52,31,0.3947351574897766
features.3,1,52,32,0.20274700224399567
features.3,1,52,33,0.26812347769737244
features.3,1,52,34,0.20706181228160858
features.3,1,52,35,0.06670539826154709
features.3,1,52,36,0.3539840877056122
features.3,1,52,37,0.44797995686531067
features.3,1,52,38,0.03866204246878624
features.3,1,52,39,0.26848429441452026
features.3,1,52,40,0.13637961447238922
features.3,1,52,41,0.6902753710746765
features.3,1,52,42,0.6873917579650879
features.3,1,52,43,0.2919551432132721
features.3,1,52,44,0.0037190322764217854
features.3,1,52,45,0.32643455266952515
features.3,1,52,46,0.16546759009361267
features.3,1,52,47,0.14014731347560883
features.3,1,52,48,0.2760666310787201
features.3,1,52,49,0.24642819166183472
features.3,1,52,50,0.0474197156727314
features.3,1,52,51,0.27674388885498047
features.3,1,52,53,0.5513589382171631
features.3,1,52,54,0.2454269677400589
features.3,1,52,55,0.03716683387756348
features.3,1,52,56,0.06326974183320999
features.3,1,52,57,0.3744674324989319
features.3,1,52,58,0.18795061111450195
features.3,1,52,59,0.22283709049224854
features.3,1,52,60,0.037031855434179306
features.3,1,52,61,0.0014155536191537976
features.3,1,53,0,0.4831395745277405
features.3,1,53,1,0.1958940178155899
features.3,1,53,2,0.5294326543807983
features.3,1,53,3,0.11024481058120728
features.3,1,53,4,0.4284028708934784
features.3,1,53,5,0.39233240485191345
features.3,1,53,6,0.11407981067895889
features.3,1,53,7,0.024202043190598488
features.3,1,53,8,0.11816611886024475
features.3,1,53,9,0.03238312527537346
features.3,1,53,10,0.13114994764328003
features.3,1,53,11,0.310608834028244
features.3,1,53,12,0.6684978008270264
features.3,1,53,13,0.08881059288978577
features.3,1,53,14,0.12413211911916733
features.3,1,53,15,0.004253924824297428
features.3,1,53,16,0.2577778100967407
features.3,1,53,17,0.6156697273254395
features.3,1,53,18,0.41225799918174744
features.3,1,53,19,0.12014176696538925
features.3,1,53,20,0.5081248879432678
features.3,1,53,21,0.5165073871612549
features.3,1,53,22,0.3673892319202423
features.3,1,53,23,0.43214884400367737
features.3,1,53,24,0.5765970349311829
features.3,1,53,25,0.42165976762771606
features.3,1,53,26,0.5508475303649902
features.3,1,53,27,0.0031840254087001085
features.3,1,53,28,0.42095747590065
features.3,1,53,29,0.023128468543291092
features.3,1,53,30,0.0837240144610405
features.3,1,53,31,0.05740317702293396
features.3,1,53,32,0.44090399146080017
features.3,1,53,33,0.6006035208702087
features.3,1,53,34,0.47150397300720215
features.3,1,53,35,0.6057434678077698
features.3,1,53,36,0.1952701210975647
features.3,1,53,37,0.17322216928005219
features.3,1,53,38,0.32514214515686035
features.3,1,53,39,0.3182739019393921
features.3,1,53,40,0.4620371162891388
features.3,1,53,41,0.14874541759490967
features.3,1,53,42,0.33519959449768066
features.3,1,53,43,0.07615216821432114
features.3,1,53,44,0.46786245703697205
features.3,1,53,45,0.2834763526916504
features.3,1,53,46,0.3373105525970459
features.3,1,53,47,0.3950801193714142
features.3,1,53,48,0.6122450232505798
features.3,1,53,49,0.3171478807926178
features.3,1,53,50,0.34590011835098267
features.3,1,53,51,0.7227477431297302
features.3,1,53,52,0.5513589382171631
features.3,1,53,54,0.2553402781486511
features.3,1,53,55,0.04710723087191582
features.3,1,53,56,0.47477638721466064
features.3,1,53,57,0.3503671884536743
features.3,1,53,58,0.2546282708644867
features.3,1,53,59,0.540515661239624
features.3,1,53,60,0.026789404451847076
features.3,1,53,61,0.10285155475139618
features.3,1,54,0,0.46222230792045593
features.3,1,54,1,0.29848209023475647
features.3,1,54,2,0.3470015823841095
features.3,1,54,3,0.4544444978237152
features.3,1,54,4,0.01350010558962822
features.3,1,54,5,0.8046038746833801
features.3,1,54,6,0.0014748586108908057
features.3,1,54,7,0.34476226568222046
features.3,1,54,8,0.13959060609340668
features.3,1,54,9,0.018855242058634758
features.3,1,54,10,0.16864272952079773
features.3,1,54,11,0.44779515266418457
features.3,1,54,12,0.4108699858188629
features.3,1,54,13,0.4021970331668854
features.3,1,54,14,0.3302483856678009
features.3,1,54,15,0.16706538200378418
features.3,1,54,16,0.270889014005661
features.3,1,54,17,0.5797817707061768
features.3,1,54,18,0.418565034866333
features.3,1,54,19,0.09608108550310135
features.3,1,54,20,0.8411647081375122
features.3,1,54,21,0.07283750921487808
features.3,1,54,22,0.052875518798828125
features.3,1,54,23,0.19560818374156952
features.3,1,54,24,0.4126521348953247
features.3,1,54,25,0.7952480316162109
features.3,1,54,26,0.6041654944419861
features.3,1,54,27,0.34811097383499146
features.3,1,54,28,0.6875267028808594
features.3,1,54,29,0.009042784571647644
features.3,1,54,30,0.0023839932400733232
features.3,1,54,31,0.7378843426704407
features.3,1,54,32,0.7789134979248047
features.3,1,54,33,0.6185405254364014
features.3,1,54,34,0.7296810746192932
features.3,1,54,35,0.4984908998012543
features.3,1,54,36,0.8363393545150757
features.3,1,54,37,0.3942511975765228
features.3,1,54,38,0.6804793477058411
features.3,1,54,39,0.07480413466691971
features.3,1,54,40,0.5002508163452148
features.3,1,54,41,0.3329569399356842
features.3,1,54,42,0.5382032990455627
features.3,1,54,43,0.15784256160259247
features.3,1,54,44,0.578576922416687
features.3,1,54,45,0.4710097908973694
features.3,1,54,46,0.026786772534251213
features.3,1,54,47,0.575492262840271
features.3,1,54,48,0.24505166709423065
features.3,1,54,49,0.4603043496608734
features.3,1,54,50,0.7036448121070862
features.3,1,54,51,0.46852657198905945
features.3,1,54,52,0.2454269677400589
features.3,1,54,53,0.2553402781486511
features.3,1,54,55,0.1523428112268448
features.3,1,54,56,0.592014491558075
features.3,1,54,57,0.24075455963611603
features.3,1,54,58,0.5346335172653198
features.3,1,54,59,0.685719907283783
features.3,1,54,60,0.261011004447937
features.3,1,54,61,0.1941230744123459
features.3,1,55,0,0.33813294768333435
features.3,1,55,1,0.28368788957595825
features.3,1,55,2,0.2862262725830078
features.3,1,55,3,0.22998884320259094
features.3,1,55,4,0.7085787057876587
features.3,1,55,5,0.03327629715204239
features.3,1,55,6,0.024924594908952713
features.3,1,55,7,0.09312231093645096
features.3,1,55,8,0.6533941626548767
features.3,1,55,9,0.32456204295158386
features.3,1,55,10,0.007635247427970171
features.3,1,55,11,0.6676692962646484
features.3,1,55,12,0.47401517629623413
features.3,1,55,13,0.7284514904022217
features.3,1,55,14,0.22785863280296326
features.3,1,55,15,0.1979791671037674
features.3,1,55,16,0.07642149925231934
features.3,1,55,17,0.291626513004303
features.3,1,55,18,0.33957383036613464
features.3,1,55,19,0.09378228336572647
features.3,1,55,20,0.28482404351234436
features.3,1,55,21,0.5616602897644043
features.3,1,55,22,0.16498930752277374
features.3,1,55,23,0.21098202466964722
features.3,1,55,24,0.3795779049396515
features.3,1,55,25,0.24249283969402313
features.3,1,55,26,0.3585781157016754
features.3,1,55,27,0.7188571095466614
features.3,1,55,28,0.03126975893974304
features.3,1,55,29,0.6486021876335144
features.3,1,55,30,0.4725981652736664
features.3,1,55,31,0.343423455953598
features.3,1,55,32,0.39112958312034607
features.3,1,55,33,0.45623600482940674
features.3,1,55,34,0.016709085553884506
features.3,1,55,35,0.05998951569199562
features.3,1,55,36,0.2832033932209015
features.3,1,55,37,0.27994027733802795
features.3,1,55,38,0.11564114689826965
features.3,1,55,39,0.5416668653488159
features.3,1,55,40,0.2778948247432709
features.3,1,55,41,0.12526056170463562
features.3,1,55,42,0.1358312964439392
features.3,1,55,43,0.17016111314296722
features.3,1,55,44,0.32904738187789917
features.3,1,55,45,0.035435330122709274
features.3,1,55,46,0.5201128721237183
features.3,1,55,47,0.3860042691230774
features.3,1,55,48,0.09071183949708939
features.3,1,55,49,0.4343312382698059
features.3,1,55,50,0.22392769157886505
features.3,1,55,51,0.16347768902778625
features.3,1,55,52,0.03716683387756348
features.3,1,55,53,0.04710723087191582
features.3,1,55,54,0.1523428112268448
features.3,1,55,56,0.012579512782394886
features.3,1,55,57,0.3093455135822296
features.3,1,55,58,0.3126062750816345
features.3,1,55,59,0.12840108573436737
features.3,1,55,60,0.5333706140518188
features.3,1,55,61,0.32438725233078003
features.3,1,56,0,0.5441645383834839
features.3,1,56,1,0.42030492424964905
features.3,1,56,2,0.24434101581573486
features.3,1,56,3,0.43012505769729614
features.3,1,56,4,0.1997670978307724
features.3,1,56,5,0.28744229674339294
features.3,1,56,6,0.08644948154687881
features.3,1,56,7,0.4259659945964813
features.3,1,56,8,0.25109755992889404
features.3,1,56,9,0.29462939500808716
features.3,1,56,10,0.16382138431072235
features.3,1,56,11,0.06434392929077148
features.3,1,56,12,0.347877562046051
features.3,1,56,13,0.02541501075029373
features.3,1,56,14,0.37795940041542053
features.3,1,56,15,0.24089106917381287
features.3,1,56,16,0.18141019344329834
features.3,1,56,17,0.43120697140693665
features.3,1,56,18,0.4251035749912262
features.3,1,56,19,0.23753997683525085
features.3,1,56,20,0.6511806845664978
features.3,1,56,21,0.29821595549583435
features.3,1,56,22,0.01825370080769062
features.3,1,56,23,0.2429659515619278
features.3,1,56,24,0.39759376645088196
features.3,1,56,25,0.6760892271995544
features.3,1,56,26,0.5951488018035889
features.3,1,56,27,0.2212267369031906
features.3,1,56,28,0.15497338771820068
features.3,1,56,29,0.16684800386428833
features.3,1,56,30,0.16231179237365723
features.3,1,56,31,0.2104540318250656
features.3,1,56,32,0.5033384561538696
features.3,1,56,33,0.6022748351097107
features.3,1,56,34,0.695294201374054
features.3,1,56,35,0.5272560119628906
features.3,1,56,36,0.45679110288619995
features.3,1,56,37,0.04390419274568558
features.3,1,56,38,0.7418076395988464
features.3,1,56,39,0.29338109493255615
features.3,1,56,40,0.5414190888404846
features.3,1,56,41,0.051577821373939514
features.3,1,56,42,0.12590861320495605
features.3,1,56,43,0.3333936929702759
features.3,1,56,44,0.5991312265396118
features.3,1,56,45,0.6307501196861267
features.3,1,56,46,0.17612521350383759
features.3,1,56,47,0.7056999802589417
features.3,1,56,48,0.17460303008556366
features.3,1,56,49,0.6711328625679016
features.3,1,56,50,0.8599600195884705
features.3,1,56,51,0.8414705991744995
features.3,1,56,52,0.06326974183320999
features.3,1,56,53,0.47477638721466064
features.3,1,56,54,0.592014491558075
features.3,1,56,55,0.012579512782394886
features.3,1,56,57,0.6199250221252441
features.3,1,56,58,0.5174433588981628
features.3,1,56,59,0.7863276600837708
features.3,1,56,60,0.4710240662097931
features.3,1,56,61,0.23229938745498657
features.3,1,57,0,0.4758926033973694
features.3,1,57,1,0.22827738523483276
features.3,1,57,2,0.19036151468753815
features.3,1,57,3,0.6090345978736877
features.3,1,57,4,0.6103410720825195
features.3,1,57,5,0.053335245698690414
features.3,1,57,6,0.09724133461713791
features.3,1,57,7,0.040537029504776
features.3,1,57,8,0.249639093875885
features.3,1,57,9,0.15438061952590942
features.3,1,57,10,0.6649577021598816
features.3,1,57,11,0.039159517735242844
features.3,1,57,12,0.02779315784573555
features.3,1,57,13,0.48296287655830383
features.3,1,57,14,0.6035635471343994
features.3,1,57,15,0.409197062253952
features.3,1,57,16,0.6620839238166809
features.3,1,57,17,0.5862936973571777
features.3,1,57,18,0.13729073107242584
features.3,1,57,19,0.15267765522003174
features.3,1,57,20,0.3810573220252991
features.3,1,57,21,0.11386112123727798
features.3,1,57,22,0.3842436969280243
features.3,1,57,23,0.4334634840488434
features.3,1,57,24,0.4265737235546112
features.3,1,57,25,0.31575149297714233
features.3,1,57,26,0.4152021110057831
features.3,1,57,27,0.24826465547084808
features.3,1,57,28,0.06771242618560791
features.3,1,57,29,0.30219408869743347
features.3,1,57,30,0.18668034672737122
features.3,1,57,31,0.33178189396858215
features.3,1,57,32,0.29959243535995483
features.3,1,57,33,0.38052913546562195
features.3,1,57,34,0.22640655934810638
features.3,1,57,35,0.35230639576911926
features.3,1,57,36,0.1770392656326294
features.3,1,57,37,0.44467973709106445
features.3,1,57,38,0.20338712632656097
features.3,1,57,39,0.43030720949172974
features.3,1,57,40,0.09536921977996826
features.3,1,57,41,0.564191997051239
features.3,1,57,42,0.4505656957626343
features.3,1,57,43,0.3709544241428375
features.3,1,57,44,0.5494697690010071
features.3,1,57,45,0.804062008857727
features.3,1,57,46,0.17806148529052734
features.3,1,57,47,0.43152886629104614
features.3,1,57,48,0.1428399533033371
features.3,1,57,49,0.8612563014030457
features.3,1,57,50,0.44336697459220886
features.3,1,57,51,0.6586719751358032
features.3,1,57,52,0.3744674324989319
features.3,1,57,53,0.3503671884536743
features.3,1,57,54,0.24075455963611603
features.3,1,57,55,0.3093455135822296
features.3,1,57,56,0.6199250221252441
features.3,1,57,58,0.5079025626182556
features.3,1,57,59,0.5716425776481628
features.3,1,57,60,0.7924317717552185
features.3,1,57,61,0.1996138095855713
features.3,1,58,0,0.9183940887451172
features.3,1,58,1,0.3202301859855652
features.3,1,58,2,0.03787592053413391
features.3,1,58,3,0.47582435607910156
features.3,1,58,4,0.05722685158252716
features.3,1,58,5,0.3494833707809448
features.3,1,58,6,0.00988464243710041
features.3,1,58,7,0.015351654961705208
features.3,1,58,8,0.21185949444770813
features.3,1,58,9,0.12639087438583374
features.3,1,58,10,0.24487029016017914
features.3,1,58,11,0.4393778145313263
features.3,1,58,12,0.23734264075756073
features.3,1,58,13,0.06517211347818375
features.3,1,58,14,0.05831388756632805
features.3,1,58,15,0.11084526777267456
features.3,1,58,16,0.23116865754127502
features.3,1,58,17,0.3869777023792267
features.3,1,58,18,0.7458274960517883
features.3,1,58,19,0.036030273884534836
features.3,1,58,20,0.5840945243835449
features.3,1,58,21,0.14066916704177856
features.3,1,58,22,0.40014857053756714
features.3,1,58,23,0.0950397178530693
features.3,1,58,24,0.8474462032318115
features.3,1,58,25,0.6033685803413391
features.3,1,58,26,0.4180637001991272
features.3,1,58,27,0.5515196323394775
features.3,1,58,28,0.3937213122844696
features.3,1,58,29,0.06341775506734848
features.3,1,58,30,0.09594211727380753
features.3,1,58,31,0.30869242548942566
features.3,1,58,32,0.7794737815856934
features.3,1,58,33,0.810677707195282
features.3,1,58,34,0.5373338460922241
features.3,1,58,35,0.22554737329483032
features.3,1,58,36,0.25681135058403015
features.3,1,58,37,0.00034219014924019575
features.3,1,58,38,0.28056684136390686
features.3,1,58,39,0.0270137507468462
features.3,1,58,40,0.06547768414020538
features.3,1,58,41,0.09998943656682968
features.3,1,58,42,0.00638207420706749
features.3,1,58,43,0.33524584770202637
features.3,1,58,44,0.5740734934806824
features.3,1,58,45,0.666828453540802
features.3,1,58,46,0.1519998013973236
features.3,1,58,47,0.17321068048477173
features.3,1,58,48,0.10006528347730637
features.3,1,58,49,0.3298131227493286
features.3,1,58,50,0.6565432548522949
features.3,1,58,51,0.5044744610786438
features.3,1,58,52,0.18795061111450195
features.3,1,58,53,0.2546282708644867
features.3,1,58,54,0.5346335172653198
features.3,1,58,55,0.3126062750816345
features.3,1,58,56,0.5174433588981628
features.3,1,58,57,0.5079025626182556
features.3,1,58,59,0.773984432220459
features.3,1,58,60,0.17254088819026947
features.3,1,58,61,0.4971905052661896
features.3,1,59,0,0.8153684139251709
features.3,1,59,1,0.10954736173152924
features.3,1,59,2,0.1405041515827179
features.3,1,59,3,0.5666036605834961
features.3,1,59,4,0.24389725923538208
features.3,1,59,5,0.41143402457237244
features.3,1,59,6,0.09997347742319107
features.3,1,59,7,0.23521487414836884
features.3,1,59,8,0.1844448447227478
features.3,1,59,9,0.17939987778663635
features.3,1,59,10,0.16714657843112946
features.3,1,59,11,0.36294636130332947
features.3,1,59,12,0.5127245187759399
features.3,1,59,13,0.01879572682082653
features.3,1,59,14,0.1138029545545578
features.3,1,59,15,0.08220452070236206
features.3,1,59,16,0.13681119680404663
features.3,1,59,17,0.6835058331489563
features.3,1,59,18,0.7229361534118652
features.3,1,59,19,0.002012860495597124
features.3,1,59,20,0.8088297247886658
features.3,1,59,21,0.3025091588497162
features.3,1,59,22,0.3565424978733063
features.3,1,59,23,0.19052021205425262
features.3,1,59,24,0.7645619511604309
features.3,1,59,25,0.7966709136962891
features.3,1,59,26,0.7471917867660522
features.3,1,59,27,0.3802052140235901
features.3,1,59,28,0.38111352920532227
features.3,1,59,29,0.16588596999645233
features.3,1,59,30,0.12505224347114563
features.3,1,59,31,0.4314032196998596
features.3,1,59,32,0.8260263204574585
features.3,1,59,33,0.8467682600021362
features.3,1,59,34,0.7155438661575317
features.3,1,59,35,0.3485978841781616
features.3,1,59,36,0.44434139132499695
features.3,1,59,37,0.06139138713479042
features.3,1,59,38,0.6250382661819458
features.3,1,59,39,0.34464114904403687
features.3,1,59,40,0.46091538667678833
features.3,1,59,41,0.10604660958051682
features.3,1,59,42,0.019507355988025665
features.3,1,59,43,0.028967490419745445
features.3,1,59,44,0.77306067943573
features.3,1,59,45,0.7028408050537109
features.3,1,59,46,0.1391751915216446
features.3,1,59,47,0.5860772132873535
features.3,1,59,48,0.2382083684206009
features.3,1,59,49,0.6018267273902893
features.3,1,59,50,0.841149091720581
features.3,1,59,51,0.7655813097953796
features.3,1,59,52,0.22283709049224854
features.3,1,59,53,0.540515661239624
features.3,1,59,54,0.685719907283783
features.3,1,59,55,0.12840108573436737
features.3,1,59,56,0.7863276600837708
features.3,1,59,57,0.5716425776481628
features.3,1,59,58,0.773984432220459
features.3,1,59,60,0.3141592741012573
features.3,1,59,61,0.4737708270549774
features.3,1,60,0,0.009485808201134205
features.3,1,60,1,0.4532255530357361
features.3,1,60,2,0.14061260223388672
features.3,1,60,3,0.6390863060951233
features.3,1,60,4,0.6457964181900024
features.3,1,60,5,0.11737153679132462
features.3,1,60,6,0.12827135622501373
features.3,1,60,7,0.12447240203619003
features.3,1,60,8,0.5150028467178345
features.3,1,60,9,0.29338759183883667
features.3,1,60,10,0.42817944288253784
features.3,1,60,11,0.24282950162887573
features.3,1,60,12,0.3289501667022705
features.3,1,60,13,0.5049275159835815
features.3,1,60,14,0.6148091554641724
features.3,1,60,15,0.5493056178092957
features.3,1,60,16,0.3783954381942749
features.3,1,60,17,0.4440822899341583
features.3,1,60,18,0.23174303770065308
features.3,1,60,19,0.1537773162126541
features.3,1,60,20,0.2406103014945984
features.3,1,60,21,0.45491665601730347
features.3,1,60,22,0.05853237956762314
features.3,1,60,23,0.11997305601835251
features.3,1,60,24,0.0786624327301979
features.3,1,60,25,0.2669740915298462
features.3,1,60,26,0.16971665620803833
features.3,1,60,27,0.039079345762729645
features.3,1,60,28,0.1744060516357422
features.3,1,60,29,0.4389970898628235
features.3,1,60,30,0.24257957935333252
features.3,1,60,31,0.2066563069820404
features.3,1,60,32,0.025666480883955956
features.3,1,60,33,0.03883672133088112
features.3,1,60,34,0.18491238355636597
features.3,1,60,35,0.1830434650182724
features.3,1,60,36,0.11289408802986145
features.3,1,60,37,0.49090319871902466
features.3,1,60,38,0.25039348006248474
features.3,1,60,39,0.4234066307544708
features.3,1,60,40,0.1607828289270401
features.3,1,60,41,0.3221321105957031
features.3,1,60,42,0.0952533632516861
features.3,1,60,43,0.26129093766212463
features.3,1,60,44,0.48485267162323
features.3,1,60,45,0.613399863243103
features.3,1,60,46,0.3974440395832062
features.3,1,60,47,0.54752516746521
features.3,1,60,48,0.10491316765546799
features.3,1,60,49,0.8460795879364014
features.3,1,60,50,0.27266576886177063
features.3,1,60,51,0.4347040057182312
features.3,1,60,52,0.037031855434179306
features.3,1,60,53,0.026789404451847076
features.3,1,60,54,0.261011004447937
features.3,1,60,55,0.5333706140518188
features.3,1,60,56,0.4710240662097931
features.3,1,60,57,0.7924317717552185
features.3,1,60,58,0.17254088819026947
features.3,1,60,59,0.3141592741012573
features.3,1,60,61,0.14095117151737213
features.3,1,61,0,0.44483157992362976
features.3,1,61,1,0.007220659404993057
features.3,1,61,2,0.7345605492591858
features.3,1,61,3,0.4893428385257721
features.3,1,61,4,0.1729488968849182
features.3,1,61,5,0.18966642022132874
features.3,1,61,6,0.09392504394054413
features.3,1,61,7,0.2110118716955185
features.3,1,61,8,0.09993960708379745
features.3,1,61,9,0.007218550890684128
features.3,1,61,10,0.07414707541465759
features.3,1,61,11,0.1556238979101181
features.3,1,61,12,0.03915336728096008
features.3,1,61,13,0.011947104707360268
features.3,1,61,14,0.28326675295829773
features.3,1,61,15,0.4707827568054199
features.3,1,61,16,0.06761115789413452
features.3,1,61,17,0.010106808505952358
features.3,1,61,18,0.14646512269973755
features.3,1,61,19,0.08265925198793411
features.3,1,61,20,0.25265824794769287
features.3,1,61,21,0.11884482949972153
features.3,1,61,22,0.21878382563591003
features.3,1,61,23,0.26396098732948303
features.3,1,61,24,0.34414324164390564
features.3,1,61,25,0.3019768297672272
features.3,1,61,26,0.2903379499912262
features.3,1,61,27,0.3970407545566559
features.3,1,61,28,0.1940976083278656
features.3,1,61,29,0.24935001134872437
features.3,1,61,30,0.3206687569618225
features.3,1,61,31,0.1877865046262741
features.3,1,61,32,0.3330749273300171
features.3,1,61,33,0.3848726451396942
features.3,1,61,34,0.1265413761138916
features.3,1,61,35,0.5420289039611816
features.3,1,61,36,0.017808420583605766
features.3,1,61,37,0.053145382553339005
features.3,1,61,38,0.15712203085422516
features.3,1,61,39,0.37529972195625305
features.3,1,61,40,0.0017391672590747476
features.3,1,61,41,0.0512654185295105
features.3,1,61,42,0.05338558182120323
features.3,1,61,43,0.30489078164100647
features.3,1,61,44,0.21625187993049622
features.3,1,61,45,0.3361944854259491
features.3,1,61,46,0.03685525059700012
features.3,1,61,47,0.1312600076198578
features.3,1,61,48,0.08155118674039841
features.3,1,61,49,0.10089536011219025
features.3,1,61,50,0.48641717433929443
features.3,1,61,51,0.10482531040906906
features.3,1,61,52,0.0014155536191537976
features.3,1,61,53,0.10285155475139618
features.3,1,61,54,0.1941230744123459
features.3,1,61,55,0.32438725233078003
features.3,1,61,56,0.23229938745498657
features.3,1,61,57,0.1996138095855713
features.3,1,61,58,0.4971905052661896
features.3,1,61,59,0.4737708270549774
features.3,1,61,60,0.14095117151737213
classifier.0,2,0,1,0.34708717465400696
classifier.0,2,0,2,0.028558198362588882
classifier.0,2,0,3,0.006535131484270096
classifier.0,2,0,4,0.0845356285572052
classifier.0,2,0,5,0.3363248407840729
classifier.0,2,0,6,0.16322371363639832
classifier.0,2,0,7,0.11800166964530945
classifier.0,2,0,8,0.06283622235059738
classifier.0,2,0,9,0.014974800869822502
classifier.0,2,0,10,0.02654886804521084
classifier.0,2,0,11,0.15089064836502075
classifier.0,2,0,12,0.23373502492904663
classifier.0,2,0,13,0.13855360448360443
classifier.0,2,0,14,0.08810287714004517
classifier.0,2,0,15,0.030575687065720558
classifier.0,2,0,16,0.17433884739875793
classifier.0,2,0,17,0.012600202113389969
classifier.0,2,0,18,0.33353519439697266
classifier.0,2,0,19,0.22617828845977783
classifier.0,2,0,20,0.17621999979019165
classifier.0,2,0,21,0.15937338769435883
classifier.0,2,0,22,0.09006509184837341
classifier.0,2,0,23,0.07719984650611877
classifier.0,2,0,24,0.8096308708190918
classifier.0,2,0,25,0.17750421166419983
classifier.0,2,0,26,0.007423531264066696
classifier.0,2,0,27,0.14135786890983582
classifier.0,2,0,28,0.31789690256118774
classifier.0,2,0,29,0.09752469509840012
classifier.0,2,0,30,0.08876587450504303
classifier.0,2,0,31,0.1158413216471672
classifier.0,2,0,32,0.37048032879829407
classifier.0,2,0,33,0.32082700729370117
classifier.0,2,0,34,0.17237551510334015
classifier.0,2,0,35,0.1319809854030609
classifier.0,2,0,36,0.1313043236732483
classifier.0,2,0,37,0.04021470248699188
classifier.0,2,0,38,0.045874759554862976
classifier.0,2,0,39,0.05144144594669342
classifier.0,2,0,40,0.29043251276016235
classifier.0,2,0,41,0.09076689183712006
classifier.0,2,0,42,0.19751273095607758
classifier.0,2,0,43,0.06808774173259735
classifier.0,2,0,44,0.28345903754234314
classifier.0,2,0,45,0.008157126605510712
classifier.0,2,0,46,0.15904927253723145
classifier.0,2,0,47,0.08674914389848709
classifier.0,2,0,48,0.005699627101421356
classifier.0,2,0,49,0.09564697742462158
classifier.0,2,0,50,0.5182040929794312
classifier.0,2,0,51,0.3577831983566284
classifier.0,2,0,52,0.03483514487743378
classifier.0,2,0,53,0.2502041459083557
classifier.0,2,0,54,0.3019493818283081
classifier.0,2,0,55,0.13596126437187195
classifier.0,2,0,56,0.2337474524974823
classifier.0,2,0,57,0.15303608775138855
classifier.0,2,0,58,0.45586097240448
classifier.0,2,0,59,0.4818372428417206
classifier.0,2,0,60,0.08304178714752197
classifier.0,2,0,61,0.2481526881456375
classifier.0,2,1,0,0.34708717465400696
classifier.0,2,1,2,0.05864768102765083
classifier.0,2,1,3,0.12895567715168
classifier.0,2,1,4,0.1560858190059662
classifier.0,2,1,5,0.028497442603111267
classifier.0,2,1,6,0.09509182721376419
classifier.0,2,1,7,0.2685372531414032
classifier.0,2,1,8,0.28288573026657104
classifier.0,2,1,9,0.22833222150802612
classifier.0,2,1,10,0.01877019554376602
classifier.0,2,1,11,0.0925992876291275
classifier.0,2,1,12,0.0256850253790617
classifier.0,2,1,13,0.19343620538711548
classifier.0,2,1,14,0.07193470001220703
classifier.0,2,1,15,0.02227894589304924
classifier.0,2,1,16,0.03509975224733353
classifier.0,2,1,17,0.015226978808641434
classifier.0,2,1,18,0.5321313142776489
classifier.0,2,1,19,0.034371040761470795
classifier.0,2,1,20,0.014399103820323944
classifier.0,2,1,21,0.19065088033676147
classifier.0,2,1,22,0.12647269666194916
classifier.0,2,1,23,0.032860465347766876
classifier.0,2,1,24,0.3412988483905792
classifier.0,2,1,25,0.015333808958530426
classifier.0,2,1,26,0.2922463119029999
classifier.0,2,1,27,0.03180425241589546
classifier.0,2,1,28,0.1349027454853058
classifier.0,2,1,29,0.023424658924341202
classifier.0,2,1,30,0.10934129357337952
classifier.0,2,1,31,0.1361042559146881
classifier.0,2,1,32,0.08847109973430634
classifier.0,2,1,33,0.10405045002698898
classifier.0,2,1,34,0.08212532848119736
classifier.0,2,1,35,0.058152131736278534
classifier.0,2,1,36,0.02200908586382866
classifier.0,2,1,37,0.12817852199077606
classifier.0,2,1,38,0.09346518665552139
classifier.0,2,1,39,0.09807074069976807
classifier.0,2,1,40,0.15806202590465546
classifier.0,2,1,41,0.014821801334619522
classifier.0,2,1,42,0.2050979882478714
classifier.0,2,1,43,0.09494467079639435
classifier.0,2,1,44,0.15647479891777039
classifier.0,2,1,45,0.15776948630809784
classifier.0,2,1,46,0.13464245200157166
classifier.0,2,1,47,0.6092400550842285
classifier.0,2,1,48,0.15971778333187103
classifier.0,2,1,49,0.12028937041759491
classifier.0,2,1,50,0.20144717395305634
classifier.0,2,1,51,0.11014813184738159
classifier.0,2,1,52,0.3324284553527832
classifier.0,2,1,53,0.002483743242919445
classifier.0,2,1,54,0.02881092205643654
classifier.0,2,1,55,0.018379269167780876
classifier.0,2,1,56,0.02581295371055603
classifier.0,2,1,57,0.14352498948574066
classifier.0,2,1,58,0.27846136689186096
classifier.0,2,1,59,0.01989852637052536
classifier.0,2,1,60,0.20342254638671875
classifier.0,2,1,61,0.0878557562828064
classifier.0,2,2,0,0.028558198362588882
classifier.0,2,2,1,0.05864768102765083
classifier.0,2,2,3,0.03816206753253937
classifier.0,2,2,4,0.006197579205036163
classifier.0,2,2,5,0.40176934003829956
classifier.0,2,2,6,0.057250089943408966
classifier.0,2,2,7,0.2601615786552429
classifier.0,2,2,8,0.00864285510033369
classifier.0,2,2,9,0.029011715203523636
classifier.0,2,2,10,0.09311842173337936
classifier.0,2,2,11,0.3140822947025299
classifier.0,2,2,12,0.023375218734145164
classifier.0,2,2,13,0.11036010086536407
classifier.0,2,2,14,0.28547537326812744
classifier.0,2,2,15,0.23966172337532043
classifier.0,2,2,16,0.15565285086631775
classifier.0,2,2,17,0.17732469737529755
classifier.0,2,2,18,0.1905258744955063
classifier.0,2,2,19,0.07264359295368195
classifier.0,2,2,20,0.4783686101436615
classifier.0,2,2,21,0.21024881303310394
classifier.0,2,2,22,0.021775145083665848
classifier.0,2,2,23,0.19338111579418182
classifier.0,2,2,24,0.026618827134370804
classifier.0,2,2,25,0.010465797036886215
classifier.0,2,2,26,0.23118580877780914
classifier.0,2,2,27,0.10736291110515594
classifier.0,2,2,28,0.3796098828315735
classifier.0,2,2,29,0.2803480923175812
classifier.0,2,2,30,0.1811518669128418
classifier.0,2,2,31,0.05730298534035683
classifier.0,2,2,32,0.06065945327281952
classifier.0,2,2,33,0.07277729362249374
classifier.0,2,2,34,0.24297600984573364
classifier.0,2,2,35,0.8096259832382202
classifier.0,2,2,36,0.07235755026340485
classifier.0,2,2,37,0.1542731672525406
classifier.0,2,2,38,0.0376485176384449
classifier.0,2,2,39,0.15297089517116547
classifier.0,2,2,40,0.02646571770310402
classifier.0,2,2,41,0.4408921003341675
classifier.0,2,2,42,0.02497793734073639
classifier.0,2,2,43,0.09439773112535477
classifier.0,2,2,44,0.1719992458820343
classifier.0,2,2,45,0.15685322880744934
classifier.0,2,2,46,0.06968680024147034
classifier.0,2,2,47,0.18726280331611633
classifier.0,2,2,48,0.24512255191802979
classifier.0,2,2,49,0.007162008434534073
classifier.0,2,2,50,0.20058749616146088
classifier.0,2,2,51,0.1576973795890808
classifier.0,2,2,52,0.09107301384210587
classifier.0,2,2,53,0.1306663304567337
classifier.0,2,2,54,0.09008881449699402
classifier.0,2,2,55,0.03063168376684189
classifier.0,2,2,56,0.11495701968669891
classifier.0,2,2,57,0.2337316870689392
classifier.0,2,2,58,0.19089001417160034
classifier.0,2,2,59,0.04506511241197586
classifier.0,2,2,60,0.20177990198135376
classifier.0,2,2,61,0.7887794971466064
classifier.0,2,3,0,0.006535131484270096
classifier.0,2,3,1,0.12895567715168
classifier.0,2,3,2,0.03816206753253937
classifier.0,2,3,4,0.30903419852256775
classifier.0,2,3,5,0.07028216123580933
classifier.0,2,3,6,0.13315488398075104
classifier.0,2,3,7,0.3352118730545044
classifier.0,2,3,8,0.07354450225830078
classifier.0,2,3,9,0.29311761260032654
classifier.0,2,3,10,0.13117030262947083
classifier.0,2,3,11,0.3011326789855957
classifier.0,2,3,12,0.11071425676345825
classifier.0,2,3,13,0.13757504522800446
classifier.0,2,3,14,0.2071906179189682
classifier.0,2,3,15,0.08128007501363754
classifier.0,2,3,16,0.07442212104797363
classifier.0,2,3,17,0.15684197843074799
classifier.0,2,3,18,0.061619747430086136
classifier.0,2,3,19,0.30409902334213257
classifier.0,2,3,20,0.08656108379364014
classifier.0,2,3,21,0.05780748650431633
classifier.0,2,3,22,0.07790649682283401
classifier.0,2,3,23,0.17992672324180603
classifier.0,2,3,24,0.05734916031360626
classifier.0,2,3,25,0.051648445427417755
classifier.0,2,3,26,0.17251022160053253
classifier.0,2,3,27,0.10009042918682098
classifier.0,2,3,28,0.15581952035427094
classifier.0,2,3,29,0.17333723604679108
classifier.0,2,3,30,0.14048421382904053
classifier.0,2,3,31,0.07390710711479187
classifier.0,2,3,32,0.1699126809835434
classifier.0,2,3,33,0.05912017077207565
classifier.0,2,3,34,0.01921486109495163
classifier.0,2,3,35,0.1693059653043747
classifier.0,2,3,36,0.12299688905477524
classifier.0,2,3,37,0.1306343823671341
classifier.0,2,3,38,0.4462888836860657
classifier.0,2,3,39,0.08051960170269012
classifier.0,2,3,40,0.07731784135103226
classifier.0,2,3,41,0.12974290549755096
classifier.0,2,3,42,0.0978023037314415
classifier.0,2,3,43,0.25387197732925415
classifier.0,2,3,44,0.1117839366197586
classifier.0,2,3,45,0.37714362144470215
classifier.0,2,3,46,0.18320617079734802
classifier.0,2,3,47,0.15129131078720093
classifier.0,2,3,48,0.05120775103569031
classifier.0,2,3,49,0.242739737033844
classifier.0,2,3,50,0.11428820341825485
classifier.0,2,3,51,0.02600034512579441
classifier.0,2,3,52,0.02474229410290718
classifier.0,2,3,53,0.22005458176136017
classifier.0,2,3,54,0.11387509107589722
classifier.0,2,3,55,0.011068329215049744
classifier.0,2,3,56,0.10225428640842438
classifier.0,2,3,57,0.2530081868171692
classifier.0,2,3,58,0.10157030820846558
classifier.0,2,3,59,0.062155477702617645
classifier.0,2,3,60,0.2758500576019287
classifier.0,2,3,61,0.17343592643737793
classifier.0,2,4,0,0.0845356285572052
classifier.0,2,4,1,0.1560858190059662
classifier.0,2,4,2,0.006197579205036163
classifier.0,2,4,3,0.30903419852256775
classifier.0,2,4,5,0.04871917515993118
classifier.0,2,4,6,0.18325725197792053
classifier.0,2,4,7,0.027215056121349335
classifier.0,2,4,8,0.27866873145103455
classifier.0,2,4,9,0.14038173854351044
classifier.0,2,4,10,0.12262684851884842
classifier.0,2,4,11,0.25742197036743164
classifier.0,2,4,12,0.00641326978802681
classifier.0,2,4,13,0.3935800790786743
classifier.0,2,4,14,0.030906520783901215
classifier.0,2,4,15,0.25287485122680664
classifier.0,2,4,16,0.13247431814670563
classifier.0,2,4,17,0.07659228891134262
classifier.0,2,4,18,0.16909626126289368
classifier.0,2,4,19,0.11617550998926163
classifier.0,2,4,20,0.05795775353908539
classifier.0,2,4,21,0.07818019390106201
classifier.0,2,4,22,0.15121904015541077
classifier.0,2,4,23,0.09661774337291718
classifier.0,2,4,24,0.09421899914741516
classifier.0,2,4,25,0.08703518658876419
classifier.0,2,4,26,0.21708303689956665
classifier.0,2,4,27,0.37230241298675537
classifier.0,2,4,28,0.019543414935469627
classifier.0,2,4,29,0.21738481521606445
classifier.0,2,4,30,0.029164068400859833
classifier.0,2,4,31,0.13846664130687714
classifier.0,2,4,32,0.17258869111537933
classifier.0,2,4,33,0.32642316818237305
classifier.0,2,4,34,0.2299785614013672
classifier.0,2,4,35,0.13666129112243652
classifier.0,2,4,36,0.016163945198059082
classifier.0,2,4,37,0.2671791911125183
classifier.0,2,4,38,0.08662529289722443
classifier.0,2,4,39,0.014936750754714012
classifier.0,2,4,40,0.00014301203191280365
classifier.0,2,4,41,0.33542400598526
classifier.0,2,4,42,0.0002765851095318794
classifier.0,2,4,43,0.13423295319080353
classifier.0,2,4,44,0.08491213619709015
classifier.0,2,4,45,0.04464155063033104
classifier.0,2,4,46,0.06954891979694366
classifier.0,2,4,47,0.07871952652931213
classifier.0,2,4,48,0.16504749655723572
classifier.0,2,4,49,0.33581167459487915
classifier.0,2,4,50,0.016845475882291794
classifier.0,2,4,51,0.05527126416563988
classifier.0,2,4,52,0.01891481876373291
classifier.0,2,4,53,0.25283873081207275
classifier.0,2,4,54,0.012695372104644775
classifier.0,2,4,55,0.12860643863677979
classifier.0,2,4,56,0.0038709230720996857
classifier.0,2,4,57,0.16175301373004913
classifier.0,2,4,58,0.17456336319446564
classifier.0,2,4,59,0.13004407286643982
classifier.0,2,4,60,0.31816187500953674
classifier.0,2,4,61,0.01028774119913578
classifier.0,2,5,0,0.3363248407840729
classifier.0,2,5,1,0.028497442603111267
classifier.0,2,5,2,0.40176934003829956
classifier.0,2,5,3,0.07028216123580933
classifier.0,2,5,4,0.04871917515993118
classifier.0,2,5,6,0.11850766837596893
classifier.0,2,5,7,0.01876414567232132
classifier.0,2,5,8,0.053512170910835266
classifier.0,2,5,9,0.10356652736663818
classifier.0,2,5,10,0.31636548042297363
classifier.0,2,5,11,0.2560824751853943
classifier.0,2,5,12,0.038983166217803955
classifier.0,2,5,13,0.09145593643188477
classifier.0,2,5,14,0.17609578371047974
classifier.0,2,5,15,0.14648006856441498
classifier.0,2,5,16,0.17579808831214905
classifier.0,2,5,17,0.18860533833503723
classifier.0,2,5,18,0.07041602581739426
classifier.0,2,5,19,0.11580882966518402
classifier.0,2,5,20,0.2684618830680847
classifier.0,2,5,21,0.10359324514865875
classifier.0,2,5,22,0.16068966686725616
classifier.0,2,5,23,0.08517983555793762
classifier.0,2,5,24,0.22163718938827515
classifier.0,2,5,25,0.10036633163690567
classifier.0,2,5,26,0.04987338185310364
classifier.0,2,5,27,0.14331941306591034
classifier.0,2,5,28,0.9555945992469788
classifier.0,2,5,29,0.2178434282541275
classifier.0,2,5,30,0.013844859786331654
classifier.0,2,5,31,0.2725491523742676
classifier.0,2,5,32,0.2382555603981018
classifier.0,2,5,33,0.1245831772685051
classifier.0,2,5,34,0.20189929008483887
classifier.0,2,5,35,0.4090058207511902
classifier.0,2,5,36,0.2459261417388916
classifier.0,2,5,37,0.05727314203977585
classifier.0,2,5,38,0.14899936318397522
classifier.0,2,5,39,0.0424223318696022
classifier.0,2,5,40,0.021545125171542168
classifier.0,2,5,41,0.3046441078186035
classifier.0,2,5,42,0.20548081398010254
classifier.0,2,5,43,0.07117071002721786
classifier.0,2,5,44,0.20680472254753113
classifier.0,2,5,45,0.11655431985855103
classifier.0,2,5,46,0.0294777974486351
classifier.0,2,5,47,0.0025711357593536377
classifier.0,2,5,48,0.1881982386112213
classifier.0,2,5,49,0.1083565205335617
classifier.0,2,5,50,0.14199288189411163
classifier.0,2,5,51,0.1964462697505951
classifier.0,2,5,52,0.1864672601222992
classifier.0,2,5,53,0.2043742537498474
classifier.0,2,5,54,0.5882813334465027
classifier.0,2,5,55,0.028325287625193596
classifier.0,2,5,56,0.07432190328836441
classifier.0,2,5,57,0.007103262469172478
classifier.0,2,5,58,0.10001574456691742
classifier.0,2,5,59,0.22914566099643707
classifier.0,2,5,60,0.06200159713625908
classifier.0,2,5,61,0.18914642930030823
classifier.0,2,6,0,0.16322371363639832
classifier.0,2,6,1,0.09509182721376419
classifier.0,2,6,2,0.057250089943408966
classifier.0,2,6,3,0.13315488398075104
classifier.0,2,6,4,0.18325725197792053
classifier.0,2,6,5,0.11850766837596893
classifier.0,2,6,7,0.10707469284534454
classifier.0,2,6,8,0.15287353098392487
classifier.0,2,6,9,0.1208266019821167
classifier.0,2,6,10,0.3360038697719574
classifier.0,2,6,11,0.2288091629743576
classifier.0,2,6,12,0.22002948820590973
classifier.0,2,6,13,0.43472781777381897
classifier.0,2,6,14,0.0731397271156311
classifier.0,2,6,15,0.04848720133304596
classifier.0,2,6,16,0.22682389616966248
classifier.0,2,6,17,0.1948280930519104
classifier.0,2,6,18,0.027057940140366554
classifier.0,2,6,19,0.15648221969604492
classifier.0,2,6,20,0.09239742159843445
classifier.0,2,6,21,0.3561375141143799
classifier.0,2,6,22,0.26657700538635254
classifier.0,2,6,23,0.11590047180652618
classifier.0,2,6,24,0.024792470037937164
classifier.0,2,6,25,0.14647963643074036
classifier.0,2,6,26,0.25649493932724
classifier.0,2,6,27,0.11415974795818329
classifier.0,2,6,28,0.036508820950984955
classifier.0,2,6,29,0.014157734811306
classifier.0,2,6,30,0.13414068520069122
classifier.0,2,6,31,0.24810802936553955
classifier.0,2,6,32,0.10203611850738525
classifier.0,2,6,33,0.2313690483570099
classifier.0,2,6,34,0.26678627729415894
classifier.0,2,6,35,0.21886473894119263
classifier.0,2,6,36,0.08691537380218506
classifier.0,2,6,37,0.7753382325172424
classifier.0,2,6,38,0.07931388914585114
classifier.0,2,6,39,0.10091730207204819
classifier.0,2,6,40,0.03686237707734108
classifier.0,2,6,41,0.22132471203804016
classifier.0,2,6,42,0.03163977712392807
classifier.0,2,6,43,0.024508126080036163
classifier.0,2,6,44,0.25949302315711975
classifier.0,2,6,45,0.2325735092163086
classifier.0,2,6,46,0.09660355746746063
classifier.0,2,6,47,0.24984920024871826
classifier.0,2,6,48,0.2161901593208313
classifier.0,2,6,49,0.09772774577140808
classifier.0,2,6,50,0.2076086848974228
classifier.0,2,6,51,0.029071670025587082
classifier.0,2,6,52,0.21024185419082642
classifier.0,2,6,53,0.020706014707684517
classifier.0,2,6,54,0.1955743432044983
classifier.0,2,6,55,0.1656177043914795
classifier.0,2,6,56,0.11671927571296692
classifier.0,2,6,57,0.23301583528518677
classifier.0,2,6,58,0.013663548976182938
classifier.0,2,6,59,0.06835632026195526
classifier.0,2,6,60,0.23206594586372375
classifier.0,2,6,61,0.006140385754406452
classifier.0,2,7,0,0.11800166964530945
classifier.0,2,7,1,0.2685372531414032
classifier.0,2,7,2,0.2601615786552429
classifier.0,2,7,3,0.3352118730545044
classifier.0,2,7,4,0.027215056121349335
classifier.0,2,7,5,0.01876414567232132
classifier.0,2,7,6,0.10707469284534454
classifier.0,2,7,8,0.2384912222623825
classifier.0,2,7,9,0.08751582354307175
classifier.0,2,7,10,0.10568270087242126
classifier.0,2,7,11,0.001957423985004425
classifier.0,2,7,12,0.09791503846645355
classifier.0,2,7,13,0.004003431648015976
classifier.0,2,7,14,0.27449437975883484
classifier.0,2,7,15,0.035584960132837296
classifier.0,2,7,16,0.29608094692230225
classifier.0,2,7,17,0.03378305956721306
classifier.0,2,7,18,0.28192421793937683
classifier.0,2,7,19,0.1858336329460144
classifier.0,2,7,20,0.1757407784461975
classifier.0,2,7,21,0.06993625313043594
classifier.0,2,7,22,0.3475838005542755
classifier.0,2,7,23,0.19770950078964233
classifier.0,2,7,24,0.142841637134552
classifier.0,2,7,25,0.17226490378379822
classifier.0,2,7,26,0.04197400435805321
classifier.0,2,7,27,0.029545340687036514
classifier.0,2,7,28,0.16090062260627747
classifier.0,2,7,29,0.15781936049461365
classifier.0,2,7,30,0.010439225472509861
classifier.0,2,7,31,0.03413703665137291
classifier.0,2,7,32,0.0037523657083511353
classifier.0,2,7,33,0.028247825801372528
classifier.0,2,7,34,0.1477201282978058
classifier.0,2,7,35,0.04042644053697586
classifier.0,2,7,36,0.04441282898187637
classifier.0,2,7,37,0.13742457330226898
classifier.0,2,7,38,0.3336378335952759
classifier.0,2,7,39,0.09187166392803192
classifier.0,2,7,40,0.24093571305274963
classifier.0,2,7,41,0.07188501954078674
classifier.0,2,7,42,0.12512964010238647
classifier.0,2,7,43,0.07948733866214752
classifier.0,2,7,44,0.12704584002494812
classifier.0,2,7,45,0.15410888195037842
classifier.0,2,7,46,0.17876218259334564
classifier.0,2,7,47,0.03757953643798828
classifier.0,2,7,48,0.28577128052711487
classifier.0,2,7,49,0.03772663325071335
classifier.0,2,7,50,0.022201526910066605
classifier.0,2,7,51,0.018084794282913208
classifier.0,2,7,52,0.029738791286945343
classifier.0,2,7,53,0.23790010809898376
classifier.0,2,7,54,0.10738688707351685
classifier.0,2,7,55,0.0712336003780365
classifier.0,2,7,56,0.03835909813642502
classifier.0,2,7,57,0.09502512216567993
classifier.0,2,7,58,0.19573858380317688
classifier.0,2,7,59,0.009009547531604767
classifier.0,2,7,60,0.04534652829170227
classifier.0,2,7,61,0.17524753510951996
classifier.0,2,8,0,0.06283622235059738
classifier.0,2,8,1,0.28288573026657104
classifier.0,2,8,2,0.00864285510033369
classifier.0,2,8,3,0.07354450225830078
classifier.0,2,8,4,0.27866873145103455
classifier.0,2,8,5,0.053512170910835266
classifier.0,2,8,6,0.15287353098392487
classifier.0,2,8,7,0.2384912222623825
classifier.0,2,8,9,0.16631940007209778
classifier.0,2,8,10,0.17180925607681274
classifier.0,2,8,11,0.31283852458000183
classifier.0,2,8,12,0.2208130955696106
classifier.0,2,8,13,0.07595791667699814
classifier.0,2,8,14,0.10646562278270721
classifier.0,2,8,15,0.14062580466270447
classifier.0,2,8,16,0.2174336314201355
classifier.0,2,8,17,0.12543414533138275
classifier.0,2,8,18,0.17888407409191132
classifier.0,2,8,19,0.038382258266210556
classifier.0,2,8,20,0.12127969413995743
classifier.0,2,8,21,0.42096301913261414
classifier.0,2,8,22,0.19395671784877777
classifier.0,2,8,23,0.21699413657188416
classifier.0,2,8,24,0.10983347147703171
classifier.0,2,8,25,0.17189770936965942
classifier.0,2,8,26,0.04259955883026123
classifier.0,2,8,27,0.09915369004011154
classifier.0,2,8,28,0.09870682656764984
classifier.0,2,8,29,0.015704549849033356
classifier.0,2,8,30,0.220890611410141
classifier.0,2,8,31,0.33582907915115356
classifier.0,2,8,32,0.2511460483074188
classifier.0,2,8,33,0.1901809573173523
classifier.0,2,8,34,0.04937443882226944
classifier.0,2,8,35,0.05029518902301788
classifier.0,2,8,36,0.13589665293693542
classifier.0,2,8,37,0.0670202299952507
classifier.0,2,8,38,0.26976490020751953
classifier.0,2,8,39,0.0031339600682258606
classifier.0,2,8,40,0.17868980765342712
classifier.0,2,8,41,0.107773557305336
classifier.0,2,8,42,0.05858611315488815
classifier.0,2,8,43,0.0772882029414177
classifier.0,2,8,44,0.21182990074157715
classifier.0,2,8,45,0.09809288382530212
classifier.0,2,8,46,0.06933195888996124
classifier.0,2,8,47,0.24202841520309448
classifier.0,2,8,48,0.025094499811530113
classifier.0,2,8,49,0.04433904588222504
classifier.0,2,8,50,0.22808516025543213
classifier.0,2,8,51,0.07106226682662964
classifier.0,2,8,52,0.1575809121131897
classifier.0,2,8,53,0.15180158615112305
classifier.0,2,8,54,0.13217023015022278
classifier.0,2,8,55,0.16795627772808075
classifier.0,2,8,56,0.09246229380369186
classifier.0,2,8,57,0.1704222708940506
classifier.0,2,8,58,0.19849705696105957
classifier.0,2,8,59,0.11408167332410812
classifier.0,2,8,60,0.3369428515434265
classifier.0,2,8,61,0.10289578139781952
classifier.0,2,9,0,0.014974800869822502
classifier.0,2,9,1,0.22833222150802612
classifier.0,2,9,2,0.029011715203523636
classifier.0,2,9,3,0.29311761260032654
classifier.0,2,9,4,0.14038173854351044
classifier.0,2,9,5,0.10356652736663818
classifier.0,2,9,6,0.1208266019821167
classifier.0,2,9,7,0.08751582354307175
classifier.0,2,9,8,0.16631940007209778
classifier.0,2,9,10,0.11209095269441605
classifier.0,2,9,11,0.25147849321365356
classifier.0,2,9,12,0.015078926458954811
classifier.0,2,9,13,0.01763678342103958
classifier.0,2,9,14,0.1534326672554016
classifier.0,2,9,15,0.19253678619861603
classifier.0,2,9,16,0.11290647089481354
classifier.0,2,9,17,0.23586846888065338
classifier.0,2,9,18,0.06995940953493118
classifier.0,2,9,19,0.16470248997211456
classifier.0,2,9,20,0.15013182163238525
classifier.0,2,9,21,0.21642139554023743
classifier.0,2,9,22,0.08927062153816223
classifier.0,2,9,23,0.27782005071640015
classifier.0,2,9,24,0.0461115688085556
classifier.0,2,9,25,0.19793549180030823
classifier.0,2,9,26,0.037217989563941956
classifier.0,2,9,27,0.0676153302192688
classifier.0,2,9,28,0.15043789148330688
classifier.0,2,9,29,0.19752854108810425
classifier.0,2,9,30,0.035267025232315063
classifier.0,2,9,31,0.15802666544914246
classifier.0,2,9,32,0.16609357297420502
classifier.0,2,9,33,0.14440983533859253
classifier.0,2,9,34,0.11994864791631699
classifier.0,2,9,35,0.13490886986255646
classifier.0,2,9,36,0.04980313405394554
classifier.0,2,9,37,0.0408484973013401
classifier.0,2,9,38,0.21252407133579254
classifier.0,2,9,39,0.4595296084880829
classifier.0,2,9,40,0.15086102485656738
classifier.0,2,9,41,0.0631863996386528
classifier.0,2,9,42,0.2843237519264221
classifier.0,2,9,43,0.1826067566871643
classifier.0,2,9,44,0.02094319649040699
classifier.0,2,9,45,0.016013028100132942
classifier.0,2,9,46,0.22195987403392792
classifier.0,2,9,47,0.2659227252006531
classifier.0,2,9,48,0.16815117001533508
classifier.0,2,9,49,0.25825560092926025
classifier.0,2,9,50,0.07471104711294174
classifier.0,2,9,51,0.05524832010269165
classifier.0,2,9,52,0.36995309591293335
classifier.0,2,9,53,0.12506386637687683
classifier.0,2,9,54,0.06710311025381088
classifier.0,2,9,55,0.21754974126815796
classifier.0,2,9,56,0.0012539923191070557
classifier.0,2,9,57,0.049112219363451004
classifier.0,2,9,58,0.1730639487504959
classifier.0,2,9,59,0.05482924357056618
classifier.0,2,9,60,0.00324881449341774
classifier.0,2,9,61,0.2189091444015503
classifier.0,2,10,0,0.02654886804521084
classifier.0,2,10,1,0.01877019554376602
classifier.0,2,10,2,0.09311842173337936
classifier.0,2,10,3,0.13117030262947083
classifier.0,2,10,4,0.12262684851884842
classifier.0,2,10,5,0.31636548042297363
classifier.0,2,10,6,0.3360038697719574
classifier.0,2,10,7,0.10568270087242126
classifier.0,2,10,8,0.17180925607681274
classifier.0,2,10,9,0.11209095269441605
classifier.0,2,10,11,0.1559731513261795
classifier.0,2,10,12,0.0769425705075264
classifier.0,2,10,13,0.09312952309846878
classifier.0,2,10,14,0.0013288334012031555
classifier.0,2,10,15,0.18247003853321075
classifier.0,2,10,16,0.5641759634017944
classifier.0,2,10,17,0.19768570363521576
classifier.0,2,10,18,0.02145947515964508
classifier.0,2,10,19,0.19646014273166656
classifier.0,2,10,20,0.021090103313326836
classifier.0,2,10,21,0.014076337218284607
classifier.0,2,10,22,0.3716853857040405
classifier.0,2,10,23,0.11454999446868896
classifier.0,2,10,24,0.010869741439819336
classifier.0,2,10,25,0.15951864421367645
classifier.0,2,10,26,0.004683364182710648
classifier.0,2,10,27,0.16198930144309998
classifier.0,2,10,28,0.2916806936264038
classifier.0,2,10,29,0.044682569801807404
classifier.0,2,10,30,0.17209689319133759
classifier.0,2,10,31,0.4347531497478485
classifier.0,2,10,32,0.1240500807762146
classifier.0,2,10,33,0.0069115906953811646
classifier.0,2,10,34,0.12028570473194122
classifier.0,2,10,35,0.08076907694339752
classifier.0,2,10,36,0.28163814544677734
classifier.0,2,10,37,0.08307746052742004
classifier.0,2,10,38,0.25203266739845276
classifier.0,2,10,39,0.024753205478191376
classifier.0,2,10,40,0.07548698037862778
classifier.0,2,10,41,0.2941584587097168
classifier.0,2,10,42,0.2981070876121521
classifier.0,2,10,43,0.07320352643728256
classifier.0,2,10,44,0.02441580593585968
classifier.0,2,10,45,0.3613976240158081
classifier.0,2,10,46,0.16718074679374695
classifier.0,2,10,47,0.06613563746213913
classifier.0,2,10,48,0.13815894722938538
classifier.0,2,10,49,0.18171101808547974
classifier.0,2,10,50,0.07011044025421143
classifier.0,2,10,51,0.04792797937989235
classifier.0,2,10,52,0.018164893612265587
classifier.0,2,10,53,0.14459164440631866
classifier.0,2,10,54,0.12871021032333374
classifier.0,2,10,55,0.05402083694934845
classifier.0,2,10,56,0.19196338951587677
classifier.0,2,10,57,0.40305888652801514
classifier.0,2,10,58,0.03653273731470108
classifier.0,2,10,59,0.08507683128118515
classifier.0,2,10,60,0.2556656002998352
classifier.0,2,10,61,0.1684177964925766
classifier.0,2,11,0,0.15089064836502075
classifier.0,2,11,1,0.0925992876291275
classifier.0,2,11,2,0.3140822947025299
classifier.0,2,11,3,0.3011326789855957
classifier.0,2,11,4,0.25742197036743164
classifier.0,2,11,5,0.2560824751853943
classifier.0,2,11,6,0.2288091629743576
classifier.0,2,11,7,0.001957423985004425
classifier.0,2,11,8,0.31283852458000183
classifier.0,2,11,9,0.25147849321365356
classifier.0,2,11,10,0.1559731513261795
classifier.0,2,11,12,0.19352075457572937
classifier.0,2,11,13,0.32661229372024536
classifier.0,2,11,14,0.09489360451698303
classifier.0,2,11,15,0.0015659178607165813
classifier.0,2,11,16,0.1468789130449295
classifier.0,2,11,17,0.24525903165340424
classifier.0,2,11,18,0.02082696557044983
classifier.0,2,11,19,0.017669040709733963
classifier.0,2,11,20,0.4255870580673218
classifier.0,2,11,21,0.23839126527309418
classifier.0,2,11,22,0.18005302548408508
classifier.0,2,11,23,0.16980066895484924
classifier.0,2,11,24,0.2046900987625122
classifier.0,2,11,25,0.09540006518363953
classifier.0,2,11,26,0.09951315820217133
classifier.0,2,11,27,0.3444971740245819
classifier.0,2,11,28,0.28751516342163086
classifier.0,2,11,29,0.15942244231700897
classifier.0,2,11,30,0.030470991507172585
classifier.0,2,11,31,0.13583484292030334
classifier.0,2,11,32,0.10640282928943634
classifier.0,2,11,33,0.21090386807918549
classifier.0,2,11,34,0.029216675087809563
classifier.0,2,11,35,0.4163099527359009
classifier.0,2,11,36,0.11004017293453217
classifier.0,2,11,37,0.2791699767112732
classifier.0,2,11,38,0.44582027196884155
classifier.0,2,11,39,0.141651913523674
classifier.0,2,11,40,0.04931836575269699
classifier.0,2,11,41,0.10845793783664703
classifier.0,2,11,42,0.050286438316106796
classifier.0,2,11,43,0.04128243029117584
classifier.0,2,11,44,0.15341147780418396
classifier.0,2,11,45,0.11820130795240402
classifier.0,2,11,46,0.04915141314268112
classifier.0,2,11,47,0.013563010841608047
classifier.0,2,11,48,0.08506592363119125
classifier.0,2,11,49,0.06538058817386627
classifier.0,2,11,50,0.152127206325531
classifier.0,2,11,51,0.09232005476951599
classifier.0,2,11,52,0.02313201129436493
classifier.0,2,11,53,0.0143071748316288
classifier.0,2,11,54,0.03567531704902649
classifier.0,2,11,55,0.16751866042613983
classifier.0,2,11,56,0.08013831079006195
classifier.0,2,11,57,0.08375197649002075
classifier.0,2,11,58,0.03782219439744949
classifier.0,2,11,59,0.17396044731140137
classifier.0,2,11,60,0.10984786599874496
classifier.0,2,11,61,0.1350884884595871
classifier.0,2,12,0,0.23373502492904663
classifier.0,2,12,1,0.0256850253790617
classifier.0,2,12,2,0.023375218734145164
classifier.0,2,12,3,0.11071425676345825
classifier.0,2,12,4,0.00641326978802681
classifier.0,2,12,5,0.038983166217803955
classifier.0,2,12,6,0.22002948820590973
classifier.0,2,12,7,0.09791503846645355
classifier.0,2,12,8,0.2208130955696106
classifier.0,2,12,9,0.015078926458954811
classifier.0,2,12,10,0.0769425705075264
classifier.0,2,12,11,0.19352075457572937
classifier.0,2,12,13,0.20352765917778015
classifier.0,2,12,14,0.013691685162484646
classifier.0,2,12,15,0.050109535455703735
classifier.0,2,12,16,0.09997344017028809
classifier.0,2,12,17,0.1576063334941864
classifier.0,2,12,18,0.20681644976139069
classifier.0,2,12,19,0.26339465379714966
classifier.0,2,12,20,0.029891707003116608
classifier.0,2,12,21,0.21787706017494202
classifier.0,2,12,22,0.15470242500305176
classifier.0,2,12,23,0.06416741013526917
classifier.0,2,12,24,0.05623479187488556
classifier.0,2,12,25,0.030175000429153442
classifier.0,2,12,26,0.3078819215297699
classifier.0,2,12,27,0.30610305070877075
classifier.0,2,12,28,0.05359001085162163
classifier.0,2,12,29,0.030909137800335884
classifier.0,2,12,30,0.1649264693260193
classifier.0,2,12,31,0.028915047645568848
classifier.0,2,12,32,0.1299619972705841
classifier.0,2,12,33,0.1570104956626892
classifier.0,2,12,34,0.031525276601314545
classifier.0,2,12,35,0.011799454689025879
classifier.0,2,12,36,0.06010892987251282
classifier.0,2,12,37,0.2149524688720703
classifier.0,2,12,38,0.04076768457889557
classifier.0,2,12,39,0.0477762371301651
classifier.0,2,12,40,0.6623874306678772
classifier.0,2,12,41,0.06251977384090424
classifier.0,2,12,42,0.0983702763915062
classifier.0,2,12,43,0.16866305470466614
classifier.0,2,12,44,0.0296623632311821
classifier.0,2,12,45,0.14867599308490753
classifier.0,2,12,46,0.06772899627685547
classifier.0,2,12,47,0.04776167497038841
classifier.0,2,12,48,0.12263571470975876
classifier.0,2,12,49,0.10494716465473175
classifier.0,2,12,50,0.18654866516590118
classifier.0,2,12,51,0.15737834572792053
classifier.0,2,12,52,0.19237756729125977
classifier.0,2,12,53,0.15353824198246002
classifier.0,2,12,54,0.1136280745267868
classifier.0,2,12,55,0.0330369658768177
classifier.0,2,12,56,0.027645807713270187
classifier.0,2,12,57,0.06636477261781693
classifier.0,2,12,58,0.1618257462978363
classifier.0,2,12,59,0.09720118343830109
classifier.0,2,12,60,0.2593435049057007
classifier.0,2,12,61,0.11256051808595657
classifier.0,2,13,0,0.13855360448360443
classifier.0,2,13,1,0.19343620538711548
classifier.0,2,13,2,0.11036010086536407
classifier.0,2,13,3,0.13757504522800446
classifier.0,2,13,4,0.3935800790786743
classifier.0,2,13,5,0.09145593643188477
classifier.0,2,13,6,0.43472781777381897
classifier.0,2,13,7,0.004003431648015976
classifier.0,2,13,8,0.07595791667699814
classifier.0,2,13,9,0.01763678342103958
classifier.0,2,13,10,0.09312952309846878
classifier.0,2,13,11,0.32661229372024536
classifier.0,2,13,12,0.20352765917778015
classifier.0,2,13,14,0.2635366916656494
classifier.0,2,13,15,0.04703880101442337
classifier.0,2,13,16,0.22292712330818176
classifier.0,2,13,17,0.15335606038570404
classifier.0,2,13,18,0.05889756605029106
classifier.0,2,13,19,0.05013476684689522
classifier.0,2,13,20,0.14060276746749878
classifier.0,2,13,21,0.384959876537323
classifier.0,2,13,22,0.15440869331359863
classifier.0,2,13,23,0.20806822180747986
classifier.0,2,13,24,0.1376326084136963
classifier.0,2,13,25,0.009588710963726044
classifier.0,2,13,26,0.1087045967578888
classifier.0,2,13,27,0.40557941794395447
classifier.0,2,13,28,0.09241484105587006
classifier.0,2,13,29,0.1938677877187729
classifier.0,2,13,30,0.03396208584308624
classifier.0,2,13,31,0.15653260052204132
classifier.0,2,13,32,0.19365711510181427
classifier.0,2,13,33,0.338979572057724
classifier.0,2,13,34,0.047721635550260544
classifier.0,2,13,35,0.1617414951324463
classifier.0,2,13,36,0.20383527874946594
classifier.0,2,13,37,0.5435441136360168
classifier.0,2,13,38,0.05671984702348709
classifier.0,2,13,39,0.09517733752727509
classifier.0,2,13,40,0.027123913168907166
classifier.0,2,13,41,0.00016611069440841675
classifier.0,2,13,42,0.21313589811325073
classifier.0,2,13,43,0.2039482146501541
classifier.0,2,13,44,0.06864654272794724
classifier.0,2,13,45,0.02078820951282978
classifier.0,2,13,46,0.13776633143424988
classifier.0,2,13,47,0.32180818915367126
classifier.0,2,13,48,0.13389495015144348
classifier.0,2,13,49,0.17163249850273132
classifier.0,2,13,50,0.0669877901673317
classifier.0,2,13,51,0.12022297084331512
classifier.0,2,13,52,0.10154585540294647
classifier.0,2,13,53,0.04094534367322922
classifier.0,2,13,54,0.0019426383078098297
classifier.0,2,13,55,0.2522966265678406
classifier.0,2,13,56,0.05455918610095978
classifier.0,2,13,57,0.18048766255378723
classifier.0,2,13,58,0.1144438236951828
classifier.0,2,13,59,0.08162126690149307
classifier.0,2,13,60,0.21128937602043152
classifier.0,2,13,61,0.13400571048259735
classifier.0,2,14,0,0.08810287714004517
classifier.0,2,14,1,0.07193470001220703
classifier.0,2,14,2,0.28547537326812744
classifier.0,2,14,3,0.2071906179189682
classifier.0,2,14,4,0.030906520783901215
classifier.0,2,14,5,0.17609578371047974
classifier.0,2,14,6,0.0731397271156311
classifier.0,2,14,7,0.27449437975883484
classifier.0,2,14,8,0.10646562278270721
classifier.0,2,14,9,0.1534326672554016
classifier.0,2,14,10,0.0013288334012031555
classifier.0,2,14,11,0.09489360451698303
classifier.0,2,14,12,0.013691685162484646
classifier.0,2,14,13,0.2635366916656494
classifier.0,2,14,15,0.35862109065055847
classifier.0,2,14,16,0.05656839534640312
classifier.0,2,14,17,0.060743093490600586
classifier.0,2,14,18,0.14230148494243622
classifier.0,2,14,19,0.17907628417015076
classifier.0,2,14,20,0.037429630756378174
classifier.0,2,14,21,0.2522701919078827
classifier.0,2,14,22,0.2290017008781433
classifier.0,2,14,23,0.16499063372612
classifier.0,2,14,24,0.0399836003780365
classifier.0,2,14,25,0.26136812567710876
classifier.0,2,14,26,0.06538204848766327
classifier.0,2,14,27,0.14402008056640625
classifier.0,2,14,28,0.10392513871192932
classifier.0,2,14,29,0.008493155241012573
classifier.0,2,14,30,0.10721077024936676
classifier.0,2,14,31,0.05142770707607269
classifier.0,2,14,32,0.09392396360635757
classifier.0,2,14,33,0.010908783413469791
classifier.0,2,14,34,0.13997900485992432
classifier.0,2,14,35,0.32345885038375854
classifier.0,2,14,36,0.03474000096321106
classifier.0,2,14,37,0.024156514555215836
classifier.0,2,14,38,0.06543335318565369
classifier.0,2,14,39,0.013802398927509785
classifier.0,2,14,40,0.09133503586053848
classifier.0,2,14,41,0.1100090891122818
classifier.0,2,14,42,0.02496492676436901
classifier.0,2,14,43,0.2052212953567505
classifier.0,2,14,44,0.1602276861667633
classifier.0,2,14,45,0.13503840565681458
classifier.0,2,14,46,0.3956403136253357
classifier.0,2,14,47,0.05114646255970001
classifier.0,2,14,48,0.4448103606700897
classifier.0,2,14,49,0.352230429649353
classifier.0,2,14,50,0.08415195345878601
classifier.0,2,14,51,0.028580784797668457
classifier.0,2,14,52,0.07104836404323578
classifier.0,2,14,53,0.1150774136185646
classifier.0,2,14,54,0.22936813533306122
classifier.0,2,14,55,0.04414471238851547
classifier.0,2,14,56,0.09655805677175522
classifier.0,2,14,57,0.18553076684474945
classifier.0,2,14,58,0.08243574947118759
classifier.0,2,14,59,0.16695262491703033
classifier.0,2,14,60,0.03463008627295494
classifier.0,2,14,61,0.33171597123146057
classifier.0,2,15,0,0.030575687065720558
classifier.0,2,15,1,0.02227894589304924
classifier.0,2,15,2,0.23966172337532043
classifier.0,2,15,3,0.08128007501363754
classifier.0,2,15,4,0.25287485122680664
classifier.0,2,15,5,0.14648006856441498
classifier.0,2,15,6,0.04848720133304596
classifier.0,2,15,7,0.035584960132837296
classifier.0,2,15,8,0.14062580466270447
classifier.0,2,15,9,0.19253678619861603
classifier.0,2,15,10,0.18247003853321075
classifier.0,2,15,11,0.0015659178607165813
classifier.0,2,15,12,0.050109535455703735
classifier.0,2,15,13,0.04703880101442337
classifier.0,2,15,14,0.35862109065055847
classifier.0,2,15,16,0.27867183089256287
classifier.0,2,15,17,0.1200215220451355
classifier.0,2,15,18,0.03558574989438057
classifier.0,2,15,19,0.05405473709106445
classifier.0,2,15,20,0.21094390749931335
classifier.0,2,15,21,0.1275365650653839
classifier.0,2,15,22,0.008155778050422668
classifier.0,2,15,23,0.015424070879817009
classifier.0,2,15,24,0.0685184895992279
classifier.0,2,15,25,0.18925625085830688
classifier.0,2,15,26,0.10934019088745117
classifier.0,2,15,27,0.06966318935155869
classifier.0,2,15,28,0.04000100865960121
classifier.0,2,15,29,0.24309515953063965
classifier.0,2,15,30,0.45554372668266296
classifier.0,2,15,31,0.11526069045066833
classifier.0,2,15,32,0.11974084377288818
classifier.0,2,15,33,0.17289282381534576
classifier.0,2,15,34,0.11626908928155899
classifier.0,2,15,35,0.3071269094944
classifier.0,2,15,36,0.3657629191875458
classifier.0,2,15,37,0.10963694751262665
classifier.0,2,15,38,0.011884350329637527
classifier.0,2,15,39,0.33265748620033264
classifier.0,2,15,40,0.024043310433626175
classifier.0,2,15,41,0.06263812631368637
classifier.0,2,15,42,0.17516225576400757
classifier.0,2,15,43,0.030982717871665955
classifier.0,2,15,44,0.012748012319207191
classifier.0,2,15,45,0.054877348244190216
classifier.0,2,15,46,0.20118623971939087
classifier.0,2,15,47,0.061501726508140564
classifier.0,2,15,48,0.13850459456443787
classifier.0,2,15,49,0.2294279932975769
classifier.0,2,15,50,0.1312749981880188
classifier.0,2,15,51,0.12489716708660126
classifier.0,2,15,52,0.20135045051574707
classifier.0,2,15,53,0.035143446177244186
classifier.0,2,15,54,0.36831527948379517
classifier.0,2,15,55,0.07502304017543793
classifier.0,2,15,56,0.049770984798669815
classifier.0,2,15,57,0.07259197533130646
classifier.0,2,15,58,0.09193578362464905
classifier.0,2,15,59,0.10669590532779694
classifier.0,2,15,60,0.22693689167499542
classifier.0,2,15,61,0.16429203748703003
classifier.0,2,16,0,0.17433884739875793
classifier.0,2,16,1,0.03509975224733353
classifier.0,2,16,2,0.15565285086631775
classifier.0,2,16,3,0.07442212104797363
classifier.0,2,16,4,0.13247431814670563
classifier.0,2,16,5,0.17579808831214905
classifier.0,2,16,6,0.22682389616966248
classifier.0,2,16,7,0.29608094692230225
classifier.0,2,16,8,0.2174336314201355
classifier.0,2,16,9,0.11290647089481354
classifier.0,2,16,10,0.5641759634017944
classifier.0,2,16,11,0.1468789130449295
classifier.0,2,16,12,0.09997344017028809
classifier.0,2,16,13,0.22292712330818176
classifier.0,2,16,14,0.05656839534640312
classifier.0,2,16,15,0.27867183089256287
classifier.0,2,16,17,0.05772177875041962
classifier.0,2,16,18,0.10330657660961151
classifier.0,2,16,19,0.010126695036888123
classifier.0,2,16,20,0.12905587255954742
classifier.0,2,16,21,0.07220864295959473
classifier.0,2,16,22,0.4826258420944214
classifier.0,2,16,23,0.3065696358680725
classifier.0,2,16,24,0.23484839498996735
classifier.0,2,16,25,0.07788455486297607
classifier.0,2,16,26,0.08338900655508041
classifier.0,2,16,27,0.020185746252536774
classifier.0,2,16,28,0.15178731083869934
classifier.0,2,16,29,0.12624052166938782
classifier.0,2,16,30,0.0025541502982378006
classifier.0,2,16,31,0.42577457427978516
classifier.0,2,16,32,0.09874813258647919
classifier.0,2,16,33,0.03081030398607254
classifier.0,2,16,34,0.033024728298187256
classifier.0,2,16,35,0.18679538369178772
classifier.0,2,16,36,0.31824731826782227
classifier.0,2,16,37,0.1482427716255188
classifier.0,2,16,38,0.2518453598022461
classifier.0,2,16,39,0.20735305547714233
classifier.0,2,16,40,0.09582623094320297
classifier.0,2,16,41,0.07913193106651306
classifier.0,2,16,42,0.3461572825908661
classifier.0,2,16,43,0.06220359727740288
classifier.0,2,16,44,0.04763396456837654
classifier.0,2,16,45,0.13575178384780884
classifier.0,2,16,46,0.27777567505836487
classifier.0,2,16,47,0.1423380821943283
classifier.0,2,16,48,0.09000328928232193
classifier.0,2,16,49,0.15350115299224854
classifier.0,2,16,50,0.2130052149295807
classifier.0,2,16,51,0.15328055620193481
classifier.0,2,16,52,0.014064854942262173
classifier.0,2,16,53,0.09029489755630493
classifier.0,2,16,54,0.15250462293624878
classifier.0,2,16,55,0.11145984381437302
classifier.0,2,16,56,0.039929695427417755
classifier.0,2,16,57,0.14400433003902435
classifier.0,2,16,58,0.00900249183177948
classifier.0,2,16,59,0.027688665315508842
classifier.0,2,16,60,0.059279803186655045
classifier.0,2,16,61,0.08358343690633774
classifier.0,2,17,0,0.012600202113389969
classifier.0,2,17,1,0.015226978808641434
classifier.0,2,17,2,0.17732469737529755
classifier.0,2,17,3,0.15684197843074799
classifier.0,2,17,4,0.07659228891134262
classifier.0,2,17,5,0.18860533833503723
classifier.0,2,17,6,0.1948280930519104
classifier.0,2,17,7,0.03378305956721306
classifier.0,2,17,8,0.12543414533138275
classifier.0,2,17,9,0.23586846888065338
classifier.0,2,17,10,0.19768570363521576
classifier.0,2,17,11,0.24525903165340424
classifier.0,2,17,12,0.1576063334941864
classifier.0,2,17,13,0.15335606038570404
classifier.0,2,17,14,0.060743093490600586
classifier.0,2,17,15,0.1200215220451355
classifier.0,2,17,16,0.05772177875041962
classifier.0,2,17,18,0.24682867527008057
classifier.0,2,17,19,0.050271689891815186
classifier.0,2,17,20,0.28006988763809204
classifier.0,2,17,21,0.20610001683235168
classifier.0,2,17,22,0.17426373064517975
classifier.0,2,17,23,0.054191067814826965
classifier.0,2,17,24,0.04491421952843666
classifier.0,2,17,25,0.1563914567232132
classifier.0,2,17,26,0.014203664846718311
classifier.0,2,17,27,0.033277276903390884
classifier.0,2,17,28,0.21125032007694244
classifier.0,2,17,29,0.14418365061283112
classifier.0,2,17,30,0.1389910876750946
classifier.0,2,17,31,0.048698730766773224
classifier.0,2,17,32,0.21905751526355743
classifier.0,2,17,33,0.18765129148960114
classifier.0,2,17,34,0.2855323255062103
classifier.0,2,17,35,0.2144542634487152
classifier.0,2,17,36,0.17078915238380432
classifier.0,2,17,37,0.22638702392578125
classifier.0,2,17,38,0.11978762596845627
classifier.0,2,17,39,0.33406150341033936
classifier.0,2,17,40,0.05951089411973953
classifier.0,2,17,41,0.06805749237537384
classifier.0,2,17,42,0.007711715996265411
classifier.0,2,17,43,0.01145140826702118
classifier.0,2,17,44,0.2890404462814331
classifier.0,2,17,45,0.2193780094385147
classifier.0,2,17,46,0.11775557696819305
classifier.0,2,17,47,0.10055698454380035
classifier.0,2,17,48,0.37877339124679565
classifier.0,2,17,49,0.30754780769348145
classifier.0,2,17,50,0.08176413923501968
classifier.0,2,17,51,0.03515618294477463
classifier.0,2,17,52,0.10007600486278534
classifier.0,2,17,53,0.08026865869760513
classifier.0,2,17,54,0.1725853681564331
classifier.0,2,17,55,0.43275168538093567
classifier.0,2,17,56,0.29524749517440796
classifier.0,2,17,57,0.23882737755775452
classifier.0,2,17,58,0.13107728958129883
classifier.0,2,17,59,0.26721101999282837
classifier.0,2,17,60,0.11517287790775299
classifier.0,2,17,61,0.12312449514865875
classifier.0,2,18,0,0.33353519439697266
classifier.0,2,18,1,0.5321313142776489
classifier.0,2,18,2,0.1905258744955063
classifier.0,2,18,3,0.061619747430086136
classifier.0,2,18,4,0.16909626126289368
classifier.0,2,18,5,0.07041602581739426
classifier.0,2,18,6,0.027057940140366554
classifier.0,2,18,7,0.28192421793937683
classifier.0,2,18,8,0.17888407409191132
classifier.0,2,18,9,0.06995940953493118
classifier.0,2,18,10,0.02145947515964508
classifier.0,2,18,11,0.02082696557044983
classifier.0,2,18,12,0.20681644976139069
classifier.0,2,18,13,0.05889756605029106
classifier.0,2,18,14,0.14230148494243622
classifier.0,2,18,15,0.03558574989438057
classifier.0,2,18,16,0.10330657660961151
classifier.0,2,18,17,0.24682867527008057
classifier.0,2,18,19,0.18075048923492432
classifier.0,2,18,20,0.11451800167560577
classifier.0,2,18,21,0.11495348811149597
classifier.0,2,18,22,0.13410250842571259
classifier.0,2,18,23,0.05744815245270729
classifier.0,2,18,24,0.39595967531204224
classifier.0,2,18,25,0.22282995283603668
classifier.0,2,18,26,0.04702702537178993
classifier.0,2,18,27,0.15114763379096985
classifier.0,2,18,28,0.12845657765865326
classifier.0,2,18,29,0.05305139347910881
classifier.0,2,18,30,0.010238759219646454
classifier.0,2,18,31,0.20369352400302887
classifier.0,2,18,32,0.3786230683326721
classifier.0,2,18,33,0.47450393438339233
classifier.0,2,18,34,0.44293326139450073
classifier.0,2,18,35,0.03188323602080345
classifier.0,2,18,36,0.2971838712692261
classifier.0,2,18,37,0.06440965831279755
classifier.0,2,18,38,0.11605405062437057
classifier.0,2,18,39,0.12390376627445221
classifier.0,2,18,40,0.07849198579788208
classifier.0,2,18,41,0.09161790460348129
classifier.0,2,18,42,0.043456386774778366
classifier.0,2,18,43,0.05004988610744476
classifier.0,2,18,44,0.36145448684692383
classifier.0,2,18,45,0.0823923721909523
classifier.0,2,18,46,0.11017940193414688
classifier.0,2,18,47,0.2287069857120514
classifier.0,2,18,48,0.29791486263275146
classifier.0,2,18,49,0.08468367904424667
classifier.0,2,18,50,0.286996454000473
classifier.0,2,18,51,0.18757390975952148
classifier.0,2,18,52,0.22070647776126862
classifier.0,2,18,53,0.14779910445213318
classifier.0,2,18,54,0.2069389522075653
classifier.0,2,18,55,0.06984551250934601
classifier.0,2,18,56,0.2784794569015503
classifier.0,2,18,57,0.208033949136734
classifier.0,2,18,58,0.4240182042121887
classifier.0,2,18,59,0.3382089138031006
classifier.0,2,18,60,0.040574222803115845
classifier.0,2,18,61,0.22934317588806152
classifier.0,2,19,0,0.22617828845977783
classifier.0,2,19,1,0.034371040761470795
classifier.0,2,19,2,0.07264359295368195
classifier.0,2,19,3,0.30409902334213257
classifier.0,2,19,4,0.11617550998926163
classifier.0,2,19,5,0.11580882966518402
classifier.0,2,19,6,0.15648221969604492
classifier.0,2,19,7,0.1858336329460144
classifier.0,2,19,8,0.038382258266210556
classifier.0,2,19,9,0.16470248997211456
classifier.0,2,19,10,0.19646014273166656
classifier.0,2,19,11,0.017669040709733963
classifier.0,2,19,12,0.26339465379714966
classifier.0,2,19,13,0.05013476684689522
classifier.0,2,19,14,0.17907628417015076
classifier.0,2,19,15,0.05405473709106445
classifier.0,2,19,16,0.010126695036888123
classifier.0,2,19,17,0.050271689891815186
classifier.0,2,19,18,0.18075048923492432
classifier.0,2,19,20,0.037660032510757446
classifier.0,2,19,21,0.09569798409938812
classifier.0,2,19,22,0.11279603093862534
classifier.0,2,19,23,0.3257520794868469
classifier.0,2,19,24,0.07569458335638046
classifier.0,2,19,25,0.17397578060626984
classifier.0,2,19,26,0.14150884747505188
classifier.0,2,19,27,0.3128686547279358
classifier.0,2,19,28,0.10827411711215973
classifier.0,2,19,29,0.3502233922481537
classifier.0,2,19,30,0.17039966583251953
classifier.0,2,19,31,0.17215539515018463
classifier.0,2,19,32,0.016206778585910797
classifier.0,2,19,33,0.15462535619735718
classifier.0,2,19,34,0.1776331663131714
classifier.0,2,19,35,0.20166006684303284
classifier.0,2,19,36,0.021483343094587326
classifier.0,2,19,37,0.12997090816497803
classifier.0,2,19,38,0.06683626025915146
classifier.0,2,19,39,0.23039662837982178
classifier.0,2,19,40,0.2809559106826782
classifier.0,2,19,41,0.4297798275947571
classifier.0,2,19,42,0.09852461516857147
classifier.0,2,19,43,0.12547257542610168
classifier.0,2,19,44,0.14320087432861328
classifier.0,2,19,45,0.22612228989601135
classifier.0,2,19,46,0.3476839065551758
classifier.0,2,19,47,0.03589126840233803
classifier.0,2,19,48,0.17586615681648254
classifier.0,2,19,49,0.07758545875549316
classifier.0,2,19,50,0.2773487865924835
classifier.0,2,19,51,0.34337347745895386
classifier.0,2,19,52,0.3421856462955475
classifier.0,2,19,53,0.3808017373085022
classifier.0,2,19,54,0.11790731549263
classifier.0,2,19,55,0.0728195309638977
classifier.0,2,19,56,0.26146966218948364
classifier.0,2,19,57,0.07133469730615616
classifier.0,2,19,58,0.12554261088371277
classifier.0,2,19,59,0.09907738864421844
classifier.0,2,19,60,0.09492051601409912
classifier.0,2,19,61,0.008688157424330711
classifier.0,2,20,0,0.17621999979019165
classifier.0,2,20,1,0.014399103820323944
classifier.0,2,20,2,0.4783686101436615
classifier.0,2,20,3,0.08656108379364014
classifier.0,2,20,4,0.05795775353908539
classifier.0,2,20,5,0.2684618830680847
classifier.0,2,20,6,0.09239742159843445
classifier.0,2,20,7,0.1757407784461975
classifier.0,2,20,8,0.12127969413995743
classifier.0,2,20,9,0.15013182163238525
classifier.0,2,20,10,0.021090103313326836
classifier.0,2,20,11,0.4255870580673218
classifier.0,2,20,12,0.029891707003116608
classifier.0,2,20,13,0.14060276746749878
classifier.0,2,20,14,0.037429630756378174
classifier.0,2,20,15,0.21094390749931335
classifier.0,2,20,16,0.12905587255954742
classifier.0,2,20,17,0.28006988763809204
classifier.0,2,20,18,0.11451800167560577
classifier.0,2,20,19,0.037660032510757446
classifier.0,2,20,21,0.02050236240029335
classifier.0,2,20,22,0.22193877398967743
classifier.0,2,20,23,0.09101144969463348
classifier.0,2,20,24,0.188990980386734
classifier.0,2,20,25,0.4128423035144806
classifier.0,2,20,26,0.20201115310192108
classifier.0,2,20,27,0.27592402696609497
classifier.0,2,20,28,0.22456905245780945
classifier.0,2,20,29,0.18241040408611298
classifier.0,2,20,30,0.05537222698330879
classifier.0,2,20,31,0.17753702402114868
classifier.0,2,20,32,0.22298292815685272
classifier.0,2,20,33,0.30912524461746216
classifier.0,2,20,34,0.4143868088722229
classifier.0,2,20,35,0.5173686742782593
classifier.0,2,20,36,0.22308990359306335
classifier.0,2,20,37,0.1370849758386612
classifier.0,2,20,38,0.12703503668308258
classifier.0,2,20,39,0.035768162459135056
classifier.0,2,20,40,0.21056483685970306
classifier.0,2,20,41,0.3890610337257385
classifier.0,2,20,42,0.024396628141403198
classifier.0,2,20,43,0.26512372493743896
classifier.0,2,20,44,0.370074987411499
classifier.0,2,20,45,0.33475613594055176
classifier.0,2,20,46,0.39732664823532104
classifier.0,2,20,47,0.06978781521320343
classifier.0,2,20,48,0.07688237726688385
classifier.0,2,20,49,0.11702229082584381
classifier.0,2,20,50,0.022803302854299545
classifier.0,2,20,51,0.33033663034439087
classifier.0,2,20,52,0.004627276211977005
classifier.0,2,20,53,0.0008767172694206238
classifier.0,2,20,54,0.18315300345420837
classifier.0,2,20,55,0.10164065659046173
classifier.0,2,20,56,0.14522509276866913
classifier.0,2,20,57,0.033171605318784714
classifier.0,2,20,58,0.11596168577671051
classifier.0,2,20,59,0.30307459831237793
classifier.0,2,20,60,0.17077481746673584
classifier.0,2,20,61,0.21344050765037537
classifier.0,2,21,0,0.15937338769435883
classifier.0,2,21,1,0.19065088033676147
classifier.0,2,21,2,0.21024881303310394
classifier.0,2,21,3,0.05780748650431633
classifier.0,2,21,4,0.07818019390106201
classifier.0,2,21,5,0.10359324514865875
classifier.0,2,21,6,0.3561375141143799
classifier.0,2,21,7,0.06993625313043594
classifier.0,2,21,8,0.42096301913261414
classifier.0,2,21,9,0.21642139554023743
classifier.0,2,21,10,0.014076337218284607
classifier.0,2,21,11,0.23839126527309418
classifier.0,2,21,12,0.21787706017494202
classifier.0,2,21,13,0.384959876537323
classifier.0,2,21,14,0.2522701919078827
classifier.0,2,21,15,0.1275365650653839
classifier.0,2,21,16,0.07220864295959473
classifier.0,2,21,17,0.20610001683235168
classifier.0,2,21,18,0.11495348811149597
classifier.0,2,21,19,0.09569798409938812
classifier.0,2,21,20,0.02050236240029335
classifier.0,2,21,22,0.058674272149801254
classifier.0,2,21,23,0.20808196067810059
classifier.0,2,21,24,0.06263682246208191
classifier.0,2,21,25,0.10493515431880951
classifier.0,2,21,26,0.10086990147829056
classifier.0,2,21,27,0.24336616694927216
classifier.0,2,21,28,0.03662271425127983
classifier.0,2,21,29,0.20895817875862122
classifier.0,2,21,30,0.379643052816391
classifier.0,2,21,31,0.17527857422828674
classifier.0,2,21,32,0.026169657707214355
classifier.0,2,21,33,0.21664690971374512
classifier.0,2,21,34,0.04926956444978714
classifier.0,2,21,35,0.0719204694032669
classifier.0,2,21,36,0.016983408480882645
classifier.0,2,21,37,0.2594676911830902
classifier.0,2,21,38,0.1646236777305603
classifier.0,2,21,39,0.19733457267284393
classifier.0,2,21,40,0.28864288330078125
classifier.0,2,21,41,0.12313898652791977
classifier.0,2,21,42,0.002484578639268875
classifier.0,2,21,43,0.2411024421453476
classifier.0,2,21,44,0.19846388697624207
classifier.0,2,21,45,0.06472941488027573
classifier.0,2,21,46,0.380071759223938
classifier.0,2,21,47,0.42719173431396484
classifier.0,2,21,48,0.06304899603128433
classifier.0,2,21,49,0.20027300715446472
classifier.0,2,21,50,0.09189482033252716
classifier.0,2,21,51,0.14021305739879608
classifier.0,2,21,52,0.06939417123794556
classifier.0,2,21,53,0.07637161016464233
classifier.0,2,21,54,0.11137949675321579
classifier.0,2,21,55,0.23235014081001282
classifier.0,2,21,56,0.05785030871629715
classifier.0,2,21,57,0.3942658305168152
classifier.0,2,21,58,0.1306406855583191
classifier.0,2,21,59,0.009511884301900864
classifier.0,2,21,60,0.17621169984340668
classifier.0,2,21,61,0.15443921089172363
classifier.0,2,22,0,0.09006509184837341
classifier.0,2,22,1,0.12647269666194916
classifier.0,2,22,2,0.021775145083665848
classifier.0,2,22,3,0.07790649682283401
classifier.0,2,22,4,0.15121904015541077
classifier.0,2,22,5,0.16068966686725616
classifier.0,2,22,6,0.26657700538635254
classifier.0,2,22,7,0.3475838005542755
classifier.0,2,22,8,0.19395671784877777
classifier.0,2,22,9,0.08927062153816223
classifier.0,2,22,10,0.3716853857040405
classifier.0,2,22,11,0.18005302548408508
classifier.0,2,22,12,0.15470242500305176
classifier.0,2,22,13,0.15440869331359863
classifier.0,2,22,14,0.2290017008781433
classifier.0,2,22,15,0.008155778050422668
classifier.0,2,22,16,0.4826258420944214
classifier.0,2,22,17,0.17426373064517975
classifier.0,2,22,18,0.13410250842571259
classifier.0,2,22,19,0.11279603093862534
classifier.0,2,22,20,0.22193877398967743
classifier.0,2,22,21,0.058674272149801254
classifier.0,2,22,23,0.02176181972026825
classifier.0,2,22,24,0.25404223799705505
classifier.0,2,22,25,0.17296968400478363
classifier.0,2,22,26,0.11515029519796371
classifier.0,2,22,27,0.10376928746700287
classifier.0,2,22,28,0.08893876522779465
classifier.0,2,22,29,0.09603816270828247
classifier.0,2,22,30,0.01961633190512657
classifier.0,2,22,31,0.17485550045967102
classifier.0,2,22,32,0.11179360002279282
classifier.0,2,22,33,0.21607354283332825
classifier.0,2,22,34,0.15528061985969543
classifier.0,2,22,35,0.09454092383384705
classifier.0,2,22,36,0.15985512733459473
classifier.0,2,22,37,0.022106241434812546
classifier.0,2,22,38,0.15581628680229187
classifier.0,2,22,39,0.027371276170015335
classifier.0,2,22,40,0.008132409304380417
classifier.0,2,22,41,0.08721871674060822
classifier.0,2,22,42,0.2580181360244751
classifier.0,2,22,43,0.06732457876205444
classifier.0,2,22,44,0.2999430298805237
classifier.0,2,22,45,0.18436920642852783
classifier.0,2,22,46,0.2670478820800781
classifier.0,2,22,47,0.0037509575486183167
classifier.0,2,22,48,0.5063830614089966
classifier.0,2,22,49,0.24602538347244263
classifier.0,2,22,50,0.133230522274971
classifier.0,2,22,51,0.15754622220993042
classifier.0,2,22,52,0.12276972830295563
classifier.0,2,22,53,0.28426724672317505
classifier.0,2,22,54,0.17981132864952087
classifier.0,2,22,55,0.08008749783039093
classifier.0,2,22,56,0.0526716411113739
classifier.0,2,22,57,0.09499503672122955
classifier.0,2,22,58,0.2224332094192505
classifier.0,2,22,59,0.008241433650255203
classifier.0,2,22,60,0.04149444401264191
classifier.0,2,22,61,0.008766863495111465
classifier.0,2,23,0,0.07719984650611877
classifier.0,2,23,1,0.032860465347766876
classifier.0,2,23,2,0.19338111579418182
classifier.0,2,23,3,0.17992672324180603
classifier.0,2,23,4,0.09661774337291718
classifier.0,2,23,5,0.08517983555793762
classifier.0,2,23,6,0.11590047180652618
classifier.0,2,23,7,0.19770950078964233
classifier.0,2,23,8,0.21699413657188416
classifier.0,2,23,9,0.27782005071640015
classifier.0,2,23,10,0.11454999446868896
classifier.0,2,23,11,0.16980066895484924
classifier.0,2,23,12,0.06416741013526917
classifier.0,2,23,13,0.20806822180747986
classifier.0,2,23,14,0.16499063372612
classifier.0,2,23,15,0.015424070879817009
classifier.0,2,23,16,0.3065696358680725
classifier.0,2,23,17,0.054191067814826965
classifier.0,2,23,18,0.05744815245270729
classifier.0,2,23,19,0.3257520794868469
classifier.0,2,23,20,0.09101144969463348
classifier.0,2,23,21,0.20808196067810059
classifier.0,2,23,22,0.02176181972026825
classifier.0,2,23,24,0.12517036497592926
classifier.0,2,23,25,0.4263330101966858
classifier.0,2,23,26,0.00765661895275116
classifier.0,2,23,27,0.2507557272911072
classifier.0,2,23,28,0.14634260535240173
classifier.0,2,23,29,0.08455705642700195
classifier.0,2,23,30,0.06507746875286102
classifier.0,2,23,31,0.30866679549217224
classifier.0,2,23,32,0.15099531412124634
classifier.0,2,23,33,0.05322754383087158
classifier.0,2,23,34,0.04226966202259064
classifier.0,2,23,35,0.009319564327597618
classifier.0,2,23,36,0.03927905857563019
classifier.0,2,23,37,0.012266099452972412
classifier.0,2,23,38,0.11518297344446182
classifier.0,2,23,39,0.23110485076904297
classifier.0,2,23,40,0.11651678383350372
classifier.0,2,23,41,0.2408396452665329
classifier.0,2,23,42,0.2620536684989929
classifier.0,2,23,43,0.18308418989181519
classifier.0,2,23,44,0.1665821373462677
classifier.0,2,23,45,0.1415693163871765
classifier.0,2,23,46,0.11619043350219727
classifier.0,2,23,47,0.1014699637889862
classifier.0,2,23,48,0.21452724933624268
classifier.0,2,23,49,0.009523792192339897
classifier.0,2,23,50,0.19182583689689636
classifier.0,2,23,51,0.1099763959646225
classifier.0,2,23,52,0.08910852670669556
classifier.0,2,23,53,0.15300706028938293
classifier.0,2,23,54,0.10252106934785843
classifier.0,2,23,55,0.03725229203701019
classifier.0,2,23,56,0.1726241558790207
classifier.0,2,23,57,0.21731403470039368
classifier.0,2,23,58,0.13897472620010376
classifier.0,2,23,59,0.01538197323679924
classifier.0,2,23,60,0.34318387508392334
classifier.0,2,23,61,0.23527371883392334
classifier.0,2,24,0,0.8096308708190918
classifier.0,2,24,1,0.3412988483905792
classifier.0,2,24,2,0.026618827134370804
classifier.0,2,24,3,0.05734916031360626
classifier.0,2,24,4,0.09421899914741516
classifier.0,2,24,5,0.22163718938827515
classifier.0,2,24,6,0.024792470037937164
classifier.0,2,24,7,0.142841637134552
classifier.0,2,24,8,0.10983347147703171
classifier.0,2,24,9,0.0461115688085556
classifier.0,2,24,10,0.010869741439819336
classifier.0,2,24,11,0.2046900987625122
classifier.0,2,24,12,0.05623479187488556
classifier.0,2,24,13,0.1376326084136963
classifier.0,2,24,14,0.0399836003780365
classifier.0,2,24,15,0.0685184895992279
classifier.0,2,24,16,0.23484839498996735
classifier.0,2,24,17,0.04491421952843666
classifier.0,2,24,18,0.39595967531204224
classifier.0,2,24,19,0.07569458335638046
classifier.0,2,24,20,0.188990980386734
classifier.0,2,24,21,0.06263682246208191
classifier.0,2,24,22,0.25404223799705505
classifier.0,2,24,23,0.12517036497592926
classifier.0,2,24,25,0.09616699814796448
classifier.0,2,24,26,0.13745951652526855
classifier.0,2,24,27,0.14121606945991516
classifier.0,2,24,28,0.23338159918785095
classifier.0,2,24,29,0.09615286439657211
classifier.0,2,24,30,0.11536481976509094
classifier.0,2,24,31,0.07069822400808334
classifier.0,2,24,32,0.4784789979457855
classifier.0,2,24,33,0.5047780275344849
classifier.0,2,24,34,0.2364422231912613
classifier.0,2,24,35,0.22313492000102997
classifier.0,2,24,36,0.08574136346578598
classifier.0,2,24,37,0.07928796857595444
classifier.0,2,24,38,0.015092764049768448
classifier.0,2,24,39,0.0480891577899456
classifier.0,2,24,40,0.23482561111450195
classifier.0,2,24,41,0.005699869245290756
classifier.0,2,24,42,0.24082212150096893
classifier.0,2,24,43,0.23473972082138062
classifier.0,2,24,44,0.3085811734199524
classifier.0,2,24,45,0.07317985594272614
classifier.0,2,24,46,0.04660709947347641
classifier.0,2,24,47,0.015675392001867294
classifier.0,2,24,48,0.10022224485874176
classifier.0,2,24,49,0.1165628582239151
classifier.0,2,24,50,0.2587043046951294
classifier.0,2,24,51,0.37491583824157715
classifier.0,2,24,52,0.1661030650138855
classifier.0,2,24,53,0.28438252210617065
classifier.0,2,24,54,0.12908993661403656
classifier.0,2,24,55,0.16633757948875427
classifier.0,2,24,56,0.06728389859199524
classifier.0,2,24,57,0.2396666258573532
classifier.0,2,24,58,0.5236433148384094
classifier.0,2,24,59,0.33333784341812134
classifier.0,2,24,60,0.17081671953201294
classifier.0,2,24,61,0.1830594837665558
classifier.0,2,25,0,0.17750421166419983
classifier.0,2,25,1,0.015333808958530426
classifier.0,2,25,2,0.010465797036886215
classifier.0,2,25,3,0.051648445427417755
classifier.0,2,25,4,0.08703518658876419
classifier.0,2,25,5,0.10036633163690567
classifier.0,2,25,6,0.14647963643074036
classifier.0,2,25,7,0.17226490378379822
classifier.0,2,25,8,0.17189770936965942
classifier.0,2,25,9,0.19793549180030823
classifier.0,2,25,10,0.15951864421367645
classifier.0,2,25,11,0.09540006518363953
classifier.0,2,25,12,0.030175000429153442
classifier.0,2,25,13,0.009588710963726044
classifier.0,2,25,14,0.26136812567710876
classifier.0,2,25,15,0.18925625085830688
classifier.0,2,25,16,0.07788455486297607
classifier.0,2,25,17,0.1563914567232132
classifier.0,2,25,18,0.22282995283603668
classifier.0,2,25,19,0.17397578060626984
classifier.0,2,25,20,0.4128423035144806
classifier.0,2,25,21,0.10493515431880951
classifier.0,2,25,22,0.17296968400478363
classifier.0,2,25,23,0.4263330101966858
classifier.0,2,25,24,0.09616699814796448
classifier.0,2,25,26,0.20735076069831848
classifier.0,2,25,27,0.22771477699279785
classifier.0,2,25,28,0.14628708362579346
classifier.0,2,25,29,0.20876289904117584
classifier.0,2,25,30,0.060669198632240295
classifier.0,2,25,31,0.4217178523540497
classifier.0,2,25,32,0.19889582693576813
classifier.0,2,25,33,0.360299676656723
classifier.0,2,25,34,0.5670128464698792
classifier.0,2,25,35,0.1839766949415207
classifier.0,2,25,36,0.1944747269153595
classifier.0,2,25,37,0.0004005618393421173
classifier.0,2,25,38,0.2752176523208618
classifier.0,2,25,39,0.07587741315364838
classifier.0,2,25,40,0.17818135023117065
classifier.0,2,25,41,0.3286757171154022
classifier.0,2,25,42,0.24762114882469177
classifier.0,2,25,43,0.2616887390613556
classifier.0,2,25,44,0.4654404819011688
classifier.0,2,25,45,0.32371556758880615
classifier.0,2,25,46,0.34218764305114746
classifier.0,2,25,47,0.30625051259994507
classifier.0,2,25,48,0.25479793548583984
classifier.0,2,25,49,0.16172491014003754
classifier.0,2,25,50,0.30511075258255005
classifier.0,2,25,51,0.5814995765686035
classifier.0,2,25,52,0.10971148312091827
classifier.0,2,25,53,0.126663476228714
classifier.0,2,25,54,0.34396225214004517
classifier.0,2,25,55,0.006958363577723503
classifier.0,2,25,56,0.5786672830581665
classifier.0,2,25,57,0.3173021972179413
classifier.0,2,25,58,0.31910237669944763
classifier.0,2,25,59,0.5662223100662231
classifier.0,2,25,60,0.48112595081329346
classifier.0,2,25,61,0.3290383815765381
classifier.0,2,26,0,0.007423531264066696
classifier.0,2,26,1,0.2922463119029999
classifier.0,2,26,2,0.23118580877780914
classifier.0,2,26,3,0.17251022160053253
classifier.0,2,26,4,0.21708303689956665
classifier.0,2,26,5,0.04987338185310364
classifier.0,2,26,6,0.25649493932724
classifier.0,2,26,7,0.04197400435805321
classifier.0,2,26,8,0.04259955883026123
classifier.0,2,26,9,0.037217989563941956
classifier.0,2,26,10,0.004683364182710648
classifier.0,2,26,11,0.09951315820217133
classifier.0,2,26,12,0.3078819215297699
classifier.0,2,26,13,0.1087045967578888
classifier.0,2,26,14,0.06538204848766327
classifier.0,2,26,15,0.10934019088745117
classifier.0,2,26,16,0.08338900655508041
classifier.0,2,26,17,0.014203664846718311
classifier.0,2,26,18,0.04702702537178993
classifier.0,2,26,19,0.14150884747505188
classifier.0,2,26,20,0.20201115310192108
classifier.0,2,26,21,0.10086990147829056
classifier.0,2,26,22,0.11515029519796371
classifier.0,2,26,23,0.00765661895275116
classifier.0,2,26,24,0.13745951652526855
classifier.0,2,26,25,0.20735076069831848
classifier.0,2,26,27,0.25800734758377075
classifier.0,2,26,28,0.03979746997356415
classifier.0,2,26,29,0.04364239424467087
classifier.0,2,26,30,0.04380659759044647
classifier.0,2,26,31,0.17329901456832886
classifier.0,2,26,32,0.41793668270111084
classifier.0,2,26,33,0.2935490012168884
classifier.0,2,26,34,0.08854377269744873
classifier.0,2,26,35,0.1379585564136505
classifier.0,2,26,36,0.12040231376886368
classifier.0,2,26,37,0.268222838640213
classifier.0,2,26,38,0.16934192180633545
classifier.0,2,26,39,0.06992343068122864
classifier.0,2,26,40,0.33668357133865356
classifier.0,2,26,41,0.30113133788108826
classifier.0,2,26,42,0.1076616495847702
classifier.0,2,26,43,0.04196513444185257
classifier.0,2,26,44,0.038025982677936554
classifier.0,2,26,45,0.04055004566907883
classifier.0,2,26,46,0.007820535451173782
classifier.0,2,26,47,0.2557043731212616
classifier.0,2,26,48,0.03300752118229866
classifier.0,2,26,49,0.30729615688323975
classifier.0,2,26,50,0.1799396574497223
classifier.0,2,26,51,0.1404399275779724
classifier.0,2,26,52,0.09809599816799164
classifier.0,2,26,53,0.39267176389694214
classifier.0,2,26,54,0.22336652874946594
classifier.0,2,26,55,0.32181474566459656
classifier.0,2,26,56,0.09946192055940628
classifier.0,2,26,57,0.1488034874200821
classifier.0,2,26,58,0.07372269034385681
classifier.0,2,26,59,0.25868529081344604
classifier.0,2,26,60,0.24197793006896973
classifier.0,2,26,61,0.3006754517555237
classifier.0,2,27,0,0.14135786890983582
classifier.0,2,27,1,0.03180425241589546
classifier.0,2,27,2,0.10736291110515594
classifier.0,2,27,3,0.10009042918682098
classifier.0,2,27,4,0.37230241298675537
classifier.0,2,27,5,0.14331941306591034
classifier.0,2,27,6,0.11415974795818329
classifier.0,2,27,7,0.029545340687036514
classifier.0,2,27,8,0.09915369004011154
classifier.0,2,27,9,0.0676153302192688
classifier.0,2,27,10,0.16198930144309998
classifier.0,2,27,11,0.3444971740245819
classifier.0,2,27,12,0.30610305070877075
classifier.0,2,27,13,0.40557941794395447
classifier.0,2,27,14,0.14402008056640625
classifier.0,2,27,15,0.06966318935155869
classifier.0,2,27,16,0.020185746252536774
classifier.0,2,27,17,0.033277276903390884
classifier.0,2,27,18,0.15114763379096985
classifier.0,2,27,19,0.3128686547279358
classifier.0,2,27,20,0.27592402696609497
classifier.0,2,27,21,0.24336616694927216
classifier.0,2,27,22,0.10376928746700287
classifier.0,2,27,23,0.2507557272911072
classifier.0,2,27,24,0.14121606945991516
classifier.0,2,27,25,0.22771477699279785
classifier.0,2,27,26,0.25800734758377075
classifier.0,2,27,28,0.07337236404418945
classifier.0,2,27,29,0.10028943419456482
classifier.0,2,27,30,0.10489237308502197
classifier.0,2,27,31,0.03827178478240967
classifier.0,2,27,32,0.15582892298698425
classifier.0,2,27,33,0.3747146725654602
classifier.0,2,27,34,0.012137455865740776
classifier.0,2,27,35,0.08670127391815186
classifier.0,2,27,36,0.08723742514848709
classifier.0,2,27,37,0.04133208096027374
classifier.0,2,27,38,0.09281686693429947
classifier.0,2,27,39,0.13815398514270782
classifier.0,2,27,40,0.1966380476951599
classifier.0,2,27,41,0.06737306714057922
classifier.0,2,27,42,0.1462927609682083
classifier.0,2,27,43,0.0460255965590477
classifier.0,2,27,44,0.01782893016934395
classifier.0,2,27,45,0.4405239224433899
classifier.0,2,27,46,0.010113716125488281
classifier.0,2,27,47,0.06394229829311371
classifier.0,2,27,48,0.018839774653315544
classifier.0,2,27,49,0.12209051847457886
classifier.0,2,27,50,0.1280912160873413
classifier.0,2,27,51,0.10221010446548462
classifier.0,2,27,52,0.2872816324234009
classifier.0,2,27,53,0.2347436398267746
classifier.0,2,27,54,0.0865655243396759
classifier.0,2,27,55,0.23758575320243835
classifier.0,2,27,56,0.09964096546173096
classifier.0,2,27,57,0.21423298120498657
classifier.0,2,27,58,0.16935467720031738
classifier.0,2,27,59,0.0109410360455513
classifier.0,2,27,60,0.20000898838043213
classifier.0,2,27,61,0.13863533735275269
classifier.0,2,28,0,0.31789690256118774
classifier.0,2,28,1,0.1349027454853058
classifier.0,2,28,2,0.3796098828315735
classifier.0,2,28,3,0.15581952035427094
classifier.0,2,28,4,0.019543414935469627
classifier.0,2,28,5,0.9555945992469788
classifier.0,2,28,6,0.036508820950984955
classifier.0,2,28,7,0.16090062260627747
classifier.0,2,28,8,0.09870682656764984
classifier.0,2,28,9,0.15043789148330688
classifier.0,2,28,10,0.2916806936264038
classifier.0,2,28,11,0.28751516342163086
classifier.0,2,28,12,0.05359001085162163
classifier.0,2,28,13,0.09241484105587006
classifier.0,2,28,14,0.10392513871192932
classifier.0,2,28,15,0.04000100865960121
classifier.0,2,28,16,0.15178731083869934
classifier.0,2,28,17,0.21125032007694244
classifier.0,2,28,18,0.12845657765865326
classifier.0,2,28,19,0.10827411711215973
classifier.0,2,28,20,0.22456905245780945
classifier.0,2,28,21,0.03662271425127983
classifier.0,2,28,22,0.08893876522779465
classifier.0,2,28,23,0.14634260535240173
classifier.0,2,28,24,0.23338159918785095
classifier.0,2,28,25,0.14628708362579346
classifier.0,2,28,26,0.03979746997356415
classifier.0,2,28,27,0.07337236404418945
classifier.0,2,28,29,0.1660774201154709
classifier.0,2,28,30,0.0492594912648201
classifier.0,2,28,31,0.22655247151851654
classifier.0,2,28,32,0.20458219945430756
classifier.0,2,28,33,0.14813634753227234
classifier.0,2,28,34,0.22996829450130463
classifier.0,2,28,35,0.40711504220962524
classifier.0,2,28,36,0.1502610146999359
classifier.0,2,28,37,0.060645200312137604
classifier.0,2,28,38,0.07069572061300278
classifier.0,2,28,39,0.06756322085857391
classifier.0,2,28,40,0.04752683639526367
classifier.0,2,28,41,0.32253795862197876
classifier.0,2,28,42,0.19225570559501648
classifier.0,2,28,43,0.01570926606655121
classifier.0,2,28,44,0.27497807145118713
classifier.0,2,28,45,0.0560867115855217
classifier.0,2,28,46,0.03194255381822586
classifier.0,2,28,47,0.046076271682977676
classifier.0,2,28,48,0.1262679100036621
classifier.0,2,28,49,0.05071898177266121
classifier.0,2,28,50,0.08078576624393463
classifier.0,2,28,51,0.19438976049423218
classifier.0,2,28,52,0.06338180601596832
classifier.0,2,28,53,0.19614607095718384
classifier.0,2,28,54,0.488044798374176
classifier.0,2,28,55,0.05288882553577423
classifier.0,2,28,56,0.06958343833684921
classifier.0,2,28,57,0.049900323152542114
classifier.0,2,28,58,0.13477779924869537
classifier.0,2,28,59,0.2346188724040985
classifier.0,2,28,60,0.05815539136528969
classifier.0,2,28,61,0.19530972838401794
classifier.0,2,29,0,0.09752469509840012
classifier.0,2,29,1,0.023424658924341202
classifier.0,2,29,2,0.2803480923175812
classifier.0,2,29,3,0.17333723604679108
classifier.0,2,29,4,0.21738481521606445
classifier.0,2,29,5,0.2178434282541275
classifier.0,2,29,6,0.014157734811306
classifier.0,2,29,7,0.15781936049461365
classifier.0,2,29,8,0.015704549849033356
classifier.0,2,29,9,0.19752854108810425
classifier.0,2,29,10,0.044682569801807404
classifier.0,2,29,11,0.15942244231700897
classifier.0,2,29,12,0.030909137800335884
classifier.0,2,29,13,0.1938677877187729
classifier.0,2,29,14,0.008493155241012573
classifier.0,2,29,15,0.24309515953063965
classifier.0,2,29,16,0.12624052166938782
classifier.0,2,29,17,0.14418365061283112
classifier.0,2,29,18,0.05305139347910881
classifier.0,2,29,19,0.3502233922481537
classifier.0,2,29,20,0.18241040408611298
classifier.0,2,29,21,0.20895817875862122
classifier.0,2,29,22,0.09603816270828247
classifier.0,2,29,23,0.08455705642700195
classifier.0,2,29,24,0.09615286439657211
classifier.0,2,29,25,0.20876289904117584
classifier.0,2,29,26,0.04364239424467087
classifier.0,2,29,27,0.10028943419456482
classifier.0,2,29,28,0.1660774201154709
classifier.0,2,29,30,0.2690773010253906
classifier.0,2,29,31,0.1917250156402588
classifier.0,2,29,32,0.010428525507450104
classifier.0,2,29,33,0.1619468331336975
classifier.0,2,29,34,0.14990919828414917
classifier.0,2,29,35,0.3576371967792511
classifier.0,2,29,36,0.009657805785536766
classifier.0,2,29,37,0.036078475415706635
classifier.0,2,29,38,0.09034215658903122
classifier.0,2,29,39,0.33465027809143066
classifier.0,2,29,40,0.18086783587932587
classifier.0,2,29,41,0.3177732825279236
classifier.0,2,29,42,0.1708545982837677
classifier.0,2,29,43,0.19271735846996307
classifier.0,2,29,44,0.12448040395975113
classifier.0,2,29,45,0.2233610451221466
classifier.0,2,29,46,0.4014585614204407
classifier.0,2,29,47,0.03998496010899544
classifier.0,2,29,48,0.16389155387878418
classifier.0,2,29,49,0.19957081973552704
classifier.0,2,29,50,0.01707819290459156
classifier.0,2,29,51,0.19621413946151733
classifier.0,2,29,52,0.29299765825271606
classifier.0,2,29,53,0.03192206472158432
classifier.0,2,29,54,0.18861547112464905
classifier.0,2,29,55,0.5745407938957214
classifier.0,2,29,56,0.02791941910982132
classifier.0,2,29,57,0.14991480112075806
classifier.0,2,29,58,0.0034141503274440765
classifier.0,2,29,59,0.06636884808540344
classifier.0,2,29,60,0.09790021181106567
classifier.0,2,29,61,0.09507079422473907
classifier.0,2,30,0,0.08876587450504303
classifier.0,2,30,1,0.10934129357337952
classifier.0,2,30,2,0.1811518669128418
classifier.0,2,30,3,0.14048421382904053
classifier.0,2,30,4,0.029164068400859833
classifier.0,2,30,5,0.013844859786331654
classifier.0,2,30,6,0.13414068520069122
classifier.0,2,30,7,0.010439225472509861
classifier.0,2,30,8,0.220890611410141
classifier.0,2,30,9,0.035267025232315063
classifier.0,2,30,10,0.17209689319133759
classifier.0,2,30,11,0.030470991507172585
classifier.0,2,30,12,0.1649264693260193
classifier.0,2,30,13,0.03396208584308624
classifier.0,2,30,14,0.10721077024936676
classifier.0,2,30,15,0.45554372668266296
classifier.0,2,30,16,0.0025541502982378006
classifier.0,2,30,17,0.1389910876750946
classifier.0,2,30,18,0.010238759219646454
classifier.0,2,30,19,0.17039966583251953
classifier.0,2,30,20,0.05537222698330879
classifier.0,2,30,21,0.379643052816391
classifier.0,2,30,22,0.01961633190512657
classifier.0,2,30,23,0.06507746875286102
classifier.0,2,30,24,0.11536481976509094
classifier.0,2,30,25,0.060669198632240295
classifier.0,2,30,26,0.04380659759044647
classifier.0,2,30,27,0.10489237308502197
classifier.0,2,30,28,0.0492594912648201
classifier.0,2,30,29,0.2690773010253906
classifier.0,2,30,31,0.2774115204811096
classifier.0,2,30,32,0.028647908940911293
classifier.0,2,30,33,0.12903545796871185
classifier.0,2,30,34,0.07127431780099869
classifier.0,2,30,35,0.06389755010604858
classifier.0,2,30,36,0.30643942952156067
classifier.0,2,30,37,0.020373068749904633
classifier.0,2,30,38,0.1764097809791565
classifier.0,2,30,39,0.25452953577041626
classifier.0,2,30,40,0.07147432863712311
classifier.0,2,30,41,0.18550920486450195
classifier.0,2,30,42,0.2059827446937561
classifier.0,2,30,43,0.21687331795692444
classifier.0,2,30,44,0.3134279251098633
classifier.0,2,30,45,0.04779388755559921
classifier.0,2,30,46,0.024655085057020187
classifier.0,2,30,47,0.19901256263256073
classifier.0,2,30,48,0.23671752214431763
classifier.0,2,30,49,0.007220402359962463
classifier.0,2,30,50,0.08673491328954697
classifier.0,2,30,51,0.034482747316360474
classifier.0,2,30,52,0.018500126898288727
classifier.0,2,30,53,0.2476314902305603
classifier.0,2,30,54,0.1699516773223877
classifier.0,2,30,55,0.05784988030791283
classifier.0,2,30,56,0.32297974824905396
classifier.0,2,30,57,0.3043174147605896
classifier.0,2,30,58,0.1022544801235199
classifier.0,2,30,59,0.1735120564699173
classifier.0,2,30,60,0.03534480184316635
classifier.0,2,30,61,0.2306423783302307
classifier.0,2,31,0,0.1158413216471672
classifier.0,2,31,1,0.1361042559146881
classifier.0,2,31,2,0.05730298534035683
classifier.0,2,31,3,0.07390710711479187
classifier.0,2,31,4,0.13846664130687714
classifier.0,2,31,5,0.2725491523742676
classifier.0,2,31,6,0.24810802936553955
classifier.0,2,31,7,0.03413703665137291
classifier.0,2,31,8,0.33582907915115356
classifier.0,2,31,9,0.15802666544914246
classifier.0,2,31,10,0.4347531497478485
classifier.0,2,31,11,0.13583484292030334
classifier.0,2,31,12,0.028915047645568848
classifier.0,2,31,13,0.15653260052204132
classifier.0,2,31,14,0.05142770707607269
classifier.0,2,31,15,0.11526069045066833
classifier.0,2,31,16,0.42577457427978516
classifier.0,2,31,17,0.048698730766773224
classifier.0,2,31,18,0.20369352400302887
classifier.0,2,31,19,0.17215539515018463
classifier.0,2,31,20,0.17753702402114868
classifier.0,2,31,21,0.17527857422828674
classifier.0,2,31,22,0.17485550045967102
classifier.0,2,31,23,0.30866679549217224
classifier.0,2,31,24,0.07069822400808334
classifier.0,2,31,25,0.4217178523540497
classifier.0,2,31,26,0.17329901456832886
classifier.0,2,31,27,0.03827178478240967
classifier.0,2,31,28,0.22655247151851654
classifier.0,2,31,29,0.1917250156402588
classifier.0,2,31,30,0.2774115204811096
classifier.0,2,31,32,0.45177486538887024
classifier.0,2,31,33,0.24712765216827393
classifier.0,2,31,34,0.3038296699523926
classifier.0,2,31,35,0.14679057896137238
classifier.0,2,31,36,0.5203360319137573
classifier.0,2,31,37,0.009873447939753532
classifier.0,2,31,38,0.43950170278549194
classifier.0,2,31,39,0.07236413657665253
classifier.0,2,31,40,0.08794818818569183
classifier.0,2,31,41,0.2850879728794098
classifier.0,2,31,42,0.5069389343261719
classifier.0,2,31,43,0.10985223948955536
classifier.0,2,31,44,0.22495406866073608
classifier.0,2,31,45,0.023937813937664032
classifier.0,2,31,46,0.11905329674482346
classifier.0,2,31,47,0.09473782777786255
classifier.0,2,31,48,0.03247525542974472
classifier.0,2,31,49,0.1719212830066681
classifier.0,2,31,50,0.4719005227088928
classifier.0,2,31,51,0.3160703182220459
classifier.0,2,31,52,0.062523253262043
classifier.0,2,31,53,0.020354466512799263
classifier.0,2,31,54,0.5738061666488647
classifier.0,2,31,55,0.03047439455986023
classifier.0,2,31,56,0.28987205028533936
classifier.0,2,31,57,0.1054827868938446
classifier.0,2,31,58,0.33935216069221497
classifier.0,2,31,59,0.23327703773975372
classifier.0,2,31,60,0.1589457392692566
classifier.0,2,31,61,0.020715275779366493
classifier.0,2,32,0,0.37048032879829407
classifier.0,2,32,1,0.08847109973430634
classifier.0,2,32,2,0.06065945327281952
classifier.0,2,32,3,0.1699126809835434
classifier.0,2,32,4,0.17258869111537933
classifier.0,2,32,5,0.2382555603981018
classifier.0,2,32,6,0.10203611850738525
classifier.0,2,32,7,0.0037523657083511353
classifier.0,2,32,8,0.2511460483074188
classifier.0,2,32,9,0.16609357297420502
classifier.0,2,32,10,0.1240500807762146
classifier.0,2,32,11,0.10640282928943634
classifier.0,2,32,12,0.1299619972705841
classifier.0,2,32,13,0.19365711510181427
classifier.0,2,32,14,0.09392396360635757
classifier.0,2,32,15,0.11974084377288818
classifier.0,2,32,16,0.09874813258647919
classifier.0,2,32,17,0.21905751526355743
classifier.0,2,32,18,0.3786230683326721
classifier.0,2,32,19,0.016206778585910797
classifier.0,2,32,20,0.22298292815685272
classifier.0,2,32,21,0.026169657707214355
classifier.0,2,32,22,0.11179360002279282
classifier.0,2,32,23,0.15099531412124634
classifier.0,2,32,24,0.4784789979457855
classifier.0,2,32,25,0.19889582693576813
classifier.0,2,32,26,0.41793668270111084
classifier.0,2,32,27,0.15582892298698425
classifier.0,2,32,28,0.20458219945430756
classifier.0,2,32,29,0.010428525507450104
classifier.0,2,32,30,0.028647908940911293
classifier.0,2,32,31,0.45177486538887024
classifier.0,2,32,33,0.6299886703491211
classifier.0,2,32,34,0.2689122259616852
classifier.0,2,32,35,0.11007440835237503
classifier.0,2,32,36,0.308913916349411
classifier.0,2,32,37,0.11736752837896347
classifier.0,2,32,38,0.27428483963012695
classifier.0,2,32,39,0.2634480595588684
classifier.0,2,32,40,0.031140364706516266
classifier.0,2,32,41,0.0735408365726471
classifier.0,2,32,42,0.024274170398712158
classifier.0,2,32,43,0.1834840625524521
classifier.0,2,32,44,0.17712122201919556
classifier.0,2,32,45,0.016714610159397125
classifier.0,2,32,46,0.16839933395385742
classifier.0,2,32,47,0.17665034532546997
classifier.0,2,32,48,0.018598457798361778
classifier.0,2,32,49,0.32863253355026245
classifier.0,2,32,50,0.35477522015571594
classifier.0,2,32,51,0.32731932401657104
classifier.0,2,32,52,0.08975029736757278
classifier.0,2,32,53,0.2075747400522232
classifier.0,2,32,54,0.40650683641433716
classifier.0,2,32,55,0.11995615065097809
classifier.0,2,32,56,0.24214684963226318
classifier.0,2,32,57,0.1370900720357895
classifier.0,2,32,58,0.7390401363372803
classifier.0,2,32,59,0.4809999465942383
classifier.0,2,32,60,0.04829162731766701
classifier.0,2,32,61,0.1968337744474411
classifier.0,2,33,0,0.32082700729370117
classifier.0,2,33,1,0.10405045002698898
classifier.0,2,33,2,0.07277729362249374
classifier.0,2,33,3,0.05912017077207565
classifier.0,2,33,4,0.32642316818237305
classifier.0,2,33,5,0.1245831772685051
classifier.0,2,33,6,0.2313690483570099
classifier.0,2,33,7,0.028247825801372528
classifier.0,2,33,8,0.1901809573173523
classifier.0,2,33,9,0.14440983533859253
classifier.0,2,33,10,0.0069115906953811646
classifier.0,2,33,11,0.21090386807918549
classifier.0,2,33,12,0.1570104956626892
classifier.0,2,33,13,0.338979572057724
classifier.0,2,33,14,0.010908783413469791
classifier.0,2,33,15,0.17289282381534576
classifier.0,2,33,16,0.03081030398607254
classifier.0,2,33,17,0.18765129148960114
classifier.0,2,33,18,0.47450393438339233
classifier.0,2,33,19,0.15462535619735718
classifier.0,2,33,20,0.30912524461746216
classifier.0,2,33,21,0.21664690971374512
classifier.0,2,33,22,0.21607354283332825
classifier.0,2,33,23,0.05322754383087158
classifier.0,2,33,24,0.5047780275344849
classifier.0,2,33,25,0.360299676656723
classifier.0,2,33,26,0.2935490012168884
classifier.0,2,33,27,0.3747146725654602
classifier.0,2,33,28,0.14813634753227234
classifier.0,2,33,29,0.1619468331336975
classifier.0,2,33,30,0.12903545796871185
classifier.0,2,33,31,0.24712765216827393
classifier.0,2,33,32,0.6299886703491211
classifier.0,2,33,34,0.4827137887477875
classifier.0,2,33,35,0.2647770941257477
classifier.0,2,33,36,0.18231114745140076
classifier.0,2,33,37,0.2960289716720581
classifier.0,2,33,38,0.17899847030639648
classifier.0,2,33,39,0.30029696226119995
classifier.0,2,33,40,0.022260069847106934
classifier.0,2,33,41,0.09482160210609436
classifier.0,2,33,42,0.11184906959533691
classifier.0,2,33,43,0.16230328381061554
classifier.0,2,33,44,0.3733994662761688
classifier.0,2,33,45,0.11972293257713318
classifier.0,2,33,46,0.08424684405326843
classifier.0,2,33,47,0.32910436391830444
classifier.0,2,33,48,0.19176363945007324
classifier.0,2,33,49,0.170443594455719
classifier.0,2,33,50,0.3363981246948242
classifier.0,2,33,51,0.467904657125473
classifier.0,2,33,52,0.19529429078102112
classifier.0,2,33,53,0.31624317169189453
classifier.0,2,33,54,0.23491215705871582
classifier.0,2,33,55,0.09844564646482468
classifier.0,2,33,56,0.3143930435180664
classifier.0,2,33,57,0.41512250900268555
classifier.0,2,33,58,0.5671390295028687
classifier.0,2,33,59,0.6163080930709839
classifier.0,2,33,60,0.004298616200685501
classifier.0,2,33,61,0.29424405097961426
classifier.0,2,34,0,0.17237551510334015
classifier.0,2,34,1,0.08212532848119736
classifier.0,2,34,2,0.24297600984573364
classifier.0,2,34,3,0.01921486109495163
classifier.0,2,34,4,0.2299785614013672
classifier.0,2,34,5,0.20189929008483887
classifier.0,2,34,6,0.26678627729415894
classifier.0,2,34,7,0.1477201282978058
classifier.0,2,34,8,0.04937443882226944
classifier.0,2,34,9,0.11994864791631699
classifier.0,2,34,10,0.12028570473194122
classifier.0,2,34,11,0.029216675087809563
classifier.0,2,34,12,0.031525276601314545
classifier.0,2,34,13,0.047721635550260544
classifier.0,2,34,14,0.13997900485992432
classifier.0,2,34,15,0.11626908928155899
classifier.0,2,34,16,0.033024728298187256
classifier.0,2,34,17,0.2855323255062103
classifier.0,2,34,18,0.44293326139450073
classifier.0,2,34,19,0.1776331663131714
classifier.0,2,34,20,0.4143868088722229
classifier.0,2,34,21,0.04926956444978714
classifier.0,2,34,22,0.15528061985969543
classifier.0,2,34,23,0.04226966202259064
classifier.0,2,34,24,0.2364422231912613
classifier.0,2,34,25,0.5670128464698792
classifier.0,2,34,26,0.08854377269744873
classifier.0,2,34,27,0.012137455865740776
classifier.0,2,34,28,0.22996829450130463
classifier.0,2,34,29,0.14990919828414917
classifier.0,2,34,30,0.07127431780099869
classifier.0,2,34,31,0.3038296699523926
classifier.0,2,34,32,0.2689122259616852
classifier.0,2,34,33,0.4827137887477875
classifier.0,2,34,35,0.4664108455181122
classifier.0,2,34,36,0.3486717939376831
classifier.0,2,34,37,0.2623823881149292
classifier.0,2,34,38,0.3072081208229065
classifier.0,2,34,39,0.08087971806526184
classifier.0,2,34,40,0.09802408516407013
classifier.0,2,34,41,0.39645564556121826
classifier.0,2,34,42,0.02022455260157585
classifier.0,2,34,43,0.16747643053531647
classifier.0,2,34,44,0.5855302810668945
classifier.0,2,34,45,0.18873625993728638
classifier.0,2,34,46,0.22689741849899292
classifier.0,2,34,47,0.41986745595932007
classifier.0,2,34,48,0.31016096472740173
classifier.0,2,34,49,0.16645333170890808
classifier.0,2,34,50,0.1303221434354782
classifier.0,2,34,51,0.5120955109596252
classifier.0,2,34,52,0.06827428191900253
classifier.0,2,34,53,0.11099762469530106
classifier.0,2,34,54,0.31654396653175354
classifier.0,2,34,55,0.08508956432342529
classifier.0,2,34,56,0.4155887961387634
classifier.0,2,34,57,0.1956891417503357
classifier.0,2,34,58,0.3304232358932495
classifier.0,2,34,59,0.41006624698638916
classifier.0,2,34,60,0.025126205757260323
classifier.0,2,34,61,0.051067981868982315
classifier.0,2,35,0,0.1319809854030609
classifier.0,2,35,1,0.058152131736278534
classifier.0,2,35,2,0.8096259832382202
classifier.0,2,35,3,0.1693059653043747
classifier.0,2,35,4,0.13666129112243652
classifier.0,2,35,5,0.4090058207511902
classifier.0,2,35,6,0.21886473894119263
classifier.0,2,35,7,0.04042644053697586
classifier.0,2,35,8,0.05029518902301788
classifier.0,2,35,9,0.13490886986255646
classifier.0,2,35,10,0.08076907694339752
classifier.0,2,35,11,0.4163099527359009
classifier.0,2,35,12,0.011799454689025879
classifier.0,2,35,13,0.1617414951324463
classifier.0,2,35,14,0.32345885038375854
classifier.0,2,35,15,0.3071269094944
classifier.0,2,35,16,0.18679538369178772
classifier.0,2,35,17,0.2144542634487152
classifier.0,2,35,18,0.03188323602080345
classifier.0,2,35,19,0.20166006684303284
classifier.0,2,35,20,0.5173686742782593
classifier.0,2,35,21,0.0719204694032669
classifier.0,2,35,22,0.09454092383384705
classifier.0,2,35,23,0.009319564327597618
classifier.0,2,35,24,0.22313492000102997
classifier.0,2,35,25,0.1839766949415207
classifier.0,2,35,26,0.1379585564136505
classifier.0,2,35,27,0.08670127391815186
classifier.0,2,35,28,0.40711504220962524
classifier.0,2,35,29,0.3576371967792511
classifier.0,2,35,30,0.06389755010604858
classifier.0,2,35,31,0.14679057896137238
classifier.0,2,35,32,0.11007440835237503
classifier.0,2,35,33,0.2647770941257477
classifier.0,2,35,34,0.4664108455181122
classifier.0,2,35,36,0.2388302981853485
classifier.0,2,35,37,0.25373756885528564
classifier.0,2,35,38,0.022274896502494812
classifier.0,2,35,39,0.07606440782546997
classifier.0,2,35,40,0.044571422040462494
classifier.0,2,35,41,0.43218445777893066
classifier.0,2,35,42,0.01811693236231804
classifier.0,2,35,43,0.10350681841373444
classifier.0,2,35,44,0.3595562279224396
classifier.0,2,35,45,0.17440597712993622
classifier.0,2,35,46,0.11498722434043884
classifier.0,2,35,47,0.051100119948387146
classifier.0,2,35,48,0.030221963301301003
classifier.0,2,35,49,0.10631366819143295
classifier.0,2,35,50,0.037844665348529816
classifier.0,2,35,51,0.28871291875839233
classifier.0,2,35,52,0.03980881720781326
classifier.0,2,35,53,0.06308824568986893
classifier.0,2,35,54,0.19200479984283447
classifier.0,2,35,55,0.006052687764167786
classifier.0,2,35,56,0.0868929848074913
classifier.0,2,35,57,0.050578951835632324
classifier.0,2,35,58,0.09391648322343826
classifier.0,2,35,59,0.12840057909488678
classifier.0,2,35,60,0.09225571155548096
classifier.0,2,35,61,0.5463950037956238
classifier.0,2,36,0,0.1313043236732483
classifier.0,2,36,1,0.02200908586382866
classifier.0,2,36,2,0.07235755026340485
classifier.0,2,36,3,0.12299688905477524
classifier.0,2,36,4,0.016163945198059082
classifier.0,2,36,5,0.2459261417388916
classifier.0,2,36,6,0.08691537380218506
classifier.0,2,36,7,0.04441282898187637
classifier.0,2,36,8,0.13589665293693542
classifier.0,2,36,9,0.04980313405394554
classifier.0,2,36,10,0.28163814544677734
classifier.0,2,36,11,0.11004017293453217
classifier.0,2,36,12,0.06010892987251282
classifier.0,2,36,13,0.20383527874946594
classifier.0,2,36,14,0.03474000096321106
classifier.0,2,36,15,0.3657629191875458
classifier.0,2,36,16,0.31824731826782227
classifier.0,2,36,17,0.17078915238380432
classifier.0,2,36,18,0.2971838712692261
classifier.0,2,36,19,0.021483343094587326
classifier.0,2,36,20,0.22308990359306335
classifier.0,2,36,21,0.016983408480882645
classifier.0,2,36,22,0.15985512733459473
classifier.0,2,36,23,0.03927905857563019
classifier.0,2,36,24,0.08574136346578598
classifier.0,2,36,25,0.1944747269153595
classifier.0,2,36,26,0.12040231376886368
classifier.0,2,36,27,0.08723742514848709
classifier.0,2,36,28,0.1502610146999359
classifier.0,2,36,29,0.009657805785536766
classifier.0,2,36,30,0.30643942952156067
classifier.0,2,36,31,0.5203360319137573
classifier.0,2,36,32,0.308913916349411
classifier.0,2,36,33,0.18231114745140076
classifier.0,2,36,34,0.3486717939376831
classifier.0,2,36,35,0.2388302981853485
classifier.0,2,36,37,0.2249668836593628
classifier.0,2,36,38,0.16907751560211182
classifier.0,2,36,39,0.08861320465803146
classifier.0,2,36,40,0.04465655982494354
classifier.0,2,36,41,0.002281036227941513
classifier.0,2,36,42,0.32777127623558044
classifier.0,2,36,43,0.012048371136188507
classifier.0,2,36,44,0.2885582447052002
classifier.0,2,36,45,0.06327935308218002
classifier.0,2,36,46,0.14043565094470978
classifier.0,2,36,47,0.2730153799057007
classifier.0,2,36,48,0.1411575824022293
classifier.0,2,36,49,0.20179325342178345
classifier.0,2,36,50,0.33585941791534424
classifier.0,2,36,51,0.10259100049734116
classifier.0,2,36,52,0.1168731153011322
classifier.0,2,36,53,0.04751355201005936
classifier.0,2,36,54,0.44838303327560425
classifier.0,2,36,55,0.14351089298725128
classifier.0,2,36,56,0.19229723513126373
classifier.0,2,36,57,0.010679110884666443
classifier.0,2,36,58,0.17916393280029297
classifier.0,2,36,59,0.23292209208011627
classifier.0,2,36,60,0.005906779319047928
classifier.0,2,36,61,0.00430089607834816
classifier.0,2,37,0,0.04021470248699188
classifier.0,2,37,1,0.12817852199077606
classifier.0,2,37,2,0.1542731672525406
classifier.0,2,37,3,0.1306343823671341
classifier.0,2,37,4,0.2671791911125183
classifier.0,2,37,5,0.05727314203977585
classifier.0,2,37,6,0.7753382325172424
classifier.0,2,37,7,0.13742457330226898
classifier.0,2,37,8,0.0670202299952507
classifier.0,2,37,9,0.0408484973013401
classifier.0,2,37,10,0.08307746052742004
classifier.0,2,37,11,0.2791699767112732
classifier.0,2,37,12,0.2149524688720703
classifier.0,2,37,13,0.5435441136360168
classifier.0,2,37,14,0.024156514555215836
classifier.0,2,37,15,0.10963694751262665
classifier.0,2,37,16,0.1482427716255188
classifier.0,2,37,17,0.22638702392578125
classifier.0,2,37,18,0.06440965831279755
classifier.0,2,37,19,0.12997090816497803
classifier.0,2,37,20,0.1370849758386612
classifier.0,2,37,21,0.2594676911830902
classifier.0,2,37,22,0.022106241434812546
classifier.0,2,37,23,0.012266099452972412
classifier.0,2,37,24,0.07928796857595444
classifier.0,2,37,25,0.0004005618393421173
classifier.0,2,37,26,0.268222838640213
classifier.0,2,37,27,0.04133208096027374
classifier.0,2,37,28,0.060645200312137604
classifier.0,2,37,29,0.036078475415706635
classifier.0,2,37,30,0.020373068749904633
classifier.0,2,37,31,0.009873447939753532
classifier.0,2,37,32,0.11736752837896347
classifier.0,2,37,33,0.2960289716720581
classifier.0,2,37,34,0.2623823881149292
classifier.0,2,37,35,0.25373756885528564
classifier.0,2,37,36,0.2249668836593628
classifier.0,2,37,38,0.028785161674022675
classifier.0,2,37,39,0.15927168726921082
classifier.0,2,37,40,0.0844007059931755
classifier.0,2,37,41,0.19877034425735474
classifier.0,2,37,42,0.024597585201263428
classifier.0,2,37,43,0.22744274139404297
classifier.0,2,37,44,0.14407162368297577
classifier.0,2,37,45,0.007615700364112854
classifier.0,2,37,46,0.161451056599617
classifier.0,2,37,47,0.2480490505695343
classifier.0,2,37,48,0.04310827702283859
classifier.0,2,37,49,0.07407712191343307
classifier.0,2,37,50,0.028219103813171387
classifier.0,2,37,51,0.009736858308315277
classifier.0,2,37,52,0.23734791576862335
classifier.0,2,37,53,0.06545679271221161
classifier.0,2,37,54,0.0010954104363918304
classifier.0,2,37,55,0.17888426780700684
classifier.0,2,37,56,0.08000148832798004
classifier.0,2,37,57,0.12525896728038788
classifier.0,2,37,58,0.061118267476558685
classifier.0,2,37,59,0.0595211498439312
classifier.0,2,37,60,0.3949829339981079
classifier.0,2,37,61,0.052778180688619614
classifier.0,2,38,0,0.045874759554862976
classifier.0,2,38,1,0.09346518665552139
classifier.0,2,38,2,0.0376485176384449
classifier.0,2,38,3,0.4462888836860657
classifier.0,2,38,4,0.08662529289722443
classifier.0,2,38,5,0.14899936318397522
classifier.0,2,38,6,0.07931388914585114
classifier.0,2,38,7,0.3336378335952759
classifier.0,2,38,8,0.26976490020751953
classifier.0,2,38,9,0.21252407133579254
classifier.0,2,38,10,0.25203266739845276
classifier.0,2,38,11,0.44582027196884155
classifier.0,2,38,12,0.04076768457889557
classifier.0,2,38,13,0.05671984702348709
classifier.0,2,38,14,0.06543335318565369
classifier.0,2,38,15,0.011884350329637527
classifier.0,2,38,16,0.2518453598022461
classifier.0,2,38,17,0.11978762596845627
classifier.0,2,38,18,0.11605405062437057
classifier.0,2,38,19,0.06683626025915146
classifier.0,2,38,20,0.12703503668308258
classifier.0,2,38,21,0.1646236777305603
classifier.0,2,38,22,0.15581628680229187
classifier.0,2,38,23,0.11518297344446182
classifier.0,2,38,24,0.015092764049768448
classifier.0,2,38,25,0.2752176523208618
classifier.0,2,38,26,0.16934192180633545
classifier.0,2,38,27,0.09281686693429947
classifier.0,2,38,28,0.07069572061300278
classifier.0,2,38,29,0.09034215658903122
classifier.0,2,38,30,0.1764097809791565
classifier.0,2,38,31,0.43950170278549194
classifier.0,2,38,32,0.27428483963012695
classifier.0,2,38,33,0.17899847030639648
classifier.0,2,38,34,0.3072081208229065
classifier.0,2,38,35,0.022274896502494812
classifier.0,2,38,36,0.16907751560211182
classifier.0,2,38,37,0.028785161674022675
classifier.0,2,38,39,0.1336687058210373
classifier.0,2,38,40,0.49471351504325867
classifier.0,2,38,41,0.19679436087608337
classifier.0,2,38,42,0.21475175023078918
classifier.0,2,38,43,0.221714049577713
classifier.0,2,38,44,0.3095649480819702
classifier.0,2,38,45,0.23124179244041443
classifier.0,2,38,46,0.010045275092124939
classifier.0,2,38,47,0.30162253975868225
classifier.0,2,38,48,0.04553339257836342
classifier.0,2,38,49,0.26920509338378906
classifier.0,2,38,50,0.3826681673526764
classifier.0,2,38,51,0.2660177946090698
classifier.0,2,38,52,0.09941871464252472
classifier.0,2,38,53,0.020465847104787827
classifier.0,2,38,54,0.3952140808105469
classifier.0,2,38,55,0.06963320076465607
classifier.0,2,38,56,0.4521130621433258
classifier.0,2,38,57,0.08130931854248047
classifier.0,2,38,58,0.09044154733419418
classifier.0,2,38,59,0.2537625730037689
classifier.0,2,38,60,0.14832550287246704
classifier.0,2,38,61,0.09037800133228302
classifier.0,2,39,0,0.05144144594669342
classifier.0,2,39,1,0.09807074069976807
classifier.0,2,39,2,0.15297089517116547
classifier.0,2,39,3,0.08051960170269012
classifier.0,2,39,4,0.014936750754714012
classifier.0,2,39,5,0.0424223318696022
classifier.0,2,39,6,0.10091730207204819
classifier.0,2,39,7,0.09187166392803192
classifier.0,2,39,8,0.0031339600682258606
classifier.0,2,39,9,0.4595296084880829
classifier.0,2,39,10,0.024753205478191376
classifier.0,2,39,11,0.141651913523674
classifier.0,2,39,12,0.0477762371301651
classifier.0,2,39,13,0.09517733752727509
classifier.0,2,39,14,0.013802398927509785
classifier.0,2,39,15,0.33265748620033264
classifier.0,2,39,16,0.20735305547714233
classifier.0,2,39,17,0.33406150341033936
classifier.0,2,39,18,0.12390376627445221
classifier.0,2,39,19,0.23039662837982178
classifier.0,2,39,20,0.035768162459135056
classifier.0,2,39,21,0.19733457267284393
classifier.0,2,39,22,0.027371276170015335
classifier.0,2,39,23,0.23110485076904297
classifier.0,2,39,24,0.0480891577899456
classifier.0,2,39,25,0.07587741315364838
classifier.0,2,39,26,0.06992343068122864
classifier.0,2,39,27,0.13815398514270782
classifier.0,2,39,28,0.06756322085857391
classifier.0,2,39,29,0.33465027809143066
classifier.0,2,39,30,0.25452953577041626
classifier.0,2,39,31,0.07236413657665253
classifier.0,2,39,32,0.2634480595588684
classifier.0,2,39,33,0.30029696226119995
classifier.0,2,39,34,0.08087971806526184
classifier.0,2,39,35,0.07606440782546997
classifier.0,2,39,36,0.08861320465803146
classifier.0,2,39,37,0.15927168726921082
classifier.0,2,39,38,0.1336687058210373
classifier.0,2,39,40,0.12605741620063782
classifier.0,2,39,41,0.04868505150079727
classifier.0,2,39,42,0.3607408404350281
classifier.0,2,39,43,0.05849548429250717
classifier.0,2,39,44,0.13661283254623413
classifier.0,2,39,45,0.034153569489717484
classifier.0,2,39,46,0.2036193460226059
classifier.0,2,39,47,0.020482365041971207
classifier.0,2,39,48,0.2760964632034302
classifier.0,2,39,49,0.3980752229690552
classifier.0,2,39,50,0.3263496160507202
classifier.0,2,39,51,0.3528040647506714
classifier.0,2,39,52,0.14203202724456787
classifier.0,2,39,53,0.3284413516521454
classifier.0,2,39,54,0.07518573105335236
classifier.0,2,39,55,0.3815954327583313
classifier.0,2,39,56,0.32406875491142273
classifier.0,2,39,57,0.243301123380661
classifier.0,2,39,58,0.28794538974761963
classifier.0,2,39,59,0.271908164024353
classifier.0,2,39,60,0.12010971456766129
classifier.0,2,39,61,0.20687732100486755
classifier.0,2,40,0,0.29043251276016235
classifier.0,2,40,1,0.15806202590465546
classifier.0,2,40,2,0.02646571770310402
classifier.0,2,40,3,0.07731784135103226
classifier.0,2,40,4,0.00014301203191280365
classifier.0,2,40,5,0.021545125171542168
classifier.0,2,40,6,0.03686237707734108
classifier.0,2,40,7,0.24093571305274963
classifier.0,2,40,8,0.17868980765342712
classifier.0,2,40,9,0.15086102485656738
classifier.0,2,40,10,0.07548698037862778
classifier.0,2,40,11,0.04931836575269699
classifier.0,2,40,12,0.6623874306678772
classifier.0,2,40,13,0.027123913168907166
classifier.0,2,40,14,0.09133503586053848
classifier.0,2,40,15,0.024043310433626175
classifier.0,2,40,16,0.09582623094320297
classifier.0,2,40,17,0.05951089411973953
classifier.0,2,40,18,0.07849198579788208
classifier.0,2,40,19,0.2809559106826782
classifier.0,2,40,20,0.21056483685970306
classifier.0,2,40,21,0.28864288330078125
classifier.0,2,40,22,0.008132409304380417
classifier.0,2,40,23,0.11651678383350372
classifier.0,2,40,24,0.23482561111450195
classifier.0,2,40,25,0.17818135023117065
classifier.0,2,40,26,0.33668357133865356
classifier.0,2,40,27,0.1966380476951599
classifier.0,2,40,28,0.04752683639526367
classifier.0,2,40,29,0.18086783587932587
classifier.0,2,40,30,0.07147432863712311
classifier.0,2,40,31,0.08794818818569183
classifier.0,2,40,32,0.031140364706516266
classifier.0,2,40,33,0.022260069847106934
classifier.0,2,40,34,0.09802408516407013
classifier.0,2,40,35,0.044571422040462494
classifier.0,2,40,36,0.04465655982494354
classifier.0,2,40,37,0.0844007059931755
classifier.0,2,40,38,0.49471351504325867
classifier.0,2,40,39,0.12605741620063782
classifier.0,2,40,41,0.09715789556503296
classifier.0,2,40,42,0.1788751482963562
classifier.0,2,40,43,0.5736804008483887
classifier.0,2,40,44,0.12487431615591049
classifier.0,2,40,45,0.2799972891807556
classifier.0,2,40,46,0.18154846131801605
classifier.0,2,40,47,0.16490277647972107
classifier.0,2,40,48,0.07494036853313446
classifier.0,2,40,49,0.03758205845952034
classifier.0,2,40,50,0.09834033250808716
classifier.0,2,40,51,0.09396953880786896
classifier.0,2,40,52,0.09511789679527283
classifier.0,2,40,53,0.04596339166164398
classifier.0,2,40,54,0.018540551885962486
classifier.0,2,40,55,0.027748383581638336
classifier.0,2,40,56,0.18449996411800385
classifier.0,2,40,57,0.16025002300739288
classifier.0,2,40,58,0.2715398073196411
classifier.0,2,40,59,0.026496874168515205
classifier.0,2,40,60,0.029267672449350357
classifier.0,2,40,61,0.07462750375270844
classifier.0,2,41,0,0.09076689183712006
classifier.0,2,41,1,0.014821801334619522
classifier.0,2,41,2,0.4408921003341675
classifier.0,2,41,3,0.12974290549755096
classifier.0,2,41,4,0.33542400598526
classifier.0,2,41,5,0.3046441078186035
classifier.0,2,41,6,0.22132471203804016
classifier.0,2,41,7,0.07188501954078674
classifier.0,2,41,8,0.107773557305336
classifier.0,2,41,9,0.0631863996386528
classifier.0,2,41,10,0.2941584587097168
classifier.0,2,41,11,0.10845793783664703
classifier.0,2,41,12,0.06251977384090424
classifier.0,2,41,13,0.00016611069440841675
classifier.0,2,41,14,0.1100090891122818
classifier.0,2,41,15,0.06263812631368637
classifier.0,2,41,16,0.07913193106651306
classifier.0,2,41,17,0.06805749237537384
classifier.0,2,41,18,0.09161790460348129
classifier.0,2,41,19,0.4297798275947571
classifier.0,2,41,20,0.3890610337257385
classifier.0,2,41,21,0.12313898652791977
classifier.0,2,41,22,0.08721871674060822
classifier.0,2,41,23,0.2408396452665329
classifier.0,2,41,24,0.005699869245290756
classifier.0,2,41,25,0.3286757171154022
classifier.0,2,41,26,0.30113133788108826
classifier.0,2,41,27,0.06737306714057922
classifier.0,2,41,28,0.32253795862197876
classifier.0,2,41,29,0.3177732825279236
classifier.0,2,41,30,0.18550920486450195
classifier.0,2,41,31,0.2850879728794098
classifier.0,2,41,32,0.0735408365726471
classifier.0,2,41,33,0.09482160210609436
classifier.0,2,41,34,0.39645564556121826
classifier.0,2,41,35,0.43218445777893066
classifier.0,2,41,36,0.002281036227941513
classifier.0,2,41,37,0.19877034425735474
classifier.0,2,41,38,0.19679436087608337
classifier.0,2,41,39,0.04868505150079727
classifier.0,2,41,40,0.09715789556503296
classifier.0,2,41,42,0.1917451173067093
classifier.0,2,41,43,0.3554868698120117
classifier.0,2,41,44,0.2504420280456543
classifier.0,2,41,45,0.09780673682689667
classifier.0,2,41,46,0.3160792887210846
classifier.0,2,41,47,0.026867495849728584
classifier.0,2,41,48,0.004138227552175522
classifier.0,2,41,49,0.21590527892112732
classifier.0,2,41,50,0.0456203930079937
classifier.0,2,41,51,0.22596882283687592
classifier.0,2,41,52,0.2793117165565491
classifier.0,2,41,53,0.10157087445259094
classifier.0,2,41,54,0.13444091379642487
classifier.0,2,41,55,0.043787404894828796
classifier.0,2,41,56,0.2614299952983856
classifier.0,2,41,57,0.2368217408657074
classifier.0,2,41,58,0.004059366881847382
classifier.0,2,41,59,0.04576726630330086
classifier.0,2,41,60,0.19008933007717133
classifier.0,2,41,61,0.2584199905395508
classifier.0,2,42,0,0.19751273095607758
classifier.0,2,42,1,0.2050979882478714
classifier.0,2,42,2,0.02497793734073639
classifier.0,2,42,3,0.0978023037314415
classifier.0,2,42,4,0.0002765851095318794
classifier.0,2,42,5,0.20548081398010254
classifier.0,2,42,6,0.03163977712392807
classifier.0,2,42,7,0.12512964010238647
classifier.0,2,42,8,0.05858611315488815
classifier.0,2,42,9,0.2843237519264221
classifier.0,2,42,10,0.2981070876121521
classifier.0,2,42,11,0.050286438316106796
classifier.0,2,42,12,0.0983702763915062
classifier.0,2,42,13,0.21313589811325073
classifier.0,2,42,14,0.02496492676436901
classifier.0,2,42,15,0.17516225576400757
classifier.0,2,42,16,0.3461572825908661
classifier.0,2,42,17,0.007711715996265411
classifier.0,2,42,18,0.043456386774778366
classifier.0,2,42,19,0.09852461516857147
classifier.0,2,42,20,0.024396628141403198
classifier.0,2,42,21,0.002484578639268875
classifier.0,2,42,22,0.2580181360244751
classifier.0,2,42,23,0.2620536684989929
classifier.0,2,42,24,0.24082212150096893
classifier.0,2,42,25,0.24762114882469177
classifier.0,2,42,26,0.1076616495847702
classifier.0,2,42,27,0.1462927609682083
classifier.0,2,42,28,0.19225570559501648
classifier.0,2,42,29,0.1708545982837677
classifier.0,2,42,30,0.2059827446937561
classifier.0,2,42,31,0.5069389343261719
classifier.0,2,42,32,0.024274170398712158
classifier.0,2,42,33,0.11184906959533691
classifier.0,2,42,34,0.02022455260157585
classifier.0,2,42,35,0.01811693236231804
classifier.0,2,42,36,0.32777127623558044
classifier.0,2,42,37,0.024597585201263428
classifier.0,2,42,38,0.21475175023078918
classifier.0,2,42,39,0.3607408404350281
classifier.0,2,42,40,0.1788751482963562
classifier.0,2,42,41,0.1917451173067093
classifier.0,2,42,43,0.008949436247348785
classifier.0,2,42,44,0.024474846199154854
classifier.0,2,42,45,0.08857513219118118
classifier.0,2,42,46,0.14731010794639587
classifier.0,2,42,47,0.23311775922775269
classifier.0,2,42,48,0.22035306692123413
classifier.0,2,42,49,0.13725993037223816
classifier.0,2,42,50,0.011393934488296509
classifier.0,2,42,51,0.26370808482170105
classifier.0,2,42,52,0.36660584807395935
classifier.0,2,42,53,0.30233103036880493
classifier.0,2,42,54,0.33772534132003784
classifier.0,2,42,55,0.02492530085146427
classifier.0,2,42,56,0.03812190890312195
classifier.0,2,42,57,0.08074621111154556
classifier.0,2,42,58,0.11309430748224258
classifier.0,2,42,59,0.09125995635986328
classifier.0,2,42,60,0.20636633038520813
classifier.0,2,42,61,0.04677267372608185
classifier.0,2,43,0,0.06808774173259735
classifier.0,2,43,1,0.09494467079639435
classifier.0,2,43,2,0.09439773112535477
classifier.0,2,43,3,0.25387197732925415
classifier.0,2,43,4,0.13423295319080353
classifier.0,2,43,5,0.07117071002721786
classifier.0,2,43,6,0.024508126080036163
classifier.0,2,43,7,0.07948733866214752
classifier.0,2,43,8,0.0772882029414177
classifier.0,2,43,9,0.1826067566871643
classifier.0,2,43,10,0.07320352643728256
classifier.0,2,43,11,0.04128243029117584
classifier.0,2,43,12,0.16866305470466614
classifier.0,2,43,13,0.2039482146501541
classifier.0,2,43,14,0.2052212953567505
classifier.0,2,43,15,0.030982717871665955
classifier.0,2,43,16,0.06220359727740288
classifier.0,2,43,17,0.01145140826702118
classifier.0,2,43,18,0.05004988610744476
classifier.0,2,43,19,0.12547257542610168
classifier.0,2,43,20,0.26512372493743896
classifier.0,2,43,21,0.2411024421453476
classifier.0,2,43,22,0.06732457876205444
classifier.0,2,43,23,0.18308418989181519
classifier.0,2,43,24,0.23473972082138062
classifier.0,2,43,25,0.2616887390613556
classifier.0,2,43,26,0.04196513444185257
classifier.0,2,43,27,0.0460255965590477
classifier.0,2,43,28,0.01570926606655121
classifier.0,2,43,29,0.19271735846996307
classifier.0,2,43,30,0.21687331795692444
classifier.0,2,43,31,0.10985223948955536
classifier.0,2,43,32,0.1834840625524521
classifier.0,2,43,33,0.16230328381061554
classifier.0,2,43,34,0.16747643053531647
classifier.0,2,43,35,0.10350681841373444
classifier.0,2,43,36,0.012048371136188507
classifier.0,2,43,37,0.22744274139404297
classifier.0,2,43,38,0.221714049577713
classifier.0,2,43,39,0.05849548429250717
classifier.0,2,43,40,0.5736804008483887
classifier.0,2,43,41,0.3554868698120117
classifier.0,2,43,42,0.008949436247348785
classifier.0,2,43,44,0.27803218364715576
classifier.0,2,43,45,0.2660868167877197
classifier.0,2,43,46,0.33507466316223145
classifier.0,2,43,47,0.07495299726724625
classifier.0,2,43,48,0.21197392046451569
classifier.0,2,43,49,0.08155861496925354
classifier.0,2,43,50,0.09156350791454315
classifier.0,2,43,51,0.0500335618853569
classifier.0,2,43,52,0.09358948469161987
classifier.0,2,43,53,0.0733039379119873
classifier.0,2,43,54,0.03201939910650253
classifier.0,2,43,55,0.10738479346036911
classifier.0,2,43,56,0.3708573579788208
classifier.0,2,43,57,0.17431747913360596
classifier.0,2,43,58,0.14825770258903503
classifier.0,2,43,59,0.02551848441362381
classifier.0,2,43,60,0.03281835839152336
classifier.0,2,43,61,0.1431703269481659
classifier.0,2,44,0,0.28345903754234314
classifier.0,2,44,1,0.15647479891777039
classifier.0,2,44,2,0.1719992458820343
classifier.0,2,44,3,0.1117839366197586
classifier.0,2,44,4,0.08491213619709015
classifier.0,2,44,5,0.20680472254753113
classifier.0,2,44,6,0.25949302315711975
classifier.0,2,44,7,0.12704584002494812
classifier.0,2,44,8,0.21182990074157715
classifier.0,2,44,9,0.02094319649040699
classifier.0,2,44,10,0.02441580593585968
classifier.0,2,44,11,0.15341147780418396
classifier.0,2,44,12,0.0296623632311821
classifier.0,2,44,13,0.06864654272794724
classifier.0,2,44,14,0.1602276861667633
classifier.0,2,44,15,0.012748012319207191
classifier.0,2,44,16,0.04763396456837654
classifier.0,2,44,17,0.2890404462814331
classifier.0,2,44,18,0.36145448684692383
classifier.0,2,44,19,0.14320087432861328
classifier.0,2,44,20,0.370074987411499
classifier.0,2,44,21,0.19846388697624207
classifier.0,2,44,22,0.2999430298805237
classifier.0,2,44,23,0.1665821373462677
classifier.0,2,44,24,0.3085811734199524
classifier.0,2,44,25,0.4654404819011688
classifier.0,2,44,26,0.038025982677936554
classifier.0,2,44,27,0.01782893016934395
classifier.0,2,44,28,0.27497807145118713
classifier.0,2,44,29,0.12448040395975113
classifier.0,2,44,30,0.3134279251098633
classifier.0,2,44,31,0.22495406866073608
classifier.0,2,44,32,0.17712122201919556
classifier.0,2,44,33,0.3733994662761688
classifier.0,2,44,34,0.5855302810668945
classifier.0,2,44,35,0.3595562279224396
classifier.0,2,44,36,0.2885582447052002
classifier.0,2,44,37,0.14407162368297577
classifier.0,2,44,38,0.3095649480819702
classifier.0,2,44,39,0.13661283254623413
classifier.0,2,44,40,0.12487431615591049
classifier.0,2,44,41,0.2504420280456543
classifier.0,2,44,42,0.024474846199154854
classifier.0,2,44,43,0.27803218364715576
classifier.0,2,44,45,0.4518965780735016
classifier.0,2,44,46,0.10420183092355728
classifier.0,2,44,47,0.3884817659854889
classifier.0,2,44,48,0.3551962971687317
classifier.0,2,44,49,0.22952324151992798
classifier.0,2,44,50,0.23477667570114136
classifier.0,2,44,51,0.34774231910705566
classifier.0,2,44,52,0.08013070374727249
classifier.0,2,44,53,0.2539912164211273
classifier.0,2,44,54,0.2165411114692688
classifier.0,2,44,55,0.2904711961746216
classifier.0,2,44,56,0.41443121433258057
classifier.0,2,44,57,0.28414100408554077
classifier.0,2,44,58,0.25320354104042053
classifier.0,2,44,59,0.4404796063899994
classifier.0,2,44,60,0.12406164407730103
classifier.0,2,44,61,0.10216078162193298
classifier.0,2,45,0,0.008157126605510712
classifier.0,2,45,1,0.15776948630809784
classifier.0,2,45,2,0.15685322880744934
classifier.0,2,45,3,0.37714362144470215
classifier.0,2,45,4,0.04464155063033104
classifier.0,2,45,5,0.11655431985855103
classifier.0,2,45,6,0.2325735092163086
classifier.0,2,45,7,0.15410888195037842
classifier.0,2,45,8,0.09809288382530212
classifier.0,2,45,9,0.016013028100132942
classifier.0,2,45,10,0.3613976240158081
classifier.0,2,45,11,0.11820130795240402
classifier.0,2,45,12,0.14867599308490753
classifier.0,2,45,13,0.02078820951282978
classifier.0,2,45,14,0.13503840565681458
classifier.0,2,45,15,0.054877348244190216
classifier.0,2,45,16,0.13575178384780884
classifier.0,2,45,17,0.2193780094385147
classifier.0,2,45,18,0.0823923721909523
classifier.0,2,45,19,0.22612228989601135
classifier.0,2,45,20,0.33475613594055176
classifier.0,2,45,21,0.06472941488027573
classifier.0,2,45,22,0.18436920642852783
classifier.0,2,45,23,0.1415693163871765
classifier.0,2,45,24,0.07317985594272614
classifier.0,2,45,25,0.32371556758880615
classifier.0,2,45,26,0.04055004566907883
classifier.0,2,45,27,0.4405239224433899
classifier.0,2,45,28,0.0560867115855217
classifier.0,2,45,29,0.2233610451221466
classifier.0,2,45,30,0.04779388755559921
classifier.0,2,45,31,0.023937813937664032
classifier.0,2,45,32,0.016714610159397125
classifier.0,2,45,33,0.11972293257713318
classifier.0,2,45,34,0.18873625993728638
classifier.0,2,45,35,0.17440597712993622
classifier.0,2,45,36,0.06327935308218002
classifier.0,2,45,37,0.007615700364112854
classifier.0,2,45,38,0.23124179244041443
classifier.0,2,45,39,0.034153569489717484
classifier.0,2,45,40,0.2799972891807556
classifier.0,2,45,41,0.09780673682689667
classifier.0,2,45,42,0.08857513219118118
classifier.0,2,45,43,0.2660868167877197
classifier.0,2,45,44,0.4518965780735016
classifier.0,2,45,46,0.004333615303039551
classifier.0,2,45,47,0.023356281220912933
classifier.0,2,45,48,0.09104205667972565
classifier.0,2,45,49,0.16181710362434387
classifier.0,2,45,50,0.0014752186834812164
classifier.0,2,45,51,0.012374237179756165
classifier.0,2,45,52,0.12596717476844788
classifier.0,2,45,53,0.30701592564582825
classifier.0,2,45,54,0.022129951044917107
classifier.0,2,45,55,0.16169214248657227
classifier.0,2,45,56,0.22702981531620026
classifier.0,2,45,57,0.27580779790878296
classifier.0,2,45,58,0.10436882823705673
classifier.0,2,45,59,0.028807714581489563
classifier.0,2,45,60,0.2864459455013275
classifier.0,2,45,61,0.04816647246479988
classifier.0,2,46,0,0.15904927253723145
classifier.0,2,46,1,0.13464245200157166
classifier.0,2,46,2,0.06968680024147034
classifier.0,2,46,3,0.18320617079734802
classifier.0,2,46,4,0.06954891979694366
classifier.0,2,46,5,0.0294777974486351
classifier.0,2,46,6,0.09660355746746063
classifier.0,2,46,7,0.17876218259334564
classifier.0,2,46,8,0.06933195888996124
classifier.0,2,46,9,0.22195987403392792
classifier.0,2,46,10,0.16718074679374695
classifier.0,2,46,11,0.04915141314268112
classifier.0,2,46,12,0.06772899627685547
classifier.0,2,46,13,0.13776633143424988
classifier.0,2,46,14,0.3956403136253357
classifier.0,2,46,15,0.20118623971939087
classifier.0,2,46,16,0.27777567505836487
classifier.0,2,46,17,0.11775557696819305
classifier.0,2,46,18,0.11017940193414688
classifier.0,2,46,19,0.3476839065551758
classifier.0,2,46,20,0.39732664823532104
classifier.0,2,46,21,0.380071759223938
classifier.0,2,46,22,0.2670478820800781
classifier.0,2,46,23,0.11619043350219727
classifier.0,2,46,24,0.04660709947347641
classifier.0,2,46,25,0.34218764305114746
classifier.0,2,46,26,0.007820535451173782
classifier.0,2,46,27,0.010113716125488281
classifier.0,2,46,28,0.03194255381822586
classifier.0,2,46,29,0.4014585614204407
classifier.0,2,46,30,0.024655085057020187
classifier.0,2,46,31,0.11905329674482346
classifier.0,2,46,32,0.16839933395385742
classifier.0,2,46,33,0.08424684405326843
classifier.0,2,46,34,0.22689741849899292
classifier.0,2,46,35,0.11498722434043884
classifier.0,2,46,36,0.14043565094470978
classifier.0,2,46,37,0.161451056599617
classifier.0,2,46,38,0.010045275092124939
classifier.0,2,46,39,0.2036193460226059
classifier.0,2,46,40,0.18154846131801605
classifier.0,2,46,41,0.3160792887210846
classifier.0,2,46,42,0.14731010794639587
classifier.0,2,46,43,0.33507466316223145
classifier.0,2,46,44,0.10420183092355728
classifier.0,2,46,45,0.004333615303039551
classifier.0,2,46,47,0.08999708294868469
classifier.0,2,46,48,0.2661246955394745
classifier.0,2,46,49,0.37547409534454346
classifier.0,2,46,50,0.03744363784790039
classifier.0,2,46,51,0.20589260756969452
classifier.0,2,46,52,0.16656394302845
classifier.0,2,46,53,0.23191720247268677
classifier.0,2,46,54,0.08602520823478699
classifier.0,2,46,55,0.31795552372932434
classifier.0,2,46,56,0.2075953483581543
classifier.0,2,46,57,0.13654135167598724
classifier.0,2,46,58,0.023674819618463516
classifier.0,2,46,59,0.09204542636871338
classifier.0,2,46,60,0.09055587649345398
classifier.0,2,46,61,0.07344478368759155
classifier.0,2,47,0,0.08674914389848709
classifier.0,2,47,1,0.6092400550842285
classifier.0,2,47,2,0.18726280331611633
classifier.0,2,47,3,0.15129131078720093
classifier.0,2,47,4,0.07871952652931213
classifier.0,2,47,5,0.0025711357593536377
classifier.0,2,47,6,0.24984920024871826
classifier.0,2,47,7,0.03757953643798828
classifier.0,2,47,8,0.24202841520309448
classifier.0,2,47,9,0.2659227252006531
classifier.0,2,47,10,0.06613563746213913
classifier.0,2,47,11,0.013563010841608047
classifier.0,2,47,12,0.04776167497038841
classifier.0,2,47,13,0.32180818915367126
classifier.0,2,47,14,0.05114646255970001
classifier.0,2,47,15,0.061501726508140564
classifier.0,2,47,16,0.1423380821943283
classifier.0,2,47,17,0.10055698454380035
classifier.0,2,47,18,0.2287069857120514
classifier.0,2,47,19,0.03589126840233803
classifier.0,2,47,20,0.06978781521320343
classifier.0,2,47,21,0.42719173431396484
classifier.0,2,47,22,0.0037509575486183167
classifier.0,2,47,23,0.1014699637889862
classifier.0,2,47,24,0.015675392001867294
classifier.0,2,47,25,0.30625051259994507
classifier.0,2,47,26,0.2557043731212616
classifier.0,2,47,27,0.06394229829311371
classifier.0,2,47,28,0.046076271682977676
classifier.0,2,47,29,0.03998496010899544
classifier.0,2,47,30,0.19901256263256073
classifier.0,2,47,31,0.09473782777786255
classifier.0,2,47,32,0.17665034532546997
classifier.0,2,47,33,0.32910436391830444
classifier.0,2,47,34,0.41986745595932007
classifier.0,2,47,35,0.051100119948387146
classifier.0,2,47,36,0.2730153799057007
classifier.0,2,47,37,0.2480490505695343
classifier.0,2,47,38,0.30162253975868225
classifier.0,2,47,39,0.020482365041971207
classifier.0,2,47,40,0.16490277647972107
classifier.0,2,47,41,0.026867495849728584
classifier.0,2,47,42,0.23311775922775269
classifier.0,2,47,43,0.07495299726724625
classifier.0,2,47,44,0.3884817659854889
classifier.0,2,47,45,0.023356281220912933
classifier.0,2,47,46,0.08999708294868469
classifier.0,2,47,48,0.09419411420822144
classifier.0,2,47,49,0.26293039321899414
classifier.0,2,47,50,0.10786083340644836
classifier.0,2,47,51,0.15528932213783264
classifier.0,2,47,52,0.16035786271095276
classifier.0,2,47,53,0.17662234604358673
classifier.0,2,47,54,0.1662636250257492
classifier.0,2,47,55,0.10267914086580276
classifier.0,2,47,56,0.2919436991214752
classifier.0,2,47,57,0.4133422374725342
classifier.0,2,47,58,0.09605947136878967
classifier.0,2,47,59,0.3193054795265198
classifier.0,2,47,60,0.24154065549373627
classifier.0,2,47,61,0.3290846347808838
classifier.0,2,48,0,0.005699627101421356
classifier.0,2,48,1,0.15971778333187103
classifier.0,2,48,2,0.24512255191802979
classifier.0,2,48,3,0.05120775103569031
classifier.0,2,48,4,0.16504749655723572
classifier.0,2,48,5,0.1881982386112213
classifier.0,2,48,6,0.2161901593208313
classifier.0,2,48,7,0.28577128052711487
classifier.0,2,48,8,0.025094499811530113
classifier.0,2,48,9,0.16815117001533508
classifier.0,2,48,10,0.13815894722938538
classifier.0,2,48,11,0.08506592363119125
classifier.0,2,48,12,0.12263571470975876
classifier.0,2,48,13,0.13389495015144348
classifier.0,2,48,14,0.4448103606700897
classifier.0,2,48,15,0.13850459456443787
classifier.0,2,48,16,0.09000328928232193
classifier.0,2,48,17,0.37877339124679565
classifier.0,2,48,18,0.29791486263275146
classifier.0,2,48,19,0.17586615681648254
classifier.0,2,48,20,0.07688237726688385
classifier.0,2,48,21,0.06304899603128433
classifier.0,2,48,22,0.5063830614089966
classifier.0,2,48,23,0.21452724933624268
classifier.0,2,48,24,0.10022224485874176
classifier.0,2,48,25,0.25479793548583984
classifier.0,2,48,26,0.03300752118229866
classifier.0,2,48,27,0.018839774653315544
classifier.0,2,48,28,0.1262679100036621
classifier.0,2,48,29,0.16389155387878418
classifier.0,2,48,30,0.23671752214431763
classifier.0,2,48,31,0.03247525542974472
classifier.0,2,48,32,0.018598457798361778
classifier.0,2,48,33,0.19176363945007324
classifier.0,2,48,34,0.31016096472740173
classifier.0,2,48,35,0.030221963301301003
classifier.0,2,48,36,0.1411575824022293
classifier.0,2,48,37,0.04310827702283859
classifier.0,2,48,38,0.04553339257836342
classifier.0,2,48,39,0.2760964632034302
classifier.0,2,48,40,0.07494036853313446
classifier.0,2,48,41,0.004138227552175522
classifier.0,2,48,42,0.22035306692123413
classifier.0,2,48,43,0.21197392046451569
classifier.0,2,48,44,0.3551962971687317
classifier.0,2,48,45,0.09104205667972565
classifier.0,2,48,46,0.2661246955394745
classifier.0,2,48,47,0.09419411420822144
classifier.0,2,48,49,0.12034353613853455
classifier.0,2,48,50,0.04993443191051483
classifier.0,2,48,51,0.21450716257095337
classifier.0,2,48,52,0.10840705037117004
classifier.0,2,48,53,0.2919446527957916
classifier.0,2,48,54,0.15543270111083984
classifier.0,2,48,55,0.21009749174118042
classifier.0,2,48,56,0.41333654522895813
classifier.0,2,48,57,0.24576392769813538
classifier.0,2,48,58,0.325680673122406
classifier.0,2,48,59,0.10262073576450348
classifier.0,2,48,60,0.09592422842979431
classifier.0,2,48,61,0.22531141340732574
classifier.0,2,49,0,0.09564697742462158
classifier.0,2,49,1,0.12028937041759491
classifier.0,2,49,2,0.007162008434534073
classifier.0,2,49,3,0.242739737033844
classifier.0,2,49,4,0.33581167459487915
classifier.0,2,49,5,0.1083565205335617
classifier.0,2,49,6,0.09772774577140808
classifier.0,2,49,7,0.03772663325071335
classifier.0,2,49,8,0.04433904588222504
classifier.0,2,49,9,0.25825560092926025
classifier.0,2,49,10,0.18171101808547974
classifier.0,2,49,11,0.06538058817386627
classifier.0,2,49,12,0.10494716465473175
classifier.0,2,49,13,0.17163249850273132
classifier.0,2,49,14,0.352230429649353
classifier.0,2,49,15,0.2294279932975769
classifier.0,2,49,16,0.15350115299224854
classifier.0,2,49,17,0.30754780769348145
classifier.0,2,49,18,0.08468367904424667
classifier.0,2,49,19,0.07758545875549316
classifier.0,2,49,20,0.11702229082584381
classifier.0,2,49,21,0.20027300715446472
classifier.0,2,49,22,0.24602538347244263
classifier.0,2,49,23,0.009523792192339897
classifier.0,2,49,24,0.1165628582239151
classifier.0,2,49,25,0.16172491014003754
classifier.0,2,49,26,0.30729615688323975
classifier.0,2,49,27,0.12209051847457886
classifier.0,2,49,28,0.05071898177266121
classifier.0,2,49,29,0.19957081973552704
classifier.0,2,49,30,0.007220402359962463
classifier.0,2,49,31,0.1719212830066681
classifier.0,2,49,32,0.32863253355026245
classifier.0,2,49,33,0.170443594455719
classifier.0,2,49,34,0.16645333170890808
classifier.0,2,49,35,0.10631366819143295
classifier.0,2,49,36,0.20179325342178345
classifier.0,2,49,37,0.07407712191343307
classifier.0,2,49,38,0.26920509338378906
classifier.0,2,49,39,0.3980752229690552
classifier.0,2,49,40,0.03758205845952034
classifier.0,2,49,41,0.21590527892112732
classifier.0,2,49,42,0.13725993037223816
classifier.0,2,49,43,0.08155861496925354
classifier.0,2,49,44,0.22952324151992798
classifier.0,2,49,45,0.16181710362434387
classifier.0,2,49,46,0.37547409534454346
classifier.0,2,49,47,0.26293039321899414
classifier.0,2,49,48,0.12034353613853455
classifier.0,2,49,50,0.34376001358032227
classifier.0,2,49,51,0.3652392327785492
classifier.0,2,49,52,0.10611692070960999
classifier.0,2,49,53,0.25055021047592163
classifier.0,2,49,54,0.41930702328681946
classifier.0,2,49,55,0.23223552107810974
classifier.0,2,49,56,0.365638792514801
classifier.0,2,49,57,0.419687956571579
classifier.0,2,49,58,0.27020591497421265
classifier.0,2,49,59,0.27413612604141235
classifier.0,2,49,60,0.37059882283210754
classifier.0,2,49,61,0.08541589230298996
classifier.0,2,50,0,0.5182040929794312
classifier.0,2,50,1,0.20144717395305634
classifier.0,2,50,2,0.20058749616146088
classifier.0,2,50,3,0.11428820341825485
classifier.0,2,50,4,0.016845475882291794
classifier.0,2,50,5,0.14199288189411163
classifier.0,2,50,6,0.2076086848974228
classifier.0,2,50,7,0.022201526910066605
classifier.0,2,50,8,0.22808516025543213
classifier.0,2,50,9,0.07471104711294174
classifier.0,2,50,10,0.07011044025421143
classifier.0,2,50,11,0.152127206325531
classifier.0,2,50,12,0.18654866516590118
classifier.0,2,50,13,0.0669877901673317
classifier.0,2,50,14,0.08415195345878601
classifier.0,2,50,15,0.1312749981880188
classifier.0,2,50,16,0.2130052149295807
classifier.0,2,50,17,0.08176413923501968
classifier.0,2,50,18,0.286996454000473
classifier.0,2,50,19,0.2773487865924835
classifier.0,2,50,20,0.022803302854299545
classifier.0,2,50,21,0.09189482033252716
classifier.0,2,50,22,0.133230522274971
classifier.0,2,50,23,0.19182583689689636
classifier.0,2,50,24,0.2587043046951294
classifier.0,2,50,25,0.30511075258255005
classifier.0,2,50,26,0.1799396574497223
classifier.0,2,50,27,0.1280912160873413
classifier.0,2,50,28,0.08078576624393463
classifier.0,2,50,29,0.01707819290459156
classifier.0,2,50,30,0.08673491328954697
classifier.0,2,50,31,0.4719005227088928
classifier.0,2,50,32,0.35477522015571594
classifier.0,2,50,33,0.3363981246948242
classifier.0,2,50,34,0.1303221434354782
classifier.0,2,50,35,0.037844665348529816
classifier.0,2,50,36,0.33585941791534424
classifier.0,2,50,37,0.028219103813171387
classifier.0,2,50,38,0.3826681673526764
classifier.0,2,50,39,0.3263496160507202
classifier.0,2,50,40,0.09834033250808716
classifier.0,2,50,41,0.0456203930079937
classifier.0,2,50,42,0.011393934488296509
classifier.0,2,50,43,0.09156350791454315
classifier.0,2,50,44,0.23477667570114136
classifier.0,2,50,45,0.0014752186834812164
classifier.0,2,50,46,0.03744363784790039
classifier.0,2,50,47,0.10786083340644836
classifier.0,2,50,48,0.04993443191051483
classifier.0,2,50,49,0.34376001358032227
classifier.0,2,50,51,0.36911189556121826
classifier.0,2,50,52,0.05820797383785248
classifier.0,2,50,53,0.3168019652366638
classifier.0,2,50,54,0.541960597038269
classifier.0,2,50,55,0.10053060948848724
classifier.0,2,50,56,0.5554424524307251
classifier.0,2,50,57,0.26885169744491577
classifier.0,2,50,58,0.4176832437515259
classifier.0,2,50,59,0.4671214818954468
classifier.0,2,50,60,0.15867915749549866
classifier.0,2,50,61,0.4055516719818115
classifier.0,2,51,0,0.3577831983566284
classifier.0,2,51,1,0.11014813184738159
classifier.0,2,51,2,0.1576973795890808
classifier.0,2,51,3,0.02600034512579441
classifier.0,2,51,4,0.05527126416563988
classifier.0,2,51,5,0.1964462697505951
classifier.0,2,51,6,0.029071670025587082
classifier.0,2,51,7,0.018084794282913208
classifier.0,2,51,8,0.07106226682662964
classifier.0,2,51,9,0.05524832010269165
classifier.0,2,51,10,0.04792797937989235
classifier.0,2,51,11,0.09232005476951599
classifier.0,2,51,12,0.15737834572792053
classifier.0,2,51,13,0.12022297084331512
classifier.0,2,51,14,0.028580784797668457
classifier.0,2,51,15,0.12489716708660126
classifier.0,2,51,16,0.15328055620193481
classifier.0,2,51,17,0.03515618294477463
classifier.0,2,51,18,0.18757390975952148
classifier.0,2,51,19,0.34337347745895386
classifier.0,2,51,20,0.33033663034439087
classifier.0,2,51,21,0.14021305739879608
classifier.0,2,51,22,0.15754622220993042
classifier.0,2,51,23,0.1099763959646225
classifier.0,2,51,24,0.37491583824157715
classifier.0,2,51,25,0.5814995765686035
classifier.0,2,51,26,0.1404399275779724
classifier.0,2,51,27,0.10221010446548462
classifier.0,2,51,28,0.19438976049423218
classifier.0,2,51,29,0.19621413946151733
classifier.0,2,51,30,0.034482747316360474
classifier.0,2,51,31,0.3160703182220459
classifier.0,2,51,32,0.32731932401657104
classifier.0,2,51,33,0.467904657125473
classifier.0,2,51,34,0.5120955109596252
classifier.0,2,51,35,0.28871291875839233
classifier.0,2,51,36,0.10259100049734116
classifier.0,2,51,37,0.009736858308315277
classifier.0,2,51,38,0.2660177946090698
classifier.0,2,51,39,0.3528040647506714
classifier.0,2,51,40,0.09396953880786896
classifier.0,2,51,41,0.22596882283687592
classifier.0,2,51,42,0.26370808482170105
classifier.0,2,51,43,0.0500335618853569
classifier.0,2,51,44,0.34774231910705566
classifier.0,2,51,45,0.012374237179756165
classifier.0,2,51,46,0.20589260756969452
classifier.0,2,51,47,0.15528932213783264
classifier.0,2,51,48,0.21450716257095337
classifier.0,2,51,49,0.3652392327785492
classifier.0,2,51,50,0.36911189556121826
classifier.0,2,51,52,0.14814645051956177
classifier.0,2,51,53,0.43405258655548096
classifier.0,2,51,54,0.2639700770378113
classifier.0,2,51,55,0.0767376720905304
classifier.0,2,51,56,0.4802630543708801
classifier.0,2,51,57,0.2658243775367737
classifier.0,2,51,58,0.4085701107978821
classifier.0,2,51,59,0.5635225772857666
classifier.0,2,51,60,0.24544399976730347
classifier.0,2,51,61,0.14243236184120178
classifier.0,2,52,0,0.03483514487743378
classifier.0,2,52,1,0.3324284553527832
classifier.0,2,52,2,0.09107301384210587
classifier.0,2,52,3,0.02474229410290718
classifier.0,2,52,4,0.01891481876373291
classifier.0,2,52,5,0.1864672601222992
classifier.0,2,52,6,0.21024185419082642
classifier.0,2,52,7,0.029738791286945343
classifier.0,2,52,8,0.1575809121131897
classifier.0,2,52,9,0.36995309591293335
classifier.0,2,52,10,0.018164893612265587
classifier.0,2,52,11,0.02313201129436493
classifier.0,2,52,12,0.19237756729125977
classifier.0,2,52,13,0.10154585540294647
classifier.0,2,52,14,0.07104836404323578
classifier.0,2,52,15,0.20135045051574707
classifier.0,2,52,16,0.014064854942262173
classifier.0,2,52,17,0.10007600486278534
classifier.0,2,52,18,0.22070647776126862
classifier.0,2,52,19,0.3421856462955475
classifier.0,2,52,20,0.004627276211977005
classifier.0,2,52,21,0.06939417123794556
classifier.0,2,52,22,0.12276972830295563
classifier.0,2,52,23,0.08910852670669556
classifier.0,2,52,24,0.1661030650138855
classifier.0,2,52,25,0.10971148312091827
classifier.0,2,52,26,0.09809599816799164
classifier.0,2,52,27,0.2872816324234009
classifier.0,2,52,28,0.06338180601596832
classifier.0,2,52,29,0.29299765825271606
classifier.0,2,52,30,0.018500126898288727
classifier.0,2,52,31,0.062523253262043
classifier.0,2,52,32,0.08975029736757278
classifier.0,2,52,33,0.19529429078102112
classifier.0,2,52,34,0.06827428191900253
classifier.0,2,52,35,0.03980881720781326
classifier.0,2,52,36,0.1168731153011322
classifier.0,2,52,37,0.23734791576862335
classifier.0,2,52,38,0.09941871464252472
classifier.0,2,52,39,0.14203202724456787
classifier.0,2,52,40,0.09511789679527283
classifier.0,2,52,41,0.2793117165565491
classifier.0,2,52,42,0.36660584807395935
classifier.0,2,52,43,0.09358948469161987
classifier.0,2,52,44,0.08013070374727249
classifier.0,2,52,45,0.12596717476844788
classifier.0,2,52,46,0.16656394302845
classifier.0,2,52,47,0.16035786271095276
classifier.0,2,52,48,0.10840705037117004
classifier.0,2,52,49,0.10611692070960999
classifier.0,2,52,50,0.05820797383785248
classifier.0,2,52,51,0.14814645051956177
classifier.0,2,52,53,0.16823160648345947
classifier.0,2,52,54,0.28342801332473755
classifier.0,2,52,55,0.19998176395893097
classifier.0,2,52,56,0.08669877052307129
classifier.0,2,52,57,0.0915716141462326
classifier.0,2,52,58,0.1306787133216858
classifier.0,2,52,59,0.0843847393989563
classifier.0,2,52,60,0.07655541598796844
classifier.0,2,52,61,0.06386131793260574
classifier.0,2,53,0,0.2502041459083557
classifier.0,2,53,1,0.002483743242919445
classifier.0,2,53,2,0.1306663304567337
classifier.0,2,53,3,0.22005458176136017
classifier.0,2,53,4,0.25283873081207275
classifier.0,2,53,5,0.2043742537498474
classifier.0,2,53,6,0.020706014707684517
classifier.0,2,53,7,0.23790010809898376
classifier.0,2,53,8,0.15180158615112305
classifier.0,2,53,9,0.12506386637687683
classifier.0,2,53,10,0.14459164440631866
classifier.0,2,53,11,0.0143071748316288
classifier.0,2,53,12,0.15353824198246002
classifier.0,2,53,13,0.04094534367322922
classifier.0,2,53,14,0.1150774136185646
classifier.0,2,53,15,0.035143446177244186
classifier.0,2,53,16,0.09029489755630493
classifier.0,2,53,17,0.08026865869760513
classifier.0,2,53,18,0.14779910445213318
classifier.0,2,53,19,0.3808017373085022
classifier.0,2,53,20,0.0008767172694206238
classifier.0,2,53,21,0.07637161016464233
classifier.0,2,53,22,0.28426724672317505
classifier.0,2,53,23,0.15300706028938293
classifier.0,2,53,24,0.28438252210617065
classifier.0,2,53,25,0.126663476228714
classifier.0,2,53,26,0.39267176389694214
classifier.0,2,53,27,0.2347436398267746
classifier.0,2,53,28,0.19614607095718384
classifier.0,2,53,29,0.03192206472158432
classifier.0,2,53,30,0.2476314902305603
classifier.0,2,53,31,0.020354466512799263
classifier.0,2,53,32,0.2075747400522232
classifier.0,2,53,33,0.31624317169189453
classifier.0,2,53,34,0.11099762469530106
classifier.0,2,53,35,0.06308824568986893
classifier.0,2,53,36,0.04751355201005936
classifier.0,2,53,37,0.06545679271221161
classifier.0,2,53,38,0.020465847104787827
classifier.0,2,53,39,0.3284413516521454
classifier.0,2,53,40,0.04596339166164398
classifier.0,2,53,41,0.10157087445259094
classifier.0,2,53,42,0.30233103036880493
classifier.0,2,53,43,0.0733039379119873
classifier.0,2,53,44,0.2539912164211273
classifier.0,2,53,45,0.30701592564582825
classifier.0,2,53,46,0.23191720247268677
classifier.0,2,53,47,0.17662234604358673
classifier.0,2,53,48,0.2919446527957916
classifier.0,2,53,49,0.25055021047592163
classifier.0,2,53,50,0.3168019652366638
classifier.0,2,53,51,0.43405258655548096
classifier.0,2,53,52,0.16823160648345947
classifier.0,2,53,54,0.10757286101579666
classifier.0,2,53,55,0.03137782961130142
classifier.0,2,53,56,0.24190253019332886
classifier.0,2,53,57,0.17474178969860077
classifier.0,2,53,58,0.19862885773181915
classifier.0,2,53,59,0.2850368320941925
classifier.0,2,53,60,0.08723405003547668
classifier.0,2,53,61,0.20698407292366028
classifier.0,2,54,0,0.3019493818283081
classifier.0,2,54,1,0.02881092205643654
classifier.0,2,54,2,0.09008881449699402
classifier.0,2,54,3,0.11387509107589722
classifier.0,2,54,4,0.012695372104644775
classifier.0,2,54,5,0.5882813334465027
classifier.0,2,54,6,0.1955743432044983
classifier.0,2,54,7,0.10738688707351685
classifier.0,2,54,8,0.13217023015022278
classifier.0,2,54,9,0.06710311025381088
classifier.0,2,54,10,0.12871021032333374
classifier.0,2,54,11,0.03567531704902649
classifier.0,2,54,12,0.1136280745267868
classifier.0,2,54,13,0.0019426383078098297
classifier.0,2,54,14,0.22936813533306122
classifier.0,2,54,15,0.36831527948379517
classifier.0,2,54,16,0.15250462293624878
classifier.0,2,54,17,0.1725853681564331
classifier.0,2,54,18,0.2069389522075653
classifier.0,2,54,19,0.11790731549263
classifier.0,2,54,20,0.18315300345420837
classifier.0,2,54,21,0.11137949675321579
classifier.0,2,54,22,0.17981132864952087
classifier.0,2,54,23,0.10252106934785843
classifier.0,2,54,24,0.12908993661403656
classifier.0,2,54,25,0.34396225214004517
classifier.0,2,54,26,0.22336652874946594
classifier.0,2,54,27,0.0865655243396759
classifier.0,2,54,28,0.488044798374176
classifier.0,2,54,29,0.18861547112464905
classifier.0,2,54,30,0.1699516773223877
classifier.0,2,54,31,0.5738061666488647
classifier.0,2,54,32,0.40650683641433716
classifier.0,2,54,33,0.23491215705871582
classifier.0,2,54,34,0.31654396653175354
classifier.0,2,54,35,0.19200479984283447
classifier.0,2,54,36,0.44838303327560425
classifier.0,2,54,37,0.0010954104363918304
classifier.0,2,54,38,0.3952140808105469
classifier.0,2,54,39,0.07518573105335236
classifier.0,2,54,40,0.018540551885962486
classifier.0,2,54,41,0.13444091379642487
classifier.0,2,54,42,0.33772534132003784
classifier.0,2,54,43,0.03201939910650253
classifier.0,2,54,44,0.2165411114692688
classifier.0,2,54,45,0.022129951044917107
classifier.0,2,54,46,0.08602520823478699
classifier.0,2,54,47,0.1662636250257492
classifier.0,2,54,48,0.15543270111083984
classifier.0,2,54,49,0.41930702328681946
classifier.0,2,54,50,0.541960597038269
classifier.0,2,54,51,0.2639700770378113
classifier.0,2,54,52,0.28342801332473755
classifier.0,2,54,53,0.10757286101579666
classifier.0,2,54,55,0.07331021875143051
classifier.0,2,54,56,0.3743382692337036
classifier.0,2,54,57,0.15485186874866486
classifier.0,2,54,58,0.279737651348114
classifier.0,2,54,59,0.36783885955810547
classifier.0,2,54,60,0.2296779751777649
classifier.0,2,54,61,0.12922656536102295
classifier.0,2,55,0,0.13596126437187195
classifier.0,2,55,1,0.018379269167780876
classifier.0,2,55,2,0.03063168376684189
classifier.0,2,55,3,0.011068329215049744
classifier.0,2,55,4,0.12860643863677979
classifier.0,2,55,5,0.028325287625193596
classifier.0,2,55,6,0.1656177043914795
classifier.0,2,55,7,0.0712336003780365
classifier.0,2,55,8,0.16795627772808075
classifier.0,2,55,9,0.21754974126815796
classifier.0,2,55,10,0.05402083694934845
classifier.0,2,55,11,0.16751866042613983
classifier.0,2,55,12,0.0330369658768177
classifier.0,2,55,13,0.2522966265678406
classifier.0,2,55,14,0.04414471238851547
classifier.0,2,55,15,0.07502304017543793
classifier.0,2,55,16,0.11145984381437302
classifier.0,2,55,17,0.43275168538093567
classifier.0,2,55,18,0.06984551250934601
classifier.0,2,55,19,0.0728195309638977
classifier.0,2,55,20,0.10164065659046173
classifier.0,2,55,21,0.23235014081001282
classifier.0,2,55,22,0.08008749783039093
classifier.0,2,55,23,0.03725229203701019
classifier.0,2,55,24,0.16633757948875427
classifier.0,2,55,25,0.006958363577723503
classifier.0,2,55,26,0.32181474566459656
classifier.0,2,55,27,0.23758575320243835
classifier.0,2,55,28,0.05288882553577423
classifier.0,2,55,29,0.5745407938957214
classifier.0,2,55,30,0.05784988030791283
classifier.0,2,55,31,0.03047439455986023
classifier.0,2,55,32,0.11995615065097809
classifier.0,2,55,33,0.09844564646482468
classifier.0,2,55,34,0.08508956432342529
classifier.0,2,55,35,0.006052687764167786
classifier.0,2,55,36,0.14351089298725128
classifier.0,2,55,37,0.17888426780700684
classifier.0,2,55,38,0.06963320076465607
classifier.0,2,55,39,0.3815954327583313
classifier.0,2,55,40,0.027748383581638336
classifier.0,2,55,41,0.043787404894828796
classifier.0,2,55,42,0.02492530085146427
classifier.0,2,55,43,0.10738479346036911
classifier.0,2,55,44,0.2904711961746216
classifier.0,2,55,45,0.16169214248657227
classifier.0,2,55,46,0.31795552372932434
classifier.0,2,55,47,0.10267914086580276
classifier.0,2,55,48,0.21009749174118042
classifier.0,2,55,49,0.23223552107810974
classifier.0,2,55,50,0.10053060948848724
classifier.0,2,55,51,0.0767376720905304
classifier.0,2,55,52,0.19998176395893097
classifier.0,2,55,53,0.03137782961130142
classifier.0,2,55,54,0.07331021875143051
classifier.0,2,55,56,0.15760868787765503
classifier.0,2,55,57,0.1963873952627182
classifier.0,2,55,58,0.08038955926895142
classifier.0,2,55,59,0.08975628018379211
classifier.0,2,55,60,0.2166176438331604
classifier.0,2,55,61,0.1594046801328659
classifier.0,2,56,0,0.2337474524974823
classifier.0,2,56,1,0.02581295371055603
classifier.0,2,56,2,0.11495701968669891
classifier.0,2,56,3,0.10225428640842438
classifier.0,2,56,4,0.0038709230720996857
classifier.0,2,56,5,0.07432190328836441
classifier.0,2,56,6,0.11671927571296692
classifier.0,2,56,7,0.03835909813642502
classifier.0,2,56,8,0.09246229380369186
classifier.0,2,56,9,0.0012539923191070557
classifier.0,2,56,10,0.19196338951587677
classifier.0,2,56,11,0.08013831079006195
classifier.0,2,56,12,0.027645807713270187
classifier.0,2,56,13,0.05455918610095978
classifier.0,2,56,14,0.09655805677175522
classifier.0,2,56,15,0.049770984798669815
classifier.0,2,56,16,0.039929695427417755
classifier.0,2,56,17,0.29524749517440796
classifier.0,2,56,18,0.2784794569015503
classifier.0,2,56,19,0.26146966218948364
classifier.0,2,56,20,0.14522509276866913
classifier.0,2,56,21,0.05785030871629715
classifier.0,2,56,22,0.0526716411113739
classifier.0,2,56,23,0.1726241558790207
classifier.0,2,56,24,0.06728389859199524
classifier.0,2,56,25,0.5786672830581665
classifier.0,2,56,26,0.09946192055940628
classifier.0,2,56,27,0.09964096546173096
classifier.0,2,56,28,0.06958343833684921
classifier.0,2,56,29,0.02791941910982132
classifier.0,2,56,30,0.32297974824905396
classifier.0,2,56,31,0.28987205028533936
classifier.0,2,56,32,0.24214684963226318
classifier.0,2,56,33,0.3143930435180664
classifier.0,2,56,34,0.4155887961387634
classifier.0,2,56,35,0.0868929848074913
classifier.0,2,56,36,0.19229723513126373
classifier.0,2,56,37,0.08000148832798004
classifier.0,2,56,38,0.4521130621433258
classifier.0,2,56,39,0.32406875491142273
classifier.0,2,56,40,0.18449996411800385
classifier.0,2,56,41,0.2614299952983856
classifier.0,2,56,42,0.03812190890312195
classifier.0,2,56,43,0.3708573579788208
classifier.0,2,56,44,0.41443121433258057
classifier.0,2,56,45,0.22702981531620026
classifier.0,2,56,46,0.2075953483581543
classifier.0,2,56,47,0.2919436991214752
classifier.0,2,56,48,0.41333654522895813
classifier.0,2,56,49,0.365638792514801
classifier.0,2,56,50,0.5554424524307251
classifier.0,2,56,51,0.4802630543708801
classifier.0,2,56,52,0.08669877052307129
classifier.0,2,56,53,0.24190253019332886
classifier.0,2,56,54,0.3743382692337036
classifier.0,2,56,55,0.15760868787765503
classifier.0,2,56,57,0.5004041194915771
classifier.0,2,56,58,0.39153987169265747
classifier.0,2,56,59,0.5499663352966309
classifier.0,2,56,60,0.35645413398742676
classifier.0,2,56,61,0.3215475082397461
classifier.0,2,57,0,0.15303608775138855
classifier.0,2,57,1,0.14352498948574066
classifier.0,2,57,2,0.2337316870689392
classifier.0,2,57,3,0.2530081868171692
classifier.0,2,57,4,0.16175301373004913
classifier.0,2,57,5,0.007103262469172478
classifier.0,2,57,6,0.23301583528518677
classifier.0,2,57,7,0.09502512216567993
classifier.0,2,57,8,0.1704222708940506
classifier.0,2,57,9,0.049112219363451004
classifier.0,2,57,10,0.40305888652801514
classifier.0,2,57,11,0.08375197649002075
classifier.0,2,57,12,0.06636477261781693
classifier.0,2,57,13,0.18048766255378723
classifier.0,2,57,14,0.18553076684474945
classifier.0,2,57,15,0.07259197533130646
classifier.0,2,57,16,0.14400433003902435
classifier.0,2,57,17,0.23882737755775452
classifier.0,2,57,18,0.208033949136734
classifier.0,2,57,19,0.07133469730615616
classifier.0,2,57,20,0.033171605318784714
classifier.0,2,57,21,0.3942658305168152
classifier.0,2,57,22,0.09499503672122955
classifier.0,2,57,23,0.21731403470039368
classifier.0,2,57,24,0.2396666258573532
classifier.0,2,57,25,0.3173021972179413
classifier.0,2,57,26,0.1488034874200821
classifier.0,2,57,27,0.21423298120498657
classifier.0,2,57,28,0.049900323152542114
classifier.0,2,57,29,0.14991480112075806
classifier.0,2,57,30,0.3043174147605896
classifier.0,2,57,31,0.1054827868938446
classifier.0,2,57,32,0.1370900720357895
classifier.0,2,57,33,0.41512250900268555
classifier.0,2,57,34,0.1956891417503357
classifier.0,2,57,35,0.050578951835632324
classifier.0,2,57,36,0.010679110884666443
classifier.0,2,57,37,0.12525896728038788
classifier.0,2,57,38,0.08130931854248047
classifier.0,2,57,39,0.243301123380661
classifier.0,2,57,40,0.16025002300739288
classifier.0,2,57,41,0.2368217408657074
classifier.0,2,57,42,0.08074621111154556
classifier.0,2,57,43,0.17431747913360596
classifier.0,2,57,44,0.28414100408554077
classifier.0,2,57,45,0.27580779790878296
classifier.0,2,57,46,0.13654135167598724
classifier.0,2,57,47,0.4133422374725342
classifier.0,2,57,48,0.24576392769813538
classifier.0,2,57,49,0.419687956571579
classifier.0,2,57,50,0.26885169744491577
classifier.0,2,57,51,0.2658243775367737
classifier.0,2,57,52,0.0915716141462326
classifier.0,2,57,53,0.17474178969860077
classifier.0,2,57,54,0.15485186874866486
classifier.0,2,57,55,0.1963873952627182
classifier.0,2,57,56,0.5004041194915771
classifier.0,2,57,58,0.3468583822250366
classifier.0,2,57,59,0.4161454141139984
classifier.0,2,57,60,0.47478070855140686
classifier.0,2,57,61,0.4064624607563019
classifier.0,2,58,0,0.45586097240448
classifier.0,2,58,1,0.27846136689186096
classifier.0,2,58,2,0.19089001417160034
classifier.0,2,58,3,0.10157030820846558
classifier.0,2,58,4,0.17456336319446564
classifier.0,2,58,5,0.10001574456691742
classifier.0,2,58,6,0.013663548976182938
classifier.0,2,58,7,0.19573858380317688
classifier.0,2,58,8,0.19849705696105957
classifier.0,2,58,9,0.1730639487504959
classifier.0,2,58,10,0.03653273731470108
classifier.0,2,58,11,0.03782219439744949
classifier.0,2,58,12,0.1618257462978363
classifier.0,2,58,13,0.1144438236951828
classifier.0,2,58,14,0.08243574947118759
classifier.0,2,58,15,0.09193578362464905
classifier.0,2,58,16,0.00900249183177948
classifier.0,2,58,17,0.13107728958129883
classifier.0,2,58,18,0.4240182042121887
classifier.0,2,58,19,0.12554261088371277
classifier.0,2,58,20,0.11596168577671051
classifier.0,2,58,21,0.1306406855583191
classifier.0,2,58,22,0.2224332094192505
classifier.0,2,58,23,0.13897472620010376
classifier.0,2,58,24,0.5236433148384094
classifier.0,2,58,25,0.31910237669944763
classifier.0,2,58,26,0.07372269034385681
classifier.0,2,58,27,0.16935467720031738
classifier.0,2,58,28,0.13477779924869537
classifier.0,2,58,29,0.0034141503274440765
classifier.0,2,58,30,0.1022544801235199
classifier.0,2,58,31,0.33935216069221497
classifier.0,2,58,32,0.7390401363372803
classifier.0,2,58,33,0.5671390295028687
classifier.0,2,58,34,0.3304232358932495
classifier.0,2,58,35,0.09391648322343826
classifier.0,2,58,36,0.17916393280029297
classifier.0,2,58,37,0.061118267476558685
classifier.0,2,58,38,0.09044154733419418
classifier.0,2,58,39,0.28794538974761963
classifier.0,2,58,40,0.2715398073196411
classifier.0,2,58,41,0.004059366881847382
classifier.0,2,58,42,0.11309430748224258
classifier.0,2,58,43,0.14825770258903503
classifier.0,2,58,44,0.25320354104042053
classifier.0,2,58,45,0.10436882823705673
classifier.0,2,58,46,0.023674819618463516
classifier.0,2,58,47,0.09605947136878967
classifier.0,2,58,48,0.325680673122406
classifier.0,2,58,49,0.27020591497421265
classifier.0,2,58,50,0.4176832437515259
classifier.0,2,58,51,0.4085701107978821
classifier.0,2,58,52,0.1306787133216858
classifier.0,2,58,53,0.19862885773181915
classifier.0,2,58,54,0.279737651348114
classifier.0,2,58,55,0.08038955926895142
classifier.0,2,58,56,0.39153987169265747
classifier.0,2,58,57,0.3468583822250366
classifier.0,2,58,59,0.44285428524017334
classifier.0,2,58,60,0.0973731279373169
classifier.0,2,58,61,0.3255363702774048
classifier.0,2,59,0,0.4818372428417206
classifier.0,2,59,1,0.01989852637052536
classifier.0,2,59,2,0.04506511241197586
classifier.0,2,59,3,0.062155477702617645
classifier.0,2,59,4,0.13004407286643982
classifier.0,2,59,5,0.22914566099643707
classifier.0,2,59,6,0.06835632026195526
classifier.0,2,59,7,0.009009547531604767
classifier.0,2,59,8,0.11408167332410812
classifier.0,2,59,9,0.05482924357056618
classifier.0,2,59,10,0.08507683128118515
classifier.0,2,59,11,0.17396044731140137
classifier.0,2,59,12,0.09720118343830109
classifier.0,2,59,13,0.08162126690149307
classifier.0,2,59,14,0.16695262491703033
classifier.0,2,59,15,0.10669590532779694
classifier.0,2,59,16,0.027688665315508842
classifier.0,2,59,17,0.26721101999282837
classifier.0,2,59,18,0.3382089138031006
classifier.0,2,59,19,0.09907738864421844
classifier.0,2,59,20,0.30307459831237793
classifier.0,2,59,21,0.009511884301900864
classifier.0,2,59,22,0.008241433650255203
classifier.0,2,59,23,0.01538197323679924
classifier.0,2,59,24,0.33333784341812134
classifier.0,2,59,25,0.5662223100662231
classifier.0,2,59,26,0.25868529081344604
classifier.0,2,59,27,0.0109410360455513
classifier.0,2,59,28,0.2346188724040985
classifier.0,2,59,29,0.06636884808540344
classifier.0,2,59,30,0.1735120564699173
classifier.0,2,59,31,0.23327703773975372
classifier.0,2,59,32,0.4809999465942383
classifier.0,2,59,33,0.6163080930709839
classifier.0,2,59,34,0.41006624698638916
classifier.0,2,59,35,0.12840057909488678
classifier.0,2,59,36,0.23292209208011627
classifier.0,2,59,37,0.0595211498439312
classifier.0,2,59,38,0.2537625730037689
classifier.0,2,59,39,0.271908164024353
classifier.0,2,59,40,0.026496874168515205
classifier.0,2,59,41,0.04576726630330086
classifier.0,2,59,42,0.09125995635986328
classifier.0,2,59,43,0.02551848441362381
classifier.0,2,59,44,0.4404796063899994
classifier.0,2,59,45,0.028807714581489563
classifier.0,2,59,46,0.09204542636871338
classifier.0,2,59,47,0.3193054795265198
classifier.0,2,59,48,0.10262073576450348
classifier.0,2,59,49,0.27413612604141235
classifier.0,2,59,50,0.4671214818954468
classifier.0,2,59,51,0.5635225772857666
classifier.0,2,59,52,0.0843847393989563
classifier.0,2,59,53,0.2850368320941925
classifier.0,2,59,54,0.36783885955810547
classifier.0,2,59,55,0.08975628018379211
classifier.0,2,59,56,0.5499663352966309
classifier.0,2,59,57,0.4161454141139984
classifier.0,2,59,58,0.44285428524017334
classifier.0,2,59,60,0.31304246187210083
classifier.0,2,59,61,0.42045092582702637
classifier.0,2,60,0,0.08304178714752197
classifier.0,2,60,1,0.20342254638671875
classifier.0,2,60,2,0.20177990198135376
classifier.0,2,60,3,0.2758500576019287
classifier.0,2,60,4,0.31816187500953674
classifier.0,2,60,5,0.06200159713625908
classifier.0,2,60,6,0.23206594586372375
classifier.0,2,60,7,0.04534652829170227
classifier.0,2,60,8,0.3369428515434265
classifier.0,2,60,9,0.00324881449341774
classifier.0,2,60,10,0.2556656002998352
classifier.0,2,60,11,0.10984786599874496
classifier.0,2,60,12,0.2593435049057007
classifier.0,2,60,13,0.21128937602043152
classifier.0,2,60,14,0.03463008627295494
classifier.0,2,60,15,0.22693689167499542
classifier.0,2,60,16,0.059279803186655045
classifier.0,2,60,17,0.11517287790775299
classifier.0,2,60,18,0.040574222803115845
classifier.0,2,60,19,0.09492051601409912
classifier.0,2,60,20,0.17077481746673584
classifier.0,2,60,21,0.17621169984340668
classifier.0,2,60,22,0.04149444401264191
classifier.0,2,60,23,0.34318387508392334
classifier.0,2,60,24,0.17081671953201294
classifier.0,2,60,25,0.48112595081329346
classifier.0,2,60,26,0.24197793006896973
classifier.0,2,60,27,0.20000898838043213
classifier.0,2,60,28,0.05815539136528969
classifier.0,2,60,29,0.09790021181106567
classifier.0,2,60,30,0.03534480184316635
classifier.0,2,60,31,0.1589457392692566
classifier.0,2,60,32,0.04829162731766701
classifier.0,2,60,33,0.004298616200685501
classifier.0,2,60,34,0.025126205757260323
classifier.0,2,60,35,0.09225571155548096
classifier.0,2,60,36,0.005906779319047928
classifier.0,2,60,37,0.3949829339981079
classifier.0,2,60,38,0.14832550287246704
classifier.0,2,60,39,0.12010971456766129
classifier.0,2,60,40,0.029267672449350357
classifier.0,2,60,41,0.19008933007717133
classifier.0,2,60,42,0.20636633038520813
classifier.0,2,60,43,0.03281835839152336
classifier.0,2,60,44,0.12406164407730103
classifier.0,2,60,45,0.2864459455013275
classifier.0,2,60,46,0.09055587649345398
classifier.0,2,60,47,0.24154065549373627
classifier.0,2,60,48,0.09592422842979431
classifier.0,2,60,49,0.37059882283210754
classifier.0,2,60,50,0.15867915749549866
classifier.0,2,60,51,0.24544399976730347
classifier.0,2,60,52,0.07655541598796844
classifier.0,2,60,53,0.08723405003547668
classifier.0,2,60,54,0.2296779751777649
classifier.0,2,60,55,0.2166176438331604
classifier.0,2,60,56,0.35645413398742676
classifier.0,2,60,57,0.47478070855140686
classifier.0,2,60,58,0.0973731279373169
classifier.0,2,60,59,0.31304246187210083
classifier.0,2,60,61,0.28819039463996887
classifier.0,2,61,0,0.2481526881456375
classifier.0,2,61,1,0.0878557562828064
classifier.0,2,61,2,0.7887794971466064
classifier.0,2,61,3,0.17343592643737793
classifier.0,2,61,4,0.01028774119913578
classifier.0,2,61,5,0.18914642930030823
classifier.0,2,61,6,0.006140385754406452
classifier.0,2,61,7,0.17524753510951996
classifier.0,2,61,8,0.10289578139781952
classifier.0,2,61,9,0.2189091444015503
classifier.0,2,61,10,0.1684177964925766
classifier.0,2,61,11,0.1350884884595871
classifier.0,2,61,12,0.11256051808595657
classifier.0,2,61,13,0.13400571048259735
classifier.0,2,61,14,0.33171597123146057
classifier.0,2,61,15,0.16429203748703003
classifier.0,2,61,16,0.08358343690633774
classifier.0,2,61,17,0.12312449514865875
classifier.0,2,61,18,0.22934317588806152
classifier.0,2,61,19,0.008688157424330711
classifier.0,2,61,20,0.21344050765037537
classifier.0,2,61,21,0.15443921089172363
classifier.0,2,61,22,0.008766863495111465
classifier.0,2,61,23,0.23527371883392334
classifier.0,2,61,24,0.1830594837665558
classifier.0,2,61,25,0.3290383815765381
classifier.0,2,61,26,0.3006754517555237
classifier.0,2,61,27,0.13863533735275269
classifier.0,2,61,28,0.19530972838401794
classifier.0,2,61,29,0.09507079422473907
classifier.0,2,61,30,0.2306423783302307
classifier.0,2,61,31,0.020715275779366493
classifier.0,2,61,32,0.1968337744474411
classifier.0,2,61,33,0.29424405097961426
classifier.0,2,61,34,0.051067981868982315
classifier.0,2,61,35,0.5463950037956238
classifier.0,2,61,36,0.00430089607834816
classifier.0,2,61,37,0.052778180688619614
classifier.0,2,61,38,0.09037800133228302
classifier.0,2,61,39,0.20687732100486755
classifier.0,2,61,40,0.07462750375270844
classifier.0,2,61,41,0.2584199905395508
classifier.0,2,61,42,0.04677267372608185
classifier.0,2,61,43,0.1431703269481659
classifier.0,2,61,44,0.10216078162193298
classifier.0,2,61,45,0.04816647246479988
classifier.0,2,61,46,0.07344478368759155
classifier.0,2,61,47,0.3290846347808838
classifier.0,2,61,48,0.22531141340732574
classifier.0,2,61,49,0.08541589230298996
classifier.0,2,61,50,0.4055516719818115
classifier.0,2,61,51,0.14243236184120178
classifier.0,2,61,52,0.06386131793260574
classifier.0,2,61,53,0.20698407292366028
classifier.0,2,61,54,0.12922656536102295
classifier.0,2,61,55,0.1594046801328659
classifier.0,2,61,56,0.3215475082397461
classifier.0,2,61,57,0.4064624607563019
classifier.0,2,61,58,0.3255363702774048
classifier.0,2,61,59,0.42045092582702637
classifier.0,2,61,60,0.28819039463996887
classifier.2,3,0,1,0.08793782442808151
classifier.2,3,0,2,0.010810159146785736
classifier.2,3,0,3,0.019864220172166824
classifier.2,3,0,4,0.08713939785957336
classifier.2,3,0,5,0.18390107154846191
classifier.2,3,0,6,0.05445297062397003
classifier.2,3,0,7,0.029338181018829346
classifier.2,3,0,8,0.0908767431974411
classifier.2,3,0,9,0.03989078104496002
classifier.2,3,0,10,0.005315646529197693
classifier.2,3,0,11,0.00854254886507988
classifier.2,3,0,12,0.20287549495697021
classifier.2,3,0,13,0.10416419804096222
classifier.2,3,0,14,0.01882012188434601
classifier.2,3,0,15,0.03967926278710365
classifier.2,3,0,16,0.11961030960083008
classifier.2,3,0,17,0.04451436549425125
classifier.2,3,0,18,0.13306429982185364
classifier.2,3,0,19,0.16154137253761292
classifier.2,3,0,20,0.16207270324230194
classifier.2,3,0,21,0.1559939980506897
classifier.2,3,0,22,0.03870835900306702
classifier.2,3,0,23,0.046851083636283875
classifier.2,3,0,24,0.9402929544448853
classifier.2,3,0,25,0.13790977001190186
classifier.2,3,0,26,0.004998654127120972
classifier.2,3,0,27,0.0193393025547266
classifier.2,3,0,28,0.18877337872982025
classifier.2,3,0,29,0.11981028318405151
classifier.2,3,0,30,0.05170741304755211
classifier.2,3,0,31,0.13984602689743042
classifier.2,3,0,32,0.3770866394042969
classifier.2,3,0,33,0.2564474940299988
classifier.2,3,0,34,0.019217105582356453
classifier.2,3,0,35,0.08052150160074234
classifier.2,3,0,36,0.07934944331645966
classifier.2,3,0,37,0.007683813571929932
classifier.2,3,0,38,0.08363915234804153
classifier.2,3,0,39,0.006590746343135834
classifier.2,3,0,40,0.2882961630821228
classifier.2,3,0,41,0.12550169229507446
classifier.2,3,0,42,0.11898006498813629
classifier.2,3,0,43,0.02719629742205143
classifier.2,3,0,44,0.19650579988956451
classifier.2,3,0,45,0.19755488634109497
classifier.2,3,0,46,0.13583379983901978
classifier.2,3,0,47,0.03073018789291382
classifier.2,3,0,48,0.07148849964141846
classifier.2,3,0,49,0.05003562569618225
classifier.2,3,0,50,0.41773414611816406
classifier.2,3,0,51,0.22854846715927124
classifier.2,3,0,52,0.02747984230518341
classifier.2,3,0,53,0.15857332944869995
classifier.2,3,0,54,0.05481378361582756
classifier.2,3,0,55,0.06615929305553436
classifier.2,3,0,56,0.015379238873720169
classifier.2,3,0,57,0.17091183364391327
classifier.2,3,0,58,0.4280243515968323
classifier.2,3,0,59,0.26706162095069885
classifier.2,3,0,60,0.10567233711481094
classifier.2,3,0,61,0.17993108928203583
classifier.2,3,1,0,0.08793782442808151
classifier.2,3,1,2,0.050465524196624756
classifier.2,3,1,3,0.07201264798641205
classifier.2,3,1,4,0.04839961975812912
classifier.2,3,1,5,0.014424426481127739
classifier.2,3,1,6,0.14201581478118896
classifier.2,3,1,7,0.12606364488601685
classifier.2,3,1,8,0.10859519243240356
classifier.2,3,1,9,0.07779861241579056
classifier.2,3,1,10,0.05808307230472565
classifier.2,3,1,11,0.019463082775473595
classifier.2,3,1,12,0.08611137419939041
classifier.2,3,1,13,0.1673187017440796
classifier.2,3,1,14,0.10208578407764435
classifier.2,3,1,15,0.014310970902442932
classifier.2,3,1,16,0.04010234400629997
classifier.2,3,1,17,0.04823244735598564
classifier.2,3,1,18,0.6524897217750549
classifier.2,3,1,19,0.12000510096549988
classifier.2,3,1,20,0.05651649087667465
classifier.2,3,1,21,0.1651911735534668
classifier.2,3,1,22,0.11215768754482269
classifier.2,3,1,23,0.09537047147750854
classifier.2,3,1,24,0.04745914041996002
classifier.2,3,1,25,0.04118528962135315
classifier.2,3,1,26,0.09873245656490326
classifier.2,3,1,27,0.07853548973798752
classifier.2,3,1,28,0.05104054883122444
classifier.2,3,1,29,0.01656101830303669
classifier.2,3,1,30,0.11308716237545013
classifier.2,3,1,31,0.09887049347162247
classifier.2,3,1,32,0.050260722637176514
classifier.2,3,1,33,0.03227652609348297
classifier.2,3,1,34,0.0743369311094284
classifier.2,3,1,35,0.018017787486314774
classifier.2,3,1,36,0.01323382556438446
classifier.2,3,1,37,0.1621413230895996
classifier.2,3,1,38,0.22610154747962952
classifier.2,3,1,39,0.07959788292646408
classifier.2,3,1,40,0.10367872565984726
classifier.2,3,1,41,0.0842503011226654
classifier.2,3,1,42,0.024750659242272377
classifier.2,3,1,43,0.030544884502887726
classifier.2,3,1,44,0.18886107206344604
classifier.2,3,1,45,0.036241888999938965
classifier.2,3,1,46,0.07545361667871475
classifier.2,3,1,47,0.7208295464515686
classifier.2,3,1,48,0.1014256477355957
classifier.2,3,1,49,0.07307268679141998
classifier.2,3,1,50,0.11244354397058487
classifier.2,3,1,51,0.011404376477003098
classifier.2,3,1,52,0.07916073501110077
classifier.2,3,1,53,0.017876138910651207
classifier.2,3,1,54,0.006113920360803604
classifier.2,3,1,55,0.019382882863283157
classifier.2,3,1,56,0.20059113204479218
classifier.2,3,1,57,0.19886530935764313
classifier.2,3,1,58,0.10081501305103302
classifier.2,3,1,59,0.02031438797712326
classifier.2,3,1,60,0.18222646415233612
classifier.2,3,1,61,0.11806248873472214
classifier.2,3,2,0,0.010810159146785736
classifier.2,3,2,1,0.050465524196624756
classifier.2,3,2,3,0.10072311013936996
classifier.2,3,2,4,0.018056407570838928
classifier.2,3,2,5,0.2095642387866974
classifier.2,3,2,6,0.07172483205795288
classifier.2,3,2,7,0.2055259346961975
classifier.2,3,2,8,0.048667848110198975
classifier.2,3,2,9,0.004874430596828461
classifier.2,3,2,10,0.021346475929021835
classifier.2,3,2,11,0.2838958501815796
classifier.2,3,2,12,0.04849592596292496
classifier.2,3,2,13,0.05124969035387039
classifier.2,3,2,14,0.2565340995788574
classifier.2,3,2,15,0.1510554999113083
classifier.2,3,2,16,0.13912034034729004
classifier.2,3,2,17,0.07898800075054169
classifier.2,3,2,18,0.31975317001342773
classifier.2,3,2,19,0.14481036365032196
classifier.2,3,2,20,0.3125925660133362
classifier.2,3,2,21,0.20454710721969604
classifier.2,3,2,22,0.12162557244300842
classifier.2,3,2,23,0.10847335308790207
classifier.2,3,2,24,0.006264261901378632
classifier.2,3,2,25,0.04685987904667854
classifier.2,3,2,26,0.1770356446504593
classifier.2,3,2,27,0.025197060778737068
classifier.2,3,2,28,0.2248985469341278
classifier.2,3,2,29,0.14678116142749786
classifier.2,3,2,30,0.13615569472312927
classifier.2,3,2,31,0.0360439233481884
classifier.2,3,2,32,0.11204882711172104
classifier.2,3,2,33,0.05143452435731888
classifier.2,3,2,34,0.0734448954463005
classifier.2,3,2,35,0.7729814648628235
classifier.2,3,2,36,0.13789992034435272
classifier.2,3,2,37,0.058034900575876236
classifier.2,3,2,38,0.09020508080720901
classifier.2,3,2,39,0.09706909954547882
classifier.2,3,2,40,0.06877013295888901
classifier.2,3,2,41,0.31478551030158997
classifier.2,3,2,42,0.02376883290708065
classifier.2,3,2,43,0.13509857654571533
classifier.2,3,2,44,0.053338922560214996
classifier.2,3,2,45,0.1474352777004242
classifier.2,3,2,46,0.1180826723575592
classifier.2,3,2,47,0.1842631697654724
classifier.2,3,2,48,0.2502344846725464
classifier.2,3,2,49,0.14812389016151428
classifier.2,3,2,50,0.13882434368133545
classifier.2,3,2,51,0.13400381803512573
classifier.2,3,2,52,0.023486442863941193
classifier.2,3,2,53,0.10634160786867142
classifier.2,3,2,54,0.031086545437574387
classifier.2,3,2,55,0.06015603244304657
classifier.2,3,2,56,0.04842820763587952
classifier.2,3,2,57,0.28118228912353516
classifier.2,3,2,58,0.16664017736911774
classifier.2,3,2,59,0.05017496645450592
classifier.2,3,2,60,0.10323121398687363
classifier.2,3,2,61,0.6845695972442627
classifier.2,3,3,0,0.019864220172166824
classifier.2,3,3,1,0.07201264798641205
classifier.2,3,3,2,0.10072311013936996
classifier.2,3,3,4,0.20537757873535156
classifier.2,3,3,5,0.062229108065366745
classifier.2,3,3,6,0.09879827499389648
classifier.2,3,3,7,0.1612202227115631
classifier.2,3,3,8,0.1566014438867569
classifier.2,3,3,9,0.1259164661169052
classifier.2,3,3,10,0.0849495679140091
classifier.2,3,3,11,0.2897549271583557
classifier.2,3,3,12,0.20142784714698792
classifier.2,3,3,13,0.06315557658672333
classifier.2,3,3,14,0.1517481654882431
classifier.2,3,3,15,0.08661708980798721
classifier.2,3,3,16,0.06700350344181061
classifier.2,3,3,17,0.05585848540067673
classifier.2,3,3,18,0.006006468087434769
classifier.2,3,3,19,0.11487019807100296
classifier.2,3,3,20,0.05454399436712265
classifier.2,3,3,21,0.05037078633904457
classifier.2,3,3,22,0.006853602826595306
classifier.2,3,3,23,0.03170038014650345
classifier.2,3,3,24,0.0023443251848220825
classifier.2,3,3,25,0.027666356414556503
classifier.2,3,3,26,0.11133016645908356
classifier.2,3,3,27,0.07253628224134445
classifier.2,3,3,28,0.14888237416744232
classifier.2,3,3,29,0.13555075228214264
classifier.2,3,3,30,0.12005144357681274
classifier.2,3,3,31,0.08305813372135162
classifier.2,3,3,32,0.16889411211013794
classifier.2,3,3,33,0.05332744121551514
classifier.2,3,3,34,0.02160579338669777
classifier.2,3,3,35,0.15618400275707245
classifier.2,3,3,36,0.0648513212800026
classifier.2,3,3,37,0.10199899971485138
classifier.2,3,3,38,0.31374263763427734
classifier.2,3,3,39,0.04480462893843651
classifier.2,3,3,40,0.04746012017130852
classifier.2,3,3,41,0.06735522300004959
classifier.2,3,3,42,0.05960801616311073
classifier.2,3,3,43,0.22836680710315704
classifier.2,3,3,44,0.011637397110462189
classifier.2,3,3,45,0.25204789638519287
classifier.2,3,3,46,0.0404316708445549
classifier.2,3,3,47,0.10367800295352936
classifier.2,3,3,48,0.0885087102651596
classifier.2,3,3,49,0.197662353515625
classifier.2,3,3,50,0.15563371777534485
classifier.2,3,3,51,0.01590583473443985
classifier.2,3,3,52,0.05515245348215103
classifier.2,3,3,53,0.1892596185207367
classifier.2,3,3,54,0.10309290885925293
classifier.2,3,3,55,0.007316169328987598
classifier.2,3,3,56,0.15996882319450378
classifier.2,3,3,57,0.22945699095726013
classifier.2,3,3,58,0.15601052343845367
classifier.2,3,3,59,0.038833972066640854
classifier.2,3,3,60,0.22646066546440125
classifier.2,3,3,61,0.13970723748207092
classifier.2,3,4,0,0.08713939785957336
classifier.2,3,4,1,0.04839961975812912
classifier.2,3,4,2,0.018056407570838928
classifier.2,3,4,3,0.20537757873535156
classifier.2,3,4,5,0.05077352374792099
classifier.2,3,4,6,0.22681540250778198
classifier.2,3,4,7,0.02921273745596409
classifier.2,3,4,8,0.11438475549221039
classifier.2,3,4,9,0.049839213490486145
classifier.2,3,4,10,0.0864998996257782
classifier.2,3,4,11,0.0852915570139885
classifier.2,3,4,12,0.12343177199363708
classifier.2,3,4,13,0.3035450279712677
classifier.2,3,4,14,0.06541406363248825
classifier.2,3,4,15,0.15742334723472595
classifier.2,3,4,16,0.023517943918704987
classifier.2,3,4,17,0.3037479519844055
classifier.2,3,4,18,0.017593879252672195
classifier.2,3,4,19,0.08993832767009735
classifier.2,3,4,20,0.020815303549170494
classifier.2,3,4,21,0.010604556649923325
classifier.2,3,4,22,0.01497010886669159
classifier.2,3,4,23,0.047823235392570496
classifier.2,3,4,24,0.1004846841096878
classifier.2,3,4,25,0.003663875162601471
classifier.2,3,4,26,0.14469237625598907
classifier.2,3,4,27,0.21890640258789062
classifier.2,3,4,28,0.016897225752472878
classifier.2,3,4,29,0.07006919384002686
classifier.2,3,4,30,0.17400017380714417
classifier.2,3,4,31,0.006577096879482269
classifier.2,3,4,32,0.15057162940502167
classifier.2,3,4,33,0.211397185921669
classifier.2,3,4,34,0.3040708899497986
classifier.2,3,4,35,0.122439444065094
classifier.2,3,4,36,0.01929067261517048
classifier.2,3,4,37,0.2507137656211853
classifier.2,3,4,38,0.06674604117870331
classifier.2,3,4,39,0.00943594891577959
classifier.2,3,4,40,0.015588724985718727
classifier.2,3,4,41,0.10384200513362885
classifier.2,3,4,42,0.03714033216238022
classifier.2,3,4,43,0.002326980233192444
classifier.2,3,4,44,0.06872424483299255
classifier.2,3,4,45,0.055862706154584885
classifier.2,3,4,46,0.09701944887638092
classifier.2,3,4,47,0.06171040236949921
classifier.2,3,4,48,0.005273078568279743
classifier.2,3,4,49,0.22177308797836304
classifier.2,3,4,50,0.02030624821782112
classifier.2,3,4,51,0.089781753718853
classifier.2,3,4,52,0.04940328001976013
classifier.2,3,4,53,0.2072986662387848
classifier.2,3,4,54,0.06305946409702301
classifier.2,3,4,55,0.02429356426000595
classifier.2,3,4,56,0.011643998324871063
classifier.2,3,4,57,0.11562338471412659
classifier.2,3,4,58,0.11083502322435379
classifier.2,3,4,59,0.14361783862113953
classifier.2,3,4,60,0.4003030061721802
classifier.2,3,4,61,0.033506155014038086
classifier.2,3,5,0,0.18390107154846191
classifier.2,3,5,1,0.014424426481127739
classifier.2,3,5,2,0.2095642387866974
classifier.2,3,5,3,0.062229108065366745
classifier.2,3,5,4,0.05077352374792099
classifier.2,3,5,6,0.05821997672319412
classifier.2,3,5,7,0.015606341883540154
classifier.2,3,5,8,0.004106979817152023
classifier.2,3,5,9,0.04630634933710098
classifier.2,3,5,10,0.2302737683057785
classifier.2,3,5,11,0.14975671470165253
classifier.2,3,5,12,0.031172312796115875
classifier.2,3,5,13,0.0937986820936203
classifier.2,3,5,14,0.1651119887828827
classifier.2,3,5,15,0.16435019671916962
classifier.2,3,5,16,0.14569008350372314
classifier.2,3,5,17,0.041368044912815094
classifier.2,3,5,18,0.005545206367969513
classifier.2,3,5,19,0.062064677476882935
classifier.2,3,5,20,0.1413011997938156
classifier.2,3,5,21,0.06980250775814056
classifier.2,3,5,22,0.1344667673110962
classifier.2,3,5,23,0.13809338212013245
classifier.2,3,5,24,0.11635274440050125
classifier.2,3,5,25,0.10515813529491425
classifier.2,3,5,26,0.03401610255241394
classifier.2,3,5,27,0.06970773637294769
classifier.2,3,5,28,0.9455243945121765
classifier.2,3,5,29,0.14554239809513092
classifier.2,3,5,30,0.040123000741004944
classifier.2,3,5,31,0.18356594443321228
classifier.2,3,5,32,0.07305559515953064
classifier.2,3,5,33,0.04254135489463806
classifier.2,3,5,34,0.119042307138443
classifier.2,3,5,35,0.257583349943161
classifier.2,3,5,36,0.1085447371006012
classifier.2,3,5,37,0.0022624097764492035
classifier.2,3,5,38,0.04029088467359543
classifier.2,3,5,39,0.02492302656173706
classifier.2,3,5,40,0.1048949807882309
classifier.2,3,5,41,0.2326677441596985
classifier.2,3,5,42,0.13068094849586487
classifier.2,3,5,43,0.07700107246637344
classifier.2,3,5,44,0.1289042830467224
classifier.2,3,5,45,0.062077127397060394
classifier.2,3,5,46,0.012764021754264832
classifier.2,3,5,47,0.01694425940513611
classifier.2,3,5,48,0.13057474792003632
classifier.2,3,5,49,0.07609956711530685
classifier.2,3,5,50,0.06338435411453247
classifier.2,3,5,51,0.1747775673866272
classifier.2,3,5,52,0.12244285643100739
classifier.2,3,5,53,0.1627563089132309
classifier.2,3,5,54,0.35614830255508423
classifier.2,3,5,55,0.03923925384879112
classifier.2,3,5,56,0.08396799862384796
classifier.2,3,5,57,0.10278826951980591
classifier.2,3,5,58,0.026830729097127914
classifier.2,3,5,59,0.14898772537708282
classifier.2,3,5,60,0.016460981220006943
classifier.2,3,5,61,0.01803523302078247
classifier.2,3,6,0,0.05445297062397003
classifier.2,3,6,1,0.14201581478118896
classifier.2,3,6,2,0.07172483205795288
classifier.2,3,6,3,0.09879827499389648
classifier.2,3,6,4,0.22681540250778198
classifier.2,3,6,5,0.05821997672319412
classifier.2,3,6,7,0.024424277245998383
classifier.2,3,6,8,0.07546117901802063
classifier.2,3,6,9,0.22941122949123383
classifier.2,3,6,10,0.32172492146492004
classifier.2,3,6,11,0.1322890669107437
classifier.2,3,6,12,0.0786743015050888
classifier.2,3,6,13,0.34085559844970703
classifier.2,3,6,14,0.03921442851424217
classifier.2,3,6,15,0.0151912160217762
classifier.2,3,6,16,0.35381102561950684
classifier.2,3,6,17,0.13321362435817719
classifier.2,3,6,18,0.002260148525238037
classifier.2,3,6,19,0.10334830731153488
classifier.2,3,6,20,0.14544418454170227
classifier.2,3,6,21,0.22547878324985504
classifier.2,3,6,22,0.12758396565914154
classifier.2,3,6,23,0.005758881568908691
classifier.2,3,6,24,0.00032947957515716553
classifier.2,3,6,25,0.1275661289691925
classifier.2,3,6,26,0.12620855867862701
classifier.2,3,6,27,0.020530520007014275
classifier.2,3,6,28,0.014250103384256363
classifier.2,3,6,29,0.005852894391864538
classifier.2,3,6,30,0.18850554525852203
classifier.2,3,6,31,0.23283809423446655
classifier.2,3,6,32,0.03292214870452881
classifier.2,3,6,33,0.21023604273796082
classifier.2,3,6,34,0.25933635234832764
classifier.2,3,6,35,0.16124585270881653
classifier.2,3,6,36,0.03154030814766884
classifier.2,3,6,37,0.8191196322441101
classifier.2,3,6,38,0.02981356345117092
classifier.2,3,6,39,0.11378243565559387
classifier.2,3,6,40,0.08981847763061523
classifier.2,3,6,41,0.21682219207286835
classifier.2,3,6,42,0.07353357970714569
classifier.2,3,6,43,0.004406794905662537
classifier.2,3,6,44,0.166426420211792
classifier.2,3,6,45,0.12861773371696472
classifier.2,3,6,46,0.06576282531023026
classifier.2,3,6,47,0.24908199906349182
classifier.2,3,6,48,0.055339302867650986
classifier.2,3,6,49,0.04258951544761658
classifier.2,3,6,50,0.08187331259250641
classifier.2,3,6,51,0.0032535428181290627
classifier.2,3,6,52,0.2514263391494751
classifier.2,3,6,53,0.054064683616161346
classifier.2,3,6,54,0.08612608164548874
classifier.2,3,6,55,0.14043724536895752
classifier.2,3,6,56,0.157906174659729
classifier.2,3,6,57,0.17192043364048004
classifier.2,3,6,58,0.07725256681442261
classifier.2,3,6,59,0.05065005645155907
classifier.2,3,6,60,0.2657652795314789
classifier.2,3,6,61,0.006335793063044548
classifier.2,3,7,0,0.029338181018829346
classifier.2,3,7,1,0.12606364488601685
classifier.2,3,7,2,0.2055259346961975
classifier.2,3,7,3,0.1612202227115631
classifier.2,3,7,4,0.02921273745596409
classifier.2,3,7,5,0.015606341883540154
classifier.2,3,7,6,0.024424277245998383
classifier.2,3,7,8,0.10667920112609863
classifier.2,3,7,9,0.09216886758804321
classifier.2,3,7,10,0.061844807118177414
classifier.2,3,7,11,0.0025685541331768036
classifier.2,3,7,12,0.10316023230552673
classifier.2,3,7,13,0.02884426712989807
classifier.2,3,7,14,0.1193266212940216
classifier.2,3,7,15,0.09003418684005737
classifier.2,3,7,16,0.2749288082122803
classifier.2,3,7,17,0.006185971200466156
classifier.2,3,7,18,0.16844019293785095
classifier.2,3,7,19,0.01000099815428257
classifier.2,3,7,20,0.10018415749073029
classifier.2,3,7,21,0.018482297658920288
classifier.2,3,7,22,0.30027902126312256
classifier.2,3,7,23,0.08648745715618134
classifier.2,3,7,24,0.03286163508892059
classifier.2,3,7,25,0.03812671825289726
classifier.2,3,7,26,0.08880096673965454
classifier.2,3,7,27,0.014288648962974548
classifier.2,3,7,28,0.08802878856658936
classifier.2,3,7,29,0.07735948264598846
classifier.2,3,7,30,0.005715649574995041
classifier.2,3,7,31,0.006677247583866119
classifier.2,3,7,32,0.10513383150100708
classifier.2,3,7,33,0.03151141107082367
classifier.2,3,7,34,0.06610309332609177
classifier.2,3,7,35,0.031014729291200638
classifier.2,3,7,36,0.015089428052306175
classifier.2,3,7,37,0.1359303593635559
classifier.2,3,7,38,0.1767721325159073
classifier.2,3,7,39,0.0450001135468483
classifier.2,3,7,40,0.24291156232357025
classifier.2,3,7,41,0.11248470097780228
classifier.2,3,7,42,0.1000182181596756
classifier.2,3,7,43,0.004870221018791199
classifier.2,3,7,44,0.08274593949317932
classifier.2,3,7,45,0.17127421498298645
classifier.2,3,7,46,0.11125405132770538
classifier.2,3,7,47,0.027383122593164444
classifier.2,3,7,48,0.2516835331916809
classifier.2,3,7,49,0.013137906789779663
classifier.2,3,7,50,0.08256451785564423
classifier.2,3,7,51,0.06545211374759674
classifier.2,3,7,52,0.01867743581533432
classifier.2,3,7,53,0.08843545615673065
classifier.2,3,7,54,0.09937551617622375
classifier.2,3,7,55,0.1730973720550537
classifier.2,3,7,56,0.0044507961720228195
classifier.2,3,7,57,0.002294972538948059
classifier.2,3,7,58,0.20017486810684204
classifier.2,3,7,59,0.033869169652462006
classifier.2,3,7,60,0.04910285770893097
classifier.2,3,7,61,0.12893307209014893
classifier.2,3,8,0,0.0908767431974411
classifier.2,3,8,1,0.10859519243240356
classifier.2,3,8,2,0.048667848110198975
classifier.2,3,8,3,0.1566014438867569
classifier.2,3,8,4,0.11438475549221039
classifier.2,3,8,5,0.004106979817152023
classifier.2,3,8,6,0.07546117901802063
classifier.2,3,8,7,0.10667920112609863
classifier.2,3,8,9,0.1286589503288269
classifier.2,3,8,10,0.05806422978639603
classifier.2,3,8,11,0.3618333339691162
classifier.2,3,8,12,0.08402132987976074
classifier.2,3,8,13,0.03438352420926094
classifier.2,3,8,14,0.07698283344507217
classifier.2,3,8,15,0.06062442064285278
classifier.2,3,8,16,0.1297542303800583
classifier.2,3,8,17,0.10941779613494873
classifier.2,3,8,18,0.11725237220525742
classifier.2,3,8,19,0.03940488398075104
classifier.2,3,8,20,0.11581890285015106
classifier.2,3,8,21,0.32967060804367065
classifier.2,3,8,22,0.09283679723739624
classifier.2,3,8,23,0.11485213041305542
classifier.2,3,8,24,0.0630665123462677
classifier.2,3,8,25,0.16952192783355713
classifier.2,3,8,26,0.11629238724708557
classifier.2,3,8,27,0.04331846162676811
classifier.2,3,8,28,0.03459890931844711
classifier.2,3,8,29,0.025381825864315033
classifier.2,3,8,30,0.15105324983596802
classifier.2,3,8,31,0.3328985869884491
classifier.2,3,8,32,0.20387405157089233
classifier.2,3,8,33,0.09319014847278595
classifier.2,3,8,34,0.04703184962272644
classifier.2,3,8,35,0.137438103556633
classifier.2,3,8,36,0.07488566637039185
classifier.2,3,8,37,0.03394833207130432
classifier.2,3,8,38,0.1912638247013092
classifier.2,3,8,39,0.017321469262242317
classifier.2,3,8,40,0.08762727677822113
classifier.2,3,8,41,0.06795244663953781
classifier.2,3,8,42,0.08402609825134277
classifier.2,3,8,43,0.04526815563440323
classifier.2,3,8,44,0.1236833930015564
classifier.2,3,8,45,0.16622595489025116
classifier.2,3,8,46,0.0806802436709404
classifier.2,3,8,47,0.060106534510850906
classifier.2,3,8,48,0.010581906884908676
classifier.2,3,8,49,0.04836359620094299
classifier.2,3,8,50,0.29414689540863037
classifier.2,3,8,51,0.02879156917333603
classifier.2,3,8,52,0.012182513251900673
classifier.2,3,8,53,0.16673198342323303
classifier.2,3,8,54,0.18717806041240692
classifier.2,3,8,55,0.09542985260486603
classifier.2,3,8,56,0.10003910958766937
classifier.2,3,8,57,0.05752122029662132
classifier.2,3,8,58,0.1977156102657318
classifier.2,3,8,59,0.04401879757642746
classifier.2,3,8,60,0.2022130787372589
classifier.2,3,8,61,0.056788068264722824
classifier.2,3,9,0,0.03989078104496002
classifier.2,3,9,1,0.07779861241579056
classifier.2,3,9,2,0.004874430596828461
classifier.2,3,9,3,0.1259164661169052
classifier.2,3,9,4,0.049839213490486145
classifier.2,3,9,5,0.04630634933710098
classifier.2,3,9,6,0.22941122949123383
classifier.2,3,9,7,0.09216886758804321
classifier.2,3,9,8,0.1286589503288269
classifier.2,3,9,10,0.031778719276189804
classifier.2,3,9,11,0.12816736102104187
classifier.2,3,9,12,0.10429087281227112
classifier.2,3,9,13,0.11542582511901855
classifier.2,3,9,14,0.09901520609855652
classifier.2,3,9,15,0.09685182571411133
classifier.2,3,9,16,0.12695008516311646
classifier.2,3,9,17,0.0485474169254303
classifier.2,3,9,18,0.08065856993198395
classifier.2,3,9,19,0.08427965641021729
classifier.2,3,9,20,0.11572805792093277
classifier.2,3,9,21,0.08435315638780594
classifier.2,3,9,22,0.00799606740474701
classifier.2,3,9,23,0.21853259205818176
classifier.2,3,9,24,0.05953078716993332
classifier.2,3,9,25,0.14218629896640778
classifier.2,3,9,26,0.027623940259218216
classifier.2,3,9,27,0.09834109246730804
classifier.2,3,9,28,0.001138433814048767
classifier.2,3,9,29,0.20684875547885895
classifier.2,3,9,30,0.016101935878396034
classifier.2,3,9,31,0.0305388905107975
classifier.2,3,9,32,0.14053881168365479
classifier.2,3,9,33,0.013101056218147278
classifier.2,3,9,34,0.1348225474357605
classifier.2,3,9,35,0.026694346219301224
classifier.2,3,9,36,0.09537483751773834
classifier.2,3,9,37,0.13850389420986176
classifier.2,3,9,38,0.20011398196220398
classifier.2,3,9,39,0.3541772961616516
classifier.2,3,9,40,0.10795582830905914
classifier.2,3,9,41,0.03896983340382576
classifier.2,3,9,42,0.47629570960998535
classifier.2,3,9,43,0.18477018177509308
classifier.2,3,9,44,0.006672760471701622
classifier.2,3,9,45,0.051365725696086884
classifier.2,3,9,46,0.027777481824159622
classifier.2,3,9,47,0.2164309024810791
classifier.2,3,9,48,0.11417422443628311
classifier.2,3,9,49,0.1393340826034546
classifier.2,3,9,50,0.04701574146747589
classifier.2,3,9,51,0.011505693197250366
classifier.2,3,9,52,0.4988512396812439
classifier.2,3,9,53,0.0505945086479187
classifier.2,3,9,54,0.06547962129116058
classifier.2,3,9,55,0.12144047766923904
classifier.2,3,9,56,0.005021505057811737
classifier.2,3,9,57,0.019368499517440796
classifier.2,3,9,58,0.1632048487663269
classifier.2,3,9,59,0.10908743739128113
classifier.2,3,9,60,0.06393026560544968
classifier.2,3,9,61,0.14058555662631989
classifier.2,3,10,0,0.005315646529197693
classifier.2,3,10,1,0.05808307230472565
classifier.2,3,10,2,0.021346475929021835
classifier.2,3,10,3,0.0849495679140091
classifier.2,3,10,4,0.0864998996257782
classifier.2,3,10,5,0.2302737683057785
classifier.2,3,10,6,0.32172492146492004
classifier.2,3,10,7,0.061844807118177414
classifier.2,3,10,8,0.05806422978639603
classifier.2,3,10,9,0.031778719276189804
classifier.2,3,10,11,0.11612312495708466
classifier.2,3,10,12,0.13403165340423584
classifier.2,3,10,13,0.06478022783994675
classifier.2,3,10,14,0.028864646330475807
classifier.2,3,10,15,0.0937330424785614
classifier.2,3,10,16,0.40200573205947876
classifier.2,3,10,17,0.0047169029712677
classifier.2,3,10,18,0.07653307914733887
classifier.2,3,10,19,0.0760868638753891
classifier.2,3,10,20,0.12088222056627274
classifier.2,3,10,21,0.06970448046922684
classifier.2,3,10,22,0.18431779742240906
classifier.2,3,10,23,0.09850113093852997
classifier.2,3,10,24,0.03126639127731323
classifier.2,3,10,25,0.08601098507642746
classifier.2,3,10,26,0.038939736783504486
classifier.2,3,10,27,0.03512352705001831
classifier.2,3,10,28,0.22912102937698364
classifier.2,3,10,29,0.031422264873981476
classifier.2,3,10,30,0.01637161150574684
classifier.2,3,10,31,0.2647068202495575
classifier.2,3,10,32,0.00573040172457695
classifier.2,3,10,33,0.029601138085126877
classifier.2,3,10,34,0.0951155424118042
classifier.2,3,10,35,0.051717519760131836
classifier.2,3,10,36,0.13357186317443848
classifier.2,3,10,37,0.1917487531900406
classifier.2,3,10,38,0.15075764060020447
classifier.2,3,10,39,0.028978999704122543
classifier.2,3,10,40,0.023394178599119186
classifier.2,3,10,41,0.056156206876039505
classifier.2,3,10,42,0.15757429599761963
classifier.2,3,10,43,0.03305106237530708
classifier.2,3,10,44,0.01613388955593109
classifier.2,3,10,45,0.09938796609640121
classifier.2,3,10,46,0.04070088267326355
classifier.2,3,10,47,0.012120284140110016
classifier.2,3,10,48,0.0750163123011589
classifier.2,3,10,49,0.15884967148303986
classifier.2,3,10,50,0.06568612158298492
classifier.2,3,10,51,0.007019735872745514
classifier.2,3,10,52,0.09893535822629929
classifier.2,3,10,53,0.0741577222943306
classifier.2,3,10,54,0.014990881085395813
classifier.2,3,10,55,0.0034842882305383682
classifier.2,3,10,56,0.16178745031356812
classifier.2,3,10,57,0.2726547122001648
classifier.2,3,10,58,0.015558436512947083
classifier.2,3,10,59,0.08132881671190262
classifier.2,3,10,60,0.12583933770656586
classifier.2,3,10,61,0.06668425351381302
classifier.2,3,11,0,0.00854254886507988
classifier.2,3,11,1,0.019463082775473595
classifier.2,3,11,2,0.2838958501815796
classifier.2,3,11,3,0.2897549271583557
classifier.2,3,11,4,0.0852915570139885
classifier.2,3,11,5,0.14975671470165253
classifier.2,3,11,6,0.1322890669107437
classifier.2,3,11,7,0.0025685541331768036
classifier.2,3,11,8,0.3618333339691162
classifier.2,3,11,9,0.12816736102104187
classifier.2,3,11,10,0.11612312495708466
classifier.2,3,11,12,0.13996180891990662
classifier.2,3,11,13,0.20650209486484528
classifier.2,3,11,14,0.1460559070110321
classifier.2,3,11,15,0.02578068897128105
classifier.2,3,11,16,0.1320701539516449
classifier.2,3,11,17,0.11682508140802383
classifier.2,3,11,18,0.03210989013314247
classifier.2,3,11,19,0.004340659826993942
classifier.2,3,11,20,0.27864909172058105
classifier.2,3,11,21,0.18743449449539185
classifier.2,3,11,22,0.1995392143726349
classifier.2,3,11,23,0.11906908452510834
classifier.2,3,11,24,0.03347157686948776
classifier.2,3,11,25,0.0067265331745147705
classifier.2,3,11,26,0.046293966472148895
classifier.2,3,11,27,0.21869316697120667
classifier.2,3,11,28,0.16517676413059235
classifier.2,3,11,29,0.10105906426906586
classifier.2,3,11,30,0.027113202959299088
classifier.2,3,11,31,0.15762311220169067
classifier.2,3,11,32,0.05727148801088333
classifier.2,3,11,33,0.09147173911333084
classifier.2,3,11,34,0.0383661687374115
classifier.2,3,11,35,0.3522743582725525
classifier.2,3,11,36,0.029268383979797363
classifier.2,3,11,37,0.11584145575761795
classifier.2,3,11,38,0.24460984766483307
classifier.2,3,11,39,0.13155487179756165
classifier.2,3,11,40,0.027081400156021118
classifier.2,3,11,41,0.00912037119269371
classifier.2,3,11,42,0.07086911797523499
classifier.2,3,11,43,0.09724035859107971
classifier.2,3,11,44,0.06703059375286102
classifier.2,3,11,45,0.03649234026670456
classifier.2,3,11,46,0.07304456830024719
classifier.2,3,11,47,0.1144988089799881
classifier.2,3,11,48,0.1098371148109436
classifier.2,3,11,49,0.008626073598861694
classifier.2,3,11,50,0.11897329241037369
classifier.2,3,11,51,0.08245328813791275
classifier.2,3,11,52,0.015175173059105873
classifier.2,3,11,53,0.04138032719492912
classifier.2,3,11,54,0.05623745173215866
classifier.2,3,11,55,0.10972554981708527
classifier.2,3,11,56,0.03270427882671356
classifier.2,3,11,57,0.03136269748210907
classifier.2,3,11,58,0.052570194005966187
classifier.2,3,11,59,0.14963538944721222
classifier.2,3,11,60,0.10758976638317108
classifier.2,3,11,61,0.09873458743095398
classifier.2,3,12,0,0.20287549495697021
classifier.2,3,12,1,0.08611137419939041
classifier.2,3,12,2,0.04849592596292496
classifier.2,3,12,3,0.20142784714698792
classifier.2,3,12,4,0.12343177199363708
classifier.2,3,12,5,0.031172312796115875
classifier.2,3,12,6,0.0786743015050888
classifier.2,3,12,7,0.10316023230552673
classifier.2,3,12,8,0.08402132987976074
classifier.2,3,12,9,0.10429087281227112
classifier.2,3,12,10,0.13403165340423584
classifier.2,3,12,11,0.13996180891990662
classifier.2,3,12,13,0.07371490448713303
classifier.2,3,12,14,0.0022401437163352966
classifier.2,3,12,15,0.13844455778598785
classifier.2,3,12,16,0.030080292373895645
classifier.2,3,12,17,0.04849392920732498
classifier.2,3,12,18,0.06353135406970978
classifier.2,3,12,19,0.25775012373924255
classifier.2,3,12,20,0.10119037330150604
classifier.2,3,12,21,0.12665492296218872
classifier.2,3,12,22,0.01838286593556404
classifier.2,3,12,23,0.046261925250291824
classifier.2,3,12,24,0.14144758880138397
classifier.2,3,12,25,0.1861901581287384
classifier.2,3,12,26,0.20194314420223236
classifier.2,3,12,27,0.11687001585960388
classifier.2,3,12,28,0.0012127794325351715
classifier.2,3,12,29,0.09053091704845428
classifier.2,3,12,30,0.19855085015296936
classifier.2,3,12,31,0.16728834807872772
classifier.2,3,12,32,0.08362697064876556
classifier.2,3,12,33,0.049059174954891205
classifier.2,3,12,34,0.2776997685432434
classifier.2,3,12,35,0.0980239063501358
classifier.2,3,12,36,0.04942621290683746
classifier.2,3,12,37,0.09779652953147888
classifier.2,3,12,38,0.4864104986190796
classifier.2,3,12,39,0.0018177321180701256
classifier.2,3,12,40,0.5333695411682129
classifier.2,3,12,41,0.17447465658187866
classifier.2,3,12,42,0.06300409138202667
classifier.2,3,12,43,0.01982259191572666
classifier.2,3,12,44,0.01934066042304039
classifier.2,3,12,45,0.08088216930627823
classifier.2,3,12,46,0.06113355606794357
classifier.2,3,12,47,0.12235087156295776
classifier.2,3,12,48,0.019379543140530586
classifier.2,3,12,49,0.10177828371524811
classifier.2,3,12,50,0.18797755241394043
classifier.2,3,12,51,0.24543613195419312
classifier.2,3,12,52,0.28885313868522644
classifier.2,3,12,53,0.22954240441322327
classifier.2,3,12,54,0.19452141225337982
classifier.2,3,12,55,0.15880127251148224
classifier.2,3,12,56,0.1661200076341629
classifier.2,3,12,57,0.130971297621727
classifier.2,3,12,58,0.2524089217185974
classifier.2,3,12,59,0.17592142522335052
classifier.2,3,12,60,0.22091999650001526
classifier.2,3,12,61,0.06454062461853027
classifier.2,3,13,0,0.10416419804096222
classifier.2,3,13,1,0.1673187017440796
classifier.2,3,13,2,0.05124969035387039
classifier.2,3,13,3,0.06315557658672333
classifier.2,3,13,4,0.3035450279712677
classifier.2,3,13,5,0.0937986820936203
classifier.2,3,13,6,0.34085559844970703
classifier.2,3,13,7,0.02884426712989807
classifier.2,3,13,8,0.03438352420926094
classifier.2,3,13,9,0.11542582511901855
classifier.2,3,13,10,0.06478022783994675
classifier.2,3,13,11,0.20650209486484528
classifier.2,3,13,12,0.07371490448713303
classifier.2,3,13,14,0.24536344408988953
classifier.2,3,13,15,0.03484214097261429
classifier.2,3,13,16,0.09641653299331665
classifier.2,3,13,17,0.13651159405708313
classifier.2,3,13,18,0.10386539995670319
classifier.2,3,13,19,0.07577905058860779
classifier.2,3,13,20,0.21398873627185822
classifier.2,3,13,21,0.22242611646652222
classifier.2,3,13,22,0.14278021454811096
classifier.2,3,13,23,0.1382232904434204
classifier.2,3,13,24,0.05550597608089447
classifier.2,3,13,25,0.03710941970348358
classifier.2,3,13,26,0.09002905339002609
classifier.2,3,13,27,0.26384058594703674
classifier.2,3,13,28,0.12261919677257538
classifier.2,3,13,29,0.2551036477088928
classifier.2,3,13,30,0.050594352185726166
classifier.2,3,13,31,0.05582316219806671
classifier.2,3,13,32,0.12878403067588806
classifier.2,3,13,33,0.19864851236343384
classifier.2,3,13,34,0.09509854018688202
classifier.2,3,13,35,0.15551835298538208
classifier.2,3,13,36,0.06826294958591461
classifier.2,3,13,37,0.40335705876350403
classifier.2,3,13,38,0.021390702575445175
classifier.2,3,13,39,0.07007364183664322
classifier.2,3,13,40,0.059919897466897964
classifier.2,3,13,41,0.011728194542229176
classifier.2,3,13,42,0.1472473442554474
classifier.2,3,13,43,0.18382784724235535
classifier.2,3,13,44,0.07200193405151367
classifier.2,3,13,45,0.107811339199543
classifier.2,3,13,46,0.1483398973941803
classifier.2,3,13,47,0.16793252527713776
classifier.2,3,13,48,0.08610797673463821
classifier.2,3,13,49,0.11063957214355469
classifier.2,3,13,50,0.006589457392692566
classifier.2,3,13,51,0.03726421669125557
classifier.2,3,13,52,0.09320873022079468
classifier.2,3,13,53,0.04065538942813873
classifier.2,3,13,54,0.09479425102472305
classifier.2,3,13,55,0.2249583601951599
classifier.2,3,13,56,0.023003164678812027
classifier.2,3,13,57,0.11491133272647858
classifier.2,3,13,58,0.068334199488163
classifier.2,3,13,59,0.05660460516810417
classifier.2,3,13,60,0.18662035465240479
classifier.2,3,13,61,0.08539284765720367
classifier.2,3,14,0,0.01882012188434601
classifier.2,3,14,1,0.10208578407764435
classifier.2,3,14,2,0.2565340995788574
classifier.2,3,14,3,0.1517481654882431
classifier.2,3,14,4,0.06541406363248825
classifier.2,3,14,5,0.1651119887828827
classifier.2,3,14,6,0.03921442851424217
classifier.2,3,14,7,0.1193266212940216
classifier.2,3,14,8,0.07698283344507217
classifier.2,3,14,9,0.09901520609855652
classifier.2,3,14,10,0.028864646330475807
classifier.2,3,14,11,0.1460559070110321
classifier.2,3,14,12,0.0022401437163352966
classifier.2,3,14,13,0.24536344408988953
classifier.2,3,14,15,0.16668401658535004
classifier.2,3,14,16,0.050804298371076584
classifier.2,3,14,17,0.03886877000331879
classifier.2,3,14,18,0.14312824606895447
classifier.2,3,14,19,0.0932326540350914
classifier.2,3,14,20,0.006827609613537788
classifier.2,3,14,21,0.18049800395965576
classifier.2,3,14,22,0.25958073139190674
classifier.2,3,14,23,0.013776339590549469
classifier.2,3,14,24,0.038540538400411606
classifier.2,3,14,25,0.20006848871707916
classifier.2,3,14,26,0.0029816478490829468
classifier.2,3,14,27,0.1087242141366005
classifier.2,3,14,28,0.1302652657032013
classifier.2,3,14,29,0.018504971638321877
classifier.2,3,14,30,0.02450137585401535
classifier.2,3,14,31,0.06639303267002106
classifier.2,3,14,32,0.018753673881292343
classifier.2,3,14,33,0.09353404492139816
classifier.2,3,14,34,0.18894672393798828
classifier.2,3,14,35,0.2645796239376068
classifier.2,3,14,36,0.2416074275970459
classifier.2,3,14,37,0.031786657869815826
classifier.2,3,14,38,0.022326067090034485
classifier.2,3,14,39,0.034462034702301025
classifier.2,3,14,40,0.16816340386867523
classifier.2,3,14,41,0.010965261608362198
classifier.2,3,14,42,0.009322131983935833
classifier.2,3,14,43,0.14206530153751373
classifier.2,3,14,44,0.27066749334335327
classifier.2,3,14,45,0.04923669993877411
classifier.2,3,14,46,0.11739784479141235
classifier.2,3,14,47,0.017664721235632896
classifier.2,3,14,48,0.38116490840911865
classifier.2,3,14,49,0.24291998147964478
classifier.2,3,14,50,0.054525405168533325
classifier.2,3,14,51,0.06347058713436127
classifier.2,3,14,52,0.06233217194676399
classifier.2,3,14,53,0.04403500631451607
classifier.2,3,14,54,0.06439981609582901
classifier.2,3,14,55,0.027664219960570335
classifier.2,3,14,56,0.055059000849723816
classifier.2,3,14,57,0.13040637969970703
classifier.2,3,14,58,0.1321066915988922
classifier.2,3,14,59,0.16954122483730316
classifier.2,3,14,60,0.02067369595170021
classifier.2,3,14,61,0.21881312131881714
classifier.2,3,15,0,0.03967926278710365
classifier.2,3,15,1,0.014310970902442932
classifier.2,3,15,2,0.1510554999113083
classifier.2,3,15,3,0.08661708980798721
classifier.2,3,15,4,0.15742334723472595
classifier.2,3,15,5,0.16435019671916962
classifier.2,3,15,6,0.0151912160217762
classifier.2,3,15,7,0.09003418684005737
classifier.2,3,15,8,0.06062442064285278
classifier.2,3,15,9,0.09685182571411133
classifier.2,3,15,10,0.0937330424785614
classifier.2,3,15,11,0.02578068897128105
classifier.2,3,15,12,0.13844455778598785
classifier.2,3,15,13,0.03484214097261429
classifier.2,3,15,14,0.16668401658535004
classifier.2,3,15,16,0.14710253477096558
classifier.2,3,15,17,0.14959010481834412
classifier.2,3,15,18,0.00871162861585617
classifier.2,3,15,19,2.882629632949829e-05
classifier.2,3,15,20,0.2612799406051636
classifier.2,3,15,21,0.0212752316147089
classifier.2,3,15,22,0.05956454575061798
classifier.2,3,15,23,0.09653472900390625
classifier.2,3,15,24,0.01935192570090294
classifier.2,3,15,25,0.21220719814300537
classifier.2,3,15,26,0.090787373483181
classifier.2,3,15,27,0.012582533061504364
classifier.2,3,15,28,0.07873544096946716
classifier.2,3,15,29,0.22062338888645172
classifier.2,3,15,30,0.23405443131923676
classifier.2,3,15,31,0.15523923933506012
classifier.2,3,15,32,0.14078080654144287
classifier.2,3,15,33,0.0635281354188919
classifier.2,3,15,34,0.08733963966369629
classifier.2,3,15,35,0.18031558394432068
classifier.2,3,15,36,0.2034069299697876
classifier.2,3,15,37,0.07168813794851303
classifier.2,3,15,38,0.05432179570198059
classifier.2,3,15,39,0.09757638722658157
classifier.2,3,15,40,0.08291032165288925
classifier.2,3,15,41,0.49605870246887207
classifier.2,3,15,42,0.14753447473049164
classifier.2,3,15,43,0.013746730983257294
classifier.2,3,15,44,0.004504377022385597
classifier.2,3,15,45,0.025922568514943123
classifier.2,3,15,46,0.241105318069458
classifier.2,3,15,47,0.050164252519607544
classifier.2,3,15,48,0.1385248899459839
classifier.2,3,15,49,0.08141694962978363
classifier.2,3,15,50,0.186773419380188
classifier.2,3,15,51,0.1857627034187317
classifier.2,3,15,52,0.09803705662488937
classifier.2,3,15,53,0.045367803424596786
classifier.2,3,15,54,0.2889368534088135
classifier.2,3,15,55,0.23167362809181213
classifier.2,3,15,56,0.05916740000247955
classifier.2,3,15,57,0.07663863897323608
classifier.2,3,15,58,0.0945429727435112
classifier.2,3,15,59,0.09510427713394165
classifier.2,3,15,60,0.11522221565246582
classifier.2,3,15,61,0.08291967213153839
classifier.2,3,16,0,0.11961030960083008
classifier.2,3,16,1,0.04010234400629997
classifier.2,3,16,2,0.13912034034729004
classifier.2,3,16,3,0.06700350344181061
classifier.2,3,16,4,0.023517943918704987
classifier.2,3,16,5,0.14569008350372314
classifier.2,3,16,6,0.35381102561950684
classifier.2,3,16,7,0.2749288082122803
classifier.2,3,16,8,0.1297542303800583
classifier.2,3,16,9,0.12695008516311646
classifier.2,3,16,10,0.40200573205947876
classifier.2,3,16,11,0.1320701539516449
classifier.2,3,16,12,0.030080292373895645
classifier.2,3,16,13,0.09641653299331665
classifier.2,3,16,14,0.050804298371076584
classifier.2,3,16,15,0.14710253477096558
classifier.2,3,16,17,0.12570330500602722
classifier.2,3,16,18,0.10157085955142975
classifier.2,3,16,19,0.0847373977303505
classifier.2,3,16,20,0.0038483887910842896
classifier.2,3,16,21,0.0377231165766716
classifier.2,3,16,22,0.2650032639503479
classifier.2,3,16,23,0.23846584558486938
classifier.2,3,16,24,0.15412287414073944
classifier.2,3,16,25,0.10289543867111206
classifier.2,3,16,26,0.08013089001178741
classifier.2,3,16,27,0.02831941470503807
classifier.2,3,16,28,0.1253950297832489
classifier.2,3,16,29,0.10547655075788498
classifier.2,3,16,30,0.15298505127429962
classifier.2,3,16,31,0.24272441864013672
classifier.2,3,16,32,0.07045406848192215
classifier.2,3,16,33,0.0017063245177268982
classifier.2,3,16,34,0.08025616407394409
classifier.2,3,16,35,0.13603195548057556
classifier.2,3,16,36,0.18587440252304077
classifier.2,3,16,37,0.022278666496276855
classifier.2,3,16,38,0.20643772184848785
classifier.2,3,16,39,0.1464621126651764
classifier.2,3,16,40,0.052293822169303894
classifier.2,3,16,41,0.0896250307559967
classifier.2,3,16,42,0.062418147921562195
classifier.2,3,16,43,0.062445301562547684
classifier.2,3,16,44,0.0883031040430069
classifier.2,3,16,45,0.13741420209407806
classifier.2,3,16,46,0.033455006778240204
classifier.2,3,16,47,0.024860929697752
classifier.2,3,16,48,0.05285882204771042
classifier.2,3,16,49,0.11973182111978531
classifier.2,3,16,50,0.10877299308776855
classifier.2,3,16,51,0.12643958628177643
classifier.2,3,16,52,0.10085316002368927
classifier.2,3,16,53,0.09803450107574463
classifier.2,3,16,54,0.054923586547374725
classifier.2,3,16,55,0.07647502422332764
classifier.2,3,16,56,0.13255341351032257
classifier.2,3,16,57,0.04194885864853859
classifier.2,3,16,58,0.10270373523235321
classifier.2,3,16,59,0.016891025006771088
classifier.2,3,16,60,0.0007780510932207108
classifier.2,3,16,61,0.07154710590839386
classifier.2,3,17,0,0.04451436549425125
classifier.2,3,17,1,0.04823244735598564
classifier.2,3,17,2,0.07898800075054169
classifier.2,3,17,3,0.05585848540067673
classifier.2,3,17,4,0.3037479519844055
classifier.2,3,17,5,0.041368044912815094
classifier.2,3,17,6,0.13321362435817719
classifier.2,3,17,7,0.006185971200466156
classifier.2,3,17,8,0.10941779613494873
classifier.2,3,17,9,0.0485474169254303
classifier.2,3,17,10,0.0047169029712677
classifier.2,3,17,11,0.11682508140802383
classifier.2,3,17,12,0.04849392920732498
classifier.2,3,17,13,0.13651159405708313
classifier.2,3,17,14,0.03886877000331879
classifier.2,3,17,15,0.14959010481834412
classifier.2,3,17,16,0.12570330500602722
classifier.2,3,17,18,0.153572678565979
classifier.2,3,17,19,0.019134145230054855
classifier.2,3,17,20,0.051149941980838776
classifier.2,3,17,21,0.1629018485546112
classifier.2,3,17,22,0.18344652652740479
classifier.2,3,17,23,0.09712803363800049
classifier.2,3,17,24,0.04018324986100197
classifier.2,3,17,25,0.05233832448720932
classifier.2,3,17,26,0.01084073819220066
classifier.2,3,17,27,0.04998539388179779
classifier.2,3,17,28,0.041889891028404236
classifier.2,3,17,29,0.14013256132602692
classifier.2,3,17,30,0.20167791843414307
classifier.2,3,17,31,0.021688833832740784
classifier.2,3,17,32,0.03799954056739807
classifier.2,3,17,33,0.07585480809211731
classifier.2,3,17,34,0.20411276817321777
classifier.2,3,17,35,0.013853531330823898
classifier.2,3,17,36,0.16084088385105133
classifier.2,3,17,37,0.127793550491333
classifier.2,3,17,38,0.11726880073547363
classifier.2,3,17,39,0.2272052764892578
classifier.2,3,17,40,0.027203883975744247
classifier.2,3,17,41,0.11527276039123535
classifier.2,3,17,42,0.10001200437545776
classifier.2,3,17,43,0.00027555786073207855
classifier.2,3,17,44,0.10984484851360321
classifier.2,3,17,45,0.16510559618473053
classifier.2,3,17,46,0.017105981707572937
classifier.2,3,17,47,0.007370585575699806
classifier.2,3,17,48,0.2852228879928589
classifier.2,3,17,49,0.18109235167503357
classifier.2,3,17,50,0.04486986622214317
classifier.2,3,17,51,0.0583338737487793
classifier.2,3,17,52,0.15751799941062927
classifier.2,3,17,53,0.10634396970272064
classifier.2,3,17,54,0.05658288672566414
classifier.2,3,17,55,0.2492823749780655
classifier.2,3,17,56,0.15250641107559204
classifier.2,3,17,57,0.10302412509918213
classifier.2,3,17,58,0.020959829911589622
classifier.2,3,17,59,0.1599341630935669
classifier.2,3,17,60,0.02951185218989849
classifier.2,3,17,61,0.08012539148330688
classifier.2,3,18,0,0.13306429982185364
classifier.2,3,18,1,0.6524897217750549
classifier.2,3,18,2,0.31975317001342773
classifier.2,3,18,3,0.006006468087434769
classifier.2,3,18,4,0.017593879252672195
classifier.2,3,18,5,0.005545206367969513
classifier.2,3,18,6,0.002260148525238037
classifier.2,3,18,7,0.16844019293785095
classifier.2,3,18,8,0.11725237220525742
classifier.2,3,18,9,0.08065856993198395
classifier.2,3,18,10,0.07653307914733887
classifier.2,3,18,11,0.03210989013314247
classifier.2,3,18,12,0.06353135406970978
classifier.2,3,18,13,0.10386539995670319
classifier.2,3,18,14,0.14312824606895447
classifier.2,3,18,15,0.00871162861585617
classifier.2,3,18,16,0.10157085955142975
classifier.2,3,18,17,0.153572678565979
classifier.2,3,18,19,0.2920631170272827
classifier.2,3,18,20,0.08087782561779022
classifier.2,3,18,21,0.15000443160533905
classifier.2,3,18,22,0.12906411290168762
classifier.2,3,18,23,0.11663868278265
classifier.2,3,18,24,0.10888859629631042
classifier.2,3,18,25,0.03709252551198006
classifier.2,3,18,26,0.017952043563127518
classifier.2,3,18,27,0.048196204006671906
classifier.2,3,18,28,0.015396598726511002
classifier.2,3,18,29,0.02509710192680359
classifier.2,3,18,30,0.05126112699508667
classifier.2,3,18,31,0.03419920802116394
classifier.2,3,18,32,0.2664017081260681
classifier.2,3,18,33,0.20428933203220367
classifier.2,3,18,34,0.1855861246585846
classifier.2,3,18,35,0.08929671347141266
classifier.2,3,18,36,0.22789928317070007
classifier.2,3,18,37,0.02308840863406658
classifier.2,3,18,38,0.03740870580077171
classifier.2,3,18,39,0.128718301653862
classifier.2,3,18,40,0.0028690597973763943
classifier.2,3,18,41,0.10664691776037216
classifier.2,3,18,42,0.09382307529449463
classifier.2,3,18,43,0.05300029367208481
classifier.2,3,18,44,0.15399722754955292
classifier.2,3,18,45,0.11968621611595154
classifier.2,3,18,46,0.07790658622980118
classifier.2,3,18,47,0.003201909363269806
classifier.2,3,18,48,0.18768441677093506
classifier.2,3,18,49,0.06152808666229248
classifier.2,3,18,50,0.19133785367012024
classifier.2,3,18,51,0.02645755372941494
classifier.2,3,18,52,0.07891456037759781
classifier.2,3,18,53,0.007205154746770859
classifier.2,3,18,54,0.09790194034576416
classifier.2,3,18,55,0.0037754029035568237
classifier.2,3,18,56,0.01772535964846611
classifier.2,3,18,57,0.055230364203453064
classifier.2,3,18,58,0.2399078905582428
classifier.2,3,18,59,0.22581925988197327
classifier.2,3,18,60,0.0516776517033577
classifier.2,3,18,61,0.39424166083335876
classifier.2,3,19,0,0.16154137253761292
classifier.2,3,19,1,0.12000510096549988
classifier.2,3,19,2,0.14481036365032196
classifier.2,3,19,3,0.11487019807100296
classifier.2,3,19,4,0.08993832767009735
classifier.2,3,19,5,0.062064677476882935
classifier.2,3,19,6,0.10334830731153488
classifier.2,3,19,7,0.01000099815428257
classifier.2,3,19,8,0.03940488398075104
classifier.2,3,19,9,0.08427965641021729
classifier.2,3,19,10,0.0760868638753891
classifier.2,3,19,11,0.004340659826993942
classifier.2,3,19,12,0.25775012373924255
classifier.2,3,19,13,0.07577905058860779
classifier.2,3,19,14,0.0932326540350914
classifier.2,3,19,15,2.882629632949829e-05
classifier.2,3,19,16,0.0847373977303505
classifier.2,3,19,17,0.019134145230054855
classifier.2,3,19,18,0.2920631170272827
classifier.2,3,19,20,0.09244593977928162
classifier.2,3,19,21,0.03571658208966255
classifier.2,3,19,22,0.12207165360450745
classifier.2,3,19,23,0.2209499031305313
classifier.2,3,19,24,0.10901902616024017
classifier.2,3,19,25,0.2942523956298828
classifier.2,3,19,26,0.06938350945711136
classifier.2,3,19,27,0.14438943564891815
classifier.2,3,19,28,0.055515214800834656
classifier.2,3,19,29,0.25867128372192383
classifier.2,3,19,30,0.21784770488739014
classifier.2,3,19,31,0.1426355093717575
classifier.2,3,19,32,0.05766158550977707
classifier.2,3,19,33,0.1288588047027588
classifier.2,3,19,34,0.1921689510345459
classifier.2,3,19,35,0.22317199409008026
classifier.2,3,19,36,0.01565270870923996
classifier.2,3,19,37,0.03896696865558624
classifier.2,3,19,38,0.17060843110084534
classifier.2,3,19,39,0.11034977436065674
classifier.2,3,19,40,0.2100144624710083
classifier.2,3,19,41,0.21406275033950806
classifier.2,3,19,42,0.1401703655719757
classifier.2,3,19,43,0.1216595470905304
classifier.2,3,19,44,0.21344046294689178
classifier.2,3,19,45,0.2573484778404236
classifier.2,3,19,46,0.2057775855064392
classifier.2,3,19,47,0.038397327065467834
classifier.2,3,19,48,0.09074962139129639
classifier.2,3,19,49,0.012774495407938957
classifier.2,3,19,50,0.16580744087696075
classifier.2,3,19,51,0.3268420100212097
classifier.2,3,19,52,0.20180124044418335
classifier.2,3,19,53,0.2543282210826874
classifier.2,3,19,54,0.13579899072647095
classifier.2,3,19,55,0.04490017145872116
classifier.2,3,19,56,0.2356424331665039
classifier.2,3,19,57,0.05443833768367767
classifier.2,3,19,58,0.15081068873405457
classifier.2,3,19,59,0.05401735007762909
classifier.2,3,19,60,0.0584857203066349
classifier.2,3,19,61,0.0459221675992012
classifier.2,3,20,0,0.16207270324230194
classifier.2,3,20,1,0.05651649087667465
classifier.2,3,20,2,0.3125925660133362
classifier.2,3,20,3,0.05454399436712265
classifier.2,3,20,4,0.020815303549170494
classifier.2,3,20,5,0.1413011997938156
classifier.2,3,20,6,0.14544418454170227
classifier.2,3,20,7,0.10018415749073029
classifier.2,3,20,8,0.11581890285015106
classifier.2,3,20,9,0.11572805792093277
classifier.2,3,20,10,0.12088222056627274
classifier.2,3,20,11,0.27864909172058105
classifier.2,3,20,12,0.10119037330150604
classifier.2,3,20,13,0.21398873627185822
classifier.2,3,20,14,0.006827609613537788
classifier.2,3,20,15,0.2612799406051636
classifier.2,3,20,16,0.0038483887910842896
classifier.2,3,20,17,0.051149941980838776
classifier.2,3,20,18,0.08087782561779022
classifier.2,3,20,19,0.09244593977928162
classifier.2,3,20,21,0.0358666330575943
classifier.2,3,20,22,0.14097541570663452
classifier.2,3,20,23,0.11890332400798798
classifier.2,3,20,24,0.15329883992671967
classifier.2,3,20,25,0.25407880544662476
classifier.2,3,20,26,0.11334866285324097
classifier.2,3,20,27,0.18857063353061676
classifier.2,3,20,28,0.10090078413486481
classifier.2,3,20,29,0.1969316303730011
classifier.2,3,20,30,0.0678197592496872
classifier.2,3,20,31,0.0495884045958519
classifier.2,3,20,32,0.13069021701812744
classifier.2,3,20,33,0.21348729729652405
classifier.2,3,20,34,0.2741716802120209
classifier.2,3,20,35,0.3660704493522644
classifier.2,3,20,36,0.12337231636047363
classifier.2,3,20,37,0.17464382946491241
classifier.2,3,20,38,0.03818611800670624
classifier.2,3,20,39,0.07785645872354507
classifier.2,3,20,40,0.07006967067718506
classifier.2,3,20,41,0.2859785258769989
classifier.2,3,20,42,0.0711427628993988
classifier.2,3,20,43,0.19348372519016266
classifier.2,3,20,44,0.1809852123260498
classifier.2,3,20,45,0.13365040719509125
classifier.2,3,20,46,0.7515923976898193
classifier.2,3,20,47,0.0026749838143587112
classifier.2,3,20,48,0.08282791823148727
classifier.2,3,20,49,0.05009298399090767
classifier.2,3,20,50,0.037814512848854065
classifier.2,3,20,51,0.2526797354221344
classifier.2,3,20,52,0.01872638240456581
classifier.2,3,20,53,0.11149958521127701
classifier.2,3,20,54,0.08023272454738617
classifier.2,3,20,55,0.14155414700508118
classifier.2,3,20,56,0.05428578332066536
classifier.2,3,20,57,0.13540983200073242
classifier.2,3,20,58,0.1300625205039978
classifier.2,3,20,59,0.19134163856506348
classifier.2,3,20,60,0.08186696469783783
classifier.2,3,20,61,0.08183269202709198
classifier.2,3,21,0,0.1559939980506897
classifier.2,3,21,1,0.1651911735534668
classifier.2,3,21,2,0.20454710721969604
classifier.2,3,21,3,0.05037078633904457
classifier.2,3,21,4,0.010604556649923325
classifier.2,3,21,5,0.06980250775814056
classifier.2,3,21,6,0.22547878324985504
classifier.2,3,21,7,0.018482297658920288
classifier.2,3,21,8,0.32967060804367065
classifier.2,3,21,9,0.08435315638780594
classifier.2,3,21,10,0.06970448046922684
classifier.2,3,21,11,0.18743449449539185
classifier.2,3,21,12,0.12665492296218872
classifier.2,3,21,13,0.22242611646652222
classifier.2,3,21,14,0.18049800395965576
classifier.2,3,21,15,0.0212752316147089
classifier.2,3,21,16,0.0377231165766716
classifier.2,3,21,17,0.1629018485546112
classifier.2,3,21,18,0.15000443160533905
classifier.2,3,21,19,0.03571658208966255
classifier.2,3,21,20,0.0358666330575943
classifier.2,3,21,22,0.03725772351026535
classifier.2,3,21,23,0.14908380806446075
classifier.2,3,21,24,0.05445710942149162
classifier.2,3,21,25,0.09896084666252136
classifier.2,3,21,26,0.08356469124555588
classifier.2,3,21,27,0.14513298869132996
classifier.2,3,21,28,0.04014033079147339
classifier.2,3,21,29,0.11704076826572418
classifier.2,3,21,30,0.28681209683418274
classifier.2,3,21,31,0.16811548173427582
classifier.2,3,21,32,0.02585146576166153
classifier.2,3,21,33,0.11453188210725784
classifier.2,3,21,34,0.12112422287464142
classifier.2,3,21,35,0.08014937490224838
classifier.2,3,21,36,0.01298532448709011
classifier.2,3,21,37,0.12335293740034103
classifier.2,3,21,38,0.0036271438002586365
classifier.2,3,21,39,0.03029421903192997
classifier.2,3,21,40,0.15575949847698212
classifier.2,3,21,41,0.009676560759544373
classifier.2,3,21,42,0.020930448547005653
classifier.2,3,21,43,0.15455608069896698
classifier.2,3,21,44,0.03506498038768768
classifier.2,3,21,45,0.08428959548473358
classifier.2,3,21,46,0.11440378427505493
classifier.2,3,21,47,0.35134169459342957
classifier.2,3,21,48,0.04930112883448601
classifier.2,3,21,49,0.19328904151916504
classifier.2,3,21,50,0.11942179501056671
classifier.2,3,21,51,0.07357273995876312
classifier.2,3,21,52,0.03579757735133171
classifier.2,3,21,53,0.14493419229984283
classifier.2,3,21,54,0.04817691072821617
classifier.2,3,21,55,0.08928526192903519
classifier.2,3,21,56,0.04492449015378952
classifier.2,3,21,57,0.265002578496933
classifier.2,3,21,58,0.10804480314254761
classifier.2,3,21,59,0.060347169637680054
classifier.2,3,21,60,0.16553395986557007
classifier.2,3,21,61,0.1933162808418274
classifier.2,3,22,0,0.03870835900306702
classifier.2,3,22,1,0.11215768754482269
classifier.2,3,22,2,0.12162557244300842
classifier.2,3,22,3,0.006853602826595306
classifier.2,3,22,4,0.01497010886669159
classifier.2,3,22,5,0.1344667673110962
classifier.2,3,22,6,0.12758396565914154
classifier.2,3,22,7,0.30027902126312256
classifier.2,3,22,8,0.09283679723739624
classifier.2,3,22,9,0.00799606740474701
classifier.2,3,22,10,0.18431779742240906
classifier.2,3,22,11,0.1995392143726349
classifier.2,3,22,12,0.01838286593556404
classifier.2,3,22,13,0.14278021454811096
classifier.2,3,22,14,0.25958073139190674
classifier.2,3,22,15,0.05956454575061798
classifier.2,3,22,16,0.2650032639503479
classifier.2,3,22,17,0.18344652652740479
classifier.2,3,22,18,0.12906411290168762
classifier.2,3,22,19,0.12207165360450745
classifier.2,3,22,20,0.14097541570663452
classifier.2,3,22,21,0.03725772351026535
classifier.2,3,22,23,0.06421267986297607
classifier.2,3,22,24,0.03697963058948517
classifier.2,3,22,25,0.189901664853096
classifier.2,3,22,26,0.05363331735134125
classifier.2,3,22,27,0.07429752498865128
classifier.2,3,22,28,0.08417196571826935
classifier.2,3,22,29,0.016535941511392593
classifier.2,3,22,30,0.06551825255155563
classifier.2,3,22,31,0.02257855236530304
classifier.2,3,22,32,0.19404342770576477
classifier.2,3,22,33,0.17251862585544586
classifier.2,3,22,34,0.18224698305130005
classifier.2,3,22,35,0.0037091076374053955
classifier.2,3,22,36,0.023814121261239052
classifier.2,3,22,37,0.021905172616243362
classifier.2,3,22,38,0.007673822343349457
classifier.2,3,22,39,0.01807904988527298
classifier.2,3,22,40,0.0082583948969841
classifier.2,3,22,41,0.07440679520368576
classifier.2,3,22,42,0.21234245598316193
classifier.2,3,22,43,0.09672030806541443
classifier.2,3,22,44,0.19982083141803741
classifier.2,3,22,45,0.005928158760070801
classifier.2,3,22,46,0.15505486726760864
classifier.2,3,22,47,0.02279551886022091
classifier.2,3,22,48,0.7415568828582764
classifier.2,3,22,49,0.35008740425109863
classifier.2,3,22,50,0.001621004194021225
classifier.2,3,22,51,0.13662654161453247
classifier.2,3,22,52,0.027362778782844543
classifier.2,3,22,53,0.1962839961051941
classifier.2,3,22,54,0.003818005323410034
classifier.2,3,22,55,0.06169326975941658
classifier.2,3,22,56,0.14154739677906036
classifier.2,3,22,57,0.01364242285490036
classifier.2,3,22,58,0.2976216971874237
classifier.2,3,22,59,0.0979139655828476
classifier.2,3,22,60,0.1077575832605362
classifier.2,3,22,61,0.12896722555160522
classifier.2,3,23,0,0.046851083636283875
classifier.2,3,23,1,0.09537047147750854
classifier.2,3,23,2,0.10847335308790207
classifier.2,3,23,3,0.03170038014650345
classifier.2,3,23,4,0.047823235392570496
classifier.2,3,23,5,0.13809338212013245
classifier.2,3,23,6,0.005758881568908691
classifier.2,3,23,7,0.08648745715618134
classifier.2,3,23,8,0.11485213041305542
classifier.2,3,23,9,0.21853259205818176
classifier.2,3,23,10,0.09850113093852997
classifier.2,3,23,11,0.11906908452510834
classifier.2,3,23,12,0.046261925250291824
classifier.2,3,23,13,0.1382232904434204
classifier.2,3,23,14,0.013776339590549469
classifier.2,3,23,15,0.09653472900390625
classifier.2,3,23,16,0.23846584558486938
classifier.2,3,23,17,0.09712803363800049
classifier.2,3,23,18,0.11663868278265
classifier.2,3,23,19,0.2209499031305313
classifier.2,3,23,20,0.11890332400798798
classifier.2,3,23,21,0.14908380806446075
classifier.2,3,23,22,0.06421267986297607
classifier.2,3,23,24,0.0666777715086937
classifier.2,3,23,25,0.36754870414733887
classifier.2,3,23,26,0.08543354272842407
classifier.2,3,23,27,0.2508809268474579
classifier.2,3,23,28,0.1821146458387375
classifier.2,3,23,29,0.1079949289560318
classifier.2,3,23,30,0.04728040099143982
classifier.2,3,23,31,0.2643524408340454
classifier.2,3,23,32,0.11111848056316376
classifier.2,3,23,33,0.01060999184846878
classifier.2,3,23,34,0.053646303713321686
classifier.2,3,23,35,0.0657241940498352
classifier.2,3,23,36,0.028816260397434235
classifier.2,3,23,37,0.08778911828994751
classifier.2,3,23,38,0.1078290045261383
classifier.2,3,23,39,0.15165852010250092
classifier.2,3,23,40,0.20119255781173706
classifier.2,3,23,41,0.16791684925556183
classifier.2,3,23,42,0.10471464693546295
classifier.2,3,23,43,0.1523677110671997
classifier.2,3,23,44,0.0007687313482165337
classifier.2,3,23,45,0.07176543027162552
classifier.2,3,23,46,0.11280478537082672
classifier.2,3,23,47,0.062392257153987885
classifier.2,3,23,48,0.22787189483642578
classifier.2,3,23,49,0.1626044511795044
classifier.2,3,23,50,0.14171625673770905
classifier.2,3,23,51,0.24542710185050964
classifier.2,3,23,52,0.035242121666669846
classifier.2,3,23,53,0.1695675551891327
classifier.2,3,23,54,0.01385405845940113
classifier.2,3,23,55,0.008392240852117538
classifier.2,3,23,56,0.08051097393035889
classifier.2,3,23,57,0.24912473559379578
classifier.2,3,23,58,0.11298653483390808
classifier.2,3,23,59,0.02816793881356716
classifier.2,3,23,60,0.2913920283317566
classifier.2,3,23,61,0.2137015461921692
classifier.2,3,24,0,0.9402929544448853
classifier.2,3,24,1,0.04745914041996002
classifier.2,3,24,2,0.006264261901378632
classifier.2,3,24,3,0.0023443251848220825
classifier.2,3,24,4,0.1004846841096878
classifier.2,3,24,5,0.11635274440050125
classifier.2,3,24,6,0.00032947957515716553
classifier.2,3,24,7,0.03286163508892059
classifier.2,3,24,8,0.0630665123462677
classifier.2,3,24,9,0.05953078716993332
classifier.2,3,24,10,0.03126639127731323
classifier.2,3,24,11,0.03347157686948776
classifier.2,3,24,12,0.14144758880138397
classifier.2,3,24,13,0.05550597608089447
classifier.2,3,24,14,0.038540538400411606
classifier.2,3,24,15,0.01935192570090294
classifier.2,3,24,16,0.15412287414073944
classifier.2,3,24,17,0.04018324986100197
classifier.2,3,24,18,0.10888859629631042
classifier.2,3,24,19,0.10901902616024017
classifier.2,3,24,20,0.15329883992671967
classifier.2,3,24,21,0.05445710942149162
classifier.2,3,24,22,0.03697963058948517
classifier.2,3,24,23,0.0666777715086937
classifier.2,3,24,25,0.11283708363771439
classifier.2,3,24,26,0.06592059135437012
classifier.2,3,24,27,0.14124302566051483
classifier.2,3,24,28,0.1298724114894867
classifier.2,3,24,29,0.1361207216978073
classifier.2,3,24,30,0.06103692203760147
classifier.2,3,24,31,0.07049015909433365
classifier.2,3,24,32,0.38450777530670166
classifier.2,3,24,33,0.2966914474964142
classifier.2,3,24,34,0.06066779047250748
classifier.2,3,24,35,0.11992117017507553
classifier.2,3,24,36,0.04757777601480484
classifier.2,3,24,37,0.029612287878990173
classifier.2,3,24,38,0.0666433572769165
classifier.2,3,24,39,0.01958448812365532
classifier.2,3,24,40,0.242296040058136
classifier.2,3,24,41,0.10582998394966125
classifier.2,3,24,42,0.15124686062335968
classifier.2,3,24,43,0.08213753998279572
classifier.2,3,24,44,0.15382491052150726
classifier.2,3,24,45,0.19058245420455933
classifier.2,3,24,46,0.09681777656078339
classifier.2,3,24,47,0.06253726780414581
classifier.2,3,24,48,0.0614963099360466
classifier.2,3,24,49,0.0526774600148201
classifier.2,3,24,50,0.23817278444766998
classifier.2,3,24,51,0.24293650686740875
classifier.2,3,24,52,0.09188947081565857
classifier.2,3,24,53,0.17180681228637695
classifier.2,3,24,54,0.001882234588265419
classifier.2,3,24,55,0.07776899635791779
classifier.2,3,24,56,0.06476977467536926
classifier.2,3,24,57,0.1572607457637787
classifier.2,3,24,58,0.40775105357170105
classifier.2,3,24,59,0.20311950147151947
classifier.2,3,24,60,0.1364290416240692
classifier.2,3,24,61,0.1480121910572052
classifier.2,3,25,0,0.13790977001190186
classifier.2,3,25,1,0.04118528962135315
classifier.2,3,25,2,0.04685987904667854
classifier.2,3,25,3,0.027666356414556503
classifier.2,3,25,4,0.003663875162601471
classifier.2,3,25,5,0.10515813529491425
classifier.2,3,25,6,0.1275661289691925
classifier.2,3,25,7,0.03812671825289726
classifier.2,3,25,8,0.16952192783355713
classifier.2,3,25,9,0.14218629896640778
classifier.2,3,25,10,0.08601098507642746
classifier.2,3,25,11,0.0067265331745147705
classifier.2,3,25,12,0.1861901581287384
classifier.2,3,25,13,0.03710941970348358
classifier.2,3,25,14,0.20006848871707916
classifier.2,3,25,15,0.21220719814300537
classifier.2,3,25,16,0.10289543867111206
classifier.2,3,25,17,0.05233832448720932
classifier.2,3,25,18,0.03709252551198006
classifier.2,3,25,19,0.2942523956298828
classifier.2,3,25,20,0.25407880544662476
classifier.2,3,25,21,0.09896084666252136
classifier.2,3,25,22,0.189901664853096
classifier.2,3,25,23,0.36754870414733887
classifier.2,3,25,24,0.11283708363771439
classifier.2,3,25,26,0.1744149774312973
classifier.2,3,25,27,0.10818621516227722
classifier.2,3,25,28,0.10371401160955429
classifier.2,3,25,29,0.22852885723114014
classifier.2,3,25,30,0.023173943161964417
classifier.2,3,25,31,0.4326724410057068
classifier.2,3,25,32,0.33051764965057373
classifier.2,3,25,33,0.2808493375778198
classifier.2,3,25,34,0.4641420245170593
classifier.2,3,25,35,0.21635136008262634
classifier.2,3,25,36,0.16736581921577454
classifier.2,3,25,37,0.01809142529964447
classifier.2,3,25,38,0.23483674228191376
classifier.2,3,25,39,0.09689375758171082
classifier.2,3,25,40,0.013010052964091301
classifier.2,3,25,41,0.3024022579193115
classifier.2,3,25,42,0.07794702053070068
classifier.2,3,25,43,0.13234996795654297
classifier.2,3,25,44,0.27760249376296997
classifier.2,3,25,45,0.14631347358226776
classifier.2,3,25,46,0.12338750064373016
classifier.2,3,25,47,0.14937594532966614
classifier.2,3,25,48,0.18273979425430298
classifier.2,3,25,49,0.2093832641839981
classifier.2,3,25,50,0.20090392231941223
classifier.2,3,25,51,0.7471381425857544
classifier.2,3,25,52,0.02489091455936432
classifier.2,3,25,53,0.190760999917984
classifier.2,3,25,54,0.22834791243076324
classifier.2,3,25,55,0.04661983624100685
classifier.2,3,25,56,0.3498169183731079
classifier.2,3,25,57,0.22456027567386627
classifier.2,3,25,58,0.42214295268058777
classifier.2,3,25,59,0.3564823865890503
classifier.2,3,25,60,0.44976556301116943
classifier.2,3,25,61,0.2612420916557312
classifier.2,3,26,0,0.004998654127120972
classifier.2,3,26,1,0.09873245656490326
classifier.2,3,26,2,0.1770356446504593
classifier.2,3,26,3,0.11133016645908356
classifier.2,3,26,4,0.14469237625598907
classifier.2,3,26,5,0.03401610255241394
classifier.2,3,26,6,0.12620855867862701
classifier.2,3,26,7,0.08880096673965454
classifier.2,3,26,8,0.11629238724708557
classifier.2,3,26,9,0.027623940259218216
classifier.2,3,26,10,0.038939736783504486
classifier.2,3,26,11,0.046293966472148895
classifier.2,3,26,12,0.20194314420223236
classifier.2,3,26,13,0.09002905339002609
classifier.2,3,26,14,0.0029816478490829468
classifier.2,3,26,15,0.090787373483181
classifier.2,3,26,16,0.08013089001178741
classifier.2,3,26,17,0.01084073819220066
classifier.2,3,26,18,0.017952043563127518
classifier.2,3,26,19,0.06938350945711136
classifier.2,3,26,20,0.11334866285324097
classifier.2,3,26,21,0.08356469124555588
classifier.2,3,26,22,0.05363331735134125
classifier.2,3,26,23,0.08543354272842407
classifier.2,3,26,24,0.06592059135437012
classifier.2,3,26,25,0.1744149774312973
classifier.2,3,26,27,0.19111904501914978
classifier.2,3,26,28,0.02804574742913246
classifier.2,3,26,29,0.042672790586948395
classifier.2,3,26,30,0.016693174839019775
classifier.2,3,26,31,0.06965038925409317
classifier.2,3,26,32,0.26443547010421753
classifier.2,3,26,33,0.2072608470916748
classifier.2,3,26,34,0.02120782621204853
classifier.2,3,26,35,0.052159544080495834
classifier.2,3,26,36,0.27956610918045044
classifier.2,3,26,37,0.12734466791152954
classifier.2,3,26,38,0.051638729870319366
classifier.2,3,26,39,0.12700334191322327
classifier.2,3,26,40,0.20962199568748474
classifier.2,3,26,41,0.15023618936538696
classifier.2,3,26,42,0.09955509752035141
classifier.2,3,26,43,0.09389656037092209
classifier.2,3,26,44,0.12092888355255127
classifier.2,3,26,45,0.0672975555062294
classifier.2,3,26,46,0.00549238920211792
classifier.2,3,26,47,0.0972856879234314
classifier.2,3,26,48,0.11763287335634232
classifier.2,3,26,49,0.23843607306480408
classifier.2,3,26,50,0.05281791090965271
classifier.2,3,26,51,0.12583297491073608
classifier.2,3,26,52,0.06672343611717224
classifier.2,3,26,53,0.39689770340919495
classifier.2,3,26,54,0.08451130986213684
classifier.2,3,26,55,0.17611393332481384
classifier.2,3,26,56,0.04246644675731659
classifier.2,3,26,57,0.02640121802687645
classifier.2,3,26,58,0.0881180465221405
classifier.2,3,26,59,0.1518825888633728
classifier.2,3,26,60,0.15904022753238678
classifier.2,3,26,61,0.24245840311050415
classifier.2,3,27,0,0.0193393025547266
classifier.2,3,27,1,0.07853548973798752
classifier.2,3,27,2,0.025197060778737068
classifier.2,3,27,3,0.07253628224134445
classifier.2,3,27,4,0.21890640258789062
classifier.2,3,27,5,0.06970773637294769
classifier.2,3,27,6,0.020530520007014275
classifier.2,3,27,7,0.014288648962974548
classifier.2,3,27,8,0.04331846162676811
classifier.2,3,27,9,0.09834109246730804
classifier.2,3,27,10,0.03512352705001831
classifier.2,3,27,11,0.21869316697120667
classifier.2,3,27,12,0.11687001585960388
classifier.2,3,27,13,0.26384058594703674
classifier.2,3,27,14,0.1087242141366005
classifier.2,3,27,15,0.012582533061504364
classifier.2,3,27,16,0.02831941470503807
classifier.2,3,27,17,0.04998539388179779
classifier.2,3,27,18,0.048196204006671906
classifier.2,3,27,19,0.14438943564891815
classifier.2,3,27,20,0.18857063353061676
classifier.2,3,27,21,0.14513298869132996
classifier.2,3,27,22,0.07429752498865128
classifier.2,3,27,23,0.2508809268474579
classifier.2,3,27,24,0.14124302566051483
classifier.2,3,27,25,0.10818621516227722
classifier.2,3,27,26,0.19111904501914978
classifier.2,3,27,28,0.031002745032310486
classifier.2,3,27,29,0.14256225526332855
classifier.2,3,27,30,0.024046722799539566
classifier.2,3,27,31,0.018281543627381325
classifier.2,3,27,32,0.12575680017471313
classifier.2,3,27,33,0.2864478528499603
classifier.2,3,27,34,0.021124985069036484
classifier.2,3,27,35,0.16102859377861023
classifier.2,3,27,36,0.03291652351617813
classifier.2,3,27,37,0.15318787097930908
classifier.2,3,27,38,0.09040992707014084
classifier.2,3,27,39,0.06369315832853317
classifier.2,3,27,40,0.025754477828741074
classifier.2,3,27,41,0.005125444382429123
classifier.2,3,27,42,0.04773807153105736
classifier.2,3,27,43,0.04964236915111542
classifier.2,3,27,44,0.036444004625082016
classifier.2,3,27,45,0.26652002334594727
classifier.2,3,27,46,0.17020896077156067
classifier.2,3,27,47,0.05652517080307007
classifier.2,3,27,48,0.0256050955504179
classifier.2,3,27,49,0.16332101821899414
classifier.2,3,27,50,0.03640267997980118
classifier.2,3,27,51,0.005502864718437195
classifier.2,3,27,52,0.22788040339946747
classifier.2,3,27,53,0.07399124652147293
classifier.2,3,27,54,0.04570767655968666
classifier.2,3,27,55,0.22623464465141296
classifier.2,3,27,56,0.007600851356983185
classifier.2,3,27,57,0.15388144552707672
classifier.2,3,27,58,0.15464672446250916
classifier.2,3,27,59,0.10170814394950867
classifier.2,3,27,60,0.18093621730804443
classifier.2,3,27,61,0.13719399273395538
classifier.2,3,28,0,0.18877337872982025
classifier.2,3,28,1,0.05104054883122444
classifier.2,3,28,2,0.2248985469341278
classifier.2,3,28,3,0.14888237416744232
classifier.2,3,28,4,0.016897225752472878
classifier.2,3,28,5,0.9455243945121765
classifier.2,3,28,6,0.014250103384256363
classifier.2,3,28,7,0.08802878856658936
classifier.2,3,28,8,0.03459890931844711
classifier.2,3,28,9,0.001138433814048767
classifier.2,3,28,10,0.22912102937698364
classifier.2,3,28,11,0.16517676413059235
classifier.2,3,28,12,0.0012127794325351715
classifier.2,3,28,13,0.12261919677257538
classifier.2,3,28,14,0.1302652657032013
classifier.2,3,28,15,0.07873544096946716
classifier.2,3,28,16,0.1253950297832489
classifier.2,3,28,17,0.041889891028404236
classifier.2,3,28,18,0.015396598726511002
classifier.2,3,28,19,0.055515214800834656
classifier.2,3,28,20,0.10090078413486481
classifier.2,3,28,21,0.04014033079147339
classifier.2,3,28,22,0.08417196571826935
classifier.2,3,28,23,0.1821146458387375
classifier.2,3,28,24,0.1298724114894867
classifier.2,3,28,25,0.10371401160955429
classifier.2,3,28,26,0.02804574742913246
classifier.2,3,28,27,0.031002745032310486
classifier.2,3,28,29,0.12307015806436539
classifier.2,3,28,30,0.07424383610486984
classifier.2,3,28,31,0.1465151309967041
classifier.2,3,28,32,0.06241103261709213
classifier.2,3,28,33,0.06575361639261246
classifier.2,3,28,34,0.10722203552722931
classifier.2,3,28,35,0.2748951315879822
classifier.2,3,28,36,0.03384091332554817
classifier.2,3,28,37,0.008098538964986801
classifier.2,3,28,38,0.022542960941791534
classifier.2,3,28,39,0.06528642773628235
classifier.2,3,28,40,0.11166344583034515
classifier.2,3,28,41,0.21871133148670197
classifier.2,3,28,42,0.0906280130147934
classifier.2,3,28,43,0.032821279019117355
classifier.2,3,28,44,0.14378178119659424
classifier.2,3,28,45,0.015085481107234955
classifier.2,3,28,46,0.005089037120342255
classifier.2,3,28,47,0.046354521065950394
classifier.2,3,28,48,0.09143182635307312
classifier.2,3,28,49,0.02978278137743473
classifier.2,3,28,50,0.033511798828840256
classifier.2,3,28,51,0.16617357730865479
classifier.2,3,28,52,0.007698530331254005
classifier.2,3,28,53,0.15569917857646942
classifier.2,3,28,54,0.12778274714946747
classifier.2,3,28,55,0.00150318443775177
classifier.2,3,28,56,0.06706586480140686
classifier.2,3,28,57,0.12814000248908997
classifier.2,3,28,58,0.0692385733127594
classifier.2,3,28,59,0.1535380780696869
classifier.2,3,28,60,0.031191181391477585
classifier.2,3,28,61,0.004197344183921814
classifier.2,3,29,0,0.11981028318405151
classifier.2,3,29,1,0.01656101830303669
classifier.2,3,29,2,0.14678116142749786
classifier.2,3,29,3,0.13555075228214264
classifier.2,3,29,4,0.07006919384002686
classifier.2,3,29,5,0.14554239809513092
classifier.2,3,29,6,0.005852894391864538
classifier.2,3,29,7,0.07735948264598846
classifier.2,3,29,8,0.025381825864315033
classifier.2,3,29,9,0.20684875547885895
classifier.2,3,29,10,0.031422264873981476
classifier.2,3,29,11,0.10105906426906586
classifier.2,3,29,12,0.09053091704845428
classifier.2,3,29,13,0.2551036477088928
classifier.2,3,29,14,0.018504971638321877
classifier.2,3,29,15,0.22062338888645172
classifier.2,3,29,16,0.10547655075788498
classifier.2,3,29,17,0.14013256132602692
classifier.2,3,29,18,0.02509710192680359
classifier.2,3,29,19,0.25867128372192383
classifier.2,3,29,20,0.1969316303730011
classifier.2,3,29,21,0.11704076826572418
classifier.2,3,29,22,0.016535941511392593
classifier.2,3,29,23,0.1079949289560318
classifier.2,3,29,24,0.1361207216978073
classifier.2,3,29,25,0.22852885723114014
classifier.2,3,29,26,0.042672790586948395
classifier.2,3,29,27,0.14256225526332855
classifier.2,3,29,28,0.12307015806436539
classifier.2,3,29,30,0.07091999053955078
classifier.2,3,29,31,0.14163777232170105
classifier.2,3,29,32,0.015216332860291004
classifier.2,3,29,33,0.16336193680763245
classifier.2,3,29,34,0.11110224574804306
classifier.2,3,29,35,0.2165396809577942
classifier.2,3,29,36,0.03808736801147461
classifier.2,3,29,37,0.02476518601179123
classifier.2,3,29,38,0.05985293537378311
classifier.2,3,29,39,0.2175120711326599
classifier.2,3,29,40,0.11534588038921356
classifier.2,3,29,41,0.2550991177558899
classifier.2,3,29,42,0.1756860315799713
classifier.2,3,29,43,0.23693779110908508
classifier.2,3,29,44,0.06347393989562988
classifier.2,3,29,45,0.1188121810555458
classifier.2,3,29,46,0.3439829349517822
classifier.2,3,29,47,0.045571208000183105
classifier.2,3,29,48,0.08633217960596085
classifier.2,3,29,49,0.09322026371955872
classifier.2,3,29,50,0.14533531665802002
classifier.2,3,29,51,0.17746570706367493
classifier.2,3,29,52,0.14041046798229218
classifier.2,3,29,53,0.05563082545995712
classifier.2,3,29,54,0.12863372266292572
classifier.2,3,29,55,0.6647387146949768
classifier.2,3,29,56,0.055192798376083374
classifier.2,3,29,57,0.02622009441256523
classifier.2,3,29,58,0.030819455161690712
classifier.2,3,29,59,0.06534844636917114
classifier.2,3,29,60,0.07281763851642609
classifier.2,3,29,61,0.016273722052574158
classifier.2,3,30,0,0.05170741304755211
classifier.2,3,30,1,0.11308716237545013
classifier.2,3,30,2,0.13615569472312927
classifier.2,3,30,3,0.12005144357681274
classifier.2,3,30,4,0.17400017380714417
classifier.2,3,30,5,0.040123000741004944
classifier.2,3,30,6,0.18850554525852203
classifier.2,3,30,7,0.005715649574995041
classifier.2,3,30,8,0.15105324983596802
classifier.2,3,30,9,0.016101935878396034
classifier.2,3,30,10,0.01637161150574684
classifier.2,3,30,11,0.027113202959299088
classifier.2,3,30,12,0.19855085015296936
classifier.2,3,30,13,0.050594352185726166
classifier.2,3,30,14,0.02450137585401535
classifier.2,3,30,15,0.23405443131923676
classifier.2,3,30,16,0.15298505127429962
classifier.2,3,30,17,0.20167791843414307
classifier.2,3,30,18,0.05126112699508667
classifier.2,3,30,19,0.21784770488739014
classifier.2,3,30,20,0.0678197592496872
classifier.2,3,30,21,0.28681209683418274
classifier.2,3,30,22,0.06551825255155563
classifier.2,3,30,23,0.04728040099143982
classifier.2,3,30,24,0.06103692203760147
classifier.2,3,30,25,0.023173943161964417
classifier.2,3,30,26,0.016693174839019775
classifier.2,3,30,27,0.024046722799539566
classifier.2,3,30,28,0.07424383610486984
classifier.2,3,30,29,0.07091999053955078
classifier.2,3,30,31,0.16348043084144592
classifier.2,3,30,32,0.030540885403752327
classifier.2,3,30,33,0.2362471967935562
classifier.2,3,30,34,0.1914304494857788
classifier.2,3,30,35,0.05361851677298546
classifier.2,3,30,36,0.09010039269924164
classifier.2,3,30,37,0.04292503744363785
classifier.2,3,30,38,0.22005727887153625
classifier.2,3,30,39,0.06300950050354004
classifier.2,3,30,40,0.02120821364223957
classifier.2,3,30,41,0.11397933214902878
classifier.2,3,30,42,0.14271411299705505
classifier.2,3,30,43,0.1680842638015747
classifier.2,3,30,44,0.25448939204216003
classifier.2,3,30,45,0.0025411173701286316
classifier.2,3,30,46,0.02607954479753971
classifier.2,3,30,47,0.12310118973255157
classifier.2,3,30,48,0.1835876703262329
classifier.2,3,30,49,0.04291374608874321
classifier.2,3,30,50,0.042392581701278687
classifier.2,3,30,51,0.020333178341388702
classifier.2,3,30,52,0.024305280297994614
classifier.2,3,30,53,0.10349810123443604
classifier.2,3,30,54,0.09859487414360046
classifier.2,3,30,55,0.006436275318264961
classifier.2,3,30,56,0.6212992668151855
classifier.2,3,30,57,0.4633750319480896
classifier.2,3,30,58,0.12185965478420258
classifier.2,3,30,59,0.2832900583744049
classifier.2,3,30,60,0.03896542638540268
classifier.2,3,30,61,0.2040461301803589
classifier.2,3,31,0,0.13984602689743042
classifier.2,3,31,1,0.09887049347162247
classifier.2,3,31,2,0.0360439233481884
classifier.2,3,31,3,0.08305813372135162
classifier.2,3,31,4,0.006577096879482269
classifier.2,3,31,5,0.18356594443321228
classifier.2,3,31,6,0.23283809423446655
classifier.2,3,31,7,0.006677247583866119
classifier.2,3,31,8,0.3328985869884491
classifier.2,3,31,9,0.0305388905107975
classifier.2,3,31,10,0.2647068202495575
classifier.2,3,31,11,0.15762311220169067
classifier.2,3,31,12,0.16728834807872772
classifier.2,3,31,13,0.05582316219806671
classifier.2,3,31,14,0.06639303267002106
classifier.2,3,31,15,0.15523923933506012
classifier.2,3,31,16,0.24272441864013672
classifier.2,3,31,17,0.021688833832740784
classifier.2,3,31,18,0.03419920802116394
classifier.2,3,31,19,0.1426355093717575
classifier.2,3,31,20,0.0495884045958519
classifier.2,3,31,21,0.16811548173427582
classifier.2,3,31,22,0.02257855236530304
classifier.2,3,31,23,0.2643524408340454
classifier.2,3,31,24,0.07049015909433365
classifier.2,3,31,25,0.4326724410057068
classifier.2,3,31,26,0.06965038925409317
classifier.2,3,31,27,0.018281543627381325
classifier.2,3,31,28,0.1465151309967041
classifier.2,3,31,29,0.14163777232170105
classifier.2,3,31,30,0.16348043084144592
classifier.2,3,31,32,0.34834086894989014
classifier.2,3,31,33,0.167131245136261
classifier.2,3,31,34,0.16426536440849304
classifier.2,3,31,35,0.003888700157403946
classifier.2,3,31,36,0.3529191315174103
classifier.2,3,31,37,0.1395721584558487
classifier.2,3,31,38,0.38136905431747437
classifier.2,3,31,39,0.10224476456642151
classifier.2,3,31,40,0.016703680157661438
classifier.2,3,31,41,0.1222464069724083
classifier.2,3,31,42,0.294348806142807
classifier.2,3,31,43,0.0663420632481575
classifier.2,3,31,44,0.12447705864906311
classifier.2,3,31,45,0.09850699454545975
classifier.2,3,31,46,0.08862471580505371
classifier.2,3,31,47,0.2215557098388672
classifier.2,3,31,48,0.08295753598213196
classifier.2,3,31,49,0.19128654897212982
classifier.2,3,31,50,0.4670138359069824
classifier.2,3,31,51,0.3167939782142639
classifier.2,3,31,52,0.010399967432022095
classifier.2,3,31,53,0.0028836699202656746
classifier.2,3,31,54,0.3512907326221466
classifier.2,3,31,55,0.1227773129940033
classifier.2,3,31,56,0.3140522241592407
classifier.2,3,31,57,0.1837075799703598
classifier.2,3,31,58,0.334725946187973
classifier.2,3,31,59,0.1751241683959961
classifier.2,3,31,60,0.24692708253860474
classifier.2,3,31,61,0.0676916316151619
classifier.2,3,32,0,0.3770866394042969
classifier.2,3,32,1,0.050260722637176514
classifier.2,3,32,2,0.11204882711172104
classifier.2,3,32,3,0.16889411211013794
classifier.2,3,32,4,0.15057162940502167
classifier.2,3,32,5,0.07305559515953064
classifier.2,3,32,6,0.03292214870452881
classifier.2,3,32,7,0.10513383150100708
classifier.2,3,32,8,0.20387405157089233
classifier.2,3,32,9,0.14053881168365479
classifier.2,3,32,10,0.00573040172457695
classifier.2,3,32,11,0.05727148801088333
classifier.2,3,32,12,0.08362697064876556
classifier.2,3,32,13,0.12878403067588806
classifier.2,3,32,14,0.018753673881292343
classifier.2,3,32,15,0.14078080654144287
classifier.2,3,32,16,0.07045406848192215
classifier.2,3,32,17,0.03799954056739807
classifier.2,3,32,18,0.2664017081260681
classifier.2,3,32,19,0.05766158550977707
classifier.2,3,32,20,0.13069021701812744
classifier.2,3,32,21,0.02585146576166153
classifier.2,3,32,22,0.19404342770576477
classifier.2,3,32,23,0.11111848056316376
classifier.2,3,32,24,0.38450777530670166
classifier.2,3,32,25,0.33051764965057373
classifier.2,3,32,26,0.26443547010421753
classifier.2,3,32,27,0.12575680017471313
classifier.2,3,32,28,0.06241103261709213
classifier.2,3,32,29,0.015216332860291004
classifier.2,3,32,30,0.030540885403752327
classifier.2,3,32,31,0.34834086894989014
classifier.2,3,32,33,0.5288541913032532
classifier.2,3,32,34,0.28180578351020813
classifier.2,3,32,35,0.08284308016300201
classifier.2,3,32,36,0.18967653810977936
classifier.2,3,32,37,0.09249556064605713
classifier.2,3,32,38,0.2223922312259674
classifier.2,3,32,39,0.24450582265853882
classifier.2,3,32,40,0.06573789566755295
classifier.2,3,32,41,0.1255723536014557
classifier.2,3,32,42,0.09280232340097427
classifier.2,3,32,43,0.195245161652565
classifier.2,3,32,44,0.11419142037630081
classifier.2,3,32,45,0.007713105529546738
classifier.2,3,32,46,0.013497106730937958
classifier.2,3,32,47,0.16406850516796112
classifier.2,3,32,48,0.15148042142391205
classifier.2,3,32,49,0.26639169454574585
classifier.2,3,32,50,0.3578532636165619
classifier.2,3,32,51,0.3785679340362549
classifier.2,3,32,52,0.03803127259016037
classifier.2,3,32,53,0.15421894192695618
classifier.2,3,32,54,0.27760767936706543
classifier.2,3,32,55,0.13017769157886505
classifier.2,3,32,56,0.21909832954406738
classifier.2,3,32,57,0.1726568639278412
classifier.2,3,32,58,0.8462076187133789
classifier.2,3,32,59,0.4886499345302582
classifier.2,3,32,60,0.03417186439037323
classifier.2,3,32,61,0.3085813820362091
classifier.2,3,33,0,0.2564474940299988
classifier.2,3,33,1,0.03227652609348297
classifier.2,3,33,2,0.05143452435731888
classifier.2,3,33,3,0.05332744121551514
classifier.2,3,33,4,0.211397185921669
classifier.2,3,33,5,0.04254135489463806
classifier.2,3,33,6,0.21023604273796082
classifier.2,3,33,7,0.03151141107082367
classifier.2,3,33,8,0.09319014847278595
classifier.2,3,33,9,0.013101056218147278
classifier.2,3,33,10,0.029601138085126877
classifier.2,3,33,11,0.09147173911333084
classifier.2,3,33,12,0.049059174954891205
classifier.2,3,33,13,0.19864851236343384
classifier.2,3,33,14,0.09353404492139816
classifier.2,3,33,15,0.0635281354188919
classifier.2,3,33,16,0.0017063245177268982
classifier.2,3,33,17,0.07585480809211731
classifier.2,3,33,18,0.20428933203220367
classifier.2,3,33,19,0.1288588047027588
classifier.2,3,33,20,0.21348729729652405
classifier.2,3,33,21,0.11453188210725784
classifier.2,3,33,22,0.17251862585544586
classifier.2,3,33,23,0.01060999184846878
classifier.2,3,33,24,0.2966914474964142
classifier.2,3,33,25,0.2808493375778198
classifier.2,3,33,26,0.2072608470916748
classifier.2,3,33,27,0.2864478528499603
classifier.2,3,33,28,0.06575361639261246
classifier.2,3,33,29,0.16336193680763245
classifier.2,3,33,30,0.2362471967935562
classifier.2,3,33,31,0.167131245136261
classifier.2,3,33,32,0.5288541913032532
classifier.2,3,33,34,0.39531806111335754
classifier.2,3,33,35,0.22022929787635803
classifier.2,3,33,36,0.23768317699432373
classifier.2,3,33,37,0.2438005805015564
classifier.2,3,33,38,0.26780033111572266
classifier.2,3,33,39,0.2175983190536499
classifier.2,3,33,40,0.0010142994578927755
classifier.2,3,33,41,0.016375191509723663
classifier.2,3,33,42,0.08280585706233978
classifier.2,3,33,43,0.1904294341802597
classifier.2,3,33,44,0.3163016736507416
classifier.2,3,33,45,0.003279775381088257
classifier.2,3,33,46,0.22981756925582886
classifier.2,3,33,47,0.25966906547546387
classifier.2,3,33,48,0.1879616230726242
classifier.2,3,33,49,0.12279048562049866
classifier.2,3,33,50,0.30092328786849976
classifier.2,3,33,51,0.29526516795158386
classifier.2,3,33,52,0.03855528309941292
classifier.2,3,33,53,0.2184954732656479
classifier.2,3,33,54,0.12300551682710648
classifier.2,3,33,55,0.091268390417099
classifier.2,3,33,56,0.3454647362232208
classifier.2,3,33,57,0.38983654975891113
classifier.2,3,33,58,0.5135911703109741
classifier.2,3,33,59,0.7976593971252441
classifier.2,3,33,60,0.06235481798648834
classifier.2,3,33,61,0.2253110408782959
classifier.2,3,34,0,0.019217105582356453
classifier.2,3,34,1,0.0743369311094284
classifier.2,3,34,2,0.0734448954463005
classifier.2,3,34,3,0.02160579338669777
classifier.2,3,34,4,0.3040708899497986
classifier.2,3,34,5,0.119042307138443
classifier.2,3,34,6,0.25933635234832764
classifier.2,3,34,7,0.06610309332609177
classifier.2,3,34,8,0.04703184962272644
classifier.2,3,34,9,0.1348225474357605
classifier.2,3,34,10,0.0951155424118042
classifier.2,3,34,11,0.0383661687374115
classifier.2,3,34,12,0.2776997685432434
classifier.2,3,34,13,0.09509854018688202
classifier.2,3,34,14,0.18894672393798828
classifier.2,3,34,15,0.08733963966369629
classifier.2,3,34,16,0.08025616407394409
classifier.2,3,34,17,0.20411276817321777
classifier.2,3,34,18,0.1855861246585846
classifier.2,3,34,19,0.1921689510345459
classifier.2,3,34,20,0.2741716802120209
classifier.2,3,34,21,0.12112422287464142
classifier.2,3,34,22,0.18224698305130005
classifier.2,3,34,23,0.053646303713321686
classifier.2,3,34,24,0.06066779047250748
classifier.2,3,34,25,0.4641420245170593
classifier.2,3,34,26,0.02120782621204853
classifier.2,3,34,27,0.021124985069036484
classifier.2,3,34,28,0.10722203552722931
classifier.2,3,34,29,0.11110224574804306
classifier.2,3,34,30,0.1914304494857788
classifier.2,3,34,31,0.16426536440849304
classifier.2,3,34,32,0.28180578351020813
classifier.2,3,34,33,0.39531806111335754
classifier.2,3,34,35,0.3188038468360901
classifier.2,3,34,36,0.2915967106819153
classifier.2,3,34,37,0.22350043058395386
classifier.2,3,34,38,0.3047071099281311
classifier.2,3,34,39,0.08660434186458588
classifier.2,3,34,40,0.03009573370218277
classifier.2,3,34,41,0.1836906224489212
classifier.2,3,34,42,0.10371653735637665
classifier.2,3,34,43,0.12445865571498871
classifier.2,3,34,44,0.2919367849826813
classifier.2,3,34,45,0.06306204199790955
classifier.2,3,34,46,0.22473610937595367
classifier.2,3,34,47,0.3247149586677551
classifier.2,3,34,48,0.25705277919769287
classifier.2,3,34,49,0.17013826966285706
classifier.2,3,34,50,0.033570289611816406
classifier.2,3,34,51,0.3600649833679199
classifier.2,3,34,52,0.11417737603187561
classifier.2,3,34,53,0.03303956240415573
classifier.2,3,34,54,0.19393420219421387
classifier.2,3,34,55,0.0009061731398105621
classifier.2,3,34,56,0.26093578338623047
classifier.2,3,34,57,0.21463653445243835
classifier.2,3,34,58,0.3003712594509125
classifier.2,3,34,59,0.38239172101020813
classifier.2,3,34,60,0.15684908628463745
classifier.2,3,34,61,0.18974009156227112
classifier.2,3,35,0,0.08052150160074234
classifier.2,3,35,1,0.018017787486314774
classifier.2,3,35,2,0.7729814648628235
classifier.2,3,35,3,0.15618400275707245
classifier.2,3,35,4,0.122439444065094
classifier.2,3,35,5,0.257583349943161
classifier.2,3,35,6,0.16124585270881653
classifier.2,3,35,7,0.031014729291200638
classifier.2,3,35,8,0.137438103556633
classifier.2,3,35,9,0.026694346219301224
classifier.2,3,35,10,0.051717519760131836
classifier.2,3,35,11,0.3522743582725525
classifier.2,3,35,12,0.0980239063501358
classifier.2,3,35,13,0.15551835298538208
classifier.2,3,35,14,0.2645796239376068
classifier.2,3,35,15,0.18031558394432068
classifier.2,3,35,16,0.13603195548057556
classifier.2,3,35,17,0.013853531330823898
classifier.2,3,35,18,0.08929671347141266
classifier.2,3,35,19,0.22317199409008026
classifier.2,3,35,20,0.3660704493522644
classifier.2,3,35,21,0.08014937490224838
classifier.2,3,35,22,0.0037091076374053955
classifier.2,3,35,23,0.0657241940498352
classifier.2,3,35,24,0.11992117017507553
classifier.2,3,35,25,0.21635136008262634
classifier.2,3,35,26,0.052159544080495834
classifier.2,3,35,27,0.16102859377861023
classifier.2,3,35,28,0.2748951315879822
classifier.2,3,35,29,0.2165396809577942
classifier.2,3,35,30,0.05361851677298546
classifier.2,3,35,31,0.003888700157403946
classifier.2,3,35,32,0.08284308016300201
classifier.2,3,35,33,0.22022929787635803
classifier.2,3,35,34,0.3188038468360901
classifier.2,3,35,36,0.04625766724348068
classifier.2,3,35,37,0.11287085711956024
classifier.2,3,35,38,0.027740443125367165
classifier.2,3,35,39,0.018580690026283264
classifier.2,3,35,40,0.08014019578695297
classifier.2,3,35,41,0.26860311627388
classifier.2,3,35,42,0.009798036888241768
classifier.2,3,35,43,0.11747332662343979
classifier.2,3,35,44,0.2020643651485443
classifier.2,3,35,45,0.13041120767593384
classifier.2,3,35,46,0.202903613448143
classifier.2,3,35,47,0.005947142839431763
classifier.2,3,35,48,0.046694546937942505
classifier.2,3,35,49,0.0032621361315250397
classifier.2,3,35,50,0.030119936913251877
classifier.2,3,35,51,0.21509861946105957
classifier.2,3,35,52,0.00405590794980526
classifier.2,3,35,53,0.09981919825077057
classifier.2,3,35,54,0.07507815957069397
classifier.2,3,35,55,0.005455169826745987
classifier.2,3,35,56,0.12723276019096375
classifier.2,3,35,57,0.01199980080127716
classifier.2,3,35,58,0.09290474653244019
classifier.2,3,35,59,0.13439509272575378
classifier.2,3,35,60,0.01579429768025875
classifier.2,3,35,61,0.2674831748008728
classifier.2,3,36,0,0.07934944331645966
classifier.2,3,36,1,0.01323382556438446
classifier.2,3,36,2,0.13789992034435272
classifier.2,3,36,3,0.0648513212800026
classifier.2,3,36,4,0.01929067261517048
classifier.2,3,36,5,0.1085447371006012
classifier.2,3,36,6,0.03154030814766884
classifier.2,3,36,7,0.015089428052306175
classifier.2,3,36,8,0.07488566637039185
classifier.2,3,36,9,0.09537483751773834
classifier.2,3,36,10,0.13357186317443848
classifier.2,3,36,11,0.029268383979797363
classifier.2,3,36,12,0.04942621290683746
classifier.2,3,36,13,0.06826294958591461
classifier.2,3,36,14,0.2416074275970459
classifier.2,3,36,15,0.2034069299697876
classifier.2,3,36,16,0.18587440252304077
classifier.2,3,36,17,0.16084088385105133
classifier.2,3,36,18,0.22789928317070007
classifier.2,3,36,19,0.01565270870923996
classifier.2,3,36,20,0.12337231636047363
classifier.2,3,36,21,0.01298532448709011
classifier.2,3,36,22,0.023814121261239052
classifier.2,3,36,23,0.028816260397434235
classifier.2,3,36,24,0.04757777601480484
classifier.2,3,36,25,0.16736581921577454
classifier.2,3,36,26,0.27956610918045044
classifier.2,3,36,27,0.03291652351617813
classifier.2,3,36,28,0.03384091332554817
classifier.2,3,36,29,0.03808736801147461
classifier.2,3,36,30,0.09010039269924164
classifier.2,3,36,31,0.3529191315174103
classifier.2,3,36,32,0.18967653810977936
classifier.2,3,36,33,0.23768317699432373
classifier.2,3,36,34,0.2915967106819153
classifier.2,3,36,35,0.04625766724348068
classifier.2,3,36,37,0.20650625228881836
classifier.2,3,36,38,0.014761164784431458
classifier.2,3,36,39,0.032377589493989944
classifier.2,3,36,40,0.11281589418649673
classifier.2,3,36,41,0.08148279786109924
classifier.2,3,36,42,0.16044190526008606
classifier.2,3,36,43,0.043903790414333344
classifier.2,3,36,44,0.2907316982746124
classifier.2,3,36,45,0.0007725576870143414
classifier.2,3,36,46,0.018628209829330444
classifier.2,3,36,47,0.23651692271232605
classifier.2,3,36,48,0.12961401045322418
classifier.2,3,36,49,0.09150166809558868
classifier.2,3,36,50,0.2041841596364975
classifier.2,3,36,51,0.05023086071014404
classifier.2,3,36,52,0.044508688151836395
classifier.2,3,36,53,0.11943008005619049
classifier.2,3,36,54,0.22142279148101807
classifier.2,3,36,55,0.12979254126548767
classifier.2,3,36,56,0.12761223316192627
classifier.2,3,36,57,0.06039803847670555
classifier.2,3,36,58,0.14137238264083862
classifier.2,3,36,59,0.2334403097629547
classifier.2,3,36,60,0.011453002691268921
classifier.2,3,36,61,0.09684903919696808
classifier.2,3,37,0,0.007683813571929932
classifier.2,3,37,1,0.1621413230895996
classifier.2,3,37,2,0.058034900575876236
classifier.2,3,37,3,0.10199899971485138
classifier.2,3,37,4,0.2507137656211853
classifier.2,3,37,5,0.0022624097764492035
classifier.2,3,37,6,0.8191196322441101
classifier.2,3,37,7,0.1359303593635559
classifier.2,3,37,8,0.03394833207130432
classifier.2,3,37,9,0.13850389420986176
classifier.2,3,37,10,0.1917487531900406
classifier.2,3,37,11,0.11584145575761795
classifier.2,3,37,12,0.09779652953147888
classifier.2,3,37,13,0.40335705876350403
classifier.2,3,37,14,0.031786657869815826
classifier.2,3,37,15,0.07168813794851303
classifier.2,3,37,16,0.022278666496276855
classifier.2,3,37,17,0.127793550491333
classifier.2,3,37,18,0.02308840863406658
classifier.2,3,37,19,0.03896696865558624
classifier.2,3,37,20,0.17464382946491241
classifier.2,3,37,21,0.12335293740034103
classifier.2,3,37,22,0.021905172616243362
classifier.2,3,37,23,0.08778911828994751
classifier.2,3,37,24,0.029612287878990173
classifier.2,3,37,25,0.01809142529964447
classifier.2,3,37,26,0.12734466791152954
classifier.2,3,37,27,0.15318787097930908
classifier.2,3,37,28,0.008098538964986801
classifier.2,3,37,29,0.02476518601179123
classifier.2,3,37,30,0.04292503744363785
classifier.2,3,37,31,0.1395721584558487
classifier.2,3,37,32,0.09249556064605713
classifier.2,3,37,33,0.2438005805015564
classifier.2,3,37,34,0.22350043058395386
classifier.2,3,37,35,0.11287085711956024
classifier.2,3,37,36,0.20650625228881836
classifier.2,3,37,38,0.05249795317649841
classifier.2,3,37,39,0.17358021438121796
classifier.2,3,37,40,0.03083086758852005
classifier.2,3,37,41,0.0949358344078064
classifier.2,3,37,42,0.0526634082198143
classifier.2,3,37,43,0.10951026529073715
classifier.2,3,37,44,0.1244109719991684
classifier.2,3,37,45,0.028916865587234497
classifier.2,3,37,46,0.15738317370414734
classifier.2,3,37,47,0.2642803490161896
classifier.2,3,37,48,0.040285803377628326
classifier.2,3,37,49,0.016725271940231323
classifier.2,3,37,50,0.0018934085965156555
classifier.2,3,37,51,0.018509356305003166
classifier.2,3,37,52,0.20498687028884888
classifier.2,3,37,53,0.08022288233041763
classifier.2,3,37,54,0.04972544312477112
classifier.2,3,37,55,0.1737653762102127
classifier.2,3,37,56,0.06720288097858429
classifier.2,3,37,57,0.10971467196941376
classifier.2,3,37,58,0.032300371676683426
classifier.2,3,37,59,0.09917943179607391
classifier.2,3,37,60,0.33679360151290894
classifier.2,3,37,61,0.01528942584991455
classifier.2,3,38,0,0.08363915234804153
classifier.2,3,38,1,0.22610154747962952
classifier.2,3,38,2,0.09020508080720901
classifier.2,3,38,3,0.31374263763427734
classifier.2,3,38,4,0.06674604117870331
classifier.2,3,38,5,0.04029088467359543
classifier.2,3,38,6,0.02981356345117092
classifier.2,3,38,7,0.1767721325159073
classifier.2,3,38,8,0.1912638247013092
classifier.2,3,38,9,0.20011398196220398
classifier.2,3,38,10,0.15075764060020447
classifier.2,3,38,11,0.24460984766483307
classifier.2,3,38,12,0.4864104986190796
classifier.2,3,38,13,0.021390702575445175
classifier.2,3,38,14,0.022326067090034485
classifier.2,3,38,15,0.05432179570198059
classifier.2,3,38,16,0.20643772184848785
classifier.2,3,38,17,0.11726880073547363
classifier.2,3,38,18,0.03740870580077171
classifier.2,3,38,19,0.17060843110084534
classifier.2,3,38,20,0.03818611800670624
classifier.2,3,38,21,0.0036271438002586365
classifier.2,3,38,22,0.007673822343349457
classifier.2,3,38,23,0.1078290045261383
classifier.2,3,38,24,0.0666433572769165
classifier.2,3,38,25,0.23483674228191376
classifier.2,3,38,26,0.051638729870319366
classifier.2,3,38,27,0.09040992707014084
classifier.2,3,38,28,0.022542960941791534
classifier.2,3,38,29,0.05985293537378311
classifier.2,3,38,30,0.22005727887153625
classifier.2,3,38,31,0.38136905431747437
classifier.2,3,38,32,0.2223922312259674
classifier.2,3,38,33,0.26780033111572266
classifier.2,3,38,34,0.3047071099281311
classifier.2,3,38,35,0.027740443125367165
classifier.2,3,38,36,0.014761164784431458
classifier.2,3,38,37,0.05249795317649841
classifier.2,3,38,39,0.07680141925811768
classifier.2,3,38,40,0.22989945113658905
classifier.2,3,38,41,0.15632382035255432
classifier.2,3,38,42,0.08863775432109833
classifier.2,3,38,43,0.08120559900999069
classifier.2,3,38,44,0.058391910046339035
classifier.2,3,38,45,0.03927664831280708
classifier.2,3,38,46,0.04586891084909439
classifier.2,3,38,47,0.2856319844722748
classifier.2,3,38,48,0.035043615847826004
classifier.2,3,38,49,0.1788477748632431
classifier.2,3,38,50,0.2738427519798279
classifier.2,3,38,51,0.2566349506378174
classifier.2,3,38,52,0.1479303240776062
classifier.2,3,38,53,0.15880940854549408
classifier.2,3,38,54,0.2959064245223999
classifier.2,3,38,55,0.08451622724533081
classifier.2,3,38,56,0.35072776675224304
classifier.2,3,38,57,0.2053815722465515
classifier.2,3,38,58,0.163261279463768
classifier.2,3,38,59,0.341433584690094
classifier.2,3,38,60,0.1073157787322998
classifier.2,3,38,61,0.0542164221405983
classifier.2,3,39,0,0.006590746343135834
classifier.2,3,39,1,0.07959788292646408
classifier.2,3,39,2,0.09706909954547882
classifier.2,3,39,3,0.04480462893843651
classifier.2,3,39,4,0.00943594891577959
classifier.2,3,39,5,0.02492302656173706
classifier.2,3,39,6,0.11378243565559387
classifier.2,3,39,7,0.0450001135468483
classifier.2,3,39,8,0.017321469262242317
classifier.2,3,39,9,0.3541772961616516
classifier.2,3,39,10,0.028978999704122543
classifier.2,3,39,11,0.13155487179756165
classifier.2,3,39,12,0.0018177321180701256
classifier.2,3,39,13,0.07007364183664322
classifier.2,3,39,14,0.034462034702301025
classifier.2,3,39,15,0.09757638722658157
classifier.2,3,39,16,0.1464621126651764
classifier.2,3,39,17,0.2272052764892578
classifier.2,3,39,18,0.128718301653862
classifier.2,3,39,19,0.11034977436065674
classifier.2,3,39,20,0.07785645872354507
classifier.2,3,39,21,0.03029421903192997
classifier.2,3,39,22,0.01807904988527298
classifier.2,3,39,23,0.15165852010250092
classifier.2,3,39,24,0.01958448812365532
classifier.2,3,39,25,0.09689375758171082
classifier.2,3,39,26,0.12700334191322327
classifier.2,3,39,27,0.06369315832853317
classifier.2,3,39,28,0.06528642773628235
classifier.2,3,39,29,0.2175120711326599
classifier.2,3,39,30,0.06300950050354004
classifier.2,3,39,31,0.10224476456642151
classifier.2,3,39,32,0.24450582265853882
classifier.2,3,39,33,0.2175983190536499
classifier.2,3,39,34,0.08660434186458588
classifier.2,3,39,35,0.018580690026283264
classifier.2,3,39,36,0.032377589493989944
classifier.2,3,39,37,0.17358021438121796
classifier.2,3,39,38,0.07680141925811768
classifier.2,3,39,40,0.00538412481546402
classifier.2,3,39,41,0.018931392580270767
classifier.2,3,39,42,0.29973068833351135
classifier.2,3,39,43,0.028708968311548233
classifier.2,3,39,44,0.06325284391641617
classifier.2,3,39,45,0.024347156286239624
classifier.2,3,39,46,0.08506414294242859
classifier.2,3,39,47,0.012143660336732864
classifier.2,3,39,48,0.1789746731519699
classifier.2,3,39,49,0.2353018969297409
classifier.2,3,39,50,0.27767014503479004
classifier.2,3,39,51,0.20801112055778503
classifier.2,3,39,52,0.14549316465854645
classifier.2,3,39,53,0.29271912574768066
classifier.2,3,39,54,0.010394670069217682
classifier.2,3,39,55,0.1912609189748764
classifier.2,3,39,56,0.13943323493003845
classifier.2,3,39,57,0.08843342959880829
classifier.2,3,39,58,0.22179585695266724
classifier.2,3,39,59,0.14480474591255188
classifier.2,3,39,60,0.06702728569507599
classifier.2,3,39,61,0.1841328740119934
classifier.2,3,40,0,0.2882961630821228
classifier.2,3,40,1,0.10367872565984726
classifier.2,3,40,2,0.06877013295888901
classifier.2,3,40,3,0.04746012017130852
classifier.2,3,40,4,0.015588724985718727
classifier.2,3,40,5,0.1048949807882309
classifier.2,3,40,6,0.08981847763061523
classifier.2,3,40,7,0.24291156232357025
classifier.2,3,40,8,0.08762727677822113
classifier.2,3,40,9,0.10795582830905914
classifier.2,3,40,10,0.023394178599119186
classifier.2,3,40,11,0.027081400156021118
classifier.2,3,40,12,0.5333695411682129
classifier.2,3,40,13,0.059919897466897964
classifier.2,3,40,14,0.16816340386867523
classifier.2,3,40,15,0.08291032165288925
classifier.2,3,40,16,0.052293822169303894
classifier.2,3,40,17,0.027203883975744247
classifier.2,3,40,18,0.0028690597973763943
classifier.2,3,40,19,0.2100144624710083
classifier.2,3,40,20,0.07006967067718506
classifier.2,3,40,21,0.15575949847698212
classifier.2,3,40,22,0.0082583948969841
classifier.2,3,40,23,0.20119255781173706
classifier.2,3,40,24,0.242296040058136
classifier.2,3,40,25,0.013010052964091301
classifier.2,3,40,26,0.20962199568748474
classifier.2,3,40,27,0.025754477828741074
classifier.2,3,40,28,0.11166344583034515
classifier.2,3,40,29,0.11534588038921356
classifier.2,3,40,30,0.02120821364223957
classifier.2,3,40,31,0.016703680157661438
classifier.2,3,40,32,0.06573789566755295
classifier.2,3,40,33,0.0010142994578927755
classifier.2,3,40,34,0.03009573370218277
classifier.2,3,40,35,0.08014019578695297
classifier.2,3,40,36,0.11281589418649673
classifier.2,3,40,37,0.03083086758852005
classifier.2,3,40,38,0.22989945113658905
classifier.2,3,40,39,0.00538412481546402
classifier.2,3,40,41,0.029148638248443604
classifier.2,3,40,42,0.1309778392314911
classifier.2,3,40,43,0.409358948469162
classifier.2,3,40,44,0.062321919947862625
classifier.2,3,40,45,0.16859225928783417
classifier.2,3,40,46,0.030390596017241478
classifier.2,3,40,47,0.10830363631248474
classifier.2,3,40,48,0.023120678961277008
classifier.2,3,40,49,0.05318149924278259
classifier.2,3,40,50,0.11837255954742432
classifier.2,3,40,51,0.1258392632007599
classifier.2,3,40,52,0.16218063235282898
classifier.2,3,40,53,0.1046329140663147
classifier.2,3,40,54,0.053780000656843185
classifier.2,3,40,55,0.039023663848638535
classifier.2,3,40,56,0.04798063635826111
classifier.2,3,40,57,0.20932362973690033
classifier.2,3,40,58,0.28542110323905945
classifier.2,3,40,59,0.002088390290737152
classifier.2,3,40,60,0.09399105608463287
classifier.2,3,40,61,0.19887156784534454
classifier.2,3,41,0,0.12550169229507446
classifier.2,3,41,1,0.0842503011226654
classifier.2,3,41,2,0.31478551030158997
classifier.2,3,41,3,0.06735522300004959
classifier.2,3,41,4,0.10384200513362885
classifier.2,3,41,5,0.2326677441596985
classifier.2,3,41,6,0.21682219207286835
classifier.2,3,41,7,0.11248470097780228
classifier.2,3,41,8,0.06795244663953781
classifier.2,3,41,9,0.03896983340382576
classifier.2,3,41,10,0.056156206876039505
classifier.2,3,41,11,0.00912037119269371
classifier.2,3,41,12,0.17447465658187866
classifier.2,3,41,13,0.011728194542229176
classifier.2,3,41,14,0.010965261608362198
classifier.2,3,41,15,0.49605870246887207
classifier.2,3,41,16,0.0896250307559967
classifier.2,3,41,17,0.11527276039123535
classifier.2,3,41,18,0.10664691776037216
classifier.2,3,41,19,0.21406275033950806
classifier.2,3,41,20,0.2859785258769989
classifier.2,3,41,21,0.009676560759544373
classifier.2,3,41,22,0.07440679520368576
classifier.2,3,41,23,0.16791684925556183
classifier.2,3,41,24,0.10582998394966125
classifier.2,3,41,25,0.3024022579193115
classifier.2,3,41,26,0.15023618936538696
classifier.2,3,41,27,0.005125444382429123
classifier.2,3,41,28,0.21871133148670197
classifier.2,3,41,29,0.2550991177558899
classifier.2,3,41,30,0.11397933214902878
classifier.2,3,41,31,0.1222464069724083
classifier.2,3,41,32,0.1255723536014557
classifier.2,3,41,33,0.016375191509723663
classifier.2,3,41,34,0.1836906224489212
classifier.2,3,41,35,0.26860311627388
classifier.2,3,41,36,0.08148279786109924
classifier.2,3,41,37,0.0949358344078064
classifier.2,3,41,38,0.15632382035255432
classifier.2,3,41,39,0.018931392580270767
classifier.2,3,41,40,0.029148638248443604
classifier.2,3,41,42,0.16336363554000854
classifier.2,3,41,43,0.18963715434074402
classifier.2,3,41,44,0.11536405235528946
classifier.2,3,41,45,0.029131418094038963
classifier.2,3,41,46,0.2514043152332306
classifier.2,3,41,47,0.05916218459606171
classifier.2,3,41,48,0.0629112645983696
classifier.2,3,41,49,0.1569979190826416
classifier.2,3,41,50,0.1391497552394867
classifier.2,3,41,51,0.28256756067276
classifier.2,3,41,52,0.07243504375219345
classifier.2,3,41,53,0.05505688488483429
classifier.2,3,41,54,0.08392949402332306
classifier.2,3,41,55,0.07887688279151917
classifier.2,3,41,56,0.17979568243026733
classifier.2,3,41,57,0.127711683511734
classifier.2,3,41,58,0.03194993734359741
classifier.2,3,41,59,0.05232818424701691
classifier.2,3,41,60,0.0016111787408590317
classifier.2,3,41,61,0.19658569991588593
classifier.2,3,42,0,0.11898006498813629
classifier.2,3,42,1,0.024750659242272377
classifier.2,3,42,2,0.02376883290708065
classifier.2,3,42,3,0.05960801616311073
classifier.2,3,42,4,0.03714033216238022
classifier.2,3,42,5,0.13068094849586487
classifier.2,3,42,6,0.07353357970714569
classifier.2,3,42,7,0.1000182181596756
classifier.2,3,42,8,0.08402609825134277
classifier.2,3,42,9,0.47629570960998535
classifier.2,3,42,10,0.15757429599761963
classifier.2,3,42,11,0.07086911797523499
classifier.2,3,42,12,0.06300409138202667
classifier.2,3,42,13,0.1472473442554474
classifier.2,3,42,14,0.009322131983935833
classifier.2,3,42,15,0.14753447473049164
classifier.2,3,42,16,0.062418147921562195
classifier.2,3,42,17,0.10001200437545776
classifier.2,3,42,18,0.09382307529449463
classifier.2,3,42,19,0.1401703655719757
classifier.2,3,42,20,0.0711427628993988
classifier.2,3,42,21,0.020930448547005653
classifier.2,3,42,22,0.21234245598316193
classifier.2,3,42,23,0.10471464693546295
classifier.2,3,42,24,0.15124686062335968
classifier.2,3,42,25,0.07794702053070068
classifier.2,3,42,26,0.09955509752035141
classifier.2,3,42,27,0.04773807153105736
classifier.2,3,42,28,0.0906280130147934
classifier.2,3,42,29,0.1756860315799713
classifier.2,3,42,30,0.14271411299705505
classifier.2,3,42,31,0.294348806142807
classifier.2,3,42,32,0.09280232340097427
classifier.2,3,42,33,0.08280585706233978
classifier.2,3,42,34,0.10371653735637665
classifier.2,3,42,35,0.009798036888241768
classifier.2,3,42,36,0.16044190526008606
classifier.2,3,42,37,0.0526634082198143
classifier.2,3,42,38,0.08863775432109833
classifier.2,3,42,39,0.29973068833351135
classifier.2,3,42,40,0.1309778392314911
classifier.2,3,42,41,0.16336363554000854
classifier.2,3,42,43,0.06469021737575531
classifier.2,3,42,44,0.034789033234119415
classifier.2,3,42,45,0.006600014865398407
classifier.2,3,42,46,0.15344223380088806
classifier.2,3,42,47,0.1587653011083603
classifier.2,3,42,48,0.25782498717308044
classifier.2,3,42,49,0.059019431471824646
classifier.2,3,42,50,0.11080878973007202
classifier.2,3,42,51,0.12013848125934601
classifier.2,3,42,52,0.20211833715438843
classifier.2,3,42,53,0.1313055008649826
classifier.2,3,42,54,0.15354131162166595
classifier.2,3,42,55,0.06711572408676147
classifier.2,3,42,56,0.021103817969560623
classifier.2,3,42,57,0.08039906620979309
classifier.2,3,42,58,0.141432985663414
classifier.2,3,42,59,0.053181566298007965
classifier.2,3,42,60,0.032370179891586304
classifier.2,3,42,61,0.05449948087334633
classifier.2,3,43,0,0.02719629742205143
classifier.2,3,43,1,0.030544884502887726
classifier.2,3,43,2,0.13509857654571533
classifier.2,3,43,3,0.22836680710315704
classifier.2,3,43,4,0.002326980233192444
classifier.2,3,43,5,0.07700107246637344
classifier.2,3,43,6,0.004406794905662537
classifier.2,3,43,7,0.004870221018791199
classifier.2,3,43,8,0.04526815563440323
classifier.2,3,43,9,0.18477018177509308
classifier.2,3,43,10,0.03305106237530708
classifier.2,3,43,11,0.09724035859107971
classifier.2,3,43,12,0.01982259191572666
classifier.2,3,43,13,0.18382784724235535
classifier.2,3,43,14,0.14206530153751373
classifier.2,3,43,15,0.013746730983257294
classifier.2,3,43,16,0.062445301562547684
classifier.2,3,43,17,0.00027555786073207855
classifier.2,3,43,18,0.05300029367208481
classifier.2,3,43,19,0.1216595470905304
classifier.2,3,43,20,0.19348372519016266
classifier.2,3,43,21,0.15455608069896698
classifier.2,3,43,22,0.09672030806541443
classifier.2,3,43,23,0.1523677110671997
classifier.2,3,43,24,0.08213753998279572
classifier.2,3,43,25,0.13234996795654297
classifier.2,3,43,26,0.09389656037092209
classifier.2,3,43,27,0.04964236915111542
classifier.2,3,43,28,0.032821279019117355
classifier.2,3,43,29,0.23693779110908508
classifier.2,3,43,30,0.1680842638015747
classifier.2,3,43,31,0.0663420632481575
classifier.2,3,43,32,0.195245161652565
classifier.2,3,43,33,0.1904294341802597
classifier.2,3,43,34,0.12445865571498871
classifier.2,3,43,35,0.11747332662343979
classifier.2,3,43,36,0.043903790414333344
classifier.2,3,43,37,0.10951026529073715
classifier.2,3,43,38,0.08120559900999069
classifier.2,3,43,39,0.028708968311548233
classifier.2,3,43,40,0.409358948469162
classifier.2,3,43,41,0.18963715434074402
classifier.2,3,43,42,0.06469021737575531
classifier.2,3,43,44,0.2797114849090576
classifier.2,3,43,45,0.2714785039424896
classifier.2,3,43,46,0.14046303927898407
classifier.2,3,43,47,0.05411306023597717
classifier.2,3,43,48,0.11221100389957428
classifier.2,3,43,49,0.03548935055732727
classifier.2,3,43,50,0.011336944997310638
classifier.2,3,43,51,0.02976611815392971
classifier.2,3,43,52,0.05650397762656212
classifier.2,3,43,53,0.030793894082307816
classifier.2,3,43,54,0.029946932569146156
classifier.2,3,43,55,0.148164302110672
classifier.2,3,43,56,0.1949460506439209
classifier.2,3,43,57,0.08864030241966248
classifier.2,3,43,58,0.15135158598423004
classifier.2,3,43,59,0.11810051649808884
classifier.2,3,43,60,0.046404384076595306
classifier.2,3,43,61,0.1747405230998993
classifier.2,3,44,0,0.19650579988956451
classifier.2,3,44,1,0.18886107206344604
classifier.2,3,44,2,0.053338922560214996
classifier.2,3,44,3,0.011637397110462189
classifier.2,3,44,4,0.06872424483299255
classifier.2,3,44,5,0.1289042830467224
classifier.2,3,44,6,0.166426420211792
classifier.2,3,44,7,0.08274593949317932
classifier.2,3,44,8,0.1236833930015564
classifier.2,3,44,9,0.006672760471701622
classifier.2,3,44,10,0.01613388955593109
classifier.2,3,44,11,0.06703059375286102
classifier.2,3,44,12,0.01934066042304039
classifier.2,3,44,13,0.07200193405151367
classifier.2,3,44,14,0.27066749334335327
classifier.2,3,44,15,0.004504377022385597
classifier.2,3,44,16,0.0883031040430069
classifier.2,3,44,17,0.10984484851360321
classifier.2,3,44,18,0.15399722754955292
classifier.2,3,44,19,0.21344046294689178
classifier.2,3,44,20,0.1809852123260498
classifier.2,3,44,21,0.03506498038768768
classifier.2,3,44,22,0.19982083141803741
classifier.2,3,44,23,0.0007687313482165337
classifier.2,3,44,24,0.15382491052150726
classifier.2,3,44,25,0.27760249376296997
classifier.2,3,44,26,0.12092888355255127
classifier.2,3,44,27,0.036444004625082016
classifier.2,3,44,28,0.14378178119659424
classifier.2,3,44,29,0.06347393989562988
classifier.2,3,44,30,0.25448939204216003
classifier.2,3,44,31,0.12447705864906311
classifier.2,3,44,32,0.11419142037630081
classifier.2,3,44,33,0.3163016736507416
classifier.2,3,44,34,0.2919367849826813
classifier.2,3,44,35,0.2020643651485443
classifier.2,3,44,36,0.2907316982746124
classifier.2,3,44,37,0.1244109719991684
classifier.2,3,44,38,0.058391910046339035
classifier.2,3,44,39,0.06325284391641617
classifier.2,3,44,40,0.062321919947862625
classifier.2,3,44,41,0.11536405235528946
classifier.2,3,44,42,0.034789033234119415
classifier.2,3,44,43,0.2797114849090576
classifier.2,3,44,45,0.42090505361557007
classifier.2,3,44,46,0.11063782125711441
classifier.2,3,44,47,0.09585888683795929
classifier.2,3,44,48,0.19871044158935547
classifier.2,3,44,49,0.08337102830410004
classifier.2,3,44,50,0.22848638892173767
classifier.2,3,44,51,0.14641644060611725
classifier.2,3,44,52,0.06797127425670624
classifier.2,3,44,53,0.18174128234386444
classifier.2,3,44,54,0.1441284567117691
classifier.2,3,44,55,0.21736958622932434
classifier.2,3,44,56,0.31468093395233154
classifier.2,3,44,57,0.22429469227790833
classifier.2,3,44,58,0.16265621781349182
classifier.2,3,44,59,0.3360888361930847
classifier.2,3,44,60,0.025578748434782028
classifier.2,3,44,61,0.12593698501586914
classifier.2,3,45,0,0.19755488634109497
classifier.2,3,45,1,0.036241888999938965
classifier.2,3,45,2,0.1474352777004242
classifier.2,3,45,3,0.25204789638519287
classifier.2,3,45,4,0.055862706154584885
classifier.2,3,45,5,0.062077127397060394
classifier.2,3,45,6,0.12861773371696472
classifier.2,3,45,7,0.17127421498298645
classifier.2,3,45,8,0.16622595489025116
classifier.2,3,45,9,0.051365725696086884
classifier.2,3,45,10,0.09938796609640121
classifier.2,3,45,11,0.03649234026670456
classifier.2,3,45,12,0.08088216930627823
classifier.2,3,45,13,0.107811339199543
classifier.2,3,45,14,0.04923669993877411
classifier.2,3,45,15,0.025922568514943123
classifier.2,3,45,16,0.13741420209407806
classifier.2,3,45,17,0.16510559618473053
classifier.2,3,45,18,0.11968621611595154
classifier.2,3,45,19,0.2573484778404236
classifier.2,3,45,20,0.13365040719509125
classifier.2,3,45,21,0.08428959548473358
classifier.2,3,45,22,0.005928158760070801
classifier.2,3,45,23,0.07176543027162552
classifier.2,3,45,24,0.19058245420455933
classifier.2,3,45,25,0.14631347358226776
classifier.2,3,45,26,0.0672975555062294
classifier.2,3,45,27,0.26652002334594727
classifier.2,3,45,28,0.015085481107234955
classifier.2,3,45,29,0.1188121810555458
classifier.2,3,45,30,0.0025411173701286316
classifier.2,3,45,31,0.09850699454545975
classifier.2,3,45,32,0.007713105529546738
classifier.2,3,45,33,0.003279775381088257
classifier.2,3,45,34,0.06306204199790955
classifier.2,3,45,35,0.13041120767593384
classifier.2,3,45,36,0.0007725576870143414
classifier.2,3,45,37,0.028916865587234497
classifier.2,3,45,38,0.03927664831280708
classifier.2,3,45,39,0.024347156286239624
classifier.2,3,45,40,0.16859225928783417
classifier.2,3,45,41,0.029131418094038963
classifier.2,3,45,42,0.006600014865398407
classifier.2,3,45,43,0.2714785039424896
classifier.2,3,45,44,0.42090505361557007
classifier.2,3,45,46,0.017010362818837166
classifier.2,3,45,47,0.026582788676023483
classifier.2,3,45,48,0.0082256980240345
classifier.2,3,45,49,0.02992050163447857
classifier.2,3,45,50,0.06692443042993546
classifier.2,3,45,51,0.01261418592184782
classifier.2,3,45,52,0.0987817794084549
classifier.2,3,45,53,0.05888189747929573
classifier.2,3,45,54,0.046276986598968506
classifier.2,3,45,55,0.1260441541671753
classifier.2,3,45,56,0.09724462032318115
classifier.2,3,45,57,0.1294388771057129
classifier.2,3,45,58,0.08049780130386353
classifier.2,3,45,59,0.09451927244663239
classifier.2,3,45,60,0.12883205711841583
classifier.2,3,45,61,0.03856774792075157
classifier.2,3,46,0,0.13583379983901978
classifier.2,3,46,1,0.07545361667871475
classifier.2,3,46,2,0.1180826723575592
classifier.2,3,46,3,0.0404316708445549
classifier.2,3,46,4,0.09701944887638092
classifier.2,3,46,5,0.012764021754264832
classifier.2,3,46,6,0.06576282531023026
classifier.2,3,46,7,0.11125405132770538
classifier.2,3,46,8,0.0806802436709404
classifier.2,3,46,9,0.027777481824159622
classifier.2,3,46,10,0.04070088267326355
classifier.2,3,46,11,0.07304456830024719
classifier.2,3,46,12,0.06113355606794357
classifier.2,3,46,13,0.1483398973941803
classifier.2,3,46,14,0.11739784479141235
classifier.2,3,46,15,0.241105318069458
classifier.2,3,46,16,0.033455006778240204
classifier.2,3,46,17,0.017105981707572937
classifier.2,3,46,18,0.07790658622980118
classifier.2,3,46,19,0.2057775855064392
classifier.2,3,46,20,0.7515923976898193
classifier.2,3,46,21,0.11440378427505493
classifier.2,3,46,22,0.15505486726760864
classifier.2,3,46,23,0.11280478537082672
classifier.2,3,46,24,0.09681777656078339
classifier.2,3,46,25,0.12338750064373016
classifier.2,3,46,26,0.00549238920211792
classifier.2,3,46,27,0.17020896077156067
classifier.2,3,46,28,0.005089037120342255
classifier.2,3,46,29,0.3439829349517822
classifier.2,3,46,30,0.02607954479753971
classifier.2,3,46,31,0.08862471580505371
classifier.2,3,46,32,0.013497106730937958
classifier.2,3,46,33,0.22981756925582886
classifier.2,3,46,34,0.22473610937595367
classifier.2,3,46,35,0.202903613448143
classifier.2,3,46,36,0.018628209829330444
classifier.2,3,46,37,0.15738317370414734
classifier.2,3,46,38,0.04586891084909439
classifier.2,3,46,39,0.08506414294242859
classifier.2,3,46,40,0.030390596017241478
classifier.2,3,46,41,0.2514043152332306
classifier.2,3,46,42,0.15344223380088806
classifier.2,3,46,43,0.14046303927898407
classifier.2,3,46,44,0.11063782125711441
classifier.2,3,46,45,0.017010362818837166
classifier.2,3,46,47,0.034394413232803345
classifier.2,3,46,48,0.18013739585876465
classifier.2,3,46,49,0.26930752396583557
classifier.2,3,46,50,0.09595850110054016
classifier.2,3,46,51,0.1271619200706482
classifier.2,3,46,52,0.04673855006694794
classifier.2,3,46,53,0.1840830147266388
classifier.2,3,46,54,0.016319341957569122
classifier.2,3,46,55,0.2483016550540924
classifier.2,3,46,56,0.09038054198026657
classifier.2,3,46,57,0.11409643292427063
classifier.2,3,46,58,0.04445696249604225
classifier.2,3,46,59,0.15191605687141418
classifier.2,3,46,60,0.05464353784918785
classifier.2,3,46,61,0.03234294801950455
classifier.2,3,47,0,0.03073018789291382
classifier.2,3,47,1,0.7208295464515686
classifier.2,3,47,2,0.1842631697654724
classifier.2,3,47,3,0.10367800295352936
classifier.2,3,47,4,0.06171040236949921
classifier.2,3,47,5,0.01694425940513611
classifier.2,3,47,6,0.24908199906349182
classifier.2,3,47,7,0.027383122593164444
classifier.2,3,47,8,0.060106534510850906
classifier.2,3,47,9,0.2164309024810791
classifier.2,3,47,10,0.012120284140110016
classifier.2,3,47,11,0.1144988089799881
classifier.2,3,47,12,0.12235087156295776
classifier.2,3,47,13,0.16793252527713776
classifier.2,3,47,14,0.017664721235632896
classifier.2,3,47,15,0.050164252519607544
classifier.2,3,47,16,0.024860929697752
classifier.2,3,47,17,0.007370585575699806
classifier.2,3,47,18,0.003201909363269806
classifier.2,3,47,19,0.038397327065467834
classifier.2,3,47,20,0.0026749838143587112
classifier.2,3,47,21,0.35134169459342957
classifier.2,3,47,22,0.02279551886022091
classifier.2,3,47,23,0.062392257153987885
classifier.2,3,47,24,0.06253726780414581
classifier.2,3,47,25,0.14937594532966614
classifier.2,3,47,26,0.0972856879234314
classifier.2,3,47,27,0.05652517080307007
classifier.2,3,47,28,0.046354521065950394
classifier.2,3,47,29,0.045571208000183105
classifier.2,3,47,30,0.12310118973255157
classifier.2,3,47,31,0.2215557098388672
classifier.2,3,47,32,0.16406850516796112
classifier.2,3,47,33,0.25966906547546387
classifier.2,3,47,34,0.3247149586677551
classifier.2,3,47,35,0.005947142839431763
classifier.2,3,47,36,0.23651692271232605
classifier.2,3,47,37,0.2642803490161896
classifier.2,3,47,38,0.2856319844722748
classifier.2,3,47,39,0.012143660336732864
classifier.2,3,47,40,0.10830363631248474
classifier.2,3,47,41,0.05916218459606171
classifier.2,3,47,42,0.1587653011083603
classifier.2,3,47,43,0.05411306023597717
classifier.2,3,47,44,0.09585888683795929
classifier.2,3,47,45,0.026582788676023483
classifier.2,3,47,46,0.034394413232803345
classifier.2,3,47,48,0.019620954990386963
classifier.2,3,47,49,0.17250655591487885
classifier.2,3,47,50,0.11064113676548004
classifier.2,3,47,51,0.08304505795240402
classifier.2,3,47,52,0.14467960596084595
classifier.2,3,47,53,0.07483283430337906
classifier.2,3,47,54,0.10565568506717682
classifier.2,3,47,55,0.037839412689208984
classifier.2,3,47,56,0.28142961859703064
classifier.2,3,47,57,0.347095787525177
classifier.2,3,47,58,0.1027289405465126
classifier.2,3,47,59,0.24207568168640137
classifier.2,3,47,60,0.18895190954208374
classifier.2,3,47,61,0.21733102202415466
classifier.2,3,48,0,0.07148849964141846
classifier.2,3,48,1,0.1014256477355957
classifier.2,3,48,2,0.2502344846725464
classifier.2,3,48,3,0.0885087102651596
classifier.2,3,48,4,0.005273078568279743
classifier.2,3,48,5,0.13057474792003632
classifier.2,3,48,6,0.055339302867650986
classifier.2,3,48,7,0.2516835331916809
classifier.2,3,48,8,0.010581906884908676
classifier.2,3,48,9,0.11417422443628311
classifier.2,3,48,10,0.0750163123011589
classifier.2,3,48,11,0.1098371148109436
classifier.2,3,48,12,0.019379543140530586
classifier.2,3,48,13,0.08610797673463821
classifier.2,3,48,14,0.38116490840911865
classifier.2,3,48,15,0.1385248899459839
classifier.2,3,48,16,0.05285882204771042
classifier.2,3,48,17,0.2852228879928589
classifier.2,3,48,18,0.18768441677093506
classifier.2,3,48,19,0.09074962139129639
classifier.2,3,48,20,0.08282791823148727
classifier.2,3,48,21,0.04930112883448601
classifier.2,3,48,22,0.7415568828582764
classifier.2,3,48,23,0.22787189483642578
classifier.2,3,48,24,0.0614963099360466
classifier.2,3,48,25,0.18273979425430298
classifier.2,3,48,26,0.11763287335634232
classifier.2,3,48,27,0.0256050955504179
classifier.2,3,48,28,0.09143182635307312
classifier.2,3,48,29,0.08633217960596085
classifier.2,3,48,30,0.1835876703262329
classifier.2,3,48,31,0.08295753598213196
classifier.2,3,48,32,0.15148042142391205
classifier.2,3,48,33,0.1879616230726242
classifier.2,3,48,34,0.25705277919769287
classifier.2,3,48,35,0.046694546937942505
classifier.2,3,48,36,0.12961401045322418
classifier.2,3,48,37,0.040285803377628326
classifier.2,3,48,38,0.035043615847826004
classifier.2,3,48,39,0.1789746731519699
classifier.2,3,48,40,0.023120678961277008
classifier.2,3,48,41,0.0629112645983696
classifier.2,3,48,42,0.25782498717308044
classifier.2,3,48,43,0.11221100389957428
classifier.2,3,48,44,0.19871044158935547
classifier.2,3,48,45,0.0082256980240345
classifier.2,3,48,46,0.18013739585876465
classifier.2,3,48,47,0.019620954990386963
classifier.2,3,48,49,0.136215940117836
classifier.2,3,48,50,0.004278339445590973
classifier.2,3,48,51,0.1268330216407776
classifier.2,3,48,52,0.0014580460265278816
classifier.2,3,48,53,0.16457870602607727
classifier.2,3,48,54,0.03045390173792839
classifier.2,3,48,55,0.06106656789779663
classifier.2,3,48,56,0.26893940567970276
classifier.2,3,48,57,0.1265430748462677
classifier.2,3,48,58,0.3636086583137512
classifier.2,3,48,59,0.1386127471923828
classifier.2,3,48,60,0.04079363867640495
classifier.2,3,48,61,0.26618197560310364
classifier.2,3,49,0,0.05003562569618225
classifier.2,3,49,1,0.07307268679141998
classifier.2,3,49,2,0.14812389016151428
classifier.2,3,49,3,0.197662353515625
classifier.2,3,49,4,0.22177308797836304
classifier.2,3,49,5,0.07609956711530685
classifier.2,3,49,6,0.04258951544761658
classifier.2,3,49,7,0.013137906789779663
classifier.2,3,49,8,0.04836359620094299
classifier.2,3,49,9,0.1393340826034546
classifier.2,3,49,10,0.15884967148303986
classifier.2,3,49,11,0.008626073598861694
classifier.2,3,49,12,0.10177828371524811
classifier.2,3,49,13,0.11063957214355469
classifier.2,3,49,14,0.24291998147964478
classifier.2,3,49,15,0.08141694962978363
classifier.2,3,49,16,0.11973182111978531
classifier.2,3,49,17,0.18109235167503357
classifier.2,3,49,18,0.06152808666229248
classifier.2,3,49,19,0.012774495407938957
classifier.2,3,49,20,0.05009298399090767
classifier.2,3,49,21,0.19328904151916504
classifier.2,3,49,22,0.35008740425109863
classifier.2,3,49,23,0.1626044511795044
classifier.2,3,49,24,0.0526774600148201
classifier.2,3,49,25,0.2093832641839981
classifier.2,3,49,26,0.23843607306480408
classifier.2,3,49,27,0.16332101821899414
classifier.2,3,49,28,0.02978278137743473
classifier.2,3,49,29,0.09322026371955872
classifier.2,3,49,30,0.04291374608874321
classifier.2,3,49,31,0.19128654897212982
classifier.2,3,49,32,0.26639169454574585
classifier.2,3,49,33,0.12279048562049866
classifier.2,3,49,34,0.17013826966285706
classifier.2,3,49,35,0.0032621361315250397
classifier.2,3,49,36,0.09150166809558868
classifier.2,3,49,37,0.016725271940231323
classifier.2,3,49,38,0.1788477748632431
classifier.2,3,49,39,0.2353018969297409
classifier.2,3,49,40,0.05318149924278259
classifier.2,3,49,41,0.1569979190826416
classifier.2,3,49,42,0.059019431471824646
classifier.2,3,49,43,0.03548935055732727
classifier.2,3,49,44,0.08337102830410004
classifier.2,3,49,45,0.02992050163447857
classifier.2,3,49,46,0.26930752396583557
classifier.2,3,49,47,0.17250655591487885
classifier.2,3,49,48,0.136215940117836
classifier.2,3,49,50,0.254581093788147
classifier.2,3,49,51,0.28071194887161255
classifier.2,3,49,52,0.016540028154850006
classifier.2,3,49,53,0.18438000977039337
classifier.2,3,49,54,0.2255435287952423
classifier.2,3,49,55,0.09885682910680771
classifier.2,3,49,56,0.21112778782844543
classifier.2,3,49,57,0.33771389722824097
classifier.2,3,49,58,0.19678346812725067
classifier.2,3,49,59,0.21747741103172302
classifier.2,3,49,60,0.23811279237270355
classifier.2,3,49,61,0.24265509843826294
classifier.2,3,50,0,0.41773414611816406
classifier.2,3,50,1,0.11244354397058487
classifier.2,3,50,2,0.13882434368133545
classifier.2,3,50,3,0.15563371777534485
classifier.2,3,50,4,0.02030624821782112
classifier.2,3,50,5,0.06338435411453247
classifier.2,3,50,6,0.08187331259250641
classifier.2,3,50,7,0.08256451785564423
classifier.2,3,50,8,0.29414689540863037
classifier.2,3,50,9,0.04701574146747589
classifier.2,3,50,10,0.06568612158298492
classifier.2,3,50,11,0.11897329241037369
classifier.2,3,50,12,0.18797755241394043
classifier.2,3,50,13,0.006589457392692566
classifier.2,3,50,14,0.054525405168533325
classifier.2,3,50,15,0.186773419380188
classifier.2,3,50,16,0.10877299308776855
classifier.2,3,50,17,0.04486986622214317
classifier.2,3,50,18,0.19133785367012024
classifier.2,3,50,19,0.16580744087696075
classifier.2,3,50,20,0.037814512848854065
classifier.2,3,50,21,0.11942179501056671
classifier.2,3,50,22,0.001621004194021225
classifier.2,3,50,23,0.14171625673770905
classifier.2,3,50,24,0.23817278444766998
classifier.2,3,50,25,0.20090392231941223
classifier.2,3,50,26,0.05281791090965271
classifier.2,3,50,27,0.03640267997980118
classifier.2,3,50,28,0.033511798828840256
classifier.2,3,50,29,0.14533531665802002
classifier.2,3,50,30,0.042392581701278687
classifier.2,3,50,31,0.4670138359069824
classifier.2,3,50,32,0.3578532636165619
classifier.2,3,50,33,0.30092328786849976
classifier.2,3,50,34,0.033570289611816406
classifier.2,3,50,35,0.030119936913251877
classifier.2,3,50,36,0.2041841596364975
classifier.2,3,50,37,0.0018934085965156555
classifier.2,3,50,38,0.2738427519798279
classifier.2,3,50,39,0.27767014503479004
classifier.2,3,50,40,0.11837255954742432
classifier.2,3,50,41,0.1391497552394867
classifier.2,3,50,42,0.11080878973007202
classifier.2,3,50,43,0.011336944997310638
classifier.2,3,50,44,0.22848638892173767
classifier.2,3,50,45,0.06692443042993546
classifier.2,3,50,46,0.09595850110054016
classifier.2,3,50,47,0.11064113676548004
classifier.2,3,50,48,0.004278339445590973
classifier.2,3,50,49,0.254581093788147
classifier.2,3,50,51,0.19066213071346283
classifier.2,3,50,52,0.04173276573419571
classifier.2,3,50,53,0.2562723159790039
classifier.2,3,50,54,0.21644793450832367
classifier.2,3,50,55,0.19765999913215637
classifier.2,3,50,56,0.3039964735507965
classifier.2,3,50,57,0.1883726865053177
classifier.2,3,50,58,0.3897534906864166
classifier.2,3,50,59,0.2983613610267639
classifier.2,3,50,60,0.0463707409799099
classifier.2,3,50,61,0.256720632314682
classifier.2,3,51,0,0.22854846715927124
classifier.2,3,51,1,0.011404376477003098
classifier.2,3,51,2,0.13400381803512573
classifier.2,3,51,3,0.01590583473443985
classifier.2,3,51,4,0.089781753718853
classifier.2,3,51,5,0.1747775673866272
classifier.2,3,51,6,0.0032535428181290627
classifier.2,3,51,7,0.06545211374759674
classifier.2,3,51,8,0.02879156917333603
classifier.2,3,51,9,0.011505693197250366
classifier.2,3,51,10,0.007019735872745514
classifier.2,3,51,11,0.08245328813791275
classifier.2,3,51,12,0.24543613195419312
classifier.2,3,51,13,0.03726421669125557
classifier.2,3,51,14,0.06347058713436127
classifier.2,3,51,15,0.1857627034187317
classifier.2,3,51,16,0.12643958628177643
classifier.2,3,51,17,0.0583338737487793
classifier.2,3,51,18,0.02645755372941494
classifier.2,3,51,19,0.3268420100212097
classifier.2,3,51,20,0.2526797354221344
classifier.2,3,51,21,0.07357273995876312
classifier.2,3,51,22,0.13662654161453247
classifier.2,3,51,23,0.24542710185050964
classifier.2,3,51,24,0.24293650686740875
classifier.2,3,51,25,0.7471381425857544
classifier.2,3,51,26,0.12583297491073608
classifier.2,3,51,27,0.005502864718437195
classifier.2,3,51,28,0.16617357730865479
classifier.2,3,51,29,0.17746570706367493
classifier.2,3,51,30,0.020333178341388702
classifier.2,3,51,31,0.3167939782142639
classifier.2,3,51,32,0.3785679340362549
classifier.2,3,51,33,0.29526516795158386
classifier.2,3,51,34,0.3600649833679199
classifier.2,3,51,35,0.21509861946105957
classifier.2,3,51,36,0.05023086071014404
classifier.2,3,51,37,0.018509356305003166
classifier.2,3,51,38,0.2566349506378174
classifier.2,3,51,39,0.20801112055778503
classifier.2,3,51,40,0.1258392632007599
classifier.2,3,51,41,0.28256756067276
classifier.2,3,51,42,0.12013848125934601
classifier.2,3,51,43,0.02976611815392971
classifier.2,3,51,44,0.14641644060611725
classifier.2,3,51,45,0.01261418592184782
classifier.2,3,51,46,0.1271619200706482
classifier.2,3,51,47,0.08304505795240402
classifier.2,3,51,48,0.1268330216407776
classifier.2,3,51,49,0.28071194887161255
classifier.2,3,51,50,0.19066213071346283
classifier.2,3,51,52,0.10750806331634521
classifier.2,3,51,53,0.2971780002117157
classifier.2,3,51,54,0.1566331684589386
classifier.2,3,51,55,0.017212826758623123
classifier.2,3,51,56,0.28584951162338257
classifier.2,3,51,57,0.1979982852935791
classifier.2,3,51,58,0.454150915145874
classifier.2,3,51,59,0.3139173984527588
classifier.2,3,51,60,0.34746426343917847
classifier.2,3,51,61,0.11528877168893814
classifier.2,3,52,0,0.02747984230518341
classifier.2,3,52,1,0.07916073501110077
classifier.2,3,52,2,0.023486442863941193
classifier.2,3,52,3,0.05515245348215103
classifier.2,3,52,4,0.04940328001976013
classifier.2,3,52,5,0.12244285643100739
classifier.2,3,52,6,0.2514263391494751
classifier.2,3,52,7,0.01867743581533432
classifier.2,3,52,8,0.012182513251900673
classifier.2,3,52,9,0.4988512396812439
classifier.2,3,52,10,0.09893535822629929
classifier.2,3,52,11,0.015175173059105873
classifier.2,3,52,12,0.28885313868522644
classifier.2,3,52,13,0.09320873022079468
classifier.2,3,52,14,0.06233217194676399
classifier.2,3,52,15,0.09803705662488937
classifier.2,3,52,16,0.10085316002368927
classifier.2,3,52,17,0.15751799941062927
classifier.2,3,52,18,0.07891456037759781
classifier.2,3,52,19,0.20180124044418335
classifier.2,3,52,20,0.01872638240456581
classifier.2,3,52,21,0.03579757735133171
classifier.2,3,52,22,0.027362778782844543
classifier.2,3,52,23,0.035242121666669846
classifier.2,3,52,24,0.09188947081565857
classifier.2,3,52,25,0.02489091455936432
classifier.2,3,52,26,0.06672343611717224
classifier.2,3,52,27,0.22788040339946747
classifier.2,3,52,28,0.007698530331254005
classifier.2,3,52,29,0.14041046798229218
classifier.2,3,52,30,0.024305280297994614
classifier.2,3,52,31,0.010399967432022095
classifier.2,3,52,32,0.03803127259016037
classifier.2,3,52,33,0.03855528309941292
classifier.2,3,52,34,0.11417737603187561
classifier.2,3,52,35,0.00405590794980526
classifier.2,3,52,36,0.044508688151836395
classifier.2,3,52,37,0.20498687028884888
classifier.2,3,52,38,0.1479303240776062
classifier.2,3,52,39,0.14549316465854645
classifier.2,3,52,40,0.16218063235282898
classifier.2,3,52,41,0.07243504375219345
classifier.2,3,52,42,0.20211833715438843
classifier.2,3,52,43,0.05650397762656212
classifier.2,3,52,44,0.06797127425670624
classifier.2,3,52,45,0.0987817794084549
classifier.2,3,52,46,0.04673855006694794
classifier.2,3,52,47,0.14467960596084595
classifier.2,3,52,48,0.0014580460265278816
classifier.2,3,52,49,0.016540028154850006
classifier.2,3,52,50,0.04173276573419571
classifier.2,3,52,51,0.10750806331634521
classifier.2,3,52,53,0.14869798719882965
classifier.2,3,52,54,0.3210533559322357
classifier.2,3,52,55,0.1319682002067566
classifier.2,3,52,56,0.05517064779996872
classifier.2,3,52,57,0.04591850936412811
classifier.2,3,52,58,0.0688648521900177
classifier.2,3,52,59,0.008825555443763733
classifier.2,3,52,60,0.009538207203149796
classifier.2,3,52,61,0.10193365812301636
classifier.2,3,53,0,0.15857332944869995
classifier.2,3,53,1,0.017876138910651207
classifier.2,3,53,2,0.10634160786867142
classifier.2,3,53,3,0.1892596185207367
classifier.2,3,53,4,0.2072986662387848
classifier.2,3,53,5,0.1627563089132309
classifier.2,3,53,6,0.054064683616161346
classifier.2,3,53,7,0.08843545615673065
classifier.2,3,53,8,0.16673198342323303
classifier.2,3,53,9,0.0505945086479187
classifier.2,3,53,10,0.0741577222943306
classifier.2,3,53,11,0.04138032719492912
classifier.2,3,53,12,0.22954240441322327
classifier.2,3,53,13,0.04065538942813873
classifier.2,3,53,14,0.04403500631451607
classifier.2,3,53,15,0.045367803424596786
classifier.2,3,53,16,0.09803450107574463
classifier.2,3,53,17,0.10634396970272064
classifier.2,3,53,18,0.007205154746770859
classifier.2,3,53,19,0.2543282210826874
classifier.2,3,53,20,0.11149958521127701
classifier.2,3,53,21,0.14493419229984283
classifier.2,3,53,22,0.1962839961051941
classifier.2,3,53,23,0.1695675551891327
classifier.2,3,53,24,0.17180681228637695
classifier.2,3,53,25,0.190760999917984
classifier.2,3,53,26,0.39689770340919495
classifier.2,3,53,27,0.07399124652147293
classifier.2,3,53,28,0.15569917857646942
classifier.2,3,53,29,0.05563082545995712
classifier.2,3,53,30,0.10349810123443604
classifier.2,3,53,31,0.0028836699202656746
classifier.2,3,53,32,0.15421894192695618
classifier.2,3,53,33,0.2184954732656479
classifier.2,3,53,34,0.03303956240415573
classifier.2,3,53,35,0.09981919825077057
classifier.2,3,53,36,0.11943008005619049
classifier.2,3,53,37,0.08022288233041763
classifier.2,3,53,38,0.15880940854549408
classifier.2,3,53,39,0.29271912574768066
classifier.2,3,53,40,0.1046329140663147
classifier.2,3,53,41,0.05505688488483429
classifier.2,3,53,42,0.1313055008649826
classifier.2,3,53,43,0.030793894082307816
classifier.2,3,53,44,0.18174128234386444
classifier.2,3,53,45,0.05888189747929573
classifier.2,3,53,46,0.1840830147266388
classifier.2,3,53,47,0.07483283430337906
classifier.2,3,53,48,0.16457870602607727
classifier.2,3,53,49,0.18438000977039337
classifier.2,3,53,50,0.2562723159790039
classifier.2,3,53,51,0.2971780002117157
classifier.2,3,53,52,0.14869798719882965
classifier.2,3,53,54,0.009251050651073456
classifier.2,3,53,55,0.0037009939551353455
classifier.2,3,53,56,0.08702455461025238
classifier.2,3,53,57,0.055841606110334396
classifier.2,3,53,58,0.12575885653495789
classifier.2,3,53,59,0.14774858951568604
classifier.2,3,53,60,0.04749079793691635
classifier.2,3,53,61,0.19570139050483704
classifier.2,3,54,0,0.05481378361582756
classifier.2,3,54,1,0.006113920360803604
classifier.2,3,54,2,0.031086545437574387
classifier.2,3,54,3,0.10309290885925293
classifier.2,3,54,4,0.06305946409702301
classifier.2,3,54,5,0.35614830255508423
classifier.2,3,54,6,0.08612608164548874
classifier.2,3,54,7,0.09937551617622375
classifier.2,3,54,8,0.18717806041240692
classifier.2,3,54,9,0.06547962129116058
classifier.2,3,54,10,0.014990881085395813
classifier.2,3,54,11,0.05623745173215866
classifier.2,3,54,12,0.19452141225337982
classifier.2,3,54,13,0.09479425102472305
classifier.2,3,54,14,0.06439981609582901
classifier.2,3,54,15,0.2889368534088135
classifier.2,3,54,16,0.054923586547374725
classifier.2,3,54,17,0.05658288672566414
classifier.2,3,54,18,0.09790194034576416
classifier.2,3,54,19,0.13579899072647095
classifier.2,3,54,20,0.08023272454738617
classifier.2,3,54,21,0.04817691072821617
classifier.2,3,54,22,0.003818005323410034
classifier.2,3,54,23,0.01385405845940113
classifier.2,3,54,24,0.001882234588265419
classifier.2,3,54,25,0.22834791243076324
classifier.2,3,54,26,0.08451130986213684
classifier.2,3,54,27,0.04570767655968666
classifier.2,3,54,28,0.12778274714946747
classifier.2,3,54,29,0.12863372266292572
classifier.2,3,54,30,0.09859487414360046
classifier.2,3,54,31,0.3512907326221466
classifier.2,3,54,32,0.27760767936706543
classifier.2,3,54,33,0.12300551682710648
classifier.2,3,54,34,0.19393420219421387
classifier.2,3,54,35,0.07507815957069397
classifier.2,3,54,36,0.22142279148101807
classifier.2,3,54,37,0.04972544312477112
classifier.2,3,54,38,0.2959064245223999
classifier.2,3,54,39,0.010394670069217682
classifier.2,3,54,40,0.053780000656843185
classifier.2,3,54,41,0.08392949402332306
classifier.2,3,54,42,0.15354131162166595
classifier.2,3,54,43,0.029946932569146156
classifier.2,3,54,44,0.1441284567117691
classifier.2,3,54,45,0.046276986598968506
classifier.2,3,54,46,0.016319341957569122
classifier.2,3,54,47,0.10565568506717682
classifier.2,3,54,48,0.03045390173792839
classifier.2,3,54,49,0.2255435287952423
classifier.2,3,54,50,0.21644793450832367
classifier.2,3,54,51,0.1566331684589386
classifier.2,3,54,52,0.3210533559322357
classifier.2,3,54,53,0.009251050651073456
classifier.2,3,54,55,0.12605272233486176
classifier.2,3,54,56,0.16971495747566223
classifier.2,3,54,57,0.03710838034749031
classifier.2,3,54,58,0.17601458728313446
classifier.2,3,54,59,0.24075673520565033
classifier.2,3,54,60,0.08746413886547089
classifier.2,3,54,61,0.1558220088481903
classifier.2,3,55,0,0.06615929305553436
classifier.2,3,55,1,0.019382882863283157
classifier.2,3,55,2,0.06015603244304657
classifier.2,3,55,3,0.007316169328987598
classifier.2,3,55,4,0.02429356426000595
classifier.2,3,55,5,0.03923925384879112
classifier.2,3,55,6,0.14043724536895752
classifier.2,3,55,7,0.1730973720550537
classifier.2,3,55,8,0.09542985260486603
classifier.2,3,55,9,0.12144047766923904
classifier.2,3,55,10,0.0034842882305383682
classifier.2,3,55,11,0.10972554981708527
classifier.2,3,55,12,0.15880127251148224
classifier.2,3,55,13,0.2249583601951599
classifier.2,3,55,14,0.027664219960570335
classifier.2,3,55,15,0.23167362809181213
classifier.2,3,55,16,0.07647502422332764
classifier.2,3,55,17,0.2492823749780655
classifier.2,3,55,18,0.0037754029035568237
classifier.2,3,55,19,0.04490017145872116
classifier.2,3,55,20,0.14155414700508118
classifier.2,3,55,21,0.08928526192903519
classifier.2,3,55,22,0.06169326975941658
classifier.2,3,55,23,0.008392240852117538
classifier.2,3,55,24,0.07776899635791779
classifier.2,3,55,25,0.04661983624100685
classifier.2,3,55,26,0.17611393332481384
classifier.2,3,55,27,0.22623464465141296
classifier.2,3,55,28,0.00150318443775177
classifier.2,3,55,29,0.6647387146949768
classifier.2,3,55,30,0.006436275318264961
classifier.2,3,55,31,0.1227773129940033
classifier.2,3,55,32,0.13017769157886505
classifier.2,3,55,33,0.091268390417099
classifier.2,3,55,34,0.0009061731398105621
classifier.2,3,55,35,0.005455169826745987
classifier.2,3,55,36,0.12979254126548767
classifier.2,3,55,37,0.1737653762102127
classifier.2,3,55,38,0.08451622724533081
classifier.2,3,55,39,0.1912609189748764
classifier.2,3,55,40,0.039023663848638535
classifier.2,3,55,41,0.07887688279151917
classifier.2,3,55,42,0.06711572408676147
classifier.2,3,55,43,0.148164302110672
classifier.2,3,55,44,0.21736958622932434
classifier.2,3,55,45,0.1260441541671753
classifier.2,3,55,46,0.2483016550540924
classifier.2,3,55,47,0.037839412689208984
classifier.2,3,55,48,0.06106656789779663
classifier.2,3,55,49,0.09885682910680771
classifier.2,3,55,50,0.19765999913215637
classifier.2,3,55,51,0.017212826758623123
classifier.2,3,55,52,0.1319682002067566
classifier.2,3,55,53,0.0037009939551353455
classifier.2,3,55,54,0.12605272233486176
classifier.2,3,55,56,0.002887049689888954
classifier.2,3,55,57,0.09244029223918915
classifier.2,3,55,58,0.1267566680908203
classifier.2,3,55,59,0.04161164537072182
classifier.2,3,55,60,0.01300937682390213
classifier.2,3,55,61,0.17931486666202545
classifier.2,3,56,0,0.015379238873720169
classifier.2,3,56,1,0.20059113204479218
classifier.2,3,56,2,0.04842820763587952
classifier.2,3,56,3,0.15996882319450378
classifier.2,3,56,4,0.011643998324871063
classifier.2,3,56,5,0.08396799862384796
classifier.2,3,56,6,0.157906174659729
classifier.2,3,56,7,0.0044507961720228195
classifier.2,3,56,8,0.10003910958766937
classifier.2,3,56,9,0.005021505057811737
classifier.2,3,56,10,0.16178745031356812
classifier.2,3,56,11,0.03270427882671356
classifier.2,3,56,12,0.1661200076341629
classifier.2,3,56,13,0.023003164678812027
classifier.2,3,56,14,0.055059000849723816
classifier.2,3,56,15,0.05916740000247955
classifier.2,3,56,16,0.13255341351032257
classifier.2,3,56,17,0.15250641107559204
classifier.2,3,56,18,0.01772535964846611
classifier.2,3,56,19,0.2356424331665039
classifier.2,3,56,20,0.05428578332066536
classifier.2,3,56,21,0.04492449015378952
classifier.2,3,56,22,0.14154739677906036
classifier.2,3,56,23,0.08051097393035889
classifier.2,3,56,24,0.06476977467536926
classifier.2,3,56,25,0.3498169183731079
classifier.2,3,56,26,0.04246644675731659
classifier.2,3,56,27,0.007600851356983185
classifier.2,3,56,28,0.06706586480140686
classifier.2,3,56,29,0.055192798376083374
classifier.2,3,56,30,0.6212992668151855
classifier.2,3,56,31,0.3140522241592407
classifier.2,3,56,32,0.21909832954406738
classifier.2,3,56,33,0.3454647362232208
classifier.2,3,56,34,0.26093578338623047
classifier.2,3,56,35,0.12723276019096375
classifier.2,3,56,36,0.12761223316192627
classifier.2,3,56,37,0.06720288097858429
classifier.2,3,56,38,0.35072776675224304
classifier.2,3,56,39,0.13943323493003845
classifier.2,3,56,40,0.04798063635826111
classifier.2,3,56,41,0.17979568243026733
classifier.2,3,56,42,0.021103817969560623
classifier.2,3,56,43,0.1949460506439209
classifier.2,3,56,44,0.31468093395233154
classifier.2,3,56,45,0.09724462032318115
classifier.2,3,56,46,0.09038054198026657
classifier.2,3,56,47,0.28142961859703064
classifier.2,3,56,48,0.26893940567970276
classifier.2,3,56,49,0.21112778782844543
classifier.2,3,56,50,0.3039964735507965
classifier.2,3,56,51,0.28584951162338257
classifier.2,3,56,52,0.05517064779996872
classifier.2,3,56,53,0.08702455461025238
classifier.2,3,56,54,0.16971495747566223
classifier.2,3,56,55,0.002887049689888954
classifier.2,3,56,57,0.5581052303314209
classifier.2,3,56,58,0.28016242384910583
classifier.2,3,56,59,0.4409167766571045
classifier.2,3,56,60,0.22562193870544434
classifier.2,3,56,61,0.18693552911281586
classifier.2,3,57,0,0.17091183364391327
classifier.2,3,57,1,0.19886530935764313
classifier.2,3,57,2,0.28118228912353516
classifier.2,3,57,3,0.22945699095726013
classifier.2,3,57,4,0.11562338471412659
classifier.2,3,57,5,0.10278826951980591
classifier.2,3,57,6,0.17192043364048004
classifier.2,3,57,7,0.002294972538948059
classifier.2,3,57,8,0.05752122029662132
classifier.2,3,57,9,0.019368499517440796
classifier.2,3,57,10,0.2726547122001648
classifier.2,3,57,11,0.03136269748210907
classifier.2,3,57,12,0.130971297621727
classifier.2,3,57,13,0.11491133272647858
classifier.2,3,57,14,0.13040637969970703
classifier.2,3,57,15,0.07663863897323608
classifier.2,3,57,16,0.04194885864853859
classifier.2,3,57,17,0.10302412509918213
classifier.2,3,57,18,0.055230364203453064
classifier.2,3,57,19,0.05443833768367767
classifier.2,3,57,20,0.13540983200073242
classifier.2,3,57,21,0.265002578496933
classifier.2,3,57,22,0.01364242285490036
classifier.2,3,57,23,0.24912473559379578
classifier.2,3,57,24,0.1572607457637787
classifier.2,3,57,25,0.22456027567386627
classifier.2,3,57,26,0.02640121802687645
classifier.2,3,57,27,0.15388144552707672
classifier.2,3,57,28,0.12814000248908997
classifier.2,3,57,29,0.02622009441256523
classifier.2,3,57,30,0.4633750319480896
classifier.2,3,57,31,0.1837075799703598
classifier.2,3,57,32,0.1726568639278412
classifier.2,3,57,33,0.38983654975891113
classifier.2,3,57,34,0.21463653445243835
classifier.2,3,57,35,0.01199980080127716
classifier.2,3,57,36,0.06039803847670555
classifier.2,3,57,37,0.10971467196941376
classifier.2,3,57,38,0.2053815722465515
classifier.2,3,57,39,0.08843342959880829
classifier.2,3,57,40,0.20932362973690033
classifier.2,3,57,41,0.127711683511734
classifier.2,3,57,42,0.08039906620979309
classifier.2,3,57,43,0.08864030241966248
classifier.2,3,57,44,0.22429469227790833
classifier.2,3,57,45,0.1294388771057129
classifier.2,3,57,46,0.11409643292427063
classifier.2,3,57,47,0.347095787525177
classifier.2,3,57,48,0.1265430748462677
classifier.2,3,57,49,0.33771389722824097
classifier.2,3,57,50,0.1883726865053177
classifier.2,3,57,51,0.1979982852935791
classifier.2,3,57,52,0.04591850936412811
classifier.2,3,57,53,0.055841606110334396
classifier.2,3,57,54,0.03710838034749031
classifier.2,3,57,55,0.09244029223918915
classifier.2,3,57,56,0.5581052303314209
classifier.2,3,57,58,0.29096654057502747
classifier.2,3,57,59,0.45383507013320923
classifier.2,3,57,60,0.34365540742874146
classifier.2,3,57,61,0.3891099691390991
classifier.2,3,58,0,0.4280243515968323
classifier.2,3,58,1,0.10081501305103302
classifier.2,3,58,2,0.16664017736911774
classifier.2,3,58,3,0.15601052343845367
classifier.2,3,58,4,0.11083502322435379
classifier.2,3,58,5,0.026830729097127914
classifier.2,3,58,6,0.07725256681442261
classifier.2,3,58,7,0.20017486810684204
classifier.2,3,58,8,0.1977156102657318
classifier.2,3,58,9,0.1632048487663269
classifier.2,3,58,10,0.015558436512947083
classifier.2,3,58,11,0.052570194005966187
classifier.2,3,58,12,0.2524089217185974
classifier.2,3,58,13,0.068334199488163
classifier.2,3,58,14,0.1321066915988922
classifier.2,3,58,15,0.0945429727435112
classifier.2,3,58,16,0.10270373523235321
classifier.2,3,58,17,0.020959829911589622
classifier.2,3,58,18,0.2399078905582428
classifier.2,3,58,19,0.15081068873405457
classifier.2,3,58,20,0.1300625205039978
classifier.2,3,58,21,0.10804480314254761
classifier.2,3,58,22,0.2976216971874237
classifier.2,3,58,23,0.11298653483390808
classifier.2,3,58,24,0.40775105357170105
classifier.2,3,58,25,0.42214295268058777
classifier.2,3,58,26,0.0881180465221405
classifier.2,3,58,27,0.15464672446250916
classifier.2,3,58,28,0.0692385733127594
classifier.2,3,58,29,0.030819455161690712
classifier.2,3,58,30,0.12185965478420258
classifier.2,3,58,31,0.334725946187973
classifier.2,3,58,32,0.8462076187133789
classifier.2,3,58,33,0.5135911703109741
classifier.2,3,58,34,0.3003712594509125
classifier.2,3,58,35,0.09290474653244019
classifier.2,3,58,36,0.14137238264083862
classifier.2,3,58,37,0.032300371676683426
classifier.2,3,58,38,0.163261279463768
classifier.2,3,58,39,0.22179585695266724
classifier.2,3,58,40,0.28542110323905945
classifier.2,3,58,41,0.03194993734359741
classifier.2,3,58,42,0.141432985663414
classifier.2,3,58,43,0.15135158598423004
classifier.2,3,58,44,0.16265621781349182
classifier.2,3,58,45,0.08049780130386353
classifier.2,3,58,46,0.04445696249604225
classifier.2,3,58,47,0.1027289405465126
classifier.2,3,58,48,0.3636086583137512
classifier.2,3,58,49,0.19678346812725067
classifier.2,3,58,50,0.3897534906864166
classifier.2,3,58,51,0.454150915145874
classifier.2,3,58,52,0.0688648521900177
classifier.2,3,58,53,0.12575885653495789
classifier.2,3,58,54,0.17601458728313446
classifier.2,3,58,55,0.1267566680908203
classifier.2,3,58,56,0.28016242384910583
classifier.2,3,58,57,0.29096654057502747
classifier.2,3,58,59,0.4636508822441101
classifier.2,3,58,60,0.11633951961994171
classifier.2,3,58,61,0.37542396783828735
classifier.2,3,59,0,0.26706162095069885
classifier.2,3,59,1,0.02031438797712326
classifier.2,3,59,2,0.05017496645450592
classifier.2,3,59,3,0.038833972066640854
classifier.2,3,59,4,0.14361783862113953
classifier.2,3,59,5,0.14898772537708282
classifier.2,3,59,6,0.05065005645155907
classifier.2,3,59,7,0.033869169652462006
classifier.2,3,59,8,0.04401879757642746
classifier.2,3,59,9,0.10908743739128113
classifier.2,3,59,10,0.08132881671190262
classifier.2,3,59,11,0.14963538944721222
classifier.2,3,59,12,0.17592142522335052
classifier.2,3,59,13,0.05660460516810417
classifier.2,3,59,14,0.16954122483730316
classifier.2,3,59,15,0.09510427713394165
classifier.2,3,59,16,0.016891025006771088
classifier.2,3,59,17,0.1599341630935669
classifier.2,3,59,18,0.22581925988197327
classifier.2,3,59,19,0.05401735007762909
classifier.2,3,59,20,0.19134163856506348
classifier.2,3,59,21,0.060347169637680054
classifier.2,3,59,22,0.0979139655828476
classifier.2,3,59,23,0.02816793881356716
classifier.2,3,59,24,0.20311950147151947
classifier.2,3,59,25,0.3564823865890503
classifier.2,3,59,26,0.1518825888633728
classifier.2,3,59,27,0.10170814394950867
classifier.2,3,59,28,0.1535380780696869
classifier.2,3,59,29,0.06534844636917114
classifier.2,3,59,30,0.2832900583744049
classifier.2,3,59,31,0.1751241683959961
classifier.2,3,59,32,0.4886499345302582
classifier.2,3,59,33,0.7976593971252441
classifier.2,3,59,34,0.38239172101020813
classifier.2,3,59,35,0.13439509272575378
classifier.2,3,59,36,0.2334403097629547
classifier.2,3,59,37,0.09917943179607391
classifier.2,3,59,38,0.341433584690094
classifier.2,3,59,39,0.14480474591255188
classifier.2,3,59,40,0.002088390290737152
classifier.2,3,59,41,0.05232818424701691
classifier.2,3,59,42,0.053181566298007965
classifier.2,3,59,43,0.11810051649808884
classifier.2,3,59,44,0.3360888361930847
classifier.2,3,59,45,0.09451927244663239
classifier.2,3,59,46,0.15191605687141418
classifier.2,3,59,47,0.24207568168640137
classifier.2,3,59,48,0.1386127471923828
classifier.2,3,59,49,0.21747741103172302
classifier.2,3,59,50,0.2983613610267639
classifier.2,3,59,51,0.3139173984527588
classifier.2,3,59,52,0.008825555443763733
classifier.2,3,59,53,0.14774858951568604
classifier.2,3,59,54,0.24075673520565033
classifier.2,3,59,55,0.04161164537072182
classifier.2,3,59,56,0.4409167766571045
classifier.2,3,59,57,0.45383507013320923
classifier.2,3,59,58,0.4636508822441101
classifier.2,3,59,60,0.18682004511356354
classifier.2,3,59,61,0.29996436834335327
classifier.2,3,60,0,0.10567233711481094
classifier.2,3,60,1,0.18222646415233612
classifier.2,3,60,2,0.10323121398687363
classifier.2,3,60,3,0.22646066546440125
classifier.2,3,60,4,0.4003030061721802
classifier.2,3,60,5,0.016460981220006943
classifier.2,3,60,6,0.2657652795314789
classifier.2,3,60,7,0.04910285770893097
classifier.2,3,60,8,0.2022130787372589
classifier.2,3,60,9,0.06393026560544968
classifier.2,3,60,10,0.12583933770656586
classifier.2,3,60,11,0.10758976638317108
classifier.2,3,60,12,0.22091999650001526
classifier.2,3,60,13,0.18662035465240479
classifier.2,3,60,14,0.02067369595170021
classifier.2,3,60,15,0.11522221565246582
classifier.2,3,60,16,0.0007780510932207108
classifier.2,3,60,17,0.02951185218989849
classifier.2,3,60,18,0.0516776517033577
classifier.2,3,60,19,0.0584857203066349
classifier.2,3,60,20,0.08186696469783783
classifier.2,3,60,21,0.16553395986557007
classifier.2,3,60,22,0.1077575832605362
classifier.2,3,60,23,0.2913920283317566
classifier.2,3,60,24,0.1364290416240692
classifier.2,3,60,25,0.44976556301116943
classifier.2,3,60,26,0.15904022753238678
classifier.2,3,60,27,0.18093621730804443
classifier.2,3,60,28,0.031191181391477585
classifier.2,3,60,29,0.07281763851642609
classifier.2,3,60,30,0.03896542638540268
classifier.2,3,60,31,0.24692708253860474
classifier.2,3,60,32,0.03417186439037323
classifier.2,3,60,33,0.06235481798648834
classifier.2,3,60,34,0.15684908628463745
classifier.2,3,60,35,0.01579429768025875
classifier.2,3,60,36,0.011453002691268921
classifier.2,3,60,37,0.33679360151290894
classifier.2,3,60,38,0.1073157787322998
classifier.2,3,60,39,0.06702728569507599
classifier.2,3,60,40,0.09399105608463287
classifier.2,3,60,41,0.0016111787408590317
classifier.2,3,60,42,0.032370179891586304
classifier.2,3,60,43,0.046404384076595306
classifier.2,3,60,44,0.025578748434782028
classifier.2,3,60,45,0.12883205711841583
classifier.2,3,60,46,0.05464353784918785
classifier.2,3,60,47,0.18895190954208374
classifier.2,3,60,48,0.04079363867640495
classifier.2,3,60,49,0.23811279237270355
classifier.2,3,60,50,0.0463707409799099
classifier.2,3,60,51,0.34746426343917847
classifier.2,3,60,52,0.009538207203149796
classifier.2,3,60,53,0.04749079793691635
classifier.2,3,60,54,0.08746413886547089
classifier.2,3,60,55,0.01300937682390213
classifier.2,3,60,56,0.22562193870544434
classifier.2,3,60,57,0.34365540742874146
classifier.2,3,60,58,0.11633951961994171
classifier.2,3,60,59,0.18682004511356354
classifier.2,3,60,61,0.15296870470046997
classifier.2,3,61,0,0.17993108928203583
classifier.2,3,61,1,0.11806248873472214
classifier.2,3,61,2,0.6845695972442627
classifier.2,3,61,3,0.13970723748207092
classifier.2,3,61,4,0.033506155014038086
classifier.2,3,61,5,0.01803523302078247
classifier.2,3,61,6,0.006335793063044548
classifier.2,3,61,7,0.12893307209014893
classifier.2,3,61,8,0.056788068264722824
classifier.2,3,61,9,0.14058555662631989
classifier.2,3,61,10,0.06668425351381302
classifier.2,3,61,11,0.09873458743095398
classifier.2,3,61,12,0.06454062461853027
classifier.2,3,61,13,0.08539284765720367
classifier.2,3,61,14,0.21881312131881714
classifier.2,3,61,15,0.08291967213153839
classifier.2,3,61,16,0.07154710590839386
classifier.2,3,61,17,0.08012539148330688
classifier.2,3,61,18,0.39424166083335876
classifier.2,3,61,19,0.0459221675992012
classifier.2,3,61,20,0.08183269202709198
classifier.2,3,61,21,0.1933162808418274
classifier.2,3,61,22,0.12896722555160522
classifier.2,3,61,23,0.2137015461921692
classifier.2,3,61,24,0.1480121910572052
classifier.2,3,61,25,0.2612420916557312
classifier.2,3,61,26,0.24245840311050415
classifier.2,3,61,27,0.13719399273395538
classifier.2,3,61,28,0.004197344183921814
classifier.2,3,61,29,0.016273722052574158
classifier.2,3,61,30,0.2040461301803589
classifier.2,3,61,31,0.0676916316151619
classifier.2,3,61,32,0.3085813820362091
classifier.2,3,61,33,0.2253110408782959
classifier.2,3,61,34,0.18974009156227112
classifier.2,3,61,35,0.2674831748008728
classifier.2,3,61,36,0.09684903919696808
classifier.2,3,61,37,0.01528942584991455
classifier.2,3,61,38,0.0542164221405983
classifier.2,3,61,39,0.1841328740119934
classifier.2,3,61,40,0.19887156784534454
classifier.2,3,61,41,0.19658569991588593
classifier.2,3,61,42,0.05449948087334633
classifier.2,3,61,43,0.1747405230998993
classifier.2,3,61,44,0.12593698501586914
classifier.2,3,61,45,0.03856774792075157
classifier.2,3,61,46,0.03234294801950455
classifier.2,3,61,47,0.21733102202415466
classifier.2,3,61,48,0.26618197560310364
classifier.2,3,61,49,0.24265509843826294
classifier.2,3,61,50,0.256720632314682
classifier.2,3,61,51,0.11528877168893814
classifier.2,3,61,52,0.10193365812301636
classifier.2,3,61,53,0.19570139050483704
classifier.2,3,61,54,0.1558220088481903
classifier.2,3,61,55,0.17931486666202545
classifier.2,3,61,56,0.18693552911281586
classifier.2,3,61,57,0.3891099691390991
classifier.2,3,61,58,0.37542396783828735
classifier.2,3,61,59,0.29996436834335327
classifier.2,3,61,60,0.15296870470046997
classifier.4,4,0,1,3.075039785471745e-05
classifier.4,4,0,2,0.002012121956795454
classifier.4,4,0,3,0.026911016553640366
classifier.4,4,0,4,0.001673647202551365
classifier.4,4,0,5,1.522555248811841e-05
classifier.4,4,0,6,0.002888978226110339
classifier.4,4,0,7,0.0021328404545783997
classifier.4,4,0,8,0.0027095817495137453
classifier.4,4,0,9,0.0005965406307950616
classifier.4,4,0,10,0.0008822535164654255
classifier.4,4,0,11,0.004715237766504288
classifier.4,4,0,12,0.005301233381032944
classifier.4,4,0,13,0.1695040762424469
classifier.4,4,0,14,0.001345428521744907
classifier.4,4,0,15,0.0002754715096671134
classifier.4,4,0,16,0.003798495512455702
classifier.4,4,0,17,0.0010926512768492103
classifier.4,4,0,18,0.0001746651396388188
classifier.4,4,0,19,0.00023029791191220284
classifier.4,4,0,20,0.00010666150046745315
classifier.4,4,0,21,0.0008111920324154198
classifier.4,4,0,22,0.0005719183245673776
classifier.4,4,0,23,0.00317977461963892
classifier.4,4,0,24,0.9731767177581787
classifier.4,4,0,25,0.0019403318874537945
classifier.4,4,0,26,0.07524491101503372
classifier.4,4,0,27,0.001423271489329636
classifier.4,4,0,28,0.0007465848466381431
classifier.4,4,0,29,8.467608859064057e-05
classifier.4,4,0,30,0.036295901983976364
classifier.4,4,0,31,0.0008133051451295614
classifier.4,4,0,32,0.00038369520916603506
classifier.4,4,0,33,0.00012681796215474606
classifier.4,4,0,34,1.0797521099448204e-08
classifier.4,4,0,35,0.0015370608307421207
classifier.4,4,0,36,0.00047653913497924805
classifier.4,4,0,37,0.0014302390627563
classifier.4,4,0,38,0.0018380328547209501
classifier.4,4,0,39,0.00738087622448802
classifier.4,4,0,40,0.003941280767321587
classifier.4,4,0,41,0.00011396282934583724
classifier.4,4,0,42,0.0008256050059571862
classifier.4,4,0,43,0.0017696211580187082
classifier.4,4,0,44,0.00023900654923636466
classifier.4,4,0,45,6.047077476978302e-05
classifier.4,4,0,46,6.907103670528159e-05
classifier.4,4,0,47,2.5296423700638115e-05
classifier.4,4,0,48,0.000283566681900993
classifier.4,4,0,49,0.009223412722349167
classifier.4,4,0,50,0.13390183448791504
classifier.4,4,0,51,0.002166306134313345
classifier.4,4,0,52,0.00016661162953823805
classifier.4,4,0,53,0.0028233476914465427
classifier.4,4,0,54,0.00041852984577417374
classifier.4,4,0,55,0.00011668015213217586
classifier.4,4,0,56,0.00900088157504797
classifier.4,4,0,57,0.001437466242350638
classifier.4,4,0,58,0.00040008017094805837
classifier.4,4,0,59,0.00013248040340840816
classifier.4,4,0,60,2.360466169193387e-06
classifier.4,4,0,61,0.0016641864785924554
classifier.4,4,1,0,3.075039785471745e-05
classifier.4,4,1,2,0.008418934419751167
classifier.4,4,1,3,0.0012651646975427866
classifier.4,4,1,4,0.0002380757941864431
classifier.4,4,1,5,0.002481453586369753
classifier.4,4,1,6,0.0007669506594538689
classifier.4,4,1,7,0.010657776147127151
classifier.4,4,1,8,0.0010646076407283545
classifier.4,4,1,9,0.0010918730404227972
classifier.4,4,1,10,0.006090719718486071
classifier.4,4,1,11,0.00034923740895465016
classifier.4,4,1,12,0.0010845871875062585
classifier.4,4,1,13,0.00025889641256071627
classifier.4,4,1,14,0.0011407174170017242
classifier.4,4,1,15,0.0008850350277498364
classifier.4,4,1,16,0.00028505647787824273
classifier.4,4,1,17,0.00010468991968082264
classifier.4,4,1,18,0.46018409729003906
classifier.4,4,1,19,0.005536253564059734
classifier.4,4,1,20,0.00016737997066229582
classifier.4,4,1,21,0.031246475875377655
classifier.4,4,1,22,4.0813338273437694e-05
classifier.4,4,1,23,0.0005257579614408314
classifier.4,4,1,24,9.373652574140579e-07
classifier.4,4,1,25,0.0010155796771869063
classifier.4,4,1,26,0.0003653642488643527
classifier.4,4,1,27,0.0011134480591863394
classifier.4,4,1,28,0.0024605842772871256
classifier.4,4,1,29,0.0036271479912102222
classifier.4,4,1,30,3.08650778606534e-05
classifier.4,4,1,31,0.001919937552884221
classifier.4,4,1,32,5.438652806333266e-05
classifier.4,4,1,33,0.0003446030314080417
classifier.4,4,1,34,0.004087101202458143
classifier.4,4,1,35,0.006877230480313301
classifier.4,4,1,36,0.002339627593755722
classifier.4,4,1,37,0.0003471110248938203
classifier.4,4,1,38,0.0005529954796656966
classifier.4,4,1,39,0.0008559263660572469
classifier.4,4,1,40,0.007240043953061104
classifier.4,4,1,41,0.00034061522455886006
classifier.4,4,1,42,0.00019286344468127936
classifier.4,4,1,43,0.001206416985951364
classifier.4,4,1,44,0.14529326558113098
classifier.4,4,1,45,0.01754065416753292
classifier.4,4,1,46,0.0004125380073674023
classifier.4,4,1,47,0.8352705836296082
classifier.4,4,1,48,8.086229172477033e-06
classifier.4,4,1,49,0.007225615903735161
classifier.4,4,1,50,0.00010526713595027104
classifier.4,4,1,51,0.0001467497058911249
classifier.4,4,1,52,0.0011843903921544552
classifier.4,4,1,53,0.00652919290587306
classifier.4,4,1,54,0.002078631892800331
classifier.4,4,1,55,0.003383008297532797
classifier.4,4,1,56,3.445277252467349e-05
classifier.4,4,1,57,0.00018946887576021254
classifier.4,4,1,58,8.039180829655379e-05
classifier.4,4,1,59,0.0003400704590603709
classifier.4,4,1,60,0.0001665972959017381
classifier.4,4,1,61,0.00522511824965477
classifier.4,4,2,0,0.002012121956795454
classifier.4,4,2,1,0.008418934419751167
classifier.4,4,2,3,0.04194434732198715
classifier.4,4,2,4,0.007923496887087822
classifier.4,4,2,5,0.0023327311500906944
classifier.4,4,2,6,0.0005230758106335998
classifier.4,4,2,7,0.0312807634472847
classifier.4,4,2,8,0.01584542915225029
classifier.4,4,2,9,0.016634684056043625
classifier.4,4,2,10,0.015293663367629051
classifier.4,4,2,11,0.012733100913465023
classifier.4,4,2,12,0.001979527994990349
classifier.4,4,2,13,0.01976829394698143
classifier.4,4,2,14,0.004932794254273176
classifier.4,4,2,15,0.0003954880521632731
classifier.4,4,2,16,0.0008000858942978084
classifier.4,4,2,17,0.000700321514159441
classifier.4,4,2,18,0.0015420755371451378
classifier.4,4,2,19,0.0015592137351632118
classifier.4,4,2,20,0.0015109472442418337
classifier.4,4,2,21,0.03599521890282631
classifier.4,4,2,22,0.0009533143602311611
classifier.4,4,2,23,0.009321046061813831
classifier.4,4,2,24,0.00039942609146237373
classifier.4,4,2,25,0.0016003544442355633
classifier.4,4,2,26,0.01629001274704933
classifier.4,4,2,27,0.03630008548498154
classifier.4,4,2,28,0.00021985516650602221
classifier.4,4,2,29,0.0029662351589649916
classifier.4,4,2,30,0.00229259324260056
classifier.4,4,2,31,0.00021484735771082342
classifier.4,4,2,32,0.00020833882445003837
classifier.4,4,2,33,0.0024869590997695923
classifier.4,4,2,34,0.00047359312884509563
classifier.4,4,2,35,0.45410892367362976
classifier.4,4,2,36,0.27317482233047485
classifier.4,4,2,37,0.00035634826053865254
classifier.4,4,2,38,0.00041344063356518745
classifier.4,4,2,39,0.038930464535951614
classifier.4,4,2,40,0.0005768758710473776
classifier.4,4,2,41,7.868371903896332e-05
classifier.4,4,2,42,0.018526535481214523
classifier.4,4,2,43,0.009559190832078457
classifier.4,4,2,44,0.006286135409027338
classifier.4,4,2,45,0.0035051140002906322
classifier.4,4,2,46,0.0011698432499542832
classifier.4,4,2,47,0.0005008584121242166
classifier.4,4,2,48,0.0002483671996742487
classifier.4,4,2,49,0.005645206198096275
classifier.4,4,2,50,0.000650050409603864
classifier.4,4,2,51,7.482711225748062e-05
classifier.4,4,2,52,0.00034230761229991913
classifier.4,4,2,53,0.007222197018563747
classifier.4,4,2,54,0.0001842002384364605
classifier.4,4,2,55,0.004048197064548731
classifier.4,4,2,56,0.0004447604878805578
classifier.4,4,2,57,0.00010590362217044458
classifier.4,4,2,58,0.00012591463746502995
classifier.4,4,2,59,0.0023427638225257397
classifier.4,4,2,60,0.0004736733390018344
classifier.4,4,2,61,0.46938955783843994
classifier.4,4,3,0,0.026911016553640366
classifier.4,4,3,1,0.0012651646975427866
classifier.4,4,3,2,0.04194434732198715
classifier.4,4,3,4,0.007406553719192743
classifier.4,4,3,5,0.008694445714354515
classifier.4,4,3,6,0.0047919065691530704
classifier.4,4,3,7,0.03221501037478447
classifier.4,4,3,8,0.15986165404319763
classifier.4,4,3,9,0.014596028253436089
classifier.4,4,3,10,0.009010843932628632
classifier.4,4,3,11,0.11031783372163773
classifier.4,4,3,12,0.0032318467274308205
classifier.4,4,3,13,0.0007773973047733307
classifier.4,4,3,14,0.026794901117682457
classifier.4,4,3,15,0.0025819651782512665
classifier.4,4,3,16,0.013406875543296337
classifier.4,4,3,17,0.004258343018591404
classifier.4,4,3,18,0.001259099692106247
classifier.4,4,3,19,0.037933848798274994
classifier.4,4,3,20,0.001595524256117642
classifier.4,4,3,21,0.004533453844487667
classifier.4,4,3,22,0.0007215270888991654
classifier.4,4,3,23,0.0029690610244870186
classifier.4,4,3,24,0.036211300641298294
classifier.4,4,3,25,0.009545336477458477
classifier.4,4,3,26,0.026333127170801163
classifier.4,4,3,27,0.013778043910861015
classifier.4,4,3,28,0.042265672236680984
classifier.4,4,3,29,0.0039264606311917305
classifier.4,4,3,30,0.0027423487044870853
classifier.4,4,3,31,0.0031964995432645082
classifier.4,4,3,32,0.0013466117670759559
classifier.4,4,3,33,0.005387414712458849
classifier.4,4,3,34,0.0024974653497338295
classifier.4,4,3,35,0.012303822673857212
classifier.4,4,3,36,0.017025064677000046
classifier.4,4,3,37,0.009931405074894428
classifier.4,4,3,38,0.0012041328009217978
classifier.4,4,3,39,0.008542502298951149
classifier.4,4,3,40,0.0016051612328737974
classifier.4,4,3,41,0.0020513092167675495
classifier.4,4,3,42,0.1798093616962433
classifier.4,4,3,43,0.003929139580577612
classifier.4,4,3,44,0.005242558661848307
classifier.4,4,3,45,0.030029309913516045
classifier.4,4,3,46,0.0008868352742865682
classifier.4,4,3,47,0.000838003761600703
classifier.4,4,3,48,0.0001332466199528426
classifier.4,4,3,49,0.004785677418112755
classifier.4,4,3,50,0.0214836448431015
classifier.4,4,3,51,0.002465209923684597
classifier.4,4,3,52,0.04102446883916855
classifier.4,4,3,53,0.008640555664896965
classifier.4,4,3,54,0.009263638406991959
classifier.4,4,3,55,0.0019527642289176583
classifier.4,4,3,56,0.0006337774102576077
classifier.4,4,3,57,0.002008633455261588
classifier.4,4,3,58,0.000697155948728323
classifier.4,4,3,59,0.0034548058174550533
classifier.4,4,3,60,0.003454197198152542
classifier.4,4,3,61,0.0374038927257061
classifier.4,4,4,0,0.001673647202551365
classifier.4,4,4,1,0.0002380757941864431
classifier.4,4,4,2,0.007923496887087822
classifier.4,4,4,3,0.007406553719192743
classifier.4,4,4,5,7.6151336543262e-05
classifier.4,4,4,6,0.0023733670823276043
classifier.4,4,4,7,0.0314321368932724
classifier.4,4,4,8,0.004687284119427204
classifier.4,4,4,9,0.1303025782108307
classifier.4,4,4,10,0.0475907139480114
classifier.4,4,4,11,0.0018130094977095723
classifier.4,4,4,12,0.0011079530231654644
classifier.4,4,4,13,0.0026323599740862846
classifier.4,4,4,14,0.0056929029524326324
classifier.4,4,4,15,0.009523233398795128
classifier.4,4,4,16,0.0018981045577675104
classifier.4,4,4,17,0.37222203612327576
classifier.4,4,4,18,0.0006307888543233275
classifier.4,4,4,19,0.005123879760503769
classifier.4,4,4,20,0.0015540807507932186
classifier.4,4,4,21,0.0020140681881457567
classifier.4,4,4,22,0.0027465038001537323
classifier.4,4,4,23,0.017038658261299133
classifier.4,4,4,24,0.00027050895732827485
classifier.4,4,4,25,0.0016739876009523869
classifier.4,4,4,26,0.015557633712887764
classifier.4,4,4,27,0.008060190826654434
classifier.4,4,4,28,0.00029785471269860864
classifier.4,4,4,29,0.04840227961540222
classifier.4,4,4,30,0.07345378398895264
classifier.4,4,4,31,0.007476700469851494
classifier.4,4,4,32,0.0020559546537697315
classifier.4,4,4,33,0.009119285270571709
classifier.4,4,4,34,0.23740200698375702
classifier.4,4,4,35,0.0011710200924426317
classifier.4,4,4,36,0.053781215101480484
classifier.4,4,4,37,0.0005551211070269346
classifier.4,4,4,38,0.0005988648044876754
classifier.4,4,4,39,0.017302826046943665
classifier.4,4,4,40,0.01225757785141468
classifier.4,4,4,41,0.004336850717663765
classifier.4,4,4,42,0.003930858336389065
classifier.4,4,4,43,0.007502838969230652
classifier.4,4,4,44,0.0008999841520562768
classifier.4,4,4,45,0.002373427152633667
classifier.4,4,4,46,0.002480524592101574
classifier.4,4,4,47,0.000373038521502167
classifier.4,4,4,48,0.0021784077398478985
classifier.4,4,4,49,0.051059283316135406
classifier.4,4,4,50,0.000706291408278048
classifier.4,4,4,51,0.0013847063528373837
classifier.4,4,4,52,0.0009584808722138405
classifier.4,4,4,53,0.016134075820446014
classifier.4,4,4,54,8.729002729523927e-05
classifier.4,4,4,55,0.11288967728614807
classifier.4,4,4,56,0.022261735051870346
classifier.4,4,4,57,0.0034733512438833714
classifier.4,4,4,58,0.000762393232434988
classifier.4,4,4,59,0.007613030262291431
classifier.4,4,4,60,0.23405787348747253
classifier.4,4,4,61,0.001408398849889636
classifier.4,4,5,0,1.522555248811841e-05
classifier.4,4,5,1,0.002481453586369753
classifier.4,4,5,2,0.0023327311500906944
classifier.4,4,5,3,0.008694445714354515
classifier.4,4,5,4,7.6151336543262e-05
classifier.4,4,5,6,0.006677989382296801
classifier.4,4,5,7,0.0006382011924870312
classifier.4,4,5,8,0.007707771845161915
classifier.4,4,5,9,0.004142232704907656
classifier.4,4,5,10,0.00340457446873188
classifier.4,4,5,11,0.0036638942547142506
classifier.4,4,5,12,0.001270875334739685
classifier.4,4,5,13,0.0008774885791353881
classifier.4,4,5,14,0.03902537003159523
classifier.4,4,5,15,0.004004571586847305
classifier.4,4,5,16,0.00014416547492146492
classifier.4,4,5,17,0.0006133081624284387
classifier.4,4,5,18,0.004385408945381641
classifier.4,4,5,19,0.0747019350528717
classifier.4,4,5,20,0.00030503253219649196
classifier.4,4,5,21,0.001725880429148674
classifier.4,4,5,22,7.604229904245585e-05
classifier.4,4,5,23,0.0004888640833087265
classifier.4,4,5,24,0.000331344228470698
classifier.4,4,5,25,0.0015966605860739946
classifier.4,4,5,26,0.0023073016200214624
classifier.4,4,5,27,0.002550859469920397
classifier.4,4,5,28,0.7852237224578857
classifier.4,4,5,29,0.002256950596347451
classifier.4,4,5,30,0.0001820614852476865
classifier.4,4,5,31,0.0011354662710800767
classifier.4,4,5,32,0.00013081621727906168
classifier.4,4,5,33,0.0006169021362438798
classifier.4,4,5,34,0.0023517110385000706
classifier.4,4,5,35,0.0003795442753471434
classifier.4,4,5,36,0.0034467342775315046
classifier.4,4,5,37,0.0057609910145401955
classifier.4,4,5,38,0.0005451398901641369
classifier.4,4,5,39,0.0025046351365745068
classifier.4,4,5,40,0.002544921590015292
classifier.4,4,5,41,0.004262056201696396
classifier.4,4,5,42,0.006844024173915386
classifier.4,4,5,43,0.005469196476042271
classifier.4,4,5,44,0.0004207369638606906
classifier.4,4,5,45,0.006340081803500652
classifier.4,4,5,46,0.0006130081019364297
classifier.4,4,5,47,0.00026562713901512325
classifier.4,4,5,48,1.5065221305121668e-05
classifier.4,4,5,49,0.0026637990958988667
classifier.4,4,5,50,0.0002916216617450118
classifier.4,4,5,51,0.0004739996511489153
classifier.4,4,5,52,0.001972643658518791
classifier.4,4,5,53,0.024314453825354576
classifier.4,4,5,54,0.23541969060897827
classifier.4,4,5,55,0.00012757908552885056
classifier.4,4,5,56,1.0181196557823569e-05
classifier.4,4,5,57,0.00043673743493855
classifier.4,4,5,58,0.004085581284016371
classifier.4,4,5,59,0.0006179944612085819
classifier.4,4,5,60,0.0014273251872509718
classifier.4,4,5,61,0.0011635544942691922
classifier.4,4,6,0,0.002888978226110339
classifier.4,4,6,1,0.0007669506594538689
classifier.4,4,6,2,0.0005230758106335998
classifier.4,4,6,3,0.0047919065691530704
classifier.4,4,6,4,0.0023733670823276043
classifier.4,4,6,5,0.006677989382296801
classifier.4,4,6,7,0.0015782138798385859
classifier.4,4,6,8,0.0501413568854332
classifier.4,4,6,9,0.0034355628304183483
classifier.4,4,6,10,0.006689286325126886
classifier.4,4,6,11,0.011107861995697021
classifier.4,4,6,12,0.012606924399733543
classifier.4,4,6,13,0.019520264118909836
classifier.4,4,6,14,0.03591460362076759
classifier.4,4,6,15,0.00033853319473564625
classifier.4,4,6,16,0.5487896203994751
classifier.4,4,6,17,0.005272999871522188
classifier.4,4,6,18,0.0021232543513178825
classifier.4,4,6,19,0.00367401959374547
classifier.4,4,6,20,0.003058870555832982
classifier.4,4,6,21,0.22391092777252197
classifier.4,4,6,22,0.00043673711479641497
classifier.4,4,6,23,0.0012723279651254416
classifier.4,4,6,24,0.0019038054160773754
classifier.4,4,6,25,0.0019344653701409698
classifier.4,4,6,26,0.0030593699775636196
classifier.4,4,6,27,0.002724422374740243
classifier.4,4,6,28,0.0005442106630653143
classifier.4,4,6,29,0.0076726144179701805
classifier.4,4,6,30,0.041099876165390015
classifier.4,4,6,31,0.0006334225181490183
classifier.4,4,6,32,0.020594457164406776
classifier.4,4,6,33,0.0010967775015160441
classifier.4,4,6,34,0.0021176643203943968
classifier.4,4,6,35,0.0008029757300391793
classifier.4,4,6,36,0.0004951977171003819
classifier.4,4,6,37,0.846545934677124
classifier.4,4,6,38,0.0026828867848962545
classifier.4,4,6,39,0.010250573977828026
classifier.4,4,6,40,0.004135096911340952
classifier.4,4,6,41,0.001643790164962411
classifier.4,4,6,42,0.0013359857257455587
classifier.4,4,6,43,0.03460482507944107
classifier.4,4,6,44,0.005846178624778986
classifier.4,4,6,45,0.0008154296083375812
classifier.4,4,6,46,0.005161432549357414
classifier.4,4,6,47,0.001740530482493341
classifier.4,4,6,48,0.00015293527394533157
classifier.4,4,6,49,0.004822502378374338
classifier.4,4,6,50,0.0025234243366867304
classifier.4,4,6,51,0.0005831260932609439
classifier.4,4,6,52,0.0004157016519457102
classifier.4,4,6,53,0.0007645268924534321
classifier.4,4,6,54,0.005320645868778229
classifier.4,4,6,55,0.07122421264648438
classifier.4,4,6,56,0.010354291647672653
classifier.4,4,6,57,0.00042538903653621674
classifier.4,4,6,58,1.3277633115649223e-05
classifier.4,4,6,59,0.0008908529998734593
classifier.4,4,6,60,0.0016093302983790636
classifier.4,4,6,61,0.0008151422371156514
classifier.4,4,7,0,0.0021328404545783997
classifier.4,4,7,1,0.010657776147127151
classifier.4,4,7,2,0.0312807634472847
classifier.4,4,7,3,0.03221501037478447
classifier.4,4,7,4,0.0314321368932724
classifier.4,4,7,5,0.0006382011924870312
classifier.4,4,7,6,0.0015782138798385859
classifier.4,4,7,8,0.0018665194511413574
classifier.4,4,7,9,0.17822983860969543
classifier.4,4,7,10,0.013775195926427841
classifier.4,4,7,11,0.011305750347673893
classifier.4,4,7,12,0.00072282156907022
classifier.4,4,7,13,0.0009031947702169418
classifier.4,4,7,14,0.005054797511547804
classifier.4,4,7,15,0.006300303153693676
classifier.4,4,7,16,0.002270424272865057
classifier.4,4,7,17,0.007885970175266266
classifier.4,4,7,18,0.004002390429377556
classifier.4,4,7,19,0.0023317132145166397
classifier.4,4,7,20,0.001275838352739811
classifier.4,4,7,21,0.0054617212153971195
classifier.4,4,7,22,0.005818987265229225
classifier.4,4,7,23,0.040783584117889404
classifier.4,4,7,24,0.002358056139200926
classifier.4,4,7,25,0.01050717756152153
classifier.4,4,7,26,0.019565600901842117
classifier.4,4,7,27,0.007108740508556366
classifier.4,4,7,28,0.002747905207797885
classifier.4,4,7,29,0.18673650920391083
classifier.4,4,7,30,0.0013434106949716806
classifier.4,4,7,31,0.001491344883106649
classifier.4,4,7,32,0.001131938537582755
classifier.4,4,7,33,0.003914421424269676
classifier.4,4,7,34,0.0670335590839386
classifier.4,4,7,35,0.006025072652846575
classifier.4,4,7,36,0.00946129485964775
classifier.4,4,7,37,0.0012098413426429033
classifier.4,4,7,38,0.0002599988365545869
classifier.4,4,7,39,0.009591396898031235
classifier.4,4,7,40,0.007608569692820311
classifier.4,4,7,41,0.0026279734447598457
classifier.4,4,7,42,0.05659361556172371
classifier.4,4,7,43,0.02851954661309719
classifier.4,4,7,44,0.0011118932161480188
classifier.4,4,7,45,0.011520212516188622
classifier.4,4,7,46,0.0009645227110013366
classifier.4,4,7,47,0.00715272780507803
classifier.4,4,7,48,0.0035808486863970757
classifier.4,4,7,49,0.15350453555583954
classifier.4,4,7,50,0.0028993231244385242
classifier.4,4,7,51,0.006053203251212835
classifier.4,4,7,52,0.04727085679769516
classifier.4,4,7,53,0.024668937548995018
classifier.4,4,7,54,0.0010704394662752748
classifier.4,4,7,55,0.027540739625692368
classifier.4,4,7,56,0.0010412551928311586
classifier.4,4,7,57,0.0018638544715940952
classifier.4,4,7,58,0.0017091487534344196
classifier.4,4,7,59,0.001774163218215108
classifier.4,4,7,60,0.0122356116771698
classifier.4,4,7,61,0.00038284435868263245
classifier.4,4,8,0,0.0027095817495137453
classifier.4,4,8,1,0.0010646076407283545
classifier.4,4,8,2,0.01584542915225029
classifier.4,4,8,3,0.15986165404319763
classifier.4,4,8,4,0.004687284119427204
classifier.4,4,8,5,0.007707771845161915
classifier.4,4,8,6,0.0501413568854332
classifier.4,4,8,7,0.0018665194511413574
classifier.4,4,8,9,0.04350389912724495
classifier.4,4,8,10,0.0066122449934482574
classifier.4,4,8,11,0.37938982248306274
classifier.4,4,8,12,0.004220223054289818
classifier.4,4,8,13,0.000517240259796381
classifier.4,4,8,14,0.09657298773527145
classifier.4,4,8,15,0.021899158135056496
classifier.4,4,8,16,0.00046399887651205063
classifier.4,4,8,17,0.0028340909630060196
classifier.4,4,8,18,3.436300903558731e-05
classifier.4,4,8,19,0.0013809790834784508
classifier.4,4,8,20,0.0011546226451173425
classifier.4,4,8,21,0.006256130523979664
classifier.4,4,8,22,0.0003266864805482328
classifier.4,4,8,23,0.0044657085090875626
classifier.4,4,8,24,0.0017416197806596756
classifier.4,4,8,25,0.15831400454044342
classifier.4,4,8,26,0.018903125077486038
classifier.4,4,8,27,0.006983836647123098
classifier.4,4,8,28,0.012475610710680485
classifier.4,4,8,29,0.00524553656578064
classifier.4,4,8,30,0.0010337547864764929
classifier.4,4,8,31,0.008116725832223892
classifier.4,4,8,32,0.0011172778904438019
classifier.4,4,8,33,0.021000003442168236
classifier.4,4,8,34,0.01622150093317032
classifier.4,4,8,35,0.0014606103068217635
classifier.4,4,8,36,2.659577876329422e-05
classifier.4,4,8,37,0.016769615933299065
classifier.4,4,8,38,0.0015911355149000883
classifier.4,4,8,39,0.1248059868812561
classifier.4,4,8,40,0.02486196719110012
classifier.4,4,8,41,0.013951398432254791
classifier.4,4,8,42,0.1875617355108261
classifier.4,4,8,43,0.006942947395145893
classifier.4,4,8,44,0.00013386376667767763
classifier.4,4,8,45,0.004493639804422855
classifier.4,4,8,46,0.00046324427239596844
classifier.4,4,8,47,0.0008501740521751344
classifier.4,4,8,48,0.0001136279825004749
classifier.4,4,8,49,0.0031088865362107754
classifier.4,4,8,50,0.004002824425697327
classifier.4,4,8,51,0.07858455926179886
classifier.4,4,8,52,0.22036752104759216
classifier.4,4,8,53,0.05364234745502472
classifier.4,4,8,54,0.00926603376865387
classifier.4,4,8,55,0.002241661539301276
classifier.4,4,8,56,0.0032202505972236395
classifier.4,4,8,57,0.003054661676287651
classifier.4,4,8,58,0.0007596064242534339
classifier.4,4,8,59,0.012432297691702843
classifier.4,4,8,60,0.011389167048037052
classifier.4,4,8,61,0.0030846784356981516
classifier.4,4,9,0,0.0005965406307950616
classifier.4,4,9,1,0.0010918730404227972
classifier.4,4,9,2,0.016634684056043625
classifier.4,4,9,3,0.014596028253436089
classifier.4,4,9,4,0.1303025782108307
classifier.4,4,9,5,0.004142232704907656
classifier.4,4,9,6,0.0034355628304183483
classifier.4,4,9,7,0.17822983860969543
classifier.4,4,9,8,0.04350389912724495
classifier.4,4,9,10,0.01231243833899498
classifier.4,4,9,11,0.01382081862539053
classifier.4,4,9,12,0.000880525796674192
classifier.4,4,9,13,0.0018581124022603035
classifier.4,4,9,14,0.00480407802388072
classifier.4,4,9,15,0.0028224829584360123
classifier.4,4,9,16,0.013261040672659874
classifier.4,4,9,17,0.02293543517589569
classifier.4,4,9,18,0.0011538468534126878
classifier.4,4,9,19,0.0030556044075638056
classifier.4,4,9,20,0.0011649139923974872
classifier.4,4,9,21,0.001265883445739746
classifier.4,4,9,22,0.0001248680637218058
classifier.4,4,9,23,0.0028882198967039585
classifier.4,4,9,24,2.434768248349428e-06
classifier.4,4,9,25,0.014767894521355629
classifier.4,4,9,26,0.014252477325499058
classifier.4,4,9,27,0.00825105607509613
classifier.4,4,9,28,0.0033665753435343504
classifier.4,4,9,29,0.002626016503199935
classifier.4,4,9,30,0.007351468782871962
classifier.4,4,9,31,0.0007512988522648811
classifier.4,4,9,32,0.0003627679543569684
classifier.4,4,9,33,0.001060819486156106
classifier.4,4,9,34,0.0005040788091719151
classifier.4,4,9,35,0.0033484632149338722
classifier.4,4,9,36,0.07785788178443909
classifier.4,4,9,37,0.0008689543465152383
classifier.4,4,9,38,0.0007021329365670681
classifier.4,4,9,39,0.033261120319366455
classifier.4,4,9,40,0.005116991698741913
classifier.4,4,9,41,0.002160940784960985
classifier.4,4,9,42,0.5663275122642517
classifier.4,4,9,43,0.004102233797311783
classifier.4,4,9,44,0.0006579650798812509
classifier.4,4,9,45,0.003662545932456851
classifier.4,4,9,46,0.0004434838192537427
classifier.4,4,9,47,0.0007655165973119438
classifier.4,4,9,48,0.0009151659905910492
classifier.4,4,9,49,0.0029370184056460857
classifier.4,4,9,50,0.0014960062690079212
classifier.4,4,9,51,0.0009117609588429332
classifier.4,4,9,52,0.6615036129951477
classifier.4,4,9,53,0.0012619892368093133
classifier.4,4,9,54,7.564469706267118e-05
classifier.4,4,9,55,0.006103948224335909
classifier.4,4,9,56,0.004271486774086952
classifier.4,4,9,57,0.0006290343590080738
classifier.4,4,9,58,0.00031930493423715234
classifier.4,4,9,59,0.0018184189684689045
classifier.4,4,9,60,0.014226088300347328
classifier.4,4,9,61,0.0032270897645503283
classifier.4,4,10,0,0.0008822535164654255
classifier.4,4,10,1,0.006090719718486071
classifier.4,4,10,2,0.015293663367629051
classifier.4,4,10,3,0.009010843932628632
classifier.4,4,10,4,0.0475907139480114
classifier.4,4,10,5,0.00340457446873188
classifier.4,4,10,6,0.006689286325126886
classifier.4,4,10,7,0.013775195926427841
classifier.4,4,10,8,0.0066122449934482574
classifier.4,4,10,9,0.01231243833899498
classifier.4,4,10,11,0.022512488067150116
classifier.4,4,10,12,0.0019497054163366556
classifier.4,4,10,13,0.0008862991817295551
classifier.4,4,10,14,0.0053341565653681755
classifier.4,4,10,15,5.7089608162641525e-05
classifier.4,4,10,16,0.003704551374539733
classifier.4,4,10,17,0.23503588140010834
classifier.4,4,10,18,0.0010556485503911972
classifier.4,4,10,19,0.004687409847974777
classifier.4,4,10,20,0.0051133399829268456
classifier.4,4,10,21,0.011896422132849693
classifier.4,4,10,22,0.02303251251578331
classifier.4,4,10,23,0.023755766451358795
classifier.4,4,10,24,0.0003089010715484619
classifier.4,4,10,25,0.0020449827425181866
classifier.4,4,10,26,0.005229797214269638
classifier.4,4,10,27,0.1634971797466278
classifier.4,4,10,28,0.0008082744316197932
classifier.4,4,10,29,0.019971150904893875
classifier.4,4,10,30,0.007133979815989733
classifier.4,4,10,31,0.0020373051520437002
classifier.4,4,10,32,0.0028454256244003773
classifier.4,4,10,33,0.003033407498151064
classifier.4,4,10,34,0.013688942417502403
classifier.4,4,10,35,0.013299182057380676
classifier.4,4,10,36,0.1733962893486023
classifier.4,4,10,37,0.007432818878442049
classifier.4,4,10,38,0.0005831292946822941
classifier.4,4,10,39,0.04755020514130592
classifier.4,4,10,40,0.009731452912092209
classifier.4,4,10,41,0.0009429593337699771
classifier.4,4,10,42,0.011450579389929771
classifier.4,4,10,43,0.15336517989635468
classifier.4,4,10,44,0.0051834541372954845
classifier.4,4,10,45,0.0031667612493038177
classifier.4,4,10,46,0.0037789251655340195
classifier.4,4,10,47,0.0062581198289990425
classifier.4,4,10,48,0.018722154200077057
classifier.4,4,10,49,0.05346549674868584
classifier.4,4,10,50,0.0005001958925276995
classifier.4,4,10,51,0.007126485928893089
classifier.4,4,10,52,0.0014698468148708344
classifier.4,4,10,53,0.001224322710186243
classifier.4,4,10,54,0.0017018418293446302
classifier.4,4,10,55,0.029746200889348984
classifier.4,4,10,56,0.0038205247838050127
classifier.4,4,10,57,0.0015874647069722414
classifier.4,4,10,58,0.0023400408681482077
classifier.4,4,10,59,0.0002050725743174553
classifier.4,4,10,60,0.018020931631326675
classifier.4,4,10,61,0.01078714244067669
classifier.4,4,11,0,0.004715237766504288
classifier.4,4,11,1,0.00034923740895465016
classifier.4,4,11,2,0.012733100913465023
classifier.4,4,11,3,0.11031783372163773
classifier.4,4,11,4,0.0018130094977095723
classifier.4,4,11,5,0.0036638942547142506
classifier.4,4,11,6,0.011107861995697021
classifier.4,4,11,7,0.011305750347673893
classifier.4,4,11,8,0.37938982248306274
classifier.4,4,11,9,0.01382081862539053
classifier.4,4,11,10,0.022512488067150116
classifier.4,4,11,12,0.008914072066545486
classifier.4,4,11,13,0.059189245104789734
classifier.4,4,11,14,0.016116229817271233
classifier.4,4,11,15,0.005707933567464352
classifier.4,4,11,16,0.027373723685741425
classifier.4,4,11,17,0.014227598905563354
classifier.4,4,11,18,0.0004009073891211301
classifier.4,4,11,19,0.008072569034993649
classifier.4,4,11,20,0.0008059384999796748
classifier.4,4,11,21,0.008060465566813946
classifier.4,4,11,22,0.00032270365045405924
classifier.4,4,11,23,6.632390432059765e-05
classifier.4,4,11,24,0.00012547709047794342
classifier.4,4,11,25,0.008415748365223408
classifier.4,4,11,26,0.005809831898659468
classifier.4,4,11,27,0.09836245328187943
classifier.4,4,11,28,0.0027839725371450186
classifier.4,4,11,29,0.0010302556911483407
classifier.4,4,11,30,2.9054521291982383e-05
classifier.4,4,11,31,0.0024315074551850557
classifier.4,4,11,32,0.0004567638970911503
classifier.4,4,11,33,0.00764989759773016
classifier.4,4,11,34,0.006354143377393484
classifier.4,4,11,35,0.00024610903346911073
classifier.4,4,11,36,0.0021306469570845366
classifier.4,4,11,37,0.10619445890188217
classifier.4,4,11,38,0.002757322508841753
classifier.4,4,11,39,0.024643832817673683
classifier.4,4,11,40,0.03503077104687691
classifier.4,4,11,41,0.0019835280254483223
classifier.4,4,11,42,0.03035017102956772
classifier.4,4,11,43,0.008607383817434311
classifier.4,4,11,44,0.0012645861133933067
classifier.4,4,11,45,0.008947636932134628
classifier.4,4,11,46,0.0010013384744524956
classifier.4,4,11,47,6.431507063098252e-05
classifier.4,4,11,48,0.00019844328926410526
classifier.4,4,11,49,0.003868261817842722
classifier.4,4,11,50,0.013008654117584229
classifier.4,4,11,51,0.006104134023189545
classifier.4,4,11,52,0.04030461609363556
classifier.4,4,11,53,0.031085312366485596
classifier.4,4,11,54,0.0035347454249858856
classifier.4,4,11,55,0.0036563007161021233
classifier.4,4,11,56,0.0005319259944371879
classifier.4,4,11,57,0.0005523957661353052
classifier.4,4,11,58,0.00039694696897640824
classifier.4,4,11,59,0.0048611778765916824
classifier.4,4,11,60,0.0020323283970355988
classifier.4,4,11,61,0.005674117244780064
classifier.4,4,12,0,0.005301233381032944
classifier.4,4,12,1,0.0010845871875062585
classifier.4,4,12,2,0.001979527994990349
classifier.4,4,12,3,0.0032318467274308205
classifier.4,4,12,4,0.0011079530231654644
classifier.4,4,12,5,0.001270875334739685
classifier.4,4,12,6,0.012606924399733543
classifier.4,4,12,7,0.00072282156907022
classifier.4,4,12,8,0.004220223054289818
classifier.4,4,12,9,0.000880525796674192
classifier.4,4,12,10,0.0019497054163366556
classifier.4,4,12,11,0.008914072066545486
classifier.4,4,12,13,0.006897918879985809
classifier.4,4,12,14,0.029910290613770485
classifier.4,4,12,15,0.00224779243580997
classifier.4,4,12,16,0.018420301377773285
classifier.4,4,12,17,0.00028159943758510053
classifier.4,4,12,18,0.0024808223824948072
classifier.4,4,12,19,0.0003022408636752516
classifier.4,4,12,20,7.15085188858211e-05
classifier.4,4,12,21,0.06498868018388748
classifier.4,4,12,22,9.579270408721641e-05
classifier.4,4,12,23,0.00035072973696514964
classifier.4,4,12,24,0.0010563456453382969
classifier.4,4,12,25,0.001270129345357418
classifier.4,4,12,26,0.006514095235615969
classifier.4,4,12,27,0.03859146684408188
classifier.4,4,12,28,8.276535663753748e-05
classifier.4,4,12,29,0.002109706634655595
classifier.4,4,12,30,0.00012178183533251286
classifier.4,4,12,31,0.0003851002547889948
classifier.4,4,12,32,0.0004768875369336456
classifier.4,4,12,33,0.000157892209244892
classifier.4,4,12,34,0.0002699230972211808
classifier.4,4,12,35,0.0010254133958369493
classifier.4,4,12,36,0.0017224946059286594
classifier.4,4,12,37,0.006203877739608288
classifier.4,4,12,38,0.9335326552391052
classifier.4,4,12,39,0.0034072452690452337
classifier.4,4,12,40,0.39355790615081787
classifier.4,4,12,41,0.001178304199129343
classifier.4,4,12,42,0.0005980763817206025
classifier.4,4,12,43,0.0022595850750803947
classifier.4,4,12,44,0.0009001343278214335
classifier.4,4,12,45,0.00038125558057799935
classifier.4,4,12,46,0.0017604455351829529
classifier.4,4,12,47,0.0006883195601403713
classifier.4,4,12,48,1.5916502889012918e-05
classifier.4,4,12,49,0.0009631210705265403
classifier.4,4,12,50,0.005006353370845318
classifier.4,4,12,51,0.003994939848780632
classifier.4,4,12,52,0.000716250273399055
classifier.4,4,12,53,0.00033284910023212433
classifier.4,4,12,54,0.0007903218502178788
classifier.4,4,12,55,0.003983532544225454
classifier.4,4,12,56,0.0004949491121806204
classifier.4,4,12,57,0.00023384997621178627
classifier.4,4,12,58,0.00023232633247971535
classifier.4,4,12,59,0.00031566352117806673
classifier.4,4,12,60,0.00020098767708986998
classifier.4,4,12,61,0.0019013483542948961
classifier.4,4,13,0,0.1695040762424469
classifier.4,4,13,1,0.00025889641256071627
classifier.4,4,13,2,0.01976829394698143
classifier.4,4,13,3,0.0007773973047733307
classifier.4,4,13,4,0.0026323599740862846
classifier.4,4,13,5,0.0008774885791353881
classifier.4,4,13,6,0.019520264118909836
classifier.4,4,13,7,0.0009031947702169418
classifier.4,4,13,8,0.000517240259796381
classifier.4,4,13,9,0.0018581124022603035
classifier.4,4,13,10,0.0008862991817295551
classifier.4,4,13,11,0.059189245104789734
classifier.4,4,13,12,0.006897918879985809
classifier.4,4,13,14,0.002763067139312625
classifier.4,4,13,15,0.002358331810683012
classifier.4,4,13,16,0.007313488982617855
classifier.4,4,13,17,0.0035479115322232246
classifier.4,4,13,18,0.00032678182469680905
classifier.4,4,13,19,0.004451643209904432
classifier.4,4,13,20,0.0007448074757121503
classifier.4,4,13,21,0.001994861988350749
classifier.4,4,13,22,0.0012370607582852244
classifier.4,4,13,23,0.009905166923999786
classifier.4,4,13,24,0.08149799704551697
classifier.4,4,13,25,0.011372030712664127
classifier.4,4,13,26,0.03695789724588394
classifier.4,4,13,27,0.0016688951291143894
classifier.4,4,13,28,0.0005532398354262114
classifier.4,4,13,29,0.0008130284259095788
classifier.4,4,13,30,0.010075530968606472
classifier.4,4,13,31,0.0026173251681029797
classifier.4,4,13,32,0.00018790480680763721
classifier.4,4,13,33,0.00027646138914860785
classifier.4,4,13,34,0.0010048055555671453
classifier.4,4,13,35,0.007493990007787943
classifier.4,4,13,36,0.03382973372936249
classifier.4,4,13,37,0.04434401914477348
classifier.4,4,13,38,0.003929493483155966
classifier.4,4,13,39,0.00542915565893054
classifier.4,4,13,40,0.004453396424651146
classifier.4,4,13,41,0.0005374985048547387
classifier.4,4,13,42,0.002865871647372842
classifier.4,4,13,43,0.0062194885686039925
classifier.4,4,13,44,0.0004646195739042014
classifier.4,4,13,45,0.0036301985383033752
classifier.4,4,13,46,0.0005913763307034969
classifier.4,4,13,47,0.00010832463158294559
classifier.4,4,13,48,0.0003118922468274832
classifier.4,4,13,49,0.00884432066231966
classifier.4,4,13,50,0.1877622902393341
classifier.4,4,13,51,0.015343374572694302
classifier.4,4,13,52,0.0028152319137007
classifier.4,4,13,53,0.0035866862162947655
classifier.4,4,13,54,7.239729166030884e-05
classifier.4,4,13,55,0.0011882823891937733
classifier.4,4,13,56,0.017721811309456825
classifier.4,4,13,57,0.0026457018684595823
classifier.4,4,13,58,0.0018983375048264861
classifier.4,4,13,59,0.0005962193245068192
classifier.4,4,13,60,0.0006544961361214519
classifier.4,4,13,61,0.008088169619441032
classifier.4,4,14,0,0.001345428521744907
classifier.4,4,14,1,0.0011407174170017242
classifier.4,4,14,2,0.004932794254273176
classifier.4,4,14,3,0.026794901117682457
classifier.4,4,14,4,0.0056929029524326324
classifier.4,4,14,5,0.03902537003159523
classifier.4,4,14,6,0.03591460362076759
classifier.4,4,14,7,0.005054797511547804
classifier.4,4,14,8,0.09657298773527145
classifier.4,4,14,9,0.00480407802388072
classifier.4,4,14,10,0.0053341565653681755
classifier.4,4,14,11,0.016116229817271233
classifier.4,4,14,12,0.029910290613770485
classifier.4,4,14,13,0.002763067139312625
classifier.4,4,14,15,0.09393935650587082
classifier.4,4,14,16,0.0007234402000904083
classifier.4,4,14,17,0.002582406159490347
classifier.4,4,14,18,0.002520904643461108
classifier.4,4,14,19,0.00877952016890049
classifier.4,4,14,20,0.0028658746741712093
classifier.4,4,14,21,0.009512349031865597
classifier.4,4,14,22,0.0001772523537511006
classifier.4,4,14,23,0.0008487145532853901
classifier.4,4,14,24,0.0004352061077952385
classifier.4,4,14,25,0.01297765877097845
classifier.4,4,14,26,0.009754301980137825
classifier.4,4,14,27,0.036708056926727295
classifier.4,4,14,28,0.013148811645805836
classifier.4,4,14,29,0.030865121632814407
classifier.4,4,14,30,0.003232246730476618
classifier.4,4,14,31,0.001168529037386179
classifier.4,4,14,32,0.002039051614701748
classifier.4,4,14,33,0.0027820055838674307
classifier.4,4,14,34,0.0029730871319770813
classifier.4,4,14,35,0.00041977502405643463
classifier.4,4,14,36,0.025918712839484215
classifier.4,4,14,37,0.02447585202753544
classifier.4,4,14,38,0.031881049275398254
classifier.4,4,14,39,0.011733057908713818
classifier.4,4,14,40,0.3514920473098755
classifier.4,4,14,41,0.0426345020532608
classifier.4,4,14,42,0.012252727523446083
classifier.4,4,14,43,0.009188278578221798
classifier.4,4,14,44,0.0018498830031603575
classifier.4,4,14,45,0.004217527341097593
classifier.4,4,14,46,0.007497458253055811
classifier.4,4,14,47,0.0003206372493878007
classifier.4,4,14,48,2.2804179025115445e-05
classifier.4,4,14,49,0.0016361370217055082
classifier.4,4,14,50,0.0029653399251401424
classifier.4,4,14,51,0.007364786230027676
classifier.4,4,14,52,0.009721139445900917
classifier.4,4,14,53,0.026614969596266747
classifier.4,4,14,54,0.00988009013235569
classifier.4,4,14,55,0.052916523069143295
classifier.4,4,14,56,0.0004932679003104568
classifier.4,4,14,57,0.0006832900689914823
classifier.4,4,14,58,0.00024362618569284678
classifier.4,4,14,59,7.93293584138155e-05
classifier.4,4,14,60,0.0015863100998103619
classifier.4,4,14,61,0.004727935418486595
classifier.4,4,15,0,0.0002754715096671134
classifier.4,4,15,1,0.0008850350277498364
classifier.4,4,15,2,0.0003954880521632731
classifier.4,4,15,3,0.0025819651782512665
classifier.4,4,15,4,0.009523233398795128
classifier.4,4,15,5,0.004004571586847305
classifier.4,4,15,6,0.00033853319473564625
classifier.4,4,15,7,0.006300303153693676
classifier.4,4,15,8,0.021899158135056496
classifier.4,4,15,9,0.0028224829584360123
classifier.4,4,15,10,5.7089608162641525e-05
classifier.4,4,15,11,0.005707933567464352
classifier.4,4,15,12,0.00224779243580997
classifier.4,4,15,13,0.002358331810683012
classifier.4,4,15,14,0.09393935650587082
classifier.4,4,15,16,0.003375403117388487
classifier.4,4,15,17,0.004582585766911507
classifier.4,4,15,18,0.0016183131374418736
classifier.4,4,15,19,0.005190511699765921
classifier.4,4,15,20,0.0006150140543468297
classifier.4,4,15,21,0.0002793615567497909
classifier.4,4,15,22,0.00026725741918198764
classifier.4,4,15,23,0.0009617604082450271
classifier.4,4,15,24,5.82683423999697e-06
classifier.4,4,15,25,0.06831611692905426
classifier.4,4,15,26,0.0025567887350916862
classifier.4,4,15,27,0.0014196934644132853
classifier.4,4,15,28,0.016274813562631607
classifier.4,4,15,29,0.006258951034396887
classifier.4,4,15,30,0.001369292731396854
classifier.4,4,15,31,0.0026281005702912807
classifier.4,4,15,32,0.0003040097944904119
classifier.4,4,15,33,0.0016841227188706398
classifier.4,4,15,34,0.0035705864429473877
classifier.4,4,15,35,0.0008871169411577284
classifier.4,4,15,36,0.0024691661819815636
classifier.4,4,15,37,0.0024853183422237635
classifier.4,4,15,38,0.0009991677943617105
classifier.4,4,15,39,0.010758085176348686
classifier.4,4,15,40,0.0059003932401537895
classifier.4,4,15,41,0.9236218333244324
classifier.4,4,15,42,0.0007933047600090504
classifier.4,4,15,43,8.558854460716248e-05
classifier.4,4,15,44,0.0007355413399636745
classifier.4,4,15,45,0.001376091386191547
classifier.4,4,15,46,0.0005761063657701015
classifier.4,4,15,47,0.00012757442891597748
classifier.4,4,15,48,0.00012027262710034847
classifier.4,4,15,49,0.00536351278424263
classifier.4,4,15,50,0.0004010833508800715
classifier.4,4,15,51,0.02221318520605564
classifier.4,4,15,52,0.0010256159584969282
classifier.4,4,15,53,0.045551665127277374
classifier.4,4,15,54,0.009352708235383034
classifier.4,4,15,55,0.06138618662953377
classifier.4,4,15,56,0.0006050019292160869
classifier.4,4,15,57,0.0010765519691631198
classifier.4,4,15,58,0.00019455410074442625
classifier.4,4,15,59,0.0008789775893092155
classifier.4,4,15,60,0.0035873684100806713
classifier.4,4,15,61,0.00013316597323864698
classifier.4,4,16,0,0.003798495512455702
classifier.4,4,16,1,0.00028505647787824273
classifier.4,4,16,2,0.0008000858942978084
classifier.4,4,16,3,0.013406875543296337
classifier.4,4,16,4,0.0018981045577675104
classifier.4,4,16,5,0.00014416547492146492
classifier.4,4,16,6,0.5487896203994751
classifier.4,4,16,7,0.002270424272865057
classifier.4,4,16,8,0.00046399887651205063
classifier.4,4,16,9,0.013261040672659874
classifier.4,4,16,10,0.003704551374539733
classifier.4,4,16,11,0.027373723685741425
classifier.4,4,16,12,0.018420301377773285
classifier.4,4,16,13,0.007313488982617855
classifier.4,4,16,14,0.0007234402000904083
classifier.4,4,16,15,0.003375403117388487
classifier.4,4,16,17,0.001272980123758316
classifier.4,4,16,18,0.00019779994909185916
classifier.4,4,16,19,0.0033437227830290794
classifier.4,4,16,20,0.0024178982712328434
classifier.4,4,16,21,0.09521955251693726
classifier.4,4,16,22,0.0002076939563266933
classifier.4,4,16,23,0.0018008523620665073
classifier.4,4,16,24,0.003251004498451948
classifier.4,4,16,25,0.0017427619313821197
classifier.4,4,16,26,0.09644632786512375
classifier.4,4,16,27,0.0007821633480489254
classifier.4,4,16,28,0.0036140247248113155
classifier.4,4,16,29,0.0005485931178554893
classifier.4,4,16,30,0.01329572033137083
classifier.4,4,16,31,0.0022034754510968924
classifier.4,4,16,32,0.011084332130849361
classifier.4,4,16,33,0.0006623641238547862
classifier.4,4,16,34,0.0007690146449021995
classifier.4,4,16,35,0.0010427956003695726
classifier.4,4,16,36,0.014041511341929436
classifier.4,4,16,37,0.2613007426261902
classifier.4,4,16,38,0.01018940843641758
classifier.4,4,16,39,0.017096709460020065
classifier.4,4,16,40,0.011470751836895943
classifier.4,4,16,41,0.00045681872870773077
classifier.4,4,16,42,0.037129901349544525
classifier.4,4,16,43,0.039401087909936905
classifier.4,4,16,44,0.004989222157746553
classifier.4,4,16,45,0.0014880932867527008
classifier.4,4,16,46,0.002547557232901454
classifier.4,4,16,47,0.00021641733474098146
classifier.4,4,16,48,0.00010262800788041204
classifier.4,4,16,49,0.0016153308097273111
classifier.4,4,16,50,0.0045142704620957375
classifier.4,4,16,51,0.0010221360716968775
classifier.4,4,16,52,0.007182339206337929
classifier.4,4,16,53,0.0051265899091959
classifier.4,4,16,54,0.005065234377980232
classifier.4,4,16,55,0.03726769983768463
classifier.4,4,16,56,0.002230023965239525
classifier.4,4,16,57,0.001567585626617074
classifier.4,4,16,58,0.0020068041048943996
classifier.4,4,16,59,0.000983246834948659
classifier.4,4,16,60,0.00016021588817238808
classifier.4,4,16,61,0.0015491413651034236
classifier.4,4,17,0,0.0010926512768492103
classifier.4,4,17,1,0.00010468991968082264
classifier.4,4,17,2,0.000700321514159441
classifier.4,4,17,3,0.004258343018591404
classifier.4,4,17,4,0.37222203612327576
classifier.4,4,17,5,0.0006133081624284387
classifier.4,4,17,6,0.005272999871522188
classifier.4,4,17,7,0.007885970175266266
classifier.4,4,17,8,0.0028340909630060196
classifier.4,4,17,9,0.02293543517589569
classifier.4,4,17,10,0.23503588140010834
classifier.4,4,17,11,0.014227598905563354
classifier.4,4,17,12,0.00028159943758510053
classifier.4,4,17,13,0.0035479115322232246
classifier.4,4,17,14,0.002582406159490347
classifier.4,4,17,15,0.004582585766911507
classifier.4,4,17,16,0.001272980123758316
classifier.4,4,17,18,0.0003107062366325408
classifier.4,4,17,19,0.004367839079350233
classifier.4,4,17,20,0.023785728961229324
classifier.4,4,17,21,0.005531861446797848
classifier.4,4,17,22,0.061735279858112335
classifier.4,4,17,23,0.22886709868907928
classifier.4,4,17,24,0.00029022054513916373
classifier.4,4,17,25,0.0017042781691998243
classifier.4,4,17,26,0.003972059115767479
classifier.4,4,17,27,0.019797397777438164
classifier.4,4,17,28,0.00015443351003341377
classifier.4,4,17,29,0.0068252114579081535
classifier.4,4,17,30,0.009169269353151321
classifier.4,4,17,31,0.005386445205658674
classifier.4,4,17,32,0.022147905081510544
classifier.4,4,17,33,0.0015038426499813795
classifier.4,4,17,34,0.026259085163474083
classifier.4,4,17,35,0.0005650859093293548
classifier.4,4,17,36,0.018759410828351974
classifier.4,4,17,37,0.004122787620872259
classifier.4,4,17,38,0.00011006653949152678
classifier.4,4,17,39,0.05059325322508812
classifier.4,4,17,40,0.00270221009850502
classifier.4,4,17,41,0.0022509885020554066
classifier.4,4,17,42,0.003976182546466589
classifier.4,4,17,43,0.13271018862724304
classifier.4,4,17,44,0.0007611821056343615
classifier.4,4,17,45,0.0026758958119899035
classifier.4,4,17,46,0.013475061394274235
classifier.4,4,17,47,0.00014848526916466653
classifier.4,4,17,48,0.041118696331977844
classifier.4,4,17,49,0.02251364476978779
classifier.4,4,17,50,0.00019432403496466577
classifier.4,4,17,51,0.002386054489761591
classifier.4,4,17,52,0.00477627431973815
classifier.4,4,17,53,0.00501512736082077
classifier.4,4,17,54,0.0009337772498838603
classifier.4,4,17,55,0.0034362124279141426
classifier.4,4,17,56,0.01654144562780857
classifier.4,4,17,57,0.004354782402515411
classifier.4,4,17,58,0.02222958579659462
classifier.4,4,17,59,0.001717172097414732
classifier.4,4,17,60,0.033486105501651764
classifier.4,4,17,61,0.0009048699866980314
classifier.4,4,18,0,0.0001746651396388188
classifier.4,4,18,1,0.46018409729003906
classifier.4,4,18,2,0.0015420755371451378
classifier.4,4,18,3,0.001259099692106247
classifier.4,4,18,4,0.0006307888543233275
classifier.4,4,18,5,0.004385408945381641
classifier.4,4,18,6,0.0021232543513178825
classifier.4,4,18,7,0.004002390429377556
classifier.4,4,18,8,3.436300903558731e-05
classifier.4,4,18,9,0.0011538468534126878
classifier.4,4,18,10,0.0010556485503911972
classifier.4,4,18,11,0.0004009073891211301
classifier.4,4,18,12,0.0024808223824948072
classifier.4,4,18,13,0.00032678182469680905
classifier.4,4,18,14,0.002520904643461108
classifier.4,4,18,15,0.0016183131374418736
classifier.4,4,18,16,0.00019779994909185916
classifier.4,4,18,17,0.0003107062366325408
classifier.4,4,18,19,0.038751669228076935
classifier.4,4,18,20,0.00022087141405791044
classifier.4,4,18,21,0.06034610792994499
classifier.4,4,18,22,6.186577229527757e-05
classifier.4,4,18,23,0.0008334403391927481
classifier.4,4,18,24,0.00013539221254177392
classifier.4,4,18,25,0.0011560835409909487
classifier.4,4,18,26,0.0007560488884337246
classifier.4,4,18,27,6.739504169672728e-05
classifier.4,4,18,28,0.0013747289776802063
classifier.4,4,18,29,0.009275279939174652
classifier.4,4,18,30,0.00016853370470926166
classifier.4,4,18,31,0.0010004052892327309
classifier.4,4,18,32,9.18959267437458e-05
classifier.4,4,18,33,0.00040035753045231104
classifier.4,4,18,34,0.005828014574944973
classifier.4,4,18,35,0.017055705189704895
classifier.4,4,18,36,0.0029361050110310316
classifier.4,4,18,37,0.0007796380668878555
classifier.4,4,18,38,7.860141340643167e-05
classifier.4,4,18,39,0.004377060569822788
classifier.4,4,18,40,0.0021382183767855167
classifier.4,4,18,41,0.0005228727823123336
classifier.4,4,18,42,0.00036772305611521006
classifier.4,4,18,43,0.003216115292161703
classifier.4,4,18,44,0.06712301075458527
classifier.4,4,18,45,0.010147565975785255
classifier.4,4,18,46,0.0001702856970950961
classifier.4,4,18,47,0.08920358121395111
classifier.4,4,18,48,2.5844692572718486e-05
classifier.4,4,18,49,0.017779747024178505
classifier.4,4,18,50,6.172267603687942e-06
classifier.4,4,18,51,6.955655408091843e-05
classifier.4,4,18,52,0.001079218345694244
classifier.4,4,18,53,0.006471965461969376
classifier.4,4,18,54,0.0015677553601562977
classifier.4,4,18,55,0.006529516540467739
classifier.4,4,18,56,2.8712573111988604e-05
classifier.4,4,18,57,0.00012002431321889162
classifier.4,4,18,58,1.0134461263078265e-05
classifier.4,4,18,59,0.0006135697476565838
classifier.4,4,18,60,0.0010652868077158928
classifier.4,4,18,61,0.00644565699622035
classifier.4,4,19,0,0.00023029791191220284
classifier.4,4,19,1,0.005536253564059734
classifier.4,4,19,2,0.0015592137351632118
classifier.4,4,19,3,0.037933848798274994
classifier.4,4,19,4,0.005123879760503769
classifier.4,4,19,5,0.0747019350528717
classifier.4,4,19,6,0.00367401959374547
classifier.4,4,19,7,0.0023317132145166397
classifier.4,4,19,8,0.0013809790834784508
classifier.4,4,19,9,0.0030556044075638056
classifier.4,4,19,10,0.004687409847974777
classifier.4,4,19,11,0.008072569034993649
classifier.4,4,19,12,0.0003022408636752516
classifier.4,4,19,13,0.004451643209904432
classifier.4,4,19,14,0.00877952016890049
classifier.4,4,19,15,0.005190511699765921
classifier.4,4,19,16,0.0033437227830290794
classifier.4,4,19,17,0.004367839079350233
classifier.4,4,19,18,0.038751669228076935
classifier.4,4,19,20,0.0004319417057558894
classifier.4,4,19,21,0.00922622624784708
classifier.4,4,19,22,0.0001942541275639087
classifier.4,4,19,23,0.001524399733170867
classifier.4,4,19,24,0.0007840823382139206
classifier.4,4,19,25,0.0007358159637078643
classifier.4,4,19,26,0.0039057275280356407
classifier.4,4,19,27,0.0008176960400305688
classifier.4,4,19,28,0.004430226981639862
classifier.4,4,19,29,0.04259582608938217
classifier.4,4,19,30,0.021919099614024162
classifier.4,4,19,31,0.008292391896247864
classifier.4,4,19,32,0.0009456148836761713
classifier.4,4,19,33,0.0007849194807931781
classifier.4,4,19,34,0.00577370822429657
classifier.4,4,19,35,0.0020737964659929276
classifier.4,4,19,36,0.006948172580450773
classifier.4,4,19,37,0.00298346858471632
classifier.4,4,19,38,0.0009368524188175797
classifier.4,4,19,39,0.11803285777568817
classifier.4,4,19,40,0.0056497929617762566
classifier.4,4,19,41,0.0021553654223680496
classifier.4,4,19,42,0.0001200574915856123
classifier.4,4,19,43,0.0046494402922689915
classifier.4,4,19,44,0.035222265869379044
classifier.4,4,19,45,0.6686091423034668
classifier.4,4,19,46,0.0005052147898823023
classifier.4,4,19,47,0.011576815508306026
classifier.4,4,19,48,7.852392445784062e-05
classifier.4,4,19,49,0.002769974758848548
classifier.4,4,19,50,0.00418148934841156
classifier.4,4,19,51,0.000494391075335443
classifier.4,4,19,52,0.0018796906806528568
classifier.4,4,19,53,0.010886846110224724
classifier.4,4,19,54,0.032903216779232025
classifier.4,4,19,55,0.011132585816085339
classifier.4,4,19,56,0.015584869310259819
classifier.4,4,19,57,0.0021660577040165663
classifier.4,4,19,58,0.0010520187206566334
classifier.4,4,19,59,0.0008716348093003035
classifier.4,4,19,60,0.0005172691307961941
classifier.4,4,19,61,0.0018747183494269848
classifier.4,4,20,0,0.00010666150046745315
classifier.4,4,20,1,0.00016737997066229582
classifier.4,4,20,2,0.0015109472442418337
classifier.4,4,20,3,0.001595524256117642
classifier.4,4,20,4,0.0015540807507932186
classifier.4,4,20,5,0.00030503253219649196
classifier.4,4,20,6,0.003058870555832982
classifier.4,4,20,7,0.001275838352739811
classifier.4,4,20,8,0.0011546226451173425
classifier.4,4,20,9,0.0011649139923974872
classifier.4,4,20,10,0.0051133399829268456
classifier.4,4,20,11,0.0008059384999796748
classifier.4,4,20,12,7.15085188858211e-05
classifier.4,4,20,13,0.0007448074757121503
classifier.4,4,20,14,0.0028658746741712093
classifier.4,4,20,15,0.0006150140543468297
classifier.4,4,20,16,0.0024178982712328434
classifier.4,4,20,17,0.023785728961229324
classifier.4,4,20,18,0.00022087141405791044
classifier.4,4,20,19,0.0004319417057558894
classifier.4,4,20,21,0.009740356355905533
classifier.4,4,20,22,0.0021904022432863712
classifier.4,4,20,23,0.004713302943855524
classifier.4,4,20,24,4.584993439493701e-05
classifier.4,4,20,25,0.0014526963932439685
classifier.4,4,20,26,0.0005995281971991062
classifier.4,4,20,27,0.04213148355484009
classifier.4,4,20,28,0.00017393942107446492
classifier.4,4,20,29,0.003916047979146242
classifier.4,4,20,30,0.0003177621401846409
classifier.4,4,20,31,0.00033580820308998227
classifier.4,4,20,32,0.0032526946160942316
classifier.4,4,20,33,0.014142684638500214
classifier.4,4,20,34,0.003370181191712618
classifier.4,4,20,35,0.0003247660642955452
classifier.4,4,20,36,0.0013442065101116896
classifier.4,4,20,37,0.006090257316827774
classifier.4,4,20,38,0.000339808058924973
classifier.4,4,20,39,0.0034568561241030693
classifier.4,4,20,40,0.0013977151829749346
classifier.4,4,20,41,0.0005488196620717645
classifier.4,4,20,42,0.000988534651696682
classifier.4,4,20,43,0.008096357807517052
classifier.4,4,20,44,0.0005186766502447426
classifier.4,4,20,45,0.0005805524997413158
classifier.4,4,20,46,0.9403418898582458
classifier.4,4,20,47,0.00012292938481550664
classifier.4,4,20,48,0.002689907792955637
classifier.4,4,20,49,0.004584701731801033
classifier.4,4,20,50,6.014123573550023e-05
classifier.4,4,20,51,0.0023903315886855125
classifier.4,4,20,52,0.0003944975323975086
classifier.4,4,20,53,0.0038104895502328873
classifier.4,4,20,54,0.00011509693285916
classifier.4,4,20,55,0.0011111812200397253
classifier.4,4,20,56,0.0012466111220419407
classifier.4,4,20,57,0.0004135164199396968
classifier.4,4,20,58,0.0023746145889163017
classifier.4,4,20,59,0.005380395799875259
classifier.4,4,20,60,0.0030387076549232006
classifier.4,4,20,61,0.001002259086817503
classifier.4,4,21,0,0.0008111920324154198
classifier.4,4,21,1,0.031246475875377655
classifier.4,4,21,2,0.03599521890282631
classifier.4,4,21,3,0.004533453844487667
classifier.4,4,21,4,0.0020140681881457567
classifier.4,4,21,5,0.001725880429148674
classifier.4,4,21,6,0.22391092777252197
classifier.4,4,21,7,0.0054617212153971195
classifier.4,4,21,8,0.006256130523979664
classifier.4,4,21,9,0.001265883445739746
classifier.4,4,21,10,0.011896422132849693
classifier.4,4,21,11,0.008060465566813946
classifier.4,4,21,12,0.06498868018388748
classifier.4,4,21,13,0.001994861988350749
classifier.4,4,21,14,0.009512349031865597
classifier.4,4,21,15,0.0002793615567497909
classifier.4,4,21,16,0.09521955251693726
classifier.4,4,21,17,0.005531861446797848
classifier.4,4,21,18,0.06034610792994499
classifier.4,4,21,19,0.00922622624784708
classifier.4,4,21,20,0.009740356355905533
classifier.4,4,21,22,0.0008327129762619734
classifier.4,4,21,23,0.00196708831936121
classifier.4,4,21,24,0.0008621992310509086
classifier.4,4,21,25,0.0010421378538012505
classifier.4,4,21,26,0.004123845603317022
classifier.4,4,21,27,0.013681838288903236
classifier.4,4,21,28,0.0003101939510088414
classifier.4,4,21,29,0.021895822137594223
classifier.4,4,21,30,0.0013857544399797916
classifier.4,4,21,31,0.002443279605358839
classifier.4,4,21,32,0.004587951116263866
classifier.4,4,21,33,0.0010111869778484106
classifier.4,4,21,34,0.0038095288909971714
classifier.4,4,21,35,0.009908674284815788
classifier.4,4,21,36,0.010130049660801888
classifier.4,4,21,37,0.08189475536346436
classifier.4,4,21,38,0.032346248626708984
classifier.4,4,21,39,0.019101761281490326
classifier.4,4,21,40,0.019817983731627464
classifier.4,4,21,41,0.0014726188965141773
classifier.4,4,21,42,0.0015130281681194901
classifier.4,4,21,43,0.12718439102172852
classifier.4,4,21,44,0.045317307114601135
classifier.4,4,21,45,0.010428310371935368
classifier.4,4,21,46,0.03089335188269615
classifier.4,4,21,47,0.11577275395393372
classifier.4,4,21,48,7.904941594460979e-05
classifier.4,4,21,49,0.013135550543665886
classifier.4,4,21,50,0.0006799292750656605
classifier.4,4,21,51,0.0007513346499763429
classifier.4,4,21,52,0.0009800184052437544
classifier.4,4,21,53,0.009477823972702026
classifier.4,4,21,54,0.0003525806241668761
classifier.4,4,21,55,0.02358970232307911
classifier.4,4,21,56,0.0010741149308159947
classifier.4,4,21,57,0.0013748733326792717
classifier.4,4,21,58,0.0008441637037321925
classifier.4,4,21,59,0.003189978888258338
classifier.4,4,21,60,0.0017551868222653866
classifier.4,4,21,61,0.011853687465190887
classifier.4,4,22,0,0.0005719183245673776
classifier.4,4,22,1,4.0813338273437694e-05
classifier.4,4,22,2,0.0009533143602311611
classifier.4,4,22,3,0.0007215270888991654
classifier.4,4,22,4,0.0027465038001537323
classifier.4,4,22,5,7.604229904245585e-05
classifier.4,4,22,6,0.00043673711479641497
classifier.4,4,22,7,0.005818987265229225
classifier.4,4,22,8,0.0003266864805482328
classifier.4,4,22,9,0.0001248680637218058
classifier.4,4,22,10,0.02303251251578331
classifier.4,4,22,11,0.00032270365045405924
classifier.4,4,22,12,9.579270408721641e-05
classifier.4,4,22,13,0.0012370607582852244
classifier.4,4,22,14,0.0001772523537511006
classifier.4,4,22,15,0.00026725741918198764
classifier.4,4,22,16,0.0002076939563266933
classifier.4,4,22,17,0.061735279858112335
classifier.4,4,22,18,6.186577229527757e-05
classifier.4,4,22,19,0.0001942541275639087
classifier.4,4,22,20,0.0021904022432863712
classifier.4,4,22,21,0.0008327129762619734
classifier.4,4,22,23,0.04418785497546196
classifier.4,4,22,24,5.613073881249875e-05
classifier.4,4,22,25,0.000544064911082387
classifier.4,4,22,26,0.001860407879576087
classifier.4,4,22,27,0.0016739384736865759
classifier.4,4,22,28,6.049096555216238e-05
classifier.4,4,22,29,0.0002152841625502333
classifier.4,4,22,30,0.0030794243793934584
classifier.4,4,22,31,0.0008776161703281105
classifier.4,4,22,32,0.00113332225009799
classifier.4,4,22,33,0.0006599536864086986
classifier.4,4,22,34,0.000887201982550323
classifier.4,4,22,35,0.00012256238551344723
classifier.4,4,22,36,0.004483772907406092
classifier.4,4,22,37,0.0008804986136965454
classifier.4,4,22,38,1.6868652892298996e-05
classifier.4,4,22,39,0.003299027681350708
classifier.4,4,22,40,0.00034295543446205556
classifier.4,4,22,41,0.00010893962462432683
classifier.4,4,22,42,0.0005288938991725445
classifier.4,4,22,43,0.0022035809233784676
classifier.4,4,22,44,0.00016355726984329522
classifier.4,4,22,45,0.00016362342284992337
classifier.4,4,22,46,0.0006162696518003941
classifier.4,4,22,47,9.49293898884207e-05
classifier.4,4,22,48,0.9830670952796936
classifier.4,4,22,49,0.09414811432361603
classifier.4,4,22,50,3.1680858228355646e-05
classifier.4,4,22,51,6.6065025748685e-05
classifier.4,4,22,52,0.0005320076597854495
classifier.4,4,22,53,0.005061797332018614
classifier.4,4,22,54,0.00012681365478783846
classifier.4,4,22,55,0.0004948762361891568
classifier.4,4,22,56,0.0005068359896540642
classifier.4,4,22,57,0.0003727887524291873
classifier.4,4,22,58,0.004551421385258436
classifier.4,4,22,59,0.0006510135717689991
classifier.4,4,22,60,0.000535137951374054
classifier.4,4,22,61,3.0138799047563225e-05
classifier.4,4,23,0,0.00317977461963892
classifier.4,4,23,1,0.0005257579614408314
classifier.4,4,23,2,0.009321046061813831
classifier.4,4,23,3,0.0029690610244870186
classifier.4,4,23,4,0.017038658261299133
classifier.4,4,23,5,0.0004888640833087265
classifier.4,4,23,6,0.0012723279651254416
classifier.4,4,23,7,0.040783584117889404
classifier.4,4,23,8,0.0044657085090875626
classifier.4,4,23,9,0.0028882198967039585
classifier.4,4,23,10,0.023755766451358795
classifier.4,4,23,11,6.632390432059765e-05
classifier.4,4,23,12,0.00035072973696514964
classifier.4,4,23,13,0.009905166923999786
classifier.4,4,23,14,0.0008487145532853901
classifier.4,4,23,15,0.0009617604082450271
classifier.4,4,23,16,0.0018008523620665073
classifier.4,4,23,17,0.22886709868907928
classifier.4,4,23,18,0.0008334403391927481
classifier.4,4,23,19,0.001524399733170867
classifier.4,4,23,20,0.004713302943855524
classifier.4,4,23,21,0.00196708831936121
classifier.4,4,23,22,0.04418785497546196
classifier.4,4,23,24,0.0001135682687163353
classifier.4,4,23,25,0.00238677766174078
classifier.4,4,23,26,0.0018442594446241856
classifier.4,4,23,27,0.0012814956717193127
classifier.4,4,23,28,2.2522639483213425e-05
classifier.4,4,23,29,0.0013209690805524588
classifier.4,4,23,30,0.018379323184490204
classifier.4,4,23,31,0.0061544678173959255
classifier.4,4,23,32,0.10956455767154694
classifier.4,4,23,33,0.001317319693043828
classifier.4,4,23,34,0.003819492179900408
classifier.4,4,23,35,0.0045601436868309975
classifier.4,4,23,36,0.0017333996947854757
classifier.4,4,23,37,0.0023336117155849934
classifier.4,4,23,38,3.70590751117561e-05
classifier.4,4,23,39,0.020012004300951958
classifier.4,4,23,40,0.0009314122726209462
classifier.4,4,23,41,0.00044206768507137895
classifier.4,4,23,42,0.0012030889047309756
classifier.4,4,23,43,0.04986848682165146
classifier.4,4,23,44,0.0005193868419155478
classifier.4,4,23,45,0.0017696100985631347
classifier.4,4,23,46,0.0037814537063241005
classifier.4,4,23,47,7.523031672462821e-05
classifier.4,4,23,48,0.03504560887813568
classifier.4,4,23,49,0.5023249387741089
classifier.4,4,23,50,0.00010517955524846911
classifier.4,4,23,51,0.001764157903380692
classifier.4,4,23,52,0.0009833886288106441
classifier.4,4,23,53,0.0011852956376969814
classifier.4,4,23,54,0.004055372439324856
classifier.4,4,23,55,0.001753295655362308
classifier.4,4,23,56,0.010392861440777779
classifier.4,4,23,57,0.00433080829679966
classifier.4,4,23,58,0.00760941207408905
classifier.4,4,23,59,0.00988046545535326
classifier.4,4,23,60,0.006847517564892769
classifier.4,4,23,61,0.00439471984282136
classifier.4,4,24,0,0.9731767177581787
classifier.4,4,24,1,9.373652574140579e-07
classifier.4,4,24,2,0.00039942609146237373
classifier.4,4,24,3,0.036211300641298294
classifier.4,4,24,4,0.00027050895732827485
classifier.4,4,24,5,0.000331344228470698
classifier.4,4,24,6,0.0019038054160773754
classifier.4,4,24,7,0.002358056139200926
classifier.4,4,24,8,0.0017416197806596756
classifier.4,4,24,9,2.434768248349428e-06
classifier.4,4,24,10,0.0003089010715484619
classifier.4,4,24,11,0.00012547709047794342
classifier.4,4,24,12,0.0010563456453382969
classifier.4,4,24,13,0.08149799704551697
classifier.4,4,24,14,0.0004352061077952385
classifier.4,4,24,15,5.82683423999697e-06
classifier.4,4,24,16,0.003251004498451948
classifier.4,4,24,17,0.00029022054513916373
classifier.4,4,24,18,0.00013539221254177392
classifier.4,4,24,19,0.0007840823382139206
classifier.4,4,24,20,4.584993439493701e-05
classifier.4,4,24,21,0.0008621992310509086
classifier.4,4,24,22,5.613073881249875e-05
classifier.4,4,24,23,0.0001135682687163353
classifier.4,4,24,25,0.0013086877297610044
classifier.4,4,24,26,0.04875294119119644
classifier.4,4,24,27,0.0006615441525354981
classifier.4,4,24,28,0.00036979280412197113
classifier.4,4,24,29,8.24805538286455e-05
classifier.4,4,24,30,0.016069933772087097
classifier.4,4,24,31,0.0012892724480479956
classifier.4,4,24,32,0.00012795717339031398
classifier.4,4,24,33,3.658146670204587e-05
classifier.4,4,24,34,0.00023555493680760264
classifier.4,4,24,35,8.691575203556567e-05
classifier.4,4,24,36,0.019626855850219727
classifier.4,4,24,37,0.0009364588186144829
classifier.4,4,24,38,0.00354902446269989
classifier.4,4,24,39,0.0021846177987754345
classifier.4,4,24,40,0.004700559191405773
classifier.4,4,24,41,3.973432467319071e-05
classifier.4,4,24,42,0.000232017133384943
classifier.4,4,24,43,0.0005993886734358966
classifier.4,4,24,44,0.0001570572203490883
classifier.4,4,24,45,0.0002832215977832675
classifier.4,4,24,46,4.726426777779125e-05
classifier.4,4,24,47,7.86872988101095e-06
classifier.4,4,24,48,7.4934559961548075e-06
classifier.4,4,24,49,0.0008483047131448984
classifier.4,4,24,50,0.08122935891151428
classifier.4,4,24,51,0.0005363384261727333
classifier.4,4,24,52,0.0005515546654351056
classifier.4,4,24,53,0.0023385786917060614
classifier.4,4,24,54,9.795794903766364e-05
classifier.4,4,24,55,6.780328112654388e-05
classifier.4,4,24,56,0.0010022830683737993
classifier.4,4,24,57,4.9360955017618835e-05
classifier.4,4,24,58,5.897849041502923e-05
classifier.4,4,24,59,2.5260442271246575e-05
classifier.4,4,24,60,0.0002404667902737856
classifier.4,4,24,61,4.02697769459337e-05
classifier.4,4,25,0,0.0019403318874537945
classifier.4,4,25,1,0.0010155796771869063
classifier.4,4,25,2,0.0016003544442355633
classifier.4,4,25,3,0.009545336477458477
classifier.4,4,25,4,0.0016739876009523869
classifier.4,4,25,5,0.0015966605860739946
classifier.4,4,25,6,0.0019344653701409698
classifier.4,4,25,7,0.01050717756152153
classifier.4,4,25,8,0.15831400454044342
classifier.4,4,25,9,0.014767894521355629
classifier.4,4,25,10,0.0020449827425181866
classifier.4,4,25,11,0.008415748365223408
classifier.4,4,25,12,0.001270129345357418
classifier.4,4,25,13,0.011372030712664127
classifier.4,4,25,14,0.01297765877097845
classifier.4,4,25,15,0.06831611692905426
classifier.4,4,25,16,0.0017427619313821197
classifier.4,4,25,17,0.0017042781691998243
classifier.4,4,25,18,0.0011560835409909487
classifier.4,4,25,19,0.0007358159637078643
classifier.4,4,25,20,0.0014526963932439685
classifier.4,4,25,21,0.0010421378538012505
classifier.4,4,25,22,0.000544064911082387
classifier.4,4,25,23,0.00238677766174078
classifier.4,4,25,24,0.0013086877297610044
classifier.4,4,25,26,0.003217610064893961
classifier.4,4,25,27,0.03932061418890953
classifier.4,4,25,28,0.0006678883219137788
classifier.4,4,25,29,0.002483377931639552
classifier.4,4,25,30,0.000797441229224205
classifier.4,4,25,31,0.004537077620625496
classifier.4,4,25,32,0.0003935293643735349
classifier.4,4,25,33,0.0014737719902768731
classifier.4,4,25,34,0.005424655973911285
classifier.4,4,25,35,0.0003945420612581074
classifier.4,4,25,36,0.004841506481170654
classifier.4,4,25,37,0.0004215958178974688
classifier.4,4,25,38,0.0010327431373298168
classifier.4,4,25,39,0.004357129335403442
classifier.4,4,25,40,0.01482937391847372
classifier.4,4,25,41,0.008747784420847893
classifier.4,4,25,42,0.008624841459095478
classifier.4,4,25,43,0.0024721387308090925
classifier.4,4,25,44,0.0012068445794284344
classifier.4,4,25,45,0.0013337302953004837
classifier.4,4,25,46,0.0008291004924103618
classifier.4,4,25,47,0.0003970511897932738
classifier.4,4,25,48,0.00022188795264810324
classifier.4,4,25,49,0.0018085414776578546
classifier.4,4,25,50,0.0038718590512871742
classifier.4,4,25,51,0.9560002684593201
classifier.4,4,25,52,0.009210348129272461
classifier.4,4,25,53,0.026514416560530663
classifier.4,4,25,54,0.0004793849657289684
classifier.4,4,25,55,0.0006519337184727192
classifier.4,4,25,56,0.00039257726166397333
classifier.4,4,25,57,0.0011933906935155392
classifier.4,4,25,58,0.0008792041335254908
classifier.4,4,25,59,0.0010528384009376168
classifier.4,4,25,60,0.004654808435589075
classifier.4,4,25,61,0.0011277904268354177
classifier.4,4,26,0,0.07524491101503372
classifier.4,4,26,1,0.0003653642488643527
classifier.4,4,26,2,0.01629001274704933
classifier.4,4,26,3,0.026333127170801163
classifier.4,4,26,4,0.015557633712887764
classifier.4,4,26,5,0.0023073016200214624
classifier.4,4,26,6,0.0030593699775636196
classifier.4,4,26,7,0.019565600901842117
classifier.4,4,26,8,0.018903125077486038
classifier.4,4,26,9,0.014252477325499058
classifier.4,4,26,10,0.005229797214269638
classifier.4,4,26,11,0.005809831898659468
classifier.4,4,26,12,0.006514095235615969
classifier.4,4,26,13,0.03695789724588394
classifier.4,4,26,14,0.009754301980137825
classifier.4,4,26,15,0.0025567887350916862
classifier.4,4,26,16,0.09644632786512375
classifier.4,4,26,17,0.003972059115767479
classifier.4,4,26,18,0.0007560488884337246
classifier.4,4,26,19,0.0039057275280356407
classifier.4,4,26,20,0.0005995281971991062
classifier.4,4,26,21,0.004123845603317022
classifier.4,4,26,22,0.001860407879576087
classifier.4,4,26,23,0.0018442594446241856
classifier.4,4,26,24,0.04875294119119644
classifier.4,4,26,25,0.003217610064893961
classifier.4,4,26,27,0.0021417029201984406
classifier.4,4,26,28,0.0002377987839281559
classifier.4,4,26,29,0.00032163411378860474
classifier.4,4,26,30,0.005377952009439468
classifier.4,4,26,31,0.0013012908166274428
classifier.4,4,26,32,0.005237431265413761
classifier.4,4,26,33,0.0013100954238325357
classifier.4,4,26,34,0.0035681056324392557
classifier.4,4,26,35,0.010172273963689804
classifier.4,4,26,36,0.3311273753643036
classifier.4,4,26,37,0.007977724075317383
classifier.4,4,26,38,0.004038948565721512
classifier.4,4,26,39,0.024874387308955193
classifier.4,4,26,40,0.006046402733772993
classifier.4,4,26,41,0.0011175064137205482
classifier.4,4,26,42,0.004867437295615673
classifier.4,4,26,43,0.003235344775021076
classifier.4,4,26,44,0.00076061807340011
classifier.4,4,26,45,0.0019470585975795984
classifier.4,4,26,46,0.0007940345676615834
classifier.4,4,26,47,4.060276478412561e-05
classifier.4,4,26,48,0.0005680719041265547
classifier.4,4,26,49,0.010546835139393806
classifier.4,4,26,50,0.055878642946481705
classifier.4,4,26,51,0.0014686820795759559
classifier.4,4,26,52,0.02853911742568016
classifier.4,4,26,53,0.0067956577986478806
classifier.4,4,26,54,0.0017484086565673351
classifier.4,4,26,55,0.0020684644114226103
classifier.4,4,26,56,0.0032654155511409044
classifier.4,4,26,57,0.000574987381696701
classifier.4,4,26,58,0.0002853234764188528
classifier.4,4,26,59,0.0010636403458192945
classifier.4,4,26,60,0.0029026998672634363
classifier.4,4,26,61,0.011430024169385433
classifier.4,4,27,0,0.001423271489329636
classifier.4,4,27,1,0.0011134480591863394
classifier.4,4,27,2,0.03630008548498154
classifier.4,4,27,3,0.013778043910861015
classifier.4,4,27,4,0.008060190826654434
classifier.4,4,27,5,0.002550859469920397
classifier.4,4,27,6,0.002724422374740243
classifier.4,4,27,7,0.007108740508556366
classifier.4,4,27,8,0.006983836647123098
classifier.4,4,27,9,0.00825105607509613
classifier.4,4,27,10,0.1634971797466278
classifier.4,4,27,11,0.09836245328187943
classifier.4,4,27,12,0.03859146684408188
classifier.4,4,27,13,0.0016688951291143894
classifier.4,4,27,14,0.036708056926727295
classifier.4,4,27,15,0.0014196934644132853
classifier.4,4,27,16,0.0007821633480489254
classifier.4,4,27,17,0.019797397777438164
classifier.4,4,27,18,6.739504169672728e-05
classifier.4,4,27,19,0.0008176960400305688
classifier.4,4,27,20,0.04213148355484009
classifier.4,4,27,21,0.013681838288903236
classifier.4,4,27,22,0.0016739384736865759
classifier.4,4,27,23,0.0012814956717193127
classifier.4,4,27,24,0.0006615441525354981
classifier.4,4,27,25,0.03932061418890953
classifier.4,4,27,26,0.0021417029201984406
classifier.4,4,27,28,0.00040445284685119987
classifier.4,4,27,29,0.008809429593384266
classifier.4,4,27,30,0.0010271985083818436
classifier.4,4,27,31,0.004247687757015228
classifier.4,4,27,32,0.0018582349875941873
classifier.4,4,27,33,0.001630154438316822
classifier.4,4,27,34,0.0029466659761965275
classifier.4,4,27,35,0.00396782485768199
classifier.4,4,27,36,0.027604760602116585
classifier.4,4,27,37,0.0064288112334907055
classifier.4,4,27,38,0.010843994095921516
classifier.4,4,27,39,0.02410752885043621
classifier.4,4,27,40,0.2268287092447281
classifier.4,4,27,41,0.0027205171063542366
classifier.4,4,27,42,0.004551044665277004
classifier.4,4,27,43,0.008105418644845486
classifier.4,4,27,44,0.0015095887938514352
classifier.4,4,27,45,0.0007841926999390125
classifier.4,4,27,46,0.028096279129385948
classifier.4,4,27,47,2.819579094648361e-07
classifier.4,4,27,48,0.0018288426799699664
classifier.4,4,27,49,0.03578581660985947
classifier.4,4,27,50,0.001134508172981441
classifier.4,4,27,51,0.0031535974703729153
classifier.4,4,27,52,0.0013147448189556599
classifier.4,4,27,53,0.20801331102848053
classifier.4,4,27,54,0.000280827924143523
classifier.4,4,27,55,0.004761189222335815
classifier.4,4,27,56,0.001300508389249444
classifier.4,4,27,57,0.002146269427612424
classifier.4,4,27,58,0.00018253561574965715
classifier.4,4,27,59,0.008995258249342442
classifier.4,4,27,60,0.0011116970563307405
classifier.4,4,27,61,0.0063117435202002525
classifier.4,4,28,0,0.0007465848466381431
classifier.4,4,28,1,0.0024605842772871256
classifier.4,4,28,2,0.00021985516650602221
classifier.4,4,28,3,0.042265672236680984
classifier.4,4,28,4,0.00029785471269860864
classifier.4,4,28,5,0.7852237224578857
classifier.4,4,28,6,0.0005442106630653143
classifier.4,4,28,7,0.002747905207797885
classifier.4,4,28,8,0.012475610710680485
classifier.4,4,28,9,0.0033665753435343504
classifier.4,4,28,10,0.0008082744316197932
classifier.4,4,28,11,0.0027839725371450186
classifier.4,4,28,12,8.276535663753748e-05
classifier.4,4,28,13,0.0005532398354262114
classifier.4,4,28,14,0.013148811645805836
classifier.4,4,28,15,0.016274813562631607
classifier.4,4,28,16,0.0036140247248113155
classifier.4,4,28,17,0.00015443351003341377
classifier.4,4,28,18,0.0013747289776802063
classifier.4,4,28,19,0.004430226981639862
classifier.4,4,28,20,0.00017393942107446492
classifier.4,4,28,21,0.0003101939510088414
classifier.4,4,28,22,6.049096555216238e-05
classifier.4,4,28,23,2.2522639483213425e-05
classifier.4,4,28,24,0.00036979280412197113
classifier.4,4,28,25,0.0006678883219137788
classifier.4,4,28,26,0.0002377987839281559
classifier.4,4,28,27,0.00040445284685119987
classifier.4,4,28,29,0.0015219502383843064
classifier.4,4,28,30,0.00023263113689608872
classifier.4,4,28,31,0.00010885903611779213
classifier.4,4,28,32,5.8958718000212684e-05
classifier.4,4,28,33,0.00022834388073533773
classifier.4,4,28,34,0.0017217902932316065
classifier.4,4,28,35,0.00039034150540828705
classifier.4,4,28,36,0.000699369702488184
classifier.4,4,28,37,0.0028418321162462234
classifier.4,4,28,38,7.548794383183122e-05
classifier.4,4,28,39,0.0005643837503157556
classifier.4,4,28,40,0.001350080012343824
classifier.4,4,28,41,0.00275736628100276
classifier.4,4,28,42,0.021981989964842796
classifier.4,4,28,43,0.0009518495644442737
classifier.4,4,28,44,0.0009410724742338061
classifier.4,4,28,45,0.005891707725822926
classifier.4,4,28,46,9.328939631814137e-05
classifier.4,4,28,47,0.0005454350030049682
classifier.4,4,28,48,1.6640744888718473e-06
classifier.4,4,28,49,0.0003906977945007384
classifier.4,4,28,50,0.00017326476518064737
classifier.4,4,28,51,0.00019318419799674302
classifier.4,4,28,52,0.0022436711005866528
classifier.4,4,28,53,0.0015545748174190521
classifier.4,4,28,54,0.774286687374115
classifier.4,4,28,55,0.0022956314496695995
classifier.4,4,28,56,5.2736373618245125e-05
classifier.4,4,28,57,8.043169509619474e-05
classifier.4,4,28,58,0.005433015525341034
classifier.4,4,28,59,0.00010501075303182006
classifier.4,4,28,60,0.0004461504868231714
classifier.4,4,28,61,0.00020373181905597448
classifier.4,4,29,0,8.467608859064057e-05
classifier.4,4,29,1,0.0036271479912102222
classifier.4,4,29,2,0.0029662351589649916
classifier.4,4,29,3,0.0039264606311917305
classifier.4,4,29,4,0.04840227961540222
classifier.4,4,29,5,0.002256950596347451
classifier.4,4,29,6,0.0076726144179701805
classifier.4,4,29,7,0.18673650920391083
classifier.4,4,29,8,0.00524553656578064
classifier.4,4,29,9,0.002626016503199935
classifier.4,4,29,10,0.019971150904893875
classifier.4,4,29,11,0.0010302556911483407
classifier.4,4,29,12,0.002109706634655595
classifier.4,4,29,13,0.0008130284259095788
classifier.4,4,29,14,0.030865121632814407
classifier.4,4,29,15,0.006258951034396887
classifier.4,4,29,16,0.0005485931178554893
classifier.4,4,29,17,0.0068252114579081535
classifier.4,4,29,18,0.009275279939174652
classifier.4,4,29,19,0.04259582608938217
classifier.4,4,29,20,0.003916047979146242
classifier.4,4,29,21,0.021895822137594223
classifier.4,4,29,22,0.0002152841625502333
classifier.4,4,29,23,0.0013209690805524588
classifier.4,4,29,24,8.24805538286455e-05
classifier.4,4,29,25,0.002483377931639552
classifier.4,4,29,26,0.00032163411378860474
classifier.4,4,29,27,0.008809429593384266
classifier.4,4,29,28,0.0015219502383843064
classifier.4,4,29,30,0.0005618938012048602
classifier.4,4,29,31,0.004902959801256657
classifier.4,4,29,32,0.0001364451745757833
classifier.4,4,29,33,0.0012092635734006763
classifier.4,4,29,34,0.004960763733834028
classifier.4,4,29,35,0.004671391099691391
classifier.4,4,29,36,0.0012069777585566044
classifier.4,4,29,37,0.0070692384615540504
classifier.4,4,29,38,0.0009655030444264412
classifier.4,4,29,39,0.025629835203289986
classifier.4,4,29,40,0.08711230754852295
classifier.4,4,29,41,0.0266558900475502
classifier.4,4,29,42,0.0022386484779417515
classifier.4,4,29,43,0.023764166980981827
classifier.4,4,29,44,0.004047296941280365
classifier.4,4,29,45,0.011794543825089931
classifier.4,4,29,46,0.0058873300440609455
classifier.4,4,29,47,0.003542859572917223
classifier.4,4,29,48,3.4688364394241944e-05
classifier.4,4,29,49,0.009310081601142883
classifier.4,4,29,50,0.0003337977104820311
classifier.4,4,29,51,0.006632078438997269
classifier.4,4,29,52,0.0010454162256792188
classifier.4,4,29,53,0.15504422783851624
classifier.4,4,29,54,0.00039388189907185733
classifier.4,4,29,55,0.8320232629776001
classifier.4,4,29,56,0.00012470468936953694
classifier.4,4,29,57,0.0026191244833171368
classifier.4,4,29,58,0.00011256489233346656
classifier.4,4,29,59,0.004544880241155624
classifier.4,4,29,60,0.0043907808139920235
classifier.4,4,29,61,0.00382305053062737
classifier.4,4,30,0,0.036295901983976364
classifier.4,4,30,1,3.08650778606534e-05
classifier.4,4,30,2,0.00229259324260056
classifier.4,4,30,3,0.0027423487044870853
classifier.4,4,30,4,0.07345378398895264
classifier.4,4,30,5,0.0001820614852476865
classifier.4,4,30,6,0.041099876165390015
classifier.4,4,30,7,0.0013434106949716806
classifier.4,4,30,8,0.0010337547864764929
classifier.4,4,30,9,0.007351468782871962
classifier.4,4,30,10,0.007133979815989733
classifier.4,4,30,11,2.9054521291982383e-05
classifier.4,4,30,12,0.00012178183533251286
classifier.4,4,30,13,0.010075530968606472
classifier.4,4,30,14,0.003232246730476618
classifier.4,4,30,15,0.001369292731396854
classifier.4,4,30,16,0.01329572033137083
classifier.4,4,30,17,0.009169269353151321
classifier.4,4,30,18,0.00016853370470926166
classifier.4,4,30,19,0.021919099614024162
classifier.4,4,30,20,0.0003177621401846409
classifier.4,4,30,21,0.0013857544399797916
classifier.4,4,30,22,0.0030794243793934584
classifier.4,4,30,23,0.018379323184490204
classifier.4,4,30,24,0.016069933772087097
classifier.4,4,30,25,0.000797441229224205
classifier.4,4,30,26,0.005377952009439468
classifier.4,4,30,27,0.0010271985083818436
classifier.4,4,30,28,0.00023263113689608872
classifier.4,4,30,29,0.0005618938012048602
classifier.4,4,30,31,0.13044902682304382
classifier.4,4,30,32,0.014875449240207672
classifier.4,4,30,33,0.002806927775964141
classifier.4,4,30,34,0.008970636874437332
classifier.4,4,30,35,0.00019845450879074633
classifier.4,4,30,36,0.02925531193614006
classifier.4,4,30,37,0.011402000673115253
classifier.4,4,30,38,0.0011476962827146053
classifier.4,4,30,39,0.04009299725294113
classifier.4,4,30,40,0.003598625073209405
classifier.4,4,30,41,0.0006513565313071012
classifier.4,4,30,42,0.0010269085178151727
classifier.4,4,30,43,0.001378414686769247
classifier.4,4,30,44,0.0007791882380843163
classifier.4,4,30,45,0.00300642685033381
classifier.4,4,30,46,0.0006107768858782947
classifier.4,4,30,47,0.00016620455426163971
classifier.4,4,30,48,0.003451112424954772
classifier.4,4,30,49,0.005877862684428692
classifier.4,4,30,50,0.013199607841670513
classifier.4,4,30,51,0.0007057333714328706
classifier.4,4,30,52,0.000795440748333931
classifier.4,4,30,53,0.008413453586399555
classifier.4,4,30,54,3.5633231163956225e-05
classifier.4,4,30,55,0.004663257859647274
classifier.4,4,30,56,0.9233386516571045
classifier.4,4,30,57,0.05484665185213089
classifier.4,4,30,58,0.00522127328440547
classifier.4,4,30,59,0.002012512180954218
classifier.4,4,30,60,0.006602988578379154
classifier.4,4,30,61,0.0006842923467047513
classifier.4,4,31,0,0.0008133051451295614
classifier.4,4,31,1,0.001919937552884221
classifier.4,4,31,2,0.00021484735771082342
classifier.4,4,31,3,0.0031964995432645082
classifier.4,4,31,4,0.007476700469851494
classifier.4,4,31,5,0.0011354662710800767
classifier.4,4,31,6,0.0006334225181490183
classifier.4,4,31,7,0.001491344883106649
classifier.4,4,31,8,0.008116725832223892
classifier.4,4,31,9,0.0007512988522648811
classifier.4,4,31,10,0.0020373051520437002
classifier.4,4,31,11,0.0024315074551850557
classifier.4,4,31,12,0.0003851002547889948
classifier.4,4,31,13,0.0026173251681029797
classifier.4,4,31,14,0.001168529037386179
classifier.4,4,31,15,0.0026281005702912807
classifier.4,4,31,16,0.0022034754510968924
classifier.4,4,31,17,0.005386445205658674
classifier.4,4,31,18,0.0010004052892327309
classifier.4,4,31,19,0.008292391896247864
classifier.4,4,31,20,0.00033580820308998227
classifier.4,4,31,21,0.002443279605358839
classifier.4,4,31,22,0.0008776161703281105
classifier.4,4,31,23,0.0061544678173959255
classifier.4,4,31,24,0.0012892724480479956
classifier.4,4,31,25,0.004537077620625496
classifier.4,4,31,26,0.0013012908166274428
classifier.4,4,31,27,0.004247687757015228
classifier.4,4,31,28,0.00010885903611779213
classifier.4,4,31,29,0.004902959801256657
classifier.4,4,31,30,0.13044902682304382
classifier.4,4,31,32,0.0066907950676977634
classifier.4,4,31,33,0.0022179922088980675
classifier.4,4,31,34,0.03131457790732384
classifier.4,4,31,35,0.00016123981913551688
classifier.4,4,31,36,0.004114053677767515
classifier.4,4,31,37,0.0011648263316601515
classifier.4,4,31,38,0.00023746953229419887
classifier.4,4,31,39,0.0014684249181300402
classifier.4,4,31,40,0.0006131059490144253
classifier.4,4,31,41,0.00044167108717374504
classifier.4,4,31,42,0.0015931457746773958
classifier.4,4,31,43,0.0025658048689365387
classifier.4,4,31,44,0.0018622034694999456
classifier.4,4,31,45,0.00181079120375216
classifier.4,4,31,46,0.00028019037563353777
classifier.4,4,31,47,0.0004309842479415238
classifier.4,4,31,48,0.0004226304008625448
classifier.4,4,31,49,0.006807544268667698
classifier.4,4,31,50,0.0015799603424966335
classifier.4,4,31,51,0.0036667450331151485
classifier.4,4,31,52,0.001128853065893054
classifier.4,4,31,53,0.07258324325084686
classifier.4,4,31,54,0.000216257554711774
classifier.4,4,31,55,0.0013854365097358823
classifier.4,4,31,56,0.06739549338817596
classifier.4,4,31,57,0.9112104177474976
classifier.4,4,31,58,0.006299003027379513
classifier.4,4,31,59,0.00042389193549752235
classifier.4,4,31,60,0.021210838109254837
classifier.4,4,31,61,0.00022656920191366225
classifier.4,4,32,0,0.00038369520916603506
classifier.4,4,32,1,5.438652806333266e-05
classifier.4,4,32,2,0.00020833882445003837
classifier.4,4,32,3,0.0013466117670759559
classifier.4,4,32,4,0.0020559546537697315
classifier.4,4,32,5,0.00013081621727906168
classifier.4,4,32,6,0.020594457164406776
classifier.4,4,32,7,0.001131938537582755
classifier.4,4,32,8,0.0011172778904438019
classifier.4,4,32,9,0.0003627679543569684
classifier.4,4,32,10,0.0028454256244003773
classifier.4,4,32,11,0.0004567638970911503
classifier.4,4,32,12,0.0004768875369336456
classifier.4,4,32,13,0.00018790480680763721
classifier.4,4,32,14,0.002039051614701748
classifier.4,4,32,15,0.0003040097944904119
classifier.4,4,32,16,0.011084332130849361
classifier.4,4,32,17,0.022147905081510544
classifier.4,4,32,18,9.18959267437458e-05
classifier.4,4,32,19,0.0009456148836761713
classifier.4,4,32,20,0.0032526946160942316
classifier.4,4,32,21,0.004587951116263866
classifier.4,4,32,22,0.00113332225009799
classifier.4,4,32,23,0.10956455767154694
classifier.4,4,32,24,0.00012795717339031398
classifier.4,4,32,25,0.0003935293643735349
classifier.4,4,32,26,0.005237431265413761
classifier.4,4,32,27,0.0018582349875941873
classifier.4,4,32,28,5.8958718000212684e-05
classifier.4,4,32,29,0.0001364451745757833
classifier.4,4,32,30,0.014875449240207672
classifier.4,4,32,31,0.0066907950676977634
classifier.4,4,32,33,0.0001643933355808258
classifier.4,4,32,34,0.0008871050667949021
classifier.4,4,32,35,5.822586172143929e-05
classifier.4,4,32,36,0.001203976571559906
classifier.4,4,32,37,0.009733090177178383
classifier.4,4,32,38,0.0002571716613601893
classifier.4,4,32,39,0.0019478811882436275
classifier.4,4,32,40,0.00020902318647131324
classifier.4,4,32,41,6.553727143909782e-05
classifier.4,4,32,42,0.00012458600394893438
classifier.4,4,32,43,0.013403616845607758
classifier.4,4,32,44,0.00027564039919525385
classifier.4,4,32,45,0.00034885882632806897
classifier.4,4,32,46,0.00043123820796608925
classifier.4,4,32,47,2.795921318465844e-06
classifier.4,4,32,48,0.0025455188006162643
classifier.4,4,32,49,0.0157367791980505
classifier.4,4,32,50,0.0003620811039581895
classifier.4,4,32,51,3.842949809040874e-06
classifier.4,4,32,52,0.0002066840388579294
classifier.4,4,32,53,0.0025510061532258987
classifier.4,4,32,54,0.00033947869087569416
classifier.4,4,32,55,0.0019000116735696793
classifier.4,4,32,56,0.009527004323899746
classifier.4,4,32,57,0.0028870892710983753
classifier.4,4,32,58,0.9747437834739685
classifier.4,4,32,59,0.0007309278007596731
classifier.4,4,32,60,0.00152516458183527
classifier.4,4,32,61,9.557558223605156e-05
classifier.4,4,33,0,0.00012681796215474606
classifier.4,4,33,1,0.0003446030314080417
classifier.4,4,33,2,0.0024869590997695923
classifier.4,4,33,3,0.005387414712458849
classifier.4,4,33,4,0.009119285270571709
classifier.4,4,33,5,0.0006169021362438798
classifier.4,4,33,6,0.0010967775015160441
classifier.4,4,33,7,0.003914421424269676
classifier.4,4,33,8,0.021000003442168236
classifier.4,4,33,9,0.001060819486156106
classifier.4,4,33,10,0.003033407498151064
classifier.4,4,33,11,0.00764989759773016
classifier.4,4,33,12,0.000157892209244892
classifier.4,4,33,13,0.00027646138914860785
classifier.4,4,33,14,0.0027820055838674307
classifier.4,4,33,15,0.0016841227188706398
classifier.4,4,33,16,0.0006623641238547862
classifier.4,4,33,17,0.0015038426499813795
classifier.4,4,33,18,0.00040035753045231104
classifier.4,4,33,19,0.0007849194807931781
classifier.4,4,33,20,0.014142684638500214
classifier.4,4,33,21,0.0010111869778484106
classifier.4,4,33,22,0.0006599536864086986
classifier.4,4,33,23,0.001317319693043828
classifier.4,4,33,24,3.658146670204587e-05
classifier.4,4,33,25,0.0014737719902768731
classifier.4,4,33,26,0.0013100954238325357
classifier.4,4,33,27,0.001630154438316822
classifier.4,4,33,28,0.00022834388073533773
classifier.4,4,33,29,0.0012092635734006763
classifier.4,4,33,30,0.002806927775964141
classifier.4,4,33,31,0.0022179922088980675
classifier.4,4,33,32,0.0001643933355808258
classifier.4,4,33,34,0.022486034780740738
classifier.4,4,33,35,0.0004612845368683338
classifier.4,4,33,36,0.0010733135277405381
classifier.4,4,33,37,0.0004933332093060017
classifier.4,4,33,38,5.857289579580538e-05
classifier.4,4,33,39,0.0067820013500750065
classifier.4,4,33,40,0.0013672830536961555
classifier.4,4,33,41,0.00043544077198021114
classifier.4,4,33,42,0.003456583945080638
classifier.4,4,33,43,0.001870767679065466
classifier.4,4,33,44,0.0014239187585189939
classifier.4,4,33,45,0.0006683812825940549
classifier.4,4,33,46,0.008100390434265137
classifier.4,4,33,47,0.0002626521745696664
classifier.4,4,33,48,0.0003723680565599352
classifier.4,4,33,49,0.003618640825152397
classifier.4,4,33,50,6.114620919106528e-05
classifier.4,4,33,51,0.00031760043930262327
classifier.4,4,33,52,0.0029038756620138884
classifier.4,4,33,53,0.0031044501811265945
classifier.4,4,33,54,6.195480818860233e-05
classifier.4,4,33,55,0.0019247995223850012
classifier.4,4,33,56,0.0034259457606822252
classifier.4,4,33,57,0.0032864739187061787
classifier.4,4,33,58,0.0007714772364124656
classifier.4,4,33,59,0.9503374099731445
classifier.4,4,33,60,0.0021606674417853355
classifier.4,4,33,61,0.009465943090617657
classifier.4,4,34,0,1.0797521099448204e-08
classifier.4,4,34,1,0.004087101202458143
classifier.4,4,34,2,0.00047359312884509563
classifier.4,4,34,3,0.0024974653497338295
classifier.4,4,34,4,0.23740200698375702
classifier.4,4,34,5,0.0023517110385000706
classifier.4,4,34,6,0.0021176643203943968
classifier.4,4,34,7,0.0670335590839386
classifier.4,4,34,8,0.01622150093317032
classifier.4,4,34,9,0.0005040788091719151
classifier.4,4,34,10,0.013688942417502403
classifier.4,4,34,11,0.006354143377393484
classifier.4,4,34,12,0.0002699230972211808
classifier.4,4,34,13,0.0010048055555671453
classifier.4,4,34,14,0.0029730871319770813
classifier.4,4,34,15,0.0035705864429473877
classifier.4,4,34,16,0.0007690146449021995
classifier.4,4,34,17,0.026259085163474083
classifier.4,4,34,18,0.005828014574944973
classifier.4,4,34,19,0.00577370822429657
classifier.4,4,34,20,0.003370181191712618
classifier.4,4,34,21,0.0038095288909971714
classifier.4,4,34,22,0.000887201982550323
classifier.4,4,34,23,0.003819492179900408
classifier.4,4,34,24,0.00023555493680760264
classifier.4,4,34,25,0.005424655973911285
classifier.4,4,34,26,0.0035681056324392557
classifier.4,4,34,27,0.0029466659761965275
classifier.4,4,34,28,0.0017217902932316065
classifier.4,4,34,29,0.004960763733834028
classifier.4,4,34,30,0.008970636874437332
classifier.4,4,34,31,0.03131457790732384
classifier.4,4,34,32,0.0008871050667949021
classifier.4,4,34,33,0.022486034780740738
classifier.4,4,34,35,0.0018705673282966018
classifier.4,4,34,36,0.004173245280981064
classifier.4,4,34,37,0.0005866547580808401
classifier.4,4,34,38,0.00013586891873273998
classifier.4,4,34,39,0.01100511010736227
classifier.4,4,34,40,0.0034816733095794916
classifier.4,4,34,41,0.0023472625762224197
classifier.4,4,34,42,0.0013256967067718506
classifier.4,4,34,43,0.005175231955945492
classifier.4,4,34,44,0.0052075134590268135
classifier.4,4,34,45,0.0022269180044531822
classifier.4,4,34,46,0.0010848125675693154
classifier.4,4,34,47,0.0020306971855461597
classifier.4,4,34,48,0.0011819466017186642
classifier.4,4,34,49,0.005158461630344391
classifier.4,4,34,50,0.0003492940159048885
classifier.4,4,34,51,0.002018275437876582
classifier.4,4,34,52,0.007680545561015606
classifier.4,4,34,53,0.04906288534402847
classifier.4,4,34,54,0.001569450250826776
classifier.4,4,34,55,0.0277803186327219
classifier.4,4,34,56,0.007528388872742653
classifier.4,4,34,57,0.00912455189973116
classifier.4,4,34,58,0.0008736664312891662
classifier.4,4,34,59,0.002899148501455784
classifier.4,4,34,60,0.7548947334289551
classifier.4,4,34,61,0.0007969531579874456
classifier.4,4,35,0,0.0015370608307421207
classifier.4,4,35,1,0.006877230480313301
classifier.4,4,35,2,0.45410892367362976
classifier.4,4,35,3,0.012303822673857212
classifier.4,4,35,4,0.0011710200924426317
classifier.4,4,35,5,0.0003795442753471434
classifier.4,4,35,6,0.0008029757300391793
classifier.4,4,35,7,0.006025072652846575
classifier.4,4,35,8,0.0014606103068217635
classifier.4,4,35,9,0.0033484632149338722
classifier.4,4,35,10,0.013299182057380676
classifier.4,4,35,11,0.00024610903346911073
classifier.4,4,35,12,0.0010254133958369493
classifier.4,4,35,13,0.007493990007787943
classifier.4,4,35,14,0.00041977502405643463
classifier.4,4,35,15,0.0008871169411577284
classifier.4,4,35,16,0.0010427956003695726
classifier.4,4,35,17,0.0005650859093293548
classifier.4,4,35,18,0.017055705189704895
classifier.4,4,35,19,0.0020737964659929276
classifier.4,4,35,20,0.0003247660642955452
classifier.4,4,35,21,0.009908674284815788
classifier.4,4,35,22,0.00012256238551344723
classifier.4,4,35,23,0.0045601436868309975
classifier.4,4,35,24,8.691575203556567e-05
classifier.4,4,35,25,0.0003945420612581074
classifier.4,4,35,26,0.010172273963689804
classifier.4,4,35,27,0.00396782485768199
classifier.4,4,35,28,0.00039034150540828705
classifier.4,4,35,29,0.004671391099691391
classifier.4,4,35,30,0.00019845450879074633
classifier.4,4,35,31,0.00016123981913551688
classifier.4,4,35,32,5.822586172143929e-05
classifier.4,4,35,33,0.0004612845368683338
classifier.4,4,35,34,0.0018705673282966018
classifier.4,4,35,36,0.06642390042543411
classifier.4,4,35,37,0.00043978195753879845
classifier.4,4,35,38,0.0002428902080282569
classifier.4,4,35,39,0.021597830578684807
classifier.4,4,35,40,0.00198832037858665
classifier.4,4,35,41,0.0008883420377969742
classifier.4,4,35,42,0.00305242114700377
classifier.4,4,35,43,0.005567665211856365
classifier.4,4,35,44,0.006606028415262699
classifier.4,4,35,45,0.003494627308100462
classifier.4,4,35,46,0.0004443493962753564
classifier.4,4,35,47,0.0025150130968540907
classifier.4,4,35,48,3.964211282436736e-05
classifier.4,4,35,49,0.005022568628191948
classifier.4,4,35,50,0.0003078517329413444
classifier.4,4,35,51,0.0003442255547270179
classifier.4,4,35,52,7.400615140795708e-05
classifier.4,4,35,53,0.0021997173316776752
classifier.4,4,35,54,0.0003135355073027313
classifier.4,4,35,55,0.0022612446919083595
classifier.4,4,35,56,0.00016280525596812367
classifier.4,4,35,57,7.849180838093162e-05
classifier.4,4,35,58,4.3826217734022066e-05
classifier.4,4,35,59,0.005048011429607868
classifier.4,4,35,60,0.00021964155894238502
classifier.4,4,35,61,0.5077614188194275
classifier.4,4,36,0,0.00047653913497924805
classifier.4,4,36,1,0.002339627593755722
classifier.4,4,36,2,0.27317482233047485
classifier.4,4,36,3,0.017025064677000046
classifier.4,4,36,4,0.053781215101480484
classifier.4,4,36,5,0.0034467342775315046
classifier.4,4,36,6,0.0004951977171003819
classifier.4,4,36,7,0.00946129485964775
classifier.4,4,36,8,2.659577876329422e-05
classifier.4,4,36,9,0.07785788178443909
classifier.4,4,36,10,0.1733962893486023
classifier.4,4,36,11,0.0021306469570845366
classifier.4,4,36,12,0.0017224946059286594
classifier.4,4,36,13,0.03382973372936249
classifier.4,4,36,14,0.025918712839484215
classifier.4,4,36,15,0.0024691661819815636
classifier.4,4,36,16,0.014041511341929436
classifier.4,4,36,17,0.018759410828351974
classifier.4,4,36,18,0.0029361050110310316
classifier.4,4,36,19,0.006948172580450773
classifier.4,4,36,20,0.0013442065101116896
classifier.4,4,36,21,0.010130049660801888
classifier.4,4,36,22,0.004483772907406092
classifier.4,4,36,23,0.0017333996947854757
classifier.4,4,36,24,0.019626855850219727
classifier.4,4,36,25,0.004841506481170654
classifier.4,4,36,26,0.3311273753643036
classifier.4,4,36,27,0.027604760602116585
classifier.4,4,36,28,0.000699369702488184
classifier.4,4,36,29,0.0012069777585566044
classifier.4,4,36,30,0.02925531193614006
classifier.4,4,36,31,0.004114053677767515
classifier.4,4,36,32,0.001203976571559906
classifier.4,4,36,33,0.0010733135277405381
classifier.4,4,36,34,0.004173245280981064
classifier.4,4,36,35,0.06642390042543411
classifier.4,4,36,37,0.005054953508079052
classifier.4,4,36,38,0.003113670740276575
classifier.4,4,36,39,0.21363915503025055
classifier.4,4,36,40,0.09289080649614334
classifier.4,4,36,41,0.000966723368037492
classifier.4,4,36,42,0.03212105482816696
classifier.4,4,36,43,0.008572183549404144
classifier.4,4,36,44,0.0008019958040677011
classifier.4,4,36,45,0.005518944002687931
classifier.4,4,36,46,0.00143364816904068
classifier.4,4,36,47,0.0003268630534876138
classifier.4,4,36,48,0.0005968500627204776
classifier.4,4,36,49,0.023709261789917946
classifier.4,4,36,50,0.03282094746828079
classifier.4,4,36,51,0.002935726661235094
classifier.4,4,36,52,0.03463773429393768
classifier.4,4,36,53,0.006193547509610653
classifier.4,4,36,54,0.0003472416428849101
classifier.4,4,36,55,0.003492427058517933
classifier.4,4,36,56,0.007622983306646347
classifier.4,4,36,57,0.002228820463642478
classifier.4,4,36,58,0.0004098805075045675
classifier.4,4,36,59,0.0021714549511671066
classifier.4,4,36,60,0.0027806039433926344
classifier.4,4,36,61,0.041965704411268234
classifier.4,4,37,0,0.0014302390627563
classifier.4,4,37,1,0.0003471110248938203
classifier.4,4,37,2,0.00035634826053865254
classifier.4,4,37,3,0.009931405074894428
classifier.4,4,37,4,0.0005551211070269346
classifier.4,4,37,5,0.0057609910145401955
classifier.4,4,37,6,0.846545934677124
classifier.4,4,37,7,0.0012098413426429033
classifier.4,4,37,8,0.016769615933299065
classifier.4,4,37,9,0.0008689543465152383
classifier.4,4,37,10,0.007432818878442049
classifier.4,4,37,11,0.10619445890188217
classifier.4,4,37,12,0.006203877739608288
classifier.4,4,37,13,0.04434401914477348
classifier.4,4,37,14,0.02447585202753544
classifier.4,4,37,15,0.0024853183422237635
classifier.4,4,37,16,0.2613007426261902
classifier.4,4,37,17,0.004122787620872259
classifier.4,4,37,18,0.0007796380668878555
classifier.4,4,37,19,0.00298346858471632
classifier.4,4,37,20,0.006090257316827774
classifier.4,4,37,21,0.08189475536346436
classifier.4,4,37,22,0.0008804986136965454
classifier.4,4,37,23,0.0023336117155849934
classifier.4,4,37,24,0.0009364588186144829
classifier.4,4,37,25,0.0004215958178974688
classifier.4,4,37,26,0.007977724075317383
classifier.4,4,37,27,0.0064288112334907055
classifier.4,4,37,28,0.0028418321162462234
classifier.4,4,37,29,0.0070692384615540504
classifier.4,4,37,30,0.011402000673115253
classifier.4,4,37,31,0.0011648263316601515
classifier.4,4,37,32,0.009733090177178383
classifier.4,4,37,33,0.0004933332093060017
classifier.4,4,37,34,0.0005866547580808401
classifier.4,4,37,35,0.00043978195753879845
classifier.4,4,37,36,0.005054953508079052
classifier.4,4,37,38,0.0044398498721420765
classifier.4,4,37,39,0.03410660848021507
classifier.4,4,37,40,0.005242758430540562
classifier.4,4,37,41,0.000910189701244235
classifier.4,4,37,42,0.0020563057623803616
classifier.4,4,37,43,0.09518570452928543
classifier.4,4,37,44,0.004669460467994213
classifier.4,4,37,45,0.0010174885392189026
classifier.4,4,37,46,0.007817055098712444
classifier.4,4,37,47,0.0003176229365635663
classifier.4,4,37,48,9.215230966219679e-05
classifier.4,4,37,49,0.010363788343966007
classifier.4,4,37,50,0.003725889604538679
classifier.4,4,37,51,0.000169884180650115
classifier.4,4,37,52,0.002479572780430317
classifier.4,4,37,53,0.0028540974017232656
classifier.4,4,37,54,0.0009553508134558797
classifier.4,4,37,55,0.02453453093767166
classifier.4,4,37,56,0.0022581079974770546
classifier.4,4,37,57,0.0017818459309637547
classifier.4,4,37,58,0.0025785404723137617
classifier.4,4,37,59,0.0006188461557030678
classifier.4,4,37,60,0.00018430117052048445
classifier.4,4,37,61,0.00045454734936356544
classifier.4,4,38,0,0.0018380328547209501
classifier.4,4,38,1,0.0005529954796656966
classifier.4,4,38,2,0.00041344063356518745
classifier.4,4,38,3,0.0012041328009217978
classifier.4,4,38,4,0.0005988648044876754
classifier.4,4,38,5,0.0005451398901641369
classifier.4,4,38,6,0.0026828867848962545
classifier.4,4,38,7,0.0002599988365545869
classifier.4,4,38,8,0.0015911355149000883
classifier.4,4,38,9,0.0007021329365670681
classifier.4,4,38,10,0.0005831292946822941
classifier.4,4,38,11,0.002757322508841753
classifier.4,4,38,12,0.9335326552391052
classifier.4,4,38,13,0.003929493483155966
classifier.4,4,38,14,0.031881049275398254
classifier.4,4,38,15,0.0009991677943617105
classifier.4,4,38,16,0.01018940843641758
classifier.4,4,38,17,0.00011006653949152678
classifier.4,4,38,18,7.860141340643167e-05
classifier.4,4,38,19,0.0009368524188175797
classifier.4,4,38,20,0.000339808058924973
classifier.4,4,38,21,0.032346248626708984
classifier.4,4,38,22,1.6868652892298996e-05
classifier.4,4,38,23,3.70590751117561e-05
classifier.4,4,38,24,0.00354902446269989
classifier.4,4,38,25,0.0010327431373298168
classifier.4,4,38,26,0.004038948565721512
classifier.4,4,38,27,0.010843994095921516
classifier.4,4,38,28,7.548794383183122e-05
classifier.4,4,38,29,0.0009655030444264412
classifier.4,4,38,30,0.0011476962827146053
classifier.4,4,38,31,0.00023746953229419887
classifier.4,4,38,32,0.0002571716613601893
classifier.4,4,38,33,5.857289579580538e-05
classifier.4,4,38,34,0.00013586891873273998
classifier.4,4,38,35,0.0002428902080282569
classifier.4,4,38,36,0.003113670740276575
classifier.4,4,38,37,0.0044398498721420765
classifier.4,4,38,39,0.0014273744309321046
classifier.4,4,38,40,0.10573682934045792
classifier.4,4,38,41,0.0022181663662195206
classifier.4,4,38,42,0.0006557941087521613
classifier.4,4,38,43,0.00192939187400043
classifier.4,4,38,44,0.0014576963149011135
classifier.4,4,38,45,0.00037178717320784926
classifier.4,4,38,46,0.0007925091776996851
classifier.4,4,38,47,4.399544559419155e-05
classifier.4,4,38,48,1.7142543811132782e-06
classifier.4,4,38,49,0.00012822427379433066
classifier.4,4,38,50,0.0047543770633637905
classifier.4,4,38,51,0.0010065921815112233
classifier.4,4,38,52,0.00022886713850311935
classifier.4,4,38,53,0.008672494441270828
classifier.4,4,38,54,0.00016550786676816642
classifier.4,4,38,55,0.001999461557716131
classifier.4,4,38,56,0.00032130422187037766
classifier.4,4,38,57,0.00017679925076663494
classifier.4,4,38,58,8.022906695259735e-05
classifier.4,4,38,59,8.967576286522672e-05
classifier.4,4,38,60,6.672246672678739e-05
classifier.4,4,38,61,0.0006221838411875069
classifier.4,4,39,0,0.00738087622448802
classifier.4,4,39,1,0.0008559263660572469
classifier.4,4,39,2,0.038930464535951614
classifier.4,4,39,3,0.008542502298951149
classifier.4,4,39,4,0.017302826046943665
classifier.4,4,39,5,0.0025046351365745068
classifier.4,4,39,6,0.010250573977828026
classifier.4,4,39,7,0.009591396898031235
classifier.4,4,39,8,0.1248059868812561
classifier.4,4,39,9,0.033261120319366455
classifier.4,4,39,10,0.04755020514130592
classifier.4,4,39,11,0.024643832817673683
classifier.4,4,39,12,0.0034072452690452337
classifier.4,4,39,13,0.00542915565893054
classifier.4,4,39,14,0.011733057908713818
classifier.4,4,39,15,0.010758085176348686
classifier.4,4,39,16,0.017096709460020065
classifier.4,4,39,17,0.05059325322508812
classifier.4,4,39,18,0.004377060569822788
classifier.4,4,39,19,0.11803285777568817
classifier.4,4,39,20,0.0034568561241030693
classifier.4,4,39,21,0.019101761281490326
classifier.4,4,39,22,0.003299027681350708
classifier.4,4,39,23,0.020012004300951958
classifier.4,4,39,24,0.0021846177987754345
classifier.4,4,39,25,0.004357129335403442
classifier.4,4,39,26,0.024874387308955193
classifier.4,4,39,27,0.02410752885043621
classifier.4,4,39,28,0.0005643837503157556
classifier.4,4,39,29,0.025629835203289986
classifier.4,4,39,30,0.04009299725294113
classifier.4,4,39,31,0.0014684249181300402
classifier.4,4,39,32,0.0019478811882436275
classifier.4,4,39,33,0.0067820013500750065
classifier.4,4,39,34,0.01100511010736227
classifier.4,4,39,35,0.021597830578684807
classifier.4,4,39,36,0.21363915503025055
classifier.4,4,39,37,0.03410660848021507
classifier.4,4,39,38,0.0014273744309321046
classifier.4,4,39,40,0.0054164151661098
classifier.4,4,39,41,0.0006485995836555958
classifier.4,4,39,42,0.015304269269108772
classifier.4,4,39,43,0.005874618887901306
classifier.4,4,39,44,0.003927418030798435
classifier.4,4,39,45,0.04315900802612305
classifier.4,4,39,46,0.0009894809918478131
classifier.4,4,39,47,0.0008005592972040176
classifier.4,4,39,48,0.001107534160837531
classifier.4,4,39,49,0.012721460312604904
classifier.4,4,39,50,0.008692371658980846
classifier.4,4,39,51,0.001570903928950429
classifier.4,4,39,52,0.007696039043366909
classifier.4,4,39,53,0.009473590180277824
classifier.4,4,39,54,0.0010059323394671082
classifier.4,4,39,55,0.03921684995293617
classifier.4,4,39,56,0.020497223362326622
classifier.4,4,39,57,0.004236479755491018
classifier.4,4,39,58,0.002414667746052146
classifier.4,4,39,59,0.005396157968789339
classifier.4,4,39,60,0.007991040125489235
classifier.4,4,39,61,0.022208312526345253
classifier.4,4,40,0,0.003941280767321587
classifier.4,4,40,1,0.007240043953061104
classifier.4,4,40,2,0.0005768758710473776
classifier.4,4,40,3,0.0016051612328737974
classifier.4,4,40,4,0.01225757785141468
classifier.4,4,40,5,0.002544921590015292
classifier.4,4,40,6,0.004135096911340952
classifier.4,4,40,7,0.007608569692820311
classifier.4,4,40,8,0.02486196719110012
classifier.4,4,40,9,0.005116991698741913
classifier.4,4,40,10,0.009731452912092209
classifier.4,4,40,11,0.03503077104687691
classifier.4,4,40,12,0.39355790615081787
classifier.4,4,40,13,0.004453396424651146
classifier.4,4,40,14,0.3514920473098755
classifier.4,4,40,15,0.0059003932401537895
classifier.4,4,40,16,0.011470751836895943
classifier.4,4,40,17,0.00270221009850502
classifier.4,4,40,18,0.0021382183767855167
classifier.4,4,40,19,0.0056497929617762566
classifier.4,4,40,20,0.0013977151829749346
classifier.4,4,40,21,0.019817983731627464
classifier.4,4,40,22,0.00034295543446205556
classifier.4,4,40,23,0.0009314122726209462
classifier.4,4,40,24,0.004700559191405773
classifier.4,4,40,25,0.01482937391847372
classifier.4,4,40,26,0.006046402733772993
classifier.4,4,40,27,0.2268287092447281
classifier.4,4,40,28,0.001350080012343824
classifier.4,4,40,29,0.08711230754852295
classifier.4,4,40,30,0.003598625073209405
classifier.4,4,40,31,0.0006131059490144253
classifier.4,4,40,32,0.00020902318647131324
classifier.4,4,40,33,0.0013672830536961555
classifier.4,4,40,34,0.0034816733095794916
classifier.4,4,40,35,0.00198832037858665
classifier.4,4,40,36,0.09289080649614334
classifier.4,4,40,37,0.005242758430540562
classifier.4,4,40,38,0.10573682934045792
classifier.4,4,40,39,0.0054164151661098
classifier.4,4,40,41,0.007901347242295742
classifier.4,4,40,42,0.000596401805523783
classifier.4,4,40,43,0.006286246702075005
classifier.4,4,40,44,0.005136449355632067
classifier.4,4,40,45,0.004356254357844591
classifier.4,4,40,46,0.0058515919372439384
classifier.4,4,40,47,0.005946853198111057
classifier.4,4,40,48,5.6987959396792576e-05
classifier.4,4,40,49,0.003433138132095337
classifier.4,4,40,50,0.002209062222391367
classifier.4,4,40,51,0.012976298108696938
classifier.4,4,40,52,0.004172359127551317
classifier.4,4,40,53,0.03899258002638817
classifier.4,4,40,54,0.0002927000750787556
classifier.4,4,40,55,0.13906098902225494
classifier.4,4,40,56,0.0006354888319037855
classifier.4,4,40,57,0.0003085530479438603
classifier.4,4,40,58,0.0012861501891165972
classifier.4,4,40,59,0.00107002432923764
classifier.4,4,40,60,0.0012146008666604757
classifier.4,4,40,61,0.013458769768476486
classifier.4,4,41,0,0.00011396282934583724
classifier.4,4,41,1,0.00034061522455886006
classifier.4,4,41,2,7.868371903896332e-05
classifier.4,4,41,3,0.0020513092167675495
classifier.4,4,41,4,0.004336850717663765
classifier.4,4,41,5,0.004262056201696396
classifier.4,4,41,6,0.001643790164962411
classifier.4,4,41,7,0.0026279734447598457
classifier.4,4,41,8,0.013951398432254791
classifier.4,4,41,9,0.002160940784960985
classifier.4,4,41,10,0.0009429593337699771
classifier.4,4,41,11,0.0019835280254483223
classifier.4,4,41,12,0.001178304199129343
classifier.4,4,41,13,0.0005374985048547387
classifier.4,4,41,14,0.0426345020532608
classifier.4,4,41,15,0.9236218333244324
classifier.4,4,41,16,0.00045681872870773077
classifier.4,4,41,17,0.0022509885020554066
classifier.4,4,41,18,0.0005228727823123336
classifier.4,4,41,19,0.0021553654223680496
classifier.4,4,41,20,0.0005488196620717645
classifier.4,4,41,21,0.0014726188965141773
classifier.4,4,41,22,0.00010893962462432683
classifier.4,4,41,23,0.00044206768507137895
classifier.4,4,41,24,3.973432467319071e-05
classifier.4,4,41,25,0.008747784420847893
classifier.4,4,41,26,0.0011175064137205482
classifier.4,4,41,27,0.0027205171063542366
classifier.4,4,41,28,0.00275736628100276
classifier.4,4,41,29,0.0266558900475502
classifier.4,4,41,30,0.0006513565313071012
classifier.4,4,41,31,0.00044167108717374504
classifier.4,4,41,32,6.553727143909782e-05
classifier.4,4,41,33,0.00043544077198021114
classifier.4,4,41,34,0.0023472625762224197
classifier.4,4,41,35,0.0008883420377969742
classifier.4,4,41,36,0.000966723368037492
classifier.4,4,41,37,0.000910189701244235
classifier.4,4,41,38,0.0022181663662195206
classifier.4,4,41,39,0.0006485995836555958
classifier.4,4,41,40,0.007901347242295742
classifier.4,4,41,42,0.003423288930207491
classifier.4,4,41,43,0.0012134319404140115
classifier.4,4,41,44,0.0010247814934700727
classifier.4,4,41,45,0.002514016581699252
classifier.4,4,41,46,0.0004817172302864492
classifier.4,4,41,47,6.893549289088696e-05
classifier.4,4,41,48,7.096464105416089e-05
classifier.4,4,41,49,0.000925264204852283
classifier.4,4,41,50,0.0002159492578357458
classifier.4,4,41,51,0.0055269235745072365
classifier.4,4,41,52,0.003207806032150984
classifier.4,4,41,53,0.005519012454897165
classifier.4,4,41,54,0.0022458783350884914
classifier.4,4,41,55,0.023502852767705917
classifier.4,4,41,56,0.00038654590025544167
classifier.4,4,41,57,0.00021284133254084736
classifier.4,4,41,58,0.00011538306716829538
classifier.4,4,41,59,0.0012301555834710598
classifier.4,4,41,60,0.002728475956246257
classifier.4,4,41,61,0.00032650274806655943
classifier.4,4,42,0,0.0008256050059571862
classifier.4,4,42,1,0.00019286344468127936
classifier.4,4,42,2,0.018526535481214523
classifier.4,4,42,3,0.1798093616962433
classifier.4,4,42,4,0.003930858336389065
classifier.4,4,42,5,0.006844024173915386
classifier.4,4,42,6,0.0013359857257455587
classifier.4,4,42,7,0.05659361556172371
classifier.4,4,42,8,0.1875617355108261
classifier.4,4,42,9,0.5663275122642517
classifier.4,4,42,10,0.011450579389929771
classifier.4,4,42,11,0.03035017102956772
classifier.4,4,42,12,0.0005980763817206025
classifier.4,4,42,13,0.002865871647372842
classifier.4,4,42,14,0.012252727523446083
classifier.4,4,42,15,0.0007933047600090504
classifier.4,4,42,16,0.037129901349544525
classifier.4,4,42,17,0.003976182546466589
classifier.4,4,42,18,0.00036772305611521006
classifier.4,4,42,19,0.0001200574915856123
classifier.4,4,42,20,0.000988534651696682
classifier.4,4,42,21,0.0015130281681194901
classifier.4,4,42,22,0.0005288938991725445
classifier.4,4,42,23,0.0012030889047309756
classifier.4,4,42,24,0.000232017133384943
classifier.4,4,42,25,0.008624841459095478
classifier.4,4,42,26,0.004867437295615673
classifier.4,4,42,27,0.004551044665277004
classifier.4,4,42,28,0.021981989964842796
classifier.4,4,42,29,0.0022386484779417515
classifier.4,4,42,30,0.0010269085178151727
classifier.4,4,42,31,0.0015931457746773958
classifier.4,4,42,32,0.00012458600394893438
classifier.4,4,42,33,0.003456583945080638
classifier.4,4,42,34,0.0013256967067718506
classifier.4,4,42,35,0.00305242114700377
classifier.4,4,42,36,0.03212105482816696
classifier.4,4,42,37,0.0020563057623803616
classifier.4,4,42,38,0.0006557941087521613
classifier.4,4,42,39,0.015304269269108772
classifier.4,4,42,40,0.000596401805523783
classifier.4,4,42,41,0.003423288930207491
classifier.4,4,42,43,0.0008313094149343669
classifier.4,4,42,44,1.592608168721199e-05
classifier.4,4,42,45,0.0009615963790565729
classifier.4,4,42,46,0.0005514486110769212
classifier.4,4,42,47,0.00014928891323506832
classifier.4,4,42,48,0.00030873389914631844
classifier.4,4,42,49,0.0015694599132984877
classifier.4,4,42,50,0.0022784110624343157
classifier.4,4,42,51,0.003787596710026264
classifier.4,4,42,52,0.02713075280189514
classifier.4,4,42,53,0.0014369683340191841
classifier.4,4,42,54,0.012316128239035606
classifier.4,4,42,55,0.0015657143667340279
classifier.4,4,42,56,0.00063966034213081
classifier.4,4,42,57,0.0005320042255334556
classifier.4,4,42,58,0.00030926972976885736
classifier.4,4,42,59,0.0015580577310174704
classifier.4,4,42,60,0.0032247607596218586
classifier.4,4,42,61,0.005522558465600014
classifier.4,4,43,0,0.0017696211580187082
classifier.4,4,43,1,0.001206416985951364
classifier.4,4,43,2,0.009559190832078457
classifier.4,4,43,3,0.003929139580577612
classifier.4,4,43,4,0.007502838969230652
classifier.4,4,43,5,0.005469196476042271
classifier.4,4,43,6,0.03460482507944107
classifier.4,4,43,7,0.02851954661309719
classifier.4,4,43,8,0.006942947395145893
classifier.4,4,43,9,0.004102233797311783
classifier.4,4,43,10,0.15336517989635468
classifier.4,4,43,11,0.008607383817434311
classifier.4,4,43,12,0.0022595850750803947
classifier.4,4,43,13,0.0062194885686039925
classifier.4,4,43,14,0.009188278578221798
classifier.4,4,43,15,8.558854460716248e-05
classifier.4,4,43,16,0.039401087909936905
classifier.4,4,43,17,0.13271018862724304
classifier.4,4,43,18,0.003216115292161703
classifier.4,4,43,19,0.0046494402922689915
classifier.4,4,43,20,0.008096357807517052
classifier.4,4,43,21,0.12718439102172852
classifier.4,4,43,22,0.0022035809233784676
classifier.4,4,43,23,0.04986848682165146
classifier.4,4,43,24,0.0005993886734358966
classifier.4,4,43,25,0.0024721387308090925
classifier.4,4,43,26,0.003235344775021076
classifier.4,4,43,27,0.008105418644845486
classifier.4,4,43,28,0.0009518495644442737
classifier.4,4,43,29,0.023764166980981827
classifier.4,4,43,30,0.001378414686769247
classifier.4,4,43,31,0.0025658048689365387
classifier.4,4,43,32,0.013403616845607758
classifier.4,4,43,33,0.001870767679065466
classifier.4,4,43,34,0.005175231955945492
classifier.4,4,43,35,0.005567665211856365
classifier.4,4,43,36,0.008572183549404144
classifier.4,4,43,37,0.09518570452928543
classifier.4,4,43,38,0.00192939187400043
classifier.4,4,43,39,0.005874618887901306
classifier.4,4,43,40,0.006286246702075005
classifier.4,4,43,41,0.0012134319404140115
classifier.4,4,43,42,0.0008313094149343669
classifier.4,4,43,44,0.005328932777047157
classifier.4,4,43,45,0.0044804830104112625
classifier.4,4,43,46,0.06811067461967468
classifier.4,4,43,47,0.0009467944037169218
classifier.4,4,43,48,0.005412045866250992
classifier.4,4,43,49,0.3283560872077942
classifier.4,4,43,50,0.0006934601697139442
classifier.4,4,43,51,0.0007543652318418026
classifier.4,4,43,52,0.005815812386572361
classifier.4,4,43,53,0.002619899809360504
classifier.4,4,43,54,0.00020675512496381998
classifier.4,4,43,55,0.028333071619272232
classifier.4,4,43,56,0.0019533319864422083
classifier.4,4,43,57,0.002385169267654419
classifier.4,4,43,58,0.011847435496747494
classifier.4,4,43,59,9.800074622035027e-05
classifier.4,4,43,60,0.005240512080490589
classifier.4,4,43,61,0.005450286436825991
classifier.4,4,44,0,0.00023900654923636466
classifier.4,4,44,1,0.14529326558113098
classifier.4,4,44,2,0.006286135409027338
classifier.4,4,44,3,0.005242558661848307
classifier.4,4,44,4,0.0008999841520562768
classifier.4,4,44,5,0.0004207369638606906
classifier.4,4,44,6,0.005846178624778986
classifier.4,4,44,7,0.0011118932161480188
classifier.4,4,44,8,0.00013386376667767763
classifier.4,4,44,9,0.0006579650798812509
classifier.4,4,44,10,0.0051834541372954845
classifier.4,4,44,11,0.0012645861133933067
classifier.4,4,44,12,0.0009001343278214335
classifier.4,4,44,13,0.0004646195739042014
classifier.4,4,44,14,0.0018498830031603575
classifier.4,4,44,15,0.0007355413399636745
classifier.4,4,44,16,0.004989222157746553
classifier.4,4,44,17,0.0007611821056343615
classifier.4,4,44,18,0.06712301075458527
classifier.4,4,44,19,0.035222265869379044
classifier.4,4,44,20,0.0005186766502447426
classifier.4,4,44,21,0.045317307114601135
classifier.4,4,44,22,0.00016355726984329522
classifier.4,4,44,23,0.0005193868419155478
classifier.4,4,44,24,0.0001570572203490883
classifier.4,4,44,25,0.0012068445794284344
classifier.4,4,44,26,0.00076061807340011
classifier.4,4,44,27,0.0015095887938514352
classifier.4,4,44,28,0.0009410724742338061
classifier.4,4,44,29,0.004047296941280365
classifier.4,4,44,30,0.0007791882380843163
classifier.4,4,44,31,0.0018622034694999456
classifier.4,4,44,32,0.00027564039919525385
classifier.4,4,44,33,0.0014239187585189939
classifier.4,4,44,34,0.0052075134590268135
classifier.4,4,44,35,0.006606028415262699
classifier.4,4,44,36,0.0008019958040677011
classifier.4,4,44,37,0.004669460467994213
classifier.4,4,44,38,0.0014576963149011135
classifier.4,4,44,39,0.003927418030798435
classifier.4,4,44,40,0.005136449355632067
classifier.4,4,44,41,0.0010247814934700727
classifier.4,4,44,42,1.592608168721199e-05
classifier.4,4,44,43,0.005328932777047157
classifier.4,4,44,45,0.14732962846755981
classifier.4,4,44,46,0.0006332114571705461
classifier.4,4,44,47,0.09577938914299011
classifier.4,4,44,48,1.4322222341434099e-05
classifier.4,4,44,49,0.005136104766279459
classifier.4,4,44,50,0.0002008584706345573
classifier.4,4,44,51,0.00016290292842313647
classifier.4,4,44,52,0.0006986012449488044
classifier.4,4,44,53,0.002100796438753605
classifier.4,4,44,54,0.0006472943932749331
classifier.4,4,44,55,0.004116626922041178
classifier.4,4,44,56,2.144175232388079e-05
classifier.4,4,44,57,0.0005916005466133356
classifier.4,4,44,58,1.0971372830681503e-05
classifier.4,4,44,59,0.002157751237973571
classifier.4,4,44,60,0.001021181931719184
classifier.4,4,44,61,0.0035561572294682264
classifier.4,4,45,0,6.047077476978302e-05
classifier.4,4,45,1,0.01754065416753292
classifier.4,4,45,2,0.0035051140002906322
classifier.4,4,45,3,0.030029309913516045
classifier.4,4,45,4,0.002373427152633667
classifier.4,4,45,5,0.006340081803500652
classifier.4,4,45,6,0.0008154296083375812
classifier.4,4,45,7,0.011520212516188622
classifier.4,4,45,8,0.004493639804422855
classifier.4,4,45,9,0.003662545932456851
classifier.4,4,45,10,0.0031667612493038177
classifier.4,4,45,11,0.008947636932134628
classifier.4,4,45,12,0.00038125558057799935
classifier.4,4,45,13,0.0036301985383033752
classifier.4,4,45,14,0.004217527341097593
classifier.4,4,45,15,0.001376091386191547
classifier.4,4,45,16,0.0014880932867527008
classifier.4,4,45,17,0.0026758958119899035
classifier.4,4,45,18,0.010147565975785255
classifier.4,4,45,19,0.6686091423034668
classifier.4,4,45,20,0.0005805524997413158
classifier.4,4,45,21,0.010428310371935368
classifier.4,4,45,22,0.00016362342284992337
classifier.4,4,45,23,0.0017696100985631347
classifier.4,4,45,24,0.0002832215977832675
classifier.4,4,45,25,0.0013337302953004837
classifier.4,4,45,26,0.0019470585975795984
classifier.4,4,45,27,0.0007841926999390125
classifier.4,4,45,28,0.005891707725822926
classifier.4,4,45,29,0.011794543825089931
classifier.4,4,45,30,0.00300642685033381
classifier.4,4,45,31,0.00181079120375216
classifier.4,4,45,32,0.00034885882632806897
classifier.4,4,45,33,0.0006683812825940549
classifier.4,4,45,34,0.0022269180044531822
classifier.4,4,45,35,0.003494627308100462
classifier.4,4,45,36,0.005518944002687931
classifier.4,4,45,37,0.0010174885392189026
classifier.4,4,45,38,0.00037178717320784926
classifier.4,4,45,39,0.04315900802612305
classifier.4,4,45,40,0.004356254357844591
classifier.4,4,45,41,0.002514016581699252
classifier.4,4,45,42,0.0009615963790565729
classifier.4,4,45,43,0.0044804830104112625
classifier.4,4,45,44,0.14732962846755981
classifier.4,4,45,46,0.0006222942611202598
classifier.4,4,45,47,0.014286138117313385
classifier.4,4,45,48,0.0001347910874756053
classifier.4,4,45,49,0.0033531461376696825
classifier.4,4,45,50,0.00213871942833066
classifier.4,4,45,51,0.0005177720449864864
classifier.4,4,45,52,9.743031114339828e-05
classifier.4,4,45,53,0.006548638921231031
classifier.4,4,45,54,0.008423668332397938
classifier.4,4,45,55,0.005910382606089115
classifier.4,4,45,56,0.0031048899982124567
classifier.4,4,45,57,0.0010533316526561975
classifier.4,4,45,58,0.000318063423037529
classifier.4,4,45,59,0.001019462593831122
classifier.4,4,45,60,7.349543739110231e-05
classifier.4,4,45,61,0.003673290368169546
classifier.4,4,46,0,6.907103670528159e-05
classifier.4,4,46,1,0.0004125380073674023
classifier.4,4,46,2,0.0011698432499542832
classifier.4,4,46,3,0.0008868352742865682
classifier.4,4,46,4,0.002480524592101574
classifier.4,4,46,5,0.0006130081019364297
classifier.4,4,46,6,0.005161432549357414
classifier.4,4,46,7,0.0009645227110013366
classifier.4,4,46,8,0.00046324427239596844
classifier.4,4,46,9,0.0004434838192537427
classifier.4,4,46,10,0.0037789251655340195
classifier.4,4,46,11,0.0010013384744524956
classifier.4,4,46,12,0.0017604455351829529
classifier.4,4,46,13,0.0005913763307034969
classifier.4,4,46,14,0.007497458253055811
classifier.4,4,46,15,0.0005761063657701015
classifier.4,4,46,16,0.002547557232901454
classifier.4,4,46,17,0.013475061394274235
classifier.4,4,46,18,0.0001702856970950961
classifier.4,4,46,19,0.0005052147898823023
classifier.4,4,46,20,0.9403418898582458
classifier.4,4,46,21,0.03089335188269615
classifier.4,4,46,22,0.0006162696518003941
classifier.4,4,46,23,0.0037814537063241005
classifier.4,4,46,24,4.726426777779125e-05
classifier.4,4,46,25,0.0008291004924103618
classifier.4,4,46,26,0.0007940345676615834
classifier.4,4,46,27,0.028096279129385948
classifier.4,4,46,28,9.328939631814137e-05
classifier.4,4,46,29,0.0058873300440609455
classifier.4,4,46,30,0.0006107768858782947
classifier.4,4,46,31,0.00028019037563353777
classifier.4,4,46,32,0.00043123820796608925
classifier.4,4,46,33,0.008100390434265137
classifier.4,4,46,34,0.0010848125675693154
classifier.4,4,46,35,0.0004443493962753564
classifier.4,4,46,36,0.00143364816904068
classifier.4,4,46,37,0.007817055098712444
classifier.4,4,46,38,0.0007925091776996851
classifier.4,4,46,39,0.0009894809918478131
classifier.4,4,46,40,0.0058515919372439384
classifier.4,4,46,41,0.0004817172302864492
classifier.4,4,46,42,0.0005514486110769212
classifier.4,4,46,43,0.06811067461967468
classifier.4,4,46,44,0.0006332114571705461
classifier.4,4,46,45,0.0006222942611202598
classifier.4,4,46,47,0.0001626757439225912
classifier.4,4,46,48,0.000703546917065978
classifier.4,4,46,49,0.007972939871251583
classifier.4,4,46,50,7.442160131176934e-05
classifier.4,4,46,51,0.000872273463755846
classifier.4,4,46,52,0.00028505208319984376
classifier.4,4,46,53,0.015032471157610416
classifier.4,4,46,54,8.072046330198646e-05
classifier.4,4,46,55,0.007401954848319292
classifier.4,4,46,56,3.798282705247402e-06
classifier.4,4,46,57,0.0005652947584167123
classifier.4,4,46,58,0.000542982597835362
classifier.4,4,46,59,0.012714497745037079
classifier.4,4,46,60,0.0015590451657772064
classifier.4,4,46,61,0.0009067573118954897
classifier.4,4,47,0,2.5296423700638115e-05
classifier.4,4,47,1,0.8352705836296082
classifier.4,4,47,2,0.0005008584121242166
classifier.4,4,47,3,0.000838003761600703
classifier.4,4,47,4,0.000373038521502167
classifier.4,4,47,5,0.00026562713901512325
classifier.4,4,47,6,0.001740530482493341
classifier.4,4,47,7,0.00715272780507803
classifier.4,4,47,8,0.0008501740521751344
classifier.4,4,47,9,0.0007655165973119438
classifier.4,4,47,10,0.0062581198289990425
classifier.4,4,47,11,6.431507063098252e-05
classifier.4,4,47,12,0.0006883195601403713
classifier.4,4,47,13,0.00010832463158294559
classifier.4,4,47,14,0.0003206372493878007
classifier.4,4,47,15,0.00012757442891597748
classifier.4,4,47,16,0.00021641733474098146
classifier.4,4,47,17,0.00014848526916466653
classifier.4,4,47,18,0.08920358121395111
classifier.4,4,47,19,0.011576815508306026
classifier.4,4,47,20,0.00012292938481550664
classifier.4,4,47,21,0.11577275395393372
classifier.4,4,47,22,9.49293898884207e-05
classifier.4,4,47,23,7.523031672462821e-05
classifier.4,4,47,24,7.86872988101095e-06
classifier.4,4,47,25,0.0003970511897932738
classifier.4,4,47,26,4.060276478412561e-05
classifier.4,4,47,27,2.819579094648361e-07
classifier.4,4,47,28,0.0005454350030049682
classifier.4,4,47,29,0.003542859572917223
classifier.4,4,47,30,0.00016620455426163971
classifier.4,4,47,31,0.0004309842479415238
classifier.4,4,47,32,2.795921318465844e-06
classifier.4,4,47,33,0.0002626521745696664
classifier.4,4,47,34,0.0020306971855461597
classifier.4,4,47,35,0.0025150130968540907
classifier.4,4,47,36,0.0003268630534876138
classifier.4,4,47,37,0.0003176229365635663
classifier.4,4,47,38,4.399544559419155e-05
classifier.4,4,47,39,0.0008005592972040176
classifier.4,4,47,40,0.005946853198111057
classifier.4,4,47,41,6.893549289088696e-05
classifier.4,4,47,42,0.00014928891323506832
classifier.4,4,47,43,0.0009467944037169218
classifier.4,4,47,44,0.09577938914299011
classifier.4,4,47,45,0.014286138117313385
classifier.4,4,47,46,0.0001626757439225912
classifier.4,4,47,48,9.746996511239558e-06
classifier.4,4,47,49,0.001246302854269743
classifier.4,4,47,50,4.0174989408114925e-05
classifier.4,4,47,51,4.297142004361376e-05
classifier.4,4,47,52,0.0007282746373675764
classifier.4,4,47,53,0.003201216459274292
classifier.4,4,47,54,7.630311301909387e-06
classifier.4,4,47,55,0.002397162141278386
classifier.4,4,47,56,3.080740862060338e-05
classifier.4,4,47,57,0.00016342417802661657
classifier.4,4,47,58,1.7199181456817314e-06
classifier.4,4,47,59,0.00026797864120453596
classifier.4,4,47,60,0.0005363498348742723
classifier.4,4,47,61,0.0013483967632055283
classifier.4,4,48,0,0.000283566681900993
classifier.4,4,48,1,8.086229172477033e-06
classifier.4,4,48,2,0.0002483671996742487
classifier.4,4,48,3,0.0001332466199528426
classifier.4,4,48,4,0.0021784077398478985
classifier.4,4,48,5,1.5065221305121668e-05
classifier.4,4,48,6,0.00015293527394533157
classifier.4,4,48,7,0.0035808486863970757
classifier.4,4,48,8,0.0001136279825004749
classifier.4,4,48,9,0.0009151659905910492
classifier.4,4,48,10,0.018722154200077057
classifier.4,4,48,11,0.00019844328926410526
classifier.4,4,48,12,1.5916502889012918e-05
classifier.4,4,48,13,0.0003118922468274832
classifier.4,4,48,14,2.2804179025115445e-05
classifier.4,4,48,15,0.00012027262710034847
classifier.4,4,48,16,0.00010262800788041204
classifier.4,4,48,17,0.041118696331977844
classifier.4,4,48,18,2.5844692572718486e-05
classifier.4,4,48,19,7.852392445784062e-05
classifier.4,4,48,20,0.002689907792955637
classifier.4,4,48,21,7.904941594460979e-05
classifier.4,4,48,22,0.9830670952796936
classifier.4,4,48,23,0.03504560887813568
classifier.4,4,48,24,7.4934559961548075e-06
classifier.4,4,48,25,0.00022188795264810324
classifier.4,4,48,26,0.0005680719041265547
classifier.4,4,48,27,0.0018288426799699664
classifier.4,4,48,28,1.6640744888718473e-06
classifier.4,4,48,29,3.4688364394241944e-05
classifier.4,4,48,30,0.003451112424954772
classifier.4,4,48,31,0.0004226304008625448
classifier.4,4,48,32,0.0025455188006162643
classifier.4,4,48,33,0.0003723680565599352
classifier.4,4,48,34,0.0011819466017186642
classifier.4,4,48,35,3.964211282436736e-05
classifier.4,4,48,36,0.0005968500627204776
classifier.4,4,48,37,9.215230966219679e-05
classifier.4,4,48,38,1.7142543811132782e-06
classifier.4,4,48,39,0.001107534160837531
classifier.4,4,48,40,5.6987959396792576e-05
classifier.4,4,48,41,7.096464105416089e-05
classifier.4,4,48,42,0.00030873389914631844
classifier.4,4,48,43,0.005412045866250992
classifier.4,4,48,44,1.4322222341434099e-05
classifier.4,4,48,45,0.0001347910874756053
classifier.4,4,48,46,0.000703546917065978
classifier.4,4,48,47,9.746996511239558e-06
classifier.4,4,48,49,0.02160852961242199
classifier.4,4,48,50,8.4050352597842e-06
classifier.4,4,48,51,4.931383591610938e-05
classifier.4,4,48,52,0.00035744329215958714
classifier.4,4,48,53,0.001257451600395143
classifier.4,4,48,54,7.628591993125156e-05
classifier.4,4,48,55,0.0005219822051003575
classifier.4,4,48,56,3.1261210097e-05
classifier.4,4,48,57,0.0003978173772338778
classifier.4,4,48,58,0.0010295941028743982
classifier.4,4,48,59,0.0004518917412497103
classifier.4,4,48,60,0.0023282612673938274
classifier.4,4,48,61,0.00011671022366499528
classifier.4,4,49,0,0.009223412722349167
classifier.4,4,49,1,0.007225615903735161
classifier.4,4,49,2,0.005645206198096275
classifier.4,4,49,3,0.004785677418112755
classifier.4,4,49,4,0.051059283316135406
classifier.4,4,49,5,0.0026637990958988667
classifier.4,4,49,6,0.004822502378374338
classifier.4,4,49,7,0.15350453555583954
classifier.4,4,49,8,0.0031088865362107754
classifier.4,4,49,9,0.0029370184056460857
classifier.4,4,49,10,0.05346549674868584
classifier.4,4,49,11,0.003868261817842722
classifier.4,4,49,12,0.0009631210705265403
classifier.4,4,49,13,0.00884432066231966
classifier.4,4,49,14,0.0016361370217055082
classifier.4,4,49,15,0.00536351278424263
classifier.4,4,49,16,0.0016153308097273111
classifier.4,4,49,17,0.02251364476978779
classifier.4,4,49,18,0.017779747024178505
classifier.4,4,49,19,0.002769974758848548
classifier.4,4,49,20,0.004584701731801033
classifier.4,4,49,21,0.013135550543665886
classifier.4,4,49,22,0.09414811432361603
classifier.4,4,49,23,0.5023249387741089
classifier.4,4,49,24,0.0008483047131448984
classifier.4,4,49,25,0.0018085414776578546
classifier.4,4,49,26,0.010546835139393806
classifier.4,4,49,27,0.03578581660985947
classifier.4,4,49,28,0.0003906977945007384
classifier.4,4,49,29,0.009310081601142883
classifier.4,4,49,30,0.005877862684428692
classifier.4,4,49,31,0.006807544268667698
classifier.4,4,49,32,0.0157367791980505
classifier.4,4,49,33,0.003618640825152397
classifier.4,4,49,34,0.005158461630344391
classifier.4,4,49,35,0.005022568628191948
classifier.4,4,49,36,0.023709261789917946
classifier.4,4,49,37,0.010363788343966007
classifier.4,4,49,38,0.00012822427379433066
classifier.4,4,49,39,0.012721460312604904
classifier.4,4,49,40,0.003433138132095337
classifier.4,4,49,41,0.000925264204852283
classifier.4,4,49,42,0.0015694599132984877
classifier.4,4,49,43,0.3283560872077942
classifier.4,4,49,44,0.005136104766279459
classifier.4,4,49,45,0.0033531461376696825
classifier.4,4,49,46,0.007972939871251583
classifier.4,4,49,47,0.001246302854269743
classifier.4,4,49,48,0.02160852961242199
classifier.4,4,49,50,0.0025795670226216316
classifier.4,4,49,51,0.0014855428598821163
classifier.4,4,49,52,0.00205948855727911
classifier.4,4,49,53,0.1449870765209198
classifier.4,4,49,54,0.000848358147777617
classifier.4,4,49,55,0.0035738206934183836
classifier.4,4,49,56,0.006283060647547245
classifier.4,4,49,57,0.0019934000447392464
classifier.4,4,49,58,0.0037798185367137194
classifier.4,4,49,59,0.0037419928703457117
classifier.4,4,49,60,0.002170178107917309
classifier.4,4,49,61,0.003547724336385727
classifier.4,4,50,0,0.13390183448791504
classifier.4,4,50,1,0.00010526713595027104
classifier.4,4,50,2,0.000650050409603864
classifier.4,4,50,3,0.0214836448431015
classifier.4,4,50,4,0.000706291408278048
classifier.4,4,50,5,0.0002916216617450118
classifier.4,4,50,6,0.0025234243366867304
classifier.4,4,50,7,0.0028993231244385242
classifier.4,4,50,8,0.004002824425697327
classifier.4,4,50,9,0.0014960062690079212
classifier.4,4,50,10,0.0005001958925276995
classifier.4,4,50,11,0.013008654117584229
classifier.4,4,50,12,0.005006353370845318
classifier.4,4,50,13,0.1877622902393341
classifier.4,4,50,14,0.0029653399251401424
classifier.4,4,50,15,0.0004010833508800715
classifier.4,4,50,16,0.0045142704620957375
classifier.4,4,50,17,0.00019432403496466577
classifier.4,4,50,18,6.172267603687942e-06
classifier.4,4,50,19,0.00418148934841156
classifier.4,4,50,20,6.014123573550023e-05
classifier.4,4,50,21,0.0006799292750656605
classifier.4,4,50,22,3.1680858228355646e-05
classifier.4,4,50,23,0.00010517955524846911
classifier.4,4,50,24,0.08122935891151428
classifier.4,4,50,25,0.0038718590512871742
classifier.4,4,50,26,0.055878642946481705
classifier.4,4,50,27,0.001134508172981441
classifier.4,4,50,28,0.00017326476518064737
classifier.4,4,50,29,0.0003337977104820311
classifier.4,4,50,30,0.013199607841670513
classifier.4,4,50,31,0.0015799603424966335
classifier.4,4,50,32,0.0003620811039581895
classifier.4,4,50,33,6.114620919106528e-05
classifier.4,4,50,34,0.0003492940159048885
classifier.4,4,50,35,0.0003078517329413444
classifier.4,4,50,36,0.03282094746828079
classifier.4,4,50,37,0.003725889604538679
classifier.4,4,50,38,0.0047543770633637905
classifier.4,4,50,39,0.008692371658980846
classifier.4,4,50,40,0.002209062222391367
classifier.4,4,50,41,0.0002159492578357458
classifier.4,4,50,42,0.0022784110624343157
classifier.4,4,50,43,0.0006934601697139442
classifier.4,4,50,44,0.0002008584706345573
classifier.4,4,50,45,0.00213871942833066
classifier.4,4,50,46,7.442160131176934e-05
classifier.4,4,50,47,4.0174989408114925e-05
classifier.4,4,50,48,8.4050352597842e-06
classifier.4,4,50,49,0.0025795670226216316
classifier.4,4,50,51,0.0038545432034879923
classifier.4,4,50,52,0.0021517062559723854
classifier.4,4,50,53,8.57883132994175e-05
classifier.4,4,50,54,0.001067156670615077
classifier.4,4,50,55,3.3895717933773994e-05
classifier.4,4,50,56,0.003256256692111492
classifier.4,4,50,57,9.891745139611885e-05
classifier.4,4,50,58,0.0001572781620780006
classifier.4,4,50,59,6.373508949764073e-05
classifier.4,4,50,60,0.0002761174109764397
classifier.4,4,50,61,0.00036764139076694846
classifier.4,4,51,0,0.002166306134313345
classifier.4,4,51,1,0.0001467497058911249
classifier.4,4,51,2,7.482711225748062e-05
classifier.4,4,51,3,0.002465209923684597
classifier.4,4,51,4,0.0013847063528373837
classifier.4,4,51,5,0.0004739996511489153
classifier.4,4,51,6,0.0005831260932609439
classifier.4,4,51,7,0.006053203251212835
classifier.4,4,51,8,0.07858455926179886
classifier.4,4,51,9,0.0009117609588429332
classifier.4,4,51,10,0.007126485928893089
classifier.4,4,51,11,0.006104134023189545
classifier.4,4,51,12,0.003994939848780632
classifier.4,4,51,13,0.015343374572694302
classifier.4,4,51,14,0.007364786230027676
classifier.4,4,51,15,0.02221318520605564
classifier.4,4,51,16,0.0010221360716968775
classifier.4,4,51,17,0.002386054489761591
classifier.4,4,51,18,6.955655408091843e-05
classifier.4,4,51,19,0.000494391075335443
classifier.4,4,51,20,0.0023903315886855125
classifier.4,4,51,21,0.0007513346499763429
classifier.4,4,51,22,6.6065025748685e-05
classifier.4,4,51,23,0.001764157903380692
classifier.4,4,51,24,0.0005363384261727333
classifier.4,4,51,25,0.9560002684593201
classifier.4,4,51,26,0.0014686820795759559
classifier.4,4,51,27,0.0031535974703729153
classifier.4,4,51,28,0.00019318419799674302
classifier.4,4,51,29,0.006632078438997269
classifier.4,4,51,30,0.0007057333714328706
classifier.4,4,51,31,0.0036667450331151485
classifier.4,4,51,32,3.842949809040874e-06
classifier.4,4,51,33,0.00031760043930262327
classifier.4,4,51,34,0.002018275437876582
classifier.4,4,51,35,0.0003442255547270179
classifier.4,4,51,36,0.002935726661235094
classifier.4,4,51,37,0.000169884180650115
classifier.4,4,51,38,0.0010065921815112233
classifier.4,4,51,39,0.001570903928950429
classifier.4,4,51,40,0.012976298108696938
classifier.4,4,51,41,0.0055269235745072365
classifier.4,4,51,42,0.003787596710026264
classifier.4,4,51,43,0.0007543652318418026
classifier.4,4,51,44,0.00016290292842313647
classifier.4,4,51,45,0.0005177720449864864
classifier.4,4,51,46,0.000872273463755846
classifier.4,4,51,47,4.297142004361376e-05
classifier.4,4,51,48,4.931383591610938e-05
classifier.4,4,51,49,0.0014855428598821163
classifier.4,4,51,50,0.0038545432034879923
classifier.4,4,51,52,0.001169736497104168
classifier.4,4,51,53,0.0016010318649932742
classifier.4,4,51,54,5.485976726049557e-05
classifier.4,4,51,55,0.0016298436094075441
classifier.4,4,51,56,0.00019085817621089518
classifier.4,4,51,57,0.0002695402945391834
classifier.4,4,51,58,7.423954957630485e-05
classifier.4,4,51,59,0.0008840183727443218
classifier.4,4,51,60,0.0010334592079743743
classifier.4,4,51,61,0.0005086312303319573
classifier.4,4,52,0,0.00016661162953823805
classifier.4,4,52,1,0.0011843903921544552
classifier.4,4,52,2,0.00034230761229991913
classifier.4,4,52,3,0.04102446883916855
classifier.4,4,52,4,0.0009584808722138405
classifier.4,4,52,5,0.001972643658518791
classifier.4,4,52,6,0.0004157016519457102
classifier.4,4,52,7,0.04727085679769516
classifier.4,4,52,8,0.22036752104759216
classifier.4,4,52,9,0.6615036129951477
classifier.4,4,52,10,0.0014698468148708344
classifier.4,4,52,11,0.04030461609363556
classifier.4,4,52,12,0.000716250273399055
classifier.4,4,52,13,0.0028152319137007
classifier.4,4,52,14,0.009721139445900917
classifier.4,4,52,15,0.0010256159584969282
classifier.4,4,52,16,0.007182339206337929
classifier.4,4,52,17,0.00477627431973815
classifier.4,4,52,18,0.001079218345694244
classifier.4,4,52,19,0.0018796906806528568
classifier.4,4,52,20,0.0003944975323975086
classifier.4,4,52,21,0.0009800184052437544
classifier.4,4,52,22,0.0005320076597854495
classifier.4,4,52,23,0.0009833886288106441
classifier.4,4,52,24,0.0005515546654351056
classifier.4,4,52,25,0.009210348129272461
classifier.4,4,52,26,0.02853911742568016
classifier.4,4,52,27,0.0013147448189556599
classifier.4,4,52,28,0.0022436711005866528
classifier.4,4,52,29,0.0010454162256792188
classifier.4,4,52,30,0.000795440748333931
classifier.4,4,52,31,0.001128853065893054
classifier.4,4,52,32,0.0002066840388579294
classifier.4,4,52,33,0.0029038756620138884
classifier.4,4,52,34,0.007680545561015606
classifier.4,4,52,35,7.400615140795708e-05
classifier.4,4,52,36,0.03463773429393768
classifier.4,4,52,37,0.002479572780430317
classifier.4,4,52,38,0.00022886713850311935
classifier.4,4,52,39,0.007696039043366909
classifier.4,4,52,40,0.004172359127551317
classifier.4,4,52,41,0.003207806032150984
classifier.4,4,52,42,0.02713075280189514
classifier.4,4,52,43,0.005815812386572361
classifier.4,4,52,44,0.0006986012449488044
classifier.4,4,52,45,9.743031114339828e-05
classifier.4,4,52,46,0.00028505208319984376
classifier.4,4,52,47,0.0007282746373675764
classifier.4,4,52,48,0.00035744329215958714
classifier.4,4,52,49,0.00205948855727911
classifier.4,4,52,50,0.0021517062559723854
classifier.4,4,52,51,0.001169736497104168
classifier.4,4,52,53,0.007678409107029438
classifier.4,4,52,54,0.002096928423270583
classifier.4,4,52,55,0.0010686106979846954
classifier.4,4,52,56,0.0008860169327817857
classifier.4,4,52,57,0.0003091077960561961
classifier.4,4,52,58,0.00015526571951340884
classifier.4,4,52,59,0.0013331352965906262
classifier.4,4,52,60,0.008417176082730293
classifier.4,4,52,61,0.00033169856760650873
classifier.4,4,53,0,0.0028233476914465427
classifier.4,4,53,1,0.00652919290587306
classifier.4,4,53,2,0.007222197018563747
classifier.4,4,53,3,0.008640555664896965
classifier.4,4,53,4,0.016134075820446014
classifier.4,4,53,5,0.024314453825354576
classifier.4,4,53,6,0.0007645268924534321
classifier.4,4,53,7,0.024668937548995018
classifier.4,4,53,8,0.05364234745502472
classifier.4,4,53,9,0.0012619892368093133
classifier.4,4,53,10,0.001224322710186243
classifier.4,4,53,11,0.031085312366485596
classifier.4,4,53,12,0.00033284910023212433
classifier.4,4,53,13,0.0035866862162947655
classifier.4,4,53,14,0.026614969596266747
classifier.4,4,53,15,0.045551665127277374
classifier.4,4,53,16,0.0051265899091959
classifier.4,4,53,17,0.00501512736082077
classifier.4,4,53,18,0.006471965461969376
classifier.4,4,53,19,0.010886846110224724
classifier.4,4,53,20,0.0038104895502328873
classifier.4,4,53,21,0.009477823972702026
classifier.4,4,53,22,0.005061797332018614
classifier.4,4,53,23,0.0011852956376969814
classifier.4,4,53,24,0.0023385786917060614
classifier.4,4,53,25,0.026514416560530663
classifier.4,4,53,26,0.0067956577986478806
classifier.4,4,53,27,0.20801331102848053
classifier.4,4,53,28,0.0015545748174190521
classifier.4,4,53,29,0.15504422783851624
classifier.4,4,53,30,0.008413453586399555
classifier.4,4,53,31,0.07258324325084686
classifier.4,4,53,32,0.0025510061532258987
classifier.4,4,53,33,0.0031044501811265945
classifier.4,4,53,34,0.04906288534402847
classifier.4,4,53,35,0.0021997173316776752
classifier.4,4,53,36,0.006193547509610653
classifier.4,4,53,37,0.0028540974017232656
classifier.4,4,53,38,0.008672494441270828
classifier.4,4,53,39,0.009473590180277824
classifier.4,4,53,40,0.03899258002638817
classifier.4,4,53,41,0.005519012454897165
classifier.4,4,53,42,0.0014369683340191841
classifier.4,4,53,43,0.002619899809360504
classifier.4,4,53,44,0.002100796438753605
classifier.4,4,53,45,0.006548638921231031
classifier.4,4,53,46,0.015032471157610416
classifier.4,4,53,47,0.003201216459274292
classifier.4,4,53,48,0.001257451600395143
classifier.4,4,53,49,0.1449870765209198
classifier.4,4,53,50,8.57883132994175e-05
classifier.4,4,53,51,0.0016010318649932742
classifier.4,4,53,52,0.007678409107029438
classifier.4,4,53,54,0.0015742764808237553
classifier.4,4,53,55,0.02295146882534027
classifier.4,4,53,56,0.0015568119706586003
classifier.4,4,53,57,0.012143947184085846
classifier.4,4,53,58,0.001106564304791391
classifier.4,4,53,59,0.021619675680994987
classifier.4,4,53,60,0.013489967212080956
classifier.4,4,53,61,0.0019277086248621345
classifier.4,4,54,0,0.00041852984577417374
classifier.4,4,54,1,0.002078631892800331
classifier.4,4,54,2,0.0001842002384364605
classifier.4,4,54,3,0.009263638406991959
classifier.4,4,54,4,8.729002729523927e-05
classifier.4,4,54,5,0.23541969060897827
classifier.4,4,54,6,0.005320645868778229
classifier.4,4,54,7,0.0010704394662752748
classifier.4,4,54,8,0.00926603376865387
classifier.4,4,54,9,7.564469706267118e-05
classifier.4,4,54,10,0.0017018418293446302
classifier.4,4,54,11,0.0035347454249858856
classifier.4,4,54,12,0.0007903218502178788
classifier.4,4,54,13,7.239729166030884e-05
classifier.4,4,54,14,0.00988009013235569
classifier.4,4,54,15,0.009352708235383034
classifier.4,4,54,16,0.005065234377980232
classifier.4,4,54,17,0.0009337772498838603
classifier.4,4,54,18,0.0015677553601562977
classifier.4,4,54,19,0.032903216779232025
classifier.4,4,54,20,0.00011509693285916
classifier.4,4,54,21,0.0003525806241668761
classifier.4,4,54,22,0.00012681365478783846
classifier.4,4,54,23,0.004055372439324856
classifier.4,4,54,24,9.795794903766364e-05
classifier.4,4,54,25,0.0004793849657289684
classifier.4,4,54,26,0.0017484086565673351
classifier.4,4,54,27,0.000280827924143523
classifier.4,4,54,28,0.774286687374115
classifier.4,4,54,29,0.00039388189907185733
classifier.4,4,54,30,3.5633231163956225e-05
classifier.4,4,54,31,0.000216257554711774
classifier.4,4,54,32,0.00033947869087569416
classifier.4,4,54,33,6.195480818860233e-05
classifier.4,4,54,34,0.001569450250826776
classifier.4,4,54,35,0.0003135355073027313
classifier.4,4,54,36,0.0003472416428849101
classifier.4,4,54,37,0.0009553508134558797
classifier.4,4,54,38,0.00016550786676816642
classifier.4,4,54,39,0.0010059323394671082
classifier.4,4,54,40,0.0002927000750787556
classifier.4,4,54,41,0.0022458783350884914
classifier.4,4,54,42,0.012316128239035606
classifier.4,4,54,43,0.00020675512496381998
classifier.4,4,54,44,0.0006472943932749331
classifier.4,4,54,45,0.008423668332397938
classifier.4,4,54,46,8.072046330198646e-05
classifier.4,4,54,47,7.630311301909387e-06
classifier.4,4,54,48,7.628591993125156e-05
classifier.4,4,54,49,0.000848358147777617
classifier.4,4,54,50,0.001067156670615077
classifier.4,4,54,51,5.485976726049557e-05
classifier.4,4,54,52,0.002096928423270583
classifier.4,4,54,53,0.0015742764808237553
classifier.4,4,54,55,0.0004772798565682024
classifier.4,4,54,56,0.00011517797247506678
classifier.4,4,54,57,0.00012126812362112105
classifier.4,4,54,58,0.0035984721034765244
classifier.4,4,54,59,5.394555046223104e-06
classifier.4,4,54,60,0.00034546764800325036
classifier.4,4,54,61,0.0004471613501664251
classifier.4,4,55,0,0.00011668015213217586
classifier.4,4,55,1,0.003383008297532797
classifier.4,4,55,2,0.004048197064548731
classifier.4,4,55,3,0.0019527642289176583
classifier.4,4,55,4,0.11288967728614807
classifier.4,4,55,5,0.00012757908552885056
classifier.4,4,55,6,0.07122421264648438
classifier.4,4,55,7,0.027540739625692368
classifier.4,4,55,8,0.002241661539301276
classifier.4,4,55,9,0.006103948224335909
classifier.4,4,55,10,0.029746200889348984
classifier.4,4,55,11,0.0036563007161021233
classifier.4,4,55,12,0.003983532544225454
classifier.4,4,55,13,0.0011882823891937733
classifier.4,4,55,14,0.052916523069143295
classifier.4,4,55,15,0.06138618662953377
classifier.4,4,55,16,0.03726769983768463
classifier.4,4,55,17,0.0034362124279141426
classifier.4,4,55,18,0.006529516540467739
classifier.4,4,55,19,0.011132585816085339
classifier.4,4,55,20,0.0011111812200397253
classifier.4,4,55,21,0.02358970232307911
classifier.4,4,55,22,0.0004948762361891568
classifier.4,4,55,23,0.001753295655362308
classifier.4,4,55,24,6.780328112654388e-05
classifier.4,4,55,25,0.0006519337184727192
classifier.4,4,55,26,0.0020684644114226103
classifier.4,4,55,27,0.004761189222335815
classifier.4,4,55,28,0.0022956314496695995
classifier.4,4,55,29,0.8320232629776001
classifier.4,4,55,30,0.004663257859647274
classifier.4,4,55,31,0.0013854365097358823
classifier.4,4,55,32,0.0019000116735696793
classifier.4,4,55,33,0.0019247995223850012
classifier.4,4,55,34,0.0277803186327219
classifier.4,4,55,35,0.0022612446919083595
classifier.4,4,55,36,0.003492427058517933
classifier.4,4,55,37,0.02453453093767166
classifier.4,4,55,38,0.001999461557716131
classifier.4,4,55,39,0.03921684995293617
classifier.4,4,55,40,0.13906098902225494
classifier.4,4,55,41,0.023502852767705917
classifier.4,4,55,42,0.0015657143667340279
classifier.4,4,55,43,0.028333071619272232
classifier.4,4,55,44,0.004116626922041178
classifier.4,4,55,45,0.005910382606089115
classifier.4,4,55,46,0.007401954848319292
classifier.4,4,55,47,0.002397162141278386
classifier.4,4,55,48,0.0005219822051003575
classifier.4,4,55,49,0.0035738206934183836
classifier.4,4,55,50,3.3895717933773994e-05
classifier.4,4,55,51,0.0016298436094075441
classifier.4,4,55,52,0.0010686106979846954
classifier.4,4,55,53,0.02295146882534027
classifier.4,4,55,54,0.0004772798565682024
classifier.4,4,55,56,0.002089556073769927
classifier.4,4,55,57,0.0010607480071485043
classifier.4,4,55,58,0.0003838349075522274
classifier.4,4,55,59,0.003267898689955473
classifier.4,4,55,60,0.015528145246207714
classifier.4,4,55,61,0.02278967574238777
classifier.4,4,56,0,0.00900088157504797
classifier.4,4,56,1,3.445277252467349e-05
classifier.4,4,56,2,0.0004447604878805578
classifier.4,4,56,3,0.0006337774102576077
classifier.4,4,56,4,0.022261735051870346
classifier.4,4,56,5,1.0181196557823569e-05
classifier.4,4,56,6,0.010354291647672653
classifier.4,4,56,7,0.0010412551928311586
classifier.4,4,56,8,0.0032202505972236395
classifier.4,4,56,9,0.004271486774086952
classifier.4,4,56,10,0.0038205247838050127
classifier.4,4,56,11,0.0005319259944371879
classifier.4,4,56,12,0.0004949491121806204
classifier.4,4,56,13,0.017721811309456825
classifier.4,4,56,14,0.0004932679003104568
classifier.4,4,56,15,0.0006050019292160869
classifier.4,4,56,16,0.002230023965239525
classifier.4,4,56,17,0.01654144562780857
classifier.4,4,56,18,2.8712573111988604e-05
classifier.4,4,56,19,0.015584869310259819
classifier.4,4,56,20,0.0012466111220419407
classifier.4,4,56,21,0.0010741149308159947
classifier.4,4,56,22,0.0005068359896540642
classifier.4,4,56,23,0.010392861440777779
classifier.4,4,56,24,0.0010022830683737993
classifier.4,4,56,25,0.00039257726166397333
classifier.4,4,56,26,0.0032654155511409044
classifier.4,4,56,27,0.001300508389249444
classifier.4,4,56,28,5.2736373618245125e-05
classifier.4,4,56,29,0.00012470468936953694
classifier.4,4,56,30,0.9233386516571045
classifier.4,4,56,31,0.06739549338817596
classifier.4,4,56,32,0.009527004323899746
classifier.4,4,56,33,0.0034259457606822252
classifier.4,4,56,34,0.007528388872742653
classifier.4,4,56,35,0.00016280525596812367
classifier.4,4,56,36,0.007622983306646347
classifier.4,4,56,37,0.0022581079974770546
classifier.4,4,56,38,0.00032130422187037766
classifier.4,4,56,39,0.020497223362326622
classifier.4,4,56,40,0.0006354888319037855
classifier.4,4,56,41,0.00038654590025544167
classifier.4,4,56,42,0.00063966034213081
classifier.4,4,56,43,0.0019533319864422083
classifier.4,4,56,44,2.144175232388079e-05
classifier.4,4,56,45,0.0031048899982124567
classifier.4,4,56,46,3.798282705247402e-06
classifier.4,4,56,47,3.080740862060338e-05
classifier.4,4,56,48,3.1261210097e-05
classifier.4,4,56,49,0.006283060647547245
classifier.4,4,56,50,0.003256256692111492
classifier.4,4,56,51,0.00019085817621089518
classifier.4,4,56,52,0.0008860169327817857
classifier.4,4,56,53,0.0015568119706586003
classifier.4,4,56,54,0.00011517797247506678
classifier.4,4,56,55,0.002089556073769927
classifier.4,4,56,57,0.02836109697818756
classifier.4,4,56,58,0.0010797078721225262
classifier.4,4,56,59,0.0015743682160973549
classifier.4,4,56,60,0.008780836127698421
classifier.4,4,56,61,5.380020593293011e-05
classifier.4,4,57,0,0.001437466242350638
classifier.4,4,57,1,0.00018946887576021254
classifier.4,4,57,2,0.00010590362217044458
classifier.4,4,57,3,0.002008633455261588
classifier.4,4,57,4,0.0034733512438833714
classifier.4,4,57,5,0.00043673743493855
classifier.4,4,57,6,0.00042538903653621674
classifier.4,4,57,7,0.0018638544715940952
classifier.4,4,57,8,0.003054661676287651
classifier.4,4,57,9,0.0006290343590080738
classifier.4,4,57,10,0.0015874647069722414
classifier.4,4,57,11,0.0005523957661353052
classifier.4,4,57,12,0.00023384997621178627
classifier.4,4,57,13,0.0026457018684595823
classifier.4,4,57,14,0.0006832900689914823
classifier.4,4,57,15,0.0010765519691631198
classifier.4,4,57,16,0.001567585626617074
classifier.4,4,57,17,0.004354782402515411
classifier.4,4,57,18,0.00012002431321889162
classifier.4,4,57,19,0.0021660577040165663
classifier.4,4,57,20,0.0004135164199396968
classifier.4,4,57,21,0.0013748733326792717
classifier.4,4,57,22,0.0003727887524291873
classifier.4,4,57,23,0.00433080829679966
classifier.4,4,57,24,4.9360955017618835e-05
classifier.4,4,57,25,0.0011933906935155392
classifier.4,4,57,26,0.000574987381696701
classifier.4,4,57,27,0.002146269427612424
classifier.4,4,57,28,8.043169509619474e-05
classifier.4,4,57,29,0.0026191244833171368
classifier.4,4,57,30,0.05484665185213089
classifier.4,4,57,31,0.9112104177474976
classifier.4,4,57,32,0.0028870892710983753
classifier.4,4,57,33,0.0032864739187061787
classifier.4,4,57,34,0.00912455189973116
classifier.4,4,57,35,7.849180838093162e-05
classifier.4,4,57,36,0.002228820463642478
classifier.4,4,57,37,0.0017818459309637547
classifier.4,4,57,38,0.00017679925076663494
classifier.4,4,57,39,0.004236479755491018
classifier.4,4,57,40,0.0003085530479438603
classifier.4,4,57,41,0.00021284133254084736
classifier.4,4,57,42,0.0005320042255334556
classifier.4,4,57,43,0.002385169267654419
classifier.4,4,57,44,0.0005916005466133356
classifier.4,4,57,45,0.0010533316526561975
classifier.4,4,57,46,0.0005652947584167123
classifier.4,4,57,47,0.00016342417802661657
classifier.4,4,57,48,0.0003978173772338778
classifier.4,4,57,49,0.0019934000447392464
classifier.4,4,57,50,9.891745139611885e-05
classifier.4,4,57,51,0.0002695402945391834
classifier.4,4,57,52,0.0003091077960561961
classifier.4,4,57,53,0.012143947184085846
classifier.4,4,57,54,0.00012126812362112105
classifier.4,4,57,55,0.0010607480071485043
classifier.4,4,57,56,0.02836109697818756
classifier.4,4,57,58,0.0037367139011621475
classifier.4,4,57,59,0.0003768896567635238
classifier.4,4,57,60,0.0005361912772059441
classifier.4,4,57,61,1.5653327864129096e-05
classifier.4,4,58,0,0.00040008017094805837
classifier.4,4,58,1,8.039180829655379e-05
classifier.4,4,58,2,0.00012591463746502995
classifier.4,4,58,3,0.000697155948728323
classifier.4,4,58,4,0.000762393232434988
classifier.4,4,58,5,0.004085581284016371
classifier.4,4,58,6,1.3277633115649223e-05
classifier.4,4,58,7,0.0017091487534344196
classifier.4,4,58,8,0.0007596064242534339
classifier.4,4,58,9,0.00031930493423715234
classifier.4,4,58,10,0.0023400408681482077
classifier.4,4,58,11,0.00039694696897640824
classifier.4,4,58,12,0.00023232633247971535
classifier.4,4,58,13,0.0018983375048264861
classifier.4,4,58,14,0.00024362618569284678
classifier.4,4,58,15,0.00019455410074442625
classifier.4,4,58,16,0.0020068041048943996
classifier.4,4,58,17,0.02222958579659462
classifier.4,4,58,18,1.0134461263078265e-05
classifier.4,4,58,19,0.0010520187206566334
classifier.4,4,58,20,0.0023746145889163017
classifier.4,4,58,21,0.0008441637037321925
classifier.4,4,58,22,0.004551421385258436
classifier.4,4,58,23,0.00760941207408905
classifier.4,4,58,24,5.897849041502923e-05
classifier.4,4,58,25,0.0008792041335254908
classifier.4,4,58,26,0.0002853234764188528
classifier.4,4,58,27,0.00018253561574965715
classifier.4,4,58,28,0.005433015525341034
classifier.4,4,58,29,0.00011256489233346656
classifier.4,4,58,30,0.00522127328440547
classifier.4,4,58,31,0.006299003027379513
classifier.4,4,58,32,0.9747437834739685
classifier.4,4,58,33,0.0007714772364124656
classifier.4,4,58,34,0.0008736664312891662
classifier.4,4,58,35,4.3826217734022066e-05
classifier.4,4,58,36,0.0004098805075045675
classifier.4,4,58,37,0.0025785404723137617
classifier.4,4,58,38,8.022906695259735e-05
classifier.4,4,58,39,0.002414667746052146
classifier.4,4,58,40,0.0012861501891165972
classifier.4,4,58,41,0.00011538306716829538
classifier.4,4,58,42,0.00030926972976885736
classifier.4,4,58,43,0.011847435496747494
classifier.4,4,58,44,1.0971372830681503e-05
classifier.4,4,58,45,0.000318063423037529
classifier.4,4,58,46,0.000542982597835362
classifier.4,4,58,47,1.7199181456817314e-06
classifier.4,4,58,48,0.0010295941028743982
classifier.4,4,58,49,0.0037798185367137194
classifier.4,4,58,50,0.0001572781620780006
classifier.4,4,58,51,7.423954957630485e-05
classifier.4,4,58,52,0.00015526571951340884
classifier.4,4,58,53,0.001106564304791391
classifier.4,4,58,54,0.0035984721034765244
classifier.4,4,58,55,0.0003838349075522274
classifier.4,4,58,56,0.0010797078721225262
classifier.4,4,58,57,0.0037367139011621475
classifier.4,4,58,59,0.00015903663006611168
classifier.4,4,58,60,0.00011857843492180109
classifier.4,4,58,61,3.076524444622919e-05
classifier.4,4,59,0,0.00013248040340840816
classifier.4,4,59,1,0.0003400704590603709
classifier.4,4,59,2,0.0023427638225257397
classifier.4,4,59,3,0.0034548058174550533
classifier.4,4,59,4,0.007613030262291431
classifier.4,4,59,5,0.0006179944612085819
classifier.4,4,59,6,0.0008908529998734593
classifier.4,4,59,7,0.001774163218215108
classifier.4,4,59,8,0.012432297691702843
classifier.4,4,59,9,0.0018184189684689045
classifier.4,4,59,10,0.0002050725743174553
classifier.4,4,59,11,0.0048611778765916824
classifier.4,4,59,12,0.00031566352117806673
classifier.4,4,59,13,0.0005962193245068192
classifier.4,4,59,14,7.93293584138155e-05
classifier.4,4,59,15,0.0008789775893092155
classifier.4,4,59,16,0.000983246834948659
classifier.4,4,59,17,0.001717172097414732
classifier.4,4,59,18,0.0006135697476565838
classifier.4,4,59,19,0.0008716348093003035
classifier.4,4,59,20,0.005380395799875259
classifier.4,4,59,21,0.003189978888258338
classifier.4,4,59,22,0.0006510135717689991
classifier.4,4,59,23,0.00988046545535326
classifier.4,4,59,24,2.5260442271246575e-05
classifier.4,4,59,25,0.0010528384009376168
classifier.4,4,59,26,0.0010636403458192945
classifier.4,4,59,27,0.008995258249342442
classifier.4,4,59,28,0.00010501075303182006
classifier.4,4,59,29,0.004544880241155624
classifier.4,4,59,30,0.002012512180954218
classifier.4,4,59,31,0.00042389193549752235
classifier.4,4,59,32,0.0007309278007596731
classifier.4,4,59,33,0.9503374099731445
classifier.4,4,59,34,0.002899148501455784
classifier.4,4,59,35,0.005048011429607868
classifier.4,4,59,36,0.0021714549511671066
classifier.4,4,59,37,0.0006188461557030678
classifier.4,4,59,38,8.967576286522672e-05
classifier.4,4,59,39,0.005396157968789339
classifier.4,4,59,40,0.00107002432923764
classifier.4,4,59,41,0.0012301555834710598
classifier.4,4,59,42,0.0015580577310174704
classifier.4,4,59,43,9.800074622035027e-05
classifier.4,4,59,44,0.002157751237973571
classifier.4,4,59,45,0.001019462593831122
classifier.4,4,59,46,0.012714497745037079
classifier.4,4,59,47,0.00026797864120453596
classifier.4,4,59,48,0.0004518917412497103
classifier.4,4,59,49,0.0037419928703457117
classifier.4,4,59,50,6.373508949764073e-05
classifier.4,4,59,51,0.0008840183727443218
classifier.4,4,59,52,0.0013331352965906262
classifier.4,4,59,53,0.021619675680994987
classifier.4,4,59,54,5.394555046223104e-06
classifier.4,4,59,55,0.003267898689955473
classifier.4,4,59,56,0.0015743682160973549
classifier.4,4,59,57,0.0003768896567635238
classifier.4,4,59,58,0.00015903663006611168
classifier.4,4,59,60,0.00755645614117384
classifier.4,4,59,61,0.03065386787056923
classifier.4,4,60,0,2.360466169193387e-06
classifier.4,4,60,1,0.0001665972959017381
classifier.4,4,60,2,0.0004736733390018344
classifier.4,4,60,3,0.003454197198152542
classifier.4,4,60,4,0.23405787348747253
classifier.4,4,60,5,0.0014273251872509718
classifier.4,4,60,6,0.0016093302983790636
classifier.4,4,60,7,0.0122356116771698
classifier.4,4,60,8,0.011389167048037052
classifier.4,4,60,9,0.014226088300347328
classifier.4,4,60,10,0.018020931631326675
classifier.4,4,60,11,0.0020323283970355988
classifier.4,4,60,12,0.00020098767708986998
classifier.4,4,60,13,0.0006544961361214519
classifier.4,4,60,14,0.0015863100998103619
classifier.4,4,60,15,0.0035873684100806713
classifier.4,4,60,16,0.00016021588817238808
classifier.4,4,60,17,0.033486105501651764
classifier.4,4,60,18,0.0010652868077158928
classifier.4,4,60,19,0.0005172691307961941
classifier.4,4,60,20,0.0030387076549232006
classifier.4,4,60,21,0.0017551868222653866
classifier.4,4,60,22,0.000535137951374054
classifier.4,4,60,23,0.006847517564892769
classifier.4,4,60,24,0.0002404667902737856
classifier.4,4,60,25,0.004654808435589075
classifier.4,4,60,26,0.0029026998672634363
classifier.4,4,60,27,0.0011116970563307405
classifier.4,4,60,28,0.0004461504868231714
classifier.4,4,60,29,0.0043907808139920235
classifier.4,4,60,30,0.006602988578379154
classifier.4,4,60,31,0.021210838109254837
classifier.4,4,60,32,0.00152516458183527
classifier.4,4,60,33,0.0021606674417853355
classifier.4,4,60,34,0.7548947334289551
classifier.4,4,60,35,0.00021964155894238502
classifier.4,4,60,36,0.0027806039433926344
classifier.4,4,60,37,0.00018430117052048445
classifier.4,4,60,38,6.672246672678739e-05
classifier.4,4,60,39,0.007991040125489235
classifier.4,4,60,40,0.0012146008666604757
classifier.4,4,60,41,0.002728475956246257
classifier.4,4,60,42,0.0032247607596218586
classifier.4,4,60,43,0.005240512080490589
classifier.4,4,60,44,0.001021181931719184
classifier.4,4,60,45,7.349543739110231e-05
classifier.4,4,60,46,0.0015590451657772064
classifier.4,4,60,47,0.0005363498348742723
classifier.4,4,60,48,0.0023282612673938274
classifier.4,4,60,49,0.002170178107917309
classifier.4,4,60,50,0.0002761174109764397
classifier.4,4,60,51,0.0010334592079743743
classifier.4,4,60,52,0.008417176082730293
classifier.4,4,60,53,0.013489967212080956
classifier.4,4,60,54,0.00034546764800325036
classifier.4,4,60,55,0.015528145246207714
classifier.4,4,60,56,0.008780836127698421
classifier.4,4,60,57,0.0005361912772059441
classifier.4,4,60,58,0.00011857843492180109
classifier.4,4,60,59,0.00755645614117384
classifier.4,4,60,61,4.934819298796356e-05
classifier.4,4,61,0,0.0016641864785924554
classifier.4,4,61,1,0.00522511824965477
classifier.4,4,61,2,0.46938955783843994
classifier.4,4,61,3,0.0374038927257061
classifier.4,4,61,4,0.001408398849889636
classifier.4,4,61,5,0.0011635544942691922
classifier.4,4,61,6,0.0008151422371156514
classifier.4,4,61,7,0.00038284435868263245
classifier.4,4,61,8,0.0030846784356981516
classifier.4,4,61,9,0.0032270897645503283
classifier.4,4,61,10,0.01078714244067669
classifier.4,4,61,11,0.005674117244780064
classifier.4,4,61,12,0.0019013483542948961
classifier.4,4,61,13,0.008088169619441032
classifier.4,4,61,14,0.004727935418486595
classifier.4,4,61,15,0.00013316597323864698
classifier.4,4,61,16,0.0015491413651034236
classifier.4,4,61,17,0.0009048699866980314
classifier.4,4,61,18,0.00644565699622035
classifier.4,4,61,19,0.0018747183494269848
classifier.4,4,61,20,0.001002259086817503
classifier.4,4,61,21,0.011853687465190887
classifier.4,4,61,22,3.0138799047563225e-05
classifier.4,4,61,23,0.00439471984282136
classifier.4,4,61,24,4.02697769459337e-05
classifier.4,4,61,25,0.0011277904268354177
classifier.4,4,61,26,0.011430024169385433
classifier.4,4,61,27,0.0063117435202002525
classifier.4,4,61,28,0.00020373181905597448
classifier.4,4,61,29,0.00382305053062737
classifier.4,4,61,30,0.0006842923467047513
classifier.4,4,61,31,0.00022656920191366225
classifier.4,4,61,32,9.557558223605156e-05
classifier.4,4,61,33,0.009465943090617657
classifier.4,4,61,34,0.0007969531579874456
classifier.4,4,61,35,0.5077614188194275
classifier.4,4,61,36,0.041965704411268234
classifier.4,4,61,37,0.00045454734936356544
classifier.4,4,61,38,0.0006221838411875069
classifier.4,4,61,39,0.022208312526345253
classifier.4,4,61,40,0.013458769768476486
classifier.4,4,61,41,0.00032650274806655943
classifier.4,4,61,42,0.005522558465600014
classifier.4,4,61,43,0.005450286436825991
classifier.4,4,61,44,0.0035561572294682264
classifier.4,4,61,45,0.003673290368169546
classifier.4,4,61,46,0.0009067573118954897
classifier.4,4,61,47,0.0013483967632055283
classifier.4,4,61,48,0.00011671022366499528
classifier.4,4,61,49,0.003547724336385727
classifier.4,4,61,50,0.00036764139076694846
classifier.4,4,61,51,0.0005086312303319573
classifier.4,4,61,52,0.00033169856760650873
classifier.4,4,61,53,0.0019277086248621345
classifier.4,4,61,54,0.0004471613501664251
classifier.4,4,61,55,0.02278967574238777
classifier.4,4,61,56,5.380020593293011e-05
classifier.4,4,61,57,1.5653327864129096e-05
classifier.4,4,61,58,3.076524444622919e-05
classifier.4,4,61,59,0.03065386787056923
classifier.4,4,61,60,4.934819298796356e-05
