18:45:21  INFO      benchmark — Matrix: 1 datasets × 4 attacks × 4 defenses × 10 seeds = 160 runs
18:45:21  INFO      benchmark — Status — complete: 107  partial/incomplete: 0  not started: 53
18:45:21  INFO      benchmark — Time budget: 98.0 h
18:45:21  INFO      benchmark — ▶  femnist_neurotoxin_mkrum_seed7
18:45:21  INFO      experiment.runner — Initialising 'femnist_neurotoxin_mkrum_seed7' | device=cuda | rounds=150 | clients=10/100 | attack=neurotoxin | defense=mkrum
18:45:27  INFO      defenses.mkrum — MKrumServer initialised — f=1 Byzantine, selecting m=9 updates.
18:45:36  INFO      experiment.utils — Built 100 clients — 10 malicious, 90 benign.
18:45:36  INFO      datasets.backdoor — BackdoorDataset: 110545 / 110545 samples poisoned (target=0, fraction=1.000, seed=0).
18:45:36  INFO      experiment.runner — Setup complete — 100 clients (10 malicious) | backdoor eval: static-trigger
18:45:58  INFO      defenses.mkrum — MKrum selected 9 / 10 clients: [6, 9, 12, 19, 41, 46, 50, 68, 83]  |  rejected: [74]
18:46:46  INFO      experiment.runner — Round    1/150  |  acc:  51.35%  loss: 1.9354  |  ASR:   2.90%  asr_loss: 6.8247  |  FPR: 10.0%  |  mF1: 22.8%
18:47:09  INFO      defenses.mkrum — MKrum selected 9 / 10 clients: [4, 7, 8, 11, 27, 30, 53, 55, 64]  |  rejected: [70]
18:47:39  INFO      defenses.mkrum — MKrum selected 9 / 10 clients: [6, 7, 15, 28, 50, 54, 72, 73, 80]  |  rejected: [74]
18:48:06  INFO      defenses.mkrum — MKrum selected 9 / 10 clients: [5, 15, 17, 18, 28, 53, 69, 71, 73]  |  rejected: [37]
18:48:32  INFO      defenses.mkrum — MKrum selected 9 / 10 clients: [13, 23, 24, 39, 47, 71, 73, 81, 87]  |  rejected: [74]
18:49:04  INFO      defenses.mkrum — MKrum selected 9 / 10 clients: [7, 8, 26, 63, 70, 72, 79, 87, 91]  |  rejected: [12]
18:49:27  INFO      defenses.mkrum — MKrum selected 9 / 10 clients: [31, 38, 40, 54, 58, 59, 68, 74, 99]  |  rejected: [46]
18:49:56  INFO      defenses.mkrum — MKrum selected 9 / 10 clients: [10, 23, 31, 38, 43, 63, 67, 73, 99]  |  rejected: [89]
18:50:22  INFO      defenses.mkrum — MKrum selected 9 / 10 clients: [15, 21, 36, 53, 57, 65, 77, 93, 96]  |  rejected: [9]
18:50:50  INFO      defenses.mkrum — MKrum selected 9 / 10 clients: [5, 9, 43, 53, 62, 71, 73, 85, 97]  |  rejected: [19]
18:51:17  INFO      defenses.mkrum — MKrum selected 9 / 10 clients: [8, 11, 40, 43, 44, 58, 63, 76, 88]  |  rejected: [74]
18:52:09  INFO      experiment.runner — Round   11/150  |  acc:  81.18%  loss: 0.5735  |  ASR:   2.17%  asr_loss: 10.3243  |  FPR: 10.0%  |  mF1: 61.8%
18:52:39  INFO      defenses.mkrum — MKrum selected 9 / 10 clients: [7, 8, 34, 39, 60, 73, 82, 89, 93]  |  rejected: [85]
18:53:07  INFO      defenses.mkrum — MKrum selected 9 / 10 clients: [2, 44, 45, 49, 57, 59, 85, 87, 91]  |  rejected: [36]
18:53:32  INFO      defenses.mkrum — MKrum selected 9 / 10 clients: [7, 16, 21, 27, 36, 63, 78, 94, 98]  |  rejected: [14]
18:54:04  INFO      defenses.mkrum — MKrum selected 9 / 10 clients: [10, 17, 21, 31, 35, 51, 57, 63, 70]  |  rejected: [50]
18:54:28  INFO      defenses.mkrum — MKrum selected 9 / 10 clients: [29, 35, 45, 48, 53, 55, 70, 87, 90]  |  rejected: [19]
18:54:57  INFO      defenses.mkrum — MKrum selected 9 / 10 clients: [1, 10, 22, 23, 29, 33, 62, 75, 84]  |  rejected: [19]
18:55:22  INFO      defenses.mkrum — MKrum selected 9 / 10 clients: [0, 16, 18, 36, 40, 47, 53, 72, 78]  |  rejected: [68]
18:55:46  INFO      defenses.mkrum — MKrum selected 9 / 10 clients: [58, 65, 79, 83, 86, 87, 88, 94, 99]  |  rejected: [6]
18:56:17  INFO      defenses.mkrum — MKrum selected 9 / 10 clients: [7, 8, 13, 24, 26, 51, 61, 71, 81]  |  rejected: [50]
18:56:42  INFO      defenses.mkrum — MKrum selected 9 / 10 clients: [0, 6, 13, 14, 20, 43, 56, 72, 76]  |  rejected: [19]
18:57:35  INFO      experiment.runner — Round   21/150  |  acc:  82.89%  loss: 0.4982  |  ASR:   1.87%  asr_loss: 11.5290  |  FPR: 10.0%  |  mF1: 65.2%
18:58:00  INFO      defenses.mkrum — MKrum selected 9 / 10 clients: [3, 9, 12, 26, 46, 48, 68, 78, 81]  |  rejected: [19]
18:58:26  INFO      defenses.mkrum — MKrum selected 9 / 10 clients: [14, 15, 32, 44, 59, 60, 61, 62, 77]  |  rejected: [46]
18:58:55  INFO      defenses.mkrum — MKrum selected 9 / 10 clients: [10, 13, 18, 33, 43, 61, 88, 94, 95]  |  rejected: [39]
18:59:23  INFO      defenses.mkrum — MKrum selected 9 / 10 clients: [2, 3, 18, 20, 26, 66, 67, 69, 88]  |  rejected: [46]
18:59:49  INFO      defenses.mkrum — MKrum selected 9 / 10 clients: [11, 21, 33, 38, 66, 67, 82, 89, 97]  |  rejected: [46]
19:00:18  INFO      defenses.mkrum — MKrum selected 9 / 10 clients: [28, 42, 45, 64, 69, 78, 81, 98, 99]  |  rejected: [68]
19:00:43  INFO      defenses.mkrum — MKrum selected 9 / 10 clients: [24, 25, 29, 30, 45, 63, 66, 94, 97]  |  rejected: [51]
19:01:15  INFO      defenses.mkrum — MKrum selected 9 / 10 clients: [3, 24, 33, 35, 44, 57, 60, 77, 88]  |  rejected: [93]
19:01:39  INFO      defenses.mkrum — MKrum selected 9 / 10 clients: [10, 13, 25, 28, 29, 43, 44, 60, 92]  |  rejected: [46]
19:02:07  INFO      defenses.mkrum — MKrum selected 9 / 10 clients: [0, 10, 26, 44, 61, 78, 79, 82, 84]  |  rejected: [83]
19:03:04  INFO      experiment.runner — Round   31/150  |  acc:  84.04%  loss: 0.4569  |  ASR:   1.70%  asr_loss: 11.9328  |  FPR: 10.0%  |  mF1: 67.6%
19:03:35  INFO      defenses.mkrum — MKrum selected 9 / 10 clients: [15, 22, 42, 49, 55, 61, 81, 91, 96]  |  rejected: [25]
19:04:08  INFO      defenses.mkrum — MKrum selected 9 / 10 clients: [10, 11, 16, 20, 21, 51, 59, 92, 95]  |  rejected: [50]
19:04:32  INFO      defenses.mkrum — MKrum selected 9 / 10 clients: [3, 18, 19, 59, 60, 75, 76, 78, 84]  |  rejected: [83]
19:05:04  INFO      defenses.mkrum — MKrum selected 9 / 10 clients: [1, 2, 13, 16, 44, 67, 70, 83, 92]  |  rejected: [19]
19:05:28  INFO      defenses.mkrum — MKrum selected 9 / 10 clients: [3, 17, 24, 27, 30, 37, 55, 64, 95]  |  rejected: [32]
19:05:56  INFO      defenses.mkrum — MKrum selected 9 / 10 clients: [7, 16, 33, 45, 53, 69, 75, 94, 97]  |  rejected: [41]
19:06:01  INFO      datasets.backdoor — BackdoorDataset: 3309 / 6979 samples poisoned (target=0, fraction=0.500, seed=118).
19:06:06  INFO      attacks.neurotoxin_client — Neurotoxin client [74] round 37: poisoned 3309/6979 samples (target=0, masked=True).
19:06:18  INFO      datasets.backdoor — BackdoorDataset: 3324 / 6979 samples poisoned (target=0, fraction=0.500, seed=112).
19:06:22  INFO      attacks.neurotoxin_client — Neurotoxin client [68] round 37: poisoned 3324/6979 samples (target=0, masked=True).
19:06:22  INFO      datasets.backdoor — BackdoorDataset: 3332 / 6980 samples poisoned (target=0, fraction=0.500, seed=63).
19:06:26  INFO      attacks.neurotoxin_client — Neurotoxin client [19] round 37: poisoned 3332/6980 samples (target=0, masked=True).
19:06:28  INFO      defenses.mkrum — MKrum selected 9 / 10 clients: [16, 19, 53, 58, 64, 66, 67, 74, 84]  |  rejected: [68]
19:06:50  INFO      datasets.backdoor — BackdoorDataset: 3332 / 6980 samples poisoned (target=0, fraction=0.500, seed=64).
19:06:54  INFO      attacks.neurotoxin_client — Neurotoxin client [19] round 38: poisoned 3332/6980 samples (target=0, masked=True).
19:06:58  INFO      defenses.mkrum — MKrum selected 9 / 10 clients: [0, 2, 18, 22, 23, 56, 65, 77, 99]  |  rejected: [19]
19:07:13  INFO      datasets.backdoor — BackdoorDataset: 3308 / 6979 samples poisoned (target=0, fraction=0.500, seed=87).
19:07:17  INFO      attacks.neurotoxin_client — Neurotoxin client [41] round 39: poisoned 3308/6979 samples (target=0, masked=True).
19:07:29  INFO      defenses.mkrum — MKrum selected 9 / 10 clients: [7, 15, 60, 66, 67, 71, 79, 87, 92]  |  rejected: [41]
19:07:58  INFO      defenses.mkrum — MKrum selected 9 / 10 clients: [5, 7, 13, 24, 31, 35, 61, 98, 99]  |  rejected: [71]
19:09:00  INFO      experiment.runner — Round   41/150  |  acc:  84.47%  loss: 0.4404  |  ASR:   1.73%  asr_loss: 11.8626  |  FPR: 10.0%  |  mF1: 69.1%
19:09:00  INFO      datasets.backdoor — BackdoorDataset: 3316 / 6980 samples poisoned (target=0, fraction=0.500, seed=60).
19:09:04  INFO      attacks.neurotoxin_client — Neurotoxin client [12] round 41: poisoned 3316/6980 samples (target=0, masked=True).
19:09:21  INFO      datasets.backdoor — BackdoorDataset: 3308 / 6979 samples poisoned (target=0, fraction=0.500, seed=89).
19:09:25  INFO      attacks.neurotoxin_client — Neurotoxin client [41] round 41: poisoned 3308/6979 samples (target=0, masked=True).
19:09:29  INFO      defenses.mkrum — MKrum selected 9 / 10 clients: [3, 8, 41, 56, 57, 64, 71, 78, 97]  |  rejected: [12]
19:09:50  INFO      datasets.backdoor — BackdoorDataset: 3324 / 6979 samples poisoned (target=0, fraction=0.500, seed=117).
19:09:53  INFO      attacks.neurotoxin_client — Neurotoxin client [68] round 42: poisoned 3324/6979 samples (target=0, masked=True).
19:10:01  INFO      defenses.mkrum — MKrum selected 9 / 10 clients: [25, 31, 35, 57, 61, 64, 65, 77, 88]  |  rejected: [68]
19:10:26  INFO      datasets.backdoor — BackdoorDataset: 3304 / 6979 samples poisoned (target=0, fraction=0.500, seed=100).
19:10:33  INFO      attacks.neurotoxin_client — Neurotoxin client [50] round 43: poisoned 3304/6979 samples (target=0, masked=True).
19:10:34  INFO      defenses.mkrum — MKrum selected 9 / 10 clients: [15, 17, 25, 33, 53, 57, 66, 71, 89]  |  rejected: [50]
19:10:40  INFO      datasets.backdoor — BackdoorDataset: 3309 / 6980 samples poisoned (target=0, fraction=0.500, seed=60).
19:10:43  INFO      attacks.neurotoxin_client — Neurotoxin client [9] round 44: poisoned 3309/6980 samples (target=0, masked=True).
19:11:00  INFO      defenses.mkrum — MKrum selected 9 / 10 clients: [15, 27, 30, 38, 40, 54, 56, 85, 99]  |  rejected: [9]
19:11:00  INFO      datasets.backdoor — BackdoorDataset: 3332 / 6980 samples poisoned (target=0, fraction=0.500, seed=71).
19:11:05  INFO      attacks.neurotoxin_client — Neurotoxin client [19] round 45: poisoned 3332/6980 samples (target=0, masked=True).
19:11:13  INFO      datasets.backdoor — BackdoorDataset: 3323 / 6979 samples poisoned (target=0, fraction=0.500, seed=98).
19:11:23  INFO      attacks.neurotoxin_client — Neurotoxin client [46] round 45: poisoned 3323/6979 samples (target=0, masked=True).
19:11:39  INFO      defenses.mkrum — MKrum selected 9 / 10 clients: [17, 18, 28, 32, 46, 59, 82, 84, 91]  |  rejected: [19]
19:11:41  INFO      datasets.backdoor — BackdoorDataset: 3316 / 6980 samples poisoned (target=0, fraction=0.500, seed=65).
19:11:46  INFO      attacks.neurotoxin_client — Neurotoxin client [12] round 46: poisoned 3316/6980 samples (target=0, masked=True).
19:11:46  INFO      datasets.backdoor — BackdoorDataset: 3304 / 6979 samples poisoned (target=0, fraction=0.500, seed=103).
19:11:49  INFO      attacks.neurotoxin_client — Neurotoxin client [50] round 46: poisoned 3304/6979 samples (target=0, masked=True).
19:12:06  INFO      defenses.mkrum — MKrum selected 9 / 10 clients: [20, 28, 50, 55, 62, 65, 85, 90, 95]  |  rejected: [12]
19:12:30  INFO      datasets.backdoor — BackdoorDataset: 3323 / 6979 samples poisoned (target=0, fraction=0.500, seed=100).
19:12:38  INFO      attacks.neurotoxin_client — Neurotoxin client [46] round 47: poisoned 3323/6979 samples (target=0, masked=True).
19:12:41  INFO      defenses.mkrum — MKrum selected 9 / 10 clients: [2, 11, 25, 40, 43, 45, 51, 53, 92]  |  rejected: [46]
19:13:07  INFO      defenses.mkrum — MKrum selected 9 / 10 clients: [2, 43, 49, 56, 58, 66, 70, 79, 90]  |  rejected: [42]
19:13:35  INFO      defenses.mkrum — MKrum selected 9 / 10 clients: [5, 8, 10, 13, 14, 29, 34, 37, 65]  |  rejected: [33]
19:14:00  INFO      datasets.backdoor — BackdoorDataset: 3332 / 6980 samples poisoned (target=0, fraction=0.500, seed=76).
19:14:04  INFO      attacks.neurotoxin_client — Neurotoxin client [19] round 50: poisoned 3332/6980 samples (target=0, masked=True).
19:14:04  INFO      defenses.mkrum — MKrum selected 9 / 10 clients: [16, 23, 33, 34, 51, 54, 86, 96, 99]  |  rejected: [19]
19:15:02  INFO      experiment.runner — Round   51/150  |  acc:  84.80%  loss: 0.4287  |  ASR:   1.88%  asr_loss: 11.9702  |  TPR: 100.0%  FPR: 0.0%  |  mF1: 69.8%
19:15:02  INFO      datasets.backdoor — BackdoorDataset: 3324 / 6979 samples poisoned (target=0, fraction=0.500, seed=126).
19:15:05  INFO      attacks.neurotoxin_client — Neurotoxin client [68] round 51: poisoned 3324/6979 samples (target=0, masked=True).
19:15:18  INFO      datasets.backdoor — BackdoorDataset: 3308 / 6979 samples poisoned (target=0, fraction=0.500, seed=99).
19:15:21  INFO      attacks.neurotoxin_client — Neurotoxin client [41] round 51: poisoned 3308/6979 samples (target=0, masked=True).
19:15:33  INFO      defenses.mkrum — MKrum selected 9 / 10 clients: [7, 11, 35, 63, 65, 68, 73, 88, 89]  |  rejected: [41]
19:15:41  INFO      datasets.backdoor — BackdoorDataset: 3309 / 6980 samples poisoned (target=0, fraction=0.500, seed=68).
19:15:46  INFO      attacks.neurotoxin_client — Neurotoxin client [9] round 52: poisoned 3309/6980 samples (target=0, masked=True).
19:16:03  INFO      defenses.mkrum — MKrum selected 9 / 10 clients: [2, 10, 11, 23, 33, 34, 54, 77, 81]  |  rejected: [9]
19:16:32  INFO      defenses.mkrum — MKrum selected 9 / 10 clients: [1, 8, 15, 28, 34, 43, 53, 58, 70]  |  rejected: [33]
19:16:58  INFO      datasets.backdoor — BackdoorDataset: 3319 / 6980 samples poisoned (target=0, fraction=0.500, seed=67).
19:17:02  INFO      attacks.neurotoxin_client — Neurotoxin client [6] round 54: poisoned 3319/6980 samples (target=0, masked=True).
19:17:02  INFO      defenses.mkrum — MKrum selected 9 / 10 clients: [5, 14, 16, 20, 30, 33, 67, 79, 90]  |  rejected: [6]
19:17:30  INFO      defenses.mkrum — MKrum selected 9 / 10 clients: [23, 26, 37, 39, 57, 64, 67, 80, 97]  |  rejected: [25]
19:17:58  INFO      defenses.mkrum — MKrum selected 9 / 10 clients: [1, 2, 4, 22, 34, 44, 64, 86, 93]  |  rejected: [32]
19:18:20  INFO      datasets.backdoor — BackdoorDataset: 3319 / 6979 samples poisoned (target=0, fraction=0.500, seed=147).
19:18:27  INFO      attacks.neurotoxin_client — Neurotoxin client [83] round 57: poisoned 3319/6979 samples (target=0, masked=True).
19:18:30  INFO      defenses.mkrum — MKrum selected 9 / 10 clients: [13, 24, 31, 55, 57, 60, 65, 70, 84]  |  rejected: [83]
19:18:37  INFO      datasets.backdoor — BackdoorDataset: 3304 / 6979 samples poisoned (target=0, fraction=0.500, seed=115).
19:18:41  INFO      attacks.neurotoxin_client — Neurotoxin client [50] round 58: poisoned 3304/6979 samples (target=0, masked=True).
19:18:57  INFO      defenses.mkrum — MKrum selected 9 / 10 clients: [27, 29, 39, 43, 63, 64, 69, 84, 88]  |  rejected: [50]
19:19:18  INFO      datasets.backdoor — BackdoorDataset: 3319 / 6980 samples poisoned (target=0, fraction=0.500, seed=72).
19:19:24  INFO      attacks.neurotoxin_client — Neurotoxin client [6] round 59: poisoned 3319/6980 samples (target=0, masked=True).
19:19:29  INFO      defenses.mkrum — MKrum selected 9 / 10 clients: [1, 16, 17, 25, 44, 51, 81, 90, 93]  |  rejected: [6]
19:19:29  INFO      datasets.backdoor — BackdoorDataset: 3309 / 6980 samples poisoned (target=0, fraction=0.500, seed=76).
19:19:33  INFO      attacks.neurotoxin_client — Neurotoxin client [9] round 60: poisoned 3309/6980 samples (target=0, masked=True).
19:19:55  INFO      defenses.mkrum — MKrum selected 9 / 10 clients: [7, 10, 20, 32, 48, 55, 80, 85, 94]  |  rejected: [9]
19:20:48  INFO      experiment.runner — Round   61/150  |  acc:  85.04%  loss: 0.4188  |  ASR:   1.94%  asr_loss: 12.1850  |  TPR: 100.0%  FPR: 0.0%  |  mF1: 69.6%
19:21:16  INFO      defenses.mkrum — MKrum selected 9 / 10 clients: [5, 23, 31, 36, 37, 64, 76, 85, 88]  |  rejected: [58]
19:21:29  INFO      datasets.backdoor — BackdoorDataset: 3323 / 6979 samples poisoned (target=0, fraction=0.500, seed=115).
19:21:37  INFO      attacks.neurotoxin_client — Neurotoxin client [46] round 62: poisoned 3323/6979 samples (target=0, masked=True).
19:21:42  INFO      datasets.backdoor — BackdoorDataset: 3308 / 6979 samples poisoned (target=0, fraction=0.500, seed=110).
19:21:46  INFO      attacks.neurotoxin_client — Neurotoxin client [41] round 62: poisoned 3308/6979 samples (target=0, masked=True).
19:21:48  INFO      defenses.mkrum — MKrum selected 9 / 10 clients: [0, 20, 31, 33, 34, 41, 42, 57, 70]  |  rejected: [46]
19:22:18  INFO      defenses.mkrum — MKrum selected 9 / 10 clients: [0, 4, 10, 23, 27, 42, 45, 48, 60]  |  rejected: [39]
19:22:23  INFO      datasets.backdoor — BackdoorDataset: 3319 / 6979 samples poisoned (target=0, fraction=0.500, seed=154).
19:22:27  INFO      attacks.neurotoxin_client — Neurotoxin client [83] round 64: poisoned 3319/6979 samples (target=0, masked=True).
19:22:45  INFO      defenses.mkrum — MKrum selected 9 / 10 clients: [0, 11, 18, 25, 31, 33, 35, 64, 99]  |  rejected: [83]
19:22:59  INFO      datasets.backdoor — BackdoorDataset: 3304 / 6979 samples poisoned (target=0, fraction=0.500, seed=122).
19:23:06  INFO      attacks.neurotoxin_client — Neurotoxin client [50] round 65: poisoned 3304/6979 samples (target=0, masked=True).
19:23:18  INFO      datasets.backdoor — BackdoorDataset: 3309 / 6979 samples poisoned (target=0, fraction=0.500, seed=146).
19:23:22  INFO      attacks.neurotoxin_client — Neurotoxin client [74] round 65: poisoned 3309/6979 samples (target=0, masked=True).
19:23:22  INFO      defenses.mkrum — MKrum selected 9 / 10 clients: [2, 5, 10, 29, 38, 50, 51, 75, 80]  |  rejected: [74]
19:23:27  INFO      datasets.backdoor — BackdoorDataset: 3332 / 6980 samples poisoned (target=0, fraction=0.500, seed=92).
19:23:31  INFO      attacks.neurotoxin_client — Neurotoxin client [19] round 66: poisoned 3332/6980 samples (target=0, masked=True).
19:23:43  INFO      datasets.backdoor — BackdoorDataset: 3308 / 6979 samples poisoned (target=0, fraction=0.500, seed=114).
19:23:47  INFO      attacks.neurotoxin_client — Neurotoxin client [41] round 66: poisoned 3308/6979 samples (target=0, masked=True).
19:23:50  INFO      defenses.mkrum — MKrum selected 9 / 10 clients: [19, 49, 67, 76, 84, 91, 92, 96, 97]  |  rejected: [41]
19:23:52  INFO      datasets.backdoor — BackdoorDataset: 3332 / 6980 samples poisoned (target=0, fraction=0.500, seed=93).
19:23:56  INFO      attacks.neurotoxin_client — Neurotoxin client [19] round 67: poisoned 3332/6980 samples (target=0, masked=True).
19:24:20  INFO      defenses.mkrum — MKrum selected 9 / 10 clients: [5, 18, 36, 63, 65, 79, 82, 91, 92]  |  rejected: [19]
19:24:46  INFO      defenses.mkrum — MKrum selected 9 / 10 clients: [2, 17, 54, 64, 67, 72, 89, 93, 96]  |  rejected: [80]
19:24:49  INFO      datasets.backdoor — BackdoorDataset: 3309 / 6979 samples poisoned (target=0, fraction=0.500, seed=150).
19:24:53  INFO      attacks.neurotoxin_client — Neurotoxin client [74] round 69: poisoned 3309/6979 samples (target=0, masked=True).
19:25:15  INFO      defenses.mkrum — MKrum selected 9 / 10 clients: [3, 5, 10, 17, 29, 82, 87, 88, 91]  |  rejected: [74]
19:25:20  INFO      datasets.backdoor — BackdoorDataset: 3323 / 6979 samples poisoned (target=0, fraction=0.500, seed=123).
19:25:28  INFO      attacks.neurotoxin_client — Neurotoxin client [46] round 70: poisoned 3323/6979 samples (target=0, masked=True).
19:25:38  INFO      datasets.backdoor — BackdoorDataset: 3319 / 6980 samples poisoned (target=0, fraction=0.500, seed=83).
19:25:42  INFO      attacks.neurotoxin_client — Neurotoxin client [6] round 70: poisoned 3319/6980 samples (target=0, masked=True).
19:25:47  INFO      datasets.backdoor — BackdoorDataset: 3324 / 6979 samples poisoned (target=0, fraction=0.500, seed=145).
19:25:51  INFO      attacks.neurotoxin_client — Neurotoxin client [68] round 70: poisoned 3324/6979 samples (target=0, masked=True).
19:25:51  INFO      defenses.mkrum — MKrum selected 9 / 10 clients: [2, 13, 46, 48, 57, 68, 71, 80, 81]  |  rejected: [6]
19:26:42  INFO      experiment.runner — Round   71/150  |  acc:  84.73%  loss: 0.4289  |  ASR:   2.89%  asr_loss: 9.7094  |  TPR: 33.3%  FPR: 0.0%  |  mF1: 69.3%
19:27:09  INFO      datasets.backdoor — BackdoorDataset: 3324 / 6979 samples poisoned (target=0, fraction=0.500, seed=146).
19:27:16  INFO      attacks.neurotoxin_client — Neurotoxin client [68] round 71: poisoned 3324/6979 samples (target=0, masked=True).
19:27:16  INFO      defenses.mkrum — MKrum selected 9 / 10 clients: [0, 8, 31, 33, 58, 62, 64, 87, 95]  |  rejected: [68]
19:27:36  INFO      datasets.backdoor — BackdoorDataset: 3309 / 6980 samples poisoned (target=0, fraction=0.500, seed=88).
19:27:39  INFO      attacks.neurotoxin_client — Neurotoxin client [9] round 72: poisoned 3309/6980 samples (target=0, masked=True).
19:27:42  INFO      defenses.mkrum — MKrum selected 9 / 10 clients: [8, 11, 32, 33, 60, 67, 84, 94, 95]  |  rejected: [9]
19:27:57  INFO      datasets.backdoor — BackdoorDataset: 3319 / 6979 samples poisoned (target=0, fraction=0.500, seed=163).
19:28:06  INFO      attacks.neurotoxin_client — Neurotoxin client [83] round 73: poisoned 3319/6979 samples (target=0, masked=True).
19:28:19  INFO      defenses.mkrum — MKrum selected 9 / 10 clients: [26, 29, 30, 48, 58, 63, 93, 94, 96]  |  rejected: [83]
19:28:20  INFO      datasets.backdoor — BackdoorDataset: 3309 / 6980 samples poisoned (target=0, fraction=0.500, seed=90).
19:28:24  INFO      attacks.neurotoxin_client — Neurotoxin client [9] round 74: poisoned 3309/6980 samples (target=0, masked=True).
19:28:46  INFO      defenses.mkrum — MKrum selected 9 / 10 clients: [5, 25, 36, 61, 78, 80, 82, 87, 98]  |  rejected: [9]
19:28:46  INFO      datasets.backdoor — BackdoorDataset: 3309 / 6980 samples poisoned (target=0, fraction=0.500, seed=91).
19:28:50  INFO      attacks.neurotoxin_client — Neurotoxin client [9] round 75: poisoned 3309/6980 samples (target=0, masked=True).
19:29:01  INFO      datasets.backdoor — BackdoorDataset: 3319 / 6979 samples poisoned (target=0, fraction=0.500, seed=165).
19:29:08  INFO      attacks.neurotoxin_client — Neurotoxin client [83] round 75: poisoned 3319/6979 samples (target=0, masked=True).
19:29:20  INFO      defenses.mkrum — MKrum selected 9 / 10 clients: [9, 18, 32, 38, 42, 76, 79, 88, 95]  |  rejected: [83]
19:29:42  INFO      datasets.backdoor — BackdoorDataset: 3316 / 6980 samples poisoned (target=0, fraction=0.500, seed=95).
19:29:46  INFO      attacks.neurotoxin_client — Neurotoxin client [12] round 76: poisoned 3316/6980 samples (target=0, masked=True).
19:29:48  INFO      defenses.mkrum — MKrum selected 9 / 10 clients: [1, 7, 17, 34, 61, 62, 72, 86, 88]  |  rejected: [12]
19:30:17  INFO      defenses.mkrum — MKrum selected 9 / 10 clients: [15, 27, 36, 37, 59, 66, 86, 90, 98]  |  rejected: [62]
19:30:37  INFO      datasets.backdoor — BackdoorDataset: 3309 / 6980 samples poisoned (target=0, fraction=0.500, seed=94).
19:30:45  INFO      attacks.neurotoxin_client — Neurotoxin client [9] round 78: poisoned 3309/6980 samples (target=0, masked=True).
19:30:48  INFO      defenses.mkrum — MKrum selected 9 / 10 clients: [2, 10, 25, 37, 39, 58, 60, 64, 70]  |  rejected: [9]
19:31:01  INFO      datasets.backdoor — BackdoorDataset: 3309 / 6980 samples poisoned (target=0, fraction=0.500, seed=95).
19:31:07  INFO      attacks.neurotoxin_client — Neurotoxin client [9] round 79: poisoned 3309/6980 samples (target=0, masked=True).
19:31:07  INFO      datasets.backdoor — BackdoorDataset: 3309 / 6979 samples poisoned (target=0, fraction=0.500, seed=160).
19:31:11  INFO      attacks.neurotoxin_client — Neurotoxin client [74] round 79: poisoned 3309/6979 samples (target=0, masked=True).
19:31:21  INFO      defenses.mkrum — MKrum selected 9 / 10 clients: [11, 18, 26, 34, 49, 57, 67, 74, 95]  |  rejected: [9]
19:31:24  INFO      datasets.backdoor — BackdoorDataset: 3323 / 6979 samples poisoned (target=0, fraction=0.500, seed=133).
19:31:28  INFO      attacks.neurotoxin_client — Neurotoxin client [46] round 80: poisoned 3323/6979 samples (target=0, masked=True).
19:31:48  INFO      defenses.mkrum — MKrum selected 9 / 10 clients: [14, 16, 29, 33, 35, 65, 77, 80, 90]  |  rejected: [46]
19:32:42  INFO      experiment.runner — Round   81/150  |  acc:  85.36%  loss: 0.4084  |  ASR:   2.21%  asr_loss: 11.2703  |  TPR: 100.0%  FPR: 0.0%  |  mF1: 70.7%
19:32:47  INFO      datasets.backdoor — BackdoorDataset: 3304 / 6979 samples poisoned (target=0, fraction=0.500, seed=138).
19:32:54  INFO      attacks.neurotoxin_client — Neurotoxin client [50] round 81: poisoned 3304/6979 samples (target=0, masked=True).
19:33:16  INFO      defenses.mkrum — MKrum selected 9 / 10 clients: [0, 3, 20, 38, 51, 57, 62, 63, 87]  |  rejected: [50]
19:33:39  INFO      datasets.backdoor — BackdoorDataset: 3308 / 6979 samples poisoned (target=0, fraction=0.500, seed=130).
19:33:43  INFO      attacks.neurotoxin_client — Neurotoxin client [41] round 82: poisoned 3308/6979 samples (target=0, masked=True).
19:33:43  INFO      defenses.mkrum — MKrum selected 9 / 10 clients: [0, 15, 18, 40, 42, 44, 48, 53, 93]  |  rejected: [41]
19:33:48  INFO      datasets.backdoor — BackdoorDataset: 3304 / 6979 samples poisoned (target=0, fraction=0.500, seed=140).
19:33:52  INFO      attacks.neurotoxin_client — Neurotoxin client [50] round 83: poisoned 3304/6979 samples (target=0, masked=True).
19:34:09  INFO      defenses.mkrum — MKrum selected 9 / 10 clients: [1, 15, 25, 32, 37, 43, 91, 94, 96]  |  rejected: [50]
19:34:16  INFO      datasets.backdoor — BackdoorDataset: 3304 / 6979 samples poisoned (target=0, fraction=0.500, seed=141).
19:34:24  INFO      attacks.neurotoxin_client — Neurotoxin client [50] round 84: poisoned 3304/6979 samples (target=0, masked=True).
19:34:31  INFO      datasets.backdoor — BackdoorDataset: 3309 / 6980 samples poisoned (target=0, fraction=0.500, seed=100).
19:34:37  INFO      attacks.neurotoxin_client — Neurotoxin client [9] round 84: poisoned 3309/6980 samples (target=0, masked=True).
19:34:37  INFO      datasets.backdoor — BackdoorDataset: 3323 / 6979 samples poisoned (target=0, fraction=0.500, seed=137).
19:34:42  INFO      attacks.neurotoxin_client — Neurotoxin client [46] round 84: poisoned 3323/6979 samples (target=0, masked=True).
19:34:50  INFO      defenses.mkrum — MKrum selected 9 / 10 clients: [8, 9, 35, 47, 49, 50, 54, 75, 96]  |  rejected: [46]
19:34:50  INFO      datasets.backdoor — BackdoorDataset: 3319 / 6980 samples poisoned (target=0, fraction=0.500, seed=98).
19:34:54  INFO      attacks.neurotoxin_client — Neurotoxin client [6] round 85: poisoned 3319/6980 samples (target=0, masked=True).
19:35:06  INFO      datasets.backdoor — BackdoorDataset: 3332 / 6980 samples poisoned (target=0, fraction=0.500, seed=111).
19:35:09  INFO      attacks.neurotoxin_client — Neurotoxin client [19] round 85: poisoned 3332/6980 samples (target=0, masked=True).
19:35:20  INFO      defenses.mkrum — MKrum selected 9 / 10 clients: [13, 19, 31, 34, 35, 36, 55, 81, 84]  |  rejected: [6]
19:35:46  INFO      defenses.mkrum — MKrum selected 9 / 10 clients: [3, 24, 40, 47, 51, 54, 80, 97, 98]  |  rejected: [65]
19:35:58  INFO      datasets.backdoor — BackdoorDataset: 3319 / 6980 samples poisoned (target=0, fraction=0.500, seed=100).
19:36:02  INFO      attacks.neurotoxin_client — Neurotoxin client [6] round 87: poisoned 3319/6980 samples (target=0, masked=True).
19:36:17  INFO      defenses.mkrum — MKrum selected 9 / 10 clients: [10, 26, 52, 57, 70, 78, 92, 93, 96]  |  rejected: [6]
19:36:28  INFO      datasets.backdoor — BackdoorDataset: 3319 / 6980 samples poisoned (target=0, fraction=0.500, seed=101).
19:36:31  INFO      attacks.neurotoxin_client — Neurotoxin client [6] round 88: poisoned 3319/6980 samples (target=0, masked=True).
19:36:44  INFO      defenses.mkrum — MKrum selected 9 / 10 clients: [16, 17, 21, 36, 53, 60, 62, 70, 82]  |  rejected: [6]
19:36:55  INFO      datasets.backdoor — BackdoorDataset: 3319 / 6979 samples poisoned (target=0, fraction=0.500, seed=179).
19:37:00  INFO      attacks.neurotoxin_client — Neurotoxin client [83] round 89: poisoned 3319/6979 samples (target=0, masked=True).
19:37:18  INFO      defenses.mkrum — MKrum selected 9 / 10 clients: [30, 32, 33, 36, 38, 43, 51, 61, 94]  |  rejected: [83]
19:37:24  INFO      datasets.backdoor — BackdoorDataset: 3304 / 6979 samples poisoned (target=0, fraction=0.500, seed=147).
19:37:28  INFO      attacks.neurotoxin_client — Neurotoxin client [50] round 90: poisoned 3304/6979 samples (target=0, masked=True).
19:37:37  INFO      datasets.backdoor — BackdoorDataset: 3309 / 6980 samples poisoned (target=0, fraction=0.500, seed=106).
19:37:41  INFO      attacks.neurotoxin_client — Neurotoxin client [9] round 90: poisoned 3309/6980 samples (target=0, masked=True).
19:37:46  INFO      defenses.mkrum — MKrum selected 9 / 10 clients: [15, 20, 21, 26, 50, 64, 71, 82, 85]  |  rejected: [9]
19:38:38  INFO      experiment.runner — Round   91/150  |  acc:  85.41%  loss: 0.4060  |  ASR:   2.34%  asr_loss: 10.6336  |  TPR: 50.0%  FPR: 0.0%  |  mF1: 70.7%
19:39:05  INFO      defenses.mkrum — MKrum selected 9 / 10 clients: [17, 24, 28, 31, 42, 54, 63, 70, 97]  |  rejected: [57]
19:39:30  INFO      defenses.mkrum — MKrum selected 9 / 10 clients: [11, 22, 25, 30, 33, 40, 47, 71, 72]  |  rejected: [43]
19:40:01  INFO      defenses.mkrum — MKrum selected 9 / 10 clients: [2, 34, 43, 48, 49, 52, 67, 95, 96]  |  rejected: [26]
19:40:12  INFO      datasets.backdoor — BackdoorDataset: 3323 / 6979 samples poisoned (target=0, fraction=0.500, seed=147).
19:40:16  INFO      attacks.neurotoxin_client — Neurotoxin client [46] round 94: poisoned 3323/6979 samples (target=0, masked=True).
19:40:29  INFO      defenses.mkrum — MKrum selected 9 / 10 clients: [7, 16, 35, 63, 64, 67, 73, 80, 87]  |  rejected: [46]
19:40:57  INFO      defenses.mkrum — MKrum selected 9 / 10 clients: [11, 27, 31, 34, 39, 49, 55, 57, 82]  |  rejected: [51]
19:41:23  INFO      defenses.mkrum — MKrum selected 9 / 10 clients: [0, 2, 4, 16, 60, 62, 75, 90, 97]  |  rejected: [54]
19:41:23  INFO      datasets.backdoor — BackdoorDataset: 3309 / 6980 samples poisoned (target=0, fraction=0.500, seed=113).
19:41:27  INFO      attacks.neurotoxin_client — Neurotoxin client [9] round 97: poisoned 3309/6980 samples (target=0, masked=True).
19:41:28  INFO      datasets.backdoor — BackdoorDataset: 3304 / 6979 samples poisoned (target=0, fraction=0.500, seed=154).
19:41:31  INFO      attacks.neurotoxin_client — Neurotoxin client [50] round 97: poisoned 3304/6979 samples (target=0, masked=True).
19:41:50  INFO      datasets.backdoor — BackdoorDataset: 3332 / 6980 samples poisoned (target=0, fraction=0.500, seed=123).
19:41:53  INFO      attacks.neurotoxin_client — Neurotoxin client [19] round 97: poisoned 3332/6980 samples (target=0, masked=True).
19:41:56  INFO      defenses.mkrum — MKrum selected 9 / 10 clients: [9, 13, 28, 31, 50, 57, 59, 66, 67]  |  rejected: [19]
19:42:21  INFO      defenses.mkrum — MKrum selected 9 / 10 clients: [10, 13, 58, 70, 82, 87, 89, 92, 97]  |  rejected: [99]
19:42:51  INFO      defenses.mkrum — MKrum selected 9 / 10 clients: [0, 4, 5, 16, 29, 38, 72, 80, 91]  |  rejected: [82]
19:43:07  INFO      datasets.backdoor — BackdoorDataset: 3316 / 6980 samples poisoned (target=0, fraction=0.500, seed=119).
19:43:11  INFO      attacks.neurotoxin_client — Neurotoxin client [12] round 100: poisoned 3316/6980 samples (target=0, masked=True).
19:43:11  INFO      datasets.backdoor — BackdoorDataset: 3309 / 6980 samples poisoned (target=0, fraction=0.500, seed=116).
19:43:15  INFO      attacks.neurotoxin_client — Neurotoxin client [9] round 100: poisoned 3309/6980 samples (target=0, masked=True).
19:43:18  INFO      defenses.mkrum — MKrum selected 9 / 10 clients: [9, 14, 32, 38, 55, 67, 81, 89, 97]  |  rejected: [12]
19:44:08  INFO      experiment.runner — Round  101/150  |  acc:  85.38%  loss: 0.4040  |  ASR:   2.69%  asr_loss: 10.3800  |  TPR: 50.0%  FPR: 0.0%  |  mF1: 70.5%
19:44:11  INFO      datasets.backdoor — BackdoorDataset: 3309 / 6979 samples poisoned (target=0, fraction=0.500, seed=182).
19:44:15  INFO      attacks.neurotoxin_client — Neurotoxin client [74] round 101: poisoned 3309/6979 samples (target=0, masked=True).
19:44:32  INFO      datasets.backdoor — BackdoorDataset: 3324 / 6979 samples poisoned (target=0, fraction=0.500, seed=176).
19:44:35  INFO      attacks.neurotoxin_client — Neurotoxin client [68] round 101: poisoned 3324/6979 samples (target=0, masked=True).
19:44:36  INFO      defenses.mkrum — MKrum selected 9 / 10 clients: [0, 1, 24, 28, 33, 49, 67, 74, 76]  |  rejected: [68]
19:45:06  INFO      defenses.mkrum — MKrum selected 9 / 10 clients: [30, 31, 35, 40, 58, 60, 67, 70, 82]  |  rejected: [38]
19:45:16  INFO      datasets.backdoor — BackdoorDataset: 3319 / 6979 samples poisoned (target=0, fraction=0.500, seed=193).
19:45:20  INFO      attacks.neurotoxin_client — Neurotoxin client [83] round 103: poisoned 3319/6979 samples (target=0, masked=True).
19:45:32  INFO      defenses.mkrum — MKrum selected 9 / 10 clients: [2, 3, 7, 24, 31, 39, 52, 63, 90]  |  rejected: [83]
19:46:00  INFO      defenses.mkrum — MKrum selected 9 / 10 clients: [29, 32, 47, 53, 54, 63, 82, 85, 86]  |  rejected: [10]
19:46:13  INFO      datasets.backdoor — BackdoorDataset: 3323 / 6979 samples poisoned (target=0, fraction=0.500, seed=158).
19:46:19  INFO      attacks.neurotoxin_client — Neurotoxin client [46] round 105: poisoned 3323/6979 samples (target=0, masked=True).
19:46:22  INFO      datasets.backdoor — BackdoorDataset: 3304 / 6979 samples poisoned (target=0, fraction=0.500, seed=162).
19:46:27  INFO      attacks.neurotoxin_client — Neurotoxin client [50] round 105: poisoned 3304/6979 samples (target=0, masked=True).
19:46:32  INFO      defenses.mkrum — MKrum selected 9 / 10 clients: [0, 4, 25, 43, 46, 53, 87, 89, 91]  |  rejected: [50]
19:47:01  INFO      defenses.mkrum — MKrum selected 9 / 10 clients: [24, 25, 26, 37, 39, 63, 64, 94, 98]  |  rejected: [8]
19:47:25  INFO      defenses.mkrum — MKrum selected 9 / 10 clients: [13, 28, 29, 33, 59, 63, 78, 79, 97]  |  rejected: [37]
19:47:52  INFO      datasets.backdoor — BackdoorDataset: 3304 / 6979 samples poisoned (target=0, fraction=0.500, seed=165).
19:47:55  INFO      attacks.neurotoxin_client — Neurotoxin client [50] round 108: poisoned 3304/6979 samples (target=0, masked=True).
19:47:55  INFO      datasets.backdoor — BackdoorDataset: 3319 / 6980 samples poisoned (target=0, fraction=0.500, seed=121).
19:47:59  INFO      attacks.neurotoxin_client — Neurotoxin client [6] round 108: poisoned 3319/6980 samples (target=0, masked=True).
19:48:00  INFO      defenses.mkrum — MKrum selected 9 / 10 clients: [7, 18, 23, 28, 50, 53, 62, 76, 85]  |  rejected: [6]
19:48:12  INFO      datasets.backdoor — BackdoorDataset: 3319 / 6980 samples poisoned (target=0, fraction=0.500, seed=122).
19:48:16  INFO      attacks.neurotoxin_client — Neurotoxin client [6] round 109: poisoned 3319/6980 samples (target=0, masked=True).
19:48:23  INFO      datasets.backdoor — BackdoorDataset: 3304 / 6979 samples poisoned (target=0, fraction=0.500, seed=166).
19:48:27  INFO      attacks.neurotoxin_client — Neurotoxin client [50] round 109: poisoned 3304/6979 samples (target=0, masked=True).
19:48:27  INFO      defenses.mkrum — MKrum selected 9 / 10 clients: [3, 7, 18, 23, 27, 50, 53, 76, 90]  |  rejected: [6]
19:48:58  INFO      defenses.mkrum — MKrum selected 9 / 10 clients: [10, 14, 21, 23, 40, 42, 57, 91, 93]  |  rejected: [24]
19:49:50  INFO      experiment.runner — Round  111/150  |  acc:  85.59%  loss: 0.3964  |  ASR:   1.93%  asr_loss: 11.1840  |  FPR: 10.0%  |  mF1: 70.9%
19:49:50  INFO      datasets.backdoor — BackdoorDataset: 3319 / 6979 samples poisoned (target=0, fraction=0.500, seed=201).
19:49:54  INFO      attacks.neurotoxin_client — Neurotoxin client [83] round 111: poisoned 3319/6979 samples (target=0, masked=True).
19:50:18  INFO      defenses.mkrum — MKrum selected 9 / 10 clients: [4, 39, 47, 48, 59, 67, 85, 92, 95]  |  rejected: [83]
19:50:45  INFO      defenses.mkrum — MKrum selected 9 / 10 clients: [0, 10, 13, 21, 35, 42, 44, 53, 56]  |  rejected: [15]
19:51:07  INFO      datasets.backdoor — BackdoorDataset: 3319 / 6980 samples poisoned (target=0, fraction=0.500, seed=126).
19:51:11  INFO      attacks.neurotoxin_client — Neurotoxin client [6] round 113: poisoned 3319/6980 samples (target=0, masked=True).
19:51:11  INFO      defenses.mkrum — MKrum selected 9 / 10 clients: [11, 26, 39, 45, 48, 55, 71, 97, 98]  |  rejected: [6]
19:51:36  INFO      datasets.backdoor — BackdoorDataset: 3308 / 6979 samples poisoned (target=0, fraction=0.500, seed=162).
19:51:41  INFO      attacks.neurotoxin_client — Neurotoxin client [41] round 114: poisoned 3308/6979 samples (target=0, masked=True).
19:51:41  INFO      datasets.backdoor — BackdoorDataset: 3323 / 6979 samples poisoned (target=0, fraction=0.500, seed=167).
19:51:44  INFO      attacks.neurotoxin_client — Neurotoxin client [46] round 114: poisoned 3323/6979 samples (target=0, masked=True).
19:51:47  INFO      defenses.mkrum — MKrum selected 9 / 10 clients: [24, 25, 46, 47, 57, 60, 69, 90, 94]  |  rejected: [41]
19:52:10  INFO      defenses.mkrum — MKrum selected 9 / 10 clients: [3, 4, 5, 31, 48, 52, 60, 80, 98]  |  rejected: [51]
19:52:34  INFO      datasets.backdoor — BackdoorDataset: 3323 / 6979 samples poisoned (target=0, fraction=0.500, seed=169).
19:52:38  INFO      attacks.neurotoxin_client — Neurotoxin client [46] round 116: poisoned 3323/6979 samples (target=0, masked=True).
19:52:41  INFO      defenses.mkrum — MKrum selected 9 / 10 clients: [7, 8, 24, 32, 34, 43, 59, 77, 95]  |  rejected: [46]
19:53:06  INFO      defenses.mkrum — MKrum selected 9 / 10 clients: [5, 33, 35, 38, 40, 42, 78, 88, 91]  |  rejected: [95]
19:53:30  INFO      defenses.mkrum — MKrum selected 9 / 10 clients: [0, 3, 8, 13, 29, 76, 81, 92, 96]  |  rejected: [60]
19:53:58  INFO      defenses.mkrum — MKrum selected 9 / 10 clients: [1, 16, 23, 32, 49, 55, 63, 91, 99]  |  rejected: [59]
19:54:10  INFO      datasets.backdoor — BackdoorDataset: 3332 / 6980 samples poisoned (target=0, fraction=0.500, seed=146).
19:54:14  INFO      attacks.neurotoxin_client — Neurotoxin client [19] round 120: poisoned 3332/6980 samples (target=0, masked=True).
19:54:19  INFO      datasets.backdoor — BackdoorDataset: 3308 / 6979 samples poisoned (target=0, fraction=0.500, seed=168).
19:54:25  INFO      attacks.neurotoxin_client — Neurotoxin client [41] round 120: poisoned 3308/6979 samples (target=0, masked=True).
19:54:32  INFO      defenses.mkrum — MKrum selected 9 / 10 clients: [30, 38, 40, 41, 58, 77, 88, 94, 98]  |  rejected: [19]
19:55:19  INFO      experiment.runner — Round  121/150  |  acc:  85.63%  loss: 0.3959  |  ASR:   2.41%  asr_loss: 10.4116  |  TPR: 50.0%  FPR: 0.0%  |  mF1: 71.0%
19:55:20  INFO      datasets.backdoor — BackdoorDataset: 3323 / 6979 samples poisoned (target=0, fraction=0.500, seed=174).
19:55:29  INFO      attacks.neurotoxin_client — Neurotoxin client [46] round 121: poisoned 3323/6979 samples (target=0, masked=True).
19:55:41  INFO      datasets.backdoor — BackdoorDataset: 3304 / 6979 samples poisoned (target=0, fraction=0.500, seed=178).
19:55:46  INFO      attacks.neurotoxin_client — Neurotoxin client [50] round 121: poisoned 3304/6979 samples (target=0, masked=True).
19:55:55  INFO      defenses.mkrum — MKrum selected 9 / 10 clients: [10, 20, 25, 31, 46, 52, 65, 76, 96]  |  rejected: [50]
19:55:58  INFO      datasets.backdoor — BackdoorDataset: 3319 / 6979 samples poisoned (target=0, fraction=0.500, seed=212).
19:56:02  INFO      attacks.neurotoxin_client — Neurotoxin client [83] round 122: poisoned 3319/6979 samples (target=0, masked=True).
19:56:11  INFO      datasets.backdoor — BackdoorDataset: 3308 / 6979 samples poisoned (target=0, fraction=0.500, seed=170).
19:56:15  INFO      attacks.neurotoxin_client — Neurotoxin client [41] round 122: poisoned 3308/6979 samples (target=0, masked=True).
19:56:25  INFO      defenses.mkrum — MKrum selected 9 / 10 clients: [4, 8, 13, 20, 41, 54, 61, 69, 70]  |  rejected: [83]
19:56:26  INFO      datasets.backdoor — BackdoorDataset: 3309 / 6980 samples poisoned (target=0, fraction=0.500, seed=139).
19:56:32  INFO      attacks.neurotoxin_client — Neurotoxin client [9] round 123: poisoned 3309/6980 samples (target=0, masked=True).
19:56:43  INFO      datasets.backdoor — BackdoorDataset: 3316 / 6980 samples poisoned (target=0, fraction=0.500, seed=142).
19:56:49  INFO      attacks.neurotoxin_client — Neurotoxin client [12] round 123: poisoned 3316/6980 samples (target=0, masked=True).
19:57:00  INFO      defenses.mkrum — MKrum selected 9 / 10 clients: [10, 12, 26, 33, 53, 57, 63, 79, 90]  |  rejected: [9]
19:57:25  INFO      datasets.backdoor — BackdoorDataset: 3324 / 6979 samples poisoned (target=0, fraction=0.500, seed=199).
19:57:31  INFO      attacks.neurotoxin_client — Neurotoxin client [68] round 124: poisoned 3324/6979 samples (target=0, masked=True).
19:57:31  INFO      defenses.mkrum — MKrum selected 9 / 10 clients: [17, 22, 29, 30, 53, 58, 79, 86, 95]  |  rejected: [68]
19:57:56  INFO      defenses.mkrum — MKrum selected 9 / 10 clients: [15, 32, 34, 35, 37, 47, 72, 85, 99]  |  rejected: [97]
19:58:18  INFO      datasets.backdoor — BackdoorDataset: 3332 / 6980 samples poisoned (target=0, fraction=0.500, seed=152).
19:58:25  INFO      attacks.neurotoxin_client — Neurotoxin client [19] round 126: poisoned 3332/6980 samples (target=0, masked=True).
19:58:27  INFO      datasets.backdoor — BackdoorDataset: 3309 / 6979 samples poisoned (target=0, fraction=0.500, seed=207).
19:58:31  INFO      attacks.neurotoxin_client — Neurotoxin client [74] round 126: poisoned 3309/6979 samples (target=0, masked=True).
19:58:31  INFO      defenses.mkrum — MKrum selected 9 / 10 clients: [23, 25, 30, 31, 33, 36, 56, 74, 94]  |  rejected: [19]
19:58:34  INFO      datasets.backdoor — BackdoorDataset: 3308 / 6979 samples poisoned (target=0, fraction=0.500, seed=175).
19:58:38  INFO      attacks.neurotoxin_client — Neurotoxin client [41] round 127: poisoned 3308/6979 samples (target=0, masked=True).
19:58:41  INFO      datasets.backdoor — BackdoorDataset: 3304 / 6979 samples poisoned (target=0, fraction=0.500, seed=184).
19:58:44  INFO      attacks.neurotoxin_client — Neurotoxin client [50] round 127: poisoned 3304/6979 samples (target=0, masked=True).
19:58:57  INFO      datasets.backdoor — BackdoorDataset: 3319 / 6979 samples poisoned (target=0, fraction=0.500, seed=217).
19:59:00  INFO      attacks.neurotoxin_client — Neurotoxin client [83] round 127: poisoned 3319/6979 samples (target=0, masked=True).
19:59:01  INFO      defenses.mkrum — MKrum selected 9 / 10 clients: [8, 24, 29, 31, 32, 41, 64, 67, 83]  |  rejected: [50]
19:59:01  INFO      datasets.backdoor — BackdoorDataset: 3316 / 6980 samples poisoned (target=0, fraction=0.500, seed=147).
19:59:06  INFO      attacks.neurotoxin_client — Neurotoxin client [12] round 128: poisoned 3316/6980 samples (target=0, masked=True).
19:59:06  INFO      datasets.backdoor — BackdoorDataset: 3319 / 6979 samples poisoned (target=0, fraction=0.500, seed=218).
19:59:13  INFO      attacks.neurotoxin_client — Neurotoxin client [83] round 128: poisoned 3319/6979 samples (target=0, masked=True).
19:59:39  INFO      defenses.mkrum — MKrum selected 9 / 10 clients: [0, 4, 13, 29, 47, 57, 59, 60, 83]  |  rejected: [12]
19:59:49  INFO      datasets.backdoor — BackdoorDataset: 3319 / 6980 samples poisoned (target=0, fraction=0.500, seed=142).
19:59:53  INFO      attacks.neurotoxin_client — Neurotoxin client [6] round 129: poisoned 3319/6980 samples (target=0, masked=True).
19:59:58  INFO      datasets.backdoor — BackdoorDataset: 3309 / 6979 samples poisoned (target=0, fraction=0.500, seed=210).
20:00:01  INFO      attacks.neurotoxin_client — Neurotoxin client [74] round 129: poisoned 3309/6979 samples (target=0, masked=True).
20:00:01  INFO      datasets.backdoor — BackdoorDataset: 3309 / 6980 samples poisoned (target=0, fraction=0.500, seed=145).
20:00:05  INFO      attacks.neurotoxin_client — Neurotoxin client [9] round 129: poisoned 3309/6980 samples (target=0, masked=True).
20:00:09  INFO      defenses.mkrum — MKrum selected 9 / 10 clients: [5, 6, 15, 24, 29, 37, 47, 74, 76]  |  rejected: [9]
20:00:38  INFO      defenses.mkrum — MKrum selected 9 / 10 clients: [0, 13, 22, 33, 65, 77, 81, 85, 99]  |  rejected: [57]
20:01:33  INFO      experiment.runner — Round  131/150  |  acc:  85.81%  loss: 0.3910  |  ASR:   2.04%  asr_loss: 10.3398  |  FPR: 10.0%  |  mF1: 71.4%
20:01:58  INFO      defenses.mkrum — MKrum selected 9 / 10 clients: [4, 5, 27, 43, 44, 47, 76, 79, 90]  |  rejected: [18]
20:02:14  INFO      datasets.backdoor — BackdoorDataset: 3319 / 6979 samples poisoned (target=0, fraction=0.500, seed=222).
20:02:21  INFO      attacks.neurotoxin_client — Neurotoxin client [83] round 132: poisoned 3319/6979 samples (target=0, masked=True).
20:02:23  INFO      datasets.backdoor — BackdoorDataset: 3308 / 6979 samples poisoned (target=0, fraction=0.500, seed=180).
20:02:27  INFO      attacks.neurotoxin_client — Neurotoxin client [41] round 132: poisoned 3308/6979 samples (target=0, masked=True).
20:02:32  INFO      defenses.mkrum — MKrum selected 9 / 10 clients: [1, 4, 26, 32, 52, 76, 83, 86, 93]  |  rejected: [41]
20:02:41  INFO      datasets.backdoor — BackdoorDataset: 3309 / 6980 samples poisoned (target=0, fraction=0.500, seed=149).
20:02:45  INFO      attacks.neurotoxin_client — Neurotoxin client [9] round 133: poisoned 3309/6980 samples (target=0, masked=True).
20:02:57  INFO      defenses.mkrum — MKrum selected 9 / 10 clients: [4, 23, 26, 39, 47, 61, 63, 70, 79]  |  rejected: [9]
20:03:02  INFO      datasets.backdoor — BackdoorDataset: 3316 / 6980 samples poisoned (target=0, fraction=0.500, seed=153).
20:03:06  INFO      attacks.neurotoxin_client — Neurotoxin client [12] round 134: poisoned 3316/6980 samples (target=0, masked=True).
20:03:07  INFO      datasets.backdoor — BackdoorDataset: 3304 / 6979 samples poisoned (target=0, fraction=0.500, seed=191).
20:03:10  INFO      attacks.neurotoxin_client — Neurotoxin client [50] round 134: poisoned 3304/6979 samples (target=0, masked=True).
20:03:17  INFO      datasets.backdoor — BackdoorDataset: 3332 / 6980 samples poisoned (target=0, fraction=0.500, seed=160).
20:03:22  INFO      attacks.neurotoxin_client — Neurotoxin client [19] round 134: poisoned 3332/6980 samples (target=0, masked=True).
20:03:24  INFO      datasets.backdoor — BackdoorDataset: 3324 / 6979 samples poisoned (target=0, fraction=0.500, seed=209).
20:03:28  INFO      attacks.neurotoxin_client — Neurotoxin client [68] round 134: poisoned 3324/6979 samples (target=0, masked=True).
20:03:32  INFO      defenses.mkrum — MKrum selected 9 / 10 clients: [8, 11, 19, 50, 52, 68, 70, 81, 84]  |  rejected: [12]
20:03:32  INFO      datasets.backdoor — BackdoorDataset: 3319 / 6979 samples poisoned (target=0, fraction=0.500, seed=225).
20:03:39  INFO      attacks.neurotoxin_client — Neurotoxin client [83] round 135: poisoned 3319/6979 samples (target=0, masked=True).
20:03:42  INFO      datasets.backdoor — BackdoorDataset: 3304 / 6979 samples poisoned (target=0, fraction=0.500, seed=192).
20:03:49  INFO      attacks.neurotoxin_client — Neurotoxin client [50] round 135: poisoned 3304/6979 samples (target=0, masked=True).
20:04:05  INFO      defenses.mkrum — MKrum selected 9 / 10 clients: [20, 34, 36, 39, 50, 52, 53, 85, 89]  |  rejected: [83]
20:04:06  INFO      datasets.backdoor — BackdoorDataset: 3319 / 6980 samples poisoned (target=0, fraction=0.500, seed=149).
20:04:09  INFO      attacks.neurotoxin_client — Neurotoxin client [6] round 136: poisoned 3319/6980 samples (target=0, masked=True).
20:04:26  INFO      datasets.backdoor — BackdoorDataset: 3323 / 6979 samples poisoned (target=0, fraction=0.500, seed=189).
20:04:32  INFO      attacks.neurotoxin_client — Neurotoxin client [46] round 136: poisoned 3323/6979 samples (target=0, masked=True).
20:04:36  INFO      defenses.mkrum — MKrum selected 9 / 10 clients: [2, 39, 45, 46, 53, 72, 82, 95, 98]  |  rejected: [6]
20:04:40  INFO      datasets.backdoor — BackdoorDataset: 3304 / 6979 samples poisoned (target=0, fraction=0.500, seed=194).
20:04:47  INFO      attacks.neurotoxin_client — Neurotoxin client [50] round 137: poisoned 3304/6979 samples (target=0, masked=True).
20:05:09  INFO      defenses.mkrum — MKrum selected 9 / 10 clients: [0, 14, 20, 25, 26, 51, 54, 55, 93]  |  rejected: [50]
20:05:16  INFO      datasets.backdoor — BackdoorDataset: 3323 / 6979 samples poisoned (target=0, fraction=0.500, seed=191).
20:05:20  INFO      attacks.neurotoxin_client — Neurotoxin client [46] round 138: poisoned 3323/6979 samples (target=0, masked=True).
20:05:32  INFO      datasets.backdoor — BackdoorDataset: 3319 / 6980 samples poisoned (target=0, fraction=0.500, seed=151).
20:05:36  INFO      attacks.neurotoxin_client — Neurotoxin client [6] round 138: poisoned 3319/6980 samples (target=0, masked=True).
20:05:36  INFO      defenses.mkrum — MKrum selected 9 / 10 clients: [1, 6, 11, 16, 20, 51, 58, 73, 98]  |  rejected: [46]
20:05:46  INFO      datasets.backdoor — BackdoorDataset: 3304 / 6979 samples poisoned (target=0, fraction=0.500, seed=196).
20:05:52  INFO      attacks.neurotoxin_client — Neurotoxin client [50] round 139: poisoned 3304/6979 samples (target=0, masked=True).
20:06:10  INFO      defenses.mkrum — MKrum selected 9 / 10 clients: [11, 18, 47, 64, 70, 73, 79, 82, 94]  |  rejected: [50]
20:06:34  INFO      defenses.mkrum — MKrum selected 9 / 10 clients: [8, 13, 18, 21, 36, 44, 49, 62, 66]  |  rejected: [20]
20:07:24  INFO      experiment.runner — Round  141/150  |  acc:  85.82%  loss: 0.3905  |  ASR:   2.03%  asr_loss: 10.6074  |  FPR: 10.0%  |  mF1: 71.2%
20:07:42  INFO      datasets.backdoor — BackdoorDataset: 3319 / 6980 samples poisoned (target=0, fraction=0.500, seed=154).
20:07:48  INFO      attacks.neurotoxin_client — Neurotoxin client [6] round 141: poisoned 3319/6980 samples (target=0, masked=True).
20:07:56  INFO      defenses.mkrum — MKrum selected 9 / 10 clients: [5, 16, 25, 38, 40, 61, 77, 81, 96]  |  rejected: [6]
20:08:21  INFO      defenses.mkrum — MKrum selected 9 / 10 clients: [11, 20, 49, 51, 78, 79, 81, 88, 91]  |  rejected: [28]
20:08:49  INFO      defenses.mkrum — MKrum selected 9 / 10 clients: [5, 20, 23, 25, 27, 49, 60, 66, 72]  |  rejected: [51]
20:08:56  INFO      datasets.backdoor — BackdoorDataset: 3332 / 6980 samples poisoned (target=0, fraction=0.500, seed=170).
20:09:00  INFO      attacks.neurotoxin_client — Neurotoxin client [19] round 144: poisoned 3332/6980 samples (target=0, masked=True).
20:09:17  INFO      defenses.mkrum — MKrum selected 9 / 10 clients: [5, 15, 24, 31, 45, 71, 86, 92, 96]  |  rejected: [19]
20:09:22  INFO      datasets.backdoor — BackdoorDataset: 3308 / 6979 samples poisoned (target=0, fraction=0.500, seed=193).
20:09:25  INFO      attacks.neurotoxin_client — Neurotoxin client [41] round 145: poisoned 3308/6979 samples (target=0, masked=True).
20:09:46  INFO      defenses.mkrum — MKrum selected 9 / 10 clients: [4, 15, 49, 58, 70, 76, 80, 85, 99]  |  rejected: [41]
20:09:51  INFO      datasets.backdoor — BackdoorDataset: 3319 / 6979 samples poisoned (target=0, fraction=0.500, seed=236).
20:09:59  INFO      attacks.neurotoxin_client — Neurotoxin client [83] round 146: poisoned 3319/6979 samples (target=0, masked=True).
20:10:02  INFO      datasets.backdoor — BackdoorDataset: 3309 / 6979 samples poisoned (target=0, fraction=0.500, seed=227).
20:10:07  INFO      attacks.neurotoxin_client — Neurotoxin client [74] round 146: poisoned 3309/6979 samples (target=0, masked=True).
20:10:21  INFO      defenses.mkrum — MKrum selected 9 / 10 clients: [31, 39, 47, 49, 53, 54, 57, 74, 84]  |  rejected: [83]
20:10:45  INFO      defenses.mkrum — MKrum selected 9 / 10 clients: [0, 2, 22, 30, 56, 59, 62, 64, 79]  |  rejected: [57]
20:11:15  INFO      defenses.mkrum — MKrum selected 9 / 10 clients: [8, 13, 16, 22, 51, 60, 79, 97, 99]  |  rejected: [58]
20:11:20  INFO      datasets.backdoor — BackdoorDataset: 3323 / 6979 samples poisoned (target=0, fraction=0.500, seed=202).
20:11:24  INFO      attacks.neurotoxin_client — Neurotoxin client [46] round 149: poisoned 3323/6979 samples (target=0, masked=True).
20:11:41  INFO      defenses.mkrum — MKrum selected 9 / 10 clients: [5, 11, 45, 55, 56, 64, 65, 81, 84]  |  rejected: [46]
20:12:29  INFO      experiment.runner — Round  150/150  |  acc:  85.92%  loss: 0.3873  |  ASR:   2.02%  asr_loss: 11.0210  |  TPR: 100.0%  FPR: 0.0%  |  mF1: 71.5%
20:12:29  INFO      experiment.runner — Final model saved to results/benchmark/femnist_neurotoxin_mkrum_seed7/final_model.pt
20:12:29  INFO      experiment.runner — Client atypicality written to results/benchmark/femnist_neurotoxin_mkrum_seed7/client_atypicality.json
20:12:29  INFO      experiment.runner — Client inclusion rates written to results/benchmark/femnist_neurotoxin_mkrum_seed7/client_inclusion.csv
20:12:29  INFO      experiment.runner — Anomaly scores written to results/benchmark/femnist_neurotoxin_mkrum_seed7/anomaly_scores.csv (1500 rows)
20:12:29  INFO      benchmark — ✓  femnist_neurotoxin_mkrum_seed7  (87.1 min)
20:12:29  INFO      benchmark — ▶  femnist_neurotoxin_mkrum_seed8
20:12:29  INFO      experiment.runner — Initialising 'femnist_neurotoxin_mkrum_seed8' | device=cuda | rounds=150 | clients=10/100 | attack=neurotoxin | defense=mkrum
20:12:30  INFO      defenses.mkrum — MKrumServer initialised — f=1 Byzantine, selecting m=9 updates.
20:12:40  INFO      experiment.utils — Built 100 clients — 10 malicious, 90 benign.
20:12:40  INFO      datasets.backdoor — BackdoorDataset: 110545 / 110545 samples poisoned (target=0, fraction=1.000, seed=0).
20:12:41  INFO      experiment.runner — Setup complete — 100 clients (10 malicious) | backdoor eval: static-trigger

==============================================================
  Summary — 16 rounds evaluated
==============================================================
  Final clean accuracy               85.92%
  Best  clean accuracy               85.92%
  Final clean loss                   0.3873
  Macro F1                           71.45%
  Final ASR                           2.02%
  Mean ASR (attack window)            2.30%
  Max  ASR (attack window)            2.89%
  Pooled TPR (attack period)         64.17%
  Pooled FPR (all rounds)             5.29%
==============================================================

20:13:04  INFO      defenses.mkrum — MKrum selected 9 / 10 clients: [10, 16, 17, 24, 29, 31, 47, 48, 90]  |  rejected: [5]
20:13:54  INFO      experiment.runner — Round    1/150  |  acc:  51.87%  loss: 1.9188  |  ASR:   3.56%  asr_loss: 6.2012  |  FPR: 10.0%  |  mF1: 22.0%
20:14:22  INFO      defenses.mkrum — MKrum selected 9 / 10 clients: [3, 26, 49, 51, 58, 62, 64, 73, 82]  |  rejected: [63]
20:14:45  INFO      defenses.mkrum — MKrum selected 9 / 10 clients: [2, 11, 24, 34, 51, 62, 66, 89, 97]  |  rejected: [29]
20:15:14  INFO      defenses.mkrum — MKrum selected 9 / 10 clients: [8, 12, 14, 33, 49, 52, 60, 84, 92]  |  rejected: [48]
20:15:39  INFO      defenses.mkrum — MKrum selected 9 / 10 clients: [7, 11, 13, 30, 43, 63, 79, 84, 88]  |  rejected: [48]
20:16:07  INFO      defenses.mkrum — MKrum selected 9 / 10 clients: [4, 8, 18, 26, 62, 66, 69, 74, 77]  |  rejected: [83]
20:16:36  INFO      defenses.mkrum — MKrum selected 9 / 10 clients: [18, 36, 45, 56, 58, 71, 74, 89, 93]  |  rejected: [24]
20:17:00  INFO      defenses.mkrum — MKrum selected 9 / 10 clients: [12, 20, 40, 54, 68, 76, 88, 89, 97]  |  rejected: [17]
20:17:32  INFO      defenses.mkrum — MKrum selected 9 / 10 clients: [19, 25, 36, 39, 45, 63, 64, 79, 82]  |  rejected: [67]
20:17:56  INFO      defenses.mkrum — MKrum selected 9 / 10 clients: [1, 9, 28, 44, 64, 65, 69, 84, 89]  |  rejected: [31]
20:18:24  INFO      defenses.mkrum — MKrum selected 9 / 10 clients: [4, 28, 32, 34, 37, 38, 43, 54, 90]  |  rejected: [48]
20:19:15  INFO      experiment.runner — Round   11/150  |  acc:  80.43%  loss: 0.5999  |  ASR:   1.98%  asr_loss: 10.0448  |  FPR: 10.0%  |  mF1: 60.5%
20:19:39  INFO      defenses.mkrum — MKrum selected 9 / 10 clients: [3, 20, 21, 22, 25, 50, 53, 84, 98]  |  rejected: [14]
20:20:10  INFO      defenses.mkrum — MKrum selected 9 / 10 clients: [1, 14, 21, 29, 38, 43, 55, 72, 97]  |  rejected: [48]
20:20:35  INFO      defenses.mkrum — MKrum selected 9 / 10 clients: [8, 10, 36, 52, 53, 57, 72, 75, 91]  |  rejected: [17]
20:21:02  INFO      defenses.mkrum — MKrum selected 9 / 10 clients: [4, 12, 13, 19, 46, 66, 67, 84, 97]  |  rejected: [10]
20:21:29  INFO      defenses.mkrum — MKrum selected 9 / 10 clients: [2, 8, 17, 19, 24, 43, 62, 64, 77]  |  rejected: [90]
20:21:54  INFO      defenses.mkrum — MKrum selected 9 / 10 clients: [0, 15, 38, 41, 44, 46, 49, 73, 95]  |  rejected: [84]
20:22:22  INFO      defenses.mkrum — MKrum selected 9 / 10 clients: [4, 7, 22, 26, 63, 74, 79, 82, 97]  |  rejected: [43]
20:22:49  INFO      defenses.mkrum — MKrum selected 9 / 10 clients: [15, 19, 25, 28, 55, 56, 60, 63, 77]  |  rejected: [10]
20:23:16  INFO      defenses.mkrum — MKrum selected 9 / 10 clients: [13, 15, 16, 56, 57, 65, 74, 82, 92]  |  rejected: [48]
20:23:42  INFO      defenses.mkrum — MKrum selected 9 / 10 clients: [6, 11, 28, 50, 58, 60, 72, 91, 92]  |  rejected: [46]
20:24:30  INFO      experiment.runner — Round   21/150  |  acc:  82.89%  loss: 0.4984  |  ASR:   2.18%  asr_loss: 11.3028  |  FPR: 10.0%  |  mF1: 65.5%
20:24:56  INFO      defenses.mkrum — MKrum selected 9 / 10 clients: [0, 6, 13, 14, 25, 27, 57, 76, 92]  |  rejected: [90]
20:25:25  INFO      defenses.mkrum — MKrum selected 9 / 10 clients: [2, 11, 46, 55, 67, 78, 83, 95, 96]  |  rejected: [76]
20:25:49  INFO      defenses.mkrum — MKrum selected 9 / 10 clients: [25, 29, 41, 49, 64, 66, 67, 72, 95]  |  rejected: [90]
20:26:20  INFO      defenses.mkrum — MKrum selected 9 / 10 clients: [0, 25, 28, 37, 41, 51, 78, 82, 95]  |  rejected: [10]
20:26:44  INFO      defenses.mkrum — MKrum selected 9 / 10 clients: [37, 41, 47, 53, 66, 70, 80, 94, 95]  |  rejected: [10]
20:27:07  INFO      defenses.mkrum — MKrum selected 9 / 10 clients: [13, 25, 37, 38, 45, 47, 62, 80, 83]  |  rejected: [48]
20:27:38  INFO      defenses.mkrum — MKrum selected 9 / 10 clients: [26, 39, 49, 50, 67, 74, 78, 87, 88]  |  rejected: [37]
20:28:03  INFO      defenses.mkrum — MKrum selected 9 / 10 clients: [25, 46, 54, 62, 67, 74, 77, 86, 93]  |  rejected: [45]
20:28:31  INFO      defenses.mkrum — MKrum selected 9 / 10 clients: [8, 14, 20, 34, 53, 63, 64, 93, 99]  |  rejected: [10]
20:28:56  INFO      defenses.mkrum — MKrum selected 9 / 10 clients: [34, 35, 37, 46, 52, 64, 79, 80, 95]  |  rejected: [31]
20:29:44  INFO      experiment.runner — Round   31/150  |  acc:  83.85%  loss: 0.4612  |  ASR:   1.98%  asr_loss: 11.8682  |  FPR: 10.0%  |  mF1: 67.3%
20:30:14  INFO      defenses.mkrum — MKrum selected 9 / 10 clients: [13, 25, 29, 47, 58, 63, 67, 76, 99]  |  rejected: [31]
20:30:38  INFO      defenses.mkrum — MKrum selected 9 / 10 clients: [10, 14, 17, 21, 49, 54, 72, 83, 99]  |  rejected: [5]
20:31:04  INFO      defenses.mkrum — MKrum selected 9 / 10 clients: [2, 11, 12, 33, 58, 59, 78, 85, 87]  |  rejected: [24]
20:31:33  INFO      defenses.mkrum — MKrum selected 9 / 10 clients: [4, 8, 11, 36, 40, 45, 72, 77, 83]  |  rejected: [16]
20:31:56  INFO      defenses.mkrum — MKrum selected 9 / 10 clients: [4, 9, 10, 29, 40, 46, 76, 83, 92]  |  rejected: [17]
20:32:26  INFO      defenses.mkrum — MKrum selected 9 / 10 clients: [8, 14, 28, 37, 41, 45, 66, 78, 92]  |  rejected: [95]
20:32:51  INFO      defenses.mkrum — MKrum selected 9 / 10 clients: [8, 12, 19, 20, 32, 44, 55, 68, 93]  |  rejected: [49]
20:32:54  INFO      datasets.backdoor — BackdoorDataset: 3315 / 6980 samples poisoned (target=0, fraction=0.500, seed=56).
20:32:59  INFO      attacks.neurotoxin_client — Neurotoxin client [10] round 38: poisoned 3315/6980 samples (target=0, masked=True).
20:33:22  INFO      defenses.mkrum — MKrum selected 9 / 10 clients: [6, 7, 13, 22, 25, 28, 37, 43, 95]  |  rejected: [10]
20:33:40  INFO      datasets.backdoor — BackdoorDataset: 3301 / 6980 samples poisoned (target=0, fraction=0.500, seed=78).
20:33:46  INFO      attacks.neurotoxin_client — Neurotoxin client [31] round 39: poisoned 3301/6980 samples (target=0, masked=True).
20:33:51  INFO      defenses.mkrum — MKrum selected 9 / 10 clients: [21, 22, 37, 41, 61, 64, 71, 81, 94]  |  rejected: [31]
20:33:58  INFO      datasets.backdoor — BackdoorDataset: 3315 / 6980 samples poisoned (target=0, fraction=0.500, seed=58).
20:34:02  INFO      attacks.neurotoxin_client — Neurotoxin client [10] round 40: poisoned 3315/6980 samples (target=0, masked=True).
20:34:02  INFO      datasets.backdoor — BackdoorDataset: 3303 / 6980 samples poisoned (target=0, fraction=0.500, seed=65).
20:34:06  INFO      attacks.neurotoxin_client — Neurotoxin client [17] round 40: poisoned 3303/6980 samples (target=0, masked=True).
20:34:08  INFO      datasets.backdoor — BackdoorDataset: 3322 / 6980 samples poisoned (target=0, fraction=0.500, seed=64).
20:34:12  INFO      attacks.neurotoxin_client — Neurotoxin client [16] round 40: poisoned 3322/6980 samples (target=0, masked=True).
20:34:20  INFO      defenses.mkrum — MKrum selected 9 / 10 clients: [14, 16, 17, 27, 28, 41, 72, 91, 95]  |  rejected: [10]
20:35:16  INFO      experiment.runner — Round   41/150  |  acc:  83.90%  loss: 0.4581  |  ASR:   2.97%  asr_loss: 9.6668  |  TPR: 33.3%  FPR: 0.0%  |  mF1: 67.8%
20:35:23  INFO      datasets.backdoor — BackdoorDataset: 3303 / 6980 samples poisoned (target=0, fraction=0.500, seed=66).
20:35:30  INFO      attacks.neurotoxin_client — Neurotoxin client [17] round 41: poisoned 3303/6980 samples (target=0, masked=True).
20:35:47  INFO      defenses.mkrum — MKrum selected 9 / 10 clients: [7, 21, 22, 52, 56, 57, 74, 88, 97]  |  rejected: [17]
20:36:07  INFO      datasets.backdoor — BackdoorDataset: 3306 / 6979 samples poisoned (target=0, fraction=0.500, seed=97).
20:36:13  INFO      attacks.neurotoxin_client — Neurotoxin client [47] round 42: poisoned 3306/6979 samples (target=0, masked=True).
20:36:17  INFO      defenses.mkrum — MKrum selected 9 / 10 clients: [36, 53, 55, 74, 78, 85, 87, 88, 94]  |  rejected: [47]
20:36:20  INFO      datasets.backdoor — BackdoorDataset: 3320 / 6979 samples poisoned (target=0, fraction=0.500, seed=141).
20:36:24  INFO      attacks.neurotoxin_client — Neurotoxin client [90] round 43: poisoned 3320/6979 samples (target=0, masked=True).
20:36:48  INFO      defenses.mkrum — MKrum selected 9 / 10 clients: [23, 34, 39, 46, 62, 67, 72, 94, 99]  |  rejected: [90]
20:36:53  INFO      datasets.backdoor — BackdoorDataset: 3322 / 6980 samples poisoned (target=0, fraction=0.500, seed=68).
20:36:57  INFO      attacks.neurotoxin_client — Neurotoxin client [16] round 44: poisoned 3322/6980 samples (target=0, masked=True).
20:37:14  INFO      defenses.mkrum — MKrum selected 9 / 10 clients: [35, 37, 60, 63, 64, 65, 68, 81, 87]  |  rejected: [16]
20:37:31  INFO      datasets.backdoor — BackdoorDataset: 3303 / 6980 samples poisoned (target=0, fraction=0.500, seed=70).
20:37:41  INFO      attacks.neurotoxin_client — Neurotoxin client [17] round 45: poisoned 3303/6980 samples (target=0, masked=True).
20:37:52  INFO      defenses.mkrum — MKrum selected 9 / 10 clients: [15, 27, 50, 60, 62, 67, 72, 82, 98]  |  rejected: [17]
20:37:59  INFO      datasets.backdoor — BackdoorDataset: 3306 / 6979 samples poisoned (target=0, fraction=0.500, seed=101).
20:38:03  INFO      attacks.neurotoxin_client — Neurotoxin client [47] round 46: poisoned 3306/6979 samples (target=0, masked=True).
20:38:08  INFO      datasets.backdoor — BackdoorDataset: 3319 / 6979 samples poisoned (target=0, fraction=0.500, seed=102).
20:38:12  INFO      attacks.neurotoxin_client — Neurotoxin client [48] round 46: poisoned 3319/6979 samples (target=0, masked=True).
20:38:19  INFO      defenses.mkrum — MKrum selected 9 / 10 clients: [3, 4, 37, 44, 47, 50, 64, 79, 89]  |  rejected: [48]
20:38:28  INFO      datasets.backdoor — BackdoorDataset: 3315 / 6980 samples poisoned (target=0, fraction=0.500, seed=65).
20:38:35  INFO      attacks.neurotoxin_client — Neurotoxin client [10] round 47: poisoned 3315/6980 samples (target=0, masked=True).
20:38:45  INFO      datasets.backdoor — BackdoorDataset: 3322 / 6980 samples poisoned (target=0, fraction=0.500, seed=71).
20:38:49  INFO      attacks.neurotoxin_client — Neurotoxin client [16] round 47: poisoned 3322/6980 samples (target=0, masked=True).
20:38:56  INFO      defenses.mkrum — MKrum selected 9 / 10 clients: [1, 10, 18, 23, 54, 57, 74, 88, 98]  |  rejected: [16]
20:39:06  INFO      datasets.backdoor — BackdoorDataset: 3306 / 6979 samples poisoned (target=0, fraction=0.500, seed=103).
20:39:10  INFO      attacks.neurotoxin_client — Neurotoxin client [47] round 48: poisoned 3306/6979 samples (target=0, masked=True).
20:39:13  INFO      datasets.backdoor — BackdoorDataset: 3315 / 6980 samples poisoned (target=0, fraction=0.500, seed=61).
20:39:17  INFO      attacks.neurotoxin_client — Neurotoxin client [5] round 48: poisoned 3315/6980 samples (target=0, masked=True).
20:39:24  INFO      defenses.mkrum — MKrum selected 9 / 10 clients: [13, 47, 64, 72, 74, 76, 80, 83, 91]  |  rejected: [5]
20:39:24  INFO      datasets.backdoor — BackdoorDataset: 3306 / 6979 samples poisoned (target=0, fraction=0.500, seed=104).
20:39:28  INFO      attacks.neurotoxin_client — Neurotoxin client [47] round 49: poisoned 3306/6979 samples (target=0, masked=True).
20:39:55  INFO      defenses.mkrum — MKrum selected 9 / 10 clients: [13, 21, 30, 40, 45, 46, 61, 82, 83]  |  rejected: [47]
20:40:00  INFO      datasets.backdoor — BackdoorDataset: 3306 / 6979 samples poisoned (target=0, fraction=0.500, seed=105).
20:40:05  INFO      attacks.neurotoxin_client — Neurotoxin client [47] round 50: poisoned 3306/6979 samples (target=0, masked=True).
20:40:24  INFO      defenses.mkrum — MKrum selected 9 / 10 clients: [4, 44, 54, 73, 80, 85, 94, 95, 96]  |  rejected: [47]
20:41:12  INFO      experiment.runner — Round   51/150  |  acc:  84.72%  loss: 0.4281  |  ASR:   2.17%  asr_loss: 11.7574  |  TPR: 100.0%  FPR: 0.0%  |  mF1: 69.1%
20:41:15  INFO      datasets.backdoor — BackdoorDataset: 3320 / 6979 samples poisoned (target=0, fraction=0.500, seed=149).
20:41:19  INFO      attacks.neurotoxin_client — Neurotoxin client [90] round 51: poisoned 3320/6979 samples (target=0, masked=True).
20:41:35  INFO      datasets.backdoor — BackdoorDataset: 3317 / 6980 samples poisoned (target=0, fraction=0.500, seed=88).
20:41:42  INFO      attacks.neurotoxin_client — Neurotoxin client [29] round 51: poisoned 3317/6980 samples (target=0, masked=True).
20:41:48  INFO      defenses.mkrum — MKrum selected 9 / 10 clients: [4, 7, 18, 29, 40, 46, 65, 83, 84]  |  rejected: [90]
20:42:03  INFO      datasets.backdoor — BackdoorDataset: 3303 / 6980 samples poisoned (target=0, fraction=0.500, seed=77).
20:42:07  INFO      attacks.neurotoxin_client — Neurotoxin client [17] round 52: poisoned 3303/6980 samples (target=0, masked=True).
20:42:14  INFO      defenses.mkrum — MKrum selected 9 / 10 clients: [2, 22, 34, 38, 46, 60, 61, 71, 82]  |  rejected: [17]
20:42:48  INFO      defenses.mkrum — MKrum selected 9 / 10 clients: [33, 37, 51, 56, 58, 63, 74, 87, 94]  |  rejected: [36]
20:43:09  INFO      datasets.backdoor — BackdoorDataset: 3303 / 6980 samples poisoned (target=0, fraction=0.500, seed=79).
20:43:13  INFO      attacks.neurotoxin_client — Neurotoxin client [17] round 54: poisoned 3303/6980 samples (target=0, masked=True).
20:43:15  INFO      defenses.mkrum — MKrum selected 9 / 10 clients: [11, 43, 56, 57, 63, 74, 80, 83, 84]  |  rejected: [17]
20:43:43  INFO      defenses.mkrum — MKrum selected 9 / 10 clients: [13, 46, 49, 58, 60, 73, 76, 85, 94]  |  rejected: [91]
20:43:52  INFO      datasets.backdoor — BackdoorDataset: 3320 / 6979 samples poisoned (target=0, fraction=0.500, seed=154).
20:43:56  INFO      attacks.neurotoxin_client — Neurotoxin client [90] round 56: poisoned 3320/6979 samples (target=0, masked=True).
20:44:12  INFO      defenses.mkrum — MKrum selected 9 / 10 clients: [4, 11, 18, 22, 26, 64, 66, 69, 75]  |  rejected: [90]
20:44:37  INFO      defenses.mkrum — MKrum selected 9 / 10 clients: [18, 25, 27, 32, 51, 70, 81, 85, 97]  |  rejected: [39]
20:45:05  INFO      defenses.mkrum — MKrum selected 9 / 10 clients: [0, 1, 3, 4, 14, 27, 40, 56, 91]  |  rejected: [94]
20:45:13  INFO      datasets.backdoor — BackdoorDataset: 3322 / 6980 samples poisoned (target=0, fraction=0.500, seed=83).
20:45:20  INFO      attacks.neurotoxin_client — Neurotoxin client [16] round 59: poisoned 3322/6980 samples (target=0, masked=True).
20:45:32  INFO      datasets.backdoor — BackdoorDataset: 3315 / 6980 samples poisoned (target=0, fraction=0.500, seed=72).
20:45:36  INFO      attacks.neurotoxin_client — Neurotoxin client [5] round 59: poisoned 3315/6980 samples (target=0, masked=True).
20:45:39  INFO      defenses.mkrum — MKrum selected 9 / 10 clients: [1, 2, 16, 27, 38, 39, 73, 81, 94]  |  rejected: [5]
20:46:04  INFO      defenses.mkrum — MKrum selected 9 / 10 clients: [0, 11, 12, 30, 40, 42, 53, 65, 87]  |  rejected: [66]
20:46:56  INFO      experiment.runner — Round   61/150  |  acc:  85.01%  loss: 0.4184  |  ASR:   1.94%  asr_loss: 11.8162  |  FPR: 10.0%  |  mF1: 69.9%
20:47:25  INFO      defenses.mkrum — MKrum selected 9 / 10 clients: [9, 14, 18, 25, 53, 54, 61, 64, 91]  |  rejected: [96]
20:47:30  INFO      datasets.backdoor — BackdoorDataset: 3320 / 6979 samples poisoned (target=0, fraction=0.500, seed=160).
20:47:34  INFO      attacks.neurotoxin_client — Neurotoxin client [90] round 62: poisoned 3320/6979 samples (target=0, masked=True).
20:47:53  INFO      defenses.mkrum — MKrum selected 9 / 10 clients: [6, 18, 32, 44, 55, 76, 84, 85, 99]  |  rejected: [90]
20:48:23  INFO      defenses.mkrum — MKrum selected 9 / 10 clients: [3, 8, 25, 36, 40, 52, 62, 88, 98]  |  rejected: [84]
20:48:48  INFO      defenses.mkrum — MKrum selected 9 / 10 clients: [7, 28, 33, 35, 39, 50, 66, 88, 89]  |  rejected: [20]
20:49:00  INFO      datasets.backdoor — BackdoorDataset: 3320 / 6979 samples poisoned (target=0, fraction=0.500, seed=163).
20:49:06  INFO      attacks.neurotoxin_client — Neurotoxin client [90] round 65: poisoned 3320/6979 samples (target=0, masked=True).
20:49:17  INFO      datasets.backdoor — BackdoorDataset: 3321 / 6980 samples poisoned (target=0, fraction=0.500, seed=97).
20:49:21  INFO      attacks.neurotoxin_client — Neurotoxin client [24] round 65: poisoned 3321/6980 samples (target=0, masked=True).
20:49:24  INFO      defenses.mkrum — MKrum selected 9 / 10 clients: [2, 14, 26, 27, 51, 77, 88, 89, 90]  |  rejected: [24]
20:49:44  INFO      datasets.backdoor — BackdoorDataset: 3315 / 6980 samples poisoned (target=0, fraction=0.500, seed=84).
20:49:48  INFO      attacks.neurotoxin_client — Neurotoxin client [10] round 66: poisoned 3315/6980 samples (target=0, masked=True).
20:49:50  INFO      defenses.mkrum — MKrum selected 9 / 10 clients: [19, 30, 40, 55, 63, 83, 91, 98, 99]  |  rejected: [10]
20:50:20  INFO      datasets.backdoor — BackdoorDataset: 3303 / 6980 samples poisoned (target=0, fraction=0.500, seed=92).
20:50:24  INFO      attacks.neurotoxin_client — Neurotoxin client [17] round 67: poisoned 3303/6980 samples (target=0, masked=True).
20:50:25  INFO      defenses.mkrum — MKrum selected 9 / 10 clients: [44, 46, 59, 63, 64, 70, 78, 79, 87]  |  rejected: [17]
20:50:50  INFO      defenses.mkrum — MKrum selected 9 / 10 clients: [12, 20, 21, 28, 30, 43, 60, 66, 78]  |  rejected: [71]
20:51:14  INFO      datasets.backdoor — BackdoorDataset: 3322 / 6980 samples poisoned (target=0, fraction=0.500, seed=93).
20:51:18  INFO      attacks.neurotoxin_client — Neurotoxin client [16] round 69: poisoned 3322/6980 samples (target=0, masked=True).
20:51:21  INFO      defenses.mkrum — MKrum selected 9 / 10 clients: [25, 28, 43, 54, 72, 76, 86, 88, 92]  |  rejected: [16]
20:51:48  INFO      defenses.mkrum — MKrum selected 9 / 10 clients: [9, 18, 30, 34, 41, 56, 73, 84, 99]  |  rejected: [92]
20:52:41  INFO      experiment.runner — Round   71/150  |  acc:  85.17%  loss: 0.4120  |  ASR:   2.00%  asr_loss: 12.1333  |  FPR: 10.0%  |  mF1: 69.8%
20:53:11  INFO      defenses.mkrum — MKrum selected 9 / 10 clients: [15, 39, 40, 45, 49, 50, 51, 76, 98]  |  rejected: [2]
20:53:35  INFO      defenses.mkrum — MKrum selected 9 / 10 clients: [1, 43, 52, 57, 62, 70, 76, 85, 91]  |  rejected: [86]
20:53:45  INFO      datasets.backdoor — BackdoorDataset: 3320 / 6979 samples poisoned (target=0, fraction=0.500, seed=171).
20:53:49  INFO      attacks.neurotoxin_client — Neurotoxin client [90] round 73: poisoned 3320/6979 samples (target=0, masked=True).
20:54:08  INFO      datasets.backdoor — BackdoorDataset: 3306 / 6979 samples poisoned (target=0, fraction=0.500, seed=128).
20:54:14  INFO      attacks.neurotoxin_client — Neurotoxin client [47] round 73: poisoned 3306/6979 samples (target=0, masked=True).
20:54:15  INFO      defenses.mkrum — MKrum selected 9 / 10 clients: [1, 2, 25, 40, 64, 77, 88, 90, 96]  |  rejected: [47]
20:54:15  INFO      datasets.backdoor — BackdoorDataset: 3320 / 6979 samples poisoned (target=0, fraction=0.500, seed=172).
20:54:19  INFO      attacks.neurotoxin_client — Neurotoxin client [90] round 74: poisoned 3320/6979 samples (target=0, masked=True).
20:54:41  INFO      defenses.mkrum — MKrum selected 9 / 10 clients: [6, 13, 14, 22, 35, 56, 61, 74, 78]  |  rejected: [90]
20:54:41  INFO      datasets.backdoor — BackdoorDataset: 3315 / 6980 samples poisoned (target=0, fraction=0.500, seed=93).
20:54:45  INFO      attacks.neurotoxin_client — Neurotoxin client [10] round 75: poisoned 3315/6980 samples (target=0, masked=True).
20:54:53  INFO      datasets.backdoor — BackdoorDataset: 3301 / 6980 samples poisoned (target=0, fraction=0.500, seed=114).
20:54:56  INFO      attacks.neurotoxin_client — Neurotoxin client [31] round 75: poisoned 3301/6980 samples (target=0, masked=True).
20:55:09  INFO      defenses.mkrum — MKrum selected 9 / 10 clients: [3, 7, 9, 10, 25, 42, 44, 70, 80]  |  rejected: [31]
20:55:11  INFO      datasets.backdoor — BackdoorDataset: 3320 / 6979 samples poisoned (target=0, fraction=0.500, seed=174).
20:55:16  INFO      attacks.neurotoxin_client — Neurotoxin client [90] round 76: poisoned 3320/6979 samples (target=0, masked=True).
20:55:43  INFO      defenses.mkrum — MKrum selected 9 / 10 clients: [7, 20, 35, 40, 49, 62, 77, 80, 94]  |  rejected: [90]
20:55:55  INFO      datasets.backdoor — BackdoorDataset: 3301 / 6980 samples poisoned (target=0, fraction=0.500, seed=116).
20:55:58  INFO      attacks.neurotoxin_client — Neurotoxin client [31] round 77: poisoned 3301/6980 samples (target=0, masked=True).
20:56:11  INFO      defenses.mkrum — MKrum selected 9 / 10 clients: [7, 59, 61, 65, 69, 74, 85, 88, 97]  |  rejected: [31]
20:56:38  INFO      defenses.mkrum — MKrum selected 9 / 10 clients: [20, 51, 57, 60, 65, 66, 83, 85, 98]  |  rejected: [15]
20:57:05  INFO      defenses.mkrum — MKrum selected 9 / 10 clients: [21, 37, 42, 65, 69, 72, 73, 78, 94]  |  rejected: [89]
20:57:31  INFO      defenses.mkrum — MKrum selected 9 / 10 clients: [14, 23, 38, 45, 51, 57, 70, 79, 95]  |  rejected: [20]
20:58:22  INFO      experiment.runner — Round   81/150  |  acc:  85.40%  loss: 0.4050  |  ASR:   1.91%  asr_loss: 12.2016  |  FPR: 10.0%  |  mF1: 70.4%
20:58:46  INFO      datasets.backdoor — BackdoorDataset: 3301 / 6980 samples poisoned (target=0, fraction=0.500, seed=120).
20:58:53  INFO      attacks.neurotoxin_client — Neurotoxin client [31] round 81: poisoned 3301/6980 samples (target=0, masked=True).
20:58:57  INFO      defenses.mkrum — MKrum selected 9 / 10 clients: [7, 9, 35, 45, 51, 67, 70, 77, 86]  |  rejected: [31]
20:59:11  INFO      datasets.backdoor — BackdoorDataset: 3321 / 6980 samples poisoned (target=0, fraction=0.500, seed=114).
20:59:15  INFO      attacks.neurotoxin_client — Neurotoxin client [24] round 82: poisoned 3321/6980 samples (target=0, masked=True).
20:59:23  INFO      defenses.mkrum — MKrum selected 9 / 10 clients: [8, 36, 56, 60, 61, 70, 88, 89, 91]  |  rejected: [24]
20:59:50  INFO      defenses.mkrum — MKrum selected 9 / 10 clients: [8, 12, 15, 23, 37, 50, 70, 83, 91]  |  rejected: [80]
21:00:05  INFO      datasets.backdoor — BackdoorDataset: 3320 / 6979 samples poisoned (target=0, fraction=0.500, seed=182).
21:00:09  INFO      attacks.neurotoxin_client — Neurotoxin client [90] round 84: poisoned 3320/6979 samples (target=0, masked=True).
21:00:09  INFO      datasets.backdoor — BackdoorDataset: 3321 / 6980 samples poisoned (target=0, fraction=0.500, seed=116).
21:00:13  INFO      attacks.neurotoxin_client — Neurotoxin client [24] round 84: poisoned 3321/6980 samples (target=0, masked=True).
21:00:16  INFO      datasets.backdoor — BackdoorDataset: 3301 / 6980 samples poisoned (target=0, fraction=0.500, seed=123).
21:00:19  INFO      attacks.neurotoxin_client — Neurotoxin client [31] round 84: poisoned 3301/6980 samples (target=0, masked=True).
21:00:22  INFO      datasets.backdoor — BackdoorDataset: 3319 / 6979 samples poisoned (target=0, fraction=0.500, seed=140).
21:00:25  INFO      attacks.neurotoxin_client — Neurotoxin client [48] round 84: poisoned 3319/6979 samples (target=0, masked=True).
21:00:26  INFO      defenses.mkrum — MKrum selected 9 / 10 clients: [24, 30, 31, 41, 56, 62, 72, 90, 98]  |  rejected: [48]
21:00:47  INFO      datasets.backdoor — BackdoorDataset: 3315 / 6980 samples poisoned (target=0, fraction=0.500, seed=98).
21:00:54  INFO      attacks.neurotoxin_client — Neurotoxin client [5] round 85: poisoned 3315/6980 samples (target=0, masked=True).
21:00:59  INFO      defenses.mkrum — MKrum selected 9 / 10 clients: [3, 15, 39, 44, 62, 66, 67, 73, 74]  |  rejected: [5]
21:01:06  INFO      datasets.backdoor — BackdoorDataset: 3306 / 6979 samples poisoned (target=0, fraction=0.500, seed=141).
21:01:10  INFO      attacks.neurotoxin_client — Neurotoxin client [47] round 86: poisoned 3306/6979 samples (target=0, masked=True).
21:01:19  INFO      datasets.backdoor — BackdoorDataset: 3321 / 6980 samples poisoned (target=0, fraction=0.500, seed=118).
21:01:26  INFO      attacks.neurotoxin_client — Neurotoxin client [24] round 86: poisoned 3321/6980 samples (target=0, masked=True).
21:01:31  INFO      defenses.mkrum — MKrum selected 9 / 10 clients: [12, 13, 24, 32, 42, 54, 56, 62, 93]  |  rejected: [47]
21:01:41  INFO      datasets.backdoor — BackdoorDataset: 3322 / 6980 samples poisoned (target=0, fraction=0.500, seed=111).
21:01:46  INFO      attacks.neurotoxin_client — Neurotoxin client [16] round 87: poisoned 3322/6980 samples (target=0, masked=True).
21:02:03  INFO      defenses.mkrum — MKrum selected 9 / 10 clients: [3, 12, 42, 45, 49, 57, 72, 85, 88]  |  rejected: [16]
21:02:18  INFO      datasets.backdoor — BackdoorDataset: 3319 / 6979 samples poisoned (target=0, fraction=0.500, seed=144).
21:02:23  INFO      attacks.neurotoxin_client — Neurotoxin client [48] round 88: poisoned 3319/6979 samples (target=0, masked=True).
21:02:34  INFO      defenses.mkrum — MKrum selected 9 / 10 clients: [14, 53, 54, 60, 66, 76, 81, 86, 88]  |  rejected: [48]
21:02:35  INFO      datasets.backdoor — BackdoorDataset: 3322 / 6980 samples poisoned (target=0, fraction=0.500, seed=113).
21:02:38  INFO      attacks.neurotoxin_client — Neurotoxin client [16] round 89: poisoned 3322/6980 samples (target=0, masked=True).
21:03:09  INFO      defenses.mkrum — MKrum selected 9 / 10 clients: [9, 23, 25, 30, 35, 56, 77, 92, 99]  |  rejected: [16]
21:03:33  INFO      defenses.mkrum — MKrum selected 9 / 10 clients: [0, 11, 19, 21, 27, 42, 46, 66, 85]  |  rejected: [71]
21:04:27  INFO      experiment.runner — Round   91/150  |  acc:  85.53%  loss: 0.4011  |  ASR:   2.11%  asr_loss: 11.8594  |  FPR: 10.0%  |  mF1: 70.6%
21:04:41  INFO      datasets.backdoor — BackdoorDataset: 3303 / 6980 samples poisoned (target=0, fraction=0.500, seed=116).
21:04:45  INFO      attacks.neurotoxin_client — Neurotoxin client [17] round 91: poisoned 3303/6980 samples (target=0, masked=True).
21:04:48  INFO      datasets.backdoor — BackdoorDataset: 3319 / 6979 samples poisoned (target=0, fraction=0.500, seed=147).
21:04:53  INFO      attacks.neurotoxin_client — Neurotoxin client [48] round 91: poisoned 3319/6979 samples (target=0, masked=True).
21:04:57  INFO      defenses.mkrum — MKrum selected 9 / 10 clients: [1, 28, 38, 40, 48, 53, 64, 71, 92]  |  rejected: [17]
21:05:25  INFO      defenses.mkrum — MKrum selected 9 / 10 clients: [8, 13, 19, 20, 28, 63, 75, 82, 98]  |  rejected: [18]
21:05:40  INFO      datasets.backdoor — BackdoorDataset: 3320 / 6979 samples poisoned (target=0, fraction=0.500, seed=191).
21:05:44  INFO      attacks.neurotoxin_client — Neurotoxin client [90] round 93: poisoned 3320/6979 samples (target=0, masked=True).
21:05:54  INFO      defenses.mkrum — MKrum selected 9 / 10 clients: [9, 11, 36, 42, 49, 55, 56, 63, 69]  |  rejected: [90]
21:05:59  INFO      datasets.backdoor — BackdoorDataset: 3317 / 6980 samples poisoned (target=0, fraction=0.500, seed=131).
21:06:02  INFO      attacks.neurotoxin_client — Neurotoxin client [29] round 94: poisoned 3317/6980 samples (target=0, masked=True).
21:06:05  INFO      datasets.backdoor — BackdoorDataset: 3315 / 6980 samples poisoned (target=0, fraction=0.500, seed=107).
21:06:09  INFO      attacks.neurotoxin_client — Neurotoxin client [5] round 94: poisoned 3315/6980 samples (target=0, masked=True).
21:06:24  INFO      defenses.mkrum — MKrum selected 9 / 10 clients: [2, 5, 13, 39, 61, 71, 74, 86, 93]  |  rejected: [29]
21:06:34  INFO      datasets.backdoor — BackdoorDataset: 3320 / 6979 samples poisoned (target=0, fraction=0.500, seed=193).
21:06:37  INFO      attacks.neurotoxin_client — Neurotoxin client [90] round 95: poisoned 3320/6979 samples (target=0, masked=True).
21:06:49  INFO      datasets.backdoor — BackdoorDataset: 3306 / 6979 samples poisoned (target=0, fraction=0.500, seed=150).
21:06:53  INFO      attacks.neurotoxin_client — Neurotoxin client [47] round 95: poisoned 3306/6979 samples (target=0, masked=True).
21:06:53  INFO      defenses.mkrum — MKrum selected 9 / 10 clients: [1, 33, 46, 54, 79, 83, 89, 90, 92]  |  rejected: [47]
21:06:54  INFO      datasets.backdoor — BackdoorDataset: 3315 / 6980 samples poisoned (target=0, fraction=0.500, seed=109).
21:06:57  INFO      attacks.neurotoxin_client — Neurotoxin client [5] round 96: poisoned 3315/6980 samples (target=0, masked=True).
21:07:24  INFO      defenses.mkrum — MKrum selected 9 / 10 clients: [6, 8, 22, 62, 64, 69, 79, 80, 83]  |  rejected: [5]
21:07:39  INFO      datasets.backdoor — BackdoorDataset: 3303 / 6980 samples poisoned (target=0, fraction=0.500, seed=122).
21:07:42  INFO      attacks.neurotoxin_client — Neurotoxin client [17] round 97: poisoned 3303/6980 samples (target=0, masked=True).
21:07:42  INFO      datasets.backdoor — BackdoorDataset: 3301 / 6980 samples poisoned (target=0, fraction=0.500, seed=136).
21:07:46  INFO      attacks.neurotoxin_client — Neurotoxin client [31] round 97: poisoned 3301/6980 samples (target=0, masked=True).
21:07:54  INFO      defenses.mkrum — MKrum selected 9 / 10 clients: [2, 6, 12, 31, 40, 45, 46, 64, 92]  |  rejected: [17]
21:08:01  INFO      datasets.backdoor — BackdoorDataset: 3315 / 6980 samples poisoned (target=0, fraction=0.500, seed=116).
21:08:04  INFO      attacks.neurotoxin_client — Neurotoxin client [10] round 98: poisoned 3315/6980 samples (target=0, masked=True).
21:08:09  INFO      datasets.backdoor — BackdoorDataset: 3321 / 6980 samples poisoned (target=0, fraction=0.500, seed=130).
21:08:15  INFO      attacks.neurotoxin_client — Neurotoxin client [24] round 98: poisoned 3321/6980 samples (target=0, masked=True).
21:08:27  INFO      defenses.mkrum — MKrum selected 9 / 10 clients: [12, 24, 30, 35, 45, 65, 68, 82, 84]  |  rejected: [10]
21:08:35  INFO      datasets.backdoor — BackdoorDataset: 3321 / 6980 samples poisoned (target=0, fraction=0.500, seed=131).
21:08:38  INFO      attacks.neurotoxin_client — Neurotoxin client [24] round 99: poisoned 3321/6980 samples (target=0, masked=True).
21:08:55  INFO      defenses.mkrum — MKrum selected 9 / 10 clients: [2, 3, 14, 18, 40, 52, 53, 80, 97]  |  rejected: [24]
21:09:12  INFO      datasets.backdoor — BackdoorDataset: 3319 / 6979 samples poisoned (target=0, fraction=0.500, seed=156).
21:09:16  INFO      attacks.neurotoxin_client — Neurotoxin client [48] round 100: poisoned 3319/6979 samples (target=0, masked=True).
21:09:23  INFO      defenses.mkrum — MKrum selected 9 / 10 clients: [7, 28, 34, 41, 45, 64, 65, 67, 97]  |  rejected: [48]
21:10:17  INFO      experiment.runner — Round  101/150  |  acc:  85.61%  loss: 0.3981  |  ASR:   1.79%  asr_loss: 11.9851  |  TPR: 100.0%  FPR: 0.0%  |  mF1: 70.7%
21:10:45  INFO      defenses.mkrum — MKrum selected 9 / 10 clients: [2, 20, 38, 41, 79, 80, 81, 89, 97]  |  rejected: [88]
21:10:55  INFO      datasets.backdoor — BackdoorDataset: 3315 / 6980 samples poisoned (target=0, fraction=0.500, seed=115).
21:10:59  INFO      attacks.neurotoxin_client — Neurotoxin client [5] round 102: poisoned 3315/6980 samples (target=0, masked=True).
21:11:12  INFO      defenses.mkrum — MKrum selected 9 / 10 clients: [2, 18, 34, 37, 67, 70, 78, 79, 93]  |  rejected: [5]
21:11:27  INFO      datasets.backdoor — BackdoorDataset: 3303 / 6980 samples poisoned (target=0, fraction=0.500, seed=128).
21:11:35  INFO      attacks.neurotoxin_client — Neurotoxin client [17] round 103: poisoned 3303/6980 samples (target=0, masked=True).
21:11:38  INFO      datasets.backdoor — BackdoorDataset: 3315 / 6980 samples poisoned (target=0, fraction=0.500, seed=116).
21:11:44  INFO      attacks.neurotoxin_client — Neurotoxin client [5] round 103: poisoned 3315/6980 samples (target=0, masked=True).
21:11:49  INFO      defenses.mkrum — MKrum selected 9 / 10 clients: [3, 5, 26, 38, 66, 69, 76, 89, 92]  |  rejected: [17]
21:11:54  INFO      datasets.backdoor — BackdoorDataset: 3322 / 6980 samples poisoned (target=0, fraction=0.500, seed=128).
21:11:58  INFO      attacks.neurotoxin_client — Neurotoxin client [16] round 104: poisoned 3322/6980 samples (target=0, masked=True).
21:12:15  INFO      defenses.mkrum — MKrum selected 9 / 10 clients: [33, 34, 44, 45, 56, 77, 85, 92, 97]  |  rejected: [16]
21:12:15  INFO      datasets.backdoor — BackdoorDataset: 3320 / 6979 samples poisoned (target=0, fraction=0.500, seed=203).
21:12:19  INFO      attacks.neurotoxin_client — Neurotoxin client [90] round 105: poisoned 3320/6979 samples (target=0, masked=True).
21:12:29  INFO      datasets.backdoor — BackdoorDataset: 3303 / 6980 samples poisoned (target=0, fraction=0.500, seed=130).
21:12:36  INFO      attacks.neurotoxin_client — Neurotoxin client [17] round 105: poisoned 3303/6980 samples (target=0, masked=True).
21:12:48  INFO      defenses.mkrum — MKrum selected 9 / 10 clients: [17, 38, 46, 56, 58, 78, 87, 88, 91]  |  rejected: [90]
21:12:49  INFO      datasets.backdoor — BackdoorDataset: 3317 / 6980 samples poisoned (target=0, fraction=0.500, seed=143).
21:12:55  INFO      attacks.neurotoxin_client — Neurotoxin client [29] round 106: poisoned 3317/6980 samples (target=0, masked=True).
21:13:10  INFO      datasets.backdoor — BackdoorDataset: 3315 / 6980 samples poisoned (target=0, fraction=0.500, seed=124).
21:13:14  INFO      attacks.neurotoxin_client — Neurotoxin client [10] round 106: poisoned 3315/6980 samples (target=0, masked=True).
21:13:19  INFO      defenses.mkrum — MKrum selected 9 / 10 clients: [29, 33, 40, 66, 68, 69, 80, 86, 96]  |  rejected: [10]
21:13:48  INFO      defenses.mkrum — MKrum selected 9 / 10 clients: [0, 1, 14, 34, 36, 43, 64, 73, 97]  |  rejected: [85]
21:14:12  INFO      defenses.mkrum — MKrum selected 9 / 10 clients: [0, 1, 25, 59, 67, 74, 80, 88, 89]  |  rejected: [51]
21:14:17  INFO      datasets.backdoor — BackdoorDataset: 3322 / 6980 samples poisoned (target=0, fraction=0.500, seed=133).
21:14:27  INFO      attacks.neurotoxin_client — Neurotoxin client [16] round 109: poisoned 3322/6980 samples (target=0, masked=True).
21:14:48  INFO      datasets.backdoor — BackdoorDataset: 3319 / 6979 samples poisoned (target=0, fraction=0.500, seed=165).
21:14:52  INFO      attacks.neurotoxin_client — Neurotoxin client [48] round 109: poisoned 3319/6979 samples (target=0, masked=True).
21:14:52  INFO      defenses.mkrum — MKrum selected 9 / 10 clients: [0, 6, 28, 42, 48, 71, 80, 88, 99]  |  rejected: [16]
21:15:16  INFO      defenses.mkrum — MKrum selected 9 / 10 clients: [26, 37, 51, 62, 66, 71, 72, 92, 96]  |  rejected: [58]
21:16:06  INFO      experiment.runner — Round  111/150  |  acc:  85.70%  loss: 0.3947  |  ASR:   2.09%  asr_loss: 11.5979  |  FPR: 10.0%  |  mF1: 70.8%
21:16:31  INFO      defenses.mkrum — MKrum selected 9 / 10 clients: [12, 41, 49, 54, 63, 67, 69, 74, 95]  |  rejected: [62]
21:16:31  INFO      datasets.backdoor — BackdoorDataset: 3319 / 6979 samples poisoned (target=0, fraction=0.500, seed=168).
21:16:35  INFO      attacks.neurotoxin_client — Neurotoxin client [48] round 112: poisoned 3319/6979 samples (target=0, masked=True).
21:16:50  INFO      datasets.backdoor — BackdoorDataset: 3317 / 6980 samples poisoned (target=0, fraction=0.500, seed=149).
21:16:55  INFO      attacks.neurotoxin_client — Neurotoxin client [29] round 112: poisoned 3317/6980 samples (target=0, masked=True).
21:17:03  INFO      defenses.mkrum — MKrum selected 9 / 10 clients: [7, 20, 25, 29, 68, 71, 77, 85, 99]  |  rejected: [48]
21:17:12  INFO      datasets.backdoor — BackdoorDataset: 3301 / 6980 samples poisoned (target=0, fraction=0.500, seed=152).
21:17:16  INFO      attacks.neurotoxin_client — Neurotoxin client [31] round 113: poisoned 3301/6980 samples (target=0, masked=True).
21:17:33  INFO      defenses.mkrum — MKrum selected 9 / 10 clients: [1, 33, 38, 40, 43, 49, 53, 64, 70]  |  rejected: [31]
21:18:02  INFO      defenses.mkrum — MKrum selected 9 / 10 clients: [7, 30, 33, 50, 53, 61, 62, 68, 79]  |  rejected: [42]
21:18:03  INFO      datasets.backdoor — BackdoorDataset: 3317 / 6980 samples poisoned (target=0, fraction=0.500, seed=152).
21:18:08  INFO      attacks.neurotoxin_client — Neurotoxin client [29] round 115: poisoned 3317/6980 samples (target=0, masked=True).
21:18:25  INFO      datasets.backdoor — BackdoorDataset: 3321 / 6980 samples poisoned (target=0, fraction=0.500, seed=147).
21:18:28  INFO      attacks.neurotoxin_client — Neurotoxin client [24] round 115: poisoned 3321/6980 samples (target=0, masked=True).
21:18:31  INFO      defenses.mkrum — MKrum selected 9 / 10 clients: [7, 20, 21, 22, 29, 45, 73, 93, 96]  |  rejected: [24]
21:18:36  INFO      datasets.backdoor — BackdoorDataset: 3319 / 6979 samples poisoned (target=0, fraction=0.500, seed=172).
21:18:40  INFO      attacks.neurotoxin_client — Neurotoxin client [48] round 116: poisoned 3319/6979 samples (target=0, masked=True).
21:18:46  INFO      datasets.backdoor — BackdoorDataset: 3317 / 6980 samples poisoned (target=0, fraction=0.500, seed=153).
21:18:54  INFO      attacks.neurotoxin_client — Neurotoxin client [29] round 116: poisoned 3317/6980 samples (target=0, masked=True).
21:19:02  INFO      datasets.backdoor — BackdoorDataset: 3322 / 6980 samples poisoned (target=0, fraction=0.500, seed=140).
21:19:09  INFO      attacks.neurotoxin_client — Neurotoxin client [16] round 116: poisoned 3322/6980 samples (target=0, masked=True).
21:19:12  INFO      defenses.mkrum — MKrum selected 9 / 10 clients: [12, 29, 48, 66, 72, 73, 83, 84, 85]  |  rejected: [16]
21:19:27  INFO      datasets.backdoor — BackdoorDataset: 3315 / 6980 samples poisoned (target=0, fraction=0.500, seed=135).
21:19:32  INFO      attacks.neurotoxin_client — Neurotoxin client [10] round 117: poisoned 3315/6980 samples (target=0, masked=True).
21:19:40  INFO      defenses.mkrum — MKrum selected 9 / 10 clients: [4, 12, 19, 33, 37, 46, 61, 78, 88]  |  rejected: [10]
21:20:13  INFO      defenses.mkrum — MKrum selected 9 / 10 clients: [14, 34, 67, 74, 83, 85, 91, 94, 99]  |  rejected: [65]
21:20:13  INFO      datasets.backdoor — BackdoorDataset: 3322 / 6980 samples poisoned (target=0, fraction=0.500, seed=143).
21:20:19  INFO      attacks.neurotoxin_client — Neurotoxin client [16] round 119: poisoned 3322/6980 samples (target=0, masked=True).
21:20:41  INFO      defenses.mkrum — MKrum selected 9 / 10 clients: [6, 14, 35, 36, 44, 82, 84, 91, 93]  |  rejected: [16]
21:20:41  INFO      datasets.backdoor — BackdoorDataset: 3303 / 6980 samples poisoned (target=0, fraction=0.500, seed=145).
21:20:46  INFO      attacks.neurotoxin_client — Neurotoxin client [17] round 120: poisoned 3303/6980 samples (target=0, masked=True).
21:21:13  INFO      defenses.mkrum — MKrum selected 9 / 10 clients: [7, 20, 51, 73, 81, 82, 87, 89, 96]  |  rejected: [17]
21:22:05  INFO      experiment.runner — Round  121/150  |  acc:  85.71%  loss: 0.3930  |  ASR:   2.14%  asr_loss: 11.5154  |  TPR: 100.0%  FPR: 0.0%  |  mF1: 70.9%
21:22:15  INFO      datasets.backdoor — BackdoorDataset: 3306 / 6979 samples poisoned (target=0, fraction=0.500, seed=176).
21:22:20  INFO      attacks.neurotoxin_client — Neurotoxin client [47] round 121: poisoned 3306/6979 samples (target=0, masked=True).
21:22:22  INFO      datasets.backdoor — BackdoorDataset: 3317 / 6980 samples poisoned (target=0, fraction=0.500, seed=158).
21:22:26  INFO      attacks.neurotoxin_client — Neurotoxin client [29] round 121: poisoned 3317/6980 samples (target=0, masked=True).
21:22:34  INFO      defenses.mkrum — MKrum selected 9 / 10 clients: [1, 3, 7, 29, 46, 51, 56, 59, 85]  |  rejected: [47]
21:22:55  INFO      datasets.backdoor — BackdoorDataset: 3303 / 6980 samples poisoned (target=0, fraction=0.500, seed=147).
21:23:02  INFO      attacks.neurotoxin_client — Neurotoxin client [17] round 122: poisoned 3303/6980 samples (target=0, masked=True).
21:23:09  INFO      defenses.mkrum — MKrum selected 9 / 10 clients: [34, 38, 42, 52, 54, 59, 70, 75, 86]  |  rejected: [17]
21:23:19  INFO      datasets.backdoor — BackdoorDataset: 3321 / 6980 samples poisoned (target=0, fraction=0.500, seed=155).
21:23:23  INFO      attacks.neurotoxin_client — Neurotoxin client [24] round 123: poisoned 3321/6980 samples (target=0, masked=True).
21:23:35  INFO      defenses.mkrum — MKrum selected 9 / 10 clients: [7, 8, 9, 28, 42, 51, 57, 67, 94]  |  rejected: [24]
21:24:05  INFO      defenses.mkrum — MKrum selected 9 / 10 clients: [0, 1, 7, 30, 35, 37, 39, 52, 54]  |  rejected: [41]
21:24:12  INFO      datasets.backdoor — BackdoorDataset: 3321 / 6980 samples poisoned (target=0, fraction=0.500, seed=157).
21:24:16  INFO      attacks.neurotoxin_client — Neurotoxin client [24] round 125: poisoned 3321/6980 samples (target=0, masked=True).
21:24:16  INFO      datasets.backdoor — BackdoorDataset: 3317 / 6980 samples poisoned (target=0, fraction=0.500, seed=162).
21:24:21  INFO      attacks.neurotoxin_client — Neurotoxin client [29] round 125: poisoned 3317/6980 samples (target=0, masked=True).
21:24:27  INFO      datasets.backdoor — BackdoorDataset: 3315 / 6980 samples poisoned (target=0, fraction=0.500, seed=143).
21:24:31  INFO      attacks.neurotoxin_client — Neurotoxin client [10] round 125: poisoned 3315/6980 samples (target=0, masked=True).
21:24:37  INFO      defenses.mkrum — MKrum selected 9 / 10 clients: [4, 13, 24, 29, 60, 69, 78, 83, 99]  |  rejected: [10]
21:24:42  INFO      datasets.backdoor — BackdoorDataset: 3303 / 6980 samples poisoned (target=0, fraction=0.500, seed=151).
21:24:46  INFO      attacks.neurotoxin_client — Neurotoxin client [17] round 126: poisoned 3303/6980 samples (target=0, masked=True).
21:25:07  INFO      defenses.mkrum — MKrum selected 9 / 10 clients: [3, 9, 23, 56, 63, 76, 78, 86, 91]  |  rejected: [17]
21:25:19  INFO      datasets.backdoor — BackdoorDataset: 3315 / 6980 samples poisoned (target=0, fraction=0.500, seed=145).
21:25:23  INFO      attacks.neurotoxin_client — Neurotoxin client [10] round 127: poisoned 3315/6980 samples (target=0, masked=True).
21:25:26  INFO      datasets.backdoor — BackdoorDataset: 3306 / 6979 samples poisoned (target=0, fraction=0.500, seed=182).
21:25:30  INFO      attacks.neurotoxin_client — Neurotoxin client [47] round 127: poisoned 3306/6979 samples (target=0, masked=True).
21:25:35  INFO      defenses.mkrum — MKrum selected 9 / 10 clients: [6, 33, 34, 36, 39, 44, 47, 64, 70]  |  rejected: [10]
21:25:40  INFO      datasets.backdoor — BackdoorDataset: 3317 / 6980 samples poisoned (target=0, fraction=0.500, seed=165).
21:25:43  INFO      attacks.neurotoxin_client — Neurotoxin client [29] round 128: poisoned 3317/6980 samples (target=0, masked=True).
21:26:05  INFO      defenses.mkrum — MKrum selected 9 / 10 clients: [6, 7, 9, 14, 30, 39, 56, 59, 68]  |  rejected: [29]
21:26:24  INFO      datasets.backdoor — BackdoorDataset: 3303 / 6980 samples poisoned (target=0, fraction=0.500, seed=154).
21:26:27  INFO      attacks.neurotoxin_client — Neurotoxin client [17] round 129: poisoned 3303/6980 samples (target=0, masked=True).
21:26:33  INFO      defenses.mkrum — MKrum selected 9 / 10 clients: [14, 33, 52, 55, 70, 86, 89, 92, 96]  |  rejected: [17]
21:26:47  INFO      datasets.backdoor — BackdoorDataset: 3319 / 6979 samples poisoned (target=0, fraction=0.500, seed=186).
21:26:51  INFO      attacks.neurotoxin_client — Neurotoxin client [48] round 130: poisoned 3319/6979 samples (target=0, masked=True).
21:26:59  INFO      defenses.mkrum — MKrum selected 9 / 10 clients: [9, 40, 44, 53, 62, 65, 86, 87, 92]  |  rejected: [48]
21:27:51  INFO      experiment.runner — Round  131/150  |  acc:  85.86%  loss: 0.3892  |  ASR:   2.13%  asr_loss: 11.5067  |  TPR: 100.0%  FPR: 0.0%  |  mF1: 71.2%
21:27:57  INFO      datasets.backdoor — BackdoorDataset: 3319 / 6979 samples poisoned (target=0, fraction=0.500, seed=187).
21:28:00  INFO      attacks.neurotoxin_client — Neurotoxin client [48] round 131: poisoned 3319/6979 samples (target=0, masked=True).
21:28:17  INFO      defenses.mkrum — MKrum selected 9 / 10 clients: [0, 36, 39, 41, 43, 50, 53, 57, 60]  |  rejected: [48]
21:28:20  INFO      datasets.backdoor — BackdoorDataset: 3301 / 6980 samples poisoned (target=0, fraction=0.500, seed=171).
21:28:27  INFO      attacks.neurotoxin_client — Neurotoxin client [31] round 132: poisoned 3301/6980 samples (target=0, masked=True).
21:28:44  INFO      datasets.backdoor — BackdoorDataset: 3303 / 6980 samples poisoned (target=0, fraction=0.500, seed=157).
21:28:47  INFO      attacks.neurotoxin_client — Neurotoxin client [17] round 132: poisoned 3303/6980 samples (target=0, masked=True).
21:28:50  INFO      defenses.mkrum — MKrum selected 9 / 10 clients: [4, 6, 9, 17, 33, 68, 73, 80, 94]  |  rejected: [31]
21:29:15  INFO      defenses.mkrum — MKrum selected 9 / 10 clients: [1, 11, 13, 26, 27, 37, 57, 63, 77]  |  rejected: [67]
21:29:48  INFO      defenses.mkrum — MKrum selected 9 / 10 clients: [19, 33, 38, 40, 44, 57, 62, 71, 79]  |  rejected: [36]
21:30:12  INFO      defenses.mkrum — MKrum selected 9 / 10 clients: [2, 15, 23, 37, 38, 51, 89, 93, 99]  |  rejected: [3]
21:30:36  INFO      datasets.backdoor — BackdoorDataset: 3303 / 6980 samples poisoned (target=0, fraction=0.500, seed=161).
21:30:40  INFO      attacks.neurotoxin_client — Neurotoxin client [17] round 136: poisoned 3303/6980 samples (target=0, masked=True).
21:30:43  INFO      defenses.mkrum — MKrum selected 9 / 10 clients: [18, 27, 28, 52, 70, 73, 78, 88, 92]  |  rejected: [17]
21:31:00  INFO      datasets.backdoor — BackdoorDataset: 3301 / 6980 samples poisoned (target=0, fraction=0.500, seed=176).
21:31:04  INFO      attacks.neurotoxin_client — Neurotoxin client [31] round 137: poisoned 3301/6980 samples (target=0, masked=True).
21:31:06  INFO      datasets.backdoor — BackdoorDataset: 3319 / 6979 samples poisoned (target=0, fraction=0.500, seed=193).
21:31:10  INFO      attacks.neurotoxin_client — Neurotoxin client [48] round 137: poisoned 3319/6979 samples (target=0, masked=True).
21:31:13  INFO      defenses.mkrum — MKrum selected 9 / 10 clients: [12, 22, 31, 33, 39, 57, 58, 74, 87]  |  rejected: [48]
21:31:42  INFO      defenses.mkrum — MKrum selected 9 / 10 clients: [0, 3, 13, 20, 53, 58, 78, 88, 99]  |  rejected: [52]
21:31:43  INFO      datasets.backdoor — BackdoorDataset: 3303 / 6980 samples poisoned (target=0, fraction=0.500, seed=164).
21:31:47  INFO      attacks.neurotoxin_client — Neurotoxin client [17] round 139: poisoned 3303/6980 samples (target=0, masked=True).
21:32:09  INFO      defenses.mkrum — MKrum selected 9 / 10 clients: [4, 9, 12, 15, 35, 45, 55, 57, 95]  |  rejected: [17]
21:32:38  INFO      datasets.backdoor — BackdoorDataset: 3315 / 6980 samples poisoned (target=0, fraction=0.500, seed=153).
21:32:42  INFO      attacks.neurotoxin_client — Neurotoxin client [5] round 140: poisoned 3315/6980 samples (target=0, masked=True).
21:32:43  INFO      defenses.mkrum — MKrum selected 9 / 10 clients: [7, 23, 36, 41, 42, 52, 53, 81, 98]  |  rejected: [5]
21:33:32  INFO      experiment.runner — Round  141/150  |  acc:  85.96%  loss: 0.3867  |  ASR:   2.17%  asr_loss: 11.5009  |  TPR: 100.0%  FPR: 0.0%  |  mF1: 71.4%
21:33:40  INFO      datasets.backdoor — BackdoorDataset: 3303 / 6980 samples poisoned (target=0, fraction=0.500, seed=166).
21:33:43  INFO      attacks.neurotoxin_client — Neurotoxin client [17] round 141: poisoned 3303/6980 samples (target=0, masked=True).
21:33:48  INFO      datasets.backdoor — BackdoorDataset: 3322 / 6980 samples poisoned (target=0, fraction=0.500, seed=165).
21:33:54  INFO      attacks.neurotoxin_client — Neurotoxin client [16] round 141: poisoned 3322/6980 samples (target=0, masked=True).
21:34:02  INFO      defenses.mkrum — MKrum selected 9 / 10 clients: [0, 17, 57, 60, 64, 73, 81, 84, 93]  |  rejected: [16]
21:34:03  INFO      datasets.backdoor — BackdoorDataset: 3322 / 6980 samples poisoned (target=0, fraction=0.500, seed=166).
21:34:07  INFO      attacks.neurotoxin_client — Neurotoxin client [16] round 142: poisoned 3322/6980 samples (target=0, masked=True).
21:34:33  INFO      defenses.mkrum — MKrum selected 9 / 10 clients: [33, 34, 37, 40, 49, 60, 66, 74, 95]  |  rejected: [16]
21:34:58  INFO      defenses.mkrum — MKrum selected 9 / 10 clients: [2, 20, 23, 27, 38, 39, 43, 50, 93]  |  rejected: [11]
21:35:00  INFO      datasets.backdoor — BackdoorDataset: 3315 / 6980 samples poisoned (target=0, fraction=0.500, seed=157).
21:35:04  INFO      attacks.neurotoxin_client — Neurotoxin client [5] round 144: poisoned 3315/6980 samples (target=0, masked=True).
21:35:16  INFO      datasets.backdoor — BackdoorDataset: 3303 / 6980 samples poisoned (target=0, fraction=0.500, seed=169).
21:35:24  INFO      attacks.neurotoxin_client — Neurotoxin client [17] round 144: poisoned 3303/6980 samples (target=0, masked=True).
21:35:33  INFO      defenses.mkrum — MKrum selected 9 / 10 clients: [5, 21, 33, 38, 54, 56, 60, 74, 79]  |  rejected: [17]
21:35:52  INFO      datasets.backdoor — BackdoorDataset: 3315 / 6980 samples poisoned (target=0, fraction=0.500, seed=158).
21:35:56  INFO      attacks.neurotoxin_client — Neurotoxin client [5] round 145: poisoned 3315/6980 samples (target=0, masked=True).
21:36:01  INFO      defenses.mkrum — MKrum selected 9 / 10 clients: [19, 25, 35, 38, 40, 52, 71, 80, 92]  |  rejected: [5]
21:36:22  INFO      datasets.backdoor — BackdoorDataset: 3315 / 6980 samples poisoned (target=0, fraction=0.500, seed=164).
21:36:30  INFO      attacks.neurotoxin_client — Neurotoxin client [10] round 146: poisoned 3315/6980 samples (target=0, masked=True).
21:36:34  INFO      defenses.mkrum — MKrum selected 9 / 10 clients: [20, 25, 53, 59, 65, 72, 78, 88, 97]  |  rejected: [10]
21:36:46  INFO      datasets.backdoor — BackdoorDataset: 3322 / 6980 samples poisoned (target=0, fraction=0.500, seed=171).
21:36:51  INFO      attacks.neurotoxin_client — Neurotoxin client [16] round 147: poisoned 3322/6980 samples (target=0, masked=True).
21:37:00  INFO      defenses.mkrum — MKrum selected 9 / 10 clients: [1, 11, 14, 26, 34, 71, 84, 85, 97]  |  rejected: [16]
21:37:26  INFO      defenses.mkrum — MKrum selected 9 / 10 clients: [4, 19, 38, 44, 53, 63, 72, 87, 97]  |  rejected: [96]
21:37:54  INFO      datasets.backdoor — BackdoorDataset: 3317 / 6980 samples poisoned (target=0, fraction=0.500, seed=186).
21:37:59  INFO      attacks.neurotoxin_client — Neurotoxin client [29] round 149: poisoned 3317/6980 samples (target=0, masked=True).
21:38:00  INFO      defenses.mkrum — MKrum selected 9 / 10 clients: [2, 3, 26, 38, 51, 52, 53, 55, 66]  |  rejected: [29]
21:38:44  INFO      experiment.runner — Round  150/150  |  acc:  86.02%  loss: 0.3850  |  ASR:   1.99%  asr_loss: 11.5984  |  TPR: 100.0%  FPR: 0.0%  |  mF1: 71.5%
21:38:44  INFO      experiment.runner — Final model saved to results/benchmark/femnist_neurotoxin_mkrum_seed8/final_model.pt
21:38:44  INFO      experiment.runner — Client atypicality written to results/benchmark/femnist_neurotoxin_mkrum_seed8/client_atypicality.json
21:38:44  INFO      experiment.runner — Client inclusion rates written to results/benchmark/femnist_neurotoxin_mkrum_seed8/client_inclusion.csv
21:38:44  INFO      experiment.runner — Anomaly scores written to results/benchmark/femnist_neurotoxin_mkrum_seed8/anomaly_scores.csv (1500 rows)
21:38:44  INFO      benchmark — ✓  femnist_neurotoxin_mkrum_seed8  (86.3 min)
21:38:44  INFO      benchmark — ▶  femnist_neurotoxin_mkrum_seed9
21:38:44  INFO      experiment.runner — Initialising 'femnist_neurotoxin_mkrum_seed9' | device=cuda | rounds=150 | clients=10/100 | attack=neurotoxin | defense=mkrum
21:38:45  INFO      defenses.mkrum — MKrumServer initialised — f=1 Byzantine, selecting m=9 updates.
21:39:06  INFO      experiment.utils — Built 100 clients — 10 malicious, 90 benign.
21:39:06  INFO      datasets.backdoor — BackdoorDataset: 110545 / 110545 samples poisoned (target=0, fraction=1.000, seed=0).
21:39:06  INFO      experiment.runner — Setup complete — 100 clients (10 malicious) | backdoor eval: static-trigger

==============================================================
  Summary — 16 rounds evaluated
==============================================================
  Final clean accuracy               86.02%
  Best  clean accuracy               86.02%
  Final clean loss                   0.3850
  Macro F1                           71.52%
  Final ASR                           1.99%
  Mean ASR (attack window)            2.19%
  Max  ASR (attack window)            2.97%
  Pooled TPR (attack period)         69.57%
  Pooled FPR (all rounds)             5.05%
==============================================================

21:39:29  INFO      defenses.mkrum — MKrum selected 9 / 10 clients: [0, 23, 34, 43, 47, 59, 64, 78, 86]  |  rejected: [17]
21:40:20  INFO      experiment.runner — Round    1/150  |  acc:  50.40%  loss: 1.9619  |  ASR:   3.85%  asr_loss: 6.4136  |  FPR: 10.0%  |  mF1: 21.6%
21:40:45  INFO      defenses.mkrum — MKrum selected 9 / 10 clients: [5, 10, 42, 48, 70, 77, 78, 89, 93]  |  rejected: [59]
21:41:13  INFO      defenses.mkrum — MKrum selected 9 / 10 clients: [6, 14, 16, 20, 21, 30, 54, 57, 92]  |  rejected: [90]
21:41:36  INFO      defenses.mkrum — MKrum selected 9 / 10 clients: [8, 13, 26, 37, 49, 75, 88, 95, 99]  |  rejected: [64]
21:42:06  INFO      defenses.mkrum — MKrum selected 9 / 10 clients: [11, 26, 28, 35, 50, 53, 86, 92, 98]  |  rejected: [34]
21:42:31  INFO      defenses.mkrum — MKrum selected 9 / 10 clients: [5, 7, 17, 25, 43, 48, 52, 62, 90]  |  rejected: [0]
21:42:59  INFO      defenses.mkrum — MKrum selected 9 / 10 clients: [3, 14, 15, 30, 54, 74, 76, 94, 97]  |  rejected: [0]
21:43:24  INFO      defenses.mkrum — MKrum selected 9 / 10 clients: [1, 2, 10, 17, 25, 42, 63, 69, 73]  |  rejected: [64]
21:43:50  INFO      defenses.mkrum — MKrum selected 9 / 10 clients: [8, 11, 24, 25, 50, 53, 68, 81, 97]  |  rejected: [89]
21:44:18  INFO      defenses.mkrum — MKrum selected 9 / 10 clients: [5, 6, 18, 22, 71, 74, 77, 87, 92]  |  rejected: [34]
21:44:42  INFO      defenses.mkrum — MKrum selected 9 / 10 clients: [4, 15, 19, 51, 73, 77, 90, 94, 95]  |  rejected: [34]
21:45:40  INFO      experiment.runner — Round   11/150  |  acc:  81.25%  loss: 0.5726  |  ASR:   2.22%  asr_loss: 10.3488  |  FPR: 10.0%  |  mF1: 62.3%
21:46:05  INFO      defenses.mkrum — MKrum selected 9 / 10 clients: [5, 20, 30, 46, 64, 66, 75, 78, 94]  |  rejected: [86]
21:46:30  INFO      defenses.mkrum — MKrum selected 9 / 10 clients: [11, 14, 26, 46, 57, 72, 74, 88, 99]  |  rejected: [44]
21:46:54  INFO      defenses.mkrum — MKrum selected 9 / 10 clients: [2, 25, 42, 48, 51, 55, 73, 77, 95]  |  rejected: [0]
21:47:25  INFO      defenses.mkrum — MKrum selected 9 / 10 clients: [11, 14, 27, 28, 36, 39, 41, 56, 80]  |  rejected: [34]
21:47:49  INFO      defenses.mkrum — MKrum selected 9 / 10 clients: [3, 7, 13, 44, 48, 54, 63, 71, 99]  |  rejected: [66]
21:48:12  INFO      defenses.mkrum — MKrum selected 9 / 10 clients: [8, 12, 29, 31, 54, 82, 90, 94, 99]  |  rejected: [72]
21:48:41  INFO      defenses.mkrum — MKrum selected 9 / 10 clients: [17, 21, 37, 51, 65, 71, 85, 88, 97]  |  rejected: [47]
21:49:07  INFO      defenses.mkrum — MKrum selected 9 / 10 clients: [1, 3, 6, 7, 15, 18, 21, 33, 77]  |  rejected: [22]
21:49:39  INFO      defenses.mkrum — MKrum selected 9 / 10 clients: [1, 18, 26, 36, 37, 45, 49, 57, 61]  |  rejected: [78]
21:50:03  INFO      defenses.mkrum — MKrum selected 9 / 10 clients: [8, 11, 15, 35, 37, 53, 71, 89, 95]  |  rejected: [17]
21:50:57  INFO      experiment.runner — Round   21/150  |  acc:  83.25%  loss: 0.4868  |  ASR:   2.22%  asr_loss: 11.3660  |  FPR: 10.0%  |  mF1: 66.2%
21:51:23  INFO      defenses.mkrum — MKrum selected 9 / 10 clients: [18, 21, 49, 71, 75, 84, 90, 91, 97]  |  rejected: [57]
21:51:51  INFO      defenses.mkrum — MKrum selected 9 / 10 clients: [6, 12, 16, 35, 44, 63, 67, 76, 77]  |  rejected: [98]
21:52:17  INFO      defenses.mkrum — MKrum selected 9 / 10 clients: [1, 10, 20, 22, 25, 58, 60, 80, 99]  |  rejected: [28]
21:52:45  INFO      defenses.mkrum — MKrum selected 9 / 10 clients: [10, 22, 33, 49, 61, 68, 69, 70, 71]  |  rejected: [75]
21:53:09  INFO      defenses.mkrum — MKrum selected 9 / 10 clients: [3, 8, 39, 55, 67, 68, 74, 82, 83]  |  rejected: [69]
21:53:37  INFO      defenses.mkrum — MKrum selected 9 / 10 clients: [8, 12, 13, 28, 38, 69, 73, 82, 92]  |  rejected: [17]
21:54:03  INFO      defenses.mkrum — MKrum selected 9 / 10 clients: [3, 6, 7, 58, 62, 77, 81, 89, 93]  |  rejected: [86]
21:54:31  INFO      defenses.mkrum — MKrum selected 9 / 10 clients: [4, 29, 31, 58, 63, 73, 76, 79, 93]  |  rejected: [47]
21:54:54  INFO      defenses.mkrum — MKrum selected 9 / 10 clients: [4, 6, 8, 10, 24, 52, 75, 77, 78]  |  rejected: [86]
21:55:25  INFO      defenses.mkrum — MKrum selected 9 / 10 clients: [3, 8, 10, 45, 60, 68, 70, 79, 96]  |  rejected: [23]
21:56:11  INFO      experiment.runner — Round   31/150  |  acc:  84.10%  loss: 0.4553  |  ASR:   2.05%  asr_loss: 11.8439  |  FPR: 10.0%  |  mF1: 68.0%
21:56:42  INFO      defenses.mkrum — MKrum selected 9 / 10 clients: [1, 3, 9, 10, 41, 42, 60, 90, 99]  |  rejected: [59]
21:57:05  INFO      defenses.mkrum — MKrum selected 9 / 10 clients: [13, 19, 29, 44, 49, 57, 61, 75, 85]  |  rejected: [17]
21:57:35  INFO      defenses.mkrum — MKrum selected 9 / 10 clients: [6, 9, 13, 14, 15, 16, 24, 57, 99]  |  rejected: [28]
21:57:58  INFO      defenses.mkrum — MKrum selected 9 / 10 clients: [3, 10, 13, 25, 59, 66, 80, 82, 94]  |  rejected: [47]
21:58:23  INFO      defenses.mkrum — MKrum selected 9 / 10 clients: [0, 10, 25, 30, 32, 66, 81, 87, 97]  |  rejected: [47]
21:58:49  INFO      defenses.mkrum — MKrum selected 9 / 10 clients: [1, 2, 7, 13, 32, 53, 56, 60, 66]  |  rejected: [78]
21:59:15  INFO      defenses.mkrum — MKrum selected 9 / 10 clients: [4, 7, 16, 28, 35, 38, 40, 77, 81]  |  rejected: [87]
21:59:16  INFO      datasets.backdoor — BackdoorDataset: 3317 / 6980 samples poisoned (target=0, fraction=0.500, seed=70).
21:59:19  INFO      attacks.neurotoxin_client — Neurotoxin client [23] round 38: poisoned 3317/6980 samples (target=0, masked=True).
21:59:24  INFO      datasets.backdoor — BackdoorDataset: 3315 / 6980 samples poisoned (target=0, fraction=0.500, seed=47).
21:59:29  INFO      attacks.neurotoxin_client — Neurotoxin client [0] round 38: poisoned 3315/6980 samples (target=0, masked=True).
21:59:45  INFO      defenses.mkrum — MKrum selected 9 / 10 clients: [0, 3, 12, 31, 38, 40, 45, 51, 56]  |  rejected: [23]
22:00:13  INFO      defenses.mkrum — MKrum selected 9 / 10 clients: [10, 26, 44, 51, 53, 55, 62, 72, 77]  |  rejected: [41]
22:00:18  INFO      datasets.backdoor — BackdoorDataset: 3321 / 6979 samples poisoned (target=0, fraction=0.500, seed=108).
22:00:22  INFO      attacks.neurotoxin_client — Neurotoxin client [59] round 40: poisoned 3321/6979 samples (target=0, masked=True).
22:00:22  INFO      datasets.backdoor — BackdoorDataset: 3305 / 6979 samples poisoned (target=0, fraction=0.500, seed=127).
22:00:26  INFO      attacks.neurotoxin_client — Neurotoxin client [78] round 40: poisoned 3305/6979 samples (target=0, masked=True).
22:00:36  INFO      datasets.backdoor — BackdoorDataset: 3317 / 6980 samples poisoned (target=0, fraction=0.500, seed=72).
22:00:40  INFO      attacks.neurotoxin_client — Neurotoxin client [23] round 40: poisoned 3317/6980 samples (target=0, masked=True).
22:00:43  INFO      defenses.mkrum — MKrum selected 9 / 10 clients: [23, 35, 38, 42, 49, 56, 58, 59, 72]  |  rejected: [78]
22:01:36  INFO      experiment.runner — Round   41/150  |  acc:  83.93%  loss: 0.4557  |  ASR:   3.40%  asr_loss: 9.5966  |  TPR: 33.3%  FPR: 0.0%  |  mF1: 67.8%
22:02:04  INFO      defenses.mkrum — MKrum selected 9 / 10 clients: [3, 7, 11, 21, 24, 27, 40, 51, 69]  |  rejected: [41]
22:02:12  INFO      datasets.backdoor — BackdoorDataset: 3326 / 6980 samples poisoned (target=0, fraction=0.500, seed=68).
22:02:16  INFO      attacks.neurotoxin_client — Neurotoxin client [17] round 42: poisoned 3326/6980 samples (target=0, masked=True).
22:02:24  INFO      datasets.backdoor — BackdoorDataset: 3312 / 6979 samples poisoned (target=0, fraction=0.500, seed=94).
22:02:27  INFO      attacks.neurotoxin_client — Neurotoxin client [43] round 42: poisoned 3312/6979 samples (target=0, masked=True).
22:02:35  INFO      defenses.mkrum — MKrum selected 9 / 10 clients: [10, 43, 46, 57, 76, 77, 80, 84, 91]  |  rejected: [17]
22:03:01  INFO      defenses.mkrum — MKrum selected 9 / 10 clients: [9, 27, 42, 69, 85, 89, 93, 97, 98]  |  rejected: [49]
22:03:27  INFO      defenses.mkrum — MKrum selected 9 / 10 clients: [2, 29, 53, 60, 65, 70, 85, 93, 97]  |  rejected: [41]
22:03:27  INFO      datasets.backdoor — BackdoorDataset: 3316 / 6979 samples poisoned (target=0, fraction=0.500, seed=118).
22:03:31  INFO      attacks.neurotoxin_client — Neurotoxin client [64] round 45: poisoned 3316/6979 samples (target=0, masked=True).
22:03:33  INFO      datasets.backdoor — BackdoorDataset: 3321 / 6979 samples poisoned (target=0, fraction=0.500, seed=113).
22:03:37  INFO      attacks.neurotoxin_client — Neurotoxin client [59] round 45: poisoned 3321/6979 samples (target=0, masked=True).
22:03:40  INFO      datasets.backdoor — BackdoorDataset: 3315 / 6980 samples poisoned (target=0, fraction=0.500, seed=54).
22:03:44  INFO      attacks.neurotoxin_client — Neurotoxin client [0] round 45: poisoned 3315/6980 samples (target=0, masked=True).
22:04:02  INFO      defenses.mkrum — MKrum selected 9 / 10 clients: [9, 12, 26, 28, 36, 59, 64, 68, 91]  |  rejected: [0]
22:04:28  INFO      defenses.mkrum — MKrum selected 9 / 10 clients: [1, 11, 12, 19, 20, 40, 42, 65, 88]  |  rejected: [5]
22:04:40  INFO      datasets.backdoor — BackdoorDataset: 3316 / 6979 samples poisoned (target=0, fraction=0.500, seed=120).
22:04:44  INFO      attacks.neurotoxin_client — Neurotoxin client [64] round 47: poisoned 3316/6979 samples (target=0, masked=True).
22:04:44  INFO      datasets.backdoor — BackdoorDataset: 3326 / 6980 samples poisoned (target=0, fraction=0.500, seed=73).
22:04:47  INFO      attacks.neurotoxin_client — Neurotoxin client [17] round 47: poisoned 3326/6980 samples (target=0, masked=True).
22:04:58  INFO      defenses.mkrum — MKrum selected 9 / 10 clients: [17, 45, 49, 50, 51, 65, 75, 83, 88]  |  rejected: [64]
22:05:03  INFO      datasets.backdoor — BackdoorDataset: 3310 / 6979 samples poisoned (target=0, fraction=0.500, seed=91).
22:05:07  INFO      attacks.neurotoxin_client — Neurotoxin client [34] round 48: poisoned 3310/6979 samples (target=0, masked=True).
22:05:17  INFO      datasets.backdoor — BackdoorDataset: 3317 / 6980 samples poisoned (target=0, fraction=0.500, seed=80).
22:05:22  INFO      attacks.neurotoxin_client — Neurotoxin client [23] round 48: poisoned 3317/6980 samples (target=0, masked=True).
22:05:22  INFO      datasets.backdoor — BackdoorDataset: 3305 / 6979 samples poisoned (target=0, fraction=0.500, seed=135).
22:05:25  INFO      attacks.neurotoxin_client — Neurotoxin client [78] round 48: poisoned 3305/6979 samples (target=0, masked=True).
22:05:32  INFO      defenses.mkrum — MKrum selected 9 / 10 clients: [22, 23, 25, 41, 45, 49, 72, 78, 99]  |  rejected: [34]
22:06:03  INFO      defenses.mkrum — MKrum selected 9 / 10 clients: [1, 2, 21, 35, 39, 61, 66, 73, 96]  |  rejected: [87]
22:06:04  INFO      datasets.backdoor — BackdoorDataset: 3310 / 6979 samples poisoned (target=0, fraction=0.500, seed=145).
22:06:08  INFO      attacks.neurotoxin_client — Neurotoxin client [86] round 50: poisoned 3310/6979 samples (target=0, masked=True).
22:06:15  INFO      datasets.backdoor — BackdoorDataset: 3310 / 6979 samples poisoned (target=0, fraction=0.500, seed=93).
22:06:18  INFO      attacks.neurotoxin_client — Neurotoxin client [34] round 50: poisoned 3310/6979 samples (target=0, masked=True).
22:06:30  INFO      defenses.mkrum — MKrum selected 9 / 10 clients: [11, 18, 36, 54, 57, 61, 66, 86, 96]  |  rejected: [34]
22:07:29  INFO      experiment.runner — Round   51/150  |  acc:  84.76%  loss: 0.4291  |  ASR:   2.63%  asr_loss: 10.4100  |  TPR: 50.0%  FPR: 0.0%  |  mF1: 69.5%
22:07:43  INFO      datasets.backdoor — BackdoorDataset: 3310 / 6979 samples poisoned (target=0, fraction=0.500, seed=146).
22:07:47  INFO      attacks.neurotoxin_client — Neurotoxin client [86] round 51: poisoned 3310/6979 samples (target=0, masked=True).
22:07:55  INFO      defenses.mkrum — MKrum selected 9 / 10 clients: [6, 18, 22, 29, 42, 44, 76, 87, 95]  |  rejected: [86]
22:08:12  INFO      datasets.backdoor — BackdoorDataset: 3317 / 6980 samples poisoned (target=0, fraction=0.500, seed=84).
22:08:19  INFO      attacks.neurotoxin_client — Neurotoxin client [23] round 52: poisoned 3317/6980 samples (target=0, masked=True).
22:08:29  INFO      defenses.mkrum — MKrum selected 9 / 10 clients: [3, 35, 44, 68, 69, 74, 85, 97, 99]  |  rejected: [23]
22:08:34  INFO      datasets.backdoor — BackdoorDataset: 3326 / 6980 samples poisoned (target=0, fraction=0.500, seed=79).
22:08:37  INFO      attacks.neurotoxin_client — Neurotoxin client [17] round 53: poisoned 3326/6980 samples (target=0, masked=True).
22:08:37  INFO      datasets.backdoor — BackdoorDataset: 3312 / 6979 samples poisoned (target=0, fraction=0.500, seed=105).
22:08:41  INFO      attacks.neurotoxin_client — Neurotoxin client [43] round 53: poisoned 3312/6979 samples (target=0, masked=True).
22:08:55  INFO      defenses.mkrum — MKrum selected 9 / 10 clients: [12, 17, 26, 27, 54, 58, 65, 69, 95]  |  rejected: [43]
22:09:19  INFO      defenses.mkrum — MKrum selected 9 / 10 clients: [6, 25, 45, 54, 71, 72, 87, 91, 99]  |  rejected: [1]
22:09:22  INFO      datasets.backdoor — BackdoorDataset: 3322 / 6979 samples poisoned (target=0, fraction=0.500, seed=111).
22:09:27  INFO      attacks.neurotoxin_client — Neurotoxin client [47] round 55: poisoned 3322/6979 samples (target=0, masked=True).
22:09:35  INFO      datasets.backdoor — BackdoorDataset: 3321 / 6979 samples poisoned (target=0, fraction=0.500, seed=123).
22:09:42  INFO      attacks.neurotoxin_client — Neurotoxin client [59] round 55: poisoned 3321/6979 samples (target=0, masked=True).
22:09:57  INFO      defenses.mkrum — MKrum selected 9 / 10 clients: [7, 24, 51, 55, 59, 63, 71, 80, 93]  |  rejected: [47]
22:10:21  INFO      defenses.mkrum — MKrum selected 9 / 10 clients: [10, 12, 21, 31, 45, 60, 67, 75, 98]  |  rejected: [33]
22:10:21  INFO      datasets.backdoor — BackdoorDataset: 3317 / 6980 samples poisoned (target=0, fraction=0.500, seed=89).
22:10:25  INFO      attacks.neurotoxin_client — Neurotoxin client [23] round 57: poisoned 3317/6980 samples (target=0, masked=True).
22:10:51  INFO      defenses.mkrum — MKrum selected 9 / 10 clients: [1, 22, 28, 42, 67, 69, 84, 85, 97]  |  rejected: [23]
22:11:08  INFO      datasets.backdoor — BackdoorDataset: 3312 / 6979 samples poisoned (target=0, fraction=0.500, seed=110).
22:11:13  INFO      attacks.neurotoxin_client — Neurotoxin client [43] round 58: poisoned 3312/6979 samples (target=0, masked=True).
22:11:20  INFO      defenses.mkrum — MKrum selected 9 / 10 clients: [3, 7, 25, 36, 74, 75, 84, 90, 91]  |  rejected: [43]
22:11:49  INFO      defenses.mkrum — MKrum selected 9 / 10 clients: [9, 16, 31, 38, 42, 50, 51, 58, 99]  |  rejected: [4]
22:11:49  INFO      datasets.backdoor — BackdoorDataset: 3321 / 6979 samples poisoned (target=0, fraction=0.500, seed=128).
22:11:53  INFO      attacks.neurotoxin_client — Neurotoxin client [59] round 60: poisoned 3321/6979 samples (target=0, masked=True).
22:12:14  INFO      defenses.mkrum — MKrum selected 9 / 10 clients: [5, 18, 22, 25, 40, 73, 81, 88, 91]  |  rejected: [59]
22:13:10  INFO      experiment.runner — Round   61/150  |  acc:  85.08%  loss: 0.4168  |  ASR:   2.24%  asr_loss: 11.4956  |  TPR: 100.0%  FPR: 0.0%  |  mF1: 69.7%
22:13:22  INFO      datasets.backdoor — BackdoorDataset: 3316 / 6979 samples poisoned (target=0, fraction=0.500, seed=134).
22:13:25  INFO      attacks.neurotoxin_client — Neurotoxin client [64] round 61: poisoned 3316/6979 samples (target=0, masked=True).
22:13:33  INFO      datasets.backdoor — BackdoorDataset: 3326 / 6980 samples poisoned (target=0, fraction=0.500, seed=87).
22:13:36  INFO      attacks.neurotoxin_client — Neurotoxin client [17] round 61: poisoned 3326/6980 samples (target=0, masked=True).
22:13:37  INFO      defenses.mkrum — MKrum selected 9 / 10 clients: [4, 17, 19, 48, 50, 66, 74, 85, 96]  |  rejected: [64]
22:13:51  INFO      datasets.backdoor — BackdoorDataset: 3317 / 6980 samples poisoned (target=0, fraction=0.500, seed=94).
22:13:57  INFO      attacks.neurotoxin_client — Neurotoxin client [23] round 62: poisoned 3317/6980 samples (target=0, masked=True).
22:14:02  INFO      datasets.backdoor — BackdoorDataset: 3305 / 6979 samples poisoned (target=0, fraction=0.500, seed=149).
22:14:05  INFO      attacks.neurotoxin_client — Neurotoxin client [78] round 62: poisoned 3305/6979 samples (target=0, masked=True).
22:14:10  INFO      defenses.mkrum — MKrum selected 9 / 10 clients: [12, 23, 36, 53, 61, 65, 81, 85, 95]  |  rejected: [78]
22:14:22  INFO      datasets.backdoor — BackdoorDataset: 3322 / 6979 samples poisoned (target=0, fraction=0.500, seed=119).
22:14:26  INFO      attacks.neurotoxin_client — Neurotoxin client [47] round 63: poisoned 3322/6979 samples (target=0, masked=True).
22:14:26  INFO      datasets.backdoor — BackdoorDataset: 3305 / 6979 samples poisoned (target=0, fraction=0.500, seed=150).
22:14:30  INFO      attacks.neurotoxin_client — Neurotoxin client [78] round 63: poisoned 3305/6979 samples (target=0, masked=True).
22:14:39  INFO      defenses.mkrum — MKrum selected 9 / 10 clients: [1, 32, 33, 44, 47, 63, 66, 68, 98]  |  rejected: [78]
22:14:54  INFO      datasets.backdoor — BackdoorDataset: 3321 / 6979 samples poisoned (target=0, fraction=0.500, seed=132).
22:15:02  INFO      attacks.neurotoxin_client — Neurotoxin client [59] round 64: poisoned 3321/6979 samples (target=0, masked=True).
22:15:12  INFO      defenses.mkrum — MKrum selected 9 / 10 clients: [1, 7, 13, 25, 26, 39, 67, 82, 94]  |  rejected: [59]
22:15:15  INFO      datasets.backdoor — BackdoorDataset: 3321 / 6979 samples poisoned (target=0, fraction=0.500, seed=133).
22:15:19  INFO      attacks.neurotoxin_client — Neurotoxin client [59] round 65: poisoned 3321/6979 samples (target=0, masked=True).
22:15:38  INFO      defenses.mkrum — MKrum selected 9 / 10 clients: [1, 15, 22, 25, 28, 32, 37, 39, 92]  |  rejected: [59]
22:15:48  INFO      datasets.backdoor — BackdoorDataset: 3310 / 6979 samples poisoned (target=0, fraction=0.500, seed=109).
22:15:56  INFO      attacks.neurotoxin_client — Neurotoxin client [34] round 66: poisoned 3310/6979 samples (target=0, masked=True).
22:15:56  INFO      datasets.backdoor — BackdoorDataset: 3322 / 6979 samples poisoned (target=0, fraction=0.500, seed=122).
22:16:03  INFO      attacks.neurotoxin_client — Neurotoxin client [47] round 66: poisoned 3322/6979 samples (target=0, masked=True).
22:16:17  INFO      defenses.mkrum — MKrum selected 9 / 10 clients: [20, 34, 41, 44, 53, 70, 71, 81, 85]  |  rejected: [47]
22:16:22  INFO      datasets.backdoor — BackdoorDataset: 3326 / 6980 samples poisoned (target=0, fraction=0.500, seed=93).
22:16:26  INFO      attacks.neurotoxin_client — Neurotoxin client [17] round 67: poisoned 3326/6980 samples (target=0, masked=True).
22:16:42  INFO      defenses.mkrum — MKrum selected 9 / 10 clients: [2, 3, 6, 11, 26, 33, 87, 90, 94]  |  rejected: [17]
22:17:14  INFO      defenses.mkrum — MKrum selected 9 / 10 clients: [9, 12, 22, 52, 54, 56, 71, 90, 98]  |  rejected: [45]
22:17:38  INFO      defenses.mkrum — MKrum selected 9 / 10 clients: [7, 19, 24, 31, 46, 53, 65, 73, 84]  |  rejected: [89]
22:18:07  INFO      defenses.mkrum — MKrum selected 9 / 10 clients: [4, 20, 40, 44, 52, 66, 69, 81, 92]  |  rejected: [65]
22:18:59  INFO      experiment.runner — Round   71/150  |  acc:  85.21%  loss: 0.4109  |  ASR:   2.03%  asr_loss: 11.2370  |  FPR: 10.0%  |  mF1: 70.1%
22:19:27  INFO      defenses.mkrum — MKrum selected 9 / 10 clients: [13, 35, 36, 37, 54, 58, 68, 95, 97]  |  rejected: [55]
22:19:51  INFO      defenses.mkrum — MKrum selected 9 / 10 clients: [7, 28, 33, 46, 52, 57, 84, 87, 93]  |  rejected: [45]
22:19:51  INFO      datasets.backdoor — BackdoorDataset: 3322 / 6979 samples poisoned (target=0, fraction=0.500, seed=129).
22:19:55  INFO      attacks.neurotoxin_client — Neurotoxin client [47] round 73: poisoned 3322/6979 samples (target=0, masked=True).
22:20:05  INFO      datasets.backdoor — BackdoorDataset: 3317 / 6980 samples poisoned (target=0, fraction=0.500, seed=105).
22:20:08  INFO      attacks.neurotoxin_client — Neurotoxin client [23] round 73: poisoned 3317/6980 samples (target=0, masked=True).
22:20:19  INFO      defenses.mkrum — MKrum selected 9 / 10 clients: [8, 15, 41, 47, 52, 65, 82, 91, 93]  |  rejected: [23]
22:20:51  INFO      defenses.mkrum — MKrum selected 9 / 10 clients: [2, 10, 24, 33, 39, 49, 54, 55, 74]  |  rejected: [63]
22:21:15  INFO      defenses.mkrum — MKrum selected 9 / 10 clients: [1, 3, 15, 21, 30, 37, 60, 66, 90]  |  rejected: [77]
22:21:20  INFO      datasets.backdoor — BackdoorDataset: 3315 / 6980 samples poisoned (target=0, fraction=0.500, seed=85).
22:21:25  INFO      attacks.neurotoxin_client — Neurotoxin client [0] round 76: poisoned 3315/6980 samples (target=0, masked=True).
22:21:33  INFO      datasets.backdoor — BackdoorDataset: 3305 / 6979 samples poisoned (target=0, fraction=0.500, seed=163).
22:21:40  INFO      attacks.neurotoxin_client — Neurotoxin client [78] round 76: poisoned 3305/6979 samples (target=0, masked=True).
22:21:45  INFO      datasets.backdoor — BackdoorDataset: 3316 / 6979 samples poisoned (target=0, fraction=0.500, seed=149).
22:21:49  INFO      attacks.neurotoxin_client — Neurotoxin client [64] round 76: poisoned 3316/6979 samples (target=0, masked=True).
22:21:52  INFO      defenses.mkrum — MKrum selected 9 / 10 clients: [0, 13, 25, 35, 48, 56, 64, 73, 75]  |  rejected: [78]
22:21:54  INFO      datasets.backdoor — BackdoorDataset: 3317 / 6980 samples poisoned (target=0, fraction=0.500, seed=109).
22:21:58  INFO      attacks.neurotoxin_client — Neurotoxin client [23] round 77: poisoned 3317/6980 samples (target=0, masked=True).
22:22:19  INFO      defenses.mkrum — MKrum selected 9 / 10 clients: [9, 18, 25, 39, 53, 67, 84, 88, 95]  |  rejected: [23]
22:22:38  INFO      datasets.backdoor — BackdoorDataset: 3316 / 6979 samples poisoned (target=0, fraction=0.500, seed=151).
22:22:43  INFO      attacks.neurotoxin_client — Neurotoxin client [64] round 78: poisoned 3316/6979 samples (target=0, masked=True).
22:22:51  INFO      defenses.mkrum — MKrum selected 9 / 10 clients: [36, 39, 40, 60, 82, 83, 87, 93, 96]  |  rejected: [64]
22:22:51  INFO      datasets.backdoor — BackdoorDataset: 3316 / 6979 samples poisoned (target=0, fraction=0.500, seed=152).
22:22:55  INFO      attacks.neurotoxin_client — Neurotoxin client [64] round 79: poisoned 3316/6979 samples (target=0, masked=True).
22:22:57  INFO      datasets.backdoor — BackdoorDataset: 3321 / 6979 samples poisoned (target=0, fraction=0.500, seed=147).
22:23:01  INFO      attacks.neurotoxin_client — Neurotoxin client [59] round 79: poisoned 3321/6979 samples (target=0, masked=True).
22:23:18  INFO      defenses.mkrum — MKrum selected 9 / 10 clients: [7, 11, 61, 64, 68, 75, 81, 90, 98]  |  rejected: [59]
22:23:31  INFO      datasets.backdoor — BackdoorDataset: 3312 / 6979 samples poisoned (target=0, fraction=0.500, seed=132).
22:23:40  INFO      attacks.neurotoxin_client — Neurotoxin client [43] round 80: poisoned 3312/6979 samples (target=0, masked=True).
22:23:55  INFO      defenses.mkrum — MKrum selected 9 / 10 clients: [9, 10, 20, 52, 61, 75, 92, 96, 99]  |  rejected: [43]
22:24:38  INFO      experiment.runner — Round   81/150  |  acc:  85.36%  loss: 0.4059  |  ASR:   1.90%  asr_loss: 11.2293  |  TPR: 100.0%  FPR: 0.0%  |  mF1: 70.7%
22:24:42  INFO      datasets.backdoor — BackdoorDataset: 3305 / 6979 samples poisoned (target=0, fraction=0.500, seed=168).
22:24:49  INFO      attacks.neurotoxin_client — Neurotoxin client [78] round 81: poisoned 3305/6979 samples (target=0, masked=True).
22:25:09  INFO      defenses.mkrum — MKrum selected 9 / 10 clients: [14, 19, 52, 62, 63, 68, 73, 82, 89]  |  rejected: [78]
22:25:36  INFO      defenses.mkrum — MKrum selected 9 / 10 clients: [1, 10, 33, 36, 56, 72, 74, 89, 90]  |  rejected: [65]
22:25:47  INFO      datasets.backdoor — BackdoorDataset: 3315 / 6980 samples poisoned (target=0, fraction=0.500, seed=92).
22:25:54  INFO      attacks.neurotoxin_client — Neurotoxin client [0] round 83: poisoned 3315/6980 samples (target=0, masked=True).
22:26:08  INFO      defenses.mkrum — MKrum selected 9 / 10 clients: [21, 35, 42, 56, 65, 66, 71, 94, 97]  |  rejected: [0]
22:26:10  INFO      datasets.backdoor — BackdoorDataset: 3322 / 6979 samples poisoned (target=0, fraction=0.500, seed=140).
22:26:14  INFO      attacks.neurotoxin_client — Neurotoxin client [47] round 84: poisoned 3322/6979 samples (target=0, masked=True).
22:26:33  INFO      defenses.mkrum — MKrum selected 9 / 10 clients: [20, 22, 40, 41, 42, 61, 89, 90, 98]  |  rejected: [47]
22:27:05  INFO      defenses.mkrum — MKrum selected 9 / 10 clients: [7, 10, 12, 32, 36, 38, 41, 72, 77]  |  rejected: [89]
22:27:29  INFO      defenses.mkrum — MKrum selected 9 / 10 clients: [8, 29, 37, 39, 48, 50, 57, 60, 65]  |  rejected: [52]
22:27:55  INFO      defenses.mkrum — MKrum selected 9 / 10 clients: [5, 8, 10, 11, 15, 21, 26, 87, 98]  |  rejected: [73]
22:28:22  INFO      defenses.mkrum — MKrum selected 9 / 10 clients: [1, 6, 21, 36, 37, 61, 84, 93, 99]  |  rejected: [57]
22:28:27  INFO      datasets.backdoor — BackdoorDataset: 3310 / 6979 samples poisoned (target=0, fraction=0.500, seed=132).
22:28:32  INFO      attacks.neurotoxin_client — Neurotoxin client [34] round 89: poisoned 3310/6979 samples (target=0, masked=True).
22:28:43  INFO      datasets.backdoor — BackdoorDataset: 3322 / 6979 samples poisoned (target=0, fraction=0.500, seed=145).
22:28:47  INFO      attacks.neurotoxin_client — Neurotoxin client [47] round 89: poisoned 3322/6979 samples (target=0, masked=True).
22:28:49  INFO      defenses.mkrum — MKrum selected 9 / 10 clients: [11, 12, 15, 20, 32, 33, 47, 80, 97]  |  rejected: [34]
22:29:05  INFO      datasets.backdoor — BackdoorDataset: 3310 / 6979 samples poisoned (target=0, fraction=0.500, seed=185).
22:29:13  INFO      attacks.neurotoxin_client — Neurotoxin client [86] round 90: poisoned 3310/6979 samples (target=0, masked=True).
22:29:26  INFO      defenses.mkrum — MKrum selected 9 / 10 clients: [24, 25, 28, 63, 68, 72, 88, 90, 95]  |  rejected: [86]
22:30:13  INFO      experiment.runner — Round   91/150  |  acc:  85.41%  loss: 0.4020  |  ASR:   2.25%  asr_loss: 11.1932  |  TPR: 100.0%  FPR: 0.0%  |  mF1: 70.6%
22:30:22  INFO      datasets.backdoor — BackdoorDataset: 3310 / 6979 samples poisoned (target=0, fraction=0.500, seed=134).
22:30:25  INFO      attacks.neurotoxin_client — Neurotoxin client [34] round 91: poisoned 3310/6979 samples (target=0, masked=True).
22:30:25  INFO      datasets.backdoor — BackdoorDataset: 3321 / 6979 samples poisoned (target=0, fraction=0.500, seed=159).
22:30:29  INFO      attacks.neurotoxin_client — Neurotoxin client [59] round 91: poisoned 3321/6979 samples (target=0, masked=True).
22:30:43  INFO      defenses.mkrum — MKrum selected 9 / 10 clients: [11, 31, 32, 34, 51, 52, 85, 89, 91]  |  rejected: [59]
22:30:43  INFO      datasets.backdoor — BackdoorDataset: 3310 / 6979 samples poisoned (target=0, fraction=0.500, seed=135).
22:30:47  INFO      attacks.neurotoxin_client — Neurotoxin client [34] round 92: poisoned 3310/6979 samples (target=0, masked=True).
22:30:55  INFO      datasets.backdoor — BackdoorDataset: 3317 / 6980 samples poisoned (target=0, fraction=0.500, seed=124).
22:30:59  INFO      attacks.neurotoxin_client — Neurotoxin client [23] round 92: poisoned 3317/6980 samples (target=0, masked=True).
22:31:10  INFO      defenses.mkrum — MKrum selected 9 / 10 clients: [2, 19, 34, 48, 76, 77, 93, 94, 96]  |  rejected: [23]
22:31:11  INFO      datasets.backdoor — BackdoorDataset: 3326 / 6980 samples poisoned (target=0, fraction=0.500, seed=119).
22:31:15  INFO      attacks.neurotoxin_client — Neurotoxin client [17] round 93: poisoned 3326/6980 samples (target=0, masked=True).
22:31:27  INFO      datasets.backdoor — BackdoorDataset: 3305 / 6979 samples poisoned (target=0, fraction=0.500, seed=180).
22:31:35  INFO      attacks.neurotoxin_client — Neurotoxin client [78] round 93: poisoned 3305/6979 samples (target=0, masked=True).
22:31:45  INFO      defenses.mkrum — MKrum selected 9 / 10 clients: [13, 15, 49, 50, 58, 63, 69, 76, 78]  |  rejected: [17]
22:31:48  INFO      datasets.backdoor — BackdoorDataset: 3326 / 6980 samples poisoned (target=0, fraction=0.500, seed=120).
22:31:51  INFO      attacks.neurotoxin_client — Neurotoxin client [17] round 94: poisoned 3326/6980 samples (target=0, masked=True).
22:31:53  INFO      datasets.backdoor — BackdoorDataset: 3312 / 6979 samples poisoned (target=0, fraction=0.500, seed=146).
22:31:57  INFO      attacks.neurotoxin_client — Neurotoxin client [43] round 94: poisoned 3312/6979 samples (target=0, masked=True).
22:32:12  INFO      defenses.mkrum — MKrum selected 9 / 10 clients: [10, 13, 28, 30, 42, 43, 45, 69, 80]  |  rejected: [17]
22:32:14  INFO      datasets.backdoor — BackdoorDataset: 3315 / 6980 samples poisoned (target=0, fraction=0.500, seed=104).
22:32:21  INFO      attacks.neurotoxin_client — Neurotoxin client [0] round 95: poisoned 3315/6980 samples (target=0, masked=True).
22:32:27  INFO      datasets.backdoor — BackdoorDataset: 3321 / 6979 samples poisoned (target=0, fraction=0.500, seed=163).
22:32:34  INFO      attacks.neurotoxin_client — Neurotoxin client [59] round 95: poisoned 3321/6979 samples (target=0, masked=True).
22:32:34  INFO      datasets.backdoor — BackdoorDataset: 3322 / 6979 samples poisoned (target=0, fraction=0.500, seed=151).
22:32:41  INFO      attacks.neurotoxin_client — Neurotoxin client [47] round 95: poisoned 3322/6979 samples (target=0, masked=True).
22:32:48  INFO      datasets.backdoor — BackdoorDataset: 3310 / 6979 samples poisoned (target=0, fraction=0.500, seed=190).
22:32:51  INFO      attacks.neurotoxin_client — Neurotoxin client [86] round 95: poisoned 3310/6979 samples (target=0, masked=True).
22:32:54  INFO      defenses.mkrum — MKrum selected 9 / 10 clients: [0, 10, 28, 46, 47, 57, 59, 72, 82]  |  rejected: [86]
22:32:59  INFO      datasets.backdoor — BackdoorDataset: 3315 / 6980 samples poisoned (target=0, fraction=0.500, seed=105).
22:33:03  INFO      attacks.neurotoxin_client — Neurotoxin client [0] round 96: poisoned 3315/6980 samples (target=0, masked=True).
22:33:15  INFO      datasets.backdoor — BackdoorDataset: 3312 / 6979 samples poisoned (target=0, fraction=0.500, seed=148).
22:33:18  INFO      attacks.neurotoxin_client — Neurotoxin client [43] round 96: poisoned 3312/6979 samples (target=0, masked=True).
22:33:21  INFO      defenses.mkrum — MKrum selected 9 / 10 clients: [0, 20, 32, 57, 69, 74, 80, 83, 87]  |  rejected: [43]
22:33:22  INFO      datasets.backdoor — BackdoorDataset: 3322 / 6979 samples poisoned (target=0, fraction=0.500, seed=153).
22:33:26  INFO      attacks.neurotoxin_client — Neurotoxin client [47] round 97: poisoned 3322/6979 samples (target=0, masked=True).
22:33:34  INFO      datasets.backdoor — BackdoorDataset: 3310 / 6979 samples poisoned (target=0, fraction=0.500, seed=140).
22:33:41  INFO      attacks.neurotoxin_client — Neurotoxin client [34] round 97: poisoned 3310/6979 samples (target=0, masked=True).
22:33:41  INFO      datasets.backdoor — BackdoorDataset: 3305 / 6979 samples poisoned (target=0, fraction=0.500, seed=184).
22:33:48  INFO      attacks.neurotoxin_client — Neurotoxin client [78] round 97: poisoned 3305/6979 samples (target=0, masked=True).
22:33:59  INFO      defenses.mkrum — MKrum selected 9 / 10 clients: [3, 8, 15, 20, 26, 37, 47, 51, 78]  |  rejected: [34]
22:34:15  INFO      datasets.backdoor — BackdoorDataset: 3317 / 6980 samples poisoned (target=0, fraction=0.500, seed=130).
22:34:19  INFO      attacks.neurotoxin_client — Neurotoxin client [23] round 98: poisoned 3317/6980 samples (target=0, masked=True).
22:34:19  INFO      datasets.backdoor — BackdoorDataset: 3305 / 6979 samples poisoned (target=0, fraction=0.500, seed=185).
22:34:23  INFO      attacks.neurotoxin_client — Neurotoxin client [78] round 98: poisoned 3305/6979 samples (target=0, masked=True).
22:34:28  INFO      defenses.mkrum — MKrum selected 9 / 10 clients: [2, 9, 19, 30, 72, 78, 80, 87, 88]  |  rejected: [23]
22:34:56  INFO      defenses.mkrum — MKrum selected 9 / 10 clients: [9, 16, 35, 51, 53, 61, 75, 83, 91]  |  rejected: [88]
22:35:08  INFO      datasets.backdoor — BackdoorDataset: 3316 / 6979 samples poisoned (target=0, fraction=0.500, seed=173).
22:35:13  INFO      attacks.neurotoxin_client — Neurotoxin client [64] round 100: poisoned 3316/6979 samples (target=0, masked=True).
22:35:24  INFO      defenses.mkrum — MKrum selected 9 / 10 clients: [13, 18, 19, 33, 35, 53, 61, 67, 82]  |  rejected: [64]
22:36:15  INFO      experiment.runner — Round  101/150  |  acc:  85.55%  loss: 0.3987  |  ASR:   2.09%  asr_loss: 10.6763  |  TPR: 100.0%  FPR: 0.0%  |  mF1: 70.8%
22:36:15  INFO      datasets.backdoor — BackdoorDataset: 3315 / 6980 samples poisoned (target=0, fraction=0.500, seed=110).
22:36:18  INFO      attacks.neurotoxin_client — Neurotoxin client [0] round 101: poisoned 3315/6980 samples (target=0, masked=True).
22:36:19  INFO      datasets.backdoor — BackdoorDataset: 3322 / 6979 samples poisoned (target=0, fraction=0.500, seed=157).
22:36:22  INFO      attacks.neurotoxin_client — Neurotoxin client [47] round 101: poisoned 3322/6979 samples (target=0, masked=True).
22:36:45  INFO      defenses.mkrum — MKrum selected 9 / 10 clients: [12, 15, 29, 36, 47, 61, 72, 74, 82]  |  rejected: [0]
22:37:07  INFO      datasets.backdoor — BackdoorDataset: 3310 / 6979 samples poisoned (target=0, fraction=0.500, seed=197).
22:37:11  INFO      attacks.neurotoxin_client — Neurotoxin client [86] round 102: poisoned 3310/6979 samples (target=0, masked=True).
22:37:11  INFO      datasets.backdoor — BackdoorDataset: 3312 / 6979 samples poisoned (target=0, fraction=0.500, seed=154).
22:37:15  INFO      attacks.neurotoxin_client — Neurotoxin client [43] round 102: poisoned 3312/6979 samples (target=0, masked=True).
22:37:15  INFO      defenses.mkrum — MKrum selected 9 / 10 clients: [21, 25, 35, 45, 66, 71, 84, 86, 95]  |  rejected: [43]
22:37:43  INFO      defenses.mkrum — MKrum selected 9 / 10 clients: [1, 2, 10, 24, 30, 51, 85, 90, 97]  |  rejected: [95]
22:37:44  INFO      datasets.backdoor — BackdoorDataset: 3315 / 6980 samples poisoned (target=0, fraction=0.500, seed=113).
22:37:51  INFO      attacks.neurotoxin_client — Neurotoxin client [0] round 104: poisoned 3315/6980 samples (target=0, masked=True).
22:38:13  INFO      defenses.mkrum — MKrum selected 9 / 10 clients: [2, 6, 24, 61, 87, 91, 92, 93, 95]  |  rejected: [0]
22:38:32  INFO      datasets.backdoor — BackdoorDataset: 3310 / 6979 samples poisoned (target=0, fraction=0.500, seed=200).
22:38:37  INFO      attacks.neurotoxin_client — Neurotoxin client [86] round 105: poisoned 3310/6979 samples (target=0, masked=True).
22:38:45  INFO      defenses.mkrum — MKrum selected 9 / 10 clients: [9, 11, 26, 38, 55, 65, 69, 70, 82]  |  rejected: [86]
22:39:03  INFO      datasets.backdoor — BackdoorDataset: 3317 / 6980 samples poisoned (target=0, fraction=0.500, seed=138).
22:39:07  INFO      attacks.neurotoxin_client — Neurotoxin client [23] round 106: poisoned 3317/6980 samples (target=0, masked=True).
22:39:11  INFO      defenses.mkrum — MKrum selected 9 / 10 clients: [4, 10, 12, 27, 40, 58, 73, 85, 91]  |  rejected: [23]
22:39:26  INFO      datasets.backdoor — BackdoorDataset: 3310 / 6979 samples poisoned (target=0, fraction=0.500, seed=150).
22:39:30  INFO      attacks.neurotoxin_client — Neurotoxin client [34] round 107: poisoned 3310/6979 samples (target=0, masked=True).
22:39:38  INFO      defenses.mkrum — MKrum selected 9 / 10 clients: [12, 32, 35, 45, 70, 75, 84, 95, 98]  |  rejected: [34]
22:40:09  INFO      defenses.mkrum — MKrum selected 9 / 10 clients: [2, 5, 7, 10, 18, 42, 88, 89, 97]  |  rejected: [46]
22:40:28  INFO      datasets.backdoor — BackdoorDataset: 3315 / 6980 samples poisoned (target=0, fraction=0.500, seed=118).
22:40:31  INFO      attacks.neurotoxin_client — Neurotoxin client [0] round 109: poisoned 3315/6980 samples (target=0, masked=True).
22:40:34  INFO      defenses.mkrum — MKrum selected 9 / 10 clients: [3, 6, 22, 30, 33, 54, 72, 74, 90]  |  rejected: [0]
22:41:07  INFO      defenses.mkrum — MKrum selected 9 / 10 clients: [9, 16, 18, 24, 72, 82, 83, 89, 93]  |  rejected: [44]
22:41:50  INFO      experiment.runner — Round  111/150  |  acc:  85.67%  loss: 0.3946  |  ASR:   2.08%  asr_loss: 10.8325  |  FPR: 10.0%  |  mF1: 71.2%
22:41:57  INFO      datasets.backdoor — BackdoorDataset: 3321 / 6979 samples poisoned (target=0, fraction=0.500, seed=179).
22:42:01  INFO      attacks.neurotoxin_client — Neurotoxin client [59] round 111: poisoned 3321/6979 samples (target=0, masked=True).
22:42:17  INFO      defenses.mkrum — MKrum selected 9 / 10 clients: [40, 57, 58, 63, 68, 75, 76, 88, 93]  |  rejected: [59]
22:42:28  INFO      datasets.backdoor — BackdoorDataset: 3310 / 6979 samples poisoned (target=0, fraction=0.500, seed=155).
22:42:32  INFO      attacks.neurotoxin_client — Neurotoxin client [34] round 112: poisoned 3310/6979 samples (target=0, masked=True).
22:42:49  INFO      defenses.mkrum — MKrum selected 9 / 10 clients: [7, 18, 25, 26, 28, 56, 57, 60, 73]  |  rejected: [34]
22:42:58  INFO      datasets.backdoor — BackdoorDataset: 3322 / 6979 samples poisoned (target=0, fraction=0.500, seed=169).
22:43:02  INFO      attacks.neurotoxin_client — Neurotoxin client [47] round 113: poisoned 3322/6979 samples (target=0, masked=True).
22:43:04  INFO      datasets.backdoor — BackdoorDataset: 3317 / 6980 samples poisoned (target=0, fraction=0.500, seed=145).
22:43:09  INFO      attacks.neurotoxin_client — Neurotoxin client [23] round 113: poisoned 3317/6980 samples (target=0, masked=True).
22:43:11  INFO      datasets.backdoor — BackdoorDataset: 3321 / 6979 samples poisoned (target=0, fraction=0.500, seed=181).
22:43:14  INFO      attacks.neurotoxin_client — Neurotoxin client [59] round 113: poisoned 3321/6979 samples (target=0, masked=True).
22:43:18  INFO      defenses.mkrum — MKrum selected 9 / 10 clients: [14, 20, 23, 42, 47, 54, 60, 79, 95]  |  rejected: [59]
22:43:29  INFO      datasets.backdoor — BackdoorDataset: 3326 / 6980 samples poisoned (target=0, fraction=0.500, seed=140).
22:43:33  INFO      attacks.neurotoxin_client — Neurotoxin client [17] round 114: poisoned 3326/6980 samples (target=0, masked=True).
22:43:36  INFO      datasets.backdoor — BackdoorDataset: 3322 / 6979 samples poisoned (target=0, fraction=0.500, seed=170).
22:43:40  INFO      attacks.neurotoxin_client — Neurotoxin client [47] round 114: poisoned 3322/6979 samples (target=0, masked=True).
22:43:49  INFO      defenses.mkrum — MKrum selected 9 / 10 clients: [4, 8, 12, 15, 32, 33, 47, 65, 85]  |  rejected: [17]
22:43:49  INFO      datasets.backdoor — BackdoorDataset: 3316 / 6979 samples poisoned (target=0, fraction=0.500, seed=188).
22:43:54  INFO      attacks.neurotoxin_client — Neurotoxin client [64] round 115: poisoned 3316/6979 samples (target=0, masked=True).
22:44:16  INFO      defenses.mkrum — MKrum selected 9 / 10 clients: [27, 35, 37, 40, 50, 52, 56, 65, 82]  |  rejected: [64]
22:44:48  INFO      defenses.mkrum — MKrum selected 9 / 10 clients: [5, 6, 8, 19, 25, 42, 45, 58, 92]  |  rejected: [75]
22:45:09  INFO      datasets.backdoor — BackdoorDataset: 3317 / 6980 samples poisoned (target=0, fraction=0.500, seed=149).
22:45:13  INFO      attacks.neurotoxin_client — Neurotoxin client [23] round 117: poisoned 3317/6980 samples (target=0, masked=True).
22:45:13  INFO      defenses.mkrum — MKrum selected 9 / 10 clients: [2, 42, 46, 53, 77, 80, 85, 91, 95]  |  rejected: [23]
22:45:43  INFO      defenses.mkrum — MKrum selected 9 / 10 clients: [6, 7, 29, 32, 33, 56, 58, 97, 99]  |  rejected: [93]
22:45:46  INFO      datasets.backdoor — BackdoorDataset: 3310 / 6979 samples poisoned (target=0, fraction=0.500, seed=162).
22:45:49  INFO      attacks.neurotoxin_client — Neurotoxin client [34] round 119: poisoned 3310/6979 samples (target=0, masked=True).
22:46:11  INFO      defenses.mkrum — MKrum selected 9 / 10 clients: [3, 6, 7, 13, 26, 41, 50, 54, 83]  |  rejected: [34]
22:46:40  INFO      defenses.mkrum — MKrum selected 9 / 10 clients: [2, 10, 14, 31, 37, 44, 53, 66, 77]  |  rejected: [51]
22:47:34  INFO      experiment.runner — Round  121/150  |  acc:  85.70%  loss: 0.3932  |  ASR:   2.09%  asr_loss: 10.9256  |  FPR: 10.0%  |  mF1: 71.0%
22:47:44  INFO      datasets.backdoor — BackdoorDataset: 3317 / 6980 samples poisoned (target=0, fraction=0.500, seed=153).
22:47:49  INFO      attacks.neurotoxin_client — Neurotoxin client [23] round 121: poisoned 3317/6980 samples (target=0, masked=True).
22:48:01  INFO      defenses.mkrum — MKrum selected 9 / 10 clients: [6, 20, 46, 50, 52, 54, 60, 90, 96]  |  rejected: [23]
22:48:25  INFO      datasets.backdoor — BackdoorDataset: 3312 / 6979 samples poisoned (target=0, fraction=0.500, seed=174).
22:48:32  INFO      attacks.neurotoxin_client — Neurotoxin client [43] round 122: poisoned 3312/6979 samples (target=0, masked=True).
22:48:33  INFO      defenses.mkrum — MKrum selected 9 / 10 clients: [3, 37, 45, 53, 70, 80, 90, 91, 93]  |  rejected: [43]
22:48:59  INFO      defenses.mkrum — MKrum selected 9 / 10 clients: [15, 24, 30, 40, 45, 48, 61, 83, 91]  |  rejected: [2]
22:49:18  INFO      datasets.backdoor — BackdoorDataset: 3310 / 6979 samples poisoned (target=0, fraction=0.500, seed=219).
22:49:23  INFO      attacks.neurotoxin_client — Neurotoxin client [86] round 124: poisoned 3310/6979 samples (target=0, masked=True).
22:49:28  INFO      defenses.mkrum — MKrum selected 9 / 10 clients: [8, 24, 44, 49, 53, 61, 76, 80, 84]  |  rejected: [86]
22:49:28  INFO      datasets.backdoor — BackdoorDataset: 3322 / 6979 samples poisoned (target=0, fraction=0.500, seed=181).
22:49:35  INFO      attacks.neurotoxin_client — Neurotoxin client [47] round 125: poisoned 3322/6979 samples (target=0, masked=True).
22:49:58  INFO      defenses.mkrum — MKrum selected 9 / 10 clients: [8, 14, 31, 37, 46, 49, 54, 72, 75]  |  rejected: [47]
22:50:01  INFO      datasets.backdoor — BackdoorDataset: 3321 / 6979 samples poisoned (target=0, fraction=0.500, seed=194).
22:50:04  INFO      attacks.neurotoxin_client — Neurotoxin client [59] round 126: poisoned 3321/6979 samples (target=0, masked=True).
22:50:16  INFO      datasets.backdoor — BackdoorDataset: 3316 / 6979 samples poisoned (target=0, fraction=0.500, seed=199).
22:50:20  INFO      attacks.neurotoxin_client — Neurotoxin client [64] round 126: poisoned 3316/6979 samples (target=0, masked=True).
22:50:27  INFO      defenses.mkrum — MKrum selected 9 / 10 clients: [24, 26, 39, 41, 49, 55, 64, 72, 87]  |  rejected: [59]
22:50:31  INFO      datasets.backdoor — BackdoorDataset: 3322 / 6979 samples poisoned (target=0, fraction=0.500, seed=183).
22:50:39  INFO      attacks.neurotoxin_client — Neurotoxin client [47] round 127: poisoned 3322/6979 samples (target=0, masked=True).
22:50:43  INFO      datasets.backdoor — BackdoorDataset: 3312 / 6979 samples poisoned (target=0, fraction=0.500, seed=179).
22:50:49  INFO      attacks.neurotoxin_client — Neurotoxin client [43] round 127: poisoned 3312/6979 samples (target=0, masked=True).
22:50:49  INFO      datasets.backdoor — BackdoorDataset: 3317 / 6980 samples poisoned (target=0, fraction=0.500, seed=159).
22:50:53  INFO      attacks.neurotoxin_client — Neurotoxin client [23] round 127: poisoned 3317/6980 samples (target=0, masked=True).
22:51:05  INFO      defenses.mkrum — MKrum selected 9 / 10 clients: [7, 9, 23, 43, 57, 69, 75, 96, 98]  |  rejected: [47]
22:51:05  INFO      datasets.backdoor — BackdoorDataset: 3312 / 6979 samples poisoned (target=0, fraction=0.500, seed=180).
22:51:10  INFO      attacks.neurotoxin_client — Neurotoxin client [43] round 128: poisoned 3312/6979 samples (target=0, masked=True).
22:51:21  INFO      datasets.backdoor — BackdoorDataset: 3326 / 6980 samples poisoned (target=0, fraction=0.500, seed=154).
22:51:25  INFO      attacks.neurotoxin_client — Neurotoxin client [17] round 128: poisoned 3326/6980 samples (target=0, masked=True).
22:51:29  INFO      datasets.backdoor — BackdoorDataset: 3310 / 6979 samples poisoned (target=0, fraction=0.500, seed=223).
22:51:35  INFO      attacks.neurotoxin_client — Neurotoxin client [86] round 128: poisoned 3310/6979 samples (target=0, masked=True).
22:51:38  INFO      defenses.mkrum — MKrum selected 9 / 10 clients: [12, 17, 25, 28, 30, 43, 44, 74, 79]  |  rejected: [86]
22:51:57  INFO      datasets.backdoor — BackdoorDataset: 3316 / 6979 samples poisoned (target=0, fraction=0.500, seed=202).
22:52:01  INFO      attacks.neurotoxin_client — Neurotoxin client [64] round 129: poisoned 3316/6979 samples (target=0, masked=True).
22:52:04  INFO      defenses.mkrum — MKrum selected 9 / 10 clients: [7, 15, 16, 21, 37, 44, 73, 76, 96]  |  rejected: [64]
22:52:11  INFO      datasets.backdoor — BackdoorDataset: 3316 / 6979 samples poisoned (target=0, fraction=0.500, seed=203).
22:52:16  INFO      attacks.neurotoxin_client — Neurotoxin client [64] round 130: poisoned 3316/6979 samples (target=0, masked=True).
22:52:34  INFO      defenses.mkrum — MKrum selected 9 / 10 clients: [1, 2, 26, 29, 50, 82, 83, 84, 97]  |  rejected: [64]
22:53:19  INFO      experiment.runner — Round  131/150  |  acc:  85.78%  loss: 0.3911  |  ASR:   2.41%  asr_loss: 10.3445  |  TPR: 100.0%  FPR: 0.0%  |  mF1: 71.3%
22:53:36  INFO      datasets.backdoor — BackdoorDataset: 3310 / 6979 samples poisoned (target=0, fraction=0.500, seed=174).
22:53:40  INFO      attacks.neurotoxin_client — Neurotoxin client [34] round 131: poisoned 3310/6979 samples (target=0, masked=True).
22:53:48  INFO      defenses.mkrum — MKrum selected 9 / 10 clients: [6, 7, 12, 28, 30, 39, 49, 92, 99]  |  rejected: [34]
22:53:48  INFO      datasets.backdoor — BackdoorDataset: 3316 / 6979 samples poisoned (target=0, fraction=0.500, seed=205).
22:53:55  INFO      attacks.neurotoxin_client — Neurotoxin client [64] round 132: poisoned 3316/6979 samples (target=0, masked=True).
22:54:01  INFO      datasets.backdoor — BackdoorDataset: 3317 / 6980 samples poisoned (target=0, fraction=0.500, seed=164).
22:54:04  INFO      attacks.neurotoxin_client — Neurotoxin client [23] round 132: poisoned 3317/6980 samples (target=0, masked=True).
22:54:07  INFO      datasets.backdoor — BackdoorDataset: 3322 / 6979 samples poisoned (target=0, fraction=0.500, seed=188).
22:54:10  INFO      attacks.neurotoxin_client — Neurotoxin client [47] round 132: poisoned 3322/6979 samples (target=0, masked=True).
22:54:17  INFO      datasets.backdoor — BackdoorDataset: 3315 / 6980 samples poisoned (target=0, fraction=0.500, seed=141).
22:54:21  INFO      attacks.neurotoxin_client — Neurotoxin client [0] round 132: poisoned 3315/6980 samples (target=0, masked=True).
22:54:21  INFO      defenses.mkrum — MKrum selected 9 / 10 clients: [6, 23, 28, 35, 46, 47, 57, 64, 96]  |  rejected: [0]
22:54:37  INFO      datasets.backdoor — BackdoorDataset: 3315 / 6980 samples poisoned (target=0, fraction=0.500, seed=142).
22:54:42  INFO      attacks.neurotoxin_client — Neurotoxin client [0] round 133: poisoned 3315/6980 samples (target=0, masked=True).
22:54:53  INFO      defenses.mkrum — MKrum selected 9 / 10 clients: [10, 12, 14, 21, 39, 41, 76, 81, 83]  |  rejected: [0]
22:55:11  INFO      datasets.backdoor — BackdoorDataset: 3321 / 6979 samples poisoned (target=0, fraction=0.500, seed=202).
22:55:15  INFO      attacks.neurotoxin_client — Neurotoxin client [59] round 134: poisoned 3321/6979 samples (target=0, masked=True).
22:55:20  INFO      defenses.mkrum — MKrum selected 9 / 10 clients: [3, 28, 39, 65, 83, 84, 94, 95, 99]  |  rejected: [59]
22:55:44  INFO      defenses.mkrum — MKrum selected 9 / 10 clients: [13, 18, 31, 46, 49, 58, 65, 72, 82]  |  rejected: [40]
22:55:45  INFO      datasets.backdoor — BackdoorDataset: 3310 / 6979 samples poisoned (target=0, fraction=0.500, seed=231).
22:55:51  INFO      attacks.neurotoxin_client — Neurotoxin client [86] round 136: poisoned 3310/6979 samples (target=0, masked=True).
22:56:15  INFO      datasets.backdoor — BackdoorDataset: 3316 / 6979 samples poisoned (target=0, fraction=0.500, seed=209).
22:56:19  INFO      attacks.neurotoxin_client — Neurotoxin client [64] round 136: poisoned 3316/6979 samples (target=0, masked=True).
22:56:19  INFO      defenses.mkrum — MKrum selected 9 / 10 clients: [1, 6, 9, 68, 69, 74, 80, 86, 92]  |  rejected: [64]
22:56:19  INFO      datasets.backdoor — BackdoorDataset: 3315 / 6980 samples poisoned (target=0, fraction=0.500, seed=146).
22:56:23  INFO      attacks.neurotoxin_client — Neurotoxin client [0] round 137: poisoned 3315/6980 samples (target=0, masked=True).
22:56:34  INFO      datasets.backdoor — BackdoorDataset: 3312 / 6979 samples poisoned (target=0, fraction=0.500, seed=189).
22:56:38  INFO      attacks.neurotoxin_client — Neurotoxin client [43] round 137: poisoned 3312/6979 samples (target=0, masked=True).
22:56:46  INFO      defenses.mkrum — MKrum selected 9 / 10 clients: [5, 6, 10, 13, 42, 43, 79, 90, 96]  |  rejected: [0]
22:57:14  INFO      defenses.mkrum — MKrum selected 9 / 10 clients: [6, 7, 14, 20, 50, 70, 77, 82, 87]  |  rejected: [94]
22:57:26  INFO      datasets.backdoor — BackdoorDataset: 3310 / 6979 samples poisoned (target=0, fraction=0.500, seed=234).
22:57:30  INFO      attacks.neurotoxin_client — Neurotoxin client [86] round 139: poisoned 3310/6979 samples (target=0, masked=True).
22:57:39  INFO      datasets.backdoor — BackdoorDataset: 3315 / 6980 samples poisoned (target=0, fraction=0.500, seed=148).
22:57:44  INFO      attacks.neurotoxin_client — Neurotoxin client [0] round 139: poisoned 3315/6980 samples (target=0, masked=True).
22:57:44  INFO      defenses.mkrum — MKrum selected 9 / 10 clients: [27, 33, 69, 75, 76, 86, 91, 92, 94]  |  rejected: [0]
22:58:12  INFO      defenses.mkrum — MKrum selected 9 / 10 clients: [3, 6, 11, 21, 24, 26, 30, 57, 70]  |  rejected: [97]
22:59:02  INFO      experiment.runner — Round  141/150  |  acc:  85.83%  loss: 0.3882  |  ASR:   2.03%  asr_loss: 10.5877  |  FPR: 10.0%  |  mF1: 71.3%
22:59:28  INFO      defenses.mkrum — MKrum selected 9 / 10 clients: [1, 3, 10, 32, 36, 41, 55, 63, 67]  |  rejected: [11]
22:59:55  INFO      defenses.mkrum — MKrum selected 9 / 10 clients: [2, 31, 40, 49, 71, 77, 79, 91, 94]  |  rejected: [9]
23:00:19  INFO      defenses.mkrum — MKrum selected 9 / 10 clients: [8, 12, 15, 20, 75, 84, 93, 96, 98]  |  rejected: [48]
23:00:50  INFO      defenses.mkrum — MKrum selected 9 / 10 clients: [1, 6, 24, 25, 31, 42, 60, 75, 79]  |  rejected: [9]
23:01:16  INFO      defenses.mkrum — MKrum selected 9 / 10 clients: [27, 38, 42, 46, 53, 63, 66, 90, 94]  |  rejected: [44]
23:01:32  INFO      datasets.backdoor — BackdoorDataset: 3317 / 6980 samples poisoned (target=0, fraction=0.500, seed=178).
23:01:36  INFO      attacks.neurotoxin_client — Neurotoxin client [23] round 146: poisoned 3317/6980 samples (target=0, masked=True).
23:01:43  INFO      defenses.mkrum — MKrum selected 9 / 10 clients: [11, 13, 38, 42, 44, 46, 75, 87, 88]  |  rejected: [23]
23:02:10  INFO      defenses.mkrum — MKrum selected 9 / 10 clients: [9, 16, 19, 27, 44, 63, 65, 74, 92]  |  rejected: [58]
23:02:36  INFO      defenses.mkrum — MKrum selected 9 / 10 clients: [2, 3, 12, 20, 33, 48, 62, 68, 98]  |  rejected: [54]
23:03:04  INFO      defenses.mkrum — MKrum selected 9 / 10 clients: [9, 11, 13, 27, 30, 77, 95, 96, 98]  |  rejected: [65]
23:03:53  INFO      experiment.runner — Round  150/150  |  acc:  85.91%  loss: 0.3881  |  ASR:   2.27%  asr_loss: 10.7970  |  FPR: 10.0%  |  mF1: 71.3%
23:03:53  INFO      experiment.runner — Final model saved to results/benchmark/femnist_neurotoxin_mkrum_seed9/final_model.pt
23:03:53  INFO      experiment.runner — Client atypicality written to results/benchmark/femnist_neurotoxin_mkrum_seed9/client_atypicality.json
23:03:53  INFO      experiment.runner — Client inclusion rates written to results/benchmark/femnist_neurotoxin_mkrum_seed9/client_inclusion.csv
23:03:53  INFO      experiment.runner — Anomaly scores written to results/benchmark/femnist_neurotoxin_mkrum_seed9/anomaly_scores.csv (1500 rows)
23:03:53  INFO      benchmark — ✓  femnist_neurotoxin_mkrum_seed9  (85.1 min)
23:03:53  INFO      benchmark — ▶  femnist_neurotoxin_nnm_krum_seed0
23:03:53  INFO      experiment.runner — Initialising 'femnist_neurotoxin_nnm_krum_seed0' | device=cuda | rounds=150 | clients=10/100 | attack=neurotoxin | defense=nnm
23:03:54  INFO      defenses.nnm — NNMServer — f=1  base_rule=krum
23:04:04  INFO      experiment.utils — Built 100 clients — 10 malicious, 90 benign.
23:04:04  INFO      datasets.backdoor — BackdoorDataset: 110545 / 110545 samples poisoned (target=0, fraction=1.000, seed=0).
23:04:04  INFO      experiment.runner — Setup complete — 100 clients (10 malicious) | backdoor eval: static-trigger

==============================================================
  Summary — 16 rounds evaluated
==============================================================
  Final clean accuracy               85.91%
  Best  clean accuracy               85.91%
  Final clean loss                   0.3881
  Macro F1                           71.29%
  Final ASR                           2.27%
  Mean ASR (attack window)            2.42%
  Max  ASR (attack window)            3.40%
  Pooled TPR (attack period)         60.00%
  Pooled FPR (all rounds)             5.65%
==============================================================

23:05:14  INFO      experiment.runner — Round    1/150  |  acc:  52.17%  loss: 1.8969  |  ASR:   3.82%  asr_loss: 6.2381  |  mF1: 21.8%
23:10:31  INFO      experiment.runner — Round   11/150  |  acc:  80.76%  loss: 0.5828  |  ASR:   2.32%  asr_loss: 10.4835  |  mF1: 61.4%
23:15:39  INFO      experiment.runner — Round   21/150  |  acc:  82.74%  loss: 0.4992  |  ASR:   1.84%  asr_loss: 11.6667  |  mF1: 65.5%
23:21:01  INFO      experiment.runner — Round   31/150  |  acc:  84.00%  loss: 0.4576  |  ASR:   2.10%  asr_loss: 12.3805  |  mF1: 67.7%
23:24:44  INFO      datasets.backdoor — BackdoorDataset: 3320 / 6980 samples poisoned (target=0, fraction=0.500, seed=44).
23:24:47  INFO      attacks.neurotoxin_client — Neurotoxin client [5] round 39: poisoned 3320/6980 samples (target=0, masked=True).
23:25:20  INFO      datasets.backdoor — BackdoorDataset: 3311 / 6979 samples poisoned (target=0, fraction=0.500, seed=101).
23:25:23  INFO      attacks.neurotoxin_client — Neurotoxin client [61] round 40: poisoned 3311/6979 samples (target=0, masked=True).
23:26:15  INFO      experiment.runner — Round   41/150  |  acc:  84.42%  loss: 0.4405  |  ASR:   1.96%  asr_loss: 12.7598  |  mF1: 68.6%
23:26:34  INFO      datasets.backdoor — BackdoorDataset: 3315 / 6979 samples poisoned (target=0, fraction=0.500, seed=79).
23:26:38  INFO      attacks.neurotoxin_client — Neurotoxin client [38] round 41: poisoned 3315/6979 samples (target=0, masked=True).
23:26:38  INFO      datasets.backdoor — BackdoorDataset: 3326 / 6979 samples poisoned (target=0, fraction=0.500, seed=92).
23:26:42  INFO      attacks.neurotoxin_client — Neurotoxin client [51] round 41: poisoned 3326/6979 samples (target=0, masked=True).
23:26:45  INFO      datasets.backdoor — BackdoorDataset: 3315 / 6979 samples poisoned (target=0, fraction=0.500, seed=80).
23:26:49  INFO      attacks.neurotoxin_client — Neurotoxin client [38] round 42: poisoned 3315/6979 samples (target=0, masked=True).
23:26:49  INFO      datasets.backdoor — BackdoorDataset: 3311 / 6979 samples poisoned (target=0, fraction=0.500, seed=95).
23:26:53  INFO      attacks.neurotoxin_client — Neurotoxin client [53] round 42: poisoned 3311/6979 samples (target=0, masked=True).
23:27:01  INFO      datasets.backdoor — BackdoorDataset: 3311 / 6979 samples poisoned (target=0, fraction=0.500, seed=103).
23:27:08  INFO      attacks.neurotoxin_client — Neurotoxin client [61] round 42: poisoned 3311/6979 samples (target=0, masked=True).
23:27:30  INFO      datasets.backdoor — BackdoorDataset: 3315 / 6979 samples poisoned (target=0, fraction=0.500, seed=81).
23:27:34  INFO      attacks.neurotoxin_client — Neurotoxin client [38] round 43: poisoned 3315/6979 samples (target=0, masked=True).
23:28:18  INFO      datasets.backdoor — BackdoorDataset: 3317 / 6979 samples poisoned (target=0, fraction=0.500, seed=94).
23:28:22  INFO      attacks.neurotoxin_client — Neurotoxin client [49] round 45: poisoned 3317/6979 samples (target=0, masked=True).
23:28:38  INFO      datasets.backdoor — BackdoorDataset: 3314 / 6979 samples poisoned (target=0, fraction=0.500, seed=107).
23:28:42  INFO      attacks.neurotoxin_client — Neurotoxin client [62] round 45: poisoned 3314/6979 samples (target=0, masked=True).
23:29:03  INFO      datasets.backdoor — BackdoorDataset: 3320 / 6979 samples poisoned (target=0, fraction=0.500, seed=79).
23:29:10  INFO      attacks.neurotoxin_client — Neurotoxin client [33] round 46: poisoned 3320/6979 samples (target=0, masked=True).
23:30:02  INFO      datasets.backdoor — BackdoorDataset: 3320 / 6980 samples poisoned (target=0, fraction=0.500, seed=53).
23:30:10  INFO      attacks.neurotoxin_client — Neurotoxin client [5] round 48: poisoned 3320/6980 samples (target=0, masked=True).
23:30:40  INFO      datasets.backdoor — BackdoorDataset: 3314 / 6979 samples poisoned (target=0, fraction=0.500, seed=112).
23:30:46  INFO      attacks.neurotoxin_client — Neurotoxin client [62] round 50: poisoned 3314/6979 samples (target=0, masked=True).
23:30:52  INFO      datasets.backdoor — BackdoorDataset: 3326 / 6979 samples poisoned (target=0, fraction=0.500, seed=101).
23:30:56  INFO      attacks.neurotoxin_client — Neurotoxin client [51] round 50: poisoned 3326/6979 samples (target=0, masked=True).
23:31:55  INFO      experiment.runner — Round   51/150  |  acc:  84.69%  loss: 0.4332  |  ASR:   2.24%  asr_loss: 12.0072  |  mF1: 68.8%
23:33:18  INFO      datasets.backdoor — BackdoorDataset: 3320 / 6980 samples poisoned (target=0, fraction=0.500, seed=59).
23:33:22  INFO      attacks.neurotoxin_client — Neurotoxin client [5] round 54: poisoned 3320/6980 samples (target=0, masked=True).
23:33:29  INFO      datasets.backdoor — BackdoorDataset: 3315 / 6979 samples poisoned (target=0, fraction=0.500, seed=92).
23:33:37  INFO      attacks.neurotoxin_client — Neurotoxin client [38] round 54: poisoned 3315/6979 samples (target=0, masked=True).
23:33:40  INFO      datasets.backdoor — BackdoorDataset: 3320 / 6979 samples poisoned (target=0, fraction=0.500, seed=151).
23:33:43  INFO      attacks.neurotoxin_client — Neurotoxin client [97] round 54: poisoned 3320/6979 samples (target=0, masked=True).
23:34:24  INFO      datasets.backdoor — BackdoorDataset: 3320 / 6979 samples poisoned (target=0, fraction=0.500, seed=153).
23:34:27  INFO      attacks.neurotoxin_client — Neurotoxin client [97] round 56: poisoned 3320/6979 samples (target=0, masked=True).
23:34:49  INFO      datasets.backdoor — BackdoorDataset: 3311 / 6979 samples poisoned (target=0, fraction=0.500, seed=110).
23:34:52  INFO      attacks.neurotoxin_client — Neurotoxin client [53] round 57: poisoned 3311/6979 samples (target=0, masked=True).
23:34:52  INFO      datasets.backdoor — BackdoorDataset: 3311 / 6979 samples poisoned (target=0, fraction=0.500, seed=118).
23:34:56  INFO      attacks.neurotoxin_client — Neurotoxin client [61] round 57: poisoned 3311/6979 samples (target=0, masked=True).
23:34:56  INFO      datasets.backdoor — BackdoorDataset: 3317 / 6979 samples poisoned (target=0, fraction=0.500, seed=106).
23:35:00  INFO      attacks.neurotoxin_client — Neurotoxin client [49] round 57: poisoned 3317/6979 samples (target=0, masked=True).
23:35:22  INFO      datasets.backdoor — BackdoorDataset: 3315 / 6979 samples poisoned (target=0, fraction=0.500, seed=96).
23:35:26  INFO      attacks.neurotoxin_client — Neurotoxin client [38] round 58: poisoned 3315/6979 samples (target=0, masked=True).
23:35:45  INFO      datasets.backdoor — BackdoorDataset: 3320 / 6979 samples poisoned (target=0, fraction=0.500, seed=92).
23:35:49  INFO      attacks.neurotoxin_client — Neurotoxin client [33] round 59: poisoned 3320/6979 samples (target=0, masked=True).
23:35:49  INFO      datasets.backdoor — BackdoorDataset: 3315 / 6979 samples poisoned (target=0, fraction=0.500, seed=97).
23:35:53  INFO      attacks.neurotoxin_client — Neurotoxin client [38] round 59: poisoned 3315/6979 samples (target=0, masked=True).
23:35:58  INFO      datasets.backdoor — BackdoorDataset: 3317 / 6979 samples poisoned (target=0, fraction=0.500, seed=108).
23:36:02  INFO      attacks.neurotoxin_client — Neurotoxin client [49] round 59: poisoned 3317/6979 samples (target=0, masked=True).
23:36:25  INFO      datasets.backdoor — BackdoorDataset: 3311 / 6979 samples poisoned (target=0, fraction=0.500, seed=121).
23:36:30  INFO      attacks.neurotoxin_client — Neurotoxin client [61] round 60: poisoned 3311/6979 samples (target=0, masked=True).
23:36:31  INFO      datasets.backdoor — BackdoorDataset: 3311 / 6979 samples poisoned (target=0, fraction=0.500, seed=113).
23:36:38  INFO      attacks.neurotoxin_client — Neurotoxin client [53] round 60: poisoned 3311/6979 samples (target=0, masked=True).
23:36:43  INFO      datasets.backdoor — BackdoorDataset: 3314 / 6979 samples poisoned (target=0, fraction=0.500, seed=122).
23:36:53  INFO      attacks.neurotoxin_client — Neurotoxin client [62] round 60: poisoned 3314/6979 samples (target=0, masked=True).
23:37:40  INFO      experiment.runner — Round   61/150  |  acc:  84.64%  loss: 0.4342  |  ASR:   2.93%  asr_loss: 10.1611  |  mF1: 69.0%
23:38:11  INFO      datasets.backdoor — BackdoorDataset: 3317 / 6979 samples poisoned (target=0, fraction=0.500, seed=111).
23:38:15  INFO      attacks.neurotoxin_client — Neurotoxin client [49] round 62: poisoned 3317/6979 samples (target=0, masked=True).
23:39:04  INFO      datasets.backdoor — BackdoorDataset: 3317 / 6979 samples poisoned (target=0, fraction=0.500, seed=113).
23:39:08  INFO      attacks.neurotoxin_client — Neurotoxin client [49] round 64: poisoned 3317/6979 samples (target=0, masked=True).
23:39:11  INFO      datasets.backdoor — BackdoorDataset: 3314 / 6979 samples poisoned (target=0, fraction=0.500, seed=126).
23:39:14  INFO      attacks.neurotoxin_client — Neurotoxin client [62] round 64: poisoned 3314/6979 samples (target=0, masked=True).
23:39:55  INFO      datasets.backdoor — BackdoorDataset: 3317 / 6979 samples poisoned (target=0, fraction=0.500, seed=114).
23:39:59  INFO      attacks.neurotoxin_client — Neurotoxin client [49] round 65: poisoned 3317/6979 samples (target=0, masked=True).
23:40:27  INFO      datasets.backdoor — BackdoorDataset: 3320 / 6980 samples poisoned (target=0, fraction=0.500, seed=72).
23:40:31  INFO      attacks.neurotoxin_client — Neurotoxin client [5] round 67: poisoned 3320/6980 samples (target=0, masked=True).
23:40:31  INFO      datasets.backdoor — BackdoorDataset: 3314 / 6979 samples poisoned (target=0, fraction=0.500, seed=129).
23:40:35  INFO      attacks.neurotoxin_client — Neurotoxin client [62] round 67: poisoned 3314/6979 samples (target=0, masked=True).
23:41:15  INFO      datasets.backdoor — BackdoorDataset: 3311 / 6979 samples poisoned (target=0, fraction=0.500, seed=121).
23:41:19  INFO      attacks.neurotoxin_client — Neurotoxin client [53] round 68: poisoned 3311/6979 samples (target=0, masked=True).
23:41:36  INFO      datasets.backdoor — BackdoorDataset: 3311 / 6979 samples poisoned (target=0, fraction=0.500, seed=122).
23:41:43  INFO      attacks.neurotoxin_client — Neurotoxin client [53] round 69: poisoned 3311/6979 samples (target=0, masked=True).
23:42:07  INFO      datasets.backdoor — BackdoorDataset: 3311 / 6979 samples poisoned (target=0, fraction=0.500, seed=123).
23:42:11  INFO      attacks.neurotoxin_client — Neurotoxin client [53] round 70: poisoned 3311/6979 samples (target=0, masked=True).
23:43:15  INFO      experiment.runner — Round   71/150  |  acc:  85.16%  loss: 0.4140  |  ASR:   1.97%  asr_loss: 12.3154  |  mF1: 69.6%
23:44:36  INFO      datasets.backdoor — BackdoorDataset: 3311 / 6979 samples poisoned (target=0, fraction=0.500, seed=135).
23:44:43  INFO      attacks.neurotoxin_client — Neurotoxin client [61] round 74: poisoned 3311/6979 samples (target=0, masked=True).
23:44:50  INFO      datasets.backdoor — BackdoorDataset: 3320 / 6979 samples poisoned (target=0, fraction=0.500, seed=107).
23:44:55  INFO      attacks.neurotoxin_client — Neurotoxin client [33] round 74: poisoned 3320/6979 samples (target=0, masked=True).
23:45:52  INFO      datasets.backdoor — BackdoorDataset: 3316 / 6979 samples poisoned (target=0, fraction=0.500, seed=141).
23:45:56  INFO      attacks.neurotoxin_client — Neurotoxin client [65] round 76: poisoned 3316/6979 samples (target=0, masked=True).
23:46:14  INFO      datasets.backdoor — BackdoorDataset: 3311 / 6979 samples poisoned (target=0, fraction=0.500, seed=130).
23:46:21  INFO      attacks.neurotoxin_client — Neurotoxin client [53] round 77: poisoned 3311/6979 samples (target=0, masked=True).
23:46:23  INFO      datasets.backdoor — BackdoorDataset: 3320 / 6980 samples poisoned (target=0, fraction=0.500, seed=82).
23:46:27  INFO      attacks.neurotoxin_client — Neurotoxin client [5] round 77: poisoned 3320/6980 samples (target=0, masked=True).
23:46:43  INFO      datasets.backdoor — BackdoorDataset: 3311 / 6979 samples poisoned (target=0, fraction=0.500, seed=131).
23:46:48  INFO      attacks.neurotoxin_client — Neurotoxin client [53] round 78: poisoned 3311/6979 samples (target=0, masked=True).
23:46:49  INFO      datasets.backdoor — BackdoorDataset: 3315 / 6979 samples poisoned (target=0, fraction=0.500, seed=116).
23:46:56  INFO      attacks.neurotoxin_client — Neurotoxin client [38] round 78: poisoned 3315/6979 samples (target=0, masked=True).
23:47:13  INFO      datasets.backdoor — BackdoorDataset: 3315 / 6979 samples poisoned (target=0, fraction=0.500, seed=117).
23:47:21  INFO      attacks.neurotoxin_client — Neurotoxin client [38] round 79: poisoned 3315/6979 samples (target=0, masked=True).
23:47:54  INFO      datasets.backdoor — BackdoorDataset: 3311 / 6979 samples poisoned (target=0, fraction=0.500, seed=133).
23:47:58  INFO      attacks.neurotoxin_client — Neurotoxin client [53] round 80: poisoned 3311/6979 samples (target=0, masked=True).
23:49:00  INFO      experiment.runner — Round   81/150  |  acc:  85.30%  loss: 0.4087  |  ASR:   2.10%  asr_loss: 11.9195  |  mF1: 70.1%
23:49:41  INFO      datasets.backdoor — BackdoorDataset: 3326 / 6979 samples poisoned (target=0, fraction=0.500, seed=133).
23:49:44  INFO      attacks.neurotoxin_client — Neurotoxin client [51] round 82: poisoned 3326/6979 samples (target=0, masked=True).
23:49:49  INFO      datasets.backdoor — BackdoorDataset: 3311 / 6979 samples poisoned (target=0, fraction=0.500, seed=135).
23:49:56  INFO      attacks.neurotoxin_client — Neurotoxin client [53] round 82: poisoned 3311/6979 samples (target=0, masked=True).
23:50:30  INFO      datasets.backdoor — BackdoorDataset: 3311 / 6979 samples poisoned (target=0, fraction=0.500, seed=145).
23:50:34  INFO      attacks.neurotoxin_client — Neurotoxin client [61] round 84: poisoned 3311/6979 samples (target=0, masked=True).
23:50:57  INFO      datasets.backdoor — BackdoorDataset: 3315 / 6979 samples poisoned (target=0, fraction=0.500, seed=123).
23:51:01  INFO      attacks.neurotoxin_client — Neurotoxin client [38] round 85: poisoned 3315/6979 samples (target=0, masked=True).
23:51:40  INFO      datasets.backdoor — BackdoorDataset: 3320 / 6979 samples poisoned (target=0, fraction=0.500, seed=183).
23:51:43  INFO      attacks.neurotoxin_client — Neurotoxin client [97] round 86: poisoned 3320/6979 samples (target=0, masked=True).
23:51:48  INFO      datasets.backdoor — BackdoorDataset: 3326 / 6979 samples poisoned (target=0, fraction=0.500, seed=137).
23:51:52  INFO      attacks.neurotoxin_client — Neurotoxin client [51] round 86: poisoned 3326/6979 samples (target=0, masked=True).
23:52:07  INFO      datasets.backdoor — BackdoorDataset: 3320 / 6980 samples poisoned (target=0, fraction=0.500, seed=92).
23:52:12  INFO      attacks.neurotoxin_client — Neurotoxin client [5] round 87: poisoned 3320/6980 samples (target=0, masked=True).
23:53:03  INFO      datasets.backdoor — BackdoorDataset: 3320 / 6979 samples poisoned (target=0, fraction=0.500, seed=122).
23:53:07  INFO      attacks.neurotoxin_client — Neurotoxin client [33] round 89: poisoned 3320/6979 samples (target=0, masked=True).
23:53:31  INFO      datasets.backdoor — BackdoorDataset: 3320 / 6979 samples poisoned (target=0, fraction=0.500, seed=187).
23:53:35  INFO      attacks.neurotoxin_client — Neurotoxin client [97] round 90: poisoned 3320/6979 samples (target=0, masked=True).
23:53:40  INFO      datasets.backdoor — BackdoorDataset: 3311 / 6979 samples poisoned (target=0, fraction=0.500, seed=143).
23:53:44  INFO      attacks.neurotoxin_client — Neurotoxin client [53] round 90: poisoned 3311/6979 samples (target=0, masked=True).
23:54:40  INFO      experiment.runner — Round   91/150  |  acc:  85.37%  loss: 0.4060  |  ASR:   2.19%  asr_loss: 11.5071  |  mF1: 71.0%
23:55:04  INFO      datasets.backdoor — BackdoorDataset: 3326 / 6979 samples poisoned (target=0, fraction=0.500, seed=143).
23:55:08  INFO      attacks.neurotoxin_client — Neurotoxin client [51] round 92: poisoned 3326/6979 samples (target=0, masked=True).
23:55:48  INFO      datasets.backdoor — BackdoorDataset: 3326 / 6979 samples poisoned (target=0, fraction=0.500, seed=144).
23:55:52  INFO      attacks.neurotoxin_client — Neurotoxin client [51] round 93: poisoned 3326/6979 samples (target=0, masked=True).
23:56:04  INFO      datasets.backdoor — BackdoorDataset: 3315 / 6979 samples poisoned (target=0, fraction=0.500, seed=132).
23:56:07  INFO      attacks.neurotoxin_client — Neurotoxin client [38] round 94: poisoned 3315/6979 samples (target=0, masked=True).
23:56:17  INFO      datasets.backdoor — BackdoorDataset: 3311 / 6979 samples poisoned (target=0, fraction=0.500, seed=147).
23:56:20  INFO      attacks.neurotoxin_client — Neurotoxin client [53] round 94: poisoned 3311/6979 samples (target=0, masked=True).
23:56:23  INFO      datasets.backdoor — BackdoorDataset: 3311 / 6979 samples poisoned (target=0, fraction=0.500, seed=155).
23:56:27  INFO      attacks.neurotoxin_client — Neurotoxin client [61] round 94: poisoned 3311/6979 samples (target=0, masked=True).
23:56:27  INFO      datasets.backdoor — BackdoorDataset: 3314 / 6979 samples poisoned (target=0, fraction=0.500, seed=156).
23:56:31  INFO      attacks.neurotoxin_client — Neurotoxin client [62] round 94: poisoned 3314/6979 samples (target=0, masked=True).
23:56:49  INFO      datasets.backdoor — BackdoorDataset: 3315 / 6979 samples poisoned (target=0, fraction=0.500, seed=133).
23:56:55  INFO      attacks.neurotoxin_client — Neurotoxin client [38] round 95: poisoned 3315/6979 samples (target=0, masked=True).
23:57:50  INFO      datasets.backdoor — BackdoorDataset: 3320 / 6980 samples poisoned (target=0, fraction=0.500, seed=102).
23:57:58  INFO      attacks.neurotoxin_client — Neurotoxin client [5] round 97: poisoned 3320/6980 samples (target=0, masked=True).
23:58:48  INFO      datasets.backdoor — BackdoorDataset: 3317 / 6979 samples poisoned (target=0, fraction=0.500, seed=148).
23:58:53  INFO      attacks.neurotoxin_client — Neurotoxin client [49] round 99: poisoned 3317/6979 samples (target=0, masked=True).
23:58:57  INFO      datasets.backdoor — BackdoorDataset: 3311 / 6979 samples poisoned (target=0, fraction=0.500, seed=152).
23:59:04  INFO      attacks.neurotoxin_client — Neurotoxin client [53] round 99: poisoned 3311/6979 samples (target=0, masked=True).
00:00:27  INFO      experiment.runner — Round  101/150  |  acc:  85.43%  loss: 0.4021  |  ASR:   2.15%  asr_loss: 11.7694  |  mF1: 70.4%
00:00:34  INFO      datasets.backdoor — BackdoorDataset: 3317 / 6979 samples poisoned (target=0, fraction=0.500, seed=150).
00:00:37  INFO      attacks.neurotoxin_client — Neurotoxin client [49] round 101: poisoned 3317/6979 samples (target=0, masked=True).
00:00:40  INFO      datasets.backdoor — BackdoorDataset: 3314 / 6979 samples poisoned (target=0, fraction=0.500, seed=163).
00:00:43  INFO      attacks.neurotoxin_client — Neurotoxin client [62] round 101: poisoned 3314/6979 samples (target=0, masked=True).
00:01:02  INFO      datasets.backdoor — BackdoorDataset: 3317 / 6979 samples poisoned (target=0, fraction=0.500, seed=151).
00:01:10  INFO      attacks.neurotoxin_client — Neurotoxin client [49] round 102: poisoned 3317/6979 samples (target=0, masked=True).
00:01:46  INFO      datasets.backdoor — BackdoorDataset: 3315 / 6979 samples poisoned (target=0, fraction=0.500, seed=141).
00:01:50  INFO      attacks.neurotoxin_client — Neurotoxin client [38] round 103: poisoned 3315/6979 samples (target=0, masked=True).
00:01:55  INFO      datasets.backdoor — BackdoorDataset: 3316 / 6979 samples poisoned (target=0, fraction=0.500, seed=169).
00:01:59  INFO      attacks.neurotoxin_client — Neurotoxin client [65] round 104: poisoned 3316/6979 samples (target=0, masked=True).
00:02:46  INFO      datasets.backdoor — BackdoorDataset: 3314 / 6979 samples poisoned (target=0, fraction=0.500, seed=167).
00:02:50  INFO      attacks.neurotoxin_client — Neurotoxin client [62] round 105: poisoned 3314/6979 samples (target=0, masked=True).
00:03:07  INFO      datasets.backdoor — BackdoorDataset: 3320 / 6980 samples poisoned (target=0, fraction=0.500, seed=111).
00:03:14  INFO      attacks.neurotoxin_client — Neurotoxin client [5] round 106: poisoned 3320/6980 samples (target=0, masked=True).
00:04:34  INFO      datasets.backdoor — BackdoorDataset: 3320 / 6980 samples poisoned (target=0, fraction=0.500, seed=114).
00:04:37  INFO      attacks.neurotoxin_client — Neurotoxin client [5] round 109: poisoned 3320/6980 samples (target=0, masked=True).
00:05:08  INFO      datasets.backdoor — BackdoorDataset: 3315 / 6979 samples poisoned (target=0, fraction=0.500, seed=148).
00:05:15  INFO      attacks.neurotoxin_client — Neurotoxin client [38] round 110: poisoned 3315/6979 samples (target=0, masked=True).
00:06:03  INFO      experiment.runner — Round  111/150  |  acc:  85.64%  loss: 0.3958  |  ASR:   1.91%  asr_loss: 12.1162  |  mF1: 70.7%
00:06:10  INFO      datasets.backdoor — BackdoorDataset: 3317 / 6979 samples poisoned (target=0, fraction=0.500, seed=160).
00:06:17  INFO      attacks.neurotoxin_client — Neurotoxin client [49] round 111: poisoned 3317/6979 samples (target=0, masked=True).
00:06:21  INFO      datasets.backdoor — BackdoorDataset: 3311 / 6979 samples poisoned (target=0, fraction=0.500, seed=172).
00:06:24  INFO      attacks.neurotoxin_client — Neurotoxin client [61] round 111: poisoned 3311/6979 samples (target=0, masked=True).
00:06:32  INFO      datasets.backdoor — BackdoorDataset: 3320 / 6980 samples poisoned (target=0, fraction=0.500, seed=116).
00:06:35  INFO      attacks.neurotoxin_client — Neurotoxin client [5] round 111: poisoned 3320/6980 samples (target=0, masked=True).
00:07:08  INFO      datasets.backdoor — BackdoorDataset: 3320 / 6979 samples poisoned (target=0, fraction=0.500, seed=210).
00:07:14  INFO      attacks.neurotoxin_client — Neurotoxin client [97] round 113: poisoned 3320/6979 samples (target=0, masked=True).
00:07:42  INFO      datasets.backdoor — BackdoorDataset: 3320 / 6980 samples poisoned (target=0, fraction=0.500, seed=119).
00:07:49  INFO      attacks.neurotoxin_client — Neurotoxin client [5] round 114: poisoned 3320/6980 samples (target=0, masked=True).
00:07:54  INFO      datasets.backdoor — BackdoorDataset: 3314 / 6979 samples poisoned (target=0, fraction=0.500, seed=176).
00:07:58  INFO      attacks.neurotoxin_client — Neurotoxin client [62] round 114: poisoned 3314/6979 samples (target=0, masked=True).
00:08:37  INFO      datasets.backdoor — BackdoorDataset: 3316 / 6979 samples poisoned (target=0, fraction=0.500, seed=181).
00:08:47  INFO      attacks.neurotoxin_client — Neurotoxin client [65] round 116: poisoned 3316/6979 samples (target=0, masked=True).
00:09:01  INFO      datasets.backdoor — BackdoorDataset: 3320 / 6979 samples poisoned (target=0, fraction=0.500, seed=149).
00:09:04  INFO      attacks.neurotoxin_client — Neurotoxin client [33] round 116: poisoned 3320/6979 samples (target=0, masked=True).
00:09:26  INFO      datasets.backdoor — BackdoorDataset: 3311 / 6979 samples poisoned (target=0, fraction=0.500, seed=170).
00:09:30  INFO      attacks.neurotoxin_client — Neurotoxin client [53] round 117: poisoned 3311/6979 samples (target=0, masked=True).
00:09:48  INFO      datasets.backdoor — BackdoorDataset: 3316 / 6979 samples poisoned (target=0, fraction=0.500, seed=183).
00:09:55  INFO      attacks.neurotoxin_client — Neurotoxin client [65] round 118: poisoned 3316/6979 samples (target=0, masked=True).
00:10:04  INFO      datasets.backdoor — BackdoorDataset: 3317 / 6979 samples poisoned (target=0, fraction=0.500, seed=168).
00:10:07  INFO      attacks.neurotoxin_client — Neurotoxin client [49] round 119: poisoned 3317/6979 samples (target=0, masked=True).
00:11:40  INFO      experiment.runner — Round  121/150  |  acc:  85.64%  loss: 0.3970  |  ASR:   2.30%  asr_loss: 11.8403  |  mF1: 70.9%
00:11:58  INFO      datasets.backdoor — BackdoorDataset: 3311 / 6979 samples poisoned (target=0, fraction=0.500, seed=182).
00:12:05  INFO      attacks.neurotoxin_client — Neurotoxin client [61] round 121: poisoned 3311/6979 samples (target=0, masked=True).
00:12:44  INFO      datasets.backdoor — BackdoorDataset: 3316 / 6979 samples poisoned (target=0, fraction=0.500, seed=188).
00:12:48  INFO      attacks.neurotoxin_client — Neurotoxin client [65] round 123: poisoned 3316/6979 samples (target=0, masked=True).
00:12:53  INFO      datasets.backdoor — BackdoorDataset: 3320 / 6979 samples poisoned (target=0, fraction=0.500, seed=220).
00:13:00  INFO      attacks.neurotoxin_client — Neurotoxin client [97] round 123: poisoned 3320/6979 samples (target=0, masked=True).
00:13:31  INFO      datasets.backdoor — BackdoorDataset: 3320 / 6979 samples poisoned (target=0, fraction=0.500, seed=221).
00:13:35  INFO      attacks.neurotoxin_client — Neurotoxin client [97] round 124: poisoned 3320/6979 samples (target=0, masked=True).
00:13:35  INFO      datasets.backdoor — BackdoorDataset: 3317 / 6979 samples poisoned (target=0, fraction=0.500, seed=173).
00:13:39  INFO      attacks.neurotoxin_client — Neurotoxin client [49] round 124: poisoned 3317/6979 samples (target=0, masked=True).
00:14:12  INFO      datasets.backdoor — BackdoorDataset: 3314 / 6979 samples poisoned (target=0, fraction=0.500, seed=188).
00:14:15  INFO      attacks.neurotoxin_client — Neurotoxin client [62] round 126: poisoned 3314/6979 samples (target=0, masked=True).
00:14:39  INFO      datasets.backdoor — BackdoorDataset: 3311 / 6979 samples poisoned (target=0, fraction=0.500, seed=188).
00:14:44  INFO      attacks.neurotoxin_client — Neurotoxin client [61] round 127: poisoned 3311/6979 samples (target=0, masked=True).
00:14:56  INFO      datasets.backdoor — BackdoorDataset: 3320 / 6979 samples poisoned (target=0, fraction=0.500, seed=160).
00:15:03  INFO      attacks.neurotoxin_client — Neurotoxin client [33] round 127: poisoned 3320/6979 samples (target=0, masked=True).
00:15:11  INFO      datasets.backdoor — BackdoorDataset: 3326 / 6979 samples poisoned (target=0, fraction=0.500, seed=179).
00:15:15  INFO      attacks.neurotoxin_client — Neurotoxin client [51] round 128: poisoned 3326/6979 samples (target=0, masked=True).
00:15:25  INFO      datasets.backdoor — BackdoorDataset: 3317 / 6979 samples poisoned (target=0, fraction=0.500, seed=177).
00:15:28  INFO      attacks.neurotoxin_client — Neurotoxin client [49] round 128: poisoned 3317/6979 samples (target=0, masked=True).
00:15:57  INFO      datasets.backdoor — BackdoorDataset: 3320 / 6979 samples poisoned (target=0, fraction=0.500, seed=162).
00:16:04  INFO      attacks.neurotoxin_client — Neurotoxin client [33] round 129: poisoned 3320/6979 samples (target=0, masked=True).
00:17:25  INFO      experiment.runner — Round  131/150  |  acc:  85.70%  loss: 0.3932  |  ASR:   2.00%  asr_loss: 11.7969  |  mF1: 70.8%
00:17:32  INFO      datasets.backdoor — BackdoorDataset: 3314 / 6979 samples poisoned (target=0, fraction=0.500, seed=193).
00:17:39  INFO      attacks.neurotoxin_client — Neurotoxin client [62] round 131: poisoned 3314/6979 samples (target=0, masked=True).
00:17:49  INFO      datasets.backdoor — BackdoorDataset: 3320 / 6980 samples poisoned (target=0, fraction=0.500, seed=136).
00:17:52  INFO      attacks.neurotoxin_client — Neurotoxin client [5] round 131: poisoned 3320/6980 samples (target=0, masked=True).
00:18:56  INFO      datasets.backdoor — BackdoorDataset: 3320 / 6979 samples poisoned (target=0, fraction=0.500, seed=167).
00:19:00  INFO      attacks.neurotoxin_client — Neurotoxin client [33] round 134: poisoned 3320/6979 samples (target=0, masked=True).
00:19:11  INFO      datasets.backdoor — BackdoorDataset: 3320 / 6979 samples poisoned (target=0, fraction=0.500, seed=231).
00:19:15  INFO      attacks.neurotoxin_client — Neurotoxin client [97] round 134: poisoned 3320/6979 samples (target=0, masked=True).
00:19:15  INFO      datasets.backdoor — BackdoorDataset: 3320 / 6980 samples poisoned (target=0, fraction=0.500, seed=140).
00:19:20  INFO      attacks.neurotoxin_client — Neurotoxin client [5] round 135: poisoned 3320/6980 samples (target=0, masked=True).
00:19:27  INFO      datasets.backdoor — BackdoorDataset: 3317 / 6979 samples poisoned (target=0, fraction=0.500, seed=184).
00:19:30  INFO      attacks.neurotoxin_client — Neurotoxin client [49] round 135: poisoned 3317/6979 samples (target=0, masked=True).
00:19:49  INFO      datasets.backdoor — BackdoorDataset: 3316 / 6979 samples poisoned (target=0, fraction=0.500, seed=201).
00:19:53  INFO      attacks.neurotoxin_client — Neurotoxin client [65] round 136: poisoned 3316/6979 samples (target=0, masked=True).
00:20:58  INFO      datasets.backdoor — BackdoorDataset: 3320 / 6980 samples poisoned (target=0, fraction=0.500, seed=143).
00:21:02  INFO      attacks.neurotoxin_client — Neurotoxin client [5] round 138: poisoned 3320/6980 samples (target=0, masked=True).
00:21:54  INFO      datasets.backdoor — BackdoorDataset: 3326 / 6979 samples poisoned (target=0, fraction=0.500, seed=191).
00:22:06  INFO      attacks.neurotoxin_client — Neurotoxin client [51] round 140: poisoned 3326/6979 samples (target=0, masked=True).
00:22:50  INFO      experiment.runner — Round  141/150  |  acc:  85.76%  loss: 0.3914  |  ASR:   2.33%  asr_loss: 11.6993  |  mF1: 71.0%
00:23:30  INFO      datasets.backdoor — BackdoorDataset: 3320 / 6979 samples poisoned (target=0, fraction=0.500, seed=175).
00:23:34  INFO      attacks.neurotoxin_client — Neurotoxin client [33] round 142: poisoned 3320/6979 samples (target=0, masked=True).
00:23:49  INFO      datasets.backdoor — BackdoorDataset: 3326 / 6979 samples poisoned (target=0, fraction=0.500, seed=194).
00:23:53  INFO      attacks.neurotoxin_client — Neurotoxin client [51] round 143: poisoned 3326/6979 samples (target=0, masked=True).
00:24:28  INFO      datasets.backdoor — BackdoorDataset: 3320 / 6979 samples poisoned (target=0, fraction=0.500, seed=241).
00:24:32  INFO      attacks.neurotoxin_client — Neurotoxin client [97] round 144: poisoned 3320/6979 samples (target=0, masked=True).
00:24:42  INFO      datasets.backdoor — BackdoorDataset: 3317 / 6979 samples poisoned (target=0, fraction=0.500, seed=194).
00:24:46  INFO      attacks.neurotoxin_client — Neurotoxin client [49] round 145: poisoned 3317/6979 samples (target=0, masked=True).
00:25:58  INFO      datasets.backdoor — BackdoorDataset: 3326 / 6979 samples poisoned (target=0, fraction=0.500, seed=198).
00:26:03  INFO      attacks.neurotoxin_client — Neurotoxin client [51] round 147: poisoned 3326/6979 samples (target=0, masked=True).
00:26:21  INFO      datasets.backdoor — BackdoorDataset: 3320 / 6980 samples poisoned (target=0, fraction=0.500, seed=153).
00:26:25  INFO      attacks.neurotoxin_client — Neurotoxin client [5] round 148: poisoned 3320/6980 samples (target=0, masked=True).
00:26:40  INFO      datasets.backdoor — BackdoorDataset: 3311 / 6979 samples poisoned (target=0, fraction=0.500, seed=210).
00:26:43  INFO      attacks.neurotoxin_client — Neurotoxin client [61] round 149: poisoned 3311/6979 samples (target=0, masked=True).
00:27:51  INFO      experiment.runner — Round  150/150  |  acc:  85.85%  loss: 0.3888  |  ASR:   2.45%  asr_loss: 11.8076  |  mF1: 71.0%
00:27:51  INFO      experiment.runner — Final model saved to results/benchmark/femnist_neurotoxin_nnm_krum_seed0/final_model.pt
00:27:51  INFO      experiment.runner — Client atypicality written to results/benchmark/femnist_neurotoxin_nnm_krum_seed0/client_atypicality.json
00:27:51  INFO      experiment.runner — Client inclusion rates written to results/benchmark/femnist_neurotoxin_nnm_krum_seed0/client_inclusion.csv
00:27:51  INFO      benchmark — ✓  femnist_neurotoxin_nnm_krum_seed0  (84.0 min)
00:27:51  INFO      benchmark — ▶  femnist_neurotoxin_nnm_krum_seed1
00:27:51  INFO      experiment.runner — Initialising 'femnist_neurotoxin_nnm_krum_seed1' | device=cuda | rounds=150 | clients=10/100 | attack=neurotoxin | defense=nnm
00:27:51  INFO      defenses.nnm — NNMServer — f=1  base_rule=krum
00:28:09  INFO      experiment.utils — Built 100 clients — 10 malicious, 90 benign.
00:28:09  INFO      datasets.backdoor — BackdoorDataset: 110545 / 110545 samples poisoned (target=0, fraction=1.000, seed=0).
00:28:10  INFO      experiment.runner — Setup complete — 100 clients (10 malicious) | backdoor eval: static-trigger

==============================================================
  Summary — 16 rounds evaluated
==============================================================
  Final clean accuracy               85.85%
  Best  clean accuracy               85.85%
  Final clean loss                   0.3888
  Macro F1                           71.04%
  Final ASR                           2.45%
  Mean ASR (attack window)            2.23%
  Max  ASR (attack window)            2.93%
==============================================================

00:29:14  INFO      experiment.runner — Round    1/150  |  acc:  50.65%  loss: 1.9455  |  ASR:   3.03%  asr_loss: 6.8431  |  mF1: 21.4%
00:34:23  INFO      experiment.runner — Round   11/150  |  acc:  80.85%  loss: 0.5836  |  ASR:   1.95%  asr_loss: 10.4195  |  mF1: 61.4%
00:39:33  INFO      experiment.runner — Round   21/150  |  acc:  82.82%  loss: 0.4987  |  ASR:   1.78%  asr_loss: 11.8551  |  mF1: 65.4%
00:44:45  INFO      experiment.runner — Round   31/150  |  acc:  83.83%  loss: 0.4615  |  ASR:   2.06%  asr_loss: 12.1090  |  mF1: 67.3%
00:47:58  INFO      datasets.backdoor — BackdoorDataset: 3324 / 6979 samples poisoned (target=0, fraction=0.500, seed=96).
00:48:01  INFO      attacks.neurotoxin_client — Neurotoxin client [57] round 38: poisoned 3324/6979 samples (target=0, masked=True).
00:48:29  INFO      datasets.backdoor — BackdoorDataset: 3310 / 6979 samples poisoned (target=0, fraction=0.500, seed=72).
00:48:37  INFO      attacks.neurotoxin_client — Neurotoxin client [32] round 39: poisoned 3310/6979 samples (target=0, masked=True).
00:48:51  INFO      datasets.backdoor — BackdoorDataset: 3334 / 6979 samples poisoned (target=0, fraction=0.500, seed=124).
00:48:54  INFO      attacks.neurotoxin_client — Neurotoxin client [83] round 40: poisoned 3334/6979 samples (target=0, masked=True).
00:49:11  INFO      datasets.backdoor — BackdoorDataset: 3324 / 6979 samples poisoned (target=0, fraction=0.500, seed=98).
00:49:15  INFO      attacks.neurotoxin_client — Neurotoxin client [57] round 40: poisoned 3324/6979 samples (target=0, masked=True).
00:50:07  INFO      experiment.runner — Round   41/150  |  acc:  84.36%  loss: 0.4430  |  ASR:   2.23%  asr_loss: 11.9411  |  mF1: 68.2%
00:50:14  INFO      datasets.backdoor — BackdoorDataset: 3320 / 6980 samples poisoned (target=0, fraction=0.500, seed=50).
00:50:18  INFO      attacks.neurotoxin_client — Neurotoxin client [8] round 41: poisoned 3320/6980 samples (target=0, masked=True).
00:50:25  INFO      datasets.backdoor — BackdoorDataset: 3310 / 6979 samples poisoned (target=0, fraction=0.500, seed=74).
00:50:28  INFO      attacks.neurotoxin_client — Neurotoxin client [32] round 41: poisoned 3310/6979 samples (target=0, masked=True).
00:50:41  INFO      datasets.backdoor — BackdoorDataset: 3324 / 6979 samples poisoned (target=0, fraction=0.500, seed=103).
00:50:44  INFO      attacks.neurotoxin_client — Neurotoxin client [60] round 42: poisoned 3324/6979 samples (target=0, masked=True).
00:51:20  INFO      datasets.backdoor — BackdoorDataset: 3324 / 6979 samples poisoned (target=0, fraction=0.500, seed=101).
00:51:24  INFO      attacks.neurotoxin_client — Neurotoxin client [57] round 43: poisoned 3324/6979 samples (target=0, masked=True).
00:51:24  INFO      datasets.backdoor — BackdoorDataset: 3334 / 6979 samples poisoned (target=0, fraction=0.500, seed=127).
00:51:29  INFO      attacks.neurotoxin_client — Neurotoxin client [83] round 43: poisoned 3334/6979 samples (target=0, masked=True).
00:52:56  INFO      datasets.backdoor — BackdoorDataset: 3320 / 6979 samples poisoned (target=0, fraction=0.500, seed=111).
00:53:03  INFO      attacks.neurotoxin_client — Neurotoxin client [63] round 47: poisoned 3320/6979 samples (target=0, masked=True).
00:53:03  INFO      datasets.backdoor — BackdoorDataset: 3324 / 6979 samples poisoned (target=0, fraction=0.500, seed=108).
00:53:15  INFO      attacks.neurotoxin_client — Neurotoxin client [60] round 47: poisoned 3324/6979 samples (target=0, masked=True).
00:55:40  INFO      experiment.runner — Round   51/150  |  acc:  84.58%  loss: 0.4341  |  ASR:   2.19%  asr_loss: 12.3853  |  mF1: 68.5%
00:55:54  INFO      datasets.backdoor — BackdoorDataset: 3310 / 6979 samples poisoned (target=0, fraction=0.500, seed=84).
00:55:57  INFO      attacks.neurotoxin_client — Neurotoxin client [32] round 51: poisoned 3310/6979 samples (target=0, masked=True).
00:56:00  INFO      datasets.backdoor — BackdoorDataset: 3320 / 6980 samples poisoned (target=0, fraction=0.500, seed=60).
00:56:04  INFO      attacks.neurotoxin_client — Neurotoxin client [8] round 51: poisoned 3320/6980 samples (target=0, masked=True).
00:56:09  INFO      datasets.backdoor — BackdoorDataset: 3324 / 6979 samples poisoned (target=0, fraction=0.500, seed=110).
00:56:19  INFO      attacks.neurotoxin_client — Neurotoxin client [57] round 52: poisoned 3324/6979 samples (target=0, masked=True).
00:56:29  INFO      datasets.backdoor — BackdoorDataset: 3310 / 6979 samples poisoned (target=0, fraction=0.500, seed=85).
00:56:33  INFO      attacks.neurotoxin_client — Neurotoxin client [32] round 52: poisoned 3310/6979 samples (target=0, masked=True).
00:57:21  INFO      datasets.backdoor — BackdoorDataset: 3302 / 6980 samples poisoned (target=0, fraction=0.500, seed=72).
00:57:28  INFO      attacks.neurotoxin_client — Neurotoxin client [17] round 54: poisoned 3302/6980 samples (target=0, masked=True).
00:57:41  INFO      datasets.backdoor — BackdoorDataset: 3331 / 6979 samples poisoned (target=0, fraction=0.500, seed=127).
00:57:45  INFO      attacks.neurotoxin_client — Neurotoxin client [72] round 54: poisoned 3331/6979 samples (target=0, masked=True).
00:58:11  INFO      datasets.backdoor — BackdoorDataset: 3334 / 6979 samples poisoned (target=0, fraction=0.500, seed=140).
00:58:16  INFO      attacks.neurotoxin_client — Neurotoxin client [83] round 56: poisoned 3334/6979 samples (target=0, masked=True).
00:58:37  INFO      datasets.backdoor — BackdoorDataset: 3320 / 6979 samples poisoned (target=0, fraction=0.500, seed=120).
00:58:41  INFO      attacks.neurotoxin_client — Neurotoxin client [63] round 56: poisoned 3320/6979 samples (target=0, masked=True).
00:59:00  INFO      datasets.backdoor — BackdoorDataset: 3334 / 6979 samples poisoned (target=0, fraction=0.500, seed=141).
00:59:03  INFO      attacks.neurotoxin_client — Neurotoxin client [83] round 57: poisoned 3334/6979 samples (target=0, masked=True).
00:59:18  INFO      datasets.backdoor — BackdoorDataset: 3315 / 6979 samples poisoned (target=0, fraction=0.500, seed=156).
00:59:25  INFO      attacks.neurotoxin_client — Neurotoxin client [97] round 58: poisoned 3315/6979 samples (target=0, masked=True).
01:00:09  INFO      datasets.backdoor — BackdoorDataset: 3322 / 6980 samples poisoned (target=0, fraction=0.500, seed=76).
01:00:13  INFO      attacks.neurotoxin_client — Neurotoxin client [15] round 60: poisoned 3322/6980 samples (target=0, masked=True).
01:00:32  INFO      datasets.backdoor — BackdoorDataset: 3310 / 6979 samples poisoned (target=0, fraction=0.500, seed=93).
01:00:36  INFO      attacks.neurotoxin_client — Neurotoxin client [32] round 60: poisoned 3310/6979 samples (target=0, masked=True).
01:01:24  INFO      experiment.runner — Round   61/150  |  acc:  84.88%  loss: 0.4230  |  ASR:   2.43%  asr_loss: 11.5634  |  mF1: 69.4%
01:01:27  INFO      datasets.backdoor — BackdoorDataset: 3331 / 6979 samples poisoned (target=0, fraction=0.500, seed=134).
01:01:31  INFO      attacks.neurotoxin_client — Neurotoxin client [72] round 61: poisoned 3331/6979 samples (target=0, masked=True).
01:01:38  INFO      datasets.backdoor — BackdoorDataset: 3320 / 6979 samples poisoned (target=0, fraction=0.500, seed=125).
01:01:41  INFO      attacks.neurotoxin_client — Neurotoxin client [63] round 61: poisoned 3320/6979 samples (target=0, masked=True).
01:02:17  INFO      datasets.backdoor — BackdoorDataset: 3310 / 6979 samples poisoned (target=0, fraction=0.500, seed=95).
01:02:22  INFO      attacks.neurotoxin_client — Neurotoxin client [32] round 62: poisoned 3310/6979 samples (target=0, masked=True).
01:02:37  INFO      datasets.backdoor — BackdoorDataset: 3302 / 6980 samples poisoned (target=0, fraction=0.500, seed=81).
01:02:41  INFO      attacks.neurotoxin_client — Neurotoxin client [17] round 63: poisoned 3302/6980 samples (target=0, masked=True).
01:03:25  INFO      datasets.backdoor — BackdoorDataset: 3322 / 6980 samples poisoned (target=0, fraction=0.500, seed=81).
01:03:29  INFO      attacks.neurotoxin_client — Neurotoxin client [15] round 65: poisoned 3322/6980 samples (target=0, masked=True).
01:04:50  INFO      datasets.backdoor — BackdoorDataset: 3310 / 6979 samples poisoned (target=0, fraction=0.500, seed=101).
01:04:54  INFO      attacks.neurotoxin_client — Neurotoxin client [32] round 68: poisoned 3310/6979 samples (target=0, masked=True).
01:04:56  INFO      datasets.backdoor — BackdoorDataset: 3324 / 6979 samples poisoned (target=0, fraction=0.500, seed=126).
01:05:02  INFO      attacks.neurotoxin_client — Neurotoxin client [57] round 68: poisoned 3324/6979 samples (target=0, masked=True).
01:05:22  INFO      datasets.backdoor — BackdoorDataset: 3322 / 6980 samples poisoned (target=0, fraction=0.500, seed=85).
01:05:26  INFO      attacks.neurotoxin_client — Neurotoxin client [15] round 69: poisoned 3322/6980 samples (target=0, masked=True).
01:05:42  INFO      datasets.backdoor — BackdoorDataset: 3322 / 6980 samples poisoned (target=0, fraction=0.500, seed=86).
01:05:46  INFO      attacks.neurotoxin_client — Neurotoxin client [15] round 70: poisoned 3322/6980 samples (target=0, masked=True).
01:05:46  INFO      datasets.backdoor — BackdoorDataset: 3331 / 6979 samples poisoned (target=0, fraction=0.500, seed=143).
01:05:49  INFO      attacks.neurotoxin_client — Neurotoxin client [72] round 70: poisoned 3331/6979 samples (target=0, masked=True).
01:06:01  INFO      datasets.backdoor — BackdoorDataset: 3315 / 6979 samples poisoned (target=0, fraction=0.500, seed=168).
01:06:05  INFO      attacks.neurotoxin_client — Neurotoxin client [97] round 70: poisoned 3315/6979 samples (target=0, masked=True).
01:06:56  INFO      experiment.runner — Round   71/150  |  acc:  84.92%  loss: 0.4203  |  ASR:   2.62%  asr_loss: 11.3644  |  mF1: 69.3%
01:06:59  INFO      datasets.backdoor — BackdoorDataset: 3334 / 6979 samples poisoned (target=0, fraction=0.500, seed=155).
01:07:02  INFO      attacks.neurotoxin_client — Neurotoxin client [83] round 71: poisoned 3334/6979 samples (target=0, masked=True).
01:07:02  INFO      datasets.backdoor — BackdoorDataset: 3302 / 6980 samples poisoned (target=0, fraction=0.500, seed=89).
01:07:06  INFO      attacks.neurotoxin_client — Neurotoxin client [17] round 71: poisoned 3302/6980 samples (target=0, masked=True).
01:07:30  INFO      datasets.backdoor — BackdoorDataset: 3315 / 6979 samples poisoned (target=0, fraction=0.500, seed=170).
01:07:33  INFO      attacks.neurotoxin_client — Neurotoxin client [97] round 72: poisoned 3315/6979 samples (target=0, masked=True).
01:07:40  INFO      datasets.backdoor — BackdoorDataset: 3322 / 6980 samples poisoned (target=0, fraction=0.500, seed=88).
01:07:44  INFO      attacks.neurotoxin_client — Neurotoxin client [15] round 72: poisoned 3322/6980 samples (target=0, masked=True).
01:07:49  INFO      datasets.backdoor — BackdoorDataset: 3324 / 6979 samples poisoned (target=0, fraction=0.500, seed=130).
01:07:53  INFO      attacks.neurotoxin_client — Neurotoxin client [57] round 72: poisoned 3324/6979 samples (target=0, masked=True).
01:08:13  INFO      datasets.backdoor — BackdoorDataset: 3320 / 6979 samples poisoned (target=0, fraction=0.500, seed=137).
01:08:20  INFO      attacks.neurotoxin_client — Neurotoxin client [63] round 73: poisoned 3320/6979 samples (target=0, masked=True).
01:09:18  INFO      datasets.backdoor — BackdoorDataset: 3324 / 6979 samples poisoned (target=0, fraction=0.500, seed=134).
01:09:22  INFO      attacks.neurotoxin_client — Neurotoxin client [57] round 76: poisoned 3324/6979 samples (target=0, masked=True).
01:10:07  INFO      datasets.backdoor — BackdoorDataset: 3320 / 6980 samples poisoned (target=0, fraction=0.500, seed=86).
01:10:11  INFO      attacks.neurotoxin_client — Neurotoxin client [8] round 77: poisoned 3320/6980 samples (target=0, masked=True).
01:10:11  INFO      datasets.backdoor — BackdoorDataset: 3320 / 6979 samples poisoned (target=0, fraction=0.500, seed=141).
01:10:15  INFO      attacks.neurotoxin_client — Neurotoxin client [63] round 77: poisoned 3320/6979 samples (target=0, masked=True).
01:10:23  INFO      datasets.backdoor — BackdoorDataset: 3334 / 6979 samples poisoned (target=0, fraction=0.500, seed=162).
01:10:26  INFO      attacks.neurotoxin_client — Neurotoxin client [83] round 78: poisoned 3334/6979 samples (target=0, masked=True).
01:12:26  INFO      experiment.runner — Round   81/150  |  acc:  85.20%  loss: 0.4109  |  ASR:   2.18%  asr_loss: 12.2427  |  mF1: 69.5%
01:12:47  INFO      datasets.backdoor — BackdoorDataset: 3320 / 6980 samples poisoned (target=0, fraction=0.500, seed=90).
01:12:50  INFO      attacks.neurotoxin_client — Neurotoxin client [8] round 81: poisoned 3320/6980 samples (target=0, masked=True).
01:12:53  INFO      datasets.backdoor — BackdoorDataset: 3320 / 6980 samples poisoned (target=0, fraction=0.500, seed=91).
01:12:57  INFO      attacks.neurotoxin_client — Neurotoxin client [8] round 82: poisoned 3320/6980 samples (target=0, masked=True).
01:13:48  INFO      datasets.backdoor — BackdoorDataset: 3320 / 6980 samples poisoned (target=0, fraction=0.500, seed=93).
01:13:52  INFO      attacks.neurotoxin_client — Neurotoxin client [8] round 84: poisoned 3320/6980 samples (target=0, masked=True).
01:14:26  INFO      datasets.backdoor — BackdoorDataset: 3334 / 6979 samples poisoned (target=0, fraction=0.500, seed=169).
01:14:29  INFO      attacks.neurotoxin_client — Neurotoxin client [83] round 85: poisoned 3334/6979 samples (target=0, masked=True).
01:15:41  INFO      datasets.backdoor — BackdoorDataset: 3315 / 6979 samples poisoned (target=0, fraction=0.500, seed=186).
01:15:44  INFO      attacks.neurotoxin_client — Neurotoxin client [97] round 88: poisoned 3315/6979 samples (target=0, masked=True).
01:16:27  INFO      datasets.backdoor — BackdoorDataset: 3302 / 6980 samples poisoned (target=0, fraction=0.500, seed=107).
01:16:35  INFO      attacks.neurotoxin_client — Neurotoxin client [17] round 89: poisoned 3302/6980 samples (target=0, masked=True).
01:16:38  INFO      datasets.backdoor — BackdoorDataset: 3302 / 6980 samples poisoned (target=0, fraction=0.500, seed=108).
01:16:42  INFO      attacks.neurotoxin_client — Neurotoxin client [17] round 90: poisoned 3302/6980 samples (target=0, masked=True).
01:17:55  INFO      experiment.runner — Round   91/150  |  acc:  85.40%  loss: 0.4053  |  ASR:   2.05%  asr_loss: 12.1765  |  mF1: 70.5%
01:18:06  INFO      datasets.backdoor — BackdoorDataset: 3320 / 6980 samples poisoned (target=0, fraction=0.500, seed=100).
01:18:09  INFO      attacks.neurotoxin_client — Neurotoxin client [8] round 91: poisoned 3320/6980 samples (target=0, masked=True).
01:18:18  INFO      datasets.backdoor — BackdoorDataset: 3320 / 6979 samples poisoned (target=0, fraction=0.500, seed=155).
01:18:22  INFO      attacks.neurotoxin_client — Neurotoxin client [63] round 91: poisoned 3320/6979 samples (target=0, masked=True).
01:18:49  INFO      datasets.backdoor — BackdoorDataset: 3320 / 6979 samples poisoned (target=0, fraction=0.500, seed=157).
01:18:56  INFO      attacks.neurotoxin_client — Neurotoxin client [63] round 93: poisoned 3320/6979 samples (target=0, masked=True).
01:19:19  INFO      datasets.backdoor — BackdoorDataset: 3322 / 6980 samples poisoned (target=0, fraction=0.500, seed=109).
01:19:23  INFO      attacks.neurotoxin_client — Neurotoxin client [15] round 93: poisoned 3322/6980 samples (target=0, masked=True).
01:19:40  INFO      datasets.backdoor — BackdoorDataset: 3320 / 6979 samples poisoned (target=0, fraction=0.500, seed=158).
01:19:44  INFO      attacks.neurotoxin_client — Neurotoxin client [63] round 94: poisoned 3320/6979 samples (target=0, masked=True).
01:19:44  INFO      datasets.backdoor — BackdoorDataset: 3324 / 6979 samples poisoned (target=0, fraction=0.500, seed=152).
01:19:48  INFO      attacks.neurotoxin_client — Neurotoxin client [57] round 94: poisoned 3324/6979 samples (target=0, masked=True).
01:20:19  INFO      datasets.backdoor — BackdoorDataset: 3324 / 6979 samples poisoned (target=0, fraction=0.500, seed=154).
01:20:23  INFO      attacks.neurotoxin_client — Neurotoxin client [57] round 96: poisoned 3324/6979 samples (target=0, masked=True).
01:20:30  INFO      datasets.backdoor — BackdoorDataset: 3320 / 6979 samples poisoned (target=0, fraction=0.500, seed=160).
01:20:34  INFO      attacks.neurotoxin_client — Neurotoxin client [63] round 96: poisoned 3320/6979 samples (target=0, masked=True).
01:21:17  INFO      datasets.backdoor — BackdoorDataset: 3315 / 6979 samples poisoned (target=0, fraction=0.500, seed=196).
01:21:21  INFO      attacks.neurotoxin_client — Neurotoxin client [97] round 98: poisoned 3315/6979 samples (target=0, masked=True).
01:21:42  INFO      datasets.backdoor — BackdoorDataset: 3331 / 6979 samples poisoned (target=0, fraction=0.500, seed=172).
01:21:46  INFO      attacks.neurotoxin_client — Neurotoxin client [72] round 99: poisoned 3331/6979 samples (target=0, masked=True).
01:21:48  INFO      datasets.backdoor — BackdoorDataset: 3310 / 6979 samples poisoned (target=0, fraction=0.500, seed=132).
01:21:52  INFO      attacks.neurotoxin_client — Neurotoxin client [32] round 99: poisoned 3310/6979 samples (target=0, masked=True).
01:22:01  INFO      datasets.backdoor — BackdoorDataset: 3334 / 6979 samples poisoned (target=0, fraction=0.500, seed=183).
01:22:09  INFO      attacks.neurotoxin_client — Neurotoxin client [83] round 99: poisoned 3334/6979 samples (target=0, masked=True).
01:22:38  INFO      datasets.backdoor — BackdoorDataset: 3322 / 6980 samples poisoned (target=0, fraction=0.500, seed=116).
01:22:42  INFO      attacks.neurotoxin_client — Neurotoxin client [15] round 100: poisoned 3322/6980 samples (target=0, masked=True).
01:23:38  INFO      experiment.runner — Round  101/150  |  acc:  85.41%  loss: 0.4032  |  ASR:   2.06%  asr_loss: 11.8533  |  mF1: 70.3%
01:23:43  INFO      datasets.backdoor — BackdoorDataset: 3320 / 6979 samples poisoned (target=0, fraction=0.500, seed=165).
01:23:50  INFO      attacks.neurotoxin_client — Neurotoxin client [63] round 101: poisoned 3320/6979 samples (target=0, masked=True).
01:24:04  INFO      datasets.backdoor — BackdoorDataset: 3324 / 6979 samples poisoned (target=0, fraction=0.500, seed=159).
01:24:09  INFO      attacks.neurotoxin_client — Neurotoxin client [57] round 101: poisoned 3324/6979 samples (target=0, masked=True).
01:25:22  INFO      datasets.backdoor — BackdoorDataset: 3320 / 6980 samples poisoned (target=0, fraction=0.500, seed=113).
01:25:26  INFO      attacks.neurotoxin_client — Neurotoxin client [8] round 104: poisoned 3320/6980 samples (target=0, masked=True).
01:25:42  INFO      datasets.backdoor — BackdoorDataset: 3310 / 6979 samples poisoned (target=0, fraction=0.500, seed=138).
01:25:49  INFO      attacks.neurotoxin_client — Neurotoxin client [32] round 105: poisoned 3310/6979 samples (target=0, masked=True).
01:26:17  INFO      datasets.backdoor — BackdoorDataset: 3324 / 6979 samples poisoned (target=0, fraction=0.500, seed=167).
01:26:21  INFO      attacks.neurotoxin_client — Neurotoxin client [60] round 106: poisoned 3324/6979 samples (target=0, masked=True).
01:26:56  INFO      datasets.backdoor — BackdoorDataset: 3315 / 6979 samples poisoned (target=0, fraction=0.500, seed=205).
01:27:00  INFO      attacks.neurotoxin_client — Neurotoxin client [97] round 107: poisoned 3315/6979 samples (target=0, masked=True).
01:27:04  INFO      datasets.backdoor — BackdoorDataset: 3324 / 6979 samples poisoned (target=0, fraction=0.500, seed=166).
01:27:07  INFO      attacks.neurotoxin_client — Neurotoxin client [57] round 108: poisoned 3324/6979 samples (target=0, masked=True).
01:27:18  INFO      datasets.backdoor — BackdoorDataset: 3310 / 6979 samples poisoned (target=0, fraction=0.500, seed=141).
01:27:23  INFO      attacks.neurotoxin_client — Neurotoxin client [32] round 108: poisoned 3310/6979 samples (target=0, masked=True).
01:29:18  INFO      experiment.runner — Round  111/150  |  acc:  85.32%  loss: 0.4033  |  ASR:   1.93%  asr_loss: 11.6741  |  mF1: 70.6%
01:29:38  INFO      datasets.backdoor — BackdoorDataset: 3334 / 6979 samples poisoned (target=0, fraction=0.500, seed=195).
01:29:42  INFO      attacks.neurotoxin_client — Neurotoxin client [83] round 111: poisoned 3334/6979 samples (target=0, masked=True).
01:29:42  INFO      datasets.backdoor — BackdoorDataset: 3324 / 6979 samples poisoned (target=0, fraction=0.500, seed=169).
01:29:46  INFO      attacks.neurotoxin_client — Neurotoxin client [57] round 111: poisoned 3324/6979 samples (target=0, masked=True).
01:30:41  INFO      datasets.backdoor — BackdoorDataset: 3320 / 6980 samples poisoned (target=0, fraction=0.500, seed=123).
01:30:45  INFO      attacks.neurotoxin_client — Neurotoxin client [8] round 114: poisoned 3320/6980 samples (target=0, masked=True).
01:30:51  INFO      datasets.backdoor — BackdoorDataset: 3334 / 6979 samples poisoned (target=0, fraction=0.500, seed=198).
01:31:02  INFO      attacks.neurotoxin_client — Neurotoxin client [83] round 114: poisoned 3334/6979 samples (target=0, masked=True).
01:31:32  INFO      datasets.backdoor — BackdoorDataset: 3322 / 6980 samples poisoned (target=0, fraction=0.500, seed=131).
01:31:35  INFO      attacks.neurotoxin_client — Neurotoxin client [15] round 115: poisoned 3322/6980 samples (target=0, masked=True).
01:31:50  INFO      datasets.backdoor — BackdoorDataset: 3320 / 6980 samples poisoned (target=0, fraction=0.500, seed=125).
01:31:54  INFO      attacks.neurotoxin_client — Neurotoxin client [8] round 116: poisoned 3320/6980 samples (target=0, masked=True).
01:31:54  INFO      datasets.backdoor — BackdoorDataset: 3324 / 6979 samples poisoned (target=0, fraction=0.500, seed=174).
01:32:01  INFO      attacks.neurotoxin_client — Neurotoxin client [57] round 116: poisoned 3324/6979 samples (target=0, masked=True).
01:32:29  INFO      datasets.backdoor — BackdoorDataset: 3302 / 6980 samples poisoned (target=0, fraction=0.500, seed=135).
01:32:32  INFO      attacks.neurotoxin_client — Neurotoxin client [17] round 117: poisoned 3302/6980 samples (target=0, masked=True).
01:32:42  INFO      datasets.backdoor — BackdoorDataset: 3310 / 6979 samples poisoned (target=0, fraction=0.500, seed=150).
01:32:46  INFO      attacks.neurotoxin_client — Neurotoxin client [32] round 117: poisoned 3310/6979 samples (target=0, masked=True).
01:33:33  INFO      datasets.backdoor — BackdoorDataset: 3310 / 6979 samples poisoned (target=0, fraction=0.500, seed=152).
01:33:37  INFO      attacks.neurotoxin_client — Neurotoxin client [32] round 119: poisoned 3310/6979 samples (target=0, masked=True).
01:33:44  INFO      datasets.backdoor — BackdoorDataset: 3331 / 6979 samples poisoned (target=0, fraction=0.500, seed=193).
01:33:50  INFO      attacks.neurotoxin_client — Neurotoxin client [72] round 120: poisoned 3331/6979 samples (target=0, masked=True).
01:33:50  INFO      datasets.backdoor — BackdoorDataset: 3302 / 6980 samples poisoned (target=0, fraction=0.500, seed=138).
01:33:54  INFO      attacks.neurotoxin_client — Neurotoxin client [17] round 120: poisoned 3302/6980 samples (target=0, masked=True).
01:35:02  INFO      experiment.runner — Round  121/150  |  acc:  85.46%  loss: 0.4002  |  ASR:   2.31%  asr_loss: 11.3018  |  mF1: 70.4%
01:35:20  INFO      datasets.backdoor — BackdoorDataset: 3320 / 6980 samples poisoned (target=0, fraction=0.500, seed=130).
01:35:23  INFO      attacks.neurotoxin_client — Neurotoxin client [8] round 121: poisoned 3320/6980 samples (target=0, masked=True).
01:36:12  INFO      datasets.backdoor — BackdoorDataset: 3320 / 6979 samples poisoned (target=0, fraction=0.500, seed=187).
01:36:16  INFO      attacks.neurotoxin_client — Neurotoxin client [63] round 123: poisoned 3320/6979 samples (target=0, masked=True).
01:36:21  INFO      datasets.backdoor — BackdoorDataset: 3324 / 6979 samples poisoned (target=0, fraction=0.500, seed=182).
01:36:28  INFO      attacks.neurotoxin_client — Neurotoxin client [57] round 124: poisoned 3324/6979 samples (target=0, masked=True).
01:36:50  INFO      datasets.backdoor — BackdoorDataset: 3310 / 6979 samples poisoned (target=0, fraction=0.500, seed=157).
01:36:54  INFO      attacks.neurotoxin_client — Neurotoxin client [32] round 124: poisoned 3310/6979 samples (target=0, masked=True).
01:38:00  INFO      datasets.backdoor — BackdoorDataset: 3322 / 6980 samples poisoned (target=0, fraction=0.500, seed=143).
01:38:07  INFO      attacks.neurotoxin_client — Neurotoxin client [15] round 127: poisoned 3322/6980 samples (target=0, masked=True).
01:38:51  INFO      datasets.backdoor — BackdoorDataset: 3324 / 6979 samples poisoned (target=0, fraction=0.500, seed=187).
01:38:55  INFO      attacks.neurotoxin_client — Neurotoxin client [57] round 129: poisoned 3324/6979 samples (target=0, masked=True).
01:39:06  INFO      datasets.backdoor — BackdoorDataset: 3302 / 6980 samples poisoned (target=0, fraction=0.500, seed=147).
01:39:11  INFO      attacks.neurotoxin_client — Neurotoxin client [17] round 129: poisoned 3302/6980 samples (target=0, masked=True).
01:39:18  INFO      datasets.backdoor — BackdoorDataset: 3310 / 6979 samples poisoned (target=0, fraction=0.500, seed=163).
01:39:22  INFO      attacks.neurotoxin_client — Neurotoxin client [32] round 130: poisoned 3310/6979 samples (target=0, masked=True).
01:39:43  INFO      datasets.backdoor — BackdoorDataset: 3331 / 6979 samples poisoned (target=0, fraction=0.500, seed=203).
01:39:48  INFO      attacks.neurotoxin_client — Neurotoxin client [72] round 130: poisoned 3331/6979 samples (target=0, masked=True).
01:40:33  INFO      experiment.runner — Round  131/150  |  acc:  85.54%  loss: 0.3978  |  ASR:   2.79%  asr_loss: 11.1918  |  mF1: 70.9%
01:42:51  INFO      datasets.backdoor — BackdoorDataset: 3320 / 6980 samples poisoned (target=0, fraction=0.500, seed=145).
01:42:58  INFO      attacks.neurotoxin_client — Neurotoxin client [8] round 136: poisoned 3320/6980 samples (target=0, masked=True).
01:43:16  INFO      datasets.backdoor — BackdoorDataset: 3310 / 6979 samples poisoned (target=0, fraction=0.500, seed=169).
01:43:20  INFO      attacks.neurotoxin_client — Neurotoxin client [32] round 136: poisoned 3310/6979 samples (target=0, masked=True).
01:43:30  INFO      datasets.backdoor — BackdoorDataset: 3334 / 6979 samples poisoned (target=0, fraction=0.500, seed=221).
01:43:34  INFO      attacks.neurotoxin_client — Neurotoxin client [83] round 137: poisoned 3334/6979 samples (target=0, masked=True).
01:44:08  INFO      datasets.backdoor — BackdoorDataset: 3334 / 6979 samples poisoned (target=0, fraction=0.500, seed=222).
01:44:15  INFO      attacks.neurotoxin_client — Neurotoxin client [83] round 138: poisoned 3334/6979 samples (target=0, masked=True).
01:44:30  INFO      datasets.backdoor — BackdoorDataset: 3322 / 6980 samples poisoned (target=0, fraction=0.500, seed=155).
01:44:34  INFO      attacks.neurotoxin_client — Neurotoxin client [15] round 139: poisoned 3322/6980 samples (target=0, masked=True).
01:45:06  INFO      datasets.backdoor — BackdoorDataset: 3322 / 6980 samples poisoned (target=0, fraction=0.500, seed=156).
01:45:13  INFO      attacks.neurotoxin_client — Neurotoxin client [15] round 140: poisoned 3322/6980 samples (target=0, masked=True).
01:45:16  INFO      datasets.backdoor — BackdoorDataset: 3324 / 6979 samples poisoned (target=0, fraction=0.500, seed=198).
01:45:19  INFO      attacks.neurotoxin_client — Neurotoxin client [57] round 140: poisoned 3324/6979 samples (target=0, masked=True).
01:46:11  INFO      experiment.runner — Round  141/150  |  acc:  85.69%  loss: 0.3926  |  ASR:   2.67%  asr_loss: 11.1118  |  mF1: 70.8%
01:46:16  INFO      datasets.backdoor — BackdoorDataset: 3320 / 6979 samples poisoned (target=0, fraction=0.500, seed=205).
01:46:20  INFO      attacks.neurotoxin_client — Neurotoxin client [63] round 141: poisoned 3320/6979 samples (target=0, masked=True).
01:46:53  INFO      datasets.backdoor — BackdoorDataset: 3310 / 6979 samples poisoned (target=0, fraction=0.500, seed=175).
01:47:00  INFO      attacks.neurotoxin_client — Neurotoxin client [32] round 142: poisoned 3310/6979 samples (target=0, masked=True).
01:47:12  INFO      datasets.backdoor — BackdoorDataset: 3320 / 6979 samples poisoned (target=0, fraction=0.500, seed=207).
01:47:15  INFO      attacks.neurotoxin_client — Neurotoxin client [63] round 143: poisoned 3320/6979 samples (target=0, masked=True).
01:47:22  INFO      datasets.backdoor — BackdoorDataset: 3315 / 6979 samples poisoned (target=0, fraction=0.500, seed=241).
01:47:26  INFO      attacks.neurotoxin_client — Neurotoxin client [97] round 143: poisoned 3315/6979 samples (target=0, masked=True).
01:48:09  INFO      datasets.backdoor — BackdoorDataset: 3315 / 6979 samples poisoned (target=0, fraction=0.500, seed=243).
01:48:13  INFO      attacks.neurotoxin_client — Neurotoxin client [97] round 145: poisoned 3315/6979 samples (target=0, masked=True).
01:48:37  INFO      datasets.backdoor — BackdoorDataset: 3310 / 6979 samples poisoned (target=0, fraction=0.500, seed=179).
01:48:44  INFO      attacks.neurotoxin_client — Neurotoxin client [32] round 146: poisoned 3310/6979 samples (target=0, masked=True).
01:49:35  INFO      datasets.backdoor — BackdoorDataset: 3320 / 6979 samples poisoned (target=0, fraction=0.500, seed=212).
01:49:38  INFO      attacks.neurotoxin_client — Neurotoxin client [63] round 148: poisoned 3320/6979 samples (target=0, masked=True).
01:49:43  INFO      datasets.backdoor — BackdoorDataset: 3324 / 6979 samples poisoned (target=0, fraction=0.500, seed=209).
01:49:47  INFO      attacks.neurotoxin_client — Neurotoxin client [60] round 148: poisoned 3324/6979 samples (target=0, masked=True).
01:49:59  INFO      datasets.backdoor — BackdoorDataset: 3315 / 6979 samples poisoned (target=0, fraction=0.500, seed=246).
01:50:06  INFO      attacks.neurotoxin_client — Neurotoxin client [97] round 148: poisoned 3315/6979 samples (target=0, masked=True).
01:50:17  INFO      datasets.backdoor — BackdoorDataset: 3324 / 6979 samples poisoned (target=0, fraction=0.500, seed=207).
01:50:22  INFO      attacks.neurotoxin_client — Neurotoxin client [57] round 149: poisoned 3324/6979 samples (target=0, masked=True).
01:51:30  INFO      experiment.runner — Round  150/150  |  acc:  85.75%  loss: 0.3919  |  ASR:   2.38%  asr_loss: 11.5834  |  mF1: 71.2%
01:51:30  INFO      experiment.runner — Final model saved to results/benchmark/femnist_neurotoxin_nnm_krum_seed1/final_model.pt
01:51:30  INFO      experiment.runner — Client atypicality written to results/benchmark/femnist_neurotoxin_nnm_krum_seed1/client_atypicality.json
01:51:30  INFO      experiment.runner — Client inclusion rates written to results/benchmark/femnist_neurotoxin_nnm_krum_seed1/client_inclusion.csv
01:51:30  INFO      benchmark — ✓  femnist_neurotoxin_nnm_krum_seed1  (83.7 min)
01:51:30  INFO      benchmark — ▶  femnist_neurotoxin_nnm_krum_seed2
01:51:30  INFO      experiment.runner — Initialising 'femnist_neurotoxin_nnm_krum_seed2' | device=cuda | rounds=150 | clients=10/100 | attack=neurotoxin | defense=nnm
01:51:31  INFO      defenses.nnm — NNMServer — f=1  base_rule=krum
01:51:42  INFO      experiment.utils — Built 100 clients — 10 malicious, 90 benign.
01:51:42  INFO      datasets.backdoor — BackdoorDataset: 110545 / 110545 samples poisoned (target=0, fraction=1.000, seed=0).
01:51:42  INFO      experiment.runner — Setup complete — 100 clients (10 malicious) | backdoor eval: static-trigger

==============================================================
  Summary — 16 rounds evaluated
==============================================================
  Final clean accuracy               85.75%
  Best  clean accuracy               85.75%
  Final clean loss                   0.3919
  Macro F1                           71.18%
  Final ASR                           2.38%
  Mean ASR (attack window)            2.39%
  Max  ASR (attack window)            2.79%
==============================================================

01:52:55  INFO      experiment.runner — Round    1/150  |  acc:  53.10%  loss: 1.8731  |  ASR:   4.25%  asr_loss: 6.2680  |  mF1: 23.4%
01:58:09  INFO      experiment.runner — Round   11/150  |  acc:  81.39%  loss: 0.5616  |  ASR:   2.11%  asr_loss: 10.1662  |  mF1: 62.2%
02:03:24  INFO      experiment.runner — Round   21/150  |  acc:  83.54%  loss: 0.4796  |  ASR:   2.22%  asr_loss: 11.3768  |  mF1: 66.6%
02:08:37  INFO      experiment.runner — Round   31/150  |  acc:  84.07%  loss: 0.4562  |  ASR:   2.01%  asr_loss: 12.0021  |  mF1: 67.5%
02:11:48  INFO      datasets.backdoor — BackdoorDataset: 3314 / 6980 samples poisoned (target=0, fraction=0.500, seed=50).
02:11:52  INFO      attacks.neurotoxin_client — Neurotoxin client [10] round 38: poisoned 3314/6980 samples (target=0, masked=True).
02:12:18  INFO      datasets.backdoor — BackdoorDataset: 3327 / 6980 samples poisoned (target=0, fraction=0.500, seed=52).
02:12:22  INFO      attacks.neurotoxin_client — Neurotoxin client [11] round 39: poisoned 3327/6980 samples (target=0, masked=True).
02:12:46  INFO      datasets.backdoor — BackdoorDataset: 3326 / 6979 samples poisoned (target=0, fraction=0.500, seed=127).
02:12:53  INFO      attacks.neurotoxin_client — Neurotoxin client [85] round 40: poisoned 3326/6979 samples (target=0, masked=True).
02:14:02  INFO      experiment.runner — Round   41/150  |  acc:  84.49%  loss: 0.4371  |  ASR:   2.52%  asr_loss: 11.7731  |  mF1: 68.6%
02:14:27  INFO      datasets.backdoor — BackdoorDataset: 3313 / 6979 samples poisoned (target=0, fraction=0.500, seed=76).
02:14:30  INFO      attacks.neurotoxin_client — Neurotoxin client [32] round 42: poisoned 3313/6979 samples (target=0, masked=True).
02:14:31  INFO      datasets.backdoor — BackdoorDataset: 3294 / 6980 samples poisoned (target=0, fraction=0.500, seed=65).
02:14:34  INFO      attacks.neurotoxin_client — Neurotoxin client [21] round 42: poisoned 3294/6980 samples (target=0, masked=True).
02:15:20  INFO      datasets.backdoor — BackdoorDataset: 3309 / 6979 samples poisoned (target=0, fraction=0.500, seed=139).
02:15:24  INFO      attacks.neurotoxin_client — Neurotoxin client [94] round 43: poisoned 3309/6979 samples (target=0, masked=True).
02:15:40  INFO      datasets.backdoor — BackdoorDataset: 3313 / 6979 samples poisoned (target=0, fraction=0.500, seed=78).
02:15:45  INFO      attacks.neurotoxin_client — Neurotoxin client [32] round 44: poisoned 3313/6979 samples (target=0, masked=True).
02:16:03  INFO      datasets.backdoor — BackdoorDataset: 3320 / 6979 samples poisoned (target=0, fraction=0.500, seed=93).
02:16:07  INFO      attacks.neurotoxin_client — Neurotoxin client [46] round 45: poisoned 3320/6979 samples (target=0, masked=True).
02:16:22  INFO      datasets.backdoor — BackdoorDataset: 3314 / 6980 samples poisoned (target=0, fraction=0.500, seed=58).
02:16:29  INFO      attacks.neurotoxin_client — Neurotoxin client [10] round 46: poisoned 3314/6980 samples (target=0, masked=True).
02:16:45  INFO      datasets.backdoor — BackdoorDataset: 3326 / 6979 samples poisoned (target=0, fraction=0.500, seed=133).
02:16:49  INFO      attacks.neurotoxin_client — Neurotoxin client [85] round 46: poisoned 3326/6979 samples (target=0, masked=True).
02:17:29  INFO      datasets.backdoor — BackdoorDataset: 3323 / 6979 samples poisoned (target=0, fraction=0.500, seed=127).
02:17:33  INFO      attacks.neurotoxin_client — Neurotoxin client [77] round 48: poisoned 3323/6979 samples (target=0, masked=True).
02:18:19  INFO      datasets.backdoor — BackdoorDataset: 3313 / 6979 samples poisoned (target=0, fraction=0.500, seed=84).
02:18:23  INFO      attacks.neurotoxin_client — Neurotoxin client [32] round 50: poisoned 3313/6979 samples (target=0, masked=True).
02:19:31  INFO      experiment.runner — Round   51/150  |  acc:  84.89%  loss: 0.4243  |  ASR:   2.12%  asr_loss: 12.2839  |  mF1: 69.3%
02:19:43  INFO      datasets.backdoor — BackdoorDataset: 3326 / 6979 samples poisoned (target=0, fraction=0.500, seed=138).
02:19:47  INFO      attacks.neurotoxin_client — Neurotoxin client [85] round 51: poisoned 3326/6979 samples (target=0, masked=True).
02:20:15  INFO      datasets.backdoor — BackdoorDataset: 3314 / 6980 samples poisoned (target=0, fraction=0.500, seed=64).
02:20:19  INFO      attacks.neurotoxin_client — Neurotoxin client [10] round 52: poisoned 3314/6980 samples (target=0, masked=True).
02:20:40  INFO      datasets.backdoor — BackdoorDataset: 3313 / 6979 samples poisoned (target=0, fraction=0.500, seed=87).
02:20:44  INFO      attacks.neurotoxin_client — Neurotoxin client [32] round 53: poisoned 3313/6979 samples (target=0, masked=True).
02:21:27  INFO      datasets.backdoor — BackdoorDataset: 3320 / 6979 samples poisoned (target=0, fraction=0.500, seed=103).
02:21:34  INFO      attacks.neurotoxin_client — Neurotoxin client [46] round 55: poisoned 3320/6979 samples (target=0, masked=True).
02:21:54  INFO      datasets.backdoor — BackdoorDataset: 3312 / 6979 samples poisoned (target=0, fraction=0.500, seed=97).
02:21:57  INFO      attacks.neurotoxin_client — Neurotoxin client [39] round 56: poisoned 3312/6979 samples (target=0, masked=True).
02:22:30  INFO      datasets.backdoor — BackdoorDataset: 3312 / 6979 samples poisoned (target=0, fraction=0.500, seed=98).
02:22:37  INFO      attacks.neurotoxin_client — Neurotoxin client [39] round 57: poisoned 3312/6979 samples (target=0, masked=True).
02:22:52  INFO      datasets.backdoor — BackdoorDataset: 3327 / 6980 samples poisoned (target=0, fraction=0.500, seed=71).
02:22:58  INFO      attacks.neurotoxin_client — Neurotoxin client [11] round 58: poisoned 3327/6980 samples (target=0, masked=True).
02:23:19  INFO      datasets.backdoor — BackdoorDataset: 3327 / 6980 samples poisoned (target=0, fraction=0.500, seed=72).
02:23:23  INFO      attacks.neurotoxin_client — Neurotoxin client [11] round 59: poisoned 3327/6980 samples (target=0, masked=True).
02:23:23  INFO      datasets.backdoor — BackdoorDataset: 3312 / 6979 samples poisoned (target=0, fraction=0.500, seed=100).
02:23:28  INFO      attacks.neurotoxin_client — Neurotoxin client [39] round 59: poisoned 3312/6979 samples (target=0, masked=True).
02:23:42  INFO      datasets.backdoor — BackdoorDataset: 3316 / 6980 samples poisoned (target=0, fraction=0.500, seed=68).
02:23:48  INFO      attacks.neurotoxin_client — Neurotoxin client [7] round 59: poisoned 3316/6980 samples (target=0, masked=True).
02:24:03  INFO      datasets.backdoor — BackdoorDataset: 3320 / 6979 samples poisoned (target=0, fraction=0.500, seed=108).
02:24:09  INFO      attacks.neurotoxin_client — Neurotoxin client [46] round 60: poisoned 3320/6979 samples (target=0, masked=True).
02:25:13  INFO      experiment.runner — Round   61/150  |  acc:  85.18%  loss: 0.4133  |  ASR:   2.13%  asr_loss: 12.2314  |  mF1: 69.9%
02:25:13  INFO      datasets.backdoor — BackdoorDataset: 3320 / 6979 samples poisoned (target=0, fraction=0.500, seed=109).
02:25:17  INFO      attacks.neurotoxin_client — Neurotoxin client [46] round 61: poisoned 3320/6979 samples (target=0, masked=True).
02:25:17  INFO      datasets.backdoor — BackdoorDataset: 3294 / 6980 samples poisoned (target=0, fraction=0.500, seed=84).
02:25:21  INFO      attacks.neurotoxin_client — Neurotoxin client [21] round 61: poisoned 3294/6980 samples (target=0, masked=True).
02:27:28  INFO      datasets.backdoor — BackdoorDataset: 3326 / 6979 samples poisoned (target=0, fraction=0.500, seed=152).
02:27:32  INFO      attacks.neurotoxin_client — Neurotoxin client [85] round 65: poisoned 3326/6979 samples (target=0, masked=True).
02:27:37  INFO      datasets.backdoor — BackdoorDataset: 3312 / 6979 samples poisoned (target=0, fraction=0.500, seed=107).
02:27:41  INFO      attacks.neurotoxin_client — Neurotoxin client [39] round 66: poisoned 3312/6979 samples (target=0, masked=True).
02:27:57  INFO      datasets.backdoor — BackdoorDataset: 3327 / 6980 samples poisoned (target=0, fraction=0.500, seed=79).
02:28:06  INFO      attacks.neurotoxin_client — Neurotoxin client [11] round 66: poisoned 3327/6980 samples (target=0, masked=True).
02:28:29  INFO      datasets.backdoor — BackdoorDataset: 3294 / 6980 samples poisoned (target=0, fraction=0.500, seed=90).
02:28:34  INFO      attacks.neurotoxin_client — Neurotoxin client [21] round 67: poisoned 3294/6980 samples (target=0, masked=True).
02:29:20  INFO      datasets.backdoor — BackdoorDataset: 3320 / 6979 samples poisoned (target=0, fraction=0.500, seed=117).
02:29:23  INFO      attacks.neurotoxin_client — Neurotoxin client [46] round 69: poisoned 3320/6979 samples (target=0, masked=True).
02:29:42  INFO      datasets.backdoor — BackdoorDataset: 3313 / 6979 samples poisoned (target=0, fraction=0.500, seed=104).
02:29:46  INFO      attacks.neurotoxin_client — Neurotoxin client [32] round 70: poisoned 3313/6979 samples (target=0, masked=True).
02:29:49  INFO      datasets.backdoor — BackdoorDataset: 3320 / 6979 samples poisoned (target=0, fraction=0.500, seed=118).
02:29:53  INFO      attacks.neurotoxin_client — Neurotoxin client [46] round 70: poisoned 3320/6979 samples (target=0, masked=True).
02:29:53  INFO      datasets.backdoor — BackdoorDataset: 3327 / 6980 samples poisoned (target=0, fraction=0.500, seed=83).
02:29:56  INFO      attacks.neurotoxin_client — Neurotoxin client [11] round 70: poisoned 3327/6980 samples (target=0, masked=True).
02:31:02  INFO      experiment.runner — Round   71/150  |  acc:  85.23%  loss: 0.4121  |  ASR:   2.59%  asr_loss: 11.3545  |  mF1: 70.1%
02:31:24  INFO      datasets.backdoor — BackdoorDataset: 3316 / 6980 samples poisoned (target=0, fraction=0.500, seed=80).
02:31:27  INFO      attacks.neurotoxin_client — Neurotoxin client [7] round 71: poisoned 3316/6980 samples (target=0, masked=True).
02:32:41  INFO      datasets.backdoor — BackdoorDataset: 3327 / 6980 samples poisoned (target=0, fraction=0.500, seed=87).
02:32:49  INFO      attacks.neurotoxin_client — Neurotoxin client [11] round 74: poisoned 3327/6980 samples (target=0, masked=True).
02:32:59  INFO      datasets.backdoor — BackdoorDataset: 3326 / 6979 samples poisoned (target=0, fraction=0.500, seed=162).
02:33:03  INFO      attacks.neurotoxin_client — Neurotoxin client [85] round 75: poisoned 3326/6979 samples (target=0, masked=True).
02:33:12  INFO      datasets.backdoor — BackdoorDataset: 3294 / 6980 samples poisoned (target=0, fraction=0.500, seed=98).
02:33:16  INFO      attacks.neurotoxin_client — Neurotoxin client [21] round 75: poisoned 3294/6980 samples (target=0, masked=True).
02:33:57  INFO      datasets.backdoor — BackdoorDataset: 3312 / 6979 samples poisoned (target=0, fraction=0.500, seed=118).
02:34:00  INFO      attacks.neurotoxin_client — Neurotoxin client [39] round 77: poisoned 3312/6979 samples (target=0, masked=True).
02:34:07  INFO      datasets.backdoor — BackdoorDataset: 3313 / 6979 samples poisoned (target=0, fraction=0.500, seed=111).
02:34:11  INFO      attacks.neurotoxin_client — Neurotoxin client [32] round 77: poisoned 3313/6979 samples (target=0, masked=True).
02:34:13  INFO      datasets.backdoor — BackdoorDataset: 3326 / 6979 samples poisoned (target=0, fraction=0.500, seed=164).
02:34:17  INFO      attacks.neurotoxin_client — Neurotoxin client [85] round 77: poisoned 3326/6979 samples (target=0, masked=True).
02:34:32  INFO      datasets.backdoor — BackdoorDataset: 3326 / 6979 samples poisoned (target=0, fraction=0.500, seed=165).
02:34:39  INFO      attacks.neurotoxin_client — Neurotoxin client [85] round 78: poisoned 3326/6979 samples (target=0, masked=True).
02:34:39  INFO      datasets.backdoor — BackdoorDataset: 3327 / 6980 samples poisoned (target=0, fraction=0.500, seed=91).
02:34:47  INFO      attacks.neurotoxin_client — Neurotoxin client [11] round 78: poisoned 3327/6980 samples (target=0, masked=True).
02:35:26  INFO      datasets.backdoor — BackdoorDataset: 3316 / 6980 samples poisoned (target=0, fraction=0.500, seed=89).
02:35:29  INFO      attacks.neurotoxin_client — Neurotoxin client [7] round 80: poisoned 3316/6980 samples (target=0, masked=True).
02:36:41  INFO      experiment.runner — Round   81/150  |  acc:  85.46%  loss: 0.4050  |  ASR:   2.08%  asr_loss: 11.9456  |  mF1: 70.9%
02:39:20  INFO      datasets.backdoor — BackdoorDataset: 3323 / 6979 samples poisoned (target=0, fraction=0.500, seed=165).
02:39:24  INFO      attacks.neurotoxin_client — Neurotoxin client [77] round 86: poisoned 3323/6979 samples (target=0, masked=True).
02:40:18  INFO      datasets.backdoor — BackdoorDataset: 3309 / 6979 samples poisoned (target=0, fraction=0.500, seed=184).
02:40:21  INFO      attacks.neurotoxin_client — Neurotoxin client [94] round 88: poisoned 3309/6979 samples (target=0, masked=True).
02:40:57  INFO      datasets.backdoor — BackdoorDataset: 3327 / 6980 samples poisoned (target=0, fraction=0.500, seed=103).
02:41:01  INFO      attacks.neurotoxin_client — Neurotoxin client [11] round 90: poisoned 3327/6980 samples (target=0, masked=True).
02:42:03  INFO      experiment.runner — Round   91/150  |  acc:  85.55%  loss: 0.4004  |  ASR:   2.24%  asr_loss: 12.1459  |  mF1: 70.5%
02:42:29  INFO      datasets.backdoor — BackdoorDataset: 3326 / 6979 samples poisoned (target=0, fraction=0.500, seed=179).
02:42:40  INFO      attacks.neurotoxin_client — Neurotoxin client [85] round 92: poisoned 3326/6979 samples (target=0, masked=True).
02:43:50  INFO      datasets.backdoor — BackdoorDataset: 3294 / 6980 samples poisoned (target=0, fraction=0.500, seed=117).
02:43:54  INFO      attacks.neurotoxin_client — Neurotoxin client [21] round 94: poisoned 3294/6980 samples (target=0, masked=True).
02:44:12  INFO      datasets.backdoor — BackdoorDataset: 3313 / 6979 samples poisoned (target=0, fraction=0.500, seed=129).
02:44:15  INFO      attacks.neurotoxin_client — Neurotoxin client [32] round 95: poisoned 3313/6979 samples (target=0, masked=True).
02:44:30  INFO      datasets.backdoor — BackdoorDataset: 3312 / 6979 samples poisoned (target=0, fraction=0.500, seed=137).
02:44:38  INFO      attacks.neurotoxin_client — Neurotoxin client [39] round 96: poisoned 3312/6979 samples (target=0, masked=True).
02:44:41  INFO      datasets.backdoor — BackdoorDataset: 3294 / 6980 samples poisoned (target=0, fraction=0.500, seed=119).
02:44:49  INFO      attacks.neurotoxin_client — Neurotoxin client [21] round 96: poisoned 3294/6980 samples (target=0, masked=True).
02:44:52  INFO      datasets.backdoor — BackdoorDataset: 3323 / 6979 samples poisoned (target=0, fraction=0.500, seed=175).
02:44:55  INFO      attacks.neurotoxin_client — Neurotoxin client [77] round 96: poisoned 3323/6979 samples (target=0, masked=True).
02:45:22  INFO      datasets.backdoor — BackdoorDataset: 3312 / 6979 samples poisoned (target=0, fraction=0.500, seed=138).
02:45:26  INFO      attacks.neurotoxin_client — Neurotoxin client [39] round 97: poisoned 3312/6979 samples (target=0, masked=True).
02:45:46  INFO      datasets.backdoor — BackdoorDataset: 3316 / 6980 samples poisoned (target=0, fraction=0.500, seed=107).
02:45:53  INFO      attacks.neurotoxin_client — Neurotoxin client [7] round 98: poisoned 3316/6980 samples (target=0, masked=True).
02:45:56  INFO      datasets.backdoor — BackdoorDataset: 3313 / 6979 samples poisoned (target=0, fraction=0.500, seed=132).
02:46:02  INFO      attacks.neurotoxin_client — Neurotoxin client [32] round 98: poisoned 3313/6979 samples (target=0, masked=True).
02:46:05  INFO      datasets.backdoor — BackdoorDataset: 3326 / 6979 samples poisoned (target=0, fraction=0.500, seed=185).
02:46:09  INFO      attacks.neurotoxin_client — Neurotoxin client [85] round 98: poisoned 3326/6979 samples (target=0, masked=True).
02:46:45  INFO      datasets.backdoor — BackdoorDataset: 3323 / 6979 samples poisoned (target=0, fraction=0.500, seed=179).
02:46:49  INFO      attacks.neurotoxin_client — Neurotoxin client [77] round 100: poisoned 3323/6979 samples (target=0, masked=True).
02:47:53  INFO      experiment.runner — Round  101/150  |  acc:  85.58%  loss: 0.3995  |  ASR:   1.83%  asr_loss: 12.0610  |  mF1: 71.1%
02:48:04  INFO      datasets.backdoor — BackdoorDataset: 3314 / 6980 samples poisoned (target=0, fraction=0.500, seed=113).
02:48:12  INFO      attacks.neurotoxin_client — Neurotoxin client [10] round 101: poisoned 3314/6980 samples (target=0, masked=True).
02:49:05  INFO      datasets.backdoor — BackdoorDataset: 3316 / 6980 samples poisoned (target=0, fraction=0.500, seed=112).
02:49:11  INFO      attacks.neurotoxin_client — Neurotoxin client [7] round 103: poisoned 3316/6980 samples (target=0, masked=True).
02:49:14  INFO      datasets.backdoor — BackdoorDataset: 3326 / 6979 samples poisoned (target=0, fraction=0.500, seed=190).
02:49:20  INFO      attacks.neurotoxin_client — Neurotoxin client [85] round 103: poisoned 3326/6979 samples (target=0, masked=True).
02:49:57  INFO      datasets.backdoor — BackdoorDataset: 3316 / 6980 samples poisoned (target=0, fraction=0.500, seed=114).
02:50:01  INFO      attacks.neurotoxin_client — Neurotoxin client [7] round 105: poisoned 3316/6980 samples (target=0, masked=True).
02:50:06  INFO      datasets.backdoor — BackdoorDataset: 3327 / 6980 samples poisoned (target=0, fraction=0.500, seed=118).
02:50:10  INFO      attacks.neurotoxin_client — Neurotoxin client [11] round 105: poisoned 3327/6980 samples (target=0, masked=True).
02:50:10  INFO      datasets.backdoor — BackdoorDataset: 3323 / 6979 samples poisoned (target=0, fraction=0.500, seed=184).
02:50:14  INFO      attacks.neurotoxin_client — Neurotoxin client [77] round 105: poisoned 3323/6979 samples (target=0, masked=True).
02:50:51  INFO      datasets.backdoor — BackdoorDataset: 3320 / 6979 samples poisoned (target=0, fraction=0.500, seed=155).
02:50:55  INFO      attacks.neurotoxin_client — Neurotoxin client [46] round 107: poisoned 3320/6979 samples (target=0, masked=True).
02:51:11  INFO      datasets.backdoor — BackdoorDataset: 3309 / 6979 samples poisoned (target=0, fraction=0.500, seed=203).
02:51:15  INFO      attacks.neurotoxin_client — Neurotoxin client [94] round 107: poisoned 3309/6979 samples (target=0, masked=True).
02:52:14  INFO      datasets.backdoor — BackdoorDataset: 3327 / 6980 samples poisoned (target=0, fraction=0.500, seed=123).
02:52:19  INFO      attacks.neurotoxin_client — Neurotoxin client [11] round 110: poisoned 3327/6980 samples (target=0, masked=True).
02:52:22  INFO      datasets.backdoor — BackdoorDataset: 3326 / 6979 samples poisoned (target=0, fraction=0.500, seed=197).
02:52:26  INFO      attacks.neurotoxin_client — Neurotoxin client [85] round 110: poisoned 3326/6979 samples (target=0, masked=True).
02:52:35  INFO      datasets.backdoor — BackdoorDataset: 3312 / 6979 samples poisoned (target=0, fraction=0.500, seed=151).
02:52:39  INFO      attacks.neurotoxin_client — Neurotoxin client [39] round 110: poisoned 3312/6979 samples (target=0, masked=True).
02:53:36  INFO      experiment.runner — Round  111/150  |  acc:  85.53%  loss: 0.3991  |  ASR:   2.84%  asr_loss: 10.8838  |  mF1: 70.9%
02:54:03  INFO      datasets.backdoor — BackdoorDataset: 3323 / 6979 samples poisoned (target=0, fraction=0.500, seed=191).
02:54:07  INFO      attacks.neurotoxin_client — Neurotoxin client [77] round 112: poisoned 3323/6979 samples (target=0, masked=True).
02:54:07  INFO      datasets.backdoor — BackdoorDataset: 3320 / 6979 samples poisoned (target=0, fraction=0.500, seed=160).
02:54:11  INFO      attacks.neurotoxin_client — Neurotoxin client [46] round 112: poisoned 3320/6979 samples (target=0, masked=True).
02:56:24  INFO      datasets.backdoor — BackdoorDataset: 3320 / 6979 samples poisoned (target=0, fraction=0.500, seed=165).
02:56:28  INFO      attacks.neurotoxin_client — Neurotoxin client [46] round 117: poisoned 3320/6979 samples (target=0, masked=True).
02:56:54  INFO      datasets.backdoor — BackdoorDataset: 3314 / 6980 samples poisoned (target=0, fraction=0.500, seed=130).
02:57:01  INFO      attacks.neurotoxin_client — Neurotoxin client [10] round 118: poisoned 3314/6980 samples (target=0, masked=True).
02:57:39  INFO      datasets.backdoor — BackdoorDataset: 3309 / 6979 samples poisoned (target=0, fraction=0.500, seed=215).
02:57:43  INFO      attacks.neurotoxin_client — Neurotoxin client [94] round 119: poisoned 3309/6979 samples (target=0, masked=True).
02:59:02  INFO      experiment.runner — Round  121/150  |  acc:  85.72%  loss: 0.3932  |  ASR:   1.85%  asr_loss: 12.1317  |  mF1: 71.0%
02:59:18  INFO      datasets.backdoor — BackdoorDataset: 3313 / 6979 samples poisoned (target=0, fraction=0.500, seed=155).
02:59:21  INFO      attacks.neurotoxin_client — Neurotoxin client [32] round 121: poisoned 3313/6979 samples (target=0, masked=True).
02:59:39  INFO      datasets.backdoor — BackdoorDataset: 3313 / 6979 samples poisoned (target=0, fraction=0.500, seed=156).
02:59:46  INFO      attacks.neurotoxin_client — Neurotoxin client [32] round 122: poisoned 3313/6979 samples (target=0, masked=True).
03:01:03  INFO      datasets.backdoor — BackdoorDataset: 3320 / 6979 samples poisoned (target=0, fraction=0.500, seed=173).
03:01:07  INFO      attacks.neurotoxin_client — Neurotoxin client [46] round 125: poisoned 3320/6979 samples (target=0, masked=True).
03:01:35  INFO      datasets.backdoor — BackdoorDataset: 3320 / 6979 samples poisoned (target=0, fraction=0.500, seed=174).
03:01:38  INFO      attacks.neurotoxin_client — Neurotoxin client [46] round 126: poisoned 3320/6979 samples (target=0, masked=True).
03:02:26  INFO      datasets.backdoor — BackdoorDataset: 3327 / 6980 samples poisoned (target=0, fraction=0.500, seed=141).
03:02:34  INFO      attacks.neurotoxin_client — Neurotoxin client [11] round 128: poisoned 3327/6980 samples (target=0, masked=True).
03:02:34  INFO      datasets.backdoor — BackdoorDataset: 3309 / 6979 samples poisoned (target=0, fraction=0.500, seed=224).
03:02:38  INFO      attacks.neurotoxin_client — Neurotoxin client [94] round 128: poisoned 3309/6979 samples (target=0, masked=True).
03:02:52  INFO      datasets.backdoor — BackdoorDataset: 3320 / 6979 samples poisoned (target=0, fraction=0.500, seed=176).
03:02:55  INFO      attacks.neurotoxin_client — Neurotoxin client [46] round 128: poisoned 3320/6979 samples (target=0, masked=True).
03:03:01  INFO      datasets.backdoor — BackdoorDataset: 3294 / 6980 samples poisoned (target=0, fraction=0.500, seed=152).
03:03:05  INFO      attacks.neurotoxin_client — Neurotoxin client [21] round 129: poisoned 3294/6980 samples (target=0, masked=True).
03:03:10  INFO      datasets.backdoor — BackdoorDataset: 3326 / 6979 samples poisoned (target=0, fraction=0.500, seed=216).
03:03:14  INFO      attacks.neurotoxin_client — Neurotoxin client [85] round 129: poisoned 3326/6979 samples (target=0, masked=True).
03:04:38  INFO      experiment.runner — Round  131/150  |  acc:  85.72%  loss: 0.3925  |  ASR:   1.63%  asr_loss: 11.8950  |  mF1: 71.3%
03:04:46  INFO      datasets.backdoor — BackdoorDataset: 3326 / 6979 samples poisoned (target=0, fraction=0.500, seed=218).
03:04:53  INFO      attacks.neurotoxin_client — Neurotoxin client [85] round 131: poisoned 3326/6979 samples (target=0, masked=True).
03:05:21  INFO      datasets.backdoor — BackdoorDataset: 3320 / 6979 samples poisoned (target=0, fraction=0.500, seed=180).
03:05:26  INFO      attacks.neurotoxin_client — Neurotoxin client [46] round 132: poisoned 3320/6979 samples (target=0, masked=True).
03:05:28  INFO      datasets.backdoor — BackdoorDataset: 3323 / 6979 samples poisoned (target=0, fraction=0.500, seed=211).
03:05:32  INFO      attacks.neurotoxin_client — Neurotoxin client [77] round 132: poisoned 3323/6979 samples (target=0, masked=True).
03:05:47  INFO      datasets.backdoor — BackdoorDataset: 3314 / 6980 samples poisoned (target=0, fraction=0.500, seed=145).
03:05:55  INFO      attacks.neurotoxin_client — Neurotoxin client [10] round 133: poisoned 3314/6980 samples (target=0, masked=True).
03:06:17  INFO      datasets.backdoor — BackdoorDataset: 3323 / 6979 samples poisoned (target=0, fraction=0.500, seed=213).
03:06:21  INFO      attacks.neurotoxin_client — Neurotoxin client [77] round 134: poisoned 3323/6979 samples (target=0, masked=True).
03:07:16  INFO      datasets.backdoor — BackdoorDataset: 3309 / 6979 samples poisoned (target=0, fraction=0.500, seed=232).
03:07:20  INFO      attacks.neurotoxin_client — Neurotoxin client [94] round 136: poisoned 3309/6979 samples (target=0, masked=True).
03:07:24  INFO      datasets.backdoor — BackdoorDataset: 3294 / 6980 samples poisoned (target=0, fraction=0.500, seed=159).
03:07:28  INFO      attacks.neurotoxin_client — Neurotoxin client [21] round 136: poisoned 3294/6980 samples (target=0, masked=True).
03:08:02  INFO      datasets.backdoor — BackdoorDataset: 3314 / 6980 samples poisoned (target=0, fraction=0.500, seed=149).
03:08:07  INFO      attacks.neurotoxin_client — Neurotoxin client [10] round 137: poisoned 3314/6980 samples (target=0, masked=True).
03:08:15  INFO      datasets.backdoor — BackdoorDataset: 3320 / 6979 samples poisoned (target=0, fraction=0.500, seed=186).
03:08:18  INFO      attacks.neurotoxin_client — Neurotoxin client [46] round 138: poisoned 3320/6979 samples (target=0, masked=True).
03:09:14  INFO      datasets.backdoor — BackdoorDataset: 3309 / 6979 samples poisoned (target=0, fraction=0.500, seed=236).
03:09:19  INFO      attacks.neurotoxin_client — Neurotoxin client [94] round 140: poisoned 3309/6979 samples (target=0, masked=True).
03:09:19  INFO      datasets.backdoor — BackdoorDataset: 3320 / 6979 samples poisoned (target=0, fraction=0.500, seed=188).
03:09:23  INFO      attacks.neurotoxin_client — Neurotoxin client [46] round 140: poisoned 3320/6979 samples (target=0, masked=True).
03:10:30  INFO      experiment.runner — Round  141/150  |  acc:  85.86%  loss: 0.3884  |  ASR:   2.27%  asr_loss: 11.5214  |  mF1: 71.6%
03:10:33  INFO      datasets.backdoor — BackdoorDataset: 3323 / 6979 samples poisoned (target=0, fraction=0.500, seed=220).
03:10:36  INFO      attacks.neurotoxin_client — Neurotoxin client [77] round 141: poisoned 3323/6979 samples (target=0, masked=True).
03:11:03  INFO      datasets.backdoor — BackdoorDataset: 3314 / 6980 samples poisoned (target=0, fraction=0.500, seed=154).
03:11:09  INFO      attacks.neurotoxin_client — Neurotoxin client [10] round 142: poisoned 3314/6980 samples (target=0, masked=True).
03:11:22  INFO      datasets.backdoor — BackdoorDataset: 3309 / 6979 samples poisoned (target=0, fraction=0.500, seed=238).
03:11:25  INFO      attacks.neurotoxin_client — Neurotoxin client [94] round 142: poisoned 3309/6979 samples (target=0, masked=True).
03:11:43  INFO      datasets.backdoor — BackdoorDataset: 3320 / 6979 samples poisoned (target=0, fraction=0.500, seed=191).
03:11:46  INFO      attacks.neurotoxin_client — Neurotoxin client [46] round 143: poisoned 3320/6979 samples (target=0, masked=True).
03:11:49  INFO      datasets.backdoor — BackdoorDataset: 3312 / 6979 samples poisoned (target=0, fraction=0.500, seed=184).
03:11:52  INFO      attacks.neurotoxin_client — Neurotoxin client [39] round 143: poisoned 3312/6979 samples (target=0, masked=True).
03:11:58  INFO      datasets.backdoor — BackdoorDataset: 3320 / 6979 samples poisoned (target=0, fraction=0.500, seed=192).
03:12:02  INFO      attacks.neurotoxin_client — Neurotoxin client [46] round 144: poisoned 3320/6979 samples (target=0, masked=True).
03:13:17  INFO      datasets.backdoor — BackdoorDataset: 3312 / 6979 samples poisoned (target=0, fraction=0.500, seed=188).
03:13:22  INFO      attacks.neurotoxin_client — Neurotoxin client [39] round 147: poisoned 3312/6979 samples (target=0, masked=True).
03:13:36  INFO      datasets.backdoor — BackdoorDataset: 3316 / 6980 samples poisoned (target=0, fraction=0.500, seed=156).
03:13:40  INFO      attacks.neurotoxin_client — Neurotoxin client [7] round 147: poisoned 3316/6980 samples (target=0, masked=True).
03:13:56  INFO      datasets.backdoor — BackdoorDataset: 3312 / 6979 samples poisoned (target=0, fraction=0.500, seed=189).
03:14:02  INFO      attacks.neurotoxin_client — Neurotoxin client [39] round 148: poisoned 3312/6979 samples (target=0, masked=True).
03:15:37  INFO      experiment.runner — Round  150/150  |  acc:  85.92%  loss: 0.3868  |  ASR:   2.24%  asr_loss: 11.9094  |  mF1: 71.8%
03:15:37  INFO      experiment.runner — Final model saved to results/benchmark/femnist_neurotoxin_nnm_krum_seed2/final_model.pt
03:15:37  INFO      experiment.runner — Client atypicality written to results/benchmark/femnist_neurotoxin_nnm_krum_seed2/client_atypicality.json
03:15:37  INFO      experiment.runner — Client inclusion rates written to results/benchmark/femnist_neurotoxin_nnm_krum_seed2/client_inclusion.csv
03:15:37  INFO      benchmark — ✓  femnist_neurotoxin_nnm_krum_seed2  (84.1 min)
03:15:37  INFO      benchmark — ▶  femnist_neurotoxin_nnm_krum_seed3
03:15:37  INFO      experiment.runner — Initialising 'femnist_neurotoxin_nnm_krum_seed3' | device=cuda | rounds=150 | clients=10/100 | attack=neurotoxin | defense=nnm
03:15:38  INFO      defenses.nnm — NNMServer — f=1  base_rule=krum
03:15:49  INFO      experiment.utils — Built 100 clients — 10 malicious, 90 benign.
03:15:49  INFO      datasets.backdoor — BackdoorDataset: 110545 / 110545 samples poisoned (target=0, fraction=1.000, seed=0).
03:15:49  INFO      experiment.runner — Setup complete — 100 clients (10 malicious) | backdoor eval: static-trigger

==============================================================
  Summary — 16 rounds evaluated
==============================================================
  Final clean accuracy               85.92%
  Best  clean accuracy               85.92%
  Final clean loss                   0.3868
  Macro F1                           71.77%
  Final ASR                           2.24%
  Mean ASR (attack window)            2.29%
  Max  ASR (attack window)            2.84%
==============================================================

03:17:08  INFO      experiment.runner — Round    1/150  |  acc:  49.19%  loss: 1.9885  |  ASR:   3.96%  asr_loss: 6.5532  |  mF1: 19.9%
03:22:29  INFO      experiment.runner — Round   11/150  |  acc:  80.35%  loss: 0.5967  |  ASR:   1.90%  asr_loss: 10.3751  |  mF1: 60.6%
03:27:49  INFO      experiment.runner — Round   21/150  |  acc:  82.76%  loss: 0.5042  |  ASR:   1.61%  asr_loss: 11.4468  |  mF1: 65.7%
03:33:08  INFO      experiment.runner — Round   31/150  |  acc:  83.93%  loss: 0.4633  |  ASR:   1.79%  asr_loss: 12.2728  |  mF1: 67.9%
03:35:44  INFO      datasets.backdoor — BackdoorDataset: 3327 / 6980 samples poisoned (target=0, fraction=0.500, seed=56).
03:35:48  INFO      attacks.neurotoxin_client — Neurotoxin client [16] round 37: poisoned 3327/6980 samples (target=0, masked=True).
03:36:15  INFO      datasets.backdoor — BackdoorDataset: 3310 / 6979 samples poisoned (target=0, fraction=0.500, seed=88).
03:36:23  INFO      attacks.neurotoxin_client — Neurotoxin client [47] round 38: poisoned 3310/6979 samples (target=0, masked=True).
03:36:27  INFO      datasets.backdoor — BackdoorDataset: 3314 / 6979 samples poisoned (target=0, fraction=0.500, seed=118).
03:36:32  INFO      attacks.neurotoxin_client — Neurotoxin client [77] round 38: poisoned 3314/6979 samples (target=0, masked=True).
03:36:34  INFO      datasets.backdoor — BackdoorDataset: 3324 / 6979 samples poisoned (target=0, fraction=0.500, seed=110).
03:36:38  INFO      attacks.neurotoxin_client — Neurotoxin client [69] round 38: poisoned 3324/6979 samples (target=0, masked=True).
03:36:53  INFO      datasets.backdoor — BackdoorDataset: 3310 / 6979 samples poisoned (target=0, fraction=0.500, seed=89).
03:36:57  INFO      attacks.neurotoxin_client — Neurotoxin client [47] round 39: poisoned 3310/6979 samples (target=0, masked=True).
03:36:57  INFO      datasets.backdoor — BackdoorDataset: 3308 / 6979 samples poisoned (target=0, fraction=0.500, seed=122).
03:37:01  INFO      attacks.neurotoxin_client — Neurotoxin client [80] round 39: poisoned 3308/6979 samples (target=0, masked=True).
03:37:38  INFO      datasets.backdoor — BackdoorDataset: 3322 / 6979 samples poisoned (target=0, fraction=0.500, seed=118).
03:37:42  INFO      attacks.neurotoxin_client — Neurotoxin client [75] round 40: poisoned 3322/6979 samples (target=0, masked=True).
03:38:44  INFO      experiment.runner — Round   41/150  |  acc:  84.37%  loss: 0.4451  |  ASR:   2.08%  asr_loss: 12.2158  |  mF1: 68.6%
03:38:46  INFO      datasets.backdoor — BackdoorDataset: 3327 / 6980 samples poisoned (target=0, fraction=0.500, seed=60).
03:38:50  INFO      attacks.neurotoxin_client — Neurotoxin client [16] round 41: poisoned 3327/6980 samples (target=0, masked=True).
03:38:57  INFO      datasets.backdoor — BackdoorDataset: 3310 / 6979 samples poisoned (target=0, fraction=0.500, seed=91).
03:39:01  INFO      attacks.neurotoxin_client — Neurotoxin client [47] round 41: poisoned 3310/6979 samples (target=0, masked=True).
03:39:43  INFO      datasets.backdoor — BackdoorDataset: 3322 / 6979 samples poisoned (target=0, fraction=0.500, seed=121).
03:39:47  INFO      attacks.neurotoxin_client — Neurotoxin client [75] round 43: poisoned 3322/6979 samples (target=0, masked=True).
03:39:52  INFO      datasets.backdoor — BackdoorDataset: 3328 / 6979 samples poisoned (target=0, fraction=0.500, seed=106).
03:39:56  INFO      attacks.neurotoxin_client — Neurotoxin client [60] round 43: poisoned 3328/6979 samples (target=0, masked=True).
03:39:58  INFO      datasets.backdoor — BackdoorDataset: 3311 / 6980 samples poisoned (target=0, fraction=0.500, seed=76).
03:40:02  INFO      attacks.neurotoxin_client — Neurotoxin client [30] round 43: poisoned 3311/6980 samples (target=0, masked=True).
03:40:54  INFO      datasets.backdoor — BackdoorDataset: 3337 / 6979 samples poisoned (target=0, fraction=0.500, seed=122).
03:40:58  INFO      attacks.neurotoxin_client — Neurotoxin client [74] round 45: poisoned 3337/6979 samples (target=0, masked=True).
03:41:17  INFO      datasets.backdoor — BackdoorDataset: 3311 / 6980 samples poisoned (target=0, fraction=0.500, seed=79).
03:41:23  INFO      attacks.neurotoxin_client — Neurotoxin client [30] round 46: poisoned 3311/6980 samples (target=0, masked=True).
03:41:55  INFO      datasets.backdoor — BackdoorDataset: 3311 / 6980 samples poisoned (target=0, fraction=0.500, seed=80).
03:41:59  INFO      attacks.neurotoxin_client — Neurotoxin client [30] round 47: poisoned 3311/6980 samples (target=0, masked=True).
03:42:18  INFO      datasets.backdoor — BackdoorDataset: 3310 / 6979 samples poisoned (target=0, fraction=0.500, seed=98).
03:42:22  INFO      attacks.neurotoxin_client — Neurotoxin client [47] round 48: poisoned 3310/6979 samples (target=0, masked=True).
03:42:44  INFO      datasets.backdoor — BackdoorDataset: 3311 / 6980 samples poisoned (target=0, fraction=0.500, seed=82).
03:42:49  INFO      attacks.neurotoxin_client — Neurotoxin client [30] round 49: poisoned 3311/6980 samples (target=0, masked=True).
03:43:08  INFO      datasets.backdoor — BackdoorDataset: 3337 / 6979 samples poisoned (target=0, fraction=0.500, seed=127).
03:43:12  INFO      attacks.neurotoxin_client — Neurotoxin client [74] round 50: poisoned 3337/6979 samples (target=0, masked=True).
03:44:25  INFO      experiment.runner — Round   51/150  |  acc:  84.68%  loss: 0.4329  |  ASR:   1.64%  asr_loss: 12.3725  |  mF1: 68.9%
03:44:45  INFO      datasets.backdoor — BackdoorDataset: 3322 / 6979 samples poisoned (target=0, fraction=0.500, seed=129).
03:44:49  INFO      attacks.neurotoxin_client — Neurotoxin client [75] round 51: poisoned 3322/6979 samples (target=0, masked=True).
03:45:07  INFO      datasets.backdoor — BackdoorDataset: 3337 / 6979 samples poisoned (target=0, fraction=0.500, seed=129).
03:45:11  INFO      attacks.neurotoxin_client — Neurotoxin client [74] round 52: poisoned 3337/6979 samples (target=0, masked=True).
03:45:44  INFO      datasets.backdoor — BackdoorDataset: 3337 / 6979 samples poisoned (target=0, fraction=0.500, seed=130).
03:45:51  INFO      attacks.neurotoxin_client — Neurotoxin client [74] round 53: poisoned 3337/6979 samples (target=0, masked=True).
03:46:17  INFO      datasets.backdoor — BackdoorDataset: 3311 / 6980 samples poisoned (target=0, fraction=0.500, seed=87).
03:46:21  INFO      attacks.neurotoxin_client — Neurotoxin client [30] round 54: poisoned 3311/6980 samples (target=0, masked=True).
03:46:43  INFO      datasets.backdoor — BackdoorDataset: 3337 / 6979 samples poisoned (target=0, fraction=0.500, seed=132).
03:46:47  INFO      attacks.neurotoxin_client — Neurotoxin client [74] round 55: poisoned 3337/6979 samples (target=0, masked=True).
03:47:21  INFO      datasets.backdoor — BackdoorDataset: 3311 / 6980 samples poisoned (target=0, fraction=0.500, seed=90).
03:47:25  INFO      attacks.neurotoxin_client — Neurotoxin client [30] round 57: poisoned 3311/6980 samples (target=0, masked=True).
03:47:35  INFO      datasets.backdoor — BackdoorDataset: 3320 / 6980 samples poisoned (target=0, fraction=0.500, seed=68).
03:47:38  INFO      attacks.neurotoxin_client — Neurotoxin client [8] round 57: poisoned 3320/6980 samples (target=0, masked=True).
03:48:49  INFO      datasets.backdoor — BackdoorDataset: 3337 / 6979 samples poisoned (target=0, fraction=0.500, seed=137).
03:48:53  INFO      attacks.neurotoxin_client — Neurotoxin client [74] round 60: poisoned 3337/6979 samples (target=0, masked=True).
03:50:00  INFO      experiment.runner — Round   61/150  |  acc:  84.90%  loss: 0.4245  |  ASR:   1.90%  asr_loss: 12.6052  |  mF1: 69.6%
03:50:20  INFO      datasets.backdoor — BackdoorDataset: 3337 / 6979 samples poisoned (target=0, fraction=0.500, seed=138).
03:50:27  INFO      attacks.neurotoxin_client — Neurotoxin client [74] round 61: poisoned 3337/6979 samples (target=0, masked=True).
03:50:32  INFO      datasets.backdoor — BackdoorDataset: 3327 / 6980 samples poisoned (target=0, fraction=0.500, seed=81).
03:50:36  INFO      attacks.neurotoxin_client — Neurotoxin client [16] round 62: poisoned 3327/6980 samples (target=0, masked=True).
03:50:36  INFO      datasets.backdoor — BackdoorDataset: 3324 / 6979 samples poisoned (target=0, fraction=0.500, seed=134).
03:50:41  INFO      attacks.neurotoxin_client — Neurotoxin client [69] round 62: poisoned 3324/6979 samples (target=0, masked=True).
03:51:12  INFO      datasets.backdoor — BackdoorDataset: 3310 / 6979 samples poisoned (target=0, fraction=0.500, seed=113).
03:51:20  INFO      attacks.neurotoxin_client — Neurotoxin client [47] round 63: poisoned 3310/6979 samples (target=0, masked=True).
03:52:41  INFO      datasets.backdoor — BackdoorDataset: 3308 / 6979 samples poisoned (target=0, fraction=0.500, seed=149).
03:52:45  INFO      attacks.neurotoxin_client — Neurotoxin client [80] round 66: poisoned 3308/6979 samples (target=0, masked=True).
03:52:50  INFO      datasets.backdoor — BackdoorDataset: 3310 / 6979 samples poisoned (target=0, fraction=0.500, seed=116).
03:52:54  INFO      attacks.neurotoxin_client — Neurotoxin client [47] round 66: poisoned 3310/6979 samples (target=0, masked=True).
03:53:51  INFO      datasets.backdoor — BackdoorDataset: 3320 / 6980 samples poisoned (target=0, fraction=0.500, seed=80).
03:53:54  INFO      attacks.neurotoxin_client — Neurotoxin client [8] round 69: poisoned 3320/6980 samples (target=0, masked=True).
03:54:06  INFO      datasets.backdoor — BackdoorDataset: 3324 / 6979 samples poisoned (target=0, fraction=0.500, seed=141).
03:54:10  INFO      attacks.neurotoxin_client — Neurotoxin client [69] round 69: poisoned 3324/6979 samples (target=0, masked=True).
03:55:37  INFO      experiment.runner — Round   71/150  |  acc:  85.14%  loss: 0.4172  |  ASR:   2.25%  asr_loss: 12.3646  |  mF1: 70.0%
03:55:56  INFO      datasets.backdoor — BackdoorDataset: 3324 / 6979 samples poisoned (target=0, fraction=0.500, seed=143).
03:56:00  INFO      attacks.neurotoxin_client — Neurotoxin client [69] round 71: poisoned 3324/6979 samples (target=0, masked=True).
03:56:00  INFO      datasets.backdoor — BackdoorDataset: 3320 / 6980 samples poisoned (target=0, fraction=0.500, seed=82).
03:56:03  INFO      attacks.neurotoxin_client — Neurotoxin client [8] round 71: poisoned 3320/6980 samples (target=0, masked=True).
03:56:13  INFO      datasets.backdoor — BackdoorDataset: 3322 / 6979 samples poisoned (target=0, fraction=0.500, seed=150).
03:56:17  INFO      attacks.neurotoxin_client — Neurotoxin client [75] round 72: poisoned 3322/6979 samples (target=0, masked=True).
03:56:52  INFO      datasets.backdoor — BackdoorDataset: 3327 / 6980 samples poisoned (target=0, fraction=0.500, seed=92).
03:56:57  INFO      attacks.neurotoxin_client — Neurotoxin client [16] round 73: poisoned 3327/6980 samples (target=0, masked=True).
03:56:57  INFO      datasets.backdoor — BackdoorDataset: 3322 / 6979 samples poisoned (target=0, fraction=0.500, seed=151).
03:57:00  INFO      attacks.neurotoxin_client — Neurotoxin client [75] round 73: poisoned 3322/6979 samples (target=0, masked=True).
03:57:01  INFO      datasets.backdoor — BackdoorDataset: 3314 / 6979 samples poisoned (target=0, fraction=0.500, seed=153).
03:57:04  INFO      attacks.neurotoxin_client — Neurotoxin client [77] round 73: poisoned 3314/6979 samples (target=0, masked=True).
03:57:11  INFO      datasets.backdoor — BackdoorDataset: 3324 / 6979 samples poisoned (target=0, fraction=0.500, seed=146).
03:57:18  INFO      attacks.neurotoxin_client — Neurotoxin client [69] round 74: poisoned 3324/6979 samples (target=0, masked=True).
03:57:34  INFO      datasets.backdoor — BackdoorDataset: 3310 / 6979 samples poisoned (target=0, fraction=0.500, seed=125).
03:57:39  INFO      attacks.neurotoxin_client — Neurotoxin client [47] round 75: poisoned 3310/6979 samples (target=0, masked=True).
03:57:57  INFO      datasets.backdoor — BackdoorDataset: 3337 / 6979 samples poisoned (target=0, fraction=0.500, seed=152).
03:58:03  INFO      attacks.neurotoxin_client — Neurotoxin client [74] round 75: poisoned 3337/6979 samples (target=0, masked=True).
03:59:07  INFO      datasets.backdoor — BackdoorDataset: 3308 / 6979 samples poisoned (target=0, fraction=0.500, seed=161).
03:59:10  INFO      attacks.neurotoxin_client — Neurotoxin client [80] round 78: poisoned 3308/6979 samples (target=0, masked=True).
04:01:16  INFO      experiment.runner — Round   81/150  |  acc:  85.24%  loss: 0.4116  |  ASR:   1.94%  asr_loss: 12.1667  |  mF1: 70.7%
04:01:51  INFO      datasets.backdoor — BackdoorDataset: 3320 / 6980 samples poisoned (target=0, fraction=0.500, seed=93).
04:01:55  INFO      attacks.neurotoxin_client — Neurotoxin client [8] round 82: poisoned 3320/6980 samples (target=0, masked=True).
04:02:41  INFO      datasets.backdoor — BackdoorDataset: 3328 / 6979 samples poisoned (target=0, fraction=0.500, seed=147).
04:02:44  INFO      attacks.neurotoxin_client — Neurotoxin client [60] round 84: poisoned 3328/6979 samples (target=0, masked=True).
04:02:47  INFO      datasets.backdoor — BackdoorDataset: 3320 / 6980 samples poisoned (target=0, fraction=0.500, seed=95).
04:02:50  INFO      attacks.neurotoxin_client — Neurotoxin client [8] round 84: poisoned 3320/6980 samples (target=0, masked=True).
04:03:42  INFO      datasets.backdoor — BackdoorDataset: 3310 / 6979 samples poisoned (target=0, fraction=0.500, seed=136).
04:03:46  INFO      attacks.neurotoxin_client — Neurotoxin client [47] round 86: poisoned 3310/6979 samples (target=0, masked=True).
04:04:08  INFO      datasets.backdoor — BackdoorDataset: 3310 / 6979 samples poisoned (target=0, fraction=0.500, seed=137).
04:04:15  INFO      attacks.neurotoxin_client — Neurotoxin client [47] round 87: poisoned 3310/6979 samples (target=0, masked=True).
04:04:33  INFO      datasets.backdoor — BackdoorDataset: 3337 / 6979 samples poisoned (target=0, fraction=0.500, seed=165).
04:04:37  INFO      attacks.neurotoxin_client — Neurotoxin client [74] round 88: poisoned 3337/6979 samples (target=0, masked=True).
04:04:54  INFO      datasets.backdoor — BackdoorDataset: 3314 / 6979 samples poisoned (target=0, fraction=0.500, seed=168).
04:05:01  INFO      attacks.neurotoxin_client — Neurotoxin client [77] round 88: poisoned 3314/6979 samples (target=0, masked=True).
04:05:37  INFO      datasets.backdoor — BackdoorDataset: 3311 / 6980 samples poisoned (target=0, fraction=0.500, seed=123).
04:05:41  INFO      attacks.neurotoxin_client — Neurotoxin client [30] round 90: poisoned 3311/6980 samples (target=0, masked=True).
04:06:52  INFO      experiment.runner — Round   91/150  |  acc:  85.43%  loss: 0.4054  |  ASR:   1.98%  asr_loss: 12.3170  |  mF1: 70.7%
04:06:55  INFO      datasets.backdoor — BackdoorDataset: 3328 / 6979 samples poisoned (target=0, fraction=0.500, seed=154).
04:06:58  INFO      attacks.neurotoxin_client — Neurotoxin client [60] round 91: poisoned 3328/6979 samples (target=0, masked=True).
04:07:52  INFO      datasets.backdoor — BackdoorDataset: 3308 / 6979 samples poisoned (target=0, fraction=0.500, seed=176).
04:07:56  INFO      attacks.neurotoxin_client — Neurotoxin client [80] round 93: poisoned 3308/6979 samples (target=0, masked=True).
04:08:10  INFO      datasets.backdoor — BackdoorDataset: 3322 / 6979 samples poisoned (target=0, fraction=0.500, seed=171).
04:08:14  INFO      attacks.neurotoxin_client — Neurotoxin client [75] round 93: poisoned 3322/6979 samples (target=0, masked=True).
04:09:21  INFO      datasets.backdoor — BackdoorDataset: 3314 / 6979 samples poisoned (target=0, fraction=0.500, seed=176).
04:09:25  INFO      attacks.neurotoxin_client — Neurotoxin client [77] round 96: poisoned 3314/6979 samples (target=0, masked=True).
04:09:25  INFO      datasets.backdoor — BackdoorDataset: 3308 / 6979 samples poisoned (target=0, fraction=0.500, seed=179).
04:09:29  INFO      attacks.neurotoxin_client — Neurotoxin client [80] round 96: poisoned 3308/6979 samples (target=0, masked=True).
04:11:02  INFO      datasets.backdoor — BackdoorDataset: 3314 / 6979 samples poisoned (target=0, fraction=0.500, seed=180).
04:11:06  INFO      attacks.neurotoxin_client — Neurotoxin client [77] round 100: poisoned 3314/6979 samples (target=0, masked=True).
04:12:21  INFO      experiment.runner — Round  101/150  |  acc:  85.45%  loss: 0.4026  |  ASR:   2.02%  asr_loss: 12.4105  |  mF1: 70.3%
04:12:40  INFO      datasets.backdoor — BackdoorDataset: 3311 / 6980 samples poisoned (target=0, fraction=0.500, seed=134).
04:12:44  INFO      attacks.neurotoxin_client — Neurotoxin client [30] round 101: poisoned 3311/6980 samples (target=0, masked=True).
04:13:11  INFO      datasets.backdoor — BackdoorDataset: 3310 / 6979 samples poisoned (target=0, fraction=0.500, seed=152).
04:13:14  INFO      attacks.neurotoxin_client — Neurotoxin client [47] round 102: poisoned 3310/6979 samples (target=0, masked=True).
04:13:49  INFO      datasets.backdoor — BackdoorDataset: 3311 / 6980 samples poisoned (target=0, fraction=0.500, seed=137).
04:13:56  INFO      attacks.neurotoxin_client — Neurotoxin client [30] round 104: poisoned 3311/6980 samples (target=0, masked=True).
04:14:10  INFO      datasets.backdoor — BackdoorDataset: 3337 / 6979 samples poisoned (target=0, fraction=0.500, seed=181).
04:14:14  INFO      attacks.neurotoxin_client — Neurotoxin client [74] round 104: poisoned 3337/6979 samples (target=0, masked=True).
04:14:40  INFO      datasets.backdoor — BackdoorDataset: 3314 / 6979 samples poisoned (target=0, fraction=0.500, seed=186).
04:14:44  INFO      attacks.neurotoxin_client — Neurotoxin client [77] round 106: poisoned 3314/6979 samples (target=0, masked=True).
04:16:06  INFO      datasets.backdoor — BackdoorDataset: 3314 / 6979 samples poisoned (target=0, fraction=0.500, seed=189).
04:16:10  INFO      attacks.neurotoxin_client — Neurotoxin client [77] round 109: poisoned 3314/6979 samples (target=0, masked=True).
04:16:34  INFO      datasets.backdoor — BackdoorDataset: 3324 / 6979 samples poisoned (target=0, fraction=0.500, seed=182).
04:16:39  INFO      attacks.neurotoxin_client — Neurotoxin client [69] round 110: poisoned 3324/6979 samples (target=0, masked=True).
04:17:50  INFO      experiment.runner — Round  111/150  |  acc:  85.58%  loss: 0.4005  |  ASR:   2.44%  asr_loss: 12.0680  |  mF1: 70.5%
04:18:20  INFO      datasets.backdoor — BackdoorDataset: 3320 / 6980 samples poisoned (target=0, fraction=0.500, seed=123).
04:18:26  INFO      attacks.neurotoxin_client — Neurotoxin client [8] round 112: poisoned 3320/6980 samples (target=0, masked=True).
04:18:26  INFO      datasets.backdoor — BackdoorDataset: 3314 / 6979 samples poisoned (target=0, fraction=0.500, seed=192).
04:18:30  INFO      attacks.neurotoxin_client — Neurotoxin client [77] round 112: poisoned 3314/6979 samples (target=0, masked=True).
04:18:44  INFO      datasets.backdoor — BackdoorDataset: 3311 / 6980 samples poisoned (target=0, fraction=0.500, seed=145).
04:18:48  INFO      attacks.neurotoxin_client — Neurotoxin client [30] round 112: poisoned 3311/6980 samples (target=0, masked=True).
04:19:30  INFO      datasets.backdoor — BackdoorDataset: 3310 / 6979 samples poisoned (target=0, fraction=0.500, seed=164).
04:19:39  INFO      attacks.neurotoxin_client — Neurotoxin client [47] round 114: poisoned 3310/6979 samples (target=0, masked=True).
04:19:58  INFO      datasets.backdoor — BackdoorDataset: 3328 / 6979 samples poisoned (target=0, fraction=0.500, seed=178).
04:20:02  INFO      attacks.neurotoxin_client — Neurotoxin client [60] round 115: poisoned 3328/6979 samples (target=0, masked=True).
04:20:02  INFO      datasets.backdoor — BackdoorDataset: 3322 / 6979 samples poisoned (target=0, fraction=0.500, seed=193).
04:20:06  INFO      attacks.neurotoxin_client — Neurotoxin client [75] round 115: poisoned 3322/6979 samples (target=0, masked=True).
04:20:40  INFO      datasets.backdoor — BackdoorDataset: 3328 / 6979 samples poisoned (target=0, fraction=0.500, seed=179).
04:20:47  INFO      attacks.neurotoxin_client — Neurotoxin client [60] round 116: poisoned 3328/6979 samples (target=0, masked=True).
04:22:01  INFO      datasets.backdoor — BackdoorDataset: 3310 / 6979 samples poisoned (target=0, fraction=0.500, seed=169).
04:22:05  INFO      attacks.neurotoxin_client — Neurotoxin client [47] round 119: poisoned 3310/6979 samples (target=0, masked=True).
04:22:15  INFO      datasets.backdoor — BackdoorDataset: 3328 / 6979 samples poisoned (target=0, fraction=0.500, seed=183).
04:22:19  INFO      attacks.neurotoxin_client — Neurotoxin client [60] round 120: poisoned 3328/6979 samples (target=0, masked=True).
04:22:21  INFO      datasets.backdoor — BackdoorDataset: 3324 / 6979 samples poisoned (target=0, fraction=0.500, seed=192).
04:22:25  INFO      attacks.neurotoxin_client — Neurotoxin client [69] round 120: poisoned 3324/6979 samples (target=0, masked=True).
04:22:35  INFO      datasets.backdoor — BackdoorDataset: 3310 / 6979 samples poisoned (target=0, fraction=0.500, seed=170).
04:22:45  INFO      attacks.neurotoxin_client — Neurotoxin client [47] round 120: poisoned 3310/6979 samples (target=0, masked=True).
04:23:38  INFO      experiment.runner — Round  121/150  |  acc:  85.54%  loss: 0.4017  |  ASR:   2.44%  asr_loss: 11.3528  |  mF1: 70.9%
04:23:52  INFO      datasets.backdoor — BackdoorDataset: 3327 / 6980 samples poisoned (target=0, fraction=0.500, seed=140).
04:24:00  INFO      attacks.neurotoxin_client — Neurotoxin client [16] round 121: poisoned 3327/6980 samples (target=0, masked=True).
04:24:00  INFO      datasets.backdoor — BackdoorDataset: 3308 / 6979 samples poisoned (target=0, fraction=0.500, seed=204).
04:24:10  INFO      attacks.neurotoxin_client — Neurotoxin client [80] round 121: poisoned 3308/6979 samples (target=0, masked=True).
04:24:50  INFO      datasets.backdoor — BackdoorDataset: 3311 / 6980 samples poisoned (target=0, fraction=0.500, seed=156).
04:24:54  INFO      attacks.neurotoxin_client — Neurotoxin client [30] round 123: poisoned 3311/6980 samples (target=0, masked=True).
04:25:10  INFO      datasets.backdoor — BackdoorDataset: 3314 / 6979 samples poisoned (target=0, fraction=0.500, seed=203).
04:25:14  INFO      attacks.neurotoxin_client — Neurotoxin client [77] round 123: poisoned 3314/6979 samples (target=0, masked=True).
04:25:14  INFO      datasets.backdoor — BackdoorDataset: 3324 / 6979 samples poisoned (target=0, fraction=0.500, seed=196).
04:25:18  INFO      attacks.neurotoxin_client — Neurotoxin client [69] round 124: poisoned 3324/6979 samples (target=0, masked=True).
04:25:58  INFO      datasets.backdoor — BackdoorDataset: 3308 / 6979 samples poisoned (target=0, fraction=0.500, seed=208).
04:26:05  INFO      attacks.neurotoxin_client — Neurotoxin client [80] round 125: poisoned 3308/6979 samples (target=0, masked=True).
04:27:15  INFO      datasets.backdoor — BackdoorDataset: 3314 / 6979 samples poisoned (target=0, fraction=0.500, seed=208).
04:27:21  INFO      attacks.neurotoxin_client — Neurotoxin client [77] round 128: poisoned 3314/6979 samples (target=0, masked=True).
04:27:26  INFO      datasets.backdoor — BackdoorDataset: 3310 / 6979 samples poisoned (target=0, fraction=0.500, seed=178).
04:27:30  INFO      attacks.neurotoxin_client — Neurotoxin client [47] round 128: poisoned 3310/6979 samples (target=0, masked=True).
04:27:30  INFO      datasets.backdoor — BackdoorDataset: 3308 / 6979 samples poisoned (target=0, fraction=0.500, seed=211).
04:27:34  INFO      attacks.neurotoxin_client — Neurotoxin client [80] round 128: poisoned 3308/6979 samples (target=0, masked=True).
04:29:26  INFO      experiment.runner — Round  131/150  |  acc:  85.70%  loss: 0.3963  |  ASR:   2.23%  asr_loss: 11.9389  |  mF1: 71.0%
04:29:41  INFO      datasets.backdoor — BackdoorDataset: 3337 / 6979 samples poisoned (target=0, fraction=0.500, seed=208).
04:29:45  INFO      attacks.neurotoxin_client — Neurotoxin client [74] round 131: poisoned 3337/6979 samples (target=0, masked=True).
04:30:10  INFO      datasets.backdoor — BackdoorDataset: 3327 / 6980 samples poisoned (target=0, fraction=0.500, seed=151).
04:30:13  INFO      attacks.neurotoxin_client — Neurotoxin client [16] round 132: poisoned 3327/6980 samples (target=0, masked=True).
04:30:32  INFO      datasets.backdoor — BackdoorDataset: 3310 / 6979 samples poisoned (target=0, fraction=0.500, seed=183).
04:30:39  INFO      attacks.neurotoxin_client — Neurotoxin client [47] round 133: poisoned 3310/6979 samples (target=0, masked=True).
04:31:44  INFO      datasets.backdoor — BackdoorDataset: 3327 / 6980 samples poisoned (target=0, fraction=0.500, seed=154).
04:31:52  INFO      attacks.neurotoxin_client — Neurotoxin client [16] round 135: poisoned 3327/6980 samples (target=0, masked=True).
04:32:24  INFO      datasets.backdoor — BackdoorDataset: 3308 / 6979 samples poisoned (target=0, fraction=0.500, seed=220).
04:32:28  INFO      attacks.neurotoxin_client — Neurotoxin client [80] round 137: poisoned 3308/6979 samples (target=0, masked=True).
04:32:38  INFO      datasets.backdoor — BackdoorDataset: 3320 / 6980 samples poisoned (target=0, fraction=0.500, seed=148).
04:32:42  INFO      attacks.neurotoxin_client — Neurotoxin client [8] round 137: poisoned 3320/6980 samples (target=0, masked=True).
04:33:00  INFO      datasets.backdoor — BackdoorDataset: 3324 / 6979 samples poisoned (target=0, fraction=0.500, seed=210).
04:33:04  INFO      attacks.neurotoxin_client — Neurotoxin client [69] round 138: poisoned 3324/6979 samples (target=0, masked=True).
04:33:11  INFO      datasets.backdoor — BackdoorDataset: 3311 / 6980 samples poisoned (target=0, fraction=0.500, seed=171).
04:33:15  INFO      attacks.neurotoxin_client — Neurotoxin client [30] round 138: poisoned 3311/6980 samples (target=0, masked=True).
04:34:02  INFO      datasets.backdoor — BackdoorDataset: 3308 / 6979 samples poisoned (target=0, fraction=0.500, seed=223).
04:34:07  INFO      attacks.neurotoxin_client — Neurotoxin client [80] round 140: poisoned 3308/6979 samples (target=0, masked=True).
04:35:07  INFO      experiment.runner — Round  141/150  |  acc:  85.72%  loss: 0.3947  |  ASR:   1.81%  asr_loss: 12.1424  |  mF1: 71.5%
04:35:10  INFO      datasets.backdoor — BackdoorDataset: 3327 / 6980 samples poisoned (target=0, fraction=0.500, seed=160).
04:35:13  INFO      attacks.neurotoxin_client — Neurotoxin client [16] round 141: poisoned 3327/6980 samples (target=0, masked=True).
04:35:47  INFO      datasets.backdoor — BackdoorDataset: 3327 / 6980 samples poisoned (target=0, fraction=0.500, seed=161).
04:35:53  INFO      attacks.neurotoxin_client — Neurotoxin client [16] round 142: poisoned 3327/6980 samples (target=0, masked=True).
04:36:04  INFO      datasets.backdoor — BackdoorDataset: 3327 / 6980 samples poisoned (target=0, fraction=0.500, seed=162).
04:36:10  INFO      attacks.neurotoxin_client — Neurotoxin client [16] round 143: poisoned 3327/6980 samples (target=0, masked=True).
04:36:14  INFO      datasets.backdoor — BackdoorDataset: 3314 / 6979 samples poisoned (target=0, fraction=0.500, seed=223).
04:36:20  INFO      attacks.neurotoxin_client — Neurotoxin client [77] round 143: poisoned 3314/6979 samples (target=0, masked=True).
04:36:29  INFO      datasets.backdoor — BackdoorDataset: 3310 / 6979 samples poisoned (target=0, fraction=0.500, seed=193).
04:36:33  INFO      attacks.neurotoxin_client — Neurotoxin client [47] round 143: poisoned 3310/6979 samples (target=0, masked=True).
04:36:40  INFO      datasets.backdoor — BackdoorDataset: 3320 / 6980 samples poisoned (target=0, fraction=0.500, seed=155).
04:36:44  INFO      attacks.neurotoxin_client — Neurotoxin client [8] round 144: poisoned 3320/6980 samples (target=0, masked=True).
04:36:46  INFO      datasets.backdoor — BackdoorDataset: 3324 / 6979 samples poisoned (target=0, fraction=0.500, seed=216).
04:36:50  INFO      attacks.neurotoxin_client — Neurotoxin client [69] round 144: poisoned 3324/6979 samples (target=0, masked=True).
04:37:02  INFO      datasets.backdoor — BackdoorDataset: 3328 / 6979 samples poisoned (target=0, fraction=0.500, seed=207).
04:37:09  INFO      attacks.neurotoxin_client — Neurotoxin client [60] round 144: poisoned 3328/6979 samples (target=0, masked=True).
04:38:24  INFO      datasets.backdoor — BackdoorDataset: 3327 / 6980 samples poisoned (target=0, fraction=0.500, seed=166).
04:38:28  INFO      attacks.neurotoxin_client — Neurotoxin client [16] round 147: poisoned 3327/6980 samples (target=0, masked=True).
04:38:30  INFO      datasets.backdoor — BackdoorDataset: 3314 / 6979 samples poisoned (target=0, fraction=0.500, seed=227).
04:38:34  INFO      attacks.neurotoxin_client — Neurotoxin client [77] round 147: poisoned 3314/6979 samples (target=0, masked=True).
04:39:05  INFO      datasets.backdoor — BackdoorDataset: 3310 / 6979 samples poisoned (target=0, fraction=0.500, seed=199).
04:39:12  INFO      attacks.neurotoxin_client — Neurotoxin client [47] round 149: poisoned 3310/6979 samples (target=0, masked=True).
04:39:31  INFO      datasets.backdoor — BackdoorDataset: 3324 / 6979 samples poisoned (target=0, fraction=0.500, seed=221).
04:39:35  INFO      attacks.neurotoxin_client — Neurotoxin client [69] round 149: poisoned 3324/6979 samples (target=0, masked=True).
04:40:24  INFO      experiment.runner — Round  150/150  |  acc:  85.84%  loss: 0.3918  |  ASR:   2.07%  asr_loss: 11.3975  |  mF1: 71.4%
04:40:24  INFO      experiment.runner — Final model saved to results/benchmark/femnist_neurotoxin_nnm_krum_seed3/final_model.pt
04:40:24  INFO      experiment.runner — Client atypicality written to results/benchmark/femnist_neurotoxin_nnm_krum_seed3/client_atypicality.json
04:40:24  INFO      experiment.runner — Client inclusion rates written to results/benchmark/femnist_neurotoxin_nnm_krum_seed3/client_inclusion.csv
04:40:24  INFO      benchmark — ✓  femnist_neurotoxin_nnm_krum_seed3  (84.8 min)
04:40:24  INFO      benchmark — ▶  femnist_neurotoxin_nnm_krum_seed4
04:40:24  INFO      experiment.runner — Initialising 'femnist_neurotoxin_nnm_krum_seed4' | device=cuda | rounds=150 | clients=10/100 | attack=neurotoxin | defense=nnm
04:40:24  INFO      defenses.nnm — NNMServer — f=1  base_rule=krum
04:40:34  INFO      experiment.utils — Built 100 clients — 10 malicious, 90 benign.
04:40:34  INFO      datasets.backdoor — BackdoorDataset: 110545 / 110545 samples poisoned (target=0, fraction=1.000, seed=0).
04:40:34  INFO      experiment.runner — Setup complete — 100 clients (10 malicious) | backdoor eval: static-trigger

==============================================================
  Summary — 16 rounds evaluated
==============================================================
  Final clean accuracy               85.84%
  Best  clean accuracy               85.84%
  Final clean loss                   0.3918
  Macro F1                           71.41%
  Final ASR                           2.07%
  Mean ASR (attack window)            2.04%
  Max  ASR (attack window)            2.44%
==============================================================

04:41:42  INFO      experiment.runner — Round    1/150  |  acc:  52.80%  loss: 1.8806  |  ASR:   2.77%  asr_loss: 6.5853  |  mF1: 23.1%
04:46:56  INFO      experiment.runner — Round   11/150  |  acc:  81.55%  loss: 0.5597  |  ASR:   2.18%  asr_loss: 10.5046  |  mF1: 62.6%
04:52:12  INFO      experiment.runner — Round   21/150  |  acc:  83.32%  loss: 0.4830  |  ASR:   1.67%  asr_loss: 11.6203  |  mF1: 65.9%
04:57:19  INFO      experiment.runner — Round   31/150  |  acc:  83.94%  loss: 0.4569  |  ASR:   2.21%  asr_loss: 11.8760  |  mF1: 67.1%
05:00:10  INFO      datasets.backdoor — BackdoorDataset: 3317 / 6979 samples poisoned (target=0, fraction=0.500, seed=91).
05:00:16  INFO      attacks.neurotoxin_client — Neurotoxin client [50] round 37: poisoned 3317/6979 samples (target=0, masked=True).
05:01:15  INFO      datasets.backdoor — BackdoorDataset: 3331 / 6980 samples poisoned (target=0, fraction=0.500, seed=54).
05:01:22  INFO      attacks.neurotoxin_client — Neurotoxin client [11] round 39: poisoned 3331/6980 samples (target=0, masked=True).
05:01:43  INFO      datasets.backdoor — BackdoorDataset: 3332 / 6979 samples poisoned (target=0, fraction=0.500, seed=82).
05:01:47  INFO      attacks.neurotoxin_client — Neurotoxin client [38] round 40: poisoned 3332/6979 samples (target=0, masked=True).
05:01:47  INFO      datasets.backdoor — BackdoorDataset: 3312 / 6980 samples poisoned (target=0, fraction=0.500, seed=46).
05:01:52  INFO      attacks.neurotoxin_client — Neurotoxin client [2] round 40: poisoned 3312/6980 samples (target=0, masked=True).
05:02:48  INFO      experiment.runner — Round   41/150  |  acc:  84.48%  loss: 0.4387  |  ASR:   2.06%  asr_loss: 11.7790  |  mF1: 68.5%
05:02:50  INFO      datasets.backdoor — BackdoorDataset: 3331 / 6980 samples poisoned (target=0, fraction=0.500, seed=56).
05:02:54  INFO      attacks.neurotoxin_client — Neurotoxin client [11] round 41: poisoned 3331/6980 samples (target=0, masked=True).
05:03:31  INFO      datasets.backdoor — BackdoorDataset: 3324 / 6979 samples poisoned (target=0, fraction=0.500, seed=107).
05:03:38  INFO      attacks.neurotoxin_client — Neurotoxin client [61] round 42: poisoned 3324/6979 samples (target=0, masked=True).
05:03:51  INFO      datasets.backdoor — BackdoorDataset: 3332 / 6979 samples poisoned (target=0, fraction=0.500, seed=85).
05:03:54  INFO      attacks.neurotoxin_client — Neurotoxin client [38] round 43: poisoned 3332/6979 samples (target=0, masked=True).
05:04:01  INFO      datasets.backdoor — BackdoorDataset: 3309 / 6980 samples poisoned (target=0, fraction=0.500, seed=77).
05:04:05  INFO      attacks.neurotoxin_client — Neurotoxin client [30] round 43: poisoned 3309/6980 samples (target=0, masked=True).
05:05:30  INFO      datasets.backdoor — BackdoorDataset: 3330 / 6980 samples poisoned (target=0, fraction=0.500, seed=69).
05:05:34  INFO      attacks.neurotoxin_client — Neurotoxin client [19] round 46: poisoned 3330/6980 samples (target=0, masked=True).
05:05:37  INFO      datasets.backdoor — BackdoorDataset: 3306 / 6980 samples poisoned (target=0, fraction=0.500, seed=59).
05:05:41  INFO      attacks.neurotoxin_client — Neurotoxin client [8] round 47: poisoned 3306/6980 samples (target=0, masked=True).
05:05:54  INFO      datasets.backdoor — BackdoorDataset: 3331 / 6980 samples poisoned (target=0, fraction=0.500, seed=62).
05:06:02  INFO      attacks.neurotoxin_client — Neurotoxin client [11] round 47: poisoned 3331/6980 samples (target=0, masked=True).
05:06:10  INFO      datasets.backdoor — BackdoorDataset: 3324 / 6979 samples poisoned (target=0, fraction=0.500, seed=113).
05:06:17  INFO      attacks.neurotoxin_client — Neurotoxin client [61] round 48: poisoned 3324/6979 samples (target=0, masked=True).
05:06:26  INFO      datasets.backdoor — BackdoorDataset: 3306 / 6980 samples poisoned (target=0, fraction=0.500, seed=60).
05:06:30  INFO      attacks.neurotoxin_client — Neurotoxin client [8] round 48: poisoned 3306/6980 samples (target=0, masked=True).
05:06:30  INFO      datasets.backdoor — BackdoorDataset: 3330 / 6980 samples poisoned (target=0, fraction=0.500, seed=71).
05:06:34  INFO      attacks.neurotoxin_client — Neurotoxin client [19] round 48: poisoned 3330/6980 samples (target=0, masked=True).
05:06:35  INFO      datasets.backdoor — BackdoorDataset: 3309 / 6980 samples poisoned (target=0, fraction=0.500, seed=82).
05:06:38  INFO      attacks.neurotoxin_client — Neurotoxin client [30] round 48: poisoned 3309/6980 samples (target=0, masked=True).
05:06:38  INFO      datasets.backdoor — BackdoorDataset: 3332 / 6979 samples poisoned (target=0, fraction=0.500, seed=90).
05:06:42  INFO      attacks.neurotoxin_client — Neurotoxin client [38] round 48: poisoned 3332/6979 samples (target=0, masked=True).
05:06:50  INFO      datasets.backdoor — BackdoorDataset: 3317 / 6979 samples poisoned (target=0, fraction=0.500, seed=103).
05:06:54  INFO      attacks.neurotoxin_client — Neurotoxin client [50] round 49: poisoned 3317/6979 samples (target=0, masked=True).
05:07:10  INFO      datasets.backdoor — BackdoorDataset: 3312 / 6980 samples poisoned (target=0, fraction=0.500, seed=56).
05:07:15  INFO      attacks.neurotoxin_client — Neurotoxin client [2] round 50: poisoned 3312/6980 samples (target=0, masked=True).
05:08:32  INFO      experiment.runner — Round   51/150  |  acc:  84.73%  loss: 0.4271  |  ASR:   2.16%  asr_loss: 11.7646  |  mF1: 69.4%
05:09:01  INFO      datasets.backdoor — BackdoorDataset: 3330 / 6980 samples poisoned (target=0, fraction=0.500, seed=75).
05:09:05  INFO      attacks.neurotoxin_client — Neurotoxin client [19] round 52: poisoned 3330/6980 samples (target=0, masked=True).
05:09:14  INFO      datasets.backdoor — BackdoorDataset: 3332 / 6979 samples poisoned (target=0, fraction=0.500, seed=148).
05:09:18  INFO      attacks.neurotoxin_client — Neurotoxin client [92] round 52: poisoned 3332/6979 samples (target=0, masked=True).
05:09:30  INFO      datasets.backdoor — BackdoorDataset: 3332 / 6979 samples poisoned (target=0, fraction=0.500, seed=149).
05:09:34  INFO      attacks.neurotoxin_client — Neurotoxin client [92] round 53: poisoned 3332/6979 samples (target=0, masked=True).
05:09:37  INFO      datasets.backdoor — BackdoorDataset: 3330 / 6980 samples poisoned (target=0, fraction=0.500, seed=76).
05:09:44  INFO      attacks.neurotoxin_client — Neurotoxin client [19] round 53: poisoned 3330/6980 samples (target=0, masked=True).
05:09:53  INFO      datasets.backdoor — BackdoorDataset: 3332 / 6979 samples poisoned (target=0, fraction=0.500, seed=95).
05:09:57  INFO      attacks.neurotoxin_client — Neurotoxin client [38] round 53: poisoned 3332/6979 samples (target=0, masked=True).
05:09:57  INFO      datasets.backdoor — BackdoorDataset: 3324 / 6979 samples poisoned (target=0, fraction=0.500, seed=118).
05:10:00  INFO      attacks.neurotoxin_client — Neurotoxin client [61] round 53: poisoned 3324/6979 samples (target=0, masked=True).
05:10:00  INFO      datasets.backdoor — BackdoorDataset: 3306 / 6980 samples poisoned (target=0, fraction=0.500, seed=65).
05:10:04  INFO      attacks.neurotoxin_client — Neurotoxin client [8] round 53: poisoned 3306/6980 samples (target=0, masked=True).
05:10:16  INFO      datasets.backdoor — BackdoorDataset: 3317 / 6979 samples poisoned (target=0, fraction=0.500, seed=108).
05:10:21  INFO      attacks.neurotoxin_client — Neurotoxin client [50] round 54: poisoned 3317/6979 samples (target=0, masked=True).
05:10:25  INFO      datasets.backdoor — BackdoorDataset: 3332 / 6979 samples poisoned (target=0, fraction=0.500, seed=96).
05:10:29  INFO      attacks.neurotoxin_client — Neurotoxin client [38] round 54: poisoned 3332/6979 samples (target=0, masked=True).
05:10:57  INFO      datasets.backdoor — BackdoorDataset: 3312 / 6980 samples poisoned (target=0, fraction=0.500, seed=61).
05:11:04  INFO      attacks.neurotoxin_client — Neurotoxin client [2] round 55: poisoned 3312/6980 samples (target=0, masked=True).
05:11:04  INFO      datasets.backdoor — BackdoorDataset: 3332 / 6979 samples poisoned (target=0, fraction=0.500, seed=97).
05:11:09  INFO      attacks.neurotoxin_client — Neurotoxin client [38] round 55: poisoned 3332/6979 samples (target=0, masked=True).
05:11:10  INFO      datasets.backdoor — BackdoorDataset: 3330 / 6980 samples poisoned (target=0, fraction=0.500, seed=79).
05:11:14  INFO      attacks.neurotoxin_client — Neurotoxin client [19] round 56: poisoned 3330/6980 samples (target=0, masked=True).
05:11:30  INFO      datasets.backdoor — BackdoorDataset: 3324 / 6979 samples poisoned (target=0, fraction=0.500, seed=121).
05:11:34  INFO      attacks.neurotoxin_client — Neurotoxin client [61] round 56: poisoned 3324/6979 samples (target=0, masked=True).
05:12:13  INFO      datasets.backdoor — BackdoorDataset: 3316 / 6980 samples poisoned (target=0, fraction=0.500, seed=75).
05:12:21  INFO      attacks.neurotoxin_client — Neurotoxin client [13] round 58: poisoned 3316/6980 samples (target=0, masked=True).
05:13:00  INFO      datasets.backdoor — BackdoorDataset: 3324 / 6979 samples poisoned (target=0, fraction=0.500, seed=125).
05:13:07  INFO      attacks.neurotoxin_client — Neurotoxin client [61] round 60: poisoned 3324/6979 samples (target=0, masked=True).
05:13:16  INFO      datasets.backdoor — BackdoorDataset: 3309 / 6980 samples poisoned (target=0, fraction=0.500, seed=94).
05:13:20  INFO      attacks.neurotoxin_client — Neurotoxin client [30] round 60: poisoned 3309/6980 samples (target=0, masked=True).
05:13:22  INFO      datasets.backdoor — BackdoorDataset: 3316 / 6980 samples poisoned (target=0, fraction=0.500, seed=77).
05:13:26  INFO      attacks.neurotoxin_client — Neurotoxin client [13] round 60: poisoned 3316/6980 samples (target=0, masked=True).
05:14:22  INFO      experiment.runner — Round   61/150  |  acc:  84.81%  loss: 0.4231  |  ASR:   2.90%  asr_loss: 10.5831  |  mF1: 69.5%
05:15:47  INFO      datasets.backdoor — BackdoorDataset: 3312 / 6980 samples poisoned (target=0, fraction=0.500, seed=70).
05:15:51  INFO      attacks.neurotoxin_client — Neurotoxin client [2] round 64: poisoned 3312/6980 samples (target=0, masked=True).
05:15:58  INFO      datasets.backdoor — BackdoorDataset: 3324 / 6979 samples poisoned (target=0, fraction=0.500, seed=129).
05:16:02  INFO      attacks.neurotoxin_client — Neurotoxin client [61] round 64: poisoned 3324/6979 samples (target=0, masked=True).
05:16:21  INFO      datasets.backdoor — BackdoorDataset: 3332 / 6979 samples poisoned (target=0, fraction=0.500, seed=107).
05:16:25  INFO      attacks.neurotoxin_client — Neurotoxin client [38] round 65: poisoned 3332/6979 samples (target=0, masked=True).
05:16:46  INFO      datasets.backdoor — BackdoorDataset: 3306 / 6980 samples poisoned (target=0, fraction=0.500, seed=78).
05:16:58  INFO      attacks.neurotoxin_client — Neurotoxin client [8] round 66: poisoned 3306/6980 samples (target=0, masked=True).
05:17:05  INFO      datasets.backdoor — BackdoorDataset: 3332 / 6979 samples poisoned (target=0, fraction=0.500, seed=108).
05:17:10  INFO      attacks.neurotoxin_client — Neurotoxin client [38] round 66: poisoned 3332/6979 samples (target=0, masked=True).
05:17:32  INFO      datasets.backdoor — BackdoorDataset: 3312 / 6980 samples poisoned (target=0, fraction=0.500, seed=73).
05:17:36  INFO      attacks.neurotoxin_client — Neurotoxin client [2] round 67: poisoned 3312/6980 samples (target=0, masked=True).
05:17:36  INFO      datasets.backdoor — BackdoorDataset: 3324 / 6979 samples poisoned (target=0, fraction=0.500, seed=132).
05:17:39  INFO      attacks.neurotoxin_client — Neurotoxin client [61] round 67: poisoned 3324/6979 samples (target=0, masked=True).
05:18:08  INFO      datasets.backdoor — BackdoorDataset: 3331 / 6980 samples poisoned (target=0, fraction=0.500, seed=84).
05:18:15  INFO      attacks.neurotoxin_client — Neurotoxin client [11] round 69: poisoned 3331/6980 samples (target=0, masked=True).
05:18:45  INFO      datasets.backdoor — BackdoorDataset: 3331 / 6980 samples poisoned (target=0, fraction=0.500, seed=85).
05:18:49  INFO      attacks.neurotoxin_client — Neurotoxin client [11] round 70: poisoned 3331/6980 samples (target=0, masked=True).
05:19:58  INFO      experiment.runner — Round   71/150  |  acc:  85.16%  loss: 0.4125  |  ASR:   2.08%  asr_loss: 11.8847  |  mF1: 70.0%
05:20:26  INFO      datasets.backdoor — BackdoorDataset: 3331 / 6980 samples poisoned (target=0, fraction=0.500, seed=87).
05:20:33  INFO      attacks.neurotoxin_client — Neurotoxin client [11] round 72: poisoned 3331/6980 samples (target=0, masked=True).
05:20:55  INFO      datasets.backdoor — BackdoorDataset: 3330 / 6980 samples poisoned (target=0, fraction=0.500, seed=96).
05:20:58  INFO      attacks.neurotoxin_client — Neurotoxin client [19] round 73: poisoned 3330/6980 samples (target=0, masked=True).
05:22:23  INFO      datasets.backdoor — BackdoorDataset: 3316 / 6980 samples poisoned (target=0, fraction=0.500, seed=93).
05:22:27  INFO      attacks.neurotoxin_client — Neurotoxin client [13] round 76: poisoned 3316/6980 samples (target=0, masked=True).
05:22:32  INFO      datasets.backdoor — BackdoorDataset: 3317 / 6979 samples poisoned (target=0, fraction=0.500, seed=130).
05:22:39  INFO      attacks.neurotoxin_client — Neurotoxin client [50] round 76: poisoned 3317/6979 samples (target=0, masked=True).
05:22:39  INFO      datasets.backdoor — BackdoorDataset: 3324 / 6979 samples poisoned (target=0, fraction=0.500, seed=141).
05:22:48  INFO      attacks.neurotoxin_client — Neurotoxin client [61] round 76: poisoned 3324/6979 samples (target=0, masked=True).
05:23:18  INFO      datasets.backdoor — BackdoorDataset: 3330 / 6980 samples poisoned (target=0, fraction=0.500, seed=101).
05:23:21  INFO      attacks.neurotoxin_client — Neurotoxin client [19] round 78: poisoned 3330/6980 samples (target=0, masked=True).
05:23:28  INFO      datasets.backdoor — BackdoorDataset: 3309 / 6980 samples poisoned (target=0, fraction=0.500, seed=112).
05:23:31  INFO      attacks.neurotoxin_client — Neurotoxin client [30] round 78: poisoned 3309/6980 samples (target=0, masked=True).
05:24:12  INFO      datasets.backdoor — BackdoorDataset: 3312 / 6980 samples poisoned (target=0, fraction=0.500, seed=86).
05:24:16  INFO      attacks.neurotoxin_client — Neurotoxin client [2] round 80: poisoned 3312/6980 samples (target=0, masked=True).
05:25:29  INFO      experiment.runner — Round   81/150  |  acc:  85.20%  loss: 0.4078  |  ASR:   2.34%  asr_loss: 11.8821  |  mF1: 69.8%
05:25:34  INFO      datasets.backdoor — BackdoorDataset: 3332 / 6979 samples poisoned (target=0, fraction=0.500, seed=177).
05:25:38  INFO      attacks.neurotoxin_client — Neurotoxin client [92] round 81: poisoned 3332/6979 samples (target=0, masked=True).
05:25:38  INFO      datasets.backdoor — BackdoorDataset: 3317 / 6979 samples poisoned (target=0, fraction=0.500, seed=135).
05:25:41  INFO      attacks.neurotoxin_client — Neurotoxin client [50] round 81: poisoned 3317/6979 samples (target=0, masked=True).
05:26:46  INFO      datasets.backdoor — BackdoorDataset: 3324 / 6979 samples poisoned (target=0, fraction=0.500, seed=148).
05:26:50  INFO      attacks.neurotoxin_client — Neurotoxin client [61] round 83: poisoned 3324/6979 samples (target=0, masked=True).
05:27:07  INFO      datasets.backdoor — BackdoorDataset: 3309 / 6980 samples poisoned (target=0, fraction=0.500, seed=118).
05:27:14  INFO      attacks.neurotoxin_client — Neurotoxin client [30] round 84: poisoned 3309/6980 samples (target=0, masked=True).
05:27:21  INFO      datasets.backdoor — BackdoorDataset: 3312 / 6980 samples poisoned (target=0, fraction=0.500, seed=90).
05:27:24  INFO      attacks.neurotoxin_client — Neurotoxin client [2] round 84: poisoned 3312/6980 samples (target=0, masked=True).
05:27:24  INFO      datasets.backdoor — BackdoorDataset: 3332 / 6979 samples poisoned (target=0, fraction=0.500, seed=180).
05:27:28  INFO      attacks.neurotoxin_client — Neurotoxin client [92] round 84: poisoned 3332/6979 samples (target=0, masked=True).
05:27:31  INFO      datasets.backdoor — BackdoorDataset: 3312 / 6980 samples poisoned (target=0, fraction=0.500, seed=91).
05:27:35  INFO      attacks.neurotoxin_client — Neurotoxin client [2] round 85: poisoned 3312/6980 samples (target=0, masked=True).
05:28:54  INFO      datasets.backdoor — BackdoorDataset: 3330 / 6980 samples poisoned (target=0, fraction=0.500, seed=111).
05:28:58  INFO      attacks.neurotoxin_client — Neurotoxin client [19] round 88: poisoned 3330/6980 samples (target=0, masked=True).
05:29:58  INFO      datasets.backdoor — BackdoorDataset: 3330 / 6980 samples poisoned (target=0, fraction=0.500, seed=113).
05:30:01  INFO      attacks.neurotoxin_client — Neurotoxin client [19] round 90: poisoned 3330/6980 samples (target=0, masked=True).
05:30:54  INFO      experiment.runner — Round   91/150  |  acc:  85.32%  loss: 0.4051  |  ASR:   2.18%  asr_loss: 11.8364  |  mF1: 70.0%
05:32:29  INFO      datasets.backdoor — BackdoorDataset: 3331 / 6980 samples poisoned (target=0, fraction=0.500, seed=109).
05:32:33  INFO      attacks.neurotoxin_client — Neurotoxin client [11] round 94: poisoned 3331/6980 samples (target=0, masked=True).
05:32:48  INFO      datasets.backdoor — BackdoorDataset: 3306 / 6980 samples poisoned (target=0, fraction=0.500, seed=107).
05:32:52  INFO      attacks.neurotoxin_client — Neurotoxin client [8] round 95: poisoned 3306/6980 samples (target=0, masked=True).
05:32:53  INFO      datasets.backdoor — BackdoorDataset: 3331 / 6980 samples poisoned (target=0, fraction=0.500, seed=110).
05:32:56  INFO      attacks.neurotoxin_client — Neurotoxin client [11] round 95: poisoned 3331/6980 samples (target=0, masked=True).
05:33:26  INFO      datasets.backdoor — BackdoorDataset: 3306 / 6980 samples poisoned (target=0, fraction=0.500, seed=108).
05:33:30  INFO      attacks.neurotoxin_client — Neurotoxin client [8] round 96: poisoned 3306/6980 samples (target=0, masked=True).
05:33:36  INFO      datasets.backdoor — BackdoorDataset: 3316 / 6980 samples poisoned (target=0, fraction=0.500, seed=113).
05:33:43  INFO      attacks.neurotoxin_client — Neurotoxin client [13] round 96: poisoned 3316/6980 samples (target=0, masked=True).
05:34:45  INFO      datasets.backdoor — BackdoorDataset: 3332 / 6979 samples poisoned (target=0, fraction=0.500, seed=141).
05:34:49  INFO      attacks.neurotoxin_client — Neurotoxin client [38] round 99: poisoned 3332/6979 samples (target=0, masked=True).
05:34:56  INFO      datasets.backdoor — BackdoorDataset: 3330 / 6980 samples poisoned (target=0, fraction=0.500, seed=122).
05:35:00  INFO      attacks.neurotoxin_client — Neurotoxin client [19] round 99: poisoned 3330/6980 samples (target=0, masked=True).
05:35:22  INFO      datasets.backdoor — BackdoorDataset: 3324 / 6979 samples poisoned (target=0, fraction=0.500, seed=165).
05:35:26  INFO      attacks.neurotoxin_client — Neurotoxin client [61] round 100: poisoned 3324/6979 samples (target=0, masked=True).
05:36:24  INFO      experiment.runner — Round  101/150  |  acc:  85.55%  loss: 0.3996  |  ASR:   2.15%  asr_loss: 12.0421  |  mF1: 70.8%
05:36:50  INFO      datasets.backdoor — BackdoorDataset: 3332 / 6979 samples poisoned (target=0, fraction=0.500, seed=197).
05:36:56  INFO      attacks.neurotoxin_client — Neurotoxin client [92] round 101: poisoned 3332/6979 samples (target=0, masked=True).
05:37:09  INFO      datasets.backdoor — BackdoorDataset: 3332 / 6979 samples poisoned (target=0, fraction=0.500, seed=144).
05:37:12  INFO      attacks.neurotoxin_client — Neurotoxin client [38] round 102: poisoned 3332/6979 samples (target=0, masked=True).
05:37:22  INFO      datasets.backdoor — BackdoorDataset: 3324 / 6979 samples poisoned (target=0, fraction=0.500, seed=167).
05:37:25  INFO      attacks.neurotoxin_client — Neurotoxin client [61] round 102: poisoned 3324/6979 samples (target=0, masked=True).
05:38:41  INFO      datasets.backdoor — BackdoorDataset: 3317 / 6979 samples poisoned (target=0, fraction=0.500, seed=159).
05:38:49  INFO      attacks.neurotoxin_client — Neurotoxin client [50] round 105: poisoned 3317/6979 samples (target=0, masked=True).
05:38:53  INFO      datasets.backdoor — BackdoorDataset: 3309 / 6980 samples poisoned (target=0, fraction=0.500, seed=140).
05:39:01  INFO      attacks.neurotoxin_client — Neurotoxin client [30] round 106: poisoned 3309/6980 samples (target=0, masked=True).
05:39:16  INFO      datasets.backdoor — BackdoorDataset: 3331 / 6980 samples poisoned (target=0, fraction=0.500, seed=121).
05:39:19  INFO      attacks.neurotoxin_client — Neurotoxin client [11] round 106: poisoned 3331/6980 samples (target=0, masked=True).
05:39:36  INFO      datasets.backdoor — BackdoorDataset: 3317 / 6979 samples poisoned (target=0, fraction=0.500, seed=161).
05:39:40  INFO      attacks.neurotoxin_client — Neurotoxin client [50] round 107: poisoned 3317/6979 samples (target=0, masked=True).
05:40:50  INFO      datasets.backdoor — BackdoorDataset: 3331 / 6980 samples poisoned (target=0, fraction=0.500, seed=125).
05:40:54  INFO      attacks.neurotoxin_client — Neurotoxin client [11] round 110: poisoned 3331/6980 samples (target=0, masked=True).
05:40:54  INFO      datasets.backdoor — BackdoorDataset: 3317 / 6979 samples poisoned (target=0, fraction=0.500, seed=164).
05:40:58  INFO      attacks.neurotoxin_client — Neurotoxin client [50] round 110: poisoned 3317/6979 samples (target=0, masked=True).
05:42:11  INFO      experiment.runner — Round  111/150  |  acc:  85.37%  loss: 0.4030  |  ASR:   2.42%  asr_loss: 11.3575  |  mF1: 70.7%
05:42:18  INFO      datasets.backdoor — BackdoorDataset: 3331 / 6980 samples poisoned (target=0, fraction=0.500, seed=126).
05:42:22  INFO      attacks.neurotoxin_client — Neurotoxin client [11] round 111: poisoned 3331/6980 samples (target=0, masked=True).
05:42:58  INFO      datasets.backdoor — BackdoorDataset: 3317 / 6979 samples poisoned (target=0, fraction=0.500, seed=166).
05:43:01  INFO      attacks.neurotoxin_client — Neurotoxin client [50] round 112: poisoned 3317/6979 samples (target=0, masked=True).
05:43:04  INFO      datasets.backdoor — BackdoorDataset: 3316 / 6980 samples poisoned (target=0, fraction=0.500, seed=129).
05:43:11  INFO      attacks.neurotoxin_client — Neurotoxin client [13] round 112: poisoned 3316/6980 samples (target=0, masked=True).
05:44:14  INFO      datasets.backdoor — BackdoorDataset: 3309 / 6980 samples poisoned (target=0, fraction=0.500, seed=149).
05:44:18  INFO      attacks.neurotoxin_client — Neurotoxin client [30] round 115: poisoned 3309/6980 samples (target=0, masked=True).
05:44:22  INFO      datasets.backdoor — BackdoorDataset: 3324 / 6979 samples poisoned (target=0, fraction=0.500, seed=180).
05:44:26  INFO      attacks.neurotoxin_client — Neurotoxin client [61] round 115: poisoned 3324/6979 samples (target=0, masked=True).
05:45:29  INFO      datasets.backdoor — BackdoorDataset: 3330 / 6980 samples poisoned (target=0, fraction=0.500, seed=141).
05:45:33  INFO      attacks.neurotoxin_client — Neurotoxin client [19] round 118: poisoned 3330/6980 samples (target=0, masked=True).
05:45:45  INFO      datasets.backdoor — BackdoorDataset: 3324 / 6979 samples poisoned (target=0, fraction=0.500, seed=183).
05:45:48  INFO      attacks.neurotoxin_client — Neurotoxin client [61] round 118: poisoned 3324/6979 samples (target=0, masked=True).
05:46:07  INFO      datasets.backdoor — BackdoorDataset: 3324 / 6979 samples poisoned (target=0, fraction=0.500, seed=184).
05:46:11  INFO      attacks.neurotoxin_client — Neurotoxin client [61] round 119: poisoned 3324/6979 samples (target=0, masked=True).
05:47:39  INFO      experiment.runner — Round  121/150  |  acc:  85.59%  loss: 0.3968  |  ASR:   2.21%  asr_loss: 11.5787  |  mF1: 70.6%
05:47:42  INFO      datasets.backdoor — BackdoorDataset: 3312 / 6980 samples poisoned (target=0, fraction=0.500, seed=127).
05:47:49  INFO      attacks.neurotoxin_client — Neurotoxin client [2] round 121: poisoned 3312/6980 samples (target=0, masked=True).
05:48:16  INFO      datasets.backdoor — BackdoorDataset: 3330 / 6980 samples poisoned (target=0, fraction=0.500, seed=145).
05:48:23  INFO      attacks.neurotoxin_client — Neurotoxin client [19] round 122: poisoned 3330/6980 samples (target=0, masked=True).
05:48:42  INFO      datasets.backdoor — BackdoorDataset: 3306 / 6980 samples poisoned (target=0, fraction=0.500, seed=135).
05:48:45  INFO      attacks.neurotoxin_client — Neurotoxin client [8] round 123: poisoned 3306/6980 samples (target=0, masked=True).
05:48:52  INFO      datasets.backdoor — BackdoorDataset: 3332 / 6979 samples poisoned (target=0, fraction=0.500, seed=219).
05:48:56  INFO      attacks.neurotoxin_client — Neurotoxin client [92] round 123: poisoned 3332/6979 samples (target=0, masked=True).
05:49:12  INFO      datasets.backdoor — BackdoorDataset: 3306 / 6980 samples poisoned (target=0, fraction=0.500, seed=136).
05:49:22  INFO      attacks.neurotoxin_client — Neurotoxin client [8] round 124: poisoned 3306/6980 samples (target=0, masked=True).
05:49:55  INFO      datasets.backdoor — BackdoorDataset: 3324 / 6979 samples poisoned (target=0, fraction=0.500, seed=190).
05:49:58  INFO      attacks.neurotoxin_client — Neurotoxin client [61] round 125: poisoned 3324/6979 samples (target=0, masked=True).
05:50:59  INFO      datasets.backdoor — BackdoorDataset: 3306 / 6980 samples poisoned (target=0, fraction=0.500, seed=139).
05:51:02  INFO      attacks.neurotoxin_client — Neurotoxin client [8] round 127: poisoned 3306/6980 samples (target=0, masked=True).
05:51:21  INFO      datasets.backdoor — BackdoorDataset: 3306 / 6980 samples poisoned (target=0, fraction=0.500, seed=140).
05:51:25  INFO      attacks.neurotoxin_client — Neurotoxin client [8] round 128: poisoned 3306/6980 samples (target=0, masked=True).
05:51:37  INFO      datasets.backdoor — BackdoorDataset: 3332 / 6979 samples poisoned (target=0, fraction=0.500, seed=225).
05:51:41  INFO      attacks.neurotoxin_client — Neurotoxin client [92] round 129: poisoned 3332/6979 samples (target=0, masked=True).
05:51:59  INFO      datasets.backdoor — BackdoorDataset: 3316 / 6980 samples poisoned (target=0, fraction=0.500, seed=147).
05:52:07  INFO      attacks.neurotoxin_client — Neurotoxin client [13] round 130: poisoned 3316/6980 samples (target=0, masked=True).
05:53:17  INFO      experiment.runner — Round  131/150  |  acc:  85.66%  loss: 0.3959  |  ASR:   2.23%  asr_loss: 11.9082  |  mF1: 71.3%
05:53:48  INFO      datasets.backdoor — BackdoorDataset: 3317 / 6979 samples poisoned (target=0, fraction=0.500, seed=186).
05:53:51  INFO      attacks.neurotoxin_client — Neurotoxin client [50] round 132: poisoned 3317/6979 samples (target=0, masked=True).
05:56:03  INFO      datasets.backdoor — BackdoorDataset: 3316 / 6980 samples poisoned (target=0, fraction=0.500, seed=154).
05:56:07  INFO      attacks.neurotoxin_client — Neurotoxin client [13] round 137: poisoned 3316/6980 samples (target=0, masked=True).
05:56:21  INFO      datasets.backdoor — BackdoorDataset: 3332 / 6979 samples poisoned (target=0, fraction=0.500, seed=233).
05:56:28  INFO      attacks.neurotoxin_client — Neurotoxin client [92] round 137: poisoned 3332/6979 samples (target=0, masked=True).
05:58:44  INFO      experiment.runner — Round  141/150  |  acc:  85.74%  loss: 0.3921  |  ASR:   2.19%  asr_loss: 11.7624  |  mF1: 71.3%
05:59:00  INFO      datasets.backdoor — BackdoorDataset: 3330 / 6980 samples poisoned (target=0, fraction=0.500, seed=164).
05:59:04  INFO      attacks.neurotoxin_client — Neurotoxin client [19] round 141: poisoned 3330/6980 samples (target=0, masked=True).
05:59:53  INFO      datasets.backdoor — BackdoorDataset: 3332 / 6979 samples poisoned (target=0, fraction=0.500, seed=185).
05:59:59  INFO      attacks.neurotoxin_client — Neurotoxin client [38] round 143: poisoned 3332/6979 samples (target=0, masked=True).
06:00:21  INFO      datasets.backdoor — BackdoorDataset: 3324 / 6979 samples poisoned (target=0, fraction=0.500, seed=209).
06:00:25  INFO      attacks.neurotoxin_client — Neurotoxin client [61] round 144: poisoned 3324/6979 samples (target=0, masked=True).
06:01:01  INFO      datasets.backdoor — BackdoorDataset: 3332 / 6979 samples poisoned (target=0, fraction=0.500, seed=187).
06:01:06  INFO      attacks.neurotoxin_client — Neurotoxin client [38] round 145: poisoned 3332/6979 samples (target=0, masked=True).
06:02:42  INFO      datasets.backdoor — BackdoorDataset: 3317 / 6979 samples poisoned (target=0, fraction=0.500, seed=203).
06:02:45  INFO      attacks.neurotoxin_client — Neurotoxin client [50] round 149: poisoned 3317/6979 samples (target=0, masked=True).
06:03:43  INFO      experiment.runner — Round  150/150  |  acc:  85.75%  loss: 0.3899  |  ASR:   2.05%  asr_loss: 12.1702  |  mF1: 71.2%
06:03:43  INFO      experiment.runner — Final model saved to results/benchmark/femnist_neurotoxin_nnm_krum_seed4/final_model.pt
06:03:43  INFO      experiment.runner — Client atypicality written to results/benchmark/femnist_neurotoxin_nnm_krum_seed4/client_atypicality.json
06:03:43  INFO      experiment.runner — Client inclusion rates written to results/benchmark/femnist_neurotoxin_nnm_krum_seed4/client_inclusion.csv
06:03:43  INFO      benchmark — ✓  femnist_neurotoxin_nnm_krum_seed4  (83.3 min)
06:03:43  INFO      benchmark — ▶  femnist_neurotoxin_nnm_krum_seed5
06:03:43  INFO      experiment.runner — Initialising 'femnist_neurotoxin_nnm_krum_seed5' | device=cuda | rounds=150 | clients=10/100 | attack=neurotoxin | defense=nnm
06:03:44  INFO      defenses.nnm — NNMServer — f=1  base_rule=krum
06:03:56  INFO      experiment.utils — Built 100 clients — 10 malicious, 90 benign.
06:03:56  INFO      datasets.backdoor — BackdoorDataset: 110545 / 110545 samples poisoned (target=0, fraction=1.000, seed=0).
06:03:56  INFO      experiment.runner — Setup complete — 100 clients (10 malicious) | backdoor eval: static-trigger

==============================================================
  Summary — 16 rounds evaluated
==============================================================
  Final clean accuracy               85.75%
  Best  clean accuracy               85.75%
  Final clean loss                   0.3899
  Macro F1                           71.19%
  Final ASR                           2.05%
  Mean ASR (attack window)            2.26%
  Max  ASR (attack window)            2.90%
==============================================================

06:05:12  INFO      experiment.runner — Round    1/150  |  acc:  51.60%  loss: 1.9264  |  ASR:   3.10%  asr_loss: 6.1039  |  mF1: 22.2%
06:10:27  INFO      experiment.runner — Round   11/150  |  acc:  79.48%  loss: 0.6353  |  ASR:   2.31%  asr_loss: 10.3020  |  mF1: 59.8%
06:15:42  INFO      experiment.runner — Round   21/150  |  acc:  82.73%  loss: 0.5065  |  ASR:   2.21%  asr_loss: 11.6098  |  mF1: 65.0%
06:20:52  INFO      experiment.runner — Round   31/150  |  acc:  84.08%  loss: 0.4579  |  ASR:   2.10%  asr_loss: 12.0237  |  mF1: 68.0%
06:23:56  INFO      datasets.backdoor — BackdoorDataset: 3315 / 6979 samples poisoned (target=0, fraction=0.500, seed=136).
06:24:00  INFO      attacks.neurotoxin_client — Neurotoxin client [94] round 37: poisoned 3315/6979 samples (target=0, masked=True).
06:24:05  INFO      datasets.backdoor — BackdoorDataset: 3318 / 6979 samples poisoned (target=0, fraction=0.500, seed=75).
06:24:08  INFO      attacks.neurotoxin_client — Neurotoxin client [32] round 38: poisoned 3318/6979 samples (target=0, masked=True).
06:24:32  INFO      datasets.backdoor — BackdoorDataset: 3304 / 6980 samples poisoned (target=0, fraction=0.500, seed=47).
06:24:35  INFO      attacks.neurotoxin_client — Neurotoxin client [3] round 39: poisoned 3304/6980 samples (target=0, masked=True).
06:24:40  INFO      datasets.backdoor — BackdoorDataset: 3309 / 6979 samples poisoned (target=0, fraction=0.500, seed=123).
06:24:44  INFO      attacks.neurotoxin_client — Neurotoxin client [79] round 39: poisoned 3309/6979 samples (target=0, masked=True).
06:26:11  INFO      experiment.runner — Round   41/150  |  acc:  84.48%  loss: 0.4439  |  ASR:   1.93%  asr_loss: 12.4951  |  mF1: 68.8%
06:27:16  INFO      datasets.backdoor — BackdoorDataset: 3307 / 6979 samples poisoned (target=0, fraction=0.500, seed=115).
06:27:19  INFO      attacks.neurotoxin_client — Neurotoxin client [67] round 43: poisoned 3307/6979 samples (target=0, masked=True).
06:27:19  INFO      datasets.backdoor — BackdoorDataset: 3304 / 6980 samples poisoned (target=0, fraction=0.500, seed=51).
06:27:23  INFO      attacks.neurotoxin_client — Neurotoxin client [3] round 43: poisoned 3304/6980 samples (target=0, masked=True).
06:27:24  INFO      datasets.backdoor — BackdoorDataset: 3312 / 6979 samples poisoned (target=0, fraction=0.500, seed=107).
06:27:27  INFO      attacks.neurotoxin_client — Neurotoxin client [59] round 43: poisoned 3312/6979 samples (target=0, masked=True).
06:27:46  INFO      datasets.backdoor — BackdoorDataset: 3318 / 6979 samples poisoned (target=0, fraction=0.500, seed=81).
06:27:54  INFO      attacks.neurotoxin_client — Neurotoxin client [32] round 44: poisoned 3318/6979 samples (target=0, masked=True).
06:28:22  INFO      datasets.backdoor — BackdoorDataset: 3311 / 6979 samples poisoned (target=0, fraction=0.500, seed=149).
06:28:25  INFO      attacks.neurotoxin_client — Neurotoxin client [99] round 45: poisoned 3311/6979 samples (target=0, masked=True).
06:28:30  INFO      datasets.backdoor — BackdoorDataset: 3331 / 6979 samples poisoned (target=0, fraction=0.500, seed=138).
06:28:33  INFO      attacks.neurotoxin_client — Neurotoxin client [88] round 45: poisoned 3331/6979 samples (target=0, masked=True).
06:28:39  INFO      datasets.backdoor — BackdoorDataset: 3320 / 6979 samples poisoned (target=0, fraction=0.500, seed=134).
06:28:43  INFO      attacks.neurotoxin_client — Neurotoxin client [83] round 46: poisoned 3320/6979 samples (target=0, masked=True).
06:29:02  INFO      datasets.backdoor — BackdoorDataset: 3312 / 6979 samples poisoned (target=0, fraction=0.500, seed=111).
06:29:06  INFO      attacks.neurotoxin_client — Neurotoxin client [59] round 47: poisoned 3312/6979 samples (target=0, masked=True).
06:29:18  INFO      datasets.backdoor — BackdoorDataset: 3331 / 6979 samples poisoned (target=0, fraction=0.500, seed=140).
06:29:26  INFO      attacks.neurotoxin_client — Neurotoxin client [88] round 47: poisoned 3331/6979 samples (target=0, masked=True).
06:29:26  INFO      datasets.backdoor — BackdoorDataset: 3311 / 6979 samples poisoned (target=0, fraction=0.500, seed=151).
06:29:31  INFO      attacks.neurotoxin_client — Neurotoxin client [99] round 47: poisoned 3311/6979 samples (target=0, masked=True).
06:29:43  INFO      datasets.backdoor — BackdoorDataset: 3311 / 6979 samples poisoned (target=0, fraction=0.500, seed=152).
06:29:46  INFO      attacks.neurotoxin_client — Neurotoxin client [99] round 48: poisoned 3311/6979 samples (target=0, masked=True).
06:29:58  INFO      datasets.backdoor — BackdoorDataset: 3331 / 6979 samples poisoned (target=0, fraction=0.500, seed=141).
06:30:02  INFO      attacks.neurotoxin_client — Neurotoxin client [88] round 48: poisoned 3331/6979 samples (target=0, masked=True).
06:30:44  INFO      datasets.backdoor — BackdoorDataset: 3304 / 6980 samples poisoned (target=0, fraction=0.500, seed=58).
06:30:48  INFO      attacks.neurotoxin_client — Neurotoxin client [3] round 50: poisoned 3304/6980 samples (target=0, masked=True).
06:31:58  INFO      experiment.runner — Round   51/150  |  acc:  84.71%  loss: 0.4333  |  ASR:   2.27%  asr_loss: 12.2053  |  mF1: 69.3%
06:32:46  INFO      datasets.backdoor — BackdoorDataset: 3309 / 6979 samples poisoned (target=0, fraction=0.500, seed=136).
06:32:52  INFO      attacks.neurotoxin_client — Neurotoxin client [79] round 52: poisoned 3309/6979 samples (target=0, masked=True).
06:33:28  INFO      datasets.backdoor — BackdoorDataset: 3309 / 6979 samples poisoned (target=0, fraction=0.500, seed=138).
06:33:32  INFO      attacks.neurotoxin_client — Neurotoxin client [79] round 54: poisoned 3309/6979 samples (target=0, masked=True).
06:34:02  INFO      datasets.backdoor — BackdoorDataset: 3307 / 6979 samples poisoned (target=0, fraction=0.500, seed=105).
06:34:06  INFO      attacks.neurotoxin_client — Neurotoxin client [45] round 55: poisoned 3307/6979 samples (target=0, masked=True).
06:34:06  INFO      datasets.backdoor — BackdoorDataset: 3320 / 6979 samples poisoned (target=0, fraction=0.500, seed=143).
06:34:10  INFO      attacks.neurotoxin_client — Neurotoxin client [83] round 55: poisoned 3320/6979 samples (target=0, masked=True).
06:34:40  INFO      datasets.backdoor — BackdoorDataset: 3309 / 6979 samples poisoned (target=0, fraction=0.500, seed=140).
06:34:44  INFO      attacks.neurotoxin_client — Neurotoxin client [79] round 56: poisoned 3309/6979 samples (target=0, masked=True).
06:34:58  INFO      datasets.backdoor — BackdoorDataset: 3318 / 6979 samples poisoned (target=0, fraction=0.500, seed=94).
06:35:05  INFO      attacks.neurotoxin_client — Neurotoxin client [32] round 57: poisoned 3318/6979 samples (target=0, masked=True).
06:35:21  INFO      datasets.backdoor — BackdoorDataset: 3315 / 6979 samples poisoned (target=0, fraction=0.500, seed=157).
06:35:27  INFO      attacks.neurotoxin_client — Neurotoxin client [94] round 58: poisoned 3315/6979 samples (target=0, masked=True).
06:35:40  INFO      datasets.backdoor — BackdoorDataset: 3320 / 6979 samples poisoned (target=0, fraction=0.500, seed=146).
06:35:44  INFO      attacks.neurotoxin_client — Neurotoxin client [83] round 58: poisoned 3320/6979 samples (target=0, masked=True).
06:36:19  INFO      datasets.backdoor — BackdoorDataset: 3312 / 6979 samples poisoned (target=0, fraction=0.500, seed=124).
06:36:24  INFO      attacks.neurotoxin_client — Neurotoxin client [59] round 60: poisoned 3312/6979 samples (target=0, masked=True).
06:36:31  INFO      datasets.backdoor — BackdoorDataset: 3307 / 6979 samples poisoned (target=0, fraction=0.500, seed=132).
06:36:35  INFO      attacks.neurotoxin_client — Neurotoxin client [67] round 60: poisoned 3307/6979 samples (target=0, masked=True).
06:36:35  INFO      datasets.backdoor — BackdoorDataset: 3304 / 6980 samples poisoned (target=0, fraction=0.500, seed=68).
06:36:38  INFO      attacks.neurotoxin_client — Neurotoxin client [3] round 60: poisoned 3304/6980 samples (target=0, masked=True).
06:37:46  INFO      experiment.runner — Round   61/150  |  acc:  84.93%  loss: 0.4240  |  ASR:   2.76%  asr_loss: 11.2430  |  mF1: 69.6%
06:38:15  INFO      datasets.backdoor — BackdoorDataset: 3309 / 6979 samples poisoned (target=0, fraction=0.500, seed=146).
06:38:18  INFO      attacks.neurotoxin_client — Neurotoxin client [79] round 62: poisoned 3309/6979 samples (target=0, masked=True).
06:38:20  INFO      datasets.backdoor — BackdoorDataset: 3307 / 6979 samples poisoned (target=0, fraction=0.500, seed=112).
06:38:26  INFO      attacks.neurotoxin_client — Neurotoxin client [45] round 62: poisoned 3307/6979 samples (target=0, masked=True).
06:38:52  INFO      datasets.backdoor — BackdoorDataset: 3307 / 6979 samples poisoned (target=0, fraction=0.500, seed=113).
06:38:57  INFO      attacks.neurotoxin_client — Neurotoxin client [45] round 63: poisoned 3307/6979 samples (target=0, masked=True).
06:39:25  INFO      datasets.backdoor — BackdoorDataset: 3315 / 6979 samples poisoned (target=0, fraction=0.500, seed=163).
06:39:29  INFO      attacks.neurotoxin_client — Neurotoxin client [94] round 64: poisoned 3315/6979 samples (target=0, masked=True).
06:40:18  INFO      datasets.backdoor — BackdoorDataset: 3309 / 6979 samples poisoned (target=0, fraction=0.500, seed=150).
06:40:21  INFO      attacks.neurotoxin_client — Neurotoxin client [79] round 66: poisoned 3309/6979 samples (target=0, masked=True).
06:40:23  INFO      datasets.backdoor — BackdoorDataset: 3312 / 6979 samples poisoned (target=0, fraction=0.500, seed=130).
06:40:27  INFO      attacks.neurotoxin_client — Neurotoxin client [59] round 66: poisoned 3312/6979 samples (target=0, masked=True).
06:40:35  INFO      datasets.backdoor — BackdoorDataset: 3320 / 6979 samples poisoned (target=0, fraction=0.500, seed=155).
06:40:39  INFO      attacks.neurotoxin_client — Neurotoxin client [83] round 67: poisoned 3320/6979 samples (target=0, masked=True).
06:40:55  INFO      datasets.backdoor — BackdoorDataset: 3318 / 6979 samples poisoned (target=0, fraction=0.500, seed=104).
06:41:00  INFO      attacks.neurotoxin_client — Neurotoxin client [32] round 67: poisoned 3318/6979 samples (target=0, masked=True).
06:41:41  INFO      datasets.backdoor — BackdoorDataset: 3331 / 6979 samples poisoned (target=0, fraction=0.500, seed=162).
06:41:44  INFO      attacks.neurotoxin_client — Neurotoxin client [88] round 69: poisoned 3331/6979 samples (target=0, masked=True).
06:43:17  INFO      experiment.runner — Round   71/150  |  acc:  85.18%  loss: 0.4131  |  ASR:   1.86%  asr_loss: 12.1042  |  mF1: 70.2%
06:43:18  INFO      datasets.backdoor — BackdoorDataset: 3304 / 6980 samples poisoned (target=0, fraction=0.500, seed=79).
06:43:21  INFO      attacks.neurotoxin_client — Neurotoxin client [3] round 71: poisoned 3304/6980 samples (target=0, masked=True).
06:43:32  INFO      datasets.backdoor — BackdoorDataset: 3309 / 6979 samples poisoned (target=0, fraction=0.500, seed=155).
06:43:39  INFO      attacks.neurotoxin_client — Neurotoxin client [79] round 71: poisoned 3309/6979 samples (target=0, masked=True).
06:43:56  INFO      datasets.backdoor — BackdoorDataset: 3312 / 6979 samples poisoned (target=0, fraction=0.500, seed=136).
06:43:59  INFO      attacks.neurotoxin_client — Neurotoxin client [59] round 72: poisoned 3312/6979 samples (target=0, masked=True).
06:44:15  INFO      datasets.backdoor — BackdoorDataset: 3311 / 6979 samples poisoned (target=0, fraction=0.500, seed=176).
06:44:21  INFO      attacks.neurotoxin_client — Neurotoxin client [99] round 72: poisoned 3311/6979 samples (target=0, masked=True).
06:44:54  INFO      datasets.backdoor — BackdoorDataset: 3312 / 6979 samples poisoned (target=0, fraction=0.500, seed=138).
06:44:57  INFO      attacks.neurotoxin_client — Neurotoxin client [59] round 74: poisoned 3312/6979 samples (target=0, masked=True).
06:45:02  INFO      datasets.backdoor — BackdoorDataset: 3311 / 6979 samples poisoned (target=0, fraction=0.500, seed=178).
06:45:06  INFO      attacks.neurotoxin_client — Neurotoxin client [99] round 74: poisoned 3311/6979 samples (target=0, masked=True).
06:46:08  INFO      datasets.backdoor — BackdoorDataset: 3318 / 6979 samples poisoned (target=0, fraction=0.500, seed=113).
06:46:12  INFO      attacks.neurotoxin_client — Neurotoxin client [32] round 76: poisoned 3318/6979 samples (target=0, masked=True).
06:47:19  INFO      datasets.backdoor — BackdoorDataset: 3309 / 6979 samples poisoned (target=0, fraction=0.500, seed=163).
06:47:23  INFO      attacks.neurotoxin_client — Neurotoxin client [79] round 79: poisoned 3309/6979 samples (target=0, masked=True).
06:47:30  INFO      datasets.backdoor — BackdoorDataset: 3307 / 6979 samples poisoned (target=0, fraction=0.500, seed=129).
06:47:33  INFO      attacks.neurotoxin_client — Neurotoxin client [45] round 79: poisoned 3307/6979 samples (target=0, masked=True).
06:48:56  INFO      experiment.runner — Round   81/150  |  acc:  85.26%  loss: 0.4116  |  ASR:   2.28%  asr_loss: 11.8598  |  mF1: 70.2%
06:48:56  INFO      datasets.backdoor — BackdoorDataset: 3331 / 6979 samples poisoned (target=0, fraction=0.500, seed=174).
06:49:00  INFO      attacks.neurotoxin_client — Neurotoxin client [88] round 81: poisoned 3331/6979 samples (target=0, masked=True).
06:49:23  INFO      datasets.backdoor — BackdoorDataset: 3311 / 6979 samples poisoned (target=0, fraction=0.500, seed=185).
06:49:27  INFO      attacks.neurotoxin_client — Neurotoxin client [99] round 81: poisoned 3311/6979 samples (target=0, masked=True).
06:51:02  INFO      datasets.backdoor — BackdoorDataset: 3320 / 6979 samples poisoned (target=0, fraction=0.500, seed=173).
06:51:05  INFO      attacks.neurotoxin_client — Neurotoxin client [83] round 85: poisoned 3320/6979 samples (target=0, masked=True).
06:51:13  INFO      datasets.backdoor — BackdoorDataset: 3304 / 6980 samples poisoned (target=0, fraction=0.500, seed=93).
06:51:17  INFO      attacks.neurotoxin_client — Neurotoxin client [3] round 85: poisoned 3304/6980 samples (target=0, masked=True).
06:51:22  INFO      datasets.backdoor — BackdoorDataset: 3331 / 6979 samples poisoned (target=0, fraction=0.500, seed=179).
06:51:25  INFO      attacks.neurotoxin_client — Neurotoxin client [88] round 86: poisoned 3331/6979 samples (target=0, masked=True).
06:51:25  INFO      datasets.backdoor — BackdoorDataset: 3320 / 6979 samples poisoned (target=0, fraction=0.500, seed=174).
06:51:29  INFO      attacks.neurotoxin_client — Neurotoxin client [83] round 86: poisoned 3320/6979 samples (target=0, masked=True).
06:52:34  INFO      datasets.backdoor — BackdoorDataset: 3315 / 6979 samples poisoned (target=0, fraction=0.500, seed=187).
06:52:37  INFO      attacks.neurotoxin_client — Neurotoxin client [94] round 88: poisoned 3315/6979 samples (target=0, masked=True).
06:52:40  INFO      datasets.backdoor — BackdoorDataset: 3304 / 6980 samples poisoned (target=0, fraction=0.500, seed=97).
06:52:44  INFO      attacks.neurotoxin_client — Neurotoxin client [3] round 89: poisoned 3304/6980 samples (target=0, masked=True).
06:52:51  INFO      datasets.backdoor — BackdoorDataset: 3307 / 6979 samples poisoned (target=0, fraction=0.500, seed=139).
06:52:55  INFO      attacks.neurotoxin_client — Neurotoxin client [45] round 89: poisoned 3307/6979 samples (target=0, masked=True).
06:53:11  INFO      datasets.backdoor — BackdoorDataset: 3307 / 6979 samples poisoned (target=0, fraction=0.500, seed=162).
06:53:19  INFO      attacks.neurotoxin_client — Neurotoxin client [67] round 90: poisoned 3307/6979 samples (target=0, masked=True).
06:53:32  INFO      datasets.backdoor — BackdoorDataset: 3307 / 6979 samples poisoned (target=0, fraction=0.500, seed=140).
06:53:35  INFO      attacks.neurotoxin_client — Neurotoxin client [45] round 90: poisoned 3307/6979 samples (target=0, masked=True).
06:54:40  INFO      experiment.runner — Round   91/150  |  acc:  85.37%  loss: 0.4071  |  ASR:   2.23%  asr_loss: 11.4091  |  mF1: 70.4%
06:54:40  INFO      datasets.backdoor — BackdoorDataset: 3309 / 6979 samples poisoned (target=0, fraction=0.500, seed=175).
06:54:46  INFO      attacks.neurotoxin_client — Neurotoxin client [79] round 91: poisoned 3309/6979 samples (target=0, masked=True).
06:54:55  INFO      datasets.backdoor — BackdoorDataset: 3307 / 6979 samples poisoned (target=0, fraction=0.500, seed=163).
06:54:59  INFO      attacks.neurotoxin_client — Neurotoxin client [67] round 91: poisoned 3307/6979 samples (target=0, masked=True).
06:55:33  INFO      datasets.backdoor — BackdoorDataset: 3312 / 6979 samples poisoned (target=0, fraction=0.500, seed=156).
06:55:37  INFO      attacks.neurotoxin_client — Neurotoxin client [59] round 92: poisoned 3312/6979 samples (target=0, masked=True).
06:56:46  INFO      datasets.backdoor — BackdoorDataset: 3307 / 6979 samples poisoned (target=0, fraction=0.500, seed=145).
06:56:49  INFO      attacks.neurotoxin_client — Neurotoxin client [45] round 95: poisoned 3307/6979 samples (target=0, masked=True).
06:56:52  INFO      datasets.backdoor — BackdoorDataset: 3312 / 6979 samples poisoned (target=0, fraction=0.500, seed=159).
06:56:56  INFO      attacks.neurotoxin_client — Neurotoxin client [59] round 95: poisoned 3312/6979 samples (target=0, masked=True).
06:57:13  INFO      datasets.backdoor — BackdoorDataset: 3307 / 6979 samples poisoned (target=0, fraction=0.500, seed=146).
06:57:17  INFO      attacks.neurotoxin_client — Neurotoxin client [45] round 96: poisoned 3307/6979 samples (target=0, masked=True).
06:57:38  INFO      datasets.backdoor — BackdoorDataset: 3309 / 6979 samples poisoned (target=0, fraction=0.500, seed=181).
06:57:45  INFO      attacks.neurotoxin_client — Neurotoxin client [79] round 97: poisoned 3309/6979 samples (target=0, masked=True).
06:58:37  INFO      datasets.backdoor — BackdoorDataset: 3309 / 6979 samples poisoned (target=0, fraction=0.500, seed=183).
06:58:44  INFO      attacks.neurotoxin_client — Neurotoxin client [79] round 99: poisoned 3309/6979 samples (target=0, masked=True).
06:58:53  INFO      datasets.backdoor — BackdoorDataset: 3331 / 6979 samples poisoned (target=0, fraction=0.500, seed=192).
06:58:57  INFO      attacks.neurotoxin_client — Neurotoxin client [88] round 99: poisoned 3331/6979 samples (target=0, masked=True).
06:59:09  INFO      datasets.backdoor — BackdoorDataset: 3309 / 6979 samples poisoned (target=0, fraction=0.500, seed=184).
06:59:14  INFO      attacks.neurotoxin_client — Neurotoxin client [79] round 100: poisoned 3309/6979 samples (target=0, masked=True).
06:59:28  INFO      datasets.backdoor — BackdoorDataset: 3304 / 6980 samples poisoned (target=0, fraction=0.500, seed=108).
06:59:32  INFO      attacks.neurotoxin_client — Neurotoxin client [3] round 100: poisoned 3304/6980 samples (target=0, masked=True).
07:00:21  INFO      experiment.runner — Round  101/150  |  acc:  85.54%  loss: 0.4005  |  ASR:   2.32%  asr_loss: 11.3839  |  mF1: 70.8%
07:00:40  INFO      datasets.backdoor — BackdoorDataset: 3331 / 6979 samples poisoned (target=0, fraction=0.500, seed=194).
07:00:44  INFO      attacks.neurotoxin_client — Neurotoxin client [88] round 101: poisoned 3331/6979 samples (target=0, masked=True).
07:00:56  INFO      datasets.backdoor — BackdoorDataset: 3331 / 6979 samples poisoned (target=0, fraction=0.500, seed=195).
07:01:07  INFO      attacks.neurotoxin_client — Neurotoxin client [88] round 102: poisoned 3331/6979 samples (target=0, masked=True).
07:01:45  INFO      datasets.backdoor — BackdoorDataset: 3304 / 6980 samples poisoned (target=0, fraction=0.500, seed=111).
07:01:50  INFO      attacks.neurotoxin_client — Neurotoxin client [3] round 103: poisoned 3304/6980 samples (target=0, masked=True).
07:01:52  INFO      datasets.backdoor — BackdoorDataset: 3311 / 6979 samples poisoned (target=0, fraction=0.500, seed=208).
07:01:56  INFO      attacks.neurotoxin_client — Neurotoxin client [99] round 104: poisoned 3311/6979 samples (target=0, masked=True).
07:01:56  INFO      datasets.backdoor — BackdoorDataset: 3307 / 6979 samples poisoned (target=0, fraction=0.500, seed=154).
07:02:00  INFO      attacks.neurotoxin_client — Neurotoxin client [45] round 104: poisoned 3307/6979 samples (target=0, masked=True).
07:02:48  INFO      datasets.backdoor — BackdoorDataset: 3331 / 6979 samples poisoned (target=0, fraction=0.500, seed=198).
07:02:51  INFO      attacks.neurotoxin_client — Neurotoxin client [88] round 105: poisoned 3331/6979 samples (target=0, masked=True).
07:02:52  INFO      datasets.backdoor — BackdoorDataset: 3315 / 6979 samples poisoned (target=0, fraction=0.500, seed=205).
07:02:56  INFO      attacks.neurotoxin_client — Neurotoxin client [94] round 106: poisoned 3315/6979 samples (target=0, masked=True).
07:03:45  INFO      datasets.backdoor — BackdoorDataset: 3320 / 6979 samples poisoned (target=0, fraction=0.500, seed=196).
07:03:48  INFO      attacks.neurotoxin_client — Neurotoxin client [83] round 108: poisoned 3320/6979 samples (target=0, masked=True).
07:03:48  INFO      datasets.backdoor — BackdoorDataset: 3307 / 6979 samples poisoned (target=0, fraction=0.500, seed=180).
07:03:52  INFO      attacks.neurotoxin_client — Neurotoxin client [67] round 108: poisoned 3307/6979 samples (target=0, masked=True).
07:04:09  INFO      datasets.backdoor — BackdoorDataset: 3331 / 6979 samples poisoned (target=0, fraction=0.500, seed=201).
07:04:13  INFO      attacks.neurotoxin_client — Neurotoxin client [88] round 108: poisoned 3331/6979 samples (target=0, masked=True).
07:04:16  INFO      datasets.backdoor — BackdoorDataset: 3331 / 6979 samples poisoned (target=0, fraction=0.500, seed=202).
07:04:20  INFO      attacks.neurotoxin_client — Neurotoxin client [88] round 109: poisoned 3331/6979 samples (target=0, masked=True).
07:04:43  INFO      datasets.backdoor — BackdoorDataset: 3309 / 6979 samples poisoned (target=0, fraction=0.500, seed=193).
07:04:46  INFO      attacks.neurotoxin_client — Neurotoxin client [79] round 109: poisoned 3309/6979 samples (target=0, masked=True).
07:05:03  INFO      datasets.backdoor — BackdoorDataset: 3320 / 6979 samples poisoned (target=0, fraction=0.500, seed=198).
07:05:06  INFO      attacks.neurotoxin_client — Neurotoxin client [83] round 110: poisoned 3320/6979 samples (target=0, masked=True).
07:06:11  INFO      experiment.runner — Round  111/150  |  acc:  85.67%  loss: 0.3970  |  ASR:   2.28%  asr_loss: 11.9355  |  mF1: 71.3%
07:06:35  INFO      datasets.backdoor — BackdoorDataset: 3307 / 6979 samples poisoned (target=0, fraction=0.500, seed=184).
07:06:42  INFO      attacks.neurotoxin_client — Neurotoxin client [67] round 112: poisoned 3307/6979 samples (target=0, masked=True).
07:07:12  INFO      datasets.backdoor — BackdoorDataset: 3304 / 6980 samples poisoned (target=0, fraction=0.500, seed=121).
07:07:17  INFO      attacks.neurotoxin_client — Neurotoxin client [3] round 113: poisoned 3304/6980 samples (target=0, masked=True).
07:07:50  INFO      datasets.backdoor — BackdoorDataset: 3331 / 6979 samples poisoned (target=0, fraction=0.500, seed=207).
07:07:57  INFO      attacks.neurotoxin_client — Neurotoxin client [88] round 114: poisoned 3331/6979 samples (target=0, masked=True).
07:08:22  INFO      datasets.backdoor — BackdoorDataset: 3312 / 6979 samples poisoned (target=0, fraction=0.500, seed=179).
07:08:28  INFO      attacks.neurotoxin_client — Neurotoxin client [59] round 115: poisoned 3312/6979 samples (target=0, masked=True).
07:09:24  INFO      datasets.backdoor — BackdoorDataset: 3315 / 6979 samples poisoned (target=0, fraction=0.500, seed=216).
07:09:28  INFO      attacks.neurotoxin_client — Neurotoxin client [94] round 117: poisoned 3315/6979 samples (target=0, masked=True).
07:10:31  INFO      datasets.backdoor — BackdoorDataset: 3312 / 6979 samples poisoned (target=0, fraction=0.500, seed=184).
07:10:35  INFO      attacks.neurotoxin_client — Neurotoxin client [59] round 120: poisoned 3312/6979 samples (target=0, masked=True).
07:11:41  INFO      experiment.runner — Round  121/150  |  acc:  85.75%  loss: 0.3937  |  ASR:   2.09%  asr_loss: 12.0919  |  mF1: 71.1%
07:12:21  INFO      datasets.backdoor — BackdoorDataset: 3307 / 6979 samples poisoned (target=0, fraction=0.500, seed=172).
07:12:25  INFO      attacks.neurotoxin_client — Neurotoxin client [45] round 122: poisoned 3307/6979 samples (target=0, masked=True).
07:12:27  INFO      datasets.backdoor — BackdoorDataset: 3315 / 6979 samples poisoned (target=0, fraction=0.500, seed=221).
07:12:31  INFO      attacks.neurotoxin_client — Neurotoxin client [94] round 122: poisoned 3315/6979 samples (target=0, masked=True).
07:14:06  INFO      datasets.backdoor — BackdoorDataset: 3307 / 6979 samples poisoned (target=0, fraction=0.500, seed=176).
07:14:09  INFO      attacks.neurotoxin_client — Neurotoxin client [45] round 126: poisoned 3307/6979 samples (target=0, masked=True).
07:14:26  INFO      datasets.backdoor — BackdoorDataset: 3318 / 6979 samples poisoned (target=0, fraction=0.500, seed=164).
07:14:30  INFO      attacks.neurotoxin_client — Neurotoxin client [32] round 127: poisoned 3318/6979 samples (target=0, masked=True).
07:15:30  INFO      datasets.backdoor — BackdoorDataset: 3311 / 6979 samples poisoned (target=0, fraction=0.500, seed=233).
07:15:35  INFO      attacks.neurotoxin_client — Neurotoxin client [99] round 129: poisoned 3311/6979 samples (target=0, masked=True).
07:15:47  INFO      datasets.backdoor — BackdoorDataset: 3309 / 6979 samples poisoned (target=0, fraction=0.500, seed=214).
07:15:53  INFO      attacks.neurotoxin_client — Neurotoxin client [79] round 130: poisoned 3309/6979 samples (target=0, masked=True).
07:16:06  INFO      datasets.backdoor — BackdoorDataset: 3304 / 6980 samples poisoned (target=0, fraction=0.500, seed=138).
07:16:11  INFO      attacks.neurotoxin_client — Neurotoxin client [3] round 130: poisoned 3304/6980 samples (target=0, masked=True).
07:17:09  INFO      experiment.runner — Round  131/150  |  acc:  85.73%  loss: 0.3931  |  ASR:   2.18%  asr_loss: 11.5812  |  mF1: 71.1%
07:17:32  INFO      datasets.backdoor — BackdoorDataset: 3311 / 6979 samples poisoned (target=0, fraction=0.500, seed=235).
07:17:35  INFO      attacks.neurotoxin_client — Neurotoxin client [99] round 131: poisoned 3311/6979 samples (target=0, masked=True).
07:19:09  INFO      datasets.backdoor — BackdoorDataset: 3312 / 6979 samples poisoned (target=0, fraction=0.500, seed=199).
07:19:15  INFO      attacks.neurotoxin_client — Neurotoxin client [59] round 135: poisoned 3312/6979 samples (target=0, masked=True).
07:19:25  INFO      datasets.backdoor — BackdoorDataset: 3309 / 6979 samples poisoned (target=0, fraction=0.500, seed=219).
07:19:31  INFO      attacks.neurotoxin_client — Neurotoxin client [79] round 135: poisoned 3309/6979 samples (target=0, masked=True).
07:19:31  INFO      datasets.backdoor — BackdoorDataset: 3304 / 6980 samples poisoned (target=0, fraction=0.500, seed=144).
07:19:35  INFO      attacks.neurotoxin_client — Neurotoxin client [3] round 136: poisoned 3304/6980 samples (target=0, masked=True).
07:19:51  INFO      datasets.backdoor — BackdoorDataset: 3320 / 6979 samples poisoned (target=0, fraction=0.500, seed=224).
07:19:55  INFO      attacks.neurotoxin_client — Neurotoxin client [83] round 136: poisoned 3320/6979 samples (target=0, masked=True).
07:20:00  INFO      datasets.backdoor — BackdoorDataset: 3311 / 6979 samples poisoned (target=0, fraction=0.500, seed=241).
07:20:04  INFO      attacks.neurotoxin_client — Neurotoxin client [99] round 137: poisoned 3311/6979 samples (target=0, masked=True).
07:22:41  INFO      experiment.runner — Round  141/150  |  acc:  85.79%  loss: 0.3910  |  ASR:   2.09%  asr_loss: 11.8283  |  mF1: 71.4%
07:22:56  INFO      datasets.backdoor — BackdoorDataset: 3331 / 6979 samples poisoned (target=0, fraction=0.500, seed=234).
07:23:00  INFO      attacks.neurotoxin_client — Neurotoxin client [88] round 141: poisoned 3331/6979 samples (target=0, masked=True).
07:23:05  INFO      datasets.backdoor — BackdoorDataset: 3311 / 6979 samples poisoned (target=0, fraction=0.500, seed=245).
07:23:09  INFO      attacks.neurotoxin_client — Neurotoxin client [99] round 141: poisoned 3311/6979 samples (target=0, masked=True).
07:23:27  INFO      datasets.backdoor — BackdoorDataset: 3320 / 6979 samples poisoned (target=0, fraction=0.500, seed=230).
07:23:31  INFO      attacks.neurotoxin_client — Neurotoxin client [83] round 142: poisoned 3320/6979 samples (target=0, masked=True).
07:23:39  INFO      datasets.backdoor — BackdoorDataset: 3307 / 6979 samples poisoned (target=0, fraction=0.500, seed=215).
07:23:43  INFO      attacks.neurotoxin_client — Neurotoxin client [67] round 143: poisoned 3307/6979 samples (target=0, masked=True).
07:24:21  INFO      datasets.backdoor — BackdoorDataset: 3315 / 6979 samples poisoned (target=0, fraction=0.500, seed=243).
07:24:24  INFO      attacks.neurotoxin_client — Neurotoxin client [94] round 144: poisoned 3315/6979 samples (target=0, masked=True).
07:24:27  INFO      datasets.backdoor — BackdoorDataset: 3307 / 6979 samples poisoned (target=0, fraction=0.500, seed=216).
07:24:31  INFO      attacks.neurotoxin_client — Neurotoxin client [67] round 144: poisoned 3307/6979 samples (target=0, masked=True).
07:24:31  INFO      datasets.backdoor — BackdoorDataset: 3309 / 6979 samples poisoned (target=0, fraction=0.500, seed=228).
07:24:35  INFO      attacks.neurotoxin_client — Neurotoxin client [79] round 144: poisoned 3309/6979 samples (target=0, masked=True).
07:25:26  INFO      datasets.backdoor — BackdoorDataset: 3315 / 6979 samples poisoned (target=0, fraction=0.500, seed=245).
07:25:29  INFO      attacks.neurotoxin_client — Neurotoxin client [94] round 146: poisoned 3315/6979 samples (target=0, masked=True).
07:25:49  INFO      datasets.backdoor — BackdoorDataset: 3315 / 6979 samples poisoned (target=0, fraction=0.500, seed=246).
07:25:52  INFO      attacks.neurotoxin_client — Neurotoxin client [94] round 147: poisoned 3315/6979 samples (target=0, masked=True).
07:25:55  INFO      datasets.backdoor — BackdoorDataset: 3318 / 6979 samples poisoned (target=0, fraction=0.500, seed=184).
07:25:59  INFO      attacks.neurotoxin_client — Neurotoxin client [32] round 147: poisoned 3318/6979 samples (target=0, masked=True).
07:25:59  INFO      datasets.backdoor — BackdoorDataset: 3304 / 6980 samples poisoned (target=0, fraction=0.500, seed=155).
07:26:03  INFO      attacks.neurotoxin_client — Neurotoxin client [3] round 147: poisoned 3304/6980 samples (target=0, masked=True).
07:26:05  INFO      datasets.backdoor — BackdoorDataset: 3318 / 6979 samples poisoned (target=0, fraction=0.500, seed=185).
07:26:09  INFO      attacks.neurotoxin_client — Neurotoxin client [32] round 148: poisoned 3318/6979 samples (target=0, masked=True).
07:26:46  INFO      datasets.backdoor — BackdoorDataset: 3315 / 6979 samples poisoned (target=0, fraction=0.500, seed=248).
07:26:50  INFO      attacks.neurotoxin_client — Neurotoxin client [94] round 149: poisoned 3315/6979 samples (target=0, masked=True).
07:26:50  INFO      datasets.backdoor — BackdoorDataset: 3307 / 6979 samples poisoned (target=0, fraction=0.500, seed=199).
07:26:54  INFO      attacks.neurotoxin_client — Neurotoxin client [45] round 149: poisoned 3307/6979 samples (target=0, masked=True).
07:27:56  INFO      experiment.runner — Round  150/150  |  acc:  85.80%  loss: 0.3896  |  ASR:   2.13%  asr_loss: 11.2213  |  mF1: 71.2%
07:27:56  INFO      experiment.runner — Final model saved to results/benchmark/femnist_neurotoxin_nnm_krum_seed5/final_model.pt
07:27:56  INFO      experiment.runner — Client atypicality written to results/benchmark/femnist_neurotoxin_nnm_krum_seed5/client_atypicality.json
07:27:56  INFO      experiment.runner — Client inclusion rates written to results/benchmark/femnist_neurotoxin_nnm_krum_seed5/client_inclusion.csv
07:27:56  INFO      benchmark — ✓  femnist_neurotoxin_nnm_krum_seed5  (84.2 min)
07:27:56  INFO      benchmark — ▶  femnist_neurotoxin_nnm_krum_seed6
07:27:56  INFO      experiment.runner — Initialising 'femnist_neurotoxin_nnm_krum_seed6' | device=cuda | rounds=150 | clients=10/100 | attack=neurotoxin | defense=nnm
07:27:56  INFO      defenses.nnm — NNMServer — f=1  base_rule=krum
07:28:08  INFO      experiment.utils — Built 100 clients — 10 malicious, 90 benign.
07:28:08  INFO      datasets.backdoor — BackdoorDataset: 110545 / 110545 samples poisoned (target=0, fraction=1.000, seed=0).
07:28:08  INFO      experiment.runner — Setup complete — 100 clients (10 malicious) | backdoor eval: static-trigger

==============================================================
  Summary — 16 rounds evaluated
==============================================================
  Final clean accuracy               85.80%
  Best  clean accuracy               85.80%
  Final clean loss                   0.3896
  Macro F1                           71.17%
  Final ASR                           2.13%
  Mean ASR (attack window)            2.28%
  Max  ASR (attack window)            2.76%
==============================================================

07:29:21  INFO      experiment.runner — Round    1/150  |  acc:  51.52%  loss: 1.9051  |  ASR:   2.98%  asr_loss: 6.7584  |  mF1: 22.2%
07:34:32  INFO      experiment.runner — Round   11/150  |  acc:  80.83%  loss: 0.5861  |  ASR:   2.13%  asr_loss: 10.1525  |  mF1: 61.2%
07:39:40  INFO      experiment.runner — Round   21/150  |  acc:  82.95%  loss: 0.4955  |  ASR:   2.04%  asr_loss: 11.2002  |  mF1: 65.6%
07:44:54  INFO      experiment.runner — Round   31/150  |  acc:  83.72%  loss: 0.4643  |  ASR:   2.03%  asr_loss: 11.9895  |  mF1: 67.0%
07:47:39  INFO      datasets.backdoor — BackdoorDataset: 3322 / 6979 samples poisoned (target=0, fraction=0.500, seed=140).
07:47:43  INFO      attacks.neurotoxin_client — Neurotoxin client [97] round 37: poisoned 3322/6979 samples (target=0, masked=True).
07:48:02  INFO      datasets.backdoor — BackdoorDataset: 3325 / 6980 samples poisoned (target=0, fraction=0.500, seed=48).
07:48:05  INFO      attacks.neurotoxin_client — Neurotoxin client [4] round 38: poisoned 3325/6980 samples (target=0, masked=True).
07:48:14  INFO      datasets.backdoor — BackdoorDataset: 3322 / 6979 samples poisoned (target=0, fraction=0.500, seed=141).
07:48:18  INFO      attacks.neurotoxin_client — Neurotoxin client [97] round 38: poisoned 3322/6979 samples (target=0, masked=True).
07:48:35  INFO      datasets.backdoor — BackdoorDataset: 3326 / 6979 samples poisoned (target=0, fraction=0.500, seed=118).
07:48:39  INFO      attacks.neurotoxin_client — Neurotoxin client [73] round 39: poisoned 3326/6979 samples (target=0, masked=True).
07:48:45  INFO      datasets.backdoor — BackdoorDataset: 3313 / 6979 samples poisoned (target=0, fraction=0.500, seed=129).
07:48:56  INFO      attacks.neurotoxin_client — Neurotoxin client [84] round 39: poisoned 3313/6979 samples (target=0, masked=True).
07:50:14  INFO      experiment.runner — Round   41/150  |  acc:  84.33%  loss: 0.4413  |  ASR:   1.77%  asr_loss: 12.1094  |  mF1: 68.3%
07:50:50  INFO      datasets.backdoor — BackdoorDataset: 3308 / 6979 samples poisoned (target=0, fraction=0.500, seed=123).
07:50:54  INFO      attacks.neurotoxin_client — Neurotoxin client [75] round 42: poisoned 3308/6979 samples (target=0, masked=True).
07:51:32  INFO      datasets.backdoor — BackdoorDataset: 3325 / 6980 samples poisoned (target=0, fraction=0.500, seed=53).
07:51:35  INFO      attacks.neurotoxin_client — Neurotoxin client [4] round 43: poisoned 3325/6980 samples (target=0, masked=True).
07:51:45  INFO      datasets.backdoor — BackdoorDataset: 3322 / 6979 samples poisoned (target=0, fraction=0.500, seed=147).
07:51:48  INFO      attacks.neurotoxin_client — Neurotoxin client [97] round 44: poisoned 3322/6979 samples (target=0, masked=True).
07:52:24  INFO      datasets.backdoor — BackdoorDataset: 3307 / 6979 samples poisoned (target=0, fraction=0.500, seed=113).
07:52:28  INFO      attacks.neurotoxin_client — Neurotoxin client [62] round 45: poisoned 3307/6979 samples (target=0, masked=True).
07:52:28  INFO      datasets.backdoor — BackdoorDataset: 3327 / 6980 samples poisoned (target=0, fraction=0.500, seed=51).
07:52:31  INFO      attacks.neurotoxin_client — Neurotoxin client [0] round 45: poisoned 3327/6980 samples (target=0, masked=True).
07:52:33  INFO      datasets.backdoor — BackdoorDataset: 3311 / 6979 samples poisoned (target=0, fraction=0.500, seed=84).
07:52:37  INFO      attacks.neurotoxin_client — Neurotoxin client [33] round 45: poisoned 3311/6979 samples (target=0, masked=True).
07:52:42  INFO      datasets.backdoor — BackdoorDataset: 3308 / 6979 samples poisoned (target=0, fraction=0.500, seed=127).
07:52:46  INFO      attacks.neurotoxin_client — Neurotoxin client [75] round 46: poisoned 3308/6979 samples (target=0, masked=True).
07:53:09  INFO      datasets.backdoor — BackdoorDataset: 3313 / 6979 samples poisoned (target=0, fraction=0.500, seed=137).
07:53:17  INFO      attacks.neurotoxin_client — Neurotoxin client [84] round 47: poisoned 3313/6979 samples (target=0, masked=True).
07:53:47  INFO      datasets.backdoor — BackdoorDataset: 3325 / 6980 samples poisoned (target=0, fraction=0.500, seed=58).
07:53:50  INFO      attacks.neurotoxin_client — Neurotoxin client [4] round 48: poisoned 3325/6980 samples (target=0, masked=True).
07:53:53  INFO      datasets.backdoor — BackdoorDataset: 3322 / 6979 samples poisoned (target=0, fraction=0.500, seed=151).
07:53:57  INFO      attacks.neurotoxin_client — Neurotoxin client [97] round 48: poisoned 3322/6979 samples (target=0, masked=True).
07:54:04  INFO      datasets.backdoor — BackdoorDataset: 3326 / 6979 samples poisoned (target=0, fraction=0.500, seed=127).
07:54:11  INFO      attacks.neurotoxin_client — Neurotoxin client [73] round 48: poisoned 3326/6979 samples (target=0, masked=True).
07:54:15  INFO      datasets.backdoor — BackdoorDataset: 3327 / 6980 samples poisoned (target=0, fraction=0.500, seed=55).
07:54:23  INFO      attacks.neurotoxin_client — Neurotoxin client [0] round 49: poisoned 3327/6980 samples (target=0, masked=True).
07:54:32  INFO      datasets.backdoor — BackdoorDataset: 3308 / 6979 samples poisoned (target=0, fraction=0.500, seed=130).
07:54:37  INFO      attacks.neurotoxin_client — Neurotoxin client [75] round 49: poisoned 3308/6979 samples (target=0, masked=True).
07:54:45  INFO      datasets.backdoor — BackdoorDataset: 3307 / 6979 samples poisoned (target=0, fraction=0.500, seed=117).
07:54:48  INFO      attacks.neurotoxin_client — Neurotoxin client [62] round 49: poisoned 3307/6979 samples (target=0, masked=True).
07:56:00  INFO      experiment.runner — Round   51/150  |  acc:  84.84%  loss: 0.4294  |  ASR:   2.37%  asr_loss: 11.4886  |  mF1: 69.2%
07:56:25  INFO      datasets.backdoor — BackdoorDataset: 3308 / 6979 samples poisoned (target=0, fraction=0.500, seed=132).
07:56:33  INFO      attacks.neurotoxin_client — Neurotoxin client [75] round 51: poisoned 3308/6979 samples (target=0, masked=True).
07:56:42  INFO      datasets.backdoor — BackdoorDataset: 3327 / 6980 samples poisoned (target=0, fraction=0.500, seed=58).
07:56:45  INFO      attacks.neurotoxin_client — Neurotoxin client [0] round 52: poisoned 3327/6980 samples (target=0, masked=True).
07:56:52  INFO      datasets.backdoor — BackdoorDataset: 3320 / 6980 samples poisoned (target=0, fraction=0.500, seed=68).
07:56:56  INFO      attacks.neurotoxin_client — Neurotoxin client [10] round 52: poisoned 3320/6980 samples (target=0, masked=True).
07:57:21  INFO      datasets.backdoor — BackdoorDataset: 3321 / 6980 samples poisoned (target=0, fraction=0.500, seed=77).
07:57:29  INFO      attacks.neurotoxin_client — Neurotoxin client [18] round 53: poisoned 3321/6980 samples (target=0, masked=True).
07:57:46  INFO      datasets.backdoor — BackdoorDataset: 3307 / 6979 samples poisoned (target=0, fraction=0.500, seed=122).
07:57:51  INFO      attacks.neurotoxin_client — Neurotoxin client [62] round 54: poisoned 3307/6979 samples (target=0, masked=True).
07:57:58  INFO      datasets.backdoor — BackdoorDataset: 3308 / 6979 samples poisoned (target=0, fraction=0.500, seed=135).
07:58:02  INFO      attacks.neurotoxin_client — Neurotoxin client [75] round 54: poisoned 3308/6979 samples (target=0, masked=True).
07:58:09  INFO      datasets.backdoor — BackdoorDataset: 3313 / 6979 samples poisoned (target=0, fraction=0.500, seed=145).
07:58:13  INFO      attacks.neurotoxin_client — Neurotoxin client [84] round 55: poisoned 3313/6979 samples (target=0, masked=True).
07:58:15  INFO      datasets.backdoor — BackdoorDataset: 3311 / 6979 samples poisoned (target=0, fraction=0.500, seed=94).
07:58:19  INFO      attacks.neurotoxin_client — Neurotoxin client [33] round 55: poisoned 3311/6979 samples (target=0, masked=True).
07:58:27  INFO      datasets.backdoor — BackdoorDataset: 3308 / 6979 samples poisoned (target=0, fraction=0.500, seed=136).
07:58:34  INFO      attacks.neurotoxin_client — Neurotoxin client [75] round 55: poisoned 3308/6979 samples (target=0, masked=True).
07:58:54  INFO      datasets.backdoor — BackdoorDataset: 3322 / 6979 samples poisoned (target=0, fraction=0.500, seed=159).
07:58:57  INFO      attacks.neurotoxin_client — Neurotoxin client [97] round 56: poisoned 3322/6979 samples (target=0, masked=True).
08:00:04  INFO      datasets.backdoor — BackdoorDataset: 3326 / 6979 samples poisoned (target=0, fraction=0.500, seed=138).
08:00:11  INFO      attacks.neurotoxin_client — Neurotoxin client [73] round 59: poisoned 3326/6979 samples (target=0, masked=True).
08:00:16  INFO      datasets.backdoor — BackdoorDataset: 3321 / 6980 samples poisoned (target=0, fraction=0.500, seed=83).
08:00:21  INFO      attacks.neurotoxin_client — Neurotoxin client [18] round 59: poisoned 3321/6980 samples (target=0, masked=True).
08:00:26  INFO      datasets.backdoor — BackdoorDataset: 3311 / 6979 samples poisoned (target=0, fraction=0.500, seed=98).
08:00:30  INFO      attacks.neurotoxin_client — Neurotoxin client [33] round 59: poisoned 3311/6979 samples (target=0, masked=True).
08:00:37  INFO      datasets.backdoor — BackdoorDataset: 3327 / 6980 samples poisoned (target=0, fraction=0.500, seed=66).
08:00:41  INFO      attacks.neurotoxin_client — Neurotoxin client [0] round 60: poisoned 3327/6980 samples (target=0, masked=True).
08:01:45  INFO      experiment.runner — Round   61/150  |  acc:  85.03%  loss: 0.4173  |  ASR:   1.91%  asr_loss: 11.7103  |  mF1: 69.9%
08:02:23  INFO      datasets.backdoor — BackdoorDataset: 3321 / 6980 samples poisoned (target=0, fraction=0.500, seed=86).
08:02:26  INFO      attacks.neurotoxin_client — Neurotoxin client [18] round 62: poisoned 3321/6980 samples (target=0, masked=True).
08:02:31  INFO      datasets.backdoor — BackdoorDataset: 3322 / 6979 samples poisoned (target=0, fraction=0.500, seed=165).
08:02:35  INFO      attacks.neurotoxin_client — Neurotoxin client [97] round 62: poisoned 3322/6979 samples (target=0, masked=True).
08:03:10  INFO      datasets.backdoor — BackdoorDataset: 3311 / 6979 samples poisoned (target=0, fraction=0.500, seed=103).
08:03:17  INFO      attacks.neurotoxin_client — Neurotoxin client [33] round 64: poisoned 3311/6979 samples (target=0, masked=True).
08:04:27  INFO      datasets.backdoor — BackdoorDataset: 3313 / 6979 samples poisoned (target=0, fraction=0.500, seed=156).
08:04:31  INFO      attacks.neurotoxin_client — Neurotoxin client [84] round 66: poisoned 3313/6979 samples (target=0, masked=True).
08:04:33  INFO      datasets.backdoor — BackdoorDataset: 3327 / 6980 samples poisoned (target=0, fraction=0.500, seed=72).
08:04:37  INFO      attacks.neurotoxin_client — Neurotoxin client [0] round 66: poisoned 3327/6980 samples (target=0, masked=True).
08:04:52  INFO      datasets.backdoor — BackdoorDataset: 3325 / 6980 samples poisoned (target=0, fraction=0.500, seed=77).
08:04:58  INFO      attacks.neurotoxin_client — Neurotoxin client [4] round 67: poisoned 3325/6980 samples (target=0, masked=True).
08:05:07  INFO      datasets.backdoor — BackdoorDataset: 3326 / 6979 samples poisoned (target=0, fraction=0.500, seed=146).
08:05:11  INFO      attacks.neurotoxin_client — Neurotoxin client [73] round 67: poisoned 3326/6979 samples (target=0, masked=True).
08:05:50  INFO      datasets.backdoor — BackdoorDataset: 3327 / 6980 samples poisoned (target=0, fraction=0.500, seed=75).
08:05:54  INFO      attacks.neurotoxin_client — Neurotoxin client [0] round 69: poisoned 3327/6980 samples (target=0, masked=True).
08:05:58  INFO      datasets.backdoor — BackdoorDataset: 3326 / 6979 samples poisoned (target=0, fraction=0.500, seed=148).
08:06:02  INFO      attacks.neurotoxin_client — Neurotoxin client [73] round 69: poisoned 3326/6979 samples (target=0, masked=True).
08:07:24  INFO      experiment.runner — Round   71/150  |  acc:  85.12%  loss: 0.4137  |  ASR:   1.79%  asr_loss: 11.6935  |  mF1: 69.6%
08:08:05  INFO      datasets.backdoor — BackdoorDataset: 3313 / 6979 samples poisoned (target=0, fraction=0.500, seed=162).
08:08:09  INFO      attacks.neurotoxin_client — Neurotoxin client [84] round 72: poisoned 3313/6979 samples (target=0, masked=True).
08:08:44  INFO      datasets.backdoor — BackdoorDataset: 3322 / 6979 samples poisoned (target=0, fraction=0.500, seed=176).
08:08:48  INFO      attacks.neurotoxin_client — Neurotoxin client [97] round 73: poisoned 3322/6979 samples (target=0, masked=True).
08:09:12  INFO      datasets.backdoor — BackdoorDataset: 3313 / 6979 samples poisoned (target=0, fraction=0.500, seed=164).
08:09:16  INFO      attacks.neurotoxin_client — Neurotoxin client [84] round 74: poisoned 3313/6979 samples (target=0, masked=True).
08:09:24  INFO      datasets.backdoor — BackdoorDataset: 3320 / 6980 samples poisoned (target=0, fraction=0.500, seed=91).
08:09:32  INFO      attacks.neurotoxin_client — Neurotoxin client [10] round 75: poisoned 3320/6980 samples (target=0, masked=True).
08:09:51  INFO      datasets.backdoor — BackdoorDataset: 3311 / 6979 samples poisoned (target=0, fraction=0.500, seed=115).
08:09:55  INFO      attacks.neurotoxin_client — Neurotoxin client [33] round 76: poisoned 3311/6979 samples (target=0, masked=True).
08:09:57  INFO      datasets.backdoor — BackdoorDataset: 3327 / 6980 samples poisoned (target=0, fraction=0.500, seed=82).
08:10:01  INFO      attacks.neurotoxin_client — Neurotoxin client [0] round 76: poisoned 3327/6980 samples (target=0, masked=True).
08:10:18  INFO      datasets.backdoor — BackdoorDataset: 3308 / 6979 samples poisoned (target=0, fraction=0.500, seed=158).
08:10:22  INFO      attacks.neurotoxin_client — Neurotoxin client [75] round 77: poisoned 3308/6979 samples (target=0, masked=True).
08:11:32  INFO      datasets.backdoor — BackdoorDataset: 3311 / 6979 samples poisoned (target=0, fraction=0.500, seed=118).
08:11:36  INFO      attacks.neurotoxin_client — Neurotoxin client [33] round 79: poisoned 3311/6979 samples (target=0, masked=True).
08:11:54  INFO      datasets.backdoor — BackdoorDataset: 3307 / 6979 samples poisoned (target=0, fraction=0.500, seed=148).
08:12:05  INFO      attacks.neurotoxin_client — Neurotoxin client [62] round 80: poisoned 3307/6979 samples (target=0, masked=True).
08:13:00  INFO      experiment.runner — Round   81/150  |  acc:  85.40%  loss: 0.4048  |  ASR:   1.79%  asr_loss: 11.9811  |  mF1: 70.5%
08:13:04  INFO      datasets.backdoor — BackdoorDataset: 3322 / 6979 samples poisoned (target=0, fraction=0.500, seed=184).
08:13:07  INFO      attacks.neurotoxin_client — Neurotoxin client [97] round 81: poisoned 3322/6979 samples (target=0, masked=True).
08:13:40  INFO      datasets.backdoor — BackdoorDataset: 3326 / 6979 samples poisoned (target=0, fraction=0.500, seed=161).
08:13:44  INFO      attacks.neurotoxin_client — Neurotoxin client [73] round 82: poisoned 3326/6979 samples (target=0, masked=True).
08:13:44  INFO      datasets.backdoor — BackdoorDataset: 3307 / 6979 samples poisoned (target=0, fraction=0.500, seed=150).
08:13:48  INFO      attacks.neurotoxin_client — Neurotoxin client [62] round 82: poisoned 3307/6979 samples (target=0, masked=True).
08:14:19  INFO      datasets.backdoor — BackdoorDataset: 3308 / 6979 samples poisoned (target=0, fraction=0.500, seed=164).
08:14:23  INFO      attacks.neurotoxin_client — Neurotoxin client [75] round 83: poisoned 3308/6979 samples (target=0, masked=True).
08:14:37  INFO      datasets.backdoor — BackdoorDataset: 3308 / 6979 samples poisoned (target=0, fraction=0.500, seed=165).
08:14:41  INFO      attacks.neurotoxin_client — Neurotoxin client [75] round 84: poisoned 3308/6979 samples (target=0, masked=True).
08:15:10  INFO      datasets.backdoor — BackdoorDataset: 3326 / 6979 samples poisoned (target=0, fraction=0.500, seed=164).
08:15:14  INFO      attacks.neurotoxin_client — Neurotoxin client [73] round 85: poisoned 3326/6979 samples (target=0, masked=True).
08:15:21  INFO      datasets.backdoor — BackdoorDataset: 3325 / 6980 samples poisoned (target=0, fraction=0.500, seed=95).
08:15:25  INFO      attacks.neurotoxin_client — Neurotoxin client [4] round 85: poisoned 3325/6980 samples (target=0, masked=True).
08:15:51  INFO      datasets.backdoor — BackdoorDataset: 3308 / 6979 samples poisoned (target=0, fraction=0.500, seed=167).
08:15:56  INFO      attacks.neurotoxin_client — Neurotoxin client [75] round 86: poisoned 3308/6979 samples (target=0, masked=True).
08:16:13  INFO      datasets.backdoor — BackdoorDataset: 3308 / 6979 samples poisoned (target=0, fraction=0.500, seed=168).
08:16:16  INFO      attacks.neurotoxin_client — Neurotoxin client [75] round 87: poisoned 3308/6979 samples (target=0, masked=True).
08:16:39  INFO      datasets.backdoor — BackdoorDataset: 3326 / 6979 samples poisoned (target=0, fraction=0.500, seed=167).
08:16:42  INFO      attacks.neurotoxin_client — Neurotoxin client [73] round 88: poisoned 3326/6979 samples (target=0, masked=True).
08:17:08  INFO      datasets.backdoor — BackdoorDataset: 3307 / 6979 samples poisoned (target=0, fraction=0.500, seed=157).
08:17:12  INFO      attacks.neurotoxin_client — Neurotoxin client [62] round 89: poisoned 3307/6979 samples (target=0, masked=True).
08:18:41  INFO      experiment.runner — Round   91/150  |  acc:  85.52%  loss: 0.4004  |  ASR:   1.82%  asr_loss: 11.9718  |  mF1: 70.4%
08:18:55  INFO      datasets.backdoor — BackdoorDataset: 3308 / 6979 samples poisoned (target=0, fraction=0.500, seed=172).
08:19:01  INFO      attacks.neurotoxin_client — Neurotoxin client [75] round 91: poisoned 3308/6979 samples (target=0, masked=True).
08:19:34  INFO      datasets.backdoor — BackdoorDataset: 3311 / 6979 samples poisoned (target=0, fraction=0.500, seed=131).
08:19:41  INFO      attacks.neurotoxin_client — Neurotoxin client [33] round 92: poisoned 3311/6979 samples (target=0, masked=True).
08:19:49  INFO      datasets.backdoor — BackdoorDataset: 3327 / 6980 samples poisoned (target=0, fraction=0.500, seed=99).
08:19:53  INFO      attacks.neurotoxin_client — Neurotoxin client [0] round 93: poisoned 3327/6980 samples (target=0, masked=True).
08:20:15  INFO      datasets.backdoor — BackdoorDataset: 3325 / 6980 samples poisoned (target=0, fraction=0.500, seed=104).
08:20:19  INFO      attacks.neurotoxin_client — Neurotoxin client [4] round 94: poisoned 3325/6980 samples (target=0, masked=True).
08:20:26  INFO      datasets.backdoor — BackdoorDataset: 3327 / 6980 samples poisoned (target=0, fraction=0.500, seed=100).
08:20:30  INFO      attacks.neurotoxin_client — Neurotoxin client [0] round 94: poisoned 3327/6980 samples (target=0, masked=True).
08:21:04  INFO      datasets.backdoor — BackdoorDataset: 3321 / 6980 samples poisoned (target=0, fraction=0.500, seed=119).
08:21:08  INFO      attacks.neurotoxin_client — Neurotoxin client [18] round 95: poisoned 3321/6980 samples (target=0, masked=True).
08:22:35  INFO      datasets.backdoor — BackdoorDataset: 3320 / 6980 samples poisoned (target=0, fraction=0.500, seed=115).
08:22:41  INFO      attacks.neurotoxin_client — Neurotoxin client [10] round 99: poisoned 3320/6980 samples (target=0, masked=True).
08:24:25  INFO      experiment.runner — Round  101/150  |  acc:  85.58%  loss: 0.3998  |  ASR:   1.94%  asr_loss: 11.7422  |  mF1: 70.9%
08:24:46  INFO      datasets.backdoor — BackdoorDataset: 3327 / 6980 samples poisoned (target=0, fraction=0.500, seed=107).
08:24:50  INFO      attacks.neurotoxin_client — Neurotoxin client [0] round 101: poisoned 3327/6980 samples (target=0, masked=True).
08:26:05  INFO      datasets.backdoor — BackdoorDataset: 3313 / 6979 samples poisoned (target=0, fraction=0.500, seed=194).
08:26:09  INFO      attacks.neurotoxin_client — Neurotoxin client [84] round 104: poisoned 3313/6979 samples (target=0, masked=True).
08:26:09  INFO      datasets.backdoor — BackdoorDataset: 3325 / 6980 samples poisoned (target=0, fraction=0.500, seed=114).
08:26:13  INFO      attacks.neurotoxin_client — Neurotoxin client [4] round 104: poisoned 3325/6980 samples (target=0, masked=True).
08:27:39  INFO      datasets.backdoor — BackdoorDataset: 3327 / 6980 samples poisoned (target=0, fraction=0.500, seed=114).
08:27:43  INFO      attacks.neurotoxin_client — Neurotoxin client [0] round 108: poisoned 3327/6980 samples (target=0, masked=True).
08:28:17  INFO      datasets.backdoor — BackdoorDataset: 3307 / 6979 samples poisoned (target=0, fraction=0.500, seed=177).
08:28:24  INFO      attacks.neurotoxin_client — Neurotoxin client [62] round 109: poisoned 3307/6979 samples (target=0, masked=True).
08:28:43  INFO      datasets.backdoor — BackdoorDataset: 3327 / 6980 samples poisoned (target=0, fraction=0.500, seed=116).
08:28:47  INFO      attacks.neurotoxin_client — Neurotoxin client [0] round 110: poisoned 3327/6980 samples (target=0, masked=True).
08:29:53  INFO      experiment.runner — Round  111/150  |  acc:  85.73%  loss: 0.3918  |  ASR:   2.00%  asr_loss: 11.8435  |  mF1: 71.1%
08:30:24  INFO      datasets.backdoor — BackdoorDataset: 3327 / 6980 samples poisoned (target=0, fraction=0.500, seed=118).
08:30:28  INFO      attacks.neurotoxin_client — Neurotoxin client [0] round 112: poisoned 3327/6980 samples (target=0, masked=True).
08:30:58  INFO      datasets.backdoor — BackdoorDataset: 3326 / 6979 samples poisoned (target=0, fraction=0.500, seed=192).
08:31:02  INFO      attacks.neurotoxin_client — Neurotoxin client [73] round 113: poisoned 3326/6979 samples (target=0, masked=True).
08:32:14  INFO      datasets.backdoor — BackdoorDataset: 3326 / 6979 samples poisoned (target=0, fraction=0.500, seed=195).
08:32:21  INFO      attacks.neurotoxin_client — Neurotoxin client [73] round 116: poisoned 3326/6979 samples (target=0, masked=True).
08:32:30  INFO      datasets.backdoor — BackdoorDataset: 3320 / 6980 samples poisoned (target=0, fraction=0.500, seed=132).
08:32:34  INFO      attacks.neurotoxin_client — Neurotoxin client [10] round 116: poisoned 3320/6980 samples (target=0, masked=True).
08:32:54  INFO      datasets.backdoor — BackdoorDataset: 3322 / 6979 samples poisoned (target=0, fraction=0.500, seed=220).
08:32:57  INFO      attacks.neurotoxin_client — Neurotoxin client [97] round 117: poisoned 3322/6979 samples (target=0, masked=True).
08:33:02  INFO      datasets.backdoor — BackdoorDataset: 3308 / 6979 samples poisoned (target=0, fraction=0.500, seed=198).
08:33:06  INFO      attacks.neurotoxin_client — Neurotoxin client [75] round 117: poisoned 3308/6979 samples (target=0, masked=True).
08:33:46  INFO      datasets.backdoor — BackdoorDataset: 3313 / 6979 samples poisoned (target=0, fraction=0.500, seed=209).
08:33:50  INFO      attacks.neurotoxin_client — Neurotoxin client [84] round 119: poisoned 3313/6979 samples (target=0, masked=True).
08:35:18  INFO      experiment.runner — Round  121/150  |  acc:  85.76%  loss: 0.3928  |  ASR:   2.13%  asr_loss: 11.6151  |  mF1: 71.0%
08:35:32  INFO      datasets.backdoor — BackdoorDataset: 3327 / 6980 samples poisoned (target=0, fraction=0.500, seed=127).
08:35:36  INFO      attacks.neurotoxin_client — Neurotoxin client [0] round 121: poisoned 3327/6980 samples (target=0, masked=True).
08:35:45  INFO      datasets.backdoor — BackdoorDataset: 3325 / 6980 samples poisoned (target=0, fraction=0.500, seed=132).
08:35:49  INFO      attacks.neurotoxin_client — Neurotoxin client [4] round 122: poisoned 3325/6980 samples (target=0, masked=True).
08:35:52  INFO      datasets.backdoor — BackdoorDataset: 3327 / 6980 samples poisoned (target=0, fraction=0.500, seed=128).
08:35:55  INFO      attacks.neurotoxin_client — Neurotoxin client [0] round 122: poisoned 3327/6980 samples (target=0, masked=True).
08:36:26  INFO      datasets.backdoor — BackdoorDataset: 3327 / 6980 samples poisoned (target=0, fraction=0.500, seed=129).
08:36:30  INFO      attacks.neurotoxin_client — Neurotoxin client [0] round 123: poisoned 3327/6980 samples (target=0, masked=True).
08:36:34  INFO      datasets.backdoor — BackdoorDataset: 3313 / 6979 samples poisoned (target=0, fraction=0.500, seed=213).
08:36:38  INFO      attacks.neurotoxin_client — Neurotoxin client [84] round 123: poisoned 3313/6979 samples (target=0, masked=True).
08:36:47  INFO      datasets.backdoor — BackdoorDataset: 3321 / 6980 samples poisoned (target=0, fraction=0.500, seed=148).
08:36:51  INFO      attacks.neurotoxin_client — Neurotoxin client [18] round 124: poisoned 3321/6980 samples (target=0, masked=True).
08:38:43  INFO      datasets.backdoor — BackdoorDataset: 3308 / 6979 samples poisoned (target=0, fraction=0.500, seed=209).
08:38:46  INFO      attacks.neurotoxin_client — Neurotoxin client [75] round 128: poisoned 3308/6979 samples (target=0, masked=True).
08:38:51  INFO      datasets.backdoor — BackdoorDataset: 3320 / 6980 samples poisoned (target=0, fraction=0.500, seed=144).
08:38:55  INFO      attacks.neurotoxin_client — Neurotoxin client [10] round 128: poisoned 3320/6980 samples (target=0, masked=True).
08:40:44  INFO      experiment.runner — Round  131/150  |  acc:  85.77%  loss: 0.3914  |  ASR:   1.86%  asr_loss: 11.9972  |  mF1: 71.1%
08:40:44  INFO      datasets.backdoor — BackdoorDataset: 3322 / 6979 samples poisoned (target=0, fraction=0.500, seed=234).
08:40:52  INFO      attacks.neurotoxin_client — Neurotoxin client [97] round 131: poisoned 3322/6979 samples (target=0, masked=True).
08:40:54  INFO      datasets.backdoor — BackdoorDataset: 3308 / 6979 samples poisoned (target=0, fraction=0.500, seed=212).
08:40:58  INFO      attacks.neurotoxin_client — Neurotoxin client [75] round 131: poisoned 3308/6979 samples (target=0, masked=True).
08:41:33  INFO      datasets.backdoor — BackdoorDataset: 3313 / 6979 samples poisoned (target=0, fraction=0.500, seed=222).
08:41:41  INFO      attacks.neurotoxin_client — Neurotoxin client [84] round 132: poisoned 3313/6979 samples (target=0, masked=True).
08:41:46  INFO      datasets.backdoor — BackdoorDataset: 3321 / 6980 samples poisoned (target=0, fraction=0.500, seed=157).
08:41:50  INFO      attacks.neurotoxin_client — Neurotoxin client [18] round 133: poisoned 3321/6980 samples (target=0, masked=True).
08:42:31  INFO      datasets.backdoor — BackdoorDataset: 3308 / 6979 samples poisoned (target=0, fraction=0.500, seed=215).
08:42:35  INFO      attacks.neurotoxin_client — Neurotoxin client [75] round 134: poisoned 3308/6979 samples (target=0, masked=True).
08:42:35  INFO      datasets.backdoor — BackdoorDataset: 3327 / 6980 samples poisoned (target=0, fraction=0.500, seed=140).
08:42:39  INFO      attacks.neurotoxin_client — Neurotoxin client [0] round 134: poisoned 3327/6980 samples (target=0, masked=True).
08:42:44  INFO      datasets.backdoor — BackdoorDataset: 3321 / 6980 samples poisoned (target=0, fraction=0.500, seed=159).
08:42:48  INFO      attacks.neurotoxin_client — Neurotoxin client [18] round 135: poisoned 3321/6980 samples (target=0, masked=True).
08:42:48  INFO      datasets.backdoor — BackdoorDataset: 3327 / 6980 samples poisoned (target=0, fraction=0.500, seed=141).
08:42:51  INFO      attacks.neurotoxin_client — Neurotoxin client [0] round 135: poisoned 3327/6980 samples (target=0, masked=True).
08:44:22  INFO      datasets.backdoor — BackdoorDataset: 3311 / 6979 samples poisoned (target=0, fraction=0.500, seed=177).
08:44:25  INFO      attacks.neurotoxin_client — Neurotoxin client [33] round 138: poisoned 3311/6979 samples (target=0, masked=True).
08:44:33  INFO      datasets.backdoor — BackdoorDataset: 3325 / 6980 samples poisoned (target=0, fraction=0.500, seed=149).
08:44:36  INFO      attacks.neurotoxin_client — Neurotoxin client [4] round 139: poisoned 3325/6980 samples (target=0, masked=True).
08:45:20  INFO      datasets.backdoor — BackdoorDataset: 3326 / 6979 samples poisoned (target=0, fraction=0.500, seed=219).
08:45:24  INFO      attacks.neurotoxin_client — Neurotoxin client [73] round 140: poisoned 3326/6979 samples (target=0, masked=True).
08:46:13  INFO      experiment.runner — Round  141/150  |  acc:  85.80%  loss: 0.3909  |  ASR:   1.93%  asr_loss: 11.9751  |  mF1: 71.3%
08:46:39  INFO      datasets.backdoor — BackdoorDataset: 3307 / 6979 samples poisoned (target=0, fraction=0.500, seed=209).
08:46:43  INFO      attacks.neurotoxin_client — Neurotoxin client [62] round 141: poisoned 3307/6979 samples (target=0, masked=True).
08:46:54  INFO      datasets.backdoor — BackdoorDataset: 3321 / 6980 samples poisoned (target=0, fraction=0.500, seed=166).
08:46:58  INFO      attacks.neurotoxin_client — Neurotoxin client [18] round 142: poisoned 3321/6980 samples (target=0, masked=True).
08:47:49  INFO      datasets.backdoor — BackdoorDataset: 3321 / 6980 samples poisoned (target=0, fraction=0.500, seed=168).
08:47:53  INFO      attacks.neurotoxin_client — Neurotoxin client [18] round 144: poisoned 3321/6980 samples (target=0, masked=True).
08:48:01  INFO      datasets.backdoor — BackdoorDataset: 3320 / 6980 samples poisoned (target=0, fraction=0.500, seed=160).
08:48:04  INFO      attacks.neurotoxin_client — Neurotoxin client [10] round 144: poisoned 3320/6980 samples (target=0, masked=True).
08:48:39  INFO      datasets.backdoor — BackdoorDataset: 3325 / 6980 samples poisoned (target=0, fraction=0.500, seed=156).
08:48:43  INFO      attacks.neurotoxin_client — Neurotoxin client [4] round 146: poisoned 3325/6980 samples (target=0, masked=True).
08:48:43  INFO      datasets.backdoor — BackdoorDataset: 3322 / 6979 samples poisoned (target=0, fraction=0.500, seed=249).
08:48:46  INFO      attacks.neurotoxin_client — Neurotoxin client [97] round 146: poisoned 3322/6979 samples (target=0, masked=True).
08:49:27  INFO      datasets.backdoor — BackdoorDataset: 3321 / 6980 samples poisoned (target=0, fraction=0.500, seed=171).
08:49:33  INFO      attacks.neurotoxin_client — Neurotoxin client [18] round 147: poisoned 3321/6980 samples (target=0, masked=True).
08:49:41  INFO      datasets.backdoor — BackdoorDataset: 3327 / 6980 samples poisoned (target=0, fraction=0.500, seed=154).
08:49:44  INFO      attacks.neurotoxin_client — Neurotoxin client [0] round 148: poisoned 3327/6980 samples (target=0, masked=True).
08:51:13  INFO      experiment.runner — Round  150/150  |  acc:  85.90%  loss: 0.3861  |  ASR:   2.26%  asr_loss: 11.7619  |  mF1: 71.7%
08:51:13  INFO      experiment.runner — Final model saved to results/benchmark/femnist_neurotoxin_nnm_krum_seed6/final_model.pt
08:51:13  INFO      experiment.runner — Client atypicality written to results/benchmark/femnist_neurotoxin_nnm_krum_seed6/client_atypicality.json
08:51:13  INFO      experiment.runner — Client inclusion rates written to results/benchmark/femnist_neurotoxin_nnm_krum_seed6/client_inclusion.csv
08:51:13  INFO      benchmark — ✓  femnist_neurotoxin_nnm_krum_seed6  (83.3 min)
08:51:13  INFO      benchmark — ▶  femnist_neurotoxin_nnm_krum_seed7
08:51:13  INFO      experiment.runner — Initialising 'femnist_neurotoxin_nnm_krum_seed7' | device=cuda | rounds=150 | clients=10/100 | attack=neurotoxin | defense=nnm
08:51:14  INFO      defenses.nnm — NNMServer — f=1  base_rule=krum
08:51:35  INFO      experiment.utils — Built 100 clients — 10 malicious, 90 benign.
08:51:35  INFO      datasets.backdoor — BackdoorDataset: 110545 / 110545 samples poisoned (target=0, fraction=1.000, seed=0).
08:51:35  INFO      experiment.runner — Setup complete — 100 clients (10 malicious) | backdoor eval: static-trigger

==============================================================
  Summary — 16 rounds evaluated
==============================================================
  Final clean accuracy               85.90%
  Best  clean accuracy               85.90%
  Final clean loss                   0.3861
  Macro F1                           71.66%
  Final ASR                           2.26%
  Mean ASR (attack window)            1.91%
  Max  ASR (attack window)            2.00%
==============================================================

08:52:45  INFO      experiment.runner — Round    1/150  |  acc:  51.44%  loss: 1.9260  |  ASR:   2.70%  asr_loss: 6.8099  |  mF1: 23.0%
08:57:47  INFO      experiment.runner — Round   11/150  |  acc:  81.04%  loss: 0.5771  |  ASR:   2.27%  asr_loss: 10.4100  |  mF1: 61.8%
09:02:55  INFO      experiment.runner — Round   21/150  |  acc:  82.76%  loss: 0.5032  |  ASR:   1.73%  asr_loss: 11.6561  |  mF1: 64.9%
09:08:06  INFO      experiment.runner — Round   31/150  |  acc:  83.83%  loss: 0.4614  |  ASR:   1.94%  asr_loss: 12.0302  |  mF1: 67.3%
09:10:46  INFO      datasets.backdoor — BackdoorDataset: 3309 / 6979 samples poisoned (target=0, fraction=0.500, seed=118).
09:10:53  INFO      attacks.neurotoxin_client — Neurotoxin client [74] round 37: poisoned 3309/6979 samples (target=0, masked=True).
09:11:07  INFO      datasets.backdoor — BackdoorDataset: 3324 / 6979 samples poisoned (target=0, fraction=0.500, seed=112).
09:11:14  INFO      attacks.neurotoxin_client — Neurotoxin client [68] round 37: poisoned 3324/6979 samples (target=0, masked=True).
09:11:14  INFO      datasets.backdoor — BackdoorDataset: 3332 / 6980 samples poisoned (target=0, fraction=0.500, seed=63).
09:11:20  INFO      attacks.neurotoxin_client — Neurotoxin client [19] round 37: poisoned 3332/6980 samples (target=0, masked=True).
09:11:39  INFO      datasets.backdoor — BackdoorDataset: 3332 / 6980 samples poisoned (target=0, fraction=0.500, seed=64).
09:11:42  INFO      attacks.neurotoxin_client — Neurotoxin client [19] round 38: poisoned 3332/6980 samples (target=0, masked=True).
09:12:06  INFO      datasets.backdoor — BackdoorDataset: 3308 / 6979 samples poisoned (target=0, fraction=0.500, seed=87).
09:12:10  INFO      attacks.neurotoxin_client — Neurotoxin client [41] round 39: poisoned 3308/6979 samples (target=0, masked=True).
09:13:31  INFO      experiment.runner — Round   41/150  |  acc:  84.53%  loss: 0.4417  |  ASR:   1.89%  asr_loss: 11.9436  |  mF1: 69.0%
09:13:31  INFO      datasets.backdoor — BackdoorDataset: 3316 / 6980 samples poisoned (target=0, fraction=0.500, seed=60).
09:13:35  INFO      attacks.neurotoxin_client — Neurotoxin client [12] round 41: poisoned 3316/6980 samples (target=0, masked=True).
09:13:54  INFO      datasets.backdoor — BackdoorDataset: 3308 / 6979 samples poisoned (target=0, fraction=0.500, seed=89).
09:13:58  INFO      attacks.neurotoxin_client — Neurotoxin client [41] round 41: poisoned 3308/6979 samples (target=0, masked=True).
09:14:21  INFO      datasets.backdoor — BackdoorDataset: 3324 / 6979 samples poisoned (target=0, fraction=0.500, seed=117).
09:14:25  INFO      attacks.neurotoxin_client — Neurotoxin client [68] round 42: poisoned 3324/6979 samples (target=0, masked=True).
09:14:51  INFO      datasets.backdoor — BackdoorDataset: 3304 / 6979 samples poisoned (target=0, fraction=0.500, seed=100).
09:14:58  INFO      attacks.neurotoxin_client — Neurotoxin client [50] round 43: poisoned 3304/6979 samples (target=0, masked=True).
09:15:05  INFO      datasets.backdoor — BackdoorDataset: 3309 / 6980 samples poisoned (target=0, fraction=0.500, seed=60).
09:15:09  INFO      attacks.neurotoxin_client — Neurotoxin client [9] round 44: poisoned 3309/6980 samples (target=0, masked=True).
09:15:25  INFO      datasets.backdoor — BackdoorDataset: 3332 / 6980 samples poisoned (target=0, fraction=0.500, seed=71).
09:15:29  INFO      attacks.neurotoxin_client — Neurotoxin client [19] round 45: poisoned 3332/6980 samples (target=0, masked=True).
09:15:38  INFO      datasets.backdoor — BackdoorDataset: 3323 / 6979 samples poisoned (target=0, fraction=0.500, seed=98).
09:15:45  INFO      attacks.neurotoxin_client — Neurotoxin client [46] round 45: poisoned 3323/6979 samples (target=0, masked=True).
09:16:00  INFO      datasets.backdoor — BackdoorDataset: 3316 / 6980 samples poisoned (target=0, fraction=0.500, seed=65).
09:16:04  INFO      attacks.neurotoxin_client — Neurotoxin client [12] round 46: poisoned 3316/6980 samples (target=0, masked=True).
09:16:04  INFO      datasets.backdoor — BackdoorDataset: 3304 / 6979 samples poisoned (target=0, fraction=0.500, seed=103).
09:16:08  INFO      attacks.neurotoxin_client — Neurotoxin client [50] round 46: poisoned 3304/6979 samples (target=0, masked=True).
09:16:49  INFO      datasets.backdoor — BackdoorDataset: 3323 / 6979 samples poisoned (target=0, fraction=0.500, seed=100).
09:16:53  INFO      attacks.neurotoxin_client — Neurotoxin client [46] round 47: poisoned 3323/6979 samples (target=0, masked=True).
09:18:11  INFO      datasets.backdoor — BackdoorDataset: 3332 / 6980 samples poisoned (target=0, fraction=0.500, seed=76).
09:18:14  INFO      attacks.neurotoxin_client — Neurotoxin client [19] round 50: poisoned 3332/6980 samples (target=0, masked=True).
09:19:15  INFO      experiment.runner — Round   51/150  |  acc:  84.63%  loss: 0.4313  |  ASR:   1.91%  asr_loss: 12.2559  |  mF1: 69.5%
09:19:15  INFO      datasets.backdoor — BackdoorDataset: 3324 / 6979 samples poisoned (target=0, fraction=0.500, seed=126).
09:19:19  INFO      attacks.neurotoxin_client — Neurotoxin client [68] round 51: poisoned 3324/6979 samples (target=0, masked=True).
09:19:28  INFO      datasets.backdoor — BackdoorDataset: 3308 / 6979 samples poisoned (target=0, fraction=0.500, seed=99).
09:19:32  INFO      attacks.neurotoxin_client — Neurotoxin client [41] round 51: poisoned 3308/6979 samples (target=0, masked=True).
09:19:47  INFO      datasets.backdoor — BackdoorDataset: 3309 / 6980 samples poisoned (target=0, fraction=0.500, seed=68).
09:19:51  INFO      attacks.neurotoxin_client — Neurotoxin client [9] round 52: poisoned 3309/6980 samples (target=0, masked=True).
09:21:01  INFO      datasets.backdoor — BackdoorDataset: 3319 / 6980 samples poisoned (target=0, fraction=0.500, seed=67).
09:21:08  INFO      attacks.neurotoxin_client — Neurotoxin client [6] round 54: poisoned 3319/6980 samples (target=0, masked=True).
09:22:23  INFO      datasets.backdoor — BackdoorDataset: 3319 / 6979 samples poisoned (target=0, fraction=0.500, seed=147).
09:22:27  INFO      attacks.neurotoxin_client — Neurotoxin client [83] round 57: poisoned 3319/6979 samples (target=0, masked=True).
09:22:37  INFO      datasets.backdoor — BackdoorDataset: 3304 / 6979 samples poisoned (target=0, fraction=0.500, seed=115).
09:22:40  INFO      attacks.neurotoxin_client — Neurotoxin client [50] round 58: poisoned 3304/6979 samples (target=0, masked=True).
09:23:18  INFO      datasets.backdoor — BackdoorDataset: 3319 / 6980 samples poisoned (target=0, fraction=0.500, seed=72).
09:23:22  INFO      attacks.neurotoxin_client — Neurotoxin client [6] round 59: poisoned 3319/6980 samples (target=0, masked=True).
09:23:27  INFO      datasets.backdoor — BackdoorDataset: 3309 / 6980 samples poisoned (target=0, fraction=0.500, seed=76).
09:23:30  INFO      attacks.neurotoxin_client — Neurotoxin client [9] round 60: poisoned 3309/6980 samples (target=0, masked=True).
09:24:41  INFO      experiment.runner — Round   61/150  |  acc:  84.93%  loss: 0.4239  |  ASR:   1.73%  asr_loss: 12.7322  |  mF1: 69.5%
09:25:20  INFO      datasets.backdoor — BackdoorDataset: 3323 / 6979 samples poisoned (target=0, fraction=0.500, seed=115).
09:25:32  INFO      attacks.neurotoxin_client — Neurotoxin client [46] round 62: poisoned 3323/6979 samples (target=0, masked=True).
09:25:38  INFO      datasets.backdoor — BackdoorDataset: 3308 / 6979 samples poisoned (target=0, fraction=0.500, seed=110).
09:25:41  INFO      attacks.neurotoxin_client — Neurotoxin client [41] round 62: poisoned 3308/6979 samples (target=0, masked=True).
09:26:12  INFO      datasets.backdoor — BackdoorDataset: 3319 / 6979 samples poisoned (target=0, fraction=0.500, seed=154).
09:26:16  INFO      attacks.neurotoxin_client — Neurotoxin client [83] round 64: poisoned 3319/6979 samples (target=0, masked=True).
09:26:41  INFO      datasets.backdoor — BackdoorDataset: 3304 / 6979 samples poisoned (target=0, fraction=0.500, seed=122).
09:26:47  INFO      attacks.neurotoxin_client — Neurotoxin client [50] round 65: poisoned 3304/6979 samples (target=0, masked=True).
09:27:01  INFO      datasets.backdoor — BackdoorDataset: 3309 / 6979 samples poisoned (target=0, fraction=0.500, seed=146).
09:27:08  INFO      attacks.neurotoxin_client — Neurotoxin client [74] round 65: poisoned 3309/6979 samples (target=0, masked=True).
09:27:15  INFO      datasets.backdoor — BackdoorDataset: 3332 / 6980 samples poisoned (target=0, fraction=0.500, seed=92).
09:27:19  INFO      attacks.neurotoxin_client — Neurotoxin client [19] round 66: poisoned 3332/6980 samples (target=0, masked=True).
09:27:30  INFO      datasets.backdoor — BackdoorDataset: 3308 / 6979 samples poisoned (target=0, fraction=0.500, seed=114).
09:27:34  INFO      attacks.neurotoxin_client — Neurotoxin client [41] round 66: poisoned 3308/6979 samples (target=0, masked=True).
09:27:39  INFO      datasets.backdoor — BackdoorDataset: 3332 / 6980 samples poisoned (target=0, fraction=0.500, seed=93).
09:27:43  INFO      attacks.neurotoxin_client — Neurotoxin client [19] round 67: poisoned 3332/6980 samples (target=0, masked=True).
09:28:35  INFO      datasets.backdoor — BackdoorDataset: 3309 / 6979 samples poisoned (target=0, fraction=0.500, seed=150).
09:28:39  INFO      attacks.neurotoxin_client — Neurotoxin client [74] round 69: poisoned 3309/6979 samples (target=0, masked=True).
09:29:01  INFO      datasets.backdoor — BackdoorDataset: 3323 / 6979 samples poisoned (target=0, fraction=0.500, seed=123).
09:29:04  INFO      attacks.neurotoxin_client — Neurotoxin client [46] round 70: poisoned 3323/6979 samples (target=0, masked=True).
09:29:18  INFO      datasets.backdoor — BackdoorDataset: 3319 / 6980 samples poisoned (target=0, fraction=0.500, seed=83).
09:29:25  INFO      attacks.neurotoxin_client — Neurotoxin client [6] round 70: poisoned 3319/6980 samples (target=0, masked=True).
09:29:32  INFO      datasets.backdoor — BackdoorDataset: 3324 / 6979 samples poisoned (target=0, fraction=0.500, seed=145).
09:29:35  INFO      attacks.neurotoxin_client — Neurotoxin client [68] round 70: poisoned 3324/6979 samples (target=0, masked=True).
09:30:17  INFO      experiment.runner — Round   71/150  |  acc:  85.01%  loss: 0.4208  |  ASR:   2.28%  asr_loss: 11.1344  |  mF1: 69.8%
09:30:45  INFO      datasets.backdoor — BackdoorDataset: 3324 / 6979 samples poisoned (target=0, fraction=0.500, seed=146).
09:30:49  INFO      attacks.neurotoxin_client — Neurotoxin client [68] round 71: poisoned 3324/6979 samples (target=0, masked=True).
09:31:08  INFO      datasets.backdoor — BackdoorDataset: 3309 / 6980 samples poisoned (target=0, fraction=0.500, seed=88).
09:31:12  INFO      attacks.neurotoxin_client — Neurotoxin client [9] round 72: poisoned 3309/6980 samples (target=0, masked=True).
09:31:29  INFO      datasets.backdoor — BackdoorDataset: 3319 / 6979 samples poisoned (target=0, fraction=0.500, seed=163).
09:31:33  INFO      attacks.neurotoxin_client — Neurotoxin client [83] round 73: poisoned 3319/6979 samples (target=0, masked=True).
09:31:43  INFO      datasets.backdoor — BackdoorDataset: 3309 / 6980 samples poisoned (target=0, fraction=0.500, seed=90).
09:31:52  INFO      attacks.neurotoxin_client — Neurotoxin client [9] round 74: poisoned 3309/6980 samples (target=0, masked=True).
09:32:16  INFO      datasets.backdoor — BackdoorDataset: 3309 / 6980 samples poisoned (target=0, fraction=0.500, seed=91).
09:32:20  INFO      attacks.neurotoxin_client — Neurotoxin client [9] round 75: poisoned 3309/6980 samples (target=0, masked=True).
09:32:30  INFO      datasets.backdoor — BackdoorDataset: 3319 / 6979 samples poisoned (target=0, fraction=0.500, seed=165).
09:32:33  INFO      attacks.neurotoxin_client — Neurotoxin client [83] round 75: poisoned 3319/6979 samples (target=0, masked=True).
09:33:09  INFO      datasets.backdoor — BackdoorDataset: 3316 / 6980 samples poisoned (target=0, fraction=0.500, seed=95).
09:33:18  INFO      attacks.neurotoxin_client — Neurotoxin client [12] round 76: poisoned 3316/6980 samples (target=0, masked=True).
09:34:05  INFO      datasets.backdoor — BackdoorDataset: 3309 / 6980 samples poisoned (target=0, fraction=0.500, seed=94).
09:34:09  INFO      attacks.neurotoxin_client — Neurotoxin client [9] round 78: poisoned 3309/6980 samples (target=0, masked=True).
09:34:26  INFO      datasets.backdoor — BackdoorDataset: 3309 / 6980 samples poisoned (target=0, fraction=0.500, seed=95).
09:34:36  INFO      attacks.neurotoxin_client — Neurotoxin client [9] round 79: poisoned 3309/6980 samples (target=0, masked=True).
09:34:37  INFO      datasets.backdoor — BackdoorDataset: 3309 / 6979 samples poisoned (target=0, fraction=0.500, seed=160).
09:34:43  INFO      attacks.neurotoxin_client — Neurotoxin client [74] round 79: poisoned 3309/6979 samples (target=0, masked=True).
09:34:55  INFO      datasets.backdoor — BackdoorDataset: 3323 / 6979 samples poisoned (target=0, fraction=0.500, seed=133).
09:34:59  INFO      attacks.neurotoxin_client — Neurotoxin client [46] round 80: poisoned 3323/6979 samples (target=0, masked=True).
09:36:12  INFO      experiment.runner — Round   81/150  |  acc:  85.23%  loss: 0.4112  |  ASR:   2.25%  asr_loss: 11.7747  |  mF1: 70.6%
09:36:17  INFO      datasets.backdoor — BackdoorDataset: 3304 / 6979 samples poisoned (target=0, fraction=0.500, seed=138).
09:36:21  INFO      attacks.neurotoxin_client — Neurotoxin client [50] round 81: poisoned 3304/6979 samples (target=0, masked=True).
09:37:03  INFO      datasets.backdoor — BackdoorDataset: 3308 / 6979 samples poisoned (target=0, fraction=0.500, seed=130).
09:37:07  INFO      attacks.neurotoxin_client — Neurotoxin client [41] round 82: poisoned 3308/6979 samples (target=0, masked=True).
09:37:12  INFO      datasets.backdoor — BackdoorDataset: 3304 / 6979 samples poisoned (target=0, fraction=0.500, seed=140).
09:37:18  INFO      attacks.neurotoxin_client — Neurotoxin client [50] round 83: poisoned 3304/6979 samples (target=0, masked=True).
09:37:41  INFO      datasets.backdoor — BackdoorDataset: 3304 / 6979 samples poisoned (target=0, fraction=0.500, seed=141).
09:37:45  INFO      attacks.neurotoxin_client — Neurotoxin client [50] round 84: poisoned 3304/6979 samples (target=0, masked=True).
09:37:51  INFO      datasets.backdoor — BackdoorDataset: 3309 / 6980 samples poisoned (target=0, fraction=0.500, seed=100).
09:37:58  INFO      attacks.neurotoxin_client — Neurotoxin client [9] round 84: poisoned 3309/6980 samples (target=0, masked=True).
09:37:59  INFO      datasets.backdoor — BackdoorDataset: 3323 / 6979 samples poisoned (target=0, fraction=0.500, seed=137).
09:38:06  INFO      attacks.neurotoxin_client — Neurotoxin client [46] round 84: poisoned 3323/6979 samples (target=0, masked=True).
09:38:14  INFO      datasets.backdoor — BackdoorDataset: 3319 / 6980 samples poisoned (target=0, fraction=0.500, seed=98).
09:38:18  INFO      attacks.neurotoxin_client — Neurotoxin client [6] round 85: poisoned 3319/6980 samples (target=0, masked=True).
09:38:29  INFO      datasets.backdoor — BackdoorDataset: 3332 / 6980 samples poisoned (target=0, fraction=0.500, seed=111).
09:38:33  INFO      attacks.neurotoxin_client — Neurotoxin client [19] round 85: poisoned 3332/6980 samples (target=0, masked=True).
09:39:16  INFO      datasets.backdoor — BackdoorDataset: 3319 / 6980 samples poisoned (target=0, fraction=0.500, seed=100).
09:39:19  INFO      attacks.neurotoxin_client — Neurotoxin client [6] round 87: poisoned 3319/6980 samples (target=0, masked=True).
09:39:46  INFO      datasets.backdoor — BackdoorDataset: 3319 / 6980 samples poisoned (target=0, fraction=0.500, seed=101).
09:39:51  INFO      attacks.neurotoxin_client — Neurotoxin client [6] round 88: poisoned 3319/6980 samples (target=0, masked=True).
09:40:17  INFO      datasets.backdoor — BackdoorDataset: 3319 / 6979 samples poisoned (target=0, fraction=0.500, seed=179).
09:40:20  INFO      attacks.neurotoxin_client — Neurotoxin client [83] round 89: poisoned 3319/6979 samples (target=0, masked=True).
09:40:35  INFO      datasets.backdoor — BackdoorDataset: 3304 / 6979 samples poisoned (target=0, fraction=0.500, seed=147).
09:40:42  INFO      attacks.neurotoxin_client — Neurotoxin client [50] round 90: poisoned 3304/6979 samples (target=0, masked=True).
09:40:54  INFO      datasets.backdoor — BackdoorDataset: 3309 / 6980 samples poisoned (target=0, fraction=0.500, seed=106).
09:40:58  INFO      attacks.neurotoxin_client — Neurotoxin client [9] round 90: poisoned 3309/6980 samples (target=0, masked=True).
09:41:50  INFO      experiment.runner — Round   91/150  |  acc:  85.27%  loss: 0.4104  |  ASR:   2.50%  asr_loss: 11.0230  |  mF1: 70.5%
09:43:18  INFO      datasets.backdoor — BackdoorDataset: 3323 / 6979 samples poisoned (target=0, fraction=0.500, seed=147).
09:43:22  INFO      attacks.neurotoxin_client — Neurotoxin client [46] round 94: poisoned 3323/6979 samples (target=0, masked=True).
09:44:28  INFO      datasets.backdoor — BackdoorDataset: 3309 / 6980 samples poisoned (target=0, fraction=0.500, seed=113).
09:44:32  INFO      attacks.neurotoxin_client — Neurotoxin client [9] round 97: poisoned 3309/6980 samples (target=0, masked=True).
09:44:32  INFO      datasets.backdoor — BackdoorDataset: 3304 / 6979 samples poisoned (target=0, fraction=0.500, seed=154).
09:44:35  INFO      attacks.neurotoxin_client — Neurotoxin client [50] round 97: poisoned 3304/6979 samples (target=0, masked=True).
09:44:49  INFO      datasets.backdoor — BackdoorDataset: 3332 / 6980 samples poisoned (target=0, fraction=0.500, seed=123).
09:44:56  INFO      attacks.neurotoxin_client — Neurotoxin client [19] round 97: poisoned 3332/6980 samples (target=0, masked=True).
09:46:12  INFO      datasets.backdoor — BackdoorDataset: 3316 / 6980 samples poisoned (target=0, fraction=0.500, seed=119).
09:46:23  INFO      attacks.neurotoxin_client — Neurotoxin client [12] round 100: poisoned 3316/6980 samples (target=0, masked=True).
09:46:23  INFO      datasets.backdoor — BackdoorDataset: 3309 / 6980 samples poisoned (target=0, fraction=0.500, seed=116).
09:46:31  INFO      attacks.neurotoxin_client — Neurotoxin client [9] round 100: poisoned 3309/6980 samples (target=0, masked=True).
09:47:20  INFO      experiment.runner — Round  101/150  |  acc:  85.27%  loss: 0.4082  |  ASR:   2.61%  asr_loss: 11.1719  |  mF1: 70.3%
09:47:24  INFO      datasets.backdoor — BackdoorDataset: 3309 / 6979 samples poisoned (target=0, fraction=0.500, seed=182).
09:47:31  INFO      attacks.neurotoxin_client — Neurotoxin client [74] round 101: poisoned 3309/6979 samples (target=0, masked=True).
09:47:50  INFO      datasets.backdoor — BackdoorDataset: 3324 / 6979 samples poisoned (target=0, fraction=0.500, seed=176).
09:47:53  INFO      attacks.neurotoxin_client — Neurotoxin client [68] round 101: poisoned 3324/6979 samples (target=0, masked=True).
09:48:28  INFO      datasets.backdoor — BackdoorDataset: 3319 / 6979 samples poisoned (target=0, fraction=0.500, seed=193).
09:48:36  INFO      attacks.neurotoxin_client — Neurotoxin client [83] round 103: poisoned 3319/6979 samples (target=0, masked=True).
09:49:27  INFO      datasets.backdoor — BackdoorDataset: 3323 / 6979 samples poisoned (target=0, fraction=0.500, seed=158).
09:49:33  INFO      attacks.neurotoxin_client — Neurotoxin client [46] round 105: poisoned 3323/6979 samples (target=0, masked=True).
09:49:37  INFO      datasets.backdoor — BackdoorDataset: 3304 / 6979 samples poisoned (target=0, fraction=0.500, seed=162).
09:49:44  INFO      attacks.neurotoxin_client — Neurotoxin client [50] round 105: poisoned 3304/6979 samples (target=0, masked=True).
09:50:58  INFO      datasets.backdoor — BackdoorDataset: 3304 / 6979 samples poisoned (target=0, fraction=0.500, seed=165).
09:51:01  INFO      attacks.neurotoxin_client — Neurotoxin client [50] round 108: poisoned 3304/6979 samples (target=0, masked=True).
09:51:01  INFO      datasets.backdoor — BackdoorDataset: 3319 / 6980 samples poisoned (target=0, fraction=0.500, seed=121).
09:51:08  INFO      attacks.neurotoxin_client — Neurotoxin client [6] round 108: poisoned 3319/6980 samples (target=0, masked=True).
09:51:23  INFO      datasets.backdoor — BackdoorDataset: 3319 / 6980 samples poisoned (target=0, fraction=0.500, seed=122).
09:51:27  INFO      attacks.neurotoxin_client — Neurotoxin client [6] round 109: poisoned 3319/6980 samples (target=0, masked=True).
09:51:34  INFO      datasets.backdoor — BackdoorDataset: 3304 / 6979 samples poisoned (target=0, fraction=0.500, seed=166).
09:51:37  INFO      attacks.neurotoxin_client — Neurotoxin client [50] round 109: poisoned 3304/6979 samples (target=0, masked=True).
09:52:51  INFO      experiment.runner — Round  111/150  |  acc:  85.54%  loss: 0.4007  |  ASR:   2.01%  asr_loss: 11.5994  |  mF1: 70.8%
09:52:51  INFO      datasets.backdoor — BackdoorDataset: 3319 / 6979 samples poisoned (target=0, fraction=0.500, seed=201).
09:52:57  INFO      attacks.neurotoxin_client — Neurotoxin client [83] round 111: poisoned 3319/6979 samples (target=0, masked=True).
09:54:09  INFO      datasets.backdoor — BackdoorDataset: 3319 / 6980 samples poisoned (target=0, fraction=0.500, seed=126).
09:54:16  INFO      attacks.neurotoxin_client — Neurotoxin client [6] round 113: poisoned 3319/6980 samples (target=0, masked=True).
09:54:34  INFO      datasets.backdoor — BackdoorDataset: 3308 / 6979 samples poisoned (target=0, fraction=0.500, seed=162).
09:54:42  INFO      attacks.neurotoxin_client — Neurotoxin client [41] round 114: poisoned 3308/6979 samples (target=0, masked=True).
09:54:42  INFO      datasets.backdoor — BackdoorDataset: 3323 / 6979 samples poisoned (target=0, fraction=0.500, seed=167).
09:54:49  INFO      attacks.neurotoxin_client — Neurotoxin client [46] round 114: poisoned 3323/6979 samples (target=0, masked=True).
09:55:38  INFO      datasets.backdoor — BackdoorDataset: 3323 / 6979 samples poisoned (target=0, fraction=0.500, seed=169).
09:55:42  INFO      attacks.neurotoxin_client — Neurotoxin client [46] round 116: poisoned 3323/6979 samples (target=0, masked=True).
09:57:18  INFO      datasets.backdoor — BackdoorDataset: 3332 / 6980 samples poisoned (target=0, fraction=0.500, seed=146).
09:57:22  INFO      attacks.neurotoxin_client — Neurotoxin client [19] round 120: poisoned 3332/6980 samples (target=0, masked=True).
09:57:27  INFO      datasets.backdoor — BackdoorDataset: 3308 / 6979 samples poisoned (target=0, fraction=0.500, seed=168).
09:57:31  INFO      attacks.neurotoxin_client — Neurotoxin client [41] round 120: poisoned 3308/6979 samples (target=0, masked=True).
09:58:38  INFO      experiment.runner — Round  121/150  |  acc:  85.50%  loss: 0.3999  |  ASR:   2.40%  asr_loss: 11.3005  |  mF1: 71.0%
09:58:38  INFO      datasets.backdoor — BackdoorDataset: 3323 / 6979 samples poisoned (target=0, fraction=0.500, seed=174).
09:58:42  INFO      attacks.neurotoxin_client — Neurotoxin client [46] round 121: poisoned 3323/6979 samples (target=0, masked=True).
09:58:52  INFO      datasets.backdoor — BackdoorDataset: 3304 / 6979 samples poisoned (target=0, fraction=0.500, seed=178).
09:58:55  INFO      attacks.neurotoxin_client — Neurotoxin client [50] round 121: poisoned 3304/6979 samples (target=0, masked=True).
09:59:09  INFO      datasets.backdoor — BackdoorDataset: 3319 / 6979 samples poisoned (target=0, fraction=0.500, seed=212).
09:59:16  INFO      attacks.neurotoxin_client — Neurotoxin client [83] round 122: poisoned 3319/6979 samples (target=0, masked=True).
09:59:28  INFO      datasets.backdoor — BackdoorDataset: 3308 / 6979 samples poisoned (target=0, fraction=0.500, seed=170).
09:59:31  INFO      attacks.neurotoxin_client — Neurotoxin client [41] round 122: poisoned 3308/6979 samples (target=0, masked=True).
09:59:41  INFO      datasets.backdoor — BackdoorDataset: 3309 / 6980 samples poisoned (target=0, fraction=0.500, seed=139).
09:59:44  INFO      attacks.neurotoxin_client — Neurotoxin client [9] round 123: poisoned 3309/6980 samples (target=0, masked=True).
09:59:54  INFO      datasets.backdoor — BackdoorDataset: 3316 / 6980 samples poisoned (target=0, fraction=0.500, seed=142).
09:59:58  INFO      attacks.neurotoxin_client — Neurotoxin client [12] round 123: poisoned 3316/6980 samples (target=0, masked=True).
10:00:32  INFO      datasets.backdoor — BackdoorDataset: 3324 / 6979 samples poisoned (target=0, fraction=0.500, seed=199).
10:00:36  INFO      attacks.neurotoxin_client — Neurotoxin client [68] round 124: poisoned 3324/6979 samples (target=0, masked=True).
10:01:22  INFO      datasets.backdoor — BackdoorDataset: 3332 / 6980 samples poisoned (target=0, fraction=0.500, seed=152).
10:01:29  INFO      attacks.neurotoxin_client — Neurotoxin client [19] round 126: poisoned 3332/6980 samples (target=0, masked=True).
10:01:32  INFO      datasets.backdoor — BackdoorDataset: 3309 / 6979 samples poisoned (target=0, fraction=0.500, seed=207).
10:01:36  INFO      attacks.neurotoxin_client — Neurotoxin client [74] round 126: poisoned 3309/6979 samples (target=0, masked=True).
10:01:39  INFO      datasets.backdoor — BackdoorDataset: 3308 / 6979 samples poisoned (target=0, fraction=0.500, seed=175).
10:01:42  INFO      attacks.neurotoxin_client — Neurotoxin client [41] round 127: poisoned 3308/6979 samples (target=0, masked=True).
10:01:45  INFO      datasets.backdoor — BackdoorDataset: 3304 / 6979 samples poisoned (target=0, fraction=0.500, seed=184).
10:01:49  INFO      attacks.neurotoxin_client — Neurotoxin client [50] round 127: poisoned 3304/6979 samples (target=0, masked=True).
10:02:00  INFO      datasets.backdoor — BackdoorDataset: 3319 / 6979 samples poisoned (target=0, fraction=0.500, seed=217).
10:02:04  INFO      attacks.neurotoxin_client — Neurotoxin client [83] round 127: poisoned 3319/6979 samples (target=0, masked=True).
10:02:04  INFO      datasets.backdoor — BackdoorDataset: 3316 / 6980 samples poisoned (target=0, fraction=0.500, seed=147).
10:02:09  INFO      attacks.neurotoxin_client — Neurotoxin client [12] round 128: poisoned 3316/6980 samples (target=0, masked=True).
10:02:09  INFO      datasets.backdoor — BackdoorDataset: 3319 / 6979 samples poisoned (target=0, fraction=0.500, seed=218).
10:02:12  INFO      attacks.neurotoxin_client — Neurotoxin client [83] round 128: poisoned 3319/6979 samples (target=0, masked=True).
10:02:43  INFO      datasets.backdoor — BackdoorDataset: 3319 / 6980 samples poisoned (target=0, fraction=0.500, seed=142).
10:02:47  INFO      attacks.neurotoxin_client — Neurotoxin client [6] round 129: poisoned 3319/6980 samples (target=0, masked=True).
10:02:54  INFO      datasets.backdoor — BackdoorDataset: 3309 / 6979 samples poisoned (target=0, fraction=0.500, seed=210).
10:03:01  INFO      attacks.neurotoxin_client — Neurotoxin client [74] round 129: poisoned 3309/6979 samples (target=0, masked=True).
10:03:01  INFO      datasets.backdoor — BackdoorDataset: 3309 / 6980 samples poisoned (target=0, fraction=0.500, seed=145).
10:03:07  INFO      attacks.neurotoxin_client — Neurotoxin client [9] round 129: poisoned 3309/6980 samples (target=0, masked=True).
10:04:30  INFO      experiment.runner — Round  131/150  |  acc:  85.66%  loss: 0.3962  |  ASR:   2.08%  asr_loss: 11.1949  |  mF1: 71.2%
10:05:09  INFO      datasets.backdoor — BackdoorDataset: 3319 / 6979 samples poisoned (target=0, fraction=0.500, seed=222).
10:05:16  INFO      attacks.neurotoxin_client — Neurotoxin client [83] round 132: poisoned 3319/6979 samples (target=0, masked=True).
10:05:20  INFO      datasets.backdoor — BackdoorDataset: 3308 / 6979 samples poisoned (target=0, fraction=0.500, seed=180).
10:05:26  INFO      attacks.neurotoxin_client — Neurotoxin client [41] round 132: poisoned 3308/6979 samples (target=0, masked=True).
10:05:41  INFO      datasets.backdoor — BackdoorDataset: 3309 / 6980 samples poisoned (target=0, fraction=0.500, seed=149).
10:05:44  INFO      attacks.neurotoxin_client — Neurotoxin client [9] round 133: poisoned 3309/6980 samples (target=0, masked=True).
10:06:02  INFO      datasets.backdoor — BackdoorDataset: 3316 / 6980 samples poisoned (target=0, fraction=0.500, seed=153).
10:06:08  INFO      attacks.neurotoxin_client — Neurotoxin client [12] round 134: poisoned 3316/6980 samples (target=0, masked=True).
10:06:09  INFO      datasets.backdoor — BackdoorDataset: 3304 / 6979 samples poisoned (target=0, fraction=0.500, seed=191).
10:06:14  INFO      attacks.neurotoxin_client — Neurotoxin client [50] round 134: poisoned 3304/6979 samples (target=0, masked=True).
10:06:19  INFO      datasets.backdoor — BackdoorDataset: 3332 / 6980 samples poisoned (target=0, fraction=0.500, seed=160).
10:06:26  INFO      attacks.neurotoxin_client — Neurotoxin client [19] round 134: poisoned 3332/6980 samples (target=0, masked=True).
10:06:30  INFO      datasets.backdoor — BackdoorDataset: 3324 / 6979 samples poisoned (target=0, fraction=0.500, seed=209).
10:06:37  INFO      attacks.neurotoxin_client — Neurotoxin client [68] round 134: poisoned 3324/6979 samples (target=0, masked=True).
10:06:40  INFO      datasets.backdoor — BackdoorDataset: 3319 / 6979 samples poisoned (target=0, fraction=0.500, seed=225).
10:06:44  INFO      attacks.neurotoxin_client — Neurotoxin client [83] round 135: poisoned 3319/6979 samples (target=0, masked=True).
10:06:47  INFO      datasets.backdoor — BackdoorDataset: 3304 / 6979 samples poisoned (target=0, fraction=0.500, seed=192).
10:06:50  INFO      attacks.neurotoxin_client — Neurotoxin client [50] round 135: poisoned 3304/6979 samples (target=0, masked=True).
10:07:07  INFO      datasets.backdoor — BackdoorDataset: 3319 / 6980 samples poisoned (target=0, fraction=0.500, seed=149).
10:07:11  INFO      attacks.neurotoxin_client — Neurotoxin client [6] round 136: poisoned 3319/6980 samples (target=0, masked=True).
10:07:29  INFO      datasets.backdoor — BackdoorDataset: 3323 / 6979 samples poisoned (target=0, fraction=0.500, seed=189).
10:07:38  INFO      attacks.neurotoxin_client — Neurotoxin client [46] round 136: poisoned 3323/6979 samples (target=0, masked=True).
10:07:46  INFO      datasets.backdoor — BackdoorDataset: 3304 / 6979 samples poisoned (target=0, fraction=0.500, seed=194).
10:07:52  INFO      attacks.neurotoxin_client — Neurotoxin client [50] round 137: poisoned 3304/6979 samples (target=0, masked=True).
10:08:18  INFO      datasets.backdoor — BackdoorDataset: 3323 / 6979 samples poisoned (target=0, fraction=0.500, seed=191).
10:08:22  INFO      attacks.neurotoxin_client — Neurotoxin client [46] round 138: poisoned 3323/6979 samples (target=0, masked=True).
10:08:33  INFO      datasets.backdoor — BackdoorDataset: 3319 / 6980 samples poisoned (target=0, fraction=0.500, seed=151).
10:08:37  INFO      attacks.neurotoxin_client — Neurotoxin client [6] round 138: poisoned 3319/6980 samples (target=0, masked=True).
10:08:46  INFO      datasets.backdoor — BackdoorDataset: 3304 / 6979 samples poisoned (target=0, fraction=0.500, seed=196).
10:08:57  INFO      attacks.neurotoxin_client — Neurotoxin client [50] round 139: poisoned 3304/6979 samples (target=0, masked=True).
10:10:39  INFO      experiment.runner — Round  141/150  |  acc:  85.79%  loss: 0.3939  |  ASR:   1.86%  asr_loss: 11.2504  |  mF1: 71.3%
10:10:56  INFO      datasets.backdoor — BackdoorDataset: 3319 / 6980 samples poisoned (target=0, fraction=0.500, seed=154).
10:11:00  INFO      attacks.neurotoxin_client — Neurotoxin client [6] round 141: poisoned 3319/6980 samples (target=0, masked=True).
10:12:05  INFO      datasets.backdoor — BackdoorDataset: 3332 / 6980 samples poisoned (target=0, fraction=0.500, seed=170).
10:12:10  INFO      attacks.neurotoxin_client — Neurotoxin client [19] round 144: poisoned 3332/6980 samples (target=0, masked=True).
10:12:31  INFO      datasets.backdoor — BackdoorDataset: 3308 / 6979 samples poisoned (target=0, fraction=0.500, seed=193).
10:12:35  INFO      attacks.neurotoxin_client — Neurotoxin client [41] round 145: poisoned 3308/6979 samples (target=0, masked=True).
10:13:01  INFO      datasets.backdoor — BackdoorDataset: 3319 / 6979 samples poisoned (target=0, fraction=0.500, seed=236).
10:13:07  INFO      attacks.neurotoxin_client — Neurotoxin client [83] round 146: poisoned 3319/6979 samples (target=0, masked=True).
10:13:09  INFO      datasets.backdoor — BackdoorDataset: 3309 / 6979 samples poisoned (target=0, fraction=0.500, seed=227).
10:13:13  INFO      attacks.neurotoxin_client — Neurotoxin client [74] round 146: poisoned 3309/6979 samples (target=0, masked=True).
10:14:25  INFO      datasets.backdoor — BackdoorDataset: 3323 / 6979 samples poisoned (target=0, fraction=0.500, seed=202).
10:14:28  INFO      attacks.neurotoxin_client — Neurotoxin client [46] round 149: poisoned 3323/6979 samples (target=0, masked=True).
10:15:34  INFO      experiment.runner — Round  150/150  |  acc:  85.83%  loss: 0.3900  |  ASR:   1.84%  asr_loss: 11.5916  |  mF1: 71.5%
10:15:34  INFO      experiment.runner — Final model saved to results/benchmark/femnist_neurotoxin_nnm_krum_seed7/final_model.pt
10:15:34  INFO      experiment.runner — Client atypicality written to results/benchmark/femnist_neurotoxin_nnm_krum_seed7/client_atypicality.json
10:15:34  INFO      experiment.runner — Client inclusion rates written to results/benchmark/femnist_neurotoxin_nnm_krum_seed7/client_inclusion.csv
10:15:34  INFO      benchmark — ✓  femnist_neurotoxin_nnm_krum_seed7  (84.3 min)
10:15:34  INFO      benchmark — ▶  femnist_neurotoxin_nnm_krum_seed8
10:15:34  INFO      experiment.runner — Initialising 'femnist_neurotoxin_nnm_krum_seed8' | device=cuda | rounds=150 | clients=10/100 | attack=neurotoxin | defense=nnm
10:15:34  INFO      defenses.nnm — NNMServer — f=1  base_rule=krum
10:15:52  INFO      experiment.utils — Built 100 clients — 10 malicious, 90 benign.
10:15:52  INFO      datasets.backdoor — BackdoorDataset: 110545 / 110545 samples poisoned (target=0, fraction=1.000, seed=0).
10:15:52  INFO      experiment.runner — Setup complete — 100 clients (10 malicious) | backdoor eval: static-trigger

==============================================================
  Summary — 16 rounds evaluated
==============================================================
  Final clean accuracy               85.83%
  Best  clean accuracy               85.83%
  Final clean loss                   0.3900
  Macro F1                           71.46%
  Final ASR                           1.84%
  Mean ASR (attack window)            2.19%
  Max  ASR (attack window)            2.61%
==============================================================

10:17:07  INFO      experiment.runner — Round    1/150  |  acc:  51.79%  loss: 1.9251  |  ASR:   3.57%  asr_loss: 6.2392  |  mF1: 22.0%
10:22:10  INFO      experiment.runner — Round   11/150  |  acc:  80.40%  loss: 0.6020  |  ASR:   1.72%  asr_loss: 10.1613  |  mF1: 60.7%
10:27:29  INFO      experiment.runner — Round   21/150  |  acc:  82.78%  loss: 0.5012  |  ASR:   2.15%  asr_loss: 11.3351  |  mF1: 65.2%
10:32:41  INFO      experiment.runner — Round   31/150  |  acc:  83.79%  loss: 0.4622  |  ASR:   2.07%  asr_loss: 11.8908  |  mF1: 67.3%
10:35:43  INFO      datasets.backdoor — BackdoorDataset: 3315 / 6980 samples poisoned (target=0, fraction=0.500, seed=56).
10:35:47  INFO      attacks.neurotoxin_client — Neurotoxin client [10] round 38: poisoned 3315/6980 samples (target=0, masked=True).
10:36:25  INFO      datasets.backdoor — BackdoorDataset: 3301 / 6980 samples poisoned (target=0, fraction=0.500, seed=78).
10:36:29  INFO      attacks.neurotoxin_client — Neurotoxin client [31] round 39: poisoned 3301/6980 samples (target=0, masked=True).
10:36:46  INFO      datasets.backdoor — BackdoorDataset: 3315 / 6980 samples poisoned (target=0, fraction=0.500, seed=58).
10:36:50  INFO      attacks.neurotoxin_client — Neurotoxin client [10] round 40: poisoned 3315/6980 samples (target=0, masked=True).
10:36:50  INFO      datasets.backdoor — BackdoorDataset: 3303 / 6980 samples poisoned (target=0, fraction=0.500, seed=65).
10:36:54  INFO      attacks.neurotoxin_client — Neurotoxin client [17] round 40: poisoned 3303/6980 samples (target=0, masked=True).
10:36:56  INFO      datasets.backdoor — BackdoorDataset: 3322 / 6980 samples poisoned (target=0, fraction=0.500, seed=64).
10:37:00  INFO      attacks.neurotoxin_client — Neurotoxin client [16] round 40: poisoned 3322/6980 samples (target=0, masked=True).
10:38:01  INFO      experiment.runner — Round   41/150  |  acc:  84.22%  loss: 0.4463  |  ASR:   2.49%  asr_loss: 11.0139  |  mF1: 68.1%
10:38:08  INFO      datasets.backdoor — BackdoorDataset: 3303 / 6980 samples poisoned (target=0, fraction=0.500, seed=66).
10:38:15  INFO      attacks.neurotoxin_client — Neurotoxin client [17] round 41: poisoned 3303/6980 samples (target=0, masked=True).
10:38:50  INFO      datasets.backdoor — BackdoorDataset: 3306 / 6979 samples poisoned (target=0, fraction=0.500, seed=97).
10:38:55  INFO      attacks.neurotoxin_client — Neurotoxin client [47] round 42: poisoned 3306/6979 samples (target=0, masked=True).
10:39:03  INFO      datasets.backdoor — BackdoorDataset: 3320 / 6979 samples poisoned (target=0, fraction=0.500, seed=141).
10:39:06  INFO      attacks.neurotoxin_client — Neurotoxin client [90] round 43: poisoned 3320/6979 samples (target=0, masked=True).
10:39:35  INFO      datasets.backdoor — BackdoorDataset: 3322 / 6980 samples poisoned (target=0, fraction=0.500, seed=68).
10:39:39  INFO      attacks.neurotoxin_client — Neurotoxin client [16] round 44: poisoned 3322/6980 samples (target=0, masked=True).
10:40:08  INFO      datasets.backdoor — BackdoorDataset: 3303 / 6980 samples poisoned (target=0, fraction=0.500, seed=70).
10:40:14  INFO      attacks.neurotoxin_client — Neurotoxin client [17] round 45: poisoned 3303/6980 samples (target=0, masked=True).
10:40:37  INFO      datasets.backdoor — BackdoorDataset: 3306 / 6979 samples poisoned (target=0, fraction=0.500, seed=101).
10:40:40  INFO      attacks.neurotoxin_client — Neurotoxin client [47] round 46: poisoned 3306/6979 samples (target=0, masked=True).
10:40:45  INFO      datasets.backdoor — BackdoorDataset: 3319 / 6979 samples poisoned (target=0, fraction=0.500, seed=102).
10:40:49  INFO      attacks.neurotoxin_client — Neurotoxin client [48] round 46: poisoned 3319/6979 samples (target=0, masked=True).
10:41:03  INFO      datasets.backdoor — BackdoorDataset: 3315 / 6980 samples poisoned (target=0, fraction=0.500, seed=65).
10:41:07  INFO      attacks.neurotoxin_client — Neurotoxin client [10] round 47: poisoned 3315/6980 samples (target=0, masked=True).
10:41:13  INFO      datasets.backdoor — BackdoorDataset: 3322 / 6980 samples poisoned (target=0, fraction=0.500, seed=71).
10:41:17  INFO      attacks.neurotoxin_client — Neurotoxin client [16] round 47: poisoned 3322/6980 samples (target=0, masked=True).
10:41:35  INFO      datasets.backdoor — BackdoorDataset: 3306 / 6979 samples poisoned (target=0, fraction=0.500, seed=103).
10:41:43  INFO      attacks.neurotoxin_client — Neurotoxin client [47] round 48: poisoned 3306/6979 samples (target=0, masked=True).
10:41:47  INFO      datasets.backdoor — BackdoorDataset: 3315 / 6980 samples poisoned (target=0, fraction=0.500, seed=61).
10:41:53  INFO      attacks.neurotoxin_client — Neurotoxin client [5] round 48: poisoned 3315/6980 samples (target=0, masked=True).
10:42:00  INFO      datasets.backdoor — BackdoorDataset: 3306 / 6979 samples poisoned (target=0, fraction=0.500, seed=104).
10:42:03  INFO      attacks.neurotoxin_client — Neurotoxin client [47] round 49: poisoned 3306/6979 samples (target=0, masked=True).
10:42:29  INFO      datasets.backdoor — BackdoorDataset: 3306 / 6979 samples poisoned (target=0, fraction=0.500, seed=105).
10:42:33  INFO      attacks.neurotoxin_client — Neurotoxin client [47] round 50: poisoned 3306/6979 samples (target=0, masked=True).
10:43:42  INFO      experiment.runner — Round   51/150  |  acc:  84.62%  loss: 0.4335  |  ASR:   2.32%  asr_loss: 12.0259  |  mF1: 68.8%
10:43:45  INFO      datasets.backdoor — BackdoorDataset: 3320 / 6979 samples poisoned (target=0, fraction=0.500, seed=149).
10:43:51  INFO      attacks.neurotoxin_client — Neurotoxin client [90] round 51: poisoned 3320/6979 samples (target=0, masked=True).
10:44:06  INFO      datasets.backdoor — BackdoorDataset: 3317 / 6980 samples poisoned (target=0, fraction=0.500, seed=88).
10:44:10  INFO      attacks.neurotoxin_client — Neurotoxin client [29] round 51: poisoned 3317/6980 samples (target=0, masked=True).
10:44:32  INFO      datasets.backdoor — BackdoorDataset: 3303 / 6980 samples poisoned (target=0, fraction=0.500, seed=77).
10:44:35  INFO      attacks.neurotoxin_client — Neurotoxin client [17] round 52: poisoned 3303/6980 samples (target=0, masked=True).
10:45:31  INFO      datasets.backdoor — BackdoorDataset: 3303 / 6980 samples poisoned (target=0, fraction=0.500, seed=79).
10:45:38  INFO      attacks.neurotoxin_client — Neurotoxin client [17] round 54: poisoned 3303/6980 samples (target=0, masked=True).
10:46:17  INFO      datasets.backdoor — BackdoorDataset: 3320 / 6979 samples poisoned (target=0, fraction=0.500, seed=154).
10:46:20  INFO      attacks.neurotoxin_client — Neurotoxin client [90] round 56: poisoned 3320/6979 samples (target=0, masked=True).
10:47:34  INFO      datasets.backdoor — BackdoorDataset: 3322 / 6980 samples poisoned (target=0, fraction=0.500, seed=83).
10:47:38  INFO      attacks.neurotoxin_client — Neurotoxin client [16] round 59: poisoned 3322/6980 samples (target=0, masked=True).
10:47:49  INFO      datasets.backdoor — BackdoorDataset: 3315 / 6980 samples poisoned (target=0, fraction=0.500, seed=72).
10:47:53  INFO      attacks.neurotoxin_client — Neurotoxin client [5] round 59: poisoned 3315/6980 samples (target=0, masked=True).
10:49:09  INFO      experiment.runner — Round   61/150  |  acc:  84.91%  loss: 0.4220  |  ASR:   2.08%  asr_loss: 11.9664  |  mF1: 69.5%
10:49:40  INFO      datasets.backdoor — BackdoorDataset: 3320 / 6979 samples poisoned (target=0, fraction=0.500, seed=160).
10:49:44  INFO      attacks.neurotoxin_client — Neurotoxin client [90] round 62: poisoned 3320/6979 samples (target=0, masked=True).
10:51:09  INFO      datasets.backdoor — BackdoorDataset: 3320 / 6979 samples poisoned (target=0, fraction=0.500, seed=163).
10:51:13  INFO      attacks.neurotoxin_client — Neurotoxin client [90] round 65: poisoned 3320/6979 samples (target=0, masked=True).
10:51:20  INFO      datasets.backdoor — BackdoorDataset: 3321 / 6980 samples poisoned (target=0, fraction=0.500, seed=97).
10:51:24  INFO      attacks.neurotoxin_client — Neurotoxin client [24] round 65: poisoned 3321/6980 samples (target=0, masked=True).
10:51:45  INFO      datasets.backdoor — BackdoorDataset: 3315 / 6980 samples poisoned (target=0, fraction=0.500, seed=84).
10:51:52  INFO      attacks.neurotoxin_client — Neurotoxin client [10] round 66: poisoned 3315/6980 samples (target=0, masked=True).
10:52:21  INFO      datasets.backdoor — BackdoorDataset: 3303 / 6980 samples poisoned (target=0, fraction=0.500, seed=92).
10:52:25  INFO      attacks.neurotoxin_client — Neurotoxin client [17] round 67: poisoned 3303/6980 samples (target=0, masked=True).
10:53:12  INFO      datasets.backdoor — BackdoorDataset: 3322 / 6980 samples poisoned (target=0, fraction=0.500, seed=93).
10:53:23  INFO      attacks.neurotoxin_client — Neurotoxin client [16] round 69: poisoned 3322/6980 samples (target=0, masked=True).
10:54:42  INFO      experiment.runner — Round   71/150  |  acc:  85.06%  loss: 0.4167  |  ASR:   2.23%  asr_loss: 12.2307  |  mF1: 69.7%
10:55:47  INFO      datasets.backdoor — BackdoorDataset: 3320 / 6979 samples poisoned (target=0, fraction=0.500, seed=171).
10:55:50  INFO      attacks.neurotoxin_client — Neurotoxin client [90] round 73: poisoned 3320/6979 samples (target=0, masked=True).
10:56:01  INFO      datasets.backdoor — BackdoorDataset: 3306 / 6979 samples poisoned (target=0, fraction=0.500, seed=128).
10:56:07  INFO      attacks.neurotoxin_client — Neurotoxin client [47] round 73: poisoned 3306/6979 samples (target=0, masked=True).
10:56:08  INFO      datasets.backdoor — BackdoorDataset: 3320 / 6979 samples poisoned (target=0, fraction=0.500, seed=172).
10:56:11  INFO      attacks.neurotoxin_client — Neurotoxin client [90] round 74: poisoned 3320/6979 samples (target=0, masked=True).
10:56:33  INFO      datasets.backdoor — BackdoorDataset: 3315 / 6980 samples poisoned (target=0, fraction=0.500, seed=93).
10:56:37  INFO      attacks.neurotoxin_client — Neurotoxin client [10] round 75: poisoned 3315/6980 samples (target=0, masked=True).
10:56:45  INFO      datasets.backdoor — BackdoorDataset: 3301 / 6980 samples poisoned (target=0, fraction=0.500, seed=114).
10:56:53  INFO      attacks.neurotoxin_client — Neurotoxin client [31] round 75: poisoned 3301/6980 samples (target=0, masked=True).
10:57:09  INFO      datasets.backdoor — BackdoorDataset: 3320 / 6979 samples poisoned (target=0, fraction=0.500, seed=174).
10:57:13  INFO      attacks.neurotoxin_client — Neurotoxin client [90] round 76: poisoned 3320/6979 samples (target=0, masked=True).
10:57:44  INFO      datasets.backdoor — BackdoorDataset: 3301 / 6980 samples poisoned (target=0, fraction=0.500, seed=116).
10:57:48  INFO      attacks.neurotoxin_client — Neurotoxin client [31] round 77: poisoned 3301/6980 samples (target=0, masked=True).
11:00:18  INFO      experiment.runner — Round   81/150  |  acc:  85.28%  loss: 0.4089  |  ASR:   2.17%  asr_loss: 12.2250  |  mF1: 70.3%
11:00:43  INFO      datasets.backdoor — BackdoorDataset: 3301 / 6980 samples poisoned (target=0, fraction=0.500, seed=120).
11:00:46  INFO      attacks.neurotoxin_client — Neurotoxin client [31] round 81: poisoned 3301/6980 samples (target=0, masked=True).
11:01:05  INFO      datasets.backdoor — BackdoorDataset: 3321 / 6980 samples poisoned (target=0, fraction=0.500, seed=114).
11:01:11  INFO      attacks.neurotoxin_client — Neurotoxin client [24] round 82: poisoned 3321/6980 samples (target=0, masked=True).
11:02:00  INFO      datasets.backdoor — BackdoorDataset: 3320 / 6979 samples poisoned (target=0, fraction=0.500, seed=182).
11:02:04  INFO      attacks.neurotoxin_client — Neurotoxin client [90] round 84: poisoned 3320/6979 samples (target=0, masked=True).
11:02:04  INFO      datasets.backdoor — BackdoorDataset: 3321 / 6980 samples poisoned (target=0, fraction=0.500, seed=116).
11:02:08  INFO      attacks.neurotoxin_client — Neurotoxin client [24] round 84: poisoned 3321/6980 samples (target=0, masked=True).
11:02:10  INFO      datasets.backdoor — BackdoorDataset: 3301 / 6980 samples poisoned (target=0, fraction=0.500, seed=123).
11:02:13  INFO      attacks.neurotoxin_client — Neurotoxin client [31] round 84: poisoned 3301/6980 samples (target=0, masked=True).
11:02:16  INFO      datasets.backdoor — BackdoorDataset: 3319 / 6979 samples poisoned (target=0, fraction=0.500, seed=140).
11:02:20  INFO      attacks.neurotoxin_client — Neurotoxin client [48] round 84: poisoned 3319/6979 samples (target=0, masked=True).
11:02:42  INFO      datasets.backdoor — BackdoorDataset: 3315 / 6980 samples poisoned (target=0, fraction=0.500, seed=98).
11:02:46  INFO      attacks.neurotoxin_client — Neurotoxin client [5] round 85: poisoned 3315/6980 samples (target=0, masked=True).
11:02:58  INFO      datasets.backdoor — BackdoorDataset: 3306 / 6979 samples poisoned (target=0, fraction=0.500, seed=141).
11:03:05  INFO      attacks.neurotoxin_client — Neurotoxin client [47] round 86: poisoned 3306/6979 samples (target=0, masked=True).
11:03:14  INFO      datasets.backdoor — BackdoorDataset: 3321 / 6980 samples poisoned (target=0, fraction=0.500, seed=118).
11:03:18  INFO      attacks.neurotoxin_client — Neurotoxin client [24] round 86: poisoned 3321/6980 samples (target=0, masked=True).
11:03:33  INFO      datasets.backdoor — BackdoorDataset: 3322 / 6980 samples poisoned (target=0, fraction=0.500, seed=111).
11:03:37  INFO      attacks.neurotoxin_client — Neurotoxin client [16] round 87: poisoned 3322/6980 samples (target=0, masked=True).
11:04:06  INFO      datasets.backdoor — BackdoorDataset: 3319 / 6979 samples poisoned (target=0, fraction=0.500, seed=144).
11:04:13  INFO      attacks.neurotoxin_client — Neurotoxin client [48] round 88: poisoned 3319/6979 samples (target=0, masked=True).
11:04:25  INFO      datasets.backdoor — BackdoorDataset: 3322 / 6980 samples poisoned (target=0, fraction=0.500, seed=113).
11:04:29  INFO      attacks.neurotoxin_client — Neurotoxin client [16] round 89: poisoned 3322/6980 samples (target=0, masked=True).
11:06:06  INFO      experiment.runner — Round   91/150  |  acc:  85.49%  loss: 0.4028  |  ASR:   2.05%  asr_loss: 12.2724  |  mF1: 70.7%
11:06:24  INFO      datasets.backdoor — BackdoorDataset: 3303 / 6980 samples poisoned (target=0, fraction=0.500, seed=116).
11:06:30  INFO      attacks.neurotoxin_client — Neurotoxin client [17] round 91: poisoned 3303/6980 samples (target=0, masked=True).
11:06:34  INFO      datasets.backdoor — BackdoorDataset: 3319 / 6979 samples poisoned (target=0, fraction=0.500, seed=147).
11:06:41  INFO      attacks.neurotoxin_client — Neurotoxin client [48] round 91: poisoned 3319/6979 samples (target=0, masked=True).
11:07:22  INFO      datasets.backdoor — BackdoorDataset: 3320 / 6979 samples poisoned (target=0, fraction=0.500, seed=191).
11:07:26  INFO      attacks.neurotoxin_client — Neurotoxin client [90] round 93: poisoned 3320/6979 samples (target=0, masked=True).
11:07:50  INFO      datasets.backdoor — BackdoorDataset: 3317 / 6980 samples poisoned (target=0, fraction=0.500, seed=131).
11:07:54  INFO      attacks.neurotoxin_client — Neurotoxin client [29] round 94: poisoned 3317/6980 samples (target=0, masked=True).
11:07:57  INFO      datasets.backdoor — BackdoorDataset: 3315 / 6980 samples poisoned (target=0, fraction=0.500, seed=107).
11:08:01  INFO      attacks.neurotoxin_client — Neurotoxin client [5] round 94: poisoned 3315/6980 samples (target=0, masked=True).
11:08:20  INFO      datasets.backdoor — BackdoorDataset: 3320 / 6979 samples poisoned (target=0, fraction=0.500, seed=193).
11:08:23  INFO      attacks.neurotoxin_client — Neurotoxin client [90] round 95: poisoned 3320/6979 samples (target=0, masked=True).
11:08:35  INFO      datasets.backdoor — BackdoorDataset: 3306 / 6979 samples poisoned (target=0, fraction=0.500, seed=150).
11:08:39  INFO      attacks.neurotoxin_client — Neurotoxin client [47] round 95: poisoned 3306/6979 samples (target=0, masked=True).
11:08:40  INFO      datasets.backdoor — BackdoorDataset: 3315 / 6980 samples poisoned (target=0, fraction=0.500, seed=109).
11:08:44  INFO      attacks.neurotoxin_client — Neurotoxin client [5] round 96: poisoned 3315/6980 samples (target=0, masked=True).
11:09:26  INFO      datasets.backdoor — BackdoorDataset: 3303 / 6980 samples poisoned (target=0, fraction=0.500, seed=122).
11:09:30  INFO      attacks.neurotoxin_client — Neurotoxin client [17] round 97: poisoned 3303/6980 samples (target=0, masked=True).
11:09:30  INFO      datasets.backdoor — BackdoorDataset: 3301 / 6980 samples poisoned (target=0, fraction=0.500, seed=136).
11:09:34  INFO      attacks.neurotoxin_client — Neurotoxin client [31] round 97: poisoned 3301/6980 samples (target=0, masked=True).
11:09:49  INFO      datasets.backdoor — BackdoorDataset: 3315 / 6980 samples poisoned (target=0, fraction=0.500, seed=116).
11:09:52  INFO      attacks.neurotoxin_client — Neurotoxin client [10] round 98: poisoned 3315/6980 samples (target=0, masked=True).
11:09:59  INFO      datasets.backdoor — BackdoorDataset: 3321 / 6980 samples poisoned (target=0, fraction=0.500, seed=130).
11:10:07  INFO      attacks.neurotoxin_client — Neurotoxin client [24] round 98: poisoned 3321/6980 samples (target=0, masked=True).
11:10:25  INFO      datasets.backdoor — BackdoorDataset: 3321 / 6980 samples poisoned (target=0, fraction=0.500, seed=131).
11:10:29  INFO      attacks.neurotoxin_client — Neurotoxin client [24] round 99: poisoned 3321/6980 samples (target=0, masked=True).
11:11:00  INFO      datasets.backdoor — BackdoorDataset: 3319 / 6979 samples poisoned (target=0, fraction=0.500, seed=156).
11:11:05  INFO      attacks.neurotoxin_client — Neurotoxin client [48] round 100: poisoned 3319/6979 samples (target=0, masked=True).
11:12:02  INFO      experiment.runner — Round  101/150  |  acc:  85.43%  loss: 0.4031  |  ASR:   2.03%  asr_loss: 12.3873  |  mF1: 70.5%
11:12:39  INFO      datasets.backdoor — BackdoorDataset: 3315 / 6980 samples poisoned (target=0, fraction=0.500, seed=115).
11:12:44  INFO      attacks.neurotoxin_client — Neurotoxin client [5] round 102: poisoned 3315/6980 samples (target=0, masked=True).
11:13:10  INFO      datasets.backdoor — BackdoorDataset: 3303 / 6980 samples poisoned (target=0, fraction=0.500, seed=128).
11:13:13  INFO      attacks.neurotoxin_client — Neurotoxin client [17] round 103: poisoned 3303/6980 samples (target=0, masked=True).
11:13:16  INFO      datasets.backdoor — BackdoorDataset: 3315 / 6980 samples poisoned (target=0, fraction=0.500, seed=116).
11:13:19  INFO      attacks.neurotoxin_client — Neurotoxin client [5] round 103: poisoned 3315/6980 samples (target=0, masked=True).
11:13:29  INFO      datasets.backdoor — BackdoorDataset: 3322 / 6980 samples poisoned (target=0, fraction=0.500, seed=128).
11:13:32  INFO      attacks.neurotoxin_client — Neurotoxin client [16] round 104: poisoned 3322/6980 samples (target=0, masked=True).
11:13:54  INFO      datasets.backdoor — BackdoorDataset: 3320 / 6979 samples poisoned (target=0, fraction=0.500, seed=203).
11:14:00  INFO      attacks.neurotoxin_client — Neurotoxin client [90] round 105: poisoned 3320/6979 samples (target=0, masked=True).
11:14:09  INFO      datasets.backdoor — BackdoorDataset: 3303 / 6980 samples poisoned (target=0, fraction=0.500, seed=130).
11:14:13  INFO      attacks.neurotoxin_client — Neurotoxin client [17] round 105: poisoned 3303/6980 samples (target=0, masked=True).
11:14:25  INFO      datasets.backdoor — BackdoorDataset: 3317 / 6980 samples poisoned (target=0, fraction=0.500, seed=143).
11:14:29  INFO      attacks.neurotoxin_client — Neurotoxin client [29] round 106: poisoned 3317/6980 samples (target=0, masked=True).
11:14:43  INFO      datasets.backdoor — BackdoorDataset: 3315 / 6980 samples poisoned (target=0, fraction=0.500, seed=124).
11:14:47  INFO      attacks.neurotoxin_client — Neurotoxin client [10] round 106: poisoned 3315/6980 samples (target=0, masked=True).
11:15:52  INFO      datasets.backdoor — BackdoorDataset: 3322 / 6980 samples poisoned (target=0, fraction=0.500, seed=133).
11:15:55  INFO      attacks.neurotoxin_client — Neurotoxin client [16] round 109: poisoned 3322/6980 samples (target=0, masked=True).
11:16:14  INFO      datasets.backdoor — BackdoorDataset: 3319 / 6979 samples poisoned (target=0, fraction=0.500, seed=165).
11:16:18  INFO      attacks.neurotoxin_client — Neurotoxin client [48] round 109: poisoned 3319/6979 samples (target=0, masked=True).
11:17:37  INFO      experiment.runner — Round  111/150  |  acc:  85.73%  loss: 0.3963  |  ASR:   1.99%  asr_loss: 12.0512  |  mF1: 70.9%
11:18:03  INFO      datasets.backdoor — BackdoorDataset: 3319 / 6979 samples poisoned (target=0, fraction=0.500, seed=168).
11:18:07  INFO      attacks.neurotoxin_client — Neurotoxin client [48] round 112: poisoned 3319/6979 samples (target=0, masked=True).
11:18:25  INFO      datasets.backdoor — BackdoorDataset: 3317 / 6980 samples poisoned (target=0, fraction=0.500, seed=149).
11:18:28  INFO      attacks.neurotoxin_client — Neurotoxin client [29] round 112: poisoned 3317/6980 samples (target=0, masked=True).
11:18:41  INFO      datasets.backdoor — BackdoorDataset: 3301 / 6980 samples poisoned (target=0, fraction=0.500, seed=152).
11:18:45  INFO      attacks.neurotoxin_client — Neurotoxin client [31] round 113: poisoned 3301/6980 samples (target=0, masked=True).
11:19:30  INFO      datasets.backdoor — BackdoorDataset: 3317 / 6980 samples poisoned (target=0, fraction=0.500, seed=152).
11:19:34  INFO      attacks.neurotoxin_client — Neurotoxin client [29] round 115: poisoned 3317/6980 samples (target=0, masked=True).
11:19:50  INFO      datasets.backdoor — BackdoorDataset: 3321 / 6980 samples poisoned (target=0, fraction=0.500, seed=147).
11:19:54  INFO      attacks.neurotoxin_client — Neurotoxin client [24] round 115: poisoned 3321/6980 samples (target=0, masked=True).
11:20:01  INFO      datasets.backdoor — BackdoorDataset: 3319 / 6979 samples poisoned (target=0, fraction=0.500, seed=172).
11:20:05  INFO      attacks.neurotoxin_client — Neurotoxin client [48] round 116: poisoned 3319/6979 samples (target=0, masked=True).
11:20:09  INFO      datasets.backdoor — BackdoorDataset: 3317 / 6980 samples poisoned (target=0, fraction=0.500, seed=153).
11:20:13  INFO      attacks.neurotoxin_client — Neurotoxin client [29] round 116: poisoned 3317/6980 samples (target=0, masked=True).
11:20:19  INFO      datasets.backdoor — BackdoorDataset: 3322 / 6980 samples poisoned (target=0, fraction=0.500, seed=140).
11:20:26  INFO      attacks.neurotoxin_client — Neurotoxin client [16] round 116: poisoned 3322/6980 samples (target=0, masked=True).
11:20:46  INFO      datasets.backdoor — BackdoorDataset: 3315 / 6980 samples poisoned (target=0, fraction=0.500, seed=135).
11:20:50  INFO      attacks.neurotoxin_client — Neurotoxin client [10] round 117: poisoned 3315/6980 samples (target=0, masked=True).
11:21:24  INFO      datasets.backdoor — BackdoorDataset: 3322 / 6980 samples poisoned (target=0, fraction=0.500, seed=143).
11:21:31  INFO      attacks.neurotoxin_client — Neurotoxin client [16] round 119: poisoned 3322/6980 samples (target=0, masked=True).
11:21:55  INFO      datasets.backdoor — BackdoorDataset: 3303 / 6980 samples poisoned (target=0, fraction=0.500, seed=145).
11:21:59  INFO      attacks.neurotoxin_client — Neurotoxin client [17] round 120: poisoned 3303/6980 samples (target=0, masked=True).
11:23:16  INFO      experiment.runner — Round  121/150  |  acc:  85.55%  loss: 0.3983  |  ASR:   2.24%  asr_loss: 11.8973  |  mF1: 71.0%
11:23:26  INFO      datasets.backdoor — BackdoorDataset: 3306 / 6979 samples poisoned (target=0, fraction=0.500, seed=176).
11:23:29  INFO      attacks.neurotoxin_client — Neurotoxin client [47] round 121: poisoned 3306/6979 samples (target=0, masked=True).
11:23:32  INFO      datasets.backdoor — BackdoorDataset: 3317 / 6980 samples poisoned (target=0, fraction=0.500, seed=158).
11:23:35  INFO      attacks.neurotoxin_client — Neurotoxin client [29] round 121: poisoned 3317/6980 samples (target=0, masked=True).
11:24:06  INFO      datasets.backdoor — BackdoorDataset: 3303 / 6980 samples poisoned (target=0, fraction=0.500, seed=147).
11:24:10  INFO      attacks.neurotoxin_client — Neurotoxin client [17] round 122: poisoned 3303/6980 samples (target=0, masked=True).
11:24:24  INFO      datasets.backdoor — BackdoorDataset: 3321 / 6980 samples poisoned (target=0, fraction=0.500, seed=155).
11:24:27  INFO      attacks.neurotoxin_client — Neurotoxin client [24] round 123: poisoned 3321/6980 samples (target=0, masked=True).
11:25:11  INFO      datasets.backdoor — BackdoorDataset: 3321 / 6980 samples poisoned (target=0, fraction=0.500, seed=157).
11:25:17  INFO      attacks.neurotoxin_client — Neurotoxin client [24] round 125: poisoned 3321/6980 samples (target=0, masked=True).
11:25:17  INFO      datasets.backdoor — BackdoorDataset: 3317 / 6980 samples poisoned (target=0, fraction=0.500, seed=162).
11:25:25  INFO      attacks.neurotoxin_client — Neurotoxin client [29] round 125: poisoned 3317/6980 samples (target=0, masked=True).
11:25:34  INFO      datasets.backdoor — BackdoorDataset: 3315 / 6980 samples poisoned (target=0, fraction=0.500, seed=143).
11:25:42  INFO      attacks.neurotoxin_client — Neurotoxin client [10] round 125: poisoned 3315/6980 samples (target=0, masked=True).
11:25:52  INFO      datasets.backdoor — BackdoorDataset: 3303 / 6980 samples poisoned (target=0, fraction=0.500, seed=151).
11:25:56  INFO      attacks.neurotoxin_client — Neurotoxin client [17] round 126: poisoned 3303/6980 samples (target=0, masked=True).
11:26:25  INFO      datasets.backdoor — BackdoorDataset: 3315 / 6980 samples poisoned (target=0, fraction=0.500, seed=145).
11:26:29  INFO      attacks.neurotoxin_client — Neurotoxin client [10] round 127: poisoned 3315/6980 samples (target=0, masked=True).
11:26:33  INFO      datasets.backdoor — BackdoorDataset: 3306 / 6979 samples poisoned (target=0, fraction=0.500, seed=182).
11:26:39  INFO      attacks.neurotoxin_client — Neurotoxin client [47] round 127: poisoned 3306/6979 samples (target=0, masked=True).
11:26:51  INFO      datasets.backdoor — BackdoorDataset: 3317 / 6980 samples poisoned (target=0, fraction=0.500, seed=165).
11:26:55  INFO      attacks.neurotoxin_client — Neurotoxin client [29] round 128: poisoned 3317/6980 samples (target=0, masked=True).
11:27:31  INFO      datasets.backdoor — BackdoorDataset: 3303 / 6980 samples poisoned (target=0, fraction=0.500, seed=154).
11:27:34  INFO      attacks.neurotoxin_client — Neurotoxin client [17] round 129: poisoned 3303/6980 samples (target=0, masked=True).
11:27:57  INFO      datasets.backdoor — BackdoorDataset: 3319 / 6979 samples poisoned (target=0, fraction=0.500, seed=186).
11:28:00  INFO      attacks.neurotoxin_client — Neurotoxin client [48] round 130: poisoned 3319/6979 samples (target=0, masked=True).
11:29:02  INFO      experiment.runner — Round  131/150  |  acc:  85.69%  loss: 0.3942  |  ASR:   2.24%  asr_loss: 11.9087  |  mF1: 71.2%
11:29:07  INFO      datasets.backdoor — BackdoorDataset: 3319 / 6979 samples poisoned (target=0, fraction=0.500, seed=187).
11:29:10  INFO      attacks.neurotoxin_client — Neurotoxin client [48] round 131: poisoned 3319/6979 samples (target=0, masked=True).
11:29:29  INFO      datasets.backdoor — BackdoorDataset: 3301 / 6980 samples poisoned (target=0, fraction=0.500, seed=171).
11:29:33  INFO      attacks.neurotoxin_client — Neurotoxin client [31] round 132: poisoned 3301/6980 samples (target=0, masked=True).
11:29:49  INFO      datasets.backdoor — BackdoorDataset: 3303 / 6980 samples poisoned (target=0, fraction=0.500, seed=157).
11:29:57  INFO      attacks.neurotoxin_client — Neurotoxin client [17] round 132: poisoned 3303/6980 samples (target=0, masked=True).
11:31:40  INFO      datasets.backdoor — BackdoorDataset: 3303 / 6980 samples poisoned (target=0, fraction=0.500, seed=161).
11:31:44  INFO      attacks.neurotoxin_client — Neurotoxin client [17] round 136: poisoned 3303/6980 samples (target=0, masked=True).
11:32:04  INFO      datasets.backdoor — BackdoorDataset: 3301 / 6980 samples poisoned (target=0, fraction=0.500, seed=176).
11:32:11  INFO      attacks.neurotoxin_client — Neurotoxin client [31] round 137: poisoned 3301/6980 samples (target=0, masked=True).
11:32:13  INFO      datasets.backdoor — BackdoorDataset: 3319 / 6979 samples poisoned (target=0, fraction=0.500, seed=193).
11:32:17  INFO      attacks.neurotoxin_client — Neurotoxin client [48] round 137: poisoned 3319/6979 samples (target=0, masked=True).
11:32:46  INFO      datasets.backdoor — BackdoorDataset: 3303 / 6980 samples poisoned (target=0, fraction=0.500, seed=164).
11:32:52  INFO      attacks.neurotoxin_client — Neurotoxin client [17] round 139: poisoned 3303/6980 samples (target=0, masked=True).
11:33:40  INFO      datasets.backdoor — BackdoorDataset: 3315 / 6980 samples poisoned (target=0, fraction=0.500, seed=153).
11:33:44  INFO      attacks.neurotoxin_client — Neurotoxin client [5] round 140: poisoned 3315/6980 samples (target=0, masked=True).
11:34:38  INFO      experiment.runner — Round  141/150  |  acc:  85.88%  loss: 0.3892  |  ASR:   1.97%  asr_loss: 11.9001  |  mF1: 71.4%
11:34:45  INFO      datasets.backdoor — BackdoorDataset: 3303 / 6980 samples poisoned (target=0, fraction=0.500, seed=166).
11:34:49  INFO      attacks.neurotoxin_client — Neurotoxin client [17] round 141: poisoned 3303/6980 samples (target=0, masked=True).
11:34:54  INFO      datasets.backdoor — BackdoorDataset: 3322 / 6980 samples poisoned (target=0, fraction=0.500, seed=165).
11:34:58  INFO      attacks.neurotoxin_client — Neurotoxin client [16] round 141: poisoned 3322/6980 samples (target=0, masked=True).
11:35:06  INFO      datasets.backdoor — BackdoorDataset: 3322 / 6980 samples poisoned (target=0, fraction=0.500, seed=166).
11:35:09  INFO      attacks.neurotoxin_client — Neurotoxin client [16] round 142: poisoned 3322/6980 samples (target=0, masked=True).
11:36:05  INFO      datasets.backdoor — BackdoorDataset: 3315 / 6980 samples poisoned (target=0, fraction=0.500, seed=157).
11:36:08  INFO      attacks.neurotoxin_client — Neurotoxin client [5] round 144: poisoned 3315/6980 samples (target=0, masked=True).
11:36:18  INFO      datasets.backdoor — BackdoorDataset: 3303 / 6980 samples poisoned (target=0, fraction=0.500, seed=169).
11:36:22  INFO      attacks.neurotoxin_client — Neurotoxin client [17] round 144: poisoned 3303/6980 samples (target=0, masked=True).
11:36:45  INFO      datasets.backdoor — BackdoorDataset: 3315 / 6980 samples poisoned (target=0, fraction=0.500, seed=158).
11:36:50  INFO      attacks.neurotoxin_client — Neurotoxin client [5] round 145: poisoned 3315/6980 samples (target=0, masked=True).
11:37:23  INFO      datasets.backdoor — BackdoorDataset: 3315 / 6980 samples poisoned (target=0, fraction=0.500, seed=164).
11:37:27  INFO      attacks.neurotoxin_client — Neurotoxin client [10] round 146: poisoned 3315/6980 samples (target=0, masked=True).
11:37:42  INFO      datasets.backdoor — BackdoorDataset: 3322 / 6980 samples poisoned (target=0, fraction=0.500, seed=171).
11:37:46  INFO      attacks.neurotoxin_client — Neurotoxin client [16] round 147: poisoned 3322/6980 samples (target=0, masked=True).
11:38:47  INFO      datasets.backdoor — BackdoorDataset: 3317 / 6980 samples poisoned (target=0, fraction=0.500, seed=186).
11:38:52  INFO      attacks.neurotoxin_client — Neurotoxin client [29] round 149: poisoned 3317/6980 samples (target=0, masked=True).
11:39:44  INFO      experiment.runner — Round  150/150  |  acc:  85.89%  loss: 0.3893  |  ASR:   2.15%  asr_loss: 11.9438  |  mF1: 71.4%
11:39:44  INFO      experiment.runner — Final model saved to results/benchmark/femnist_neurotoxin_nnm_krum_seed8/final_model.pt
11:39:44  INFO      experiment.runner — Client atypicality written to results/benchmark/femnist_neurotoxin_nnm_krum_seed8/client_atypicality.json
11:39:44  INFO      experiment.runner — Client inclusion rates written to results/benchmark/femnist_neurotoxin_nnm_krum_seed8/client_inclusion.csv
11:39:44  INFO      benchmark — ✓  femnist_neurotoxin_nnm_krum_seed8  (84.2 min)
11:39:44  INFO      benchmark — ▶  femnist_neurotoxin_nnm_krum_seed9
11:39:44  INFO      experiment.runner — Initialising 'femnist_neurotoxin_nnm_krum_seed9' | device=cuda | rounds=150 | clients=10/100 | attack=neurotoxin | defense=nnm
11:39:45  INFO      defenses.nnm — NNMServer — f=1  base_rule=krum
11:39:54  INFO      experiment.utils — Built 100 clients — 10 malicious, 90 benign.
11:39:55  INFO      datasets.backdoor — BackdoorDataset: 110545 / 110545 samples poisoned (target=0, fraction=1.000, seed=0).
11:39:55  INFO      experiment.runner — Setup complete — 100 clients (10 malicious) | backdoor eval: static-trigger

==============================================================
  Summary — 16 rounds evaluated
==============================================================
  Final clean accuracy               85.89%
  Best  clean accuracy               85.89%
  Final clean loss                   0.3893
  Macro F1                           71.44%
  Final ASR                           2.15%
  Mean ASR (attack window)            2.21%
  Max  ASR (attack window)            2.49%
==============================================================

11:41:06  INFO      experiment.runner — Round    1/150  |  acc:  50.54%  loss: 1.9575  |  ASR:   3.53%  asr_loss: 6.4067  |  mF1: 21.6%
11:46:25  INFO      experiment.runner — Round   11/150  |  acc:  81.11%  loss: 0.5756  |  ASR:   2.07%  asr_loss: 10.2686  |  mF1: 62.2%
11:51:32  INFO      experiment.runner — Round   21/150  |  acc:  83.16%  loss: 0.4919  |  ASR:   2.19%  asr_loss: 11.3503  |  mF1: 66.0%
11:56:42  INFO      experiment.runner — Round   31/150  |  acc:  83.93%  loss: 0.4615  |  ASR:   2.00%  asr_loss: 11.7278  |  mF1: 67.7%
11:59:42  INFO      datasets.backdoor — BackdoorDataset: 3317 / 6980 samples poisoned (target=0, fraction=0.500, seed=70).
11:59:49  INFO      attacks.neurotoxin_client — Neurotoxin client [23] round 38: poisoned 3317/6980 samples (target=0, masked=True).
11:59:56  INFO      datasets.backdoor — BackdoorDataset: 3315 / 6980 samples poisoned (target=0, fraction=0.500, seed=47).
12:00:01  INFO      attacks.neurotoxin_client — Neurotoxin client [0] round 38: poisoned 3315/6980 samples (target=0, masked=True).
12:00:45  INFO      datasets.backdoor — BackdoorDataset: 3321 / 6979 samples poisoned (target=0, fraction=0.500, seed=108).
12:00:51  INFO      attacks.neurotoxin_client — Neurotoxin client [59] round 40: poisoned 3321/6979 samples (target=0, masked=True).
12:00:51  INFO      datasets.backdoor — BackdoorDataset: 3305 / 6979 samples poisoned (target=0, fraction=0.500, seed=127).
12:00:58  INFO      attacks.neurotoxin_client — Neurotoxin client [78] round 40: poisoned 3305/6979 samples (target=0, masked=True).
12:01:13  INFO      datasets.backdoor — BackdoorDataset: 3317 / 6980 samples poisoned (target=0, fraction=0.500, seed=72).
12:01:17  INFO      attacks.neurotoxin_client — Neurotoxin client [23] round 40: poisoned 3317/6980 samples (target=0, masked=True).
12:02:04  INFO      experiment.runner — Round   41/150  |  acc:  84.27%  loss: 0.4472  |  ASR:   2.66%  asr_loss: 10.7731  |  mF1: 68.4%
12:02:41  INFO      datasets.backdoor — BackdoorDataset: 3326 / 6980 samples poisoned (target=0, fraction=0.500, seed=68).
12:02:45  INFO      attacks.neurotoxin_client — Neurotoxin client [17] round 42: poisoned 3326/6980 samples (target=0, masked=True).
12:02:50  INFO      datasets.backdoor — BackdoorDataset: 3312 / 6979 samples poisoned (target=0, fraction=0.500, seed=94).
12:02:54  INFO      attacks.neurotoxin_client — Neurotoxin client [43] round 42: poisoned 3312/6979 samples (target=0, masked=True).
12:03:54  INFO      datasets.backdoor — BackdoorDataset: 3316 / 6979 samples poisoned (target=0, fraction=0.500, seed=118).
12:03:59  INFO      attacks.neurotoxin_client — Neurotoxin client [64] round 45: poisoned 3316/6979 samples (target=0, masked=True).
12:04:03  INFO      datasets.backdoor — BackdoorDataset: 3321 / 6979 samples poisoned (target=0, fraction=0.500, seed=113).
12:04:09  INFO      attacks.neurotoxin_client — Neurotoxin client [59] round 45: poisoned 3321/6979 samples (target=0, masked=True).
12:04:11  INFO      datasets.backdoor — BackdoorDataset: 3315 / 6980 samples poisoned (target=0, fraction=0.500, seed=54).
12:04:15  INFO      attacks.neurotoxin_client — Neurotoxin client [0] round 45: poisoned 3315/6980 samples (target=0, masked=True).
12:05:06  INFO      datasets.backdoor — BackdoorDataset: 3316 / 6979 samples poisoned (target=0, fraction=0.500, seed=120).
12:05:09  INFO      attacks.neurotoxin_client — Neurotoxin client [64] round 47: poisoned 3316/6979 samples (target=0, masked=True).
12:05:10  INFO      datasets.backdoor — BackdoorDataset: 3326 / 6980 samples poisoned (target=0, fraction=0.500, seed=73).
12:05:13  INFO      attacks.neurotoxin_client — Neurotoxin client [17] round 47: poisoned 3326/6980 samples (target=0, masked=True).
12:05:23  INFO      datasets.backdoor — BackdoorDataset: 3310 / 6979 samples poisoned (target=0, fraction=0.500, seed=91).
12:05:30  INFO      attacks.neurotoxin_client — Neurotoxin client [34] round 48: poisoned 3310/6979 samples (target=0, masked=True).
12:05:44  INFO      datasets.backdoor — BackdoorDataset: 3317 / 6980 samples poisoned (target=0, fraction=0.500, seed=80).
12:05:51  INFO      attacks.neurotoxin_client — Neurotoxin client [23] round 48: poisoned 3317/6980 samples (target=0, masked=True).
12:05:51  INFO      datasets.backdoor — BackdoorDataset: 3305 / 6979 samples poisoned (target=0, fraction=0.500, seed=135).
12:05:54  INFO      attacks.neurotoxin_client — Neurotoxin client [78] round 48: poisoned 3305/6979 samples (target=0, masked=True).
12:06:24  INFO      datasets.backdoor — BackdoorDataset: 3310 / 6979 samples poisoned (target=0, fraction=0.500, seed=145).
12:06:27  INFO      attacks.neurotoxin_client — Neurotoxin client [86] round 50: poisoned 3310/6979 samples (target=0, masked=True).
12:06:34  INFO      datasets.backdoor — BackdoorDataset: 3310 / 6979 samples poisoned (target=0, fraction=0.500, seed=93).
12:06:42  INFO      attacks.neurotoxin_client — Neurotoxin client [34] round 50: poisoned 3310/6979 samples (target=0, masked=True).
12:07:39  INFO      experiment.runner — Round   51/150  |  acc:  84.71%  loss: 0.4319  |  ASR:   2.12%  asr_loss: 11.3948  |  mF1: 69.1%
12:08:02  INFO      datasets.backdoor — BackdoorDataset: 3310 / 6979 samples poisoned (target=0, fraction=0.500, seed=146).
12:08:07  INFO      attacks.neurotoxin_client — Neurotoxin client [86] round 51: poisoned 3310/6979 samples (target=0, masked=True).
12:08:26  INFO      datasets.backdoor — BackdoorDataset: 3317 / 6980 samples poisoned (target=0, fraction=0.500, seed=84).
12:08:30  INFO      attacks.neurotoxin_client — Neurotoxin client [23] round 52: poisoned 3317/6980 samples (target=0, masked=True).
12:08:44  INFO      datasets.backdoor — BackdoorDataset: 3326 / 6980 samples poisoned (target=0, fraction=0.500, seed=79).
12:08:48  INFO      attacks.neurotoxin_client — Neurotoxin client [17] round 53: poisoned 3326/6980 samples (target=0, masked=True).
12:08:48  INFO      datasets.backdoor — BackdoorDataset: 3312 / 6979 samples poisoned (target=0, fraction=0.500, seed=105).
12:08:51  INFO      attacks.neurotoxin_client — Neurotoxin client [43] round 53: poisoned 3312/6979 samples (target=0, masked=True).
12:09:40  INFO      datasets.backdoor — BackdoorDataset: 3322 / 6979 samples poisoned (target=0, fraction=0.500, seed=111).
12:09:44  INFO      attacks.neurotoxin_client — Neurotoxin client [47] round 55: poisoned 3322/6979 samples (target=0, masked=True).
12:09:49  INFO      datasets.backdoor — BackdoorDataset: 3321 / 6979 samples poisoned (target=0, fraction=0.500, seed=123).
12:09:53  INFO      attacks.neurotoxin_client — Neurotoxin client [59] round 55: poisoned 3321/6979 samples (target=0, masked=True).
12:10:33  INFO      datasets.backdoor — BackdoorDataset: 3317 / 6980 samples poisoned (target=0, fraction=0.500, seed=89).
12:10:37  INFO      attacks.neurotoxin_client — Neurotoxin client [23] round 57: poisoned 3317/6980 samples (target=0, masked=True).
12:11:17  INFO      datasets.backdoor — BackdoorDataset: 3312 / 6979 samples poisoned (target=0, fraction=0.500, seed=110).
12:11:21  INFO      attacks.neurotoxin_client — Neurotoxin client [43] round 58: poisoned 3312/6979 samples (target=0, masked=True).
12:11:55  INFO      datasets.backdoor — BackdoorDataset: 3321 / 6979 samples poisoned (target=0, fraction=0.500, seed=128).
12:12:01  INFO      attacks.neurotoxin_client — Neurotoxin client [59] round 60: poisoned 3321/6979 samples (target=0, masked=True).
12:13:13  INFO      experiment.runner — Round   61/150  |  acc:  84.90%  loss: 0.4230  |  ASR:   2.09%  asr_loss: 11.6571  |  mF1: 69.8%
12:13:25  INFO      datasets.backdoor — BackdoorDataset: 3316 / 6979 samples poisoned (target=0, fraction=0.500, seed=134).
12:13:29  INFO      attacks.neurotoxin_client — Neurotoxin client [64] round 61: poisoned 3316/6979 samples (target=0, masked=True).
12:13:38  INFO      datasets.backdoor — BackdoorDataset: 3326 / 6980 samples poisoned (target=0, fraction=0.500, seed=87).
12:13:44  INFO      attacks.neurotoxin_client — Neurotoxin client [17] round 61: poisoned 3326/6980 samples (target=0, masked=True).
12:14:00  INFO      datasets.backdoor — BackdoorDataset: 3317 / 6980 samples poisoned (target=0, fraction=0.500, seed=94).
12:14:03  INFO      attacks.neurotoxin_client — Neurotoxin client [23] round 62: poisoned 3317/6980 samples (target=0, masked=True).
12:14:08  INFO      datasets.backdoor — BackdoorDataset: 3305 / 6979 samples poisoned (target=0, fraction=0.500, seed=149).
12:14:11  INFO      attacks.neurotoxin_client — Neurotoxin client [78] round 62: poisoned 3305/6979 samples (target=0, masked=True).
12:14:26  INFO      datasets.backdoor — BackdoorDataset: 3322 / 6979 samples poisoned (target=0, fraction=0.500, seed=119).
12:14:29  INFO      attacks.neurotoxin_client — Neurotoxin client [47] round 63: poisoned 3322/6979 samples (target=0, masked=True).
12:14:29  INFO      datasets.backdoor — BackdoorDataset: 3305 / 6979 samples poisoned (target=0, fraction=0.500, seed=150).
12:14:33  INFO      attacks.neurotoxin_client — Neurotoxin client [78] round 63: poisoned 3305/6979 samples (target=0, masked=True).
12:14:58  INFO      datasets.backdoor — BackdoorDataset: 3321 / 6979 samples poisoned (target=0, fraction=0.500, seed=132).
12:15:05  INFO      attacks.neurotoxin_client — Neurotoxin client [59] round 64: poisoned 3321/6979 samples (target=0, masked=True).
12:15:18  INFO      datasets.backdoor — BackdoorDataset: 3321 / 6979 samples poisoned (target=0, fraction=0.500, seed=133).
12:15:25  INFO      attacks.neurotoxin_client — Neurotoxin client [59] round 65: poisoned 3321/6979 samples (target=0, masked=True).
12:15:53  INFO      datasets.backdoor — BackdoorDataset: 3310 / 6979 samples poisoned (target=0, fraction=0.500, seed=109).
12:15:56  INFO      attacks.neurotoxin_client — Neurotoxin client [34] round 66: poisoned 3310/6979 samples (target=0, masked=True).
12:15:56  INFO      datasets.backdoor — BackdoorDataset: 3322 / 6979 samples poisoned (target=0, fraction=0.500, seed=122).
12:16:00  INFO      attacks.neurotoxin_client — Neurotoxin client [47] round 66: poisoned 3322/6979 samples (target=0, masked=True).
12:16:21  INFO      datasets.backdoor — BackdoorDataset: 3326 / 6980 samples poisoned (target=0, fraction=0.500, seed=93).
12:16:24  INFO      attacks.neurotoxin_client — Neurotoxin client [17] round 67: poisoned 3326/6980 samples (target=0, masked=True).
12:18:53  INFO      experiment.runner — Round   71/150  |  acc:  85.16%  loss: 0.4127  |  ASR:   1.98%  asr_loss: 11.6614  |  mF1: 70.1%
12:19:47  INFO      datasets.backdoor — BackdoorDataset: 3322 / 6979 samples poisoned (target=0, fraction=0.500, seed=129).
12:19:51  INFO      attacks.neurotoxin_client — Neurotoxin client [47] round 73: poisoned 3322/6979 samples (target=0, masked=True).
12:20:00  INFO      datasets.backdoor — BackdoorDataset: 3317 / 6980 samples poisoned (target=0, fraction=0.500, seed=105).
12:20:05  INFO      attacks.neurotoxin_client — Neurotoxin client [23] round 73: poisoned 3317/6980 samples (target=0, masked=True).
12:21:13  INFO      datasets.backdoor — BackdoorDataset: 3315 / 6980 samples poisoned (target=0, fraction=0.500, seed=85).
12:21:17  INFO      attacks.neurotoxin_client — Neurotoxin client [0] round 76: poisoned 3315/6980 samples (target=0, masked=True).
12:21:22  INFO      datasets.backdoor — BackdoorDataset: 3305 / 6979 samples poisoned (target=0, fraction=0.500, seed=163).
12:21:26  INFO      attacks.neurotoxin_client — Neurotoxin client [78] round 76: poisoned 3305/6979 samples (target=0, masked=True).
12:21:30  INFO      datasets.backdoor — BackdoorDataset: 3316 / 6979 samples poisoned (target=0, fraction=0.500, seed=149).
12:21:34  INFO      attacks.neurotoxin_client — Neurotoxin client [64] round 76: poisoned 3316/6979 samples (target=0, masked=True).
12:21:39  INFO      datasets.backdoor — BackdoorDataset: 3317 / 6980 samples poisoned (target=0, fraction=0.500, seed=109).
12:21:43  INFO      attacks.neurotoxin_client — Neurotoxin client [23] round 77: poisoned 3317/6980 samples (target=0, masked=True).
12:22:21  INFO      datasets.backdoor — BackdoorDataset: 3316 / 6979 samples poisoned (target=0, fraction=0.500, seed=151).
12:22:25  INFO      attacks.neurotoxin_client — Neurotoxin client [64] round 78: poisoned 3316/6979 samples (target=0, masked=True).
12:22:32  INFO      datasets.backdoor — BackdoorDataset: 3316 / 6979 samples poisoned (target=0, fraction=0.500, seed=152).
12:22:36  INFO      attacks.neurotoxin_client — Neurotoxin client [64] round 79: poisoned 3316/6979 samples (target=0, masked=True).
12:22:38  INFO      datasets.backdoor — BackdoorDataset: 3321 / 6979 samples poisoned (target=0, fraction=0.500, seed=147).
12:22:42  INFO      attacks.neurotoxin_client — Neurotoxin client [59] round 79: poisoned 3321/6979 samples (target=0, masked=True).
12:23:10  INFO      datasets.backdoor — BackdoorDataset: 3312 / 6979 samples poisoned (target=0, fraction=0.500, seed=132).
12:23:14  INFO      attacks.neurotoxin_client — Neurotoxin client [43] round 80: poisoned 3312/6979 samples (target=0, masked=True).
12:24:14  INFO      experiment.runner — Round   81/150  |  acc:  85.21%  loss: 0.4102  |  ASR:   1.65%  asr_loss: 11.7081  |  mF1: 70.7%
12:24:16  INFO      datasets.backdoor — BackdoorDataset: 3305 / 6979 samples poisoned (target=0, fraction=0.500, seed=168).
12:24:20  INFO      attacks.neurotoxin_client — Neurotoxin client [78] round 81: poisoned 3305/6979 samples (target=0, masked=True).
12:25:18  INFO      datasets.backdoor — BackdoorDataset: 3315 / 6980 samples poisoned (target=0, fraction=0.500, seed=92).
12:25:22  INFO      attacks.neurotoxin_client — Neurotoxin client [0] round 83: poisoned 3315/6980 samples (target=0, masked=True).
12:25:36  INFO      datasets.backdoor — BackdoorDataset: 3322 / 6979 samples poisoned (target=0, fraction=0.500, seed=140).
12:25:40  INFO      attacks.neurotoxin_client — Neurotoxin client [47] round 84: poisoned 3322/6979 samples (target=0, masked=True).
12:27:51  INFO      datasets.backdoor — BackdoorDataset: 3310 / 6979 samples poisoned (target=0, fraction=0.500, seed=132).
12:27:55  INFO      attacks.neurotoxin_client — Neurotoxin client [34] round 89: poisoned 3310/6979 samples (target=0, masked=True).
12:28:06  INFO      datasets.backdoor — BackdoorDataset: 3322 / 6979 samples poisoned (target=0, fraction=0.500, seed=145).
12:28:10  INFO      attacks.neurotoxin_client — Neurotoxin client [47] round 89: poisoned 3322/6979 samples (target=0, masked=True).
12:28:24  INFO      datasets.backdoor — BackdoorDataset: 3310 / 6979 samples poisoned (target=0, fraction=0.500, seed=185).
12:28:28  INFO      attacks.neurotoxin_client — Neurotoxin client [86] round 90: poisoned 3310/6979 samples (target=0, masked=True).
12:29:31  INFO      experiment.runner — Round   91/150  |  acc:  85.30%  loss: 0.4070  |  ASR:   2.49%  asr_loss: 11.7634  |  mF1: 70.5%
12:29:39  INFO      datasets.backdoor — BackdoorDataset: 3310 / 6979 samples poisoned (target=0, fraction=0.500, seed=134).
12:29:42  INFO      attacks.neurotoxin_client — Neurotoxin client [34] round 91: poisoned 3310/6979 samples (target=0, masked=True).
12:29:43  INFO      datasets.backdoor — BackdoorDataset: 3321 / 6979 samples poisoned (target=0, fraction=0.500, seed=159).
12:29:46  INFO      attacks.neurotoxin_client — Neurotoxin client [59] round 91: poisoned 3321/6979 samples (target=0, masked=True).
12:30:02  INFO      datasets.backdoor — BackdoorDataset: 3310 / 6979 samples poisoned (target=0, fraction=0.500, seed=135).
12:30:08  INFO      attacks.neurotoxin_client — Neurotoxin client [34] round 92: poisoned 3310/6979 samples (target=0, masked=True).
12:30:16  INFO      datasets.backdoor — BackdoorDataset: 3317 / 6980 samples poisoned (target=0, fraction=0.500, seed=124).
12:30:20  INFO      attacks.neurotoxin_client — Neurotoxin client [23] round 92: poisoned 3317/6980 samples (target=0, masked=True).
12:30:32  INFO      datasets.backdoor — BackdoorDataset: 3326 / 6980 samples poisoned (target=0, fraction=0.500, seed=119).
12:30:36  INFO      attacks.neurotoxin_client — Neurotoxin client [17] round 93: poisoned 3326/6980 samples (target=0, masked=True).
12:30:47  INFO      datasets.backdoor — BackdoorDataset: 3305 / 6979 samples poisoned (target=0, fraction=0.500, seed=180).
12:30:51  INFO      attacks.neurotoxin_client — Neurotoxin client [78] round 93: poisoned 3305/6979 samples (target=0, masked=True).
12:31:03  INFO      datasets.backdoor — BackdoorDataset: 3326 / 6980 samples poisoned (target=0, fraction=0.500, seed=120).
12:31:07  INFO      attacks.neurotoxin_client — Neurotoxin client [17] round 94: poisoned 3326/6980 samples (target=0, masked=True).
12:31:09  INFO      datasets.backdoor — BackdoorDataset: 3312 / 6979 samples poisoned (target=0, fraction=0.500, seed=146).
12:31:15  INFO      attacks.neurotoxin_client — Neurotoxin client [43] round 94: poisoned 3312/6979 samples (target=0, masked=True).
12:31:34  INFO      datasets.backdoor — BackdoorDataset: 3315 / 6980 samples poisoned (target=0, fraction=0.500, seed=104).
12:31:37  INFO      attacks.neurotoxin_client — Neurotoxin client [0] round 95: poisoned 3315/6980 samples (target=0, masked=True).
12:31:42  INFO      datasets.backdoor — BackdoorDataset: 3321 / 6979 samples poisoned (target=0, fraction=0.500, seed=163).
12:31:45  INFO      attacks.neurotoxin_client — Neurotoxin client [59] round 95: poisoned 3321/6979 samples (target=0, masked=True).
12:31:45  INFO      datasets.backdoor — BackdoorDataset: 3322 / 6979 samples poisoned (target=0, fraction=0.500, seed=151).
12:31:49  INFO      attacks.neurotoxin_client — Neurotoxin client [47] round 95: poisoned 3322/6979 samples (target=0, masked=True).
12:31:54  INFO      datasets.backdoor — BackdoorDataset: 3310 / 6979 samples poisoned (target=0, fraction=0.500, seed=190).
12:31:57  INFO      attacks.neurotoxin_client — Neurotoxin client [86] round 95: poisoned 3310/6979 samples (target=0, masked=True).
12:32:05  INFO      datasets.backdoor — BackdoorDataset: 3315 / 6980 samples poisoned (target=0, fraction=0.500, seed=105).
12:32:09  INFO      attacks.neurotoxin_client — Neurotoxin client [0] round 96: poisoned 3315/6980 samples (target=0, masked=True).
12:32:23  INFO      datasets.backdoor — BackdoorDataset: 3312 / 6979 samples poisoned (target=0, fraction=0.500, seed=148).
12:32:26  INFO      attacks.neurotoxin_client — Neurotoxin client [43] round 96: poisoned 3312/6979 samples (target=0, masked=True).
12:32:30  INFO      datasets.backdoor — BackdoorDataset: 3322 / 6979 samples poisoned (target=0, fraction=0.500, seed=153).
12:32:37  INFO      attacks.neurotoxin_client — Neurotoxin client [47] round 97: poisoned 3322/6979 samples (target=0, masked=True).
12:32:45  INFO      datasets.backdoor — BackdoorDataset: 3310 / 6979 samples poisoned (target=0, fraction=0.500, seed=140).
12:32:49  INFO      attacks.neurotoxin_client — Neurotoxin client [34] round 97: poisoned 3310/6979 samples (target=0, masked=True).
12:32:49  INFO      datasets.backdoor — BackdoorDataset: 3305 / 6979 samples poisoned (target=0, fraction=0.500, seed=184).
12:32:52  INFO      attacks.neurotoxin_client — Neurotoxin client [78] round 97: poisoned 3305/6979 samples (target=0, masked=True).
12:33:18  INFO      datasets.backdoor — BackdoorDataset: 3317 / 6980 samples poisoned (target=0, fraction=0.500, seed=130).
12:33:22  INFO      attacks.neurotoxin_client — Neurotoxin client [23] round 98: poisoned 3317/6980 samples (target=0, masked=True).
12:33:22  INFO      datasets.backdoor — BackdoorDataset: 3305 / 6979 samples poisoned (target=0, fraction=0.500, seed=185).
12:33:26  INFO      attacks.neurotoxin_client — Neurotoxin client [78] round 98: poisoned 3305/6979 samples (target=0, masked=True).
12:34:09  INFO      datasets.backdoor — BackdoorDataset: 3316 / 6979 samples poisoned (target=0, fraction=0.500, seed=173).
12:34:17  INFO      attacks.neurotoxin_client — Neurotoxin client [64] round 100: poisoned 3316/6979 samples (target=0, masked=True).
12:35:12  INFO      experiment.runner — Round  101/150  |  acc:  85.46%  loss: 0.4042  |  ASR:   1.95%  asr_loss: 11.7106  |  mF1: 70.8%
12:35:12  INFO      datasets.backdoor — BackdoorDataset: 3315 / 6980 samples poisoned (target=0, fraction=0.500, seed=110).
12:35:16  INFO      attacks.neurotoxin_client — Neurotoxin client [0] round 101: poisoned 3315/6980 samples (target=0, masked=True).
12:35:16  INFO      datasets.backdoor — BackdoorDataset: 3322 / 6979 samples poisoned (target=0, fraction=0.500, seed=157).
12:35:20  INFO      attacks.neurotoxin_client — Neurotoxin client [47] round 101: poisoned 3322/6979 samples (target=0, masked=True).
12:36:04  INFO      datasets.backdoor — BackdoorDataset: 3310 / 6979 samples poisoned (target=0, fraction=0.500, seed=197).
12:36:08  INFO      attacks.neurotoxin_client — Neurotoxin client [86] round 102: poisoned 3310/6979 samples (target=0, masked=True).
12:36:08  INFO      datasets.backdoor — BackdoorDataset: 3312 / 6979 samples poisoned (target=0, fraction=0.500, seed=154).
12:36:12  INFO      attacks.neurotoxin_client — Neurotoxin client [43] round 102: poisoned 3312/6979 samples (target=0, masked=True).
12:36:37  INFO      datasets.backdoor — BackdoorDataset: 3315 / 6980 samples poisoned (target=0, fraction=0.500, seed=113).
12:36:44  INFO      attacks.neurotoxin_client — Neurotoxin client [0] round 104: poisoned 3315/6980 samples (target=0, masked=True).
12:37:24  INFO      datasets.backdoor — BackdoorDataset: 3310 / 6979 samples poisoned (target=0, fraction=0.500, seed=200).
12:37:28  INFO      attacks.neurotoxin_client — Neurotoxin client [86] round 105: poisoned 3310/6979 samples (target=0, masked=True).
12:37:52  INFO      datasets.backdoor — BackdoorDataset: 3317 / 6980 samples poisoned (target=0, fraction=0.500, seed=138).
12:37:55  INFO      attacks.neurotoxin_client — Neurotoxin client [23] round 106: poisoned 3317/6980 samples (target=0, masked=True).
12:38:14  INFO      datasets.backdoor — BackdoorDataset: 3310 / 6979 samples poisoned (target=0, fraction=0.500, seed=150).
12:38:18  INFO      attacks.neurotoxin_client — Neurotoxin client [34] round 107: poisoned 3310/6979 samples (target=0, masked=True).
12:39:14  INFO      datasets.backdoor — BackdoorDataset: 3315 / 6980 samples poisoned (target=0, fraction=0.500, seed=118).
12:39:21  INFO      attacks.neurotoxin_client — Neurotoxin client [0] round 109: poisoned 3315/6980 samples (target=0, masked=True).
12:40:36  INFO      experiment.runner — Round  111/150  |  acc:  85.56%  loss: 0.3987  |  ASR:   1.94%  asr_loss: 11.8100  |  mF1: 70.7%
12:40:43  INFO      datasets.backdoor — BackdoorDataset: 3321 / 6979 samples poisoned (target=0, fraction=0.500, seed=179).
12:40:47  INFO      attacks.neurotoxin_client — Neurotoxin client [59] round 111: poisoned 3321/6979 samples (target=0, masked=True).
12:41:08  INFO      datasets.backdoor — BackdoorDataset: 3310 / 6979 samples poisoned (target=0, fraction=0.500, seed=155).
12:41:12  INFO      attacks.neurotoxin_client — Neurotoxin client [34] round 112: poisoned 3310/6979 samples (target=0, masked=True).
12:41:42  INFO      datasets.backdoor — BackdoorDataset: 3322 / 6979 samples poisoned (target=0, fraction=0.500, seed=169).
12:41:45  INFO      attacks.neurotoxin_client — Neurotoxin client [47] round 113: poisoned 3322/6979 samples (target=0, masked=True).
12:41:48  INFO      datasets.backdoor — BackdoorDataset: 3317 / 6980 samples poisoned (target=0, fraction=0.500, seed=145).
12:41:51  INFO      attacks.neurotoxin_client — Neurotoxin client [23] round 113: poisoned 3317/6980 samples (target=0, masked=True).
12:41:54  INFO      datasets.backdoor — BackdoorDataset: 3321 / 6979 samples poisoned (target=0, fraction=0.500, seed=181).
12:41:57  INFO      attacks.neurotoxin_client — Neurotoxin client [59] round 113: poisoned 3321/6979 samples (target=0, masked=True).
12:42:07  INFO      datasets.backdoor — BackdoorDataset: 3326 / 6980 samples poisoned (target=0, fraction=0.500, seed=140).
12:42:11  INFO      attacks.neurotoxin_client — Neurotoxin client [17] round 114: poisoned 3326/6980 samples (target=0, masked=True).
12:42:14  INFO      datasets.backdoor — BackdoorDataset: 3322 / 6979 samples poisoned (target=0, fraction=0.500, seed=170).
12:42:17  INFO      attacks.neurotoxin_client — Neurotoxin client [47] round 114: poisoned 3322/6979 samples (target=0, masked=True).
12:42:29  INFO      datasets.backdoor — BackdoorDataset: 3316 / 6979 samples poisoned (target=0, fraction=0.500, seed=188).
12:42:33  INFO      attacks.neurotoxin_client — Neurotoxin client [64] round 115: poisoned 3316/6979 samples (target=0, masked=True).
12:43:45  INFO      datasets.backdoor — BackdoorDataset: 3317 / 6980 samples poisoned (target=0, fraction=0.500, seed=149).
12:43:49  INFO      attacks.neurotoxin_client — Neurotoxin client [23] round 117: poisoned 3317/6980 samples (target=0, masked=True).
12:44:18  INFO      datasets.backdoor — BackdoorDataset: 3310 / 6979 samples poisoned (target=0, fraction=0.500, seed=162).
12:44:22  INFO      attacks.neurotoxin_client — Neurotoxin client [34] round 119: poisoned 3310/6979 samples (target=0, masked=True).
12:45:59  INFO      experiment.runner — Round  121/150  |  acc:  85.57%  loss: 0.3995  |  ASR:   2.06%  asr_loss: 11.9629  |  mF1: 71.1%
12:46:08  INFO      datasets.backdoor — BackdoorDataset: 3317 / 6980 samples poisoned (target=0, fraction=0.500, seed=153).
12:46:12  INFO      attacks.neurotoxin_client — Neurotoxin client [23] round 121: poisoned 3317/6980 samples (target=0, masked=True).
12:46:47  INFO      datasets.backdoor — BackdoorDataset: 3312 / 6979 samples poisoned (target=0, fraction=0.500, seed=174).
12:46:51  INFO      attacks.neurotoxin_client — Neurotoxin client [43] round 122: poisoned 3312/6979 samples (target=0, masked=True).
12:47:40  INFO      datasets.backdoor — BackdoorDataset: 3310 / 6979 samples poisoned (target=0, fraction=0.500, seed=219).
12:47:44  INFO      attacks.neurotoxin_client — Neurotoxin client [86] round 124: poisoned 3310/6979 samples (target=0, masked=True).
12:47:47  INFO      datasets.backdoor — BackdoorDataset: 3322 / 6979 samples poisoned (target=0, fraction=0.500, seed=181).
12:47:51  INFO      attacks.neurotoxin_client — Neurotoxin client [47] round 125: poisoned 3322/6979 samples (target=0, masked=True).
12:48:15  INFO      datasets.backdoor — BackdoorDataset: 3321 / 6979 samples poisoned (target=0, fraction=0.500, seed=194).
12:48:22  INFO      attacks.neurotoxin_client — Neurotoxin client [59] round 126: poisoned 3321/6979 samples (target=0, masked=True).
12:48:32  INFO      datasets.backdoor — BackdoorDataset: 3316 / 6979 samples poisoned (target=0, fraction=0.500, seed=199).
12:48:36  INFO      attacks.neurotoxin_client — Neurotoxin client [64] round 126: poisoned 3316/6979 samples (target=0, masked=True).
12:48:46  INFO      datasets.backdoor — BackdoorDataset: 3322 / 6979 samples poisoned (target=0, fraction=0.500, seed=183).
12:48:50  INFO      attacks.neurotoxin_client — Neurotoxin client [47] round 127: poisoned 3322/6979 samples (target=0, masked=True).
12:48:53  INFO      datasets.backdoor — BackdoorDataset: 3312 / 6979 samples poisoned (target=0, fraction=0.500, seed=179).
12:48:57  INFO      attacks.neurotoxin_client — Neurotoxin client [43] round 127: poisoned 3312/6979 samples (target=0, masked=True).
12:48:57  INFO      datasets.backdoor — BackdoorDataset: 3317 / 6980 samples poisoned (target=0, fraction=0.500, seed=159).
12:49:01  INFO      attacks.neurotoxin_client — Neurotoxin client [23] round 127: poisoned 3317/6980 samples (target=0, masked=True).
12:49:17  INFO      datasets.backdoor — BackdoorDataset: 3312 / 6979 samples poisoned (target=0, fraction=0.500, seed=180).
12:49:21  INFO      attacks.neurotoxin_client — Neurotoxin client [43] round 128: poisoned 3312/6979 samples (target=0, masked=True).
12:49:32  INFO      datasets.backdoor — BackdoorDataset: 3326 / 6980 samples poisoned (target=0, fraction=0.500, seed=154).
12:49:36  INFO      attacks.neurotoxin_client — Neurotoxin client [17] round 128: poisoned 3326/6980 samples (target=0, masked=True).
12:49:38  INFO      datasets.backdoor — BackdoorDataset: 3310 / 6979 samples poisoned (target=0, fraction=0.500, seed=223).
12:49:42  INFO      attacks.neurotoxin_client — Neurotoxin client [86] round 128: poisoned 3310/6979 samples (target=0, masked=True).
12:50:04  INFO      datasets.backdoor — BackdoorDataset: 3316 / 6979 samples poisoned (target=0, fraction=0.500, seed=202).
12:50:07  INFO      attacks.neurotoxin_client — Neurotoxin client [64] round 129: poisoned 3316/6979 samples (target=0, masked=True).
12:50:17  INFO      datasets.backdoor — BackdoorDataset: 3316 / 6979 samples poisoned (target=0, fraction=0.500, seed=203).
12:50:21  INFO      attacks.neurotoxin_client — Neurotoxin client [64] round 130: poisoned 3316/6979 samples (target=0, masked=True).
12:51:26  INFO      experiment.runner — Round  131/150  |  acc:  85.59%  loss: 0.3959  |  ASR:   2.03%  asr_loss: 11.5047  |  mF1: 70.7%
12:51:44  INFO      datasets.backdoor — BackdoorDataset: 3310 / 6979 samples poisoned (target=0, fraction=0.500, seed=174).
12:51:47  INFO      attacks.neurotoxin_client — Neurotoxin client [34] round 131: poisoned 3310/6979 samples (target=0, masked=True).
12:51:53  INFO      datasets.backdoor — BackdoorDataset: 3316 / 6979 samples poisoned (target=0, fraction=0.500, seed=205).
12:51:57  INFO      attacks.neurotoxin_client — Neurotoxin client [64] round 132: poisoned 3316/6979 samples (target=0, masked=True).
12:52:04  INFO      datasets.backdoor — BackdoorDataset: 3317 / 6980 samples poisoned (target=0, fraction=0.500, seed=164).
12:52:08  INFO      attacks.neurotoxin_client — Neurotoxin client [23] round 132: poisoned 3317/6980 samples (target=0, masked=True).
12:52:10  INFO      datasets.backdoor — BackdoorDataset: 3322 / 6979 samples poisoned (target=0, fraction=0.500, seed=188).
12:52:14  INFO      attacks.neurotoxin_client — Neurotoxin client [47] round 132: poisoned 3322/6979 samples (target=0, masked=True).
12:52:24  INFO      datasets.backdoor — BackdoorDataset: 3315 / 6980 samples poisoned (target=0, fraction=0.500, seed=141).
12:52:27  INFO      attacks.neurotoxin_client — Neurotoxin client [0] round 132: poisoned 3315/6980 samples (target=0, masked=True).
12:52:42  INFO      datasets.backdoor — BackdoorDataset: 3315 / 6980 samples poisoned (target=0, fraction=0.500, seed=142).
12:52:45  INFO      attacks.neurotoxin_client — Neurotoxin client [0] round 133: poisoned 3315/6980 samples (target=0, masked=True).
12:53:10  INFO      datasets.backdoor — BackdoorDataset: 3321 / 6979 samples poisoned (target=0, fraction=0.500, seed=202).
12:53:17  INFO      attacks.neurotoxin_client — Neurotoxin client [59] round 134: poisoned 3321/6979 samples (target=0, masked=True).
12:53:48  INFO      datasets.backdoor — BackdoorDataset: 3310 / 6979 samples poisoned (target=0, fraction=0.500, seed=231).
12:53:52  INFO      attacks.neurotoxin_client — Neurotoxin client [86] round 136: poisoned 3310/6979 samples (target=0, masked=True).
12:54:13  INFO      datasets.backdoor — BackdoorDataset: 3316 / 6979 samples poisoned (target=0, fraction=0.500, seed=209).
12:54:17  INFO      attacks.neurotoxin_client — Neurotoxin client [64] round 136: poisoned 3316/6979 samples (target=0, masked=True).
12:54:18  INFO      datasets.backdoor — BackdoorDataset: 3315 / 6980 samples poisoned (target=0, fraction=0.500, seed=146).
12:54:22  INFO      attacks.neurotoxin_client — Neurotoxin client [0] round 137: poisoned 3315/6980 samples (target=0, masked=True).
12:54:33  INFO      datasets.backdoor — BackdoorDataset: 3312 / 6979 samples poisoned (target=0, fraction=0.500, seed=189).
12:54:37  INFO      attacks.neurotoxin_client — Neurotoxin client [43] round 137: poisoned 3312/6979 samples (target=0, masked=True).
12:55:27  INFO      datasets.backdoor — BackdoorDataset: 3310 / 6979 samples poisoned (target=0, fraction=0.500, seed=234).
12:55:31  INFO      attacks.neurotoxin_client — Neurotoxin client [86] round 139: poisoned 3310/6979 samples (target=0, masked=True).
12:55:38  INFO      datasets.backdoor — BackdoorDataset: 3315 / 6980 samples poisoned (target=0, fraction=0.500, seed=148).
12:55:41  INFO      attacks.neurotoxin_client — Neurotoxin client [0] round 139: poisoned 3315/6980 samples (target=0, masked=True).
12:57:00  INFO      experiment.runner — Round  141/150  |  acc:  85.66%  loss: 0.3945  |  ASR:   2.10%  asr_loss: 11.6455  |  mF1: 70.9%
12:59:23  INFO      datasets.backdoor — BackdoorDataset: 3317 / 6980 samples poisoned (target=0, fraction=0.500, seed=178).
12:59:26  INFO      attacks.neurotoxin_client — Neurotoxin client [23] round 146: poisoned 3317/6980 samples (target=0, masked=True).
13:01:41  INFO      experiment.runner — Round  150/150  |  acc:  85.71%  loss: 0.3928  |  ASR:   2.18%  asr_loss: 11.8619  |  mF1: 71.0%
13:01:41  INFO      experiment.runner — Final model saved to results/benchmark/femnist_neurotoxin_nnm_krum_seed9/final_model.pt
13:01:41  INFO      experiment.runner — Client atypicality written to results/benchmark/femnist_neurotoxin_nnm_krum_seed9/client_atypicality.json
13:01:41  INFO      experiment.runner — Client inclusion rates written to results/benchmark/femnist_neurotoxin_nnm_krum_seed9/client_inclusion.csv
13:01:41  INFO      benchmark — ✓  femnist_neurotoxin_nnm_krum_seed9  (82.0 min)
13:01:41  INFO      benchmark — ▶  femnist_chameleon_deepsight_seed0
13:01:41  INFO      experiment.runner — Initialising 'femnist_chameleon_deepsight_seed0' | device=cuda | rounds=150 | clients=10/100 | attack=chameleon | defense=deepsight
13:01:42  INFO      defenses.deepsight — DeepSightServer — output layer: 'classifier.4.weight' | neup_tau=0.20  cluster_tau=0.50  clip_norm=2.0
13:01:53  INFO      experiment.utils — Built 100 clients — 10 malicious, 90 benign.

==============================================================
  Summary — 16 rounds evaluated
==============================================================
  Final clean accuracy               85.71%
  Best  clean accuracy               85.71%
  Final clean loss                   0.3928
  Macro F1                           71.01%
  Final ASR                           2.18%
  Mean ASR (attack window)            2.14%
  Max  ASR (attack window)            2.66%
==============================================================

13:02:04  INFO      experiment.runner — Chameleon ASR evaluator: 500 non-target test images.
13:02:04  INFO      experiment.runner — Setup complete — 100 clients (10 malicious) | backdoor eval: chameleon-adaptive
13:02:32  INFO      defenses.deepsight — DeepSight: 0 / 10 flagged  |  TE [ben:0.095, ben:0.083, ben:0.107, ben:0.107, ben:0.083, ben:0.083, ben:0.095, ben:0.095, ben:0.095, ben:0.095]  DDif [ben:1.039, ben:1.087, ben:1.174, ben:1.150, ben:1.218, ben:1.176, ben:1.113, ben:1.129, ben:1.091, ben:1.139]  labels [-1, -1, -1, -1, -1, -1, -1, 0, -1, 0]
13:03:05  INFO      experiment.runner — Round    1/150  |  acc:  52.37%  loss: 1.8910  |  FPR: 0.0%  |  mF1: 21.9%
13:03:31  INFO      defenses.deepsight — DeepSight: 0 / 10 flagged  |  TE [ben:0.095, ben:0.083, ben:0.095, ben:0.107, ben:0.107, ben:0.095, ben:0.095, ben:0.083, ben:0.107, ben:0.095]  DDif [ben:0.657, ben:0.696, ben:0.660, ben:0.677, ben:0.646, ben:0.650, ben:0.719, ben:0.689, ben:0.751, ben:0.640]  labels [0, -1, -1, -1, 0, -1, -1, -1, -1, -1]
13:03:54  INFO      defenses.deepsight — DeepSight: 0 / 10 flagged  |  TE [ben:0.095, ben:0.095, ben:0.107, ben:0.107, ben:0.095, ben:0.095, ben:0.119, ben:0.095, ben:0.095, ben:0.095]  DDif [ben:0.353, ben:0.386, ben:0.362, ben:0.459, ben:0.377, ben:0.318, ben:0.453, ben:0.376, ben:0.336, ben:0.339]  labels [0, -1, -1, -1, 0, -1, -1, -1, -1, -1]
13:04:19  INFO      defenses.deepsight — DeepSight: 0 / 10 flagged  |  TE [ben:0.095, ben:0.095, ben:0.095, ben:0.107, ben:0.107, ben:0.095, ben:0.095, ben:0.107, ben:0.107, ben:0.107]  DDif [ben:0.387, ben:0.562, ben:0.325, ben:0.416, ben:0.343, ben:0.286, ben:0.412, ben:0.331, ben:0.432, ben:0.372]  labels [0, -1, -1, 0, 0, -1, -1, -1, -1, -1]
13:04:45  INFO      defenses.deepsight — DeepSight: 0 / 10 flagged  |  TE [ben:0.095, ben:0.095, ben:0.107, ben:0.107, ben:0.095, ben:0.095, ben:0.107, ben:0.095, ben:0.107, ben:0.107]  DDif [ben:1.782, ben:0.306, ben:0.370, ben:1.528, ben:0.212, ben:0.272, ben:0.233, ben:0.235, ben:0.182, ben:1.862]  labels [0, 0, 0, 0, 0, 0, 0, 0, 0, 0]
13:05:11  INFO      defenses.deepsight — DeepSight: 0 / 10 flagged  |  TE [ben:0.107, ben:0.119, ben:0.095, ben:0.119, ben:0.095, ben:0.107, ben:0.095, ben:0.095, ben:0.107, ben:0.095]  DDif [ben:0.586, ben:0.399, ben:0.475, ben:0.505, ben:0.438, ben:0.468, ben:0.396, ben:0.477, ben:0.450, ben:0.433]  labels [-1, -1, 0, 0, 0, 0, -1, 0, -1, -1]
13:05:34  INFO      defenses.deepsight — DeepSight: 0 / 10 flagged  |  TE [ben:0.095, ben:0.095, ben:0.095, ben:0.083, ben:0.107, ben:0.095, ben:0.107, ben:0.107, ben:0.107, ben:0.107]  DDif [ben:0.177, ben:0.174, ben:0.160, ben:0.195, ben:0.235, ben:0.190, ben:0.185, ben:0.221, ben:0.178, ben:0.164]  labels [-1, 0, -1, -1, -1, 0, -1, -1, -1, -1]
13:05:59  INFO      defenses.deepsight — DeepSight: 0 / 10 flagged  |  TE [ben:0.095, ben:0.095, ben:0.095, ben:0.095, ben:0.107, ben:0.107, ben:0.095, ben:0.095, ben:0.119, ben:0.107]  DDif [ben:0.127, ben:0.108, ben:2.653, ben:3.012, ben:0.120, ben:3.296, ben:0.170, ben:0.152, ben:0.160, ben:0.157]  labels [0, 0, 0, 0, 0, 0, 0, 0, 0, 0]
13:06:25  INFO      defenses.deepsight — DeepSight: 0 / 10 flagged  |  TE [ben:0.107, ben:0.107, ben:0.095, ben:0.107, ben:0.095, ben:0.095, ben:0.095, ben:0.095, ben:0.119, ben:0.095]  DDif [ben:0.338, ben:0.320, ben:0.369, ben:0.394, ben:0.415, ben:0.395, ben:0.314, ben:0.350, ben:0.454, ben:0.385]  labels [0, 0, 0, 0, 0, 0, -1, -1, -1, -1]
13:06:49  INFO      defenses.deepsight — DeepSight: 0 / 10 flagged  |  TE [ben:0.119, ben:0.095, ben:0.107, ben:0.107, ben:0.095, ben:0.107, ben:0.095, ben:0.095, ben:0.095, ben:0.119]  DDif [ben:2.764, ben:0.137, ben:0.123, ben:0.117, ben:0.186, ben:0.115, ben:0.139, ben:0.115, ben:0.226, ben:0.231]  labels [-1, -1, 0, 0, -1, -1, -1, -1, -1, -1]
13:07:13  INFO      defenses.deepsight — DeepSight: 0 / 10 flagged  |  TE [ben:0.107, ben:0.119, ben:0.095, ben:0.107, ben:0.119, ben:0.095, ben:0.107, ben:0.107, ben:0.107, ben:0.095]  DDif [ben:3.095, ben:0.258, ben:0.128, ben:0.183, ben:0.188, ben:0.249, ben:0.202, ben:0.172, ben:0.203, ben:0.166]  labels [-1, -1, 0, -1, -1, -1, -1, 0, -1, 0]
13:07:47  INFO      experiment.runner — Round   11/150  |  acc:  80.81%  loss: 0.5823  |  FPR: 0.0%  |  mF1: 61.7%
13:08:09  INFO      defenses.deepsight — DeepSight: 0 / 10 flagged  |  TE [ben:0.095, ben:0.095, ben:0.095, ben:0.119, ben:0.107, ben:0.095, ben:0.095, ben:0.107, ben:0.107, ben:0.095]  DDif [ben:0.293, ben:0.133, ben:0.207, ben:0.185, ben:0.286, ben:0.150, ben:0.169, ben:0.175, ben:0.187, ben:0.230]  labels [-1, -1, -1, 0, -1, -1, -1, -1, 0, -1]
13:08:32  INFO      defenses.deepsight — DeepSight: 0 / 10 flagged  |  TE [ben:0.119, ben:0.107, ben:0.095, ben:0.095, ben:0.095, ben:0.107, ben:0.107, ben:0.107, ben:0.119, ben:0.107]  DDif [ben:0.094, ben:0.159, ben:3.733, ben:0.105, ben:0.105, ben:0.090, ben:0.115, ben:0.241, ben:0.101, ben:0.113]  labels [-1, 0, -1, -1, -1, 0, 0, -1, -1, -1]
13:08:59  INFO      defenses.deepsight — DeepSight: 0 / 10 flagged  |  TE [ben:0.107, ben:0.107, ben:0.119, ben:0.107, ben:0.095, ben:0.107, ben:0.119, ben:0.107, ben:0.107, ben:0.107]  DDif [ben:0.142, ben:0.108, ben:0.165, ben:0.136, ben:0.114, ben:3.158, ben:0.111, ben:0.094, ben:0.080, ben:0.096]  labels [-1, -1, -1, 0, -1, -1, -1, -1, -1, 0]
13:09:22  INFO      defenses.deepsight — DeepSight: 0 / 10 flagged  |  TE [ben:0.095, ben:0.095, ben:0.107, ben:0.107, ben:0.095, ben:0.095, ben:0.107, ben:0.107, ben:0.119, ben:0.119]  DDif [ben:0.148, ben:0.189, ben:0.137, ben:0.129, ben:0.167, ben:0.147, ben:0.205, ben:0.134, ben:0.101, ben:0.095]  labels [0, -1, -1, 0, -1, 0, -1, 0, -1, -1]
13:09:47  INFO      defenses.deepsight — DeepSight: 0 / 10 flagged  |  TE [ben:0.107, ben:0.107, ben:0.107, ben:0.107, ben:0.107, ben:0.095, ben:0.095, ben:0.095, ben:0.107, ben:0.119]  DDif [ben:0.083, ben:0.097, ben:0.090, ben:0.081, ben:0.068, ben:0.072, ben:4.070, ben:0.076, ben:0.110, ben:0.072]  labels [0, -1, -1, -1, -1, -1, -1, -1, -1, 0]
13:10:10  INFO      defenses.deepsight — DeepSight: 0 / 10 flagged  |  TE [ben:0.119, ben:0.107, ben:0.107, ben:0.107, ben:0.119, ben:0.119, ben:0.119, ben:0.119, ben:0.107, ben:0.119]  DDif [ben:0.121, ben:0.136, ben:0.119, ben:0.131, ben:0.140, ben:0.075, ben:0.135, ben:0.086, ben:0.142, ben:0.156]  labels [-1, -1, -1, -1, 0, -1, 0, -1, -1, -1]
13:10:36  INFO      defenses.deepsight — DeepSight: 0 / 10 flagged  |  TE [ben:0.095, ben:0.119, ben:0.107, ben:0.095, ben:0.107, ben:0.119, ben:0.107, ben:0.119, ben:0.119, ben:0.119]  DDif [ben:0.096, ben:0.100, ben:0.066, ben:0.111, ben:0.149, ben:0.076, ben:0.086, ben:0.068, ben:0.075, ben:4.250]  labels [0, -1, -1, -1, 0, -1, -1, -1, -1, -1]
13:11:01  INFO      defenses.deepsight — DeepSight: 0 / 10 flagged  |  TE [ben:0.107, ben:0.107, ben:0.107, ben:0.119, ben:0.107, ben:0.107, ben:0.107, ben:0.119, ben:0.119, ben:0.107]  DDif [ben:0.158, ben:0.107, ben:0.091, ben:0.114, ben:0.128, ben:0.110, ben:0.086, ben:0.131, ben:0.112, ben:3.611]  labels [0, -1, -1, -1, -1, 0, 0, -1, 0, -1]
13:11:26  INFO      defenses.deepsight — DeepSight: 0 / 10 flagged  |  TE [ben:0.107, ben:0.107, ben:0.107, ben:0.095, ben:0.095, ben:0.107, ben:0.107, ben:0.119, ben:0.107, ben:0.107]  DDif [ben:0.083, ben:0.167, ben:0.092, ben:0.087, ben:4.283, ben:0.108, ben:0.090, ben:0.098, ben:0.083, ben:0.164]  labels [-1, -1, -1, -1, -1, 0, 0, 0, -1, -1]
13:11:49  INFO      defenses.deepsight — DeepSight: 0 / 10 flagged  |  TE [ben:0.095, ben:0.107, ben:0.107, ben:0.107, ben:0.107, ben:0.095, ben:0.107, ben:0.107, ben:0.107, ben:0.107]  DDif [ben:0.185, ben:3.743, ben:0.075, ben:0.168, ben:0.127, ben:0.152, ben:0.135, ben:3.877, ben:0.169, ben:0.114]  labels [-1, -1, 0, -1, -1, 0, -1, -1, -1, 0]
13:12:24  INFO      experiment.runner — Round   21/150  |  acc:  82.90%  loss: 0.4988  |  FPR: 0.0%  |  mF1: 65.6%
13:12:46  INFO      defenses.deepsight — DeepSight: 0 / 10 flagged  |  TE [ben:0.107, ben:0.107, ben:0.095, ben:0.119, ben:0.119, ben:0.107, ben:0.107, ben:0.107, ben:0.119, ben:0.107]  DDif [ben:0.214, ben:0.214, ben:0.157, ben:0.230, ben:0.227, ben:0.214, ben:0.186, ben:0.197, ben:0.259, ben:0.152]  labels [0, 0, 0, 0, 0, 0, -1, 0, -1, -1]
13:13:12  INFO      defenses.deepsight — DeepSight: 0 / 10 flagged  |  TE [ben:0.107, ben:0.107, ben:0.107, ben:0.095, ben:0.107, ben:0.119, ben:0.107, ben:0.107, ben:0.095, ben:0.107]  DDif [ben:0.116, ben:0.158, ben:0.117, ben:0.121, ben:0.104, ben:0.196, ben:0.077, ben:0.120, ben:0.164, ben:0.110]  labels [-1, -1, 0, 0, -1, -1, -1, 0, -1, -1]
13:13:37  INFO      defenses.deepsight — DeepSight: 0 / 10 flagged  |  TE [ben:0.107, ben:0.107, ben:0.119, ben:0.119, ben:0.095, ben:0.119, ben:0.095, ben:0.143, ben:0.107, ben:0.107]  DDif [ben:0.078, ben:0.093, ben:3.856, ben:0.085, ben:0.095, ben:0.066, ben:4.553, ben:0.101, ben:0.093, ben:0.096]  labels [-1, -1, -1, 0, -1, -1, -1, 0, -1, 0]
13:14:02  INFO      defenses.deepsight — DeepSight: 0 / 10 flagged  |  TE [ben:0.107, ben:0.107, ben:0.119, ben:0.119, ben:0.107, ben:0.107, ben:0.119, ben:0.095, ben:0.107, ben:0.107]  DDif [ben:0.166, ben:0.194, ben:0.172, ben:0.169, ben:0.213, ben:0.154, ben:0.118, ben:3.082, ben:0.137, ben:0.135]  labels [-1, -1, -1, -1, -1, 0, -1, -1, -1, 0]
13:14:26  INFO      defenses.deepsight — DeepSight: 0 / 10 flagged  |  TE [ben:0.107, ben:0.107, ben:0.119, ben:0.095, ben:0.107, ben:0.119, ben:0.119, ben:0.095, ben:0.107, ben:0.107]  DDif [ben:0.148, ben:0.174, ben:2.992, ben:3.333, ben:0.127, ben:0.135, ben:0.185, ben:0.131, ben:0.158, ben:0.148]  labels [0, 0, -1, -1, -1, -1, 0, 0, 0, -1]
13:14:53  INFO      defenses.deepsight — DeepSight: 0 / 10 flagged  |  TE [ben:0.107, ben:0.095, ben:0.107, ben:0.119, ben:0.119, ben:0.107, ben:0.107, ben:0.107, ben:0.107, ben:0.107]  DDif [ben:0.128, ben:0.150, ben:0.198, ben:0.165, ben:2.574, ben:0.224, ben:2.223, ben:0.147, ben:0.190, ben:0.137]  labels [0, 0, -1, -1, -1, 0, -1, -1, -1, -1]
13:15:16  INFO      defenses.deepsight — DeepSight: 0 / 10 flagged  |  TE [ben:0.107, ben:0.119, ben:0.095, ben:0.095, ben:0.119, ben:0.107, ben:0.107, ben:0.107, ben:0.107, ben:0.107]  DDif [ben:0.267, ben:0.198, ben:0.259, ben:0.129, ben:0.283, ben:0.265, ben:0.233, ben:0.154, ben:0.187, ben:0.177]  labels [0, 0, 0, -1, 0, 0, 0, 0, 0, 0]
13:15:40  INFO      defenses.deepsight — DeepSight: 0 / 10 flagged  |  TE [ben:0.095, ben:0.107, ben:0.107, ben:0.119, ben:0.107, ben:0.107, ben:0.095, ben:0.107, ben:0.107, ben:0.107]  DDif [ben:0.178, ben:0.152, ben:0.137, ben:2.363, ben:0.125, ben:2.929, ben:0.086, ben:0.081, ben:0.236, ben:2.834]  labels [0, 0, 0, 0, 0, 0, 0, 0, 0, 0]
13:16:03  INFO      defenses.deepsight — DeepSight: 0 / 10 flagged  |  TE [ben:0.119, ben:0.119, ben:0.107, ben:0.119, ben:0.095, ben:0.107, ben:0.107, ben:0.107, ben:0.095, ben:0.119]  DDif [ben:0.226, ben:0.259, ben:0.203, ben:1.366, ben:0.276, ben:0.256, ben:0.289, ben:1.187, ben:0.226, ben:0.306]  labels [0, -1, -1, -1, -1, 0, 0, -1, -1, -1]
13:16:30  INFO      defenses.deepsight — DeepSight: 0 / 10 flagged  |  TE [ben:0.107, ben:0.107, ben:0.107, ben:0.107, ben:0.095, ben:0.095, ben:0.131, ben:0.107, ben:0.107, ben:0.083]  DDif [ben:0.272, ben:0.205, ben:0.165, ben:0.194, ben:0.142, ben:0.206, ben:0.245, ben:0.137, ben:1.339, ben:0.148]  labels [-1, -1, -1, -1, 0, -1, -1, -1, -1, 0]
13:16:58  INFO      experiment.runner — Round   31/150  |  acc:  83.93%  loss: 0.4586  |  FPR: 0.0%  |  mF1: 67.5%
13:17:20  INFO      defenses.deepsight — DeepSight: 0 / 10 flagged  |  TE [ben:0.095, ben:0.095, ben:0.107, ben:0.107, ben:0.119, ben:0.131, ben:0.119, ben:0.095, ben:0.095, ben:0.107]  DDif [ben:0.155, ben:0.103, ben:0.218, ben:0.122, ben:0.128, ben:0.272, ben:2.008, ben:0.133, ben:1.770, ben:0.164]  labels [-1, -1, 0, 0, -1, 0, -1, -1, -1, -1]
13:17:48  INFO      defenses.deepsight — DeepSight: 0 / 10 flagged  |  TE [ben:0.095, ben:0.107, ben:0.119, ben:0.119, ben:0.095, ben:0.095, ben:0.119, ben:0.119, ben:0.119, ben:0.095]  DDif [ben:0.164, ben:0.168, ben:0.170, ben:0.298, ben:0.247, ben:0.150, ben:0.198, ben:0.247, ben:0.224, ben:0.165]  labels [0, 0, 0, -1, 0, 0, 0, 0, 0, 0]
13:18:11  INFO      defenses.deepsight — DeepSight: 0 / 10 flagged  |  TE [ben:0.119, ben:0.107, ben:0.095, ben:0.107, ben:0.119, ben:0.131, ben:0.107, ben:0.131, ben:0.119, ben:0.095]  DDif [ben:0.222, ben:0.253, ben:0.115, ben:0.104, ben:1.981, ben:0.163, ben:0.214, ben:0.176, ben:0.174, ben:0.265]  labels [0, 0, 0, -1, -1, 0, -1, 0, -1, -1]
13:18:37  INFO      defenses.deepsight — DeepSight: 0 / 10 flagged  |  TE [ben:0.107, ben:0.107, ben:0.107, ben:0.107, ben:0.107, ben:0.107, ben:0.095, ben:0.107, ben:0.095, ben:0.119]  DDif [ben:0.151, ben:0.154, ben:0.183, ben:0.137, ben:0.093, ben:0.106, ben:0.133, ben:0.121, ben:0.111, ben:0.153]  labels [0, -1, -1, -1, -1, -1, 0, -1, -1, -1]
13:19:00  INFO      defenses.deepsight — DeepSight: 0 / 10 flagged  |  TE [ben:0.107, ben:0.119, ben:0.095, ben:0.119, ben:0.107, ben:0.107, ben:0.095, ben:0.107, ben:0.107, ben:0.119]  DDif [ben:0.113, ben:0.105, ben:0.086, ben:0.097, ben:0.161, ben:0.151, ben:0.083, ben:0.126, ben:2.534, ben:0.106]  labels [-1, 0, 0, 0, -1, 0, -1, -1, -1, -1]
13:19:28  INFO      defenses.deepsight — DeepSight: 0 / 10 flagged  |  TE [ben:0.107, ben:0.107, ben:0.107, ben:0.119, ben:0.119, ben:0.107, ben:0.107, ben:0.107, ben:0.119, ben:0.119]  DDif [ben:0.119, ben:2.481, ben:0.126, ben:0.207, ben:0.150, ben:0.122, ben:2.009, ben:0.136, ben:0.125, ben:0.148]  labels [0, -1, -1, 0, -1, -1, -1, -1, -1, -1]
13:19:51  INFO      defenses.deepsight — DeepSight: 0 / 10 flagged  |  TE [ben:0.107, ben:0.095, ben:0.095, ben:0.107, ben:0.107, ben:0.095, ben:0.119, ben:0.107, ben:0.107, ben:0.107]  DDif [ben:0.162, ben:0.158, ben:0.188, ben:0.182, ben:0.201, ben:0.090, ben:0.129, ben:0.091, ben:0.133, ben:0.189]  labels [0, 0, 0, 0, 0, 0, 0, -1, -1, 0]
13:20:17  INFO      defenses.deepsight — DeepSight: 0 / 10 flagged  |  TE [ben:0.095, ben:0.107, ben:0.107, ben:0.143, ben:0.107, ben:0.107, ben:0.107, ben:0.107, ben:0.107, ben:0.119]  DDif [ben:0.125, ben:0.087, ben:0.134, ben:0.138, ben:0.089, ben:0.126, ben:0.105, ben:0.158, ben:0.168, ben:0.125]  labels [0, -1, -1, -1, -1, -1, -1, -1, -1, 0]
13:20:35  INFO      attacks.chameleon_client — Chameleon client [5] round 39: optimising δ for 3320/6980 samples (ε=0.300, λ_sim=1.00, steps=100).
13:20:37  INFO      attacks.chameleon_client — Chameleon client [5] round 39: poisoned 3320/6980 samples (target=0, loss=0.2629, acc=0.916).
13:20:43  INFO      defenses.deepsight — DeepSight: 0 / 10 flagged  |  TE [ben:0.107, ben:0.095, ben:0.119, ben:0.119, ben:0.119, ben:0.095, ben:0.107, MAL:0.107, ben:0.131, ben:0.107]  DDif [ben:0.090, ben:0.099, ben:0.106, ben:0.125, ben:0.089, ben:0.075, ben:0.118, MAL:0.361, ben:0.104, ben:0.086]  labels [0, -1, -1, 0, -1, -1, -1, -1, -1, -1]
13:21:07  INFO      attacks.chameleon_client — Chameleon client [61] round 40: optimising δ for 3311/6979 samples (ε=0.300, λ_sim=1.00, steps=100).
13:21:08  INFO      attacks.chameleon_client — Chameleon client [61] round 40: poisoned 3311/6979 samples (target=0, loss=0.2674, acc=0.913).
13:21:11  INFO      defenses.deepsight — DeepSight: 0 / 10 flagged  |  TE [ben:0.095, ben:0.119, ben:0.119, ben:0.119, ben:0.095, ben:0.107, ben:0.095, ben:0.119, MAL:0.095, ben:0.095]  DDif [ben:0.176, ben:0.151, ben:0.126, ben:0.126, ben:0.117, ben:0.124, ben:0.169, ben:0.177, MAL:0.381, ben:0.133]  labels [-1, -1, -1, 0, -1, -1, -1, -1, -1, 0]
13:21:41  INFO      experiment.runner — Round   41/150  |  acc:  84.53%  loss: 0.4376  |  ASR:   2.00%  asr_loss: nan  |  TPR: 0.0%  FPR: 0.0%  |  mF1: 68.8%
13:22:01  INFO      attacks.chameleon_client — Chameleon client [38] round 41: optimising δ for 3315/6979 samples (ε=0.300, λ_sim=1.00, steps=100).
13:22:02  INFO      attacks.chameleon_client — Chameleon client [38] round 41: poisoned 3315/6979 samples (target=0, loss=0.2689, acc=0.913).
13:22:07  INFO      attacks.chameleon_client — Chameleon client [51] round 41: optimising δ for 3326/6979 samples (ε=0.300, λ_sim=1.00, steps=100).
13:22:08  INFO      attacks.chameleon_client — Chameleon client [51] round 41: poisoned 3326/6979 samples (target=0, loss=0.2510, acc=0.918).
13:22:12  INFO      defenses.deepsight — DeepSight: 0 / 10 flagged  |  TE [ben:0.107, ben:0.107, ben:0.119, ben:0.119, ben:0.107, ben:0.107, ben:0.095, MAL:0.095, MAL:0.119, ben:0.107]  DDif [ben:0.071, ben:0.071, ben:0.070, ben:0.146, ben:0.155, ben:0.153, ben:0.103, MAL:0.262, MAL:0.180, ben:0.080]  labels [0, 0, 0, 0, -1, 0, 0, -1, 0, 0]
13:22:14  INFO      attacks.chameleon_client — Chameleon client [38] round 42: optimising δ for 3315/6979 samples (ε=0.300, λ_sim=1.00, steps=100).
13:22:15  INFO      attacks.chameleon_client — Chameleon client [38] round 42: poisoned 3315/6979 samples (target=0, loss=0.2568, acc=0.914).
13:22:17  INFO      attacks.chameleon_client — Chameleon client [53] round 42: optimising δ for 3311/6979 samples (ε=0.300, λ_sim=1.00, steps=100).
13:22:18  INFO      attacks.chameleon_client — Chameleon client [53] round 42: poisoned 3311/6979 samples (target=0, loss=0.2507, acc=0.919).
13:22:27  INFO      attacks.chameleon_client — Chameleon client [61] round 42: optimising δ for 3311/6979 samples (ε=0.300, λ_sim=1.00, steps=100).
13:22:28  INFO      attacks.chameleon_client — Chameleon client [61] round 42: poisoned 3311/6979 samples (target=0, loss=0.2759, acc=0.909).
13:22:38  INFO      defenses.deepsight — DeepSight: 0 / 10 flagged  |  TE [MAL:0.107, MAL:0.107, ben:0.095, ben:0.107, ben:0.119, MAL:0.107, ben:0.107, ben:0.107, ben:0.095, ben:0.107]  DDif [MAL:0.187, MAL:0.209, ben:0.209, ben:0.083, ben:0.078, MAL:0.176, ben:0.128, ben:0.079, ben:0.107, ben:0.116]  labels [0, 0, 0, 0, 0, 0, 0, 0, 0, 0]
13:22:51  INFO      attacks.chameleon_client — Chameleon client [38] round 43: optimising δ for 3315/6979 samples (ε=0.300, λ_sim=1.00, steps=100).
13:22:52  INFO      attacks.chameleon_client — Chameleon client [38] round 43: poisoned 3315/6979 samples (target=0, loss=0.2508, acc=0.914).
13:23:04  INFO      defenses.deepsight — DeepSight: 0 / 10 flagged  |  TE [ben:0.107, ben:0.107, ben:0.107, ben:0.119, MAL:0.107, ben:0.119, ben:0.095, ben:0.107, ben:0.119, ben:0.107]  DDif [ben:0.127, ben:0.093, ben:0.097, ben:0.126, MAL:0.171, ben:0.076, ben:0.076, ben:0.083, ben:0.079, ben:0.104]  labels [-1, 0, -1, -1, -1, -1, -1, -1, 0, -1]
13:23:28  INFO      defenses.deepsight — DeepSight: 0 / 10 flagged  |  TE [ben:0.095, ben:0.095, ben:0.119, ben:0.107, ben:0.107, ben:0.107, ben:0.119, ben:0.107, ben:0.131, ben:0.107]  DDif [ben:0.111, ben:0.141, ben:0.068, ben:0.089, ben:0.067, ben:0.076, ben:0.084, ben:0.094, ben:0.100, ben:0.183]  labels [-1, -1, -1, 0, -1, -1, -1, -1, 0, -1]
13:23:39  INFO      attacks.chameleon_client — Chameleon client [49] round 45: optimising δ for 3317/6979 samples (ε=0.300, λ_sim=1.00, steps=100).
13:23:40  INFO      attacks.chameleon_client — Chameleon client [49] round 45: poisoned 3317/6979 samples (target=0, loss=0.2585, acc=0.912).
13:24:00  INFO      attacks.chameleon_client — Chameleon client [62] round 45: optimising δ for 3314/6979 samples (ε=0.300, λ_sim=1.00, steps=100).
13:24:01  INFO      attacks.chameleon_client — Chameleon client [62] round 45: poisoned 3314/6979 samples (target=0, loss=0.2481, acc=0.918).
13:24:01  INFO      defenses.deepsight — DeepSight: 0 / 10 flagged  |  TE [ben:0.107, MAL:0.119, ben:0.107, ben:0.095, ben:0.095, ben:0.119, ben:0.119, ben:0.107, ben:0.107, MAL:0.119]  DDif [ben:0.069, MAL:0.168, ben:0.086, ben:0.116, ben:0.095, ben:0.066, ben:0.094, ben:0.071, ben:0.099, MAL:0.145]  labels [-1, -1, 0, -1, -1, -1, 0, -1, 0, -1]
13:24:22  INFO      attacks.chameleon_client — Chameleon client [33] round 46: optimising δ for 3320/6979 samples (ε=0.300, λ_sim=1.00, steps=100).
13:24:23  INFO      attacks.chameleon_client — Chameleon client [33] round 46: poisoned 3320/6979 samples (target=0, loss=0.2497, acc=0.918).
13:24:25  INFO      defenses.deepsight — DeepSight: 0 / 10 flagged  |  TE [ben:0.119, ben:0.119, ben:0.095, ben:0.107, ben:0.107, ben:0.107, ben:0.107, ben:0.107, MAL:0.095, ben:0.131]  DDif [ben:0.078, ben:0.101, ben:0.167, ben:0.074, ben:0.168, ben:0.061, ben:0.075, ben:0.113, MAL:0.091, ben:0.064]  labels [0, -1, -1, -1, -1, -1, 0, -1, -1, -1]
13:24:54  INFO      defenses.deepsight — DeepSight: 0 / 10 flagged  |  TE [ben:0.107, ben:0.119, ben:0.095, ben:0.107, ben:0.119, ben:0.095, ben:0.107, ben:0.119, ben:0.119, ben:0.095]  DDif [ben:0.066, ben:0.066, ben:0.080, ben:0.088, ben:0.056, ben:0.065, ben:0.061, ben:0.067, ben:0.073, ben:0.118]  labels [0, -1, -1, -1, -1, -1, -1, 0, -1, -1]
13:25:17  INFO      attacks.chameleon_client — Chameleon client [5] round 48: optimising δ for 3320/6980 samples (ε=0.300, λ_sim=1.00, steps=100).
13:25:18  INFO      attacks.chameleon_client — Chameleon client [5] round 48: poisoned 3320/6980 samples (target=0, loss=0.2552, acc=0.918).
13:25:18  INFO      defenses.deepsight — DeepSight: 0 / 10 flagged  |  TE [ben:0.131, ben:0.107, ben:0.107, ben:0.119, ben:0.119, ben:0.107, ben:0.119, ben:0.107, ben:0.107, MAL:0.107]  DDif [ben:0.150, ben:0.108, ben:0.056, ben:0.104, ben:0.101, ben:0.087, ben:0.094, ben:0.113, ben:0.075, MAL:0.137]  labels [-1, 0, -1, -1, 0, -1, -1, -1, -1, -1]
13:25:45  INFO      defenses.deepsight — DeepSight: 0 / 10 flagged  |  TE [ben:0.095, ben:0.107, ben:0.107, ben:0.095, ben:0.095, ben:0.107, ben:0.107, ben:0.107, ben:0.095, ben:0.119]  DDif [ben:0.089, ben:0.063, ben:0.078, ben:0.093, ben:0.044, ben:0.159, ben:0.064, ben:0.090, ben:0.068, ben:0.174]  labels [-1, -1, 0, -1, -1, -1, 0, -1, -1, -1]
13:25:51  INFO      attacks.chameleon_client — Chameleon client [62] round 50: optimising δ for 3314/6979 samples (ε=0.300, λ_sim=1.00, steps=100).
13:25:52  INFO      attacks.chameleon_client — Chameleon client [62] round 50: poisoned 3314/6979 samples (target=0, loss=0.2397, acc=0.921).
13:25:59  INFO      attacks.chameleon_client — Chameleon client [51] round 50: optimising δ for 3326/6979 samples (ε=0.300, λ_sim=1.00, steps=100).
13:26:00  INFO      attacks.chameleon_client — Chameleon client [51] round 50: poisoned 3326/6979 samples (target=0, loss=0.2447, acc=0.917).
13:26:12  INFO      defenses.deepsight — DeepSight: 0 / 10 flagged  |  TE [ben:0.131, ben:0.107, MAL:0.131, ben:0.107, ben:0.107, MAL:0.107, ben:0.107, ben:0.107, ben:0.095, ben:0.107]  DDif [ben:0.110, ben:0.088, MAL:0.137, ben:0.087, ben:0.133, MAL:0.159, ben:0.056, ben:0.081, ben:0.095, ben:0.121]  labels [-1, 0, -1, 0, 0, -1, -1, 0, 0, 0]
13:26:42  INFO      experiment.runner — Round   51/150  |  acc:  84.78%  loss: 0.4273  |  ASR:   8.80%  asr_loss: nan  |  TPR: 0.0%  FPR: 0.0%  |  mF1: 69.1%
13:27:06  INFO      defenses.deepsight — DeepSight: 0 / 10 flagged  |  TE [ben:0.107, ben:0.107, ben:0.107, ben:0.095, ben:0.107, ben:0.107, ben:0.107, ben:0.095, ben:0.119, ben:0.107]  DDif [ben:0.058, ben:0.093, ben:0.061, ben:0.055, ben:0.067, ben:0.129, ben:0.081, ben:0.067, ben:0.090, ben:0.082]  labels [0, -1, -1, -1, -1, -1, -1, 0, -1, -1]
13:27:33  INFO      defenses.deepsight — DeepSight: 0 / 10 flagged  |  TE [ben:0.107, ben:0.107, ben:0.095, ben:0.107, ben:0.107, ben:0.107, ben:0.107, ben:0.107, ben:0.095, ben:0.107]  DDif [ben:0.088, ben:0.079, ben:0.066, ben:0.066, ben:0.052, ben:0.063, ben:0.090, ben:0.057, ben:0.036, ben:0.061]  labels [-1, -1, 0, -1, -1, 0, -1, -1, -1, -1]
13:27:58  INFO      defenses.deepsight — DeepSight: 0 / 10 flagged  |  TE [ben:0.131, ben:0.107, ben:0.119, ben:0.107, ben:0.119, ben:0.095, ben:0.107, ben:0.119, ben:0.095, ben:0.107]  DDif [ben:0.062, ben:0.067, ben:0.060, ben:0.081, ben:0.055, ben:0.062, ben:0.051, ben:0.042, ben:0.050, ben:0.054]  labels [0, -1, 0, -1, -1, -1, 0, -1, -1, -1]
13:28:01  INFO      attacks.chameleon_client — Chameleon client [5] round 54: optimising δ for 3320/6980 samples (ε=0.300, λ_sim=1.00, steps=100).
13:28:02  INFO      attacks.chameleon_client — Chameleon client [5] round 54: poisoned 3320/6980 samples (target=0, loss=0.2336, acc=0.922).
13:28:11  INFO      attacks.chameleon_client — Chameleon client [38] round 54: optimising δ for 3315/6979 samples (ε=0.300, λ_sim=1.00, steps=100).
13:28:13  INFO      attacks.chameleon_client — Chameleon client [38] round 54: poisoned 3315/6979 samples (target=0, loss=0.2421, acc=0.918).
13:28:18  INFO      attacks.chameleon_client — Chameleon client [97] round 54: optimising δ for 3320/6979 samples (ε=0.300, λ_sim=1.00, steps=100).
13:28:19  INFO      attacks.chameleon_client — Chameleon client [97] round 54: poisoned 3320/6979 samples (target=0, loss=0.2453, acc=0.917).
13:28:28  INFO      defenses.deepsight — DeepSight: 0 / 10 flagged  |  TE [MAL:0.107, ben:0.095, ben:0.095, ben:0.119, MAL:0.119, ben:0.119, MAL:0.107, ben:0.119, ben:0.107, ben:0.107]  DDif [MAL:0.097, ben:0.035, ben:0.057, ben:0.089, MAL:0.100, ben:0.074, MAL:0.101, ben:0.051, ben:0.075, ben:0.071]  labels [0, -1, 0, 0, 0, 0, 0, 0, 0, 0]
13:28:55  INFO      defenses.deepsight — DeepSight: 0 / 10 flagged  |  TE [ben:0.119, ben:0.107, ben:0.107, ben:0.119, ben:0.107, ben:0.119, ben:0.095, ben:0.119, ben:0.107, ben:0.107]  DDif [ben:0.056, ben:0.063, ben:0.147, ben:0.051, ben:0.100, ben:0.055, ben:0.042, ben:0.067, ben:0.099, ben:0.035]  labels [0, -1, -1, 0, -1, -1, -1, -1, -1, -1]
13:29:01  INFO      attacks.chameleon_client — Chameleon client [97] round 56: optimising δ for 3320/6979 samples (ε=0.300, λ_sim=1.00, steps=100).
13:29:02  INFO      attacks.chameleon_client — Chameleon client [97] round 56: poisoned 3320/6979 samples (target=0, loss=0.2430, acc=0.915).
13:29:21  INFO      defenses.deepsight — DeepSight: 0 / 10 flagged  |  TE [ben:0.107, ben:0.119, MAL:0.107, ben:0.107, ben:0.119, ben:0.095, ben:0.119, ben:0.107, ben:0.095, ben:0.107]  DDif [ben:0.136, ben:0.099, MAL:0.088, ben:0.075, ben:0.090, ben:0.081, ben:0.038, ben:0.102, ben:0.068, ben:0.072]  labels [-1, -1, -1, -1, 0, 0, -1, -1, -1, -1]
13:29:28  INFO      attacks.chameleon_client — Chameleon client [53] round 57: optimising δ for 3311/6979 samples (ε=0.300, λ_sim=1.00, steps=100).
13:29:29  INFO      attacks.chameleon_client — Chameleon client [53] round 57: poisoned 3311/6979 samples (target=0, loss=0.2427, acc=0.919).
13:29:32  INFO      attacks.chameleon_client — Chameleon client [61] round 57: optimising δ for 3311/6979 samples (ε=0.300, λ_sim=1.00, steps=100).
13:29:33  INFO      attacks.chameleon_client — Chameleon client [61] round 57: poisoned 3311/6979 samples (target=0, loss=0.2324, acc=0.921).
13:29:35  INFO      attacks.chameleon_client — Chameleon client [49] round 57: optimising δ for 3317/6979 samples (ε=0.300, λ_sim=1.00, steps=100).
13:29:36  INFO      attacks.chameleon_client — Chameleon client [49] round 57: poisoned 3317/6979 samples (target=0, loss=0.2415, acc=0.918).
13:29:47  INFO      defenses.deepsight — DeepSight: 0 / 10 flagged  |  TE [ben:0.107, ben:0.095, MAL:0.119, MAL:0.119, MAL:0.107, ben:0.107, ben:0.107, ben:0.095, ben:0.107, ben:0.107]  DDif [ben:0.105, ben:0.099, MAL:0.073, MAL:0.127, MAL:0.071, ben:0.051, ben:0.064, ben:0.071, ben:0.062, ben:0.071]  labels [-1, -1, 0, -1, -1, -1, 0, 0, -1, 0]
13:29:57  INFO      attacks.chameleon_client — Chameleon client [38] round 58: optimising δ for 3315/6979 samples (ε=0.300, λ_sim=1.00, steps=100).
13:29:58  INFO      attacks.chameleon_client — Chameleon client [38] round 58: poisoned 3315/6979 samples (target=0, loss=0.2357, acc=0.920).
13:30:15  INFO      defenses.deepsight — DeepSight: 0 / 10 flagged  |  TE [ben:0.107, ben:0.107, ben:0.107, MAL:0.095, ben:0.095, ben:0.107, ben:0.107, ben:0.119, ben:0.107, ben:0.119]  DDif [ben:0.073, ben:0.051, ben:0.118, MAL:0.081, ben:0.088, ben:0.065, ben:0.048, ben:0.068, ben:0.101, ben:0.072]  labels [0, -1, -1, -1, -1, -1, -1, 0, -1, 0]
13:30:19  INFO      attacks.chameleon_client — Chameleon client [33] round 59: optimising δ for 3320/6979 samples (ε=0.300, λ_sim=1.00, steps=100).
13:30:20  INFO      attacks.chameleon_client — Chameleon client [33] round 59: poisoned 3320/6979 samples (target=0, loss=0.2459, acc=0.915).
13:30:24  INFO      attacks.chameleon_client — Chameleon client [38] round 59: optimising δ for 3315/6979 samples (ε=0.300, λ_sim=1.00, steps=100).
13:30:25  INFO      attacks.chameleon_client — Chameleon client [38] round 59: poisoned 3315/6979 samples (target=0, loss=0.2331, acc=0.918).
13:30:31  INFO      attacks.chameleon_client — Chameleon client [49] round 59: optimising δ for 3317/6979 samples (ε=0.300, λ_sim=1.00, steps=100).
13:30:32  INFO      attacks.chameleon_client — Chameleon client [49] round 59: poisoned 3317/6979 samples (target=0, loss=0.2337, acc=0.922).
13:30:44  INFO      defenses.deepsight — DeepSight: 0 / 10 flagged  |  TE [MAL:0.119, MAL:0.107, ben:0.107, ben:0.107, MAL:0.107, ben:0.119, ben:0.131, ben:0.107, ben:0.095, ben:0.095]  DDif [MAL:0.101, MAL:0.119, ben:0.045, ben:0.047, MAL:0.106, ben:0.052, ben:0.070, ben:0.062, ben:0.084, ben:0.039]  labels [0, 0, 0, 0, 0, 0, 0, 0, 0, 0]
13:30:57  INFO      attacks.chameleon_client — Chameleon client [61] round 60: optimising δ for 3311/6979 samples (ε=0.300, λ_sim=1.00, steps=100).
13:30:59  INFO      attacks.chameleon_client — Chameleon client [61] round 60: poisoned 3311/6979 samples (target=0, loss=0.2412, acc=0.918).
13:31:02  INFO      attacks.chameleon_client — Chameleon client [53] round 60: optimising δ for 3311/6979 samples (ε=0.300, λ_sim=1.00, steps=100).
13:31:03  INFO      attacks.chameleon_client — Chameleon client [53] round 60: poisoned 3311/6979 samples (target=0, loss=0.2513, acc=0.918).
13:31:09  INFO      attacks.chameleon_client — Chameleon client [62] round 60: optimising δ for 3314/6979 samples (ε=0.300, λ_sim=1.00, steps=100).
13:31:10  INFO      attacks.chameleon_client — Chameleon client [62] round 60: poisoned 3314/6979 samples (target=0, loss=0.2288, acc=0.924).
13:31:13  INFO      defenses.deepsight — DeepSight: 0 / 10 flagged  |  TE [ben:0.107, ben:0.119, ben:0.107, ben:0.095, ben:0.119, MAL:0.107, MAL:0.107, ben:0.107, MAL:0.095, ben:0.095]  DDif [ben:0.076, ben:0.106, ben:0.062, ben:0.052, ben:0.111, MAL:0.140, MAL:0.139, ben:0.047, MAL:0.054, ben:0.048]  labels [-1, -1, 0, 0, -1, -1, -1, 0, 0, -1]
13:31:46  INFO      experiment.runner — Round   61/150  |  acc:  85.05%  loss: 0.4185  |  ASR:  14.60%  asr_loss: nan  |  TPR: 0.0%  FPR: 0.0%  |  mF1: 69.7%
13:32:11  INFO      defenses.deepsight — DeepSight: 0 / 10 flagged  |  TE [ben:0.107, ben:0.095, ben:0.131, ben:0.107, ben:0.119, ben:0.107, ben:0.119, ben:0.107, ben:0.119, ben:0.119]  DDif [ben:0.065, ben:0.043, ben:0.045, ben:0.082, ben:0.065, ben:0.051, ben:0.049, ben:0.071, ben:0.062, ben:0.060]  labels [0, -1, 0, -1, 0, 0, 0, 0, 0, 0]
13:32:13  INFO      attacks.chameleon_client — Chameleon client [49] round 62: optimising δ for 3317/6979 samples (ε=0.300, λ_sim=1.00, steps=100).
13:32:15  INFO      attacks.chameleon_client — Chameleon client [49] round 62: poisoned 3317/6979 samples (target=0, loss=0.2431, acc=0.916).
13:32:35  INFO      defenses.deepsight — DeepSight: 0 / 10 flagged  |  TE [MAL:0.107, ben:0.119, ben:0.119, ben:0.095, ben:0.107, ben:0.107, ben:0.095, ben:0.107, ben:0.107, ben:0.131]  DDif [MAL:0.094, ben:0.068, ben:0.080, ben:0.052, ben:0.046, ben:0.045, ben:0.055, ben:0.062, ben:0.094, ben:0.087]  labels [0, 0, 0, 0, 0, 0, 0, 0, 0, 0]
13:33:01  INFO      defenses.deepsight — DeepSight: 0 / 10 flagged  |  TE [ben:0.107, ben:0.095, ben:0.107, ben:0.107, ben:0.107, ben:0.107, ben:0.107, ben:0.107, ben:0.119, ben:0.107]  DDif [ben:0.058, ben:0.090, ben:0.068, ben:0.121, ben:0.046, ben:0.048, ben:0.099, ben:0.064, ben:0.045, ben:0.077]  labels [0, -1, 0, -1, 0, 0, -1, 0, 0, -1]
13:33:03  INFO      attacks.chameleon_client — Chameleon client [49] round 64: optimising δ for 3317/6979 samples (ε=0.300, λ_sim=1.00, steps=100).
13:33:04  INFO      attacks.chameleon_client — Chameleon client [49] round 64: poisoned 3317/6979 samples (target=0, loss=0.2571, acc=0.914).
13:33:11  INFO      attacks.chameleon_client — Chameleon client [62] round 64: optimising δ for 3314/6979 samples (ε=0.300, λ_sim=1.00, steps=100).
13:33:12  INFO      attacks.chameleon_client — Chameleon client [62] round 64: poisoned 3314/6979 samples (target=0, loss=0.2223, acc=0.924).
13:33:28  INFO      defenses.deepsight — DeepSight: 0 / 10 flagged  |  TE [MAL:0.107, ben:0.107, MAL:0.107, ben:0.107, ben:0.107, ben:0.107, ben:0.107, ben:0.107, ben:0.107, ben:0.095]  DDif [MAL:0.148, ben:0.030, MAL:0.071, ben:0.047, ben:0.045, ben:0.175, ben:0.069, ben:0.050, ben:0.055, ben:0.037]  labels [-1, -1, 0, -1, 0, -1, -1, -1, -1, -1]
13:33:49  INFO      attacks.chameleon_client — Chameleon client [49] round 65: optimising δ for 3317/6979 samples (ε=0.300, λ_sim=1.00, steps=100).
13:33:50  INFO      attacks.chameleon_client — Chameleon client [49] round 65: poisoned 3317/6979 samples (target=0, loss=0.2361, acc=0.918).
13:33:55  INFO      defenses.deepsight — DeepSight: 0 / 10 flagged  |  TE [ben:0.107, ben:0.107, ben:0.119, ben:0.107, ben:0.107, ben:0.095, ben:0.107, MAL:0.095, ben:0.107, ben:0.107]  DDif [ben:0.050, ben:0.092, ben:0.080, ben:0.050, ben:0.041, ben:0.033, ben:0.040, MAL:0.077, ben:0.056, ben:0.046]  labels [0, -1, -1, 0, -1, -1, -1, -1, -1, -1]
13:34:19  INFO      defenses.deepsight — DeepSight: 0 / 10 flagged  |  TE [ben:0.095, ben:0.095, ben:0.107, ben:0.107, ben:0.119, ben:0.107, ben:0.107, ben:0.107, ben:0.095, ben:0.107]  DDif [ben:0.042, ben:0.038, ben:0.051, ben:0.076, ben:0.061, ben:0.068, ben:0.042, ben:0.061, ben:0.142, ben:0.035]  labels [0, 0, 0, 0, 0, 0, 0, 0, -1, 0]
13:34:23  INFO      attacks.chameleon_client — Chameleon client [5] round 67: optimising δ for 3320/6980 samples (ε=0.300, λ_sim=1.00, steps=100).
13:34:24  INFO      attacks.chameleon_client — Chameleon client [5] round 67: poisoned 3320/6980 samples (target=0, loss=0.2306, acc=0.921).
13:34:28  INFO      attacks.chameleon_client — Chameleon client [62] round 67: optimising δ for 3314/6979 samples (ε=0.300, λ_sim=1.00, steps=100).
13:34:29  INFO      attacks.chameleon_client — Chameleon client [62] round 67: poisoned 3314/6979 samples (target=0, loss=0.2223, acc=0.927).
13:34:50  INFO      defenses.deepsight — DeepSight: 0 / 10 flagged  |  TE [MAL:0.107, MAL:0.119, ben:0.107, ben:0.107, ben:0.107, ben:0.107, ben:0.107, ben:0.107, ben:0.107, ben:0.107]  DDif [MAL:0.093, MAL:0.061, ben:0.040, ben:0.038, ben:0.040, ben:0.068, ben:0.059, ben:0.060, ben:0.050, ben:0.038]  labels [-1, -1, 0, 0, -1, 0, 0, 0, 0, 0]
13:35:06  INFO      attacks.chameleon_client — Chameleon client [53] round 68: optimising δ for 3311/6979 samples (ε=0.300, λ_sim=1.00, steps=100).
13:35:07  INFO      attacks.chameleon_client — Chameleon client [53] round 68: poisoned 3311/6979 samples (target=0, loss=0.2269, acc=0.922).
13:35:15  INFO      defenses.deepsight — DeepSight: 0 / 10 flagged  |  TE [ben:0.107, ben:0.095, ben:0.107, ben:0.107, ben:0.107, ben:0.107, MAL:0.107, ben:0.107, ben:0.107, ben:0.107]  DDif [ben:0.042, ben:0.044, ben:0.056, ben:0.042, ben:0.038, ben:0.050, MAL:0.073, ben:0.058, ben:0.059, ben:0.042]  labels [0, 0, -1, -1, -1, -1, -1, -1, -1, -1]
13:35:27  INFO      attacks.chameleon_client — Chameleon client [53] round 69: optimising δ for 3311/6979 samples (ε=0.300, λ_sim=1.00, steps=100).
13:35:28  INFO      attacks.chameleon_client — Chameleon client [53] round 69: poisoned 3311/6979 samples (target=0, loss=0.2310, acc=0.922).
13:35:40  INFO      defenses.deepsight — DeepSight: 0 / 10 flagged  |  TE [ben:0.107, ben:0.095, ben:0.131, ben:0.107, MAL:0.107, ben:0.107, ben:0.095, ben:0.095, ben:0.119, ben:0.131]  DDif [ben:0.040, ben:0.066, ben:0.052, ben:0.051, MAL:0.068, ben:0.039, ben:0.032, ben:0.052, ben:0.057, ben:0.066]  labels [-1, 0, -1, -1, -1, -1, -1, -1, -1, 0]
13:35:57  INFO      attacks.chameleon_client — Chameleon client [53] round 70: optimising δ for 3311/6979 samples (ε=0.300, λ_sim=1.00, steps=100).
13:35:58  INFO      attacks.chameleon_client — Chameleon client [53] round 70: poisoned 3311/6979 samples (target=0, loss=0.2353, acc=0.919).
13:36:10  INFO      defenses.deepsight — DeepSight: 0 / 10 flagged  |  TE [ben:0.107, ben:0.107, ben:0.119, ben:0.107, MAL:0.095, ben:0.131, ben:0.107, ben:0.143, ben:0.119, ben:0.107]  DDif [ben:0.042, ben:0.055, ben:0.040, ben:0.082, MAL:0.052, ben:0.061, ben:0.038, ben:0.069, ben:0.034, ben:0.035]  labels [0, 0, 0, -1, 0, 0, 0, -1, 0, 0]
13:36:40  INFO      experiment.runner — Round   71/150  |  acc:  85.22%  loss: 0.4110  |  ASR:  13.20%  asr_loss: nan  |  TPR: 0.0%  FPR: 0.0%  |  mF1: 70.1%
13:37:08  INFO      defenses.deepsight — DeepSight: 0 / 10 flagged  |  TE [ben:0.107, ben:0.119, ben:0.107, ben:0.107, ben:0.107, ben:0.107, ben:0.095, ben:0.107, ben:0.107, ben:0.107]  DDif [ben:0.142, ben:0.031, ben:0.094, ben:0.050, ben:0.023, ben:0.051, ben:0.033, ben:0.035, ben:0.028, ben:0.038]  labels [-1, -1, -1, -1, -1, -1, 0, -1, 0, -1]
13:37:32  INFO      defenses.deepsight — DeepSight: 0 / 10 flagged  |  TE [ben:0.107, ben:0.107, ben:0.131, ben:0.107, ben:0.107, ben:0.107, ben:0.107, ben:0.107, ben:0.107, ben:0.107]  DDif [ben:0.037, ben:0.042, ben:0.100, ben:0.037, ben:0.066, ben:0.053, ben:0.046, ben:0.056, ben:0.044, ben:0.040]  labels [0, 0, -1, 0, -1, -1, 0, -1, 0, 0]
13:37:58  INFO      defenses.deepsight — DeepSight: 0 / 10 flagged  |  TE [ben:0.107, ben:0.107, ben:0.119, ben:0.107, ben:0.119, ben:0.107, ben:0.107, ben:0.107, ben:0.095, ben:0.107]  DDif [ben:0.060, ben:0.036, ben:0.043, ben:0.083, ben:0.044, ben:0.027, ben:0.041, ben:0.038, ben:0.062, ben:0.135]  labels [-1, 0, 0, -1, 0, -1, -1, -1, -1, -1]
13:38:03  INFO      attacks.chameleon_client — Chameleon client [61] round 74: optimising δ for 3311/6979 samples (ε=0.300, λ_sim=1.00, steps=100).
13:38:04  INFO      attacks.chameleon_client — Chameleon client [61] round 74: poisoned 3311/6979 samples (target=0, loss=0.2211, acc=0.924).
13:38:11  INFO      attacks.chameleon_client — Chameleon client [33] round 74: optimising δ for 3320/6979 samples (ε=0.300, λ_sim=1.00, steps=100).
13:38:12  INFO      attacks.chameleon_client — Chameleon client [33] round 74: poisoned 3320/6979 samples (target=0, loss=0.2386, acc=0.921).
13:38:26  INFO      defenses.deepsight — DeepSight: 0 / 10 flagged  |  TE [ben:0.095, MAL:0.119, ben:0.107, ben:0.131, MAL:0.107, ben:0.119, ben:0.107, ben:0.107, ben:0.107, ben:0.107]  DDif [ben:0.026, MAL:0.077, ben:0.033, ben:0.048, MAL:0.065, ben:0.038, ben:0.037, ben:0.081, ben:0.045, ben:0.054]  labels [0, 0, 0, 0, 0, 0, 0, 0, 0, 0]
13:38:53  INFO      defenses.deepsight — DeepSight: 0 / 10 flagged  |  TE [ben:0.107, ben:0.119, ben:0.095, ben:0.107, ben:0.119, ben:0.107, ben:0.107, ben:0.119, ben:0.119, ben:0.107]  DDif [ben:0.047, ben:0.044, ben:0.025, ben:0.057, ben:0.086, ben:0.070, ben:0.038, ben:0.024, ben:0.112, ben:0.034]  labels [0, -1, -1, -1, -1, -1, -1, -1, -1, 0]
13:39:13  INFO      attacks.chameleon_client — Chameleon client [65] round 76: optimising δ for 3316/6979 samples (ε=0.300, λ_sim=1.00, steps=100).
13:39:14  INFO      attacks.chameleon_client — Chameleon client [65] round 76: poisoned 3316/6979 samples (target=0, loss=0.2343, acc=0.920).
13:39:16  INFO      defenses.deepsight — DeepSight: 0 / 10 flagged  |  TE [ben:0.107, ben:0.107, ben:0.119, ben:0.119, ben:0.119, ben:0.107, ben:0.107, ben:0.119, MAL:0.107, ben:0.119]  DDif [ben:0.102, ben:0.055, ben:0.061, ben:0.030, ben:0.038, ben:0.041, ben:0.036, ben:0.030, MAL:0.076, ben:0.056]  labels [-1, 0, 0, 0, 0, 0, 0, 0, -1, 0]
13:39:33  INFO      attacks.chameleon_client — Chameleon client [53] round 77: optimising δ for 3311/6979 samples (ε=0.300, λ_sim=1.00, steps=100).
13:39:34  INFO      attacks.chameleon_client — Chameleon client [53] round 77: poisoned 3311/6979 samples (target=0, loss=0.2383, acc=0.923).
13:39:42  INFO      attacks.chameleon_client — Chameleon client [5] round 77: optimising δ for 3320/6980 samples (ε=0.300, λ_sim=1.00, steps=100).
13:39:43  INFO      attacks.chameleon_client — Chameleon client [5] round 77: poisoned 3320/6980 samples (target=0, loss=0.2304, acc=0.922).
13:39:48  INFO      defenses.deepsight — DeepSight: 0 / 10 flagged  |  TE [ben:0.131, ben:0.119, ben:0.095, ben:0.107, ben:0.107, MAL:0.107, ben:0.095, MAL:0.095, ben:0.119, ben:0.107]  DDif [ben:0.048, ben:0.054, ben:0.032, ben:0.029, ben:0.025, MAL:0.040, ben:0.026, MAL:0.045, ben:0.042, ben:0.032]  labels [-1, -1, -1, 0, -1, -1, 0, -1, -1, -1]
13:40:02  INFO      attacks.chameleon_client — Chameleon client [53] round 78: optimising δ for 3311/6979 samples (ε=0.300, λ_sim=1.00, steps=100).
13:40:03  INFO      attacks.chameleon_client — Chameleon client [53] round 78: poisoned 3311/6979 samples (target=0, loss=0.2148, acc=0.926).
13:40:05  INFO      attacks.chameleon_client — Chameleon client [38] round 78: optimising δ for 3315/6979 samples (ε=0.300, λ_sim=1.00, steps=100).
13:40:07  INFO      attacks.chameleon_client — Chameleon client [38] round 78: poisoned 3315/6979 samples (target=0, loss=0.2326, acc=0.918).
13:40:14  INFO      defenses.deepsight — DeepSight: 0 / 10 flagged  |  TE [ben:0.095, ben:0.119, ben:0.107, ben:0.107, ben:0.107, MAL:0.107, MAL:0.095, ben:0.131, ben:0.119, ben:0.095]  DDif [ben:0.040, ben:0.033, ben:0.078, ben:0.026, ben:0.032, MAL:0.050, MAL:0.035, ben:0.027, ben:0.037, ben:0.045]  labels [-1, 0, -1, 0, -1, -1, -1, 0, -1, -1]
13:40:20  INFO      attacks.chameleon_client — Chameleon client [38] round 79: optimising δ for 3315/6979 samples (ε=0.300, λ_sim=1.00, steps=100).
13:40:21  INFO      attacks.chameleon_client — Chameleon client [38] round 79: poisoned 3315/6979 samples (target=0, loss=0.2246, acc=0.920).
13:40:38  INFO      defenses.deepsight — DeepSight: 0 / 10 flagged  |  TE [ben:0.095, ben:0.107, MAL:0.107, ben:0.107, ben:0.107, ben:0.119, ben:0.095, ben:0.095, ben:0.095, ben:0.095]  DDif [ben:0.047, ben:0.035, MAL:0.066, ben:0.025, ben:0.030, ben:0.023, ben:0.048, ben:0.053, ben:0.043, ben:0.019]  labels [0, -1, -1, 0, 0, 0, 0, 0, 0, 0]
13:40:56  INFO      attacks.chameleon_client — Chameleon client [53] round 80: optimising δ for 3311/6979 samples (ε=0.300, λ_sim=1.00, steps=100).
13:40:57  INFO      attacks.chameleon_client — Chameleon client [53] round 80: poisoned 3311/6979 samples (target=0, loss=0.2232, acc=0.925).
13:41:07  INFO      defenses.deepsight — DeepSight: 0 / 10 flagged  |  TE [ben:0.095, ben:0.119, ben:0.095, ben:0.107, ben:0.107, ben:0.119, MAL:0.095, ben:0.095, ben:0.107, ben:0.107]  DDif [ben:0.036, ben:0.024, ben:0.032, ben:0.035, ben:0.031, ben:0.023, MAL:0.088, ben:0.074, ben:0.031, ben:0.034]  labels [-1, -1, 0, -1, 0, -1, -1, -1, -1, -1]
13:41:41  INFO      experiment.runner — Round   81/150  |  acc:  85.39%  loss: 0.4061  |  ASR:  14.80%  asr_loss: nan  |  TPR: 0.0%  FPR: 0.0%  |  mF1: 70.2%
13:42:05  INFO      defenses.deepsight — DeepSight: 0 / 10 flagged  |  TE [ben:0.119, ben:0.107, ben:0.107, ben:0.095, ben:0.107, ben:0.119, ben:0.107, ben:0.107, ben:0.119, ben:0.119]  DDif [ben:0.029, ben:0.045, ben:0.035, ben:0.046, ben:0.041, ben:0.065, ben:0.078, ben:0.152, ben:0.045, ben:0.023]  labels [0, 0, -1, 0, -1, 0, -1, -1, 0, -1]
13:42:19  INFO      attacks.chameleon_client — Chameleon client [51] round 82: optimising δ for 3326/6979 samples (ε=0.300, λ_sim=1.00, steps=100).
13:42:21  INFO      attacks.chameleon_client — Chameleon client [51] round 82: poisoned 3326/6979 samples (target=0, loss=0.2263, acc=0.921).
13:42:33  INFO      attacks.chameleon_client — Chameleon client [53] round 82: optimising δ for 3311/6979 samples (ε=0.300, λ_sim=1.00, steps=100).
13:42:34  INFO      attacks.chameleon_client — Chameleon client [53] round 82: poisoned 3311/6979 samples (target=0, loss=0.2283, acc=0.922).
13:42:37  INFO      defenses.deepsight — DeepSight: 0 / 10 flagged  |  TE [ben:0.119, ben:0.107, ben:0.119, ben:0.107, ben:0.095, MAL:0.095, ben:0.107, ben:0.095, MAL:0.095, ben:0.107]  DDif [ben:0.038, ben:0.060, ben:0.080, ben:0.031, ben:0.046, MAL:0.045, ben:0.031, ben:0.034, MAL:0.050, ben:0.033]  labels [-1, -1, -1, 0, -1, -1, -1, 0, -1, 0]
13:43:00  INFO      defenses.deepsight — DeepSight: 0 / 10 flagged  |  TE [ben:0.107, ben:0.095, ben:0.107, ben:0.107, ben:0.107, ben:0.107, ben:0.107, ben:0.119, ben:0.095, ben:0.107]  DDif [ben:0.035, ben:0.021, ben:0.042, ben:0.038, ben:0.048, ben:0.053, ben:0.025, ben:0.042, ben:0.036, ben:0.025]  labels [0, 0, 0, 0, 0, 0, 0, 0, 0, 0]
13:43:05  INFO      attacks.chameleon_client — Chameleon client [61] round 84: optimising δ for 3311/6979 samples (ε=0.300, λ_sim=1.00, steps=100).
13:43:06  INFO      attacks.chameleon_client — Chameleon client [61] round 84: poisoned 3311/6979 samples (target=0, loss=0.2238, acc=0.924).
13:43:26  INFO      defenses.deepsight — DeepSight: 0 / 10 flagged  |  TE [ben:0.107, MAL:0.119, ben:0.119, ben:0.119, ben:0.107, ben:0.107, ben:0.107, ben:0.107, ben:0.119, ben:0.119]  DDif [ben:0.027, MAL:0.119, ben:0.064, ben:0.090, ben:0.030, ben:0.041, ben:0.066, ben:0.036, ben:0.034, ben:0.025]  labels [-1, -1, -1, -1, 0, 0, -1, -1, -1, -1]
13:43:34  INFO      attacks.chameleon_client — Chameleon client [38] round 85: optimising δ for 3315/6979 samples (ε=0.300, λ_sim=1.00, steps=100).
13:43:35  INFO      attacks.chameleon_client — Chameleon client [38] round 85: poisoned 3315/6979 samples (target=0, loss=0.2295, acc=0.921).
13:43:52  INFO      defenses.deepsight — DeepSight: 0 / 10 flagged  |  TE [ben:0.107, ben:0.119, MAL:0.107, ben:0.119, ben:0.095, ben:0.095, ben:0.107, ben:0.095, ben:0.095, ben:0.119]  DDif [ben:0.039, ben:0.037, MAL:0.036, ben:0.026, ben:0.087, ben:0.056, ben:0.031, ben:0.046, ben:0.064, ben:0.060]  labels [0, 0, 0, 0, 0, 0, 0, 0, 0, 0]
13:44:10  INFO      attacks.chameleon_client — Chameleon client [97] round 86: optimising δ for 3320/6979 samples (ε=0.300, λ_sim=1.00, steps=100).
13:44:12  INFO      attacks.chameleon_client — Chameleon client [97] round 86: poisoned 3320/6979 samples (target=0, loss=0.2232, acc=0.922).
13:44:20  INFO      attacks.chameleon_client — Chameleon client [51] round 86: optimising δ for 3326/6979 samples (ε=0.300, λ_sim=1.00, steps=100).
13:44:21  INFO      attacks.chameleon_client — Chameleon client [51] round 86: poisoned 3326/6979 samples (target=0, loss=0.2259, acc=0.921).
13:44:21  INFO      defenses.deepsight — DeepSight: 0 / 10 flagged  |  TE [ben:0.107, ben:0.095, ben:0.107, ben:0.107, ben:0.095, ben:0.119, MAL:0.119, ben:0.107, ben:0.107, MAL:0.107]  DDif [ben:0.040, ben:0.083, ben:0.039, ben:0.041, ben:0.093, ben:0.054, MAL:0.050, ben:0.038, ben:0.027, MAL:0.047]  labels [-1, -1, -1, 0, -1, -1, -1, -1, -1, 0]
13:44:40  INFO      attacks.chameleon_client — Chameleon client [5] round 87: optimising δ for 3320/6980 samples (ε=0.300, λ_sim=1.00, steps=100).
13:44:41  INFO      attacks.chameleon_client — Chameleon client [5] round 87: poisoned 3320/6980 samples (target=0, loss=0.2264, acc=0.927).
13:44:49  INFO      defenses.deepsight — DeepSight: 0 / 10 flagged  |  TE [ben:0.095, ben:0.107, ben:0.107, ben:0.107, ben:0.107, ben:0.119, MAL:0.131, ben:0.119, ben:0.131, ben:0.119]  DDif [ben:0.039, ben:0.019, ben:0.111, ben:0.056, ben:0.029, ben:0.069, MAL:0.064, ben:0.069, ben:0.045, ben:0.057]  labels [0, -1, -1, 0, 0, 0, 0, 0, -1, 0]
13:45:13  INFO      defenses.deepsight — DeepSight: 0 / 10 flagged  |  TE [ben:0.107, ben:0.107, ben:0.107, ben:0.143, ben:0.107, ben:0.095, ben:0.107, ben:0.119, ben:0.107, ben:0.119]  DDif [ben:0.036, ben:0.051, ben:0.038, ben:0.027, ben:0.046, ben:0.040, ben:0.078, ben:0.027, ben:0.059, ben:0.044]  labels [-1, -1, -1, -1, 0, 0, -1, -1, -1, 0]
13:45:35  INFO      attacks.chameleon_client — Chameleon client [33] round 89: optimising δ for 3320/6979 samples (ε=0.300, λ_sim=1.00, steps=100).
13:45:36  INFO      attacks.chameleon_client — Chameleon client [33] round 89: poisoned 3320/6979 samples (target=0, loss=0.2309, acc=0.920).
13:45:42  INFO      defenses.deepsight — DeepSight: 0 / 10 flagged  |  TE [ben:0.119, ben:0.119, ben:0.107, ben:0.107, ben:0.107, ben:0.119, ben:0.107, MAL:0.107, ben:0.107, ben:0.119]  DDif [ben:0.072, ben:0.046, ben:0.055, ben:0.024, ben:0.034, ben:0.043, ben:0.040, MAL:0.088, ben:0.030, ben:0.058]  labels [-1, -1, -1, 0, -1, 0, -1, -1, -1, -1]
13:45:55  INFO      attacks.chameleon_client — Chameleon client [97] round 90: optimising δ for 3320/6979 samples (ε=0.300, λ_sim=1.00, steps=100).
13:45:57  INFO      attacks.chameleon_client — Chameleon client [97] round 90: poisoned 3320/6979 samples (target=0, loss=0.2277, acc=0.919).
13:46:04  INFO      attacks.chameleon_client — Chameleon client [53] round 90: optimising δ for 3311/6979 samples (ε=0.300, λ_sim=1.00, steps=100).
13:46:05  INFO      attacks.chameleon_client — Chameleon client [53] round 90: poisoned 3311/6979 samples (target=0, loss=0.2235, acc=0.924).
13:46:10  INFO      defenses.deepsight — DeepSight: 0 / 10 flagged  |  TE [ben:0.107, ben:0.107, ben:0.107, ben:0.119, MAL:0.095, ben:0.107, ben:0.107, MAL:0.095, ben:0.119, ben:0.119]  DDif [ben:0.038, ben:0.041, ben:0.029, ben:0.043, MAL:0.073, ben:0.036, ben:0.049, MAL:0.037, ben:0.049, ben:0.039]  labels [-1, -1, -1, -1, -1, 0, -1, -1, -1, 0]
13:46:46  INFO      experiment.runner — Round   91/150  |  acc:  85.45%  loss: 0.4020  |  ASR:  12.80%  asr_loss: nan  |  TPR: 0.0%  FPR: 0.0%  |  mF1: 70.7%
13:47:13  INFO      defenses.deepsight — DeepSight: 0 / 10 flagged  |  TE [ben:0.107, ben:0.095, ben:0.107, ben:0.107, ben:0.107, ben:0.119, ben:0.095, ben:0.107, ben:0.095, ben:0.107]  DDif [ben:0.051, ben:0.049, ben:0.048, ben:0.070, ben:0.053, ben:0.044, ben:0.053, ben:0.042, ben:0.043, ben:0.050]  labels [-1, 0, 0, -1, -1, -1, -1, -1, -1, 0]
13:47:15  INFO      attacks.chameleon_client — Chameleon client [51] round 92: optimising δ for 3326/6979 samples (ε=0.300, λ_sim=1.00, steps=100).
13:47:16  INFO      attacks.chameleon_client — Chameleon client [51] round 92: poisoned 3326/6979 samples (target=0, loss=0.2265, acc=0.920).
13:47:41  INFO      defenses.deepsight — DeepSight: 0 / 10 flagged  |  TE [MAL:0.107, ben:0.107, ben:0.095, ben:0.107, ben:0.107, ben:0.107, ben:0.107, ben:0.107, ben:0.119, ben:0.107]  DDif [MAL:0.036, ben:0.029, ben:0.029, ben:0.035, ben:0.045, ben:0.045, ben:0.044, ben:0.072, ben:0.032, ben:0.063]  labels [0, 0, -1, 0, 0, -1, 0, -1, -1, -1]
13:47:53  INFO      attacks.chameleon_client — Chameleon client [51] round 93: optimising δ for 3326/6979 samples (ε=0.300, λ_sim=1.00, steps=100).
13:47:55  INFO      attacks.chameleon_client — Chameleon client [51] round 93: poisoned 3326/6979 samples (target=0, loss=0.2224, acc=0.923).
13:48:06  INFO      defenses.deepsight — DeepSight: 0 / 10 flagged  |  TE [ben:0.107, ben:0.107, ben:0.119, ben:0.107, MAL:0.119, ben:0.107, ben:0.143, ben:0.107, ben:0.095, ben:0.119]  DDif [ben:0.030, ben:0.041, ben:0.023, ben:0.042, MAL:0.050, ben:0.037, ben:0.039, ben:0.087, ben:0.032, ben:0.025]  labels [-1, -1, -1, 0, -1, 0, -1, -1, -1, -1]
13:48:08  INFO      attacks.chameleon_client — Chameleon client [38] round 94: optimising δ for 3315/6979 samples (ε=0.300, λ_sim=1.00, steps=100).
13:48:09  INFO      attacks.chameleon_client — Chameleon client [38] round 94: poisoned 3315/6979 samples (target=0, loss=0.2266, acc=0.920).
13:48:24  INFO      attacks.chameleon_client — Chameleon client [53] round 94: optimising δ for 3311/6979 samples (ε=0.300, λ_sim=1.00, steps=100).
13:48:25  INFO      attacks.chameleon_client — Chameleon client [53] round 94: poisoned 3311/6979 samples (target=0, loss=0.2161, acc=0.927).
13:48:29  INFO      attacks.chameleon_client — Chameleon client [61] round 94: optimising δ for 3311/6979 samples (ε=0.300, λ_sim=1.00, steps=100).
13:48:30  INFO      attacks.chameleon_client — Chameleon client [61] round 94: poisoned 3311/6979 samples (target=0, loss=0.2089, acc=0.926).
13:48:32  INFO      attacks.chameleon_client — Chameleon client [62] round 94: optimising δ for 3314/6979 samples (ε=0.300, λ_sim=1.00, steps=100).
13:48:33  INFO      attacks.chameleon_client — Chameleon client [62] round 94: poisoned 3314/6979 samples (target=0, loss=0.2157, acc=0.925).
13:48:36  INFO      defenses.deepsight — DeepSight: 0 / 10 flagged  |  TE [MAL:0.107, ben:0.107, ben:0.107, ben:0.107, ben:0.107, MAL:0.095, ben:0.107, MAL:0.095, MAL:0.107, ben:0.107]  DDif [MAL:0.050, ben:0.048, ben:0.034, ben:0.043, ben:0.024, MAL:0.070, ben:0.081, MAL:0.035, MAL:0.043, ben:0.036]  labels [0, -1, -1, -1, -1, -1, -1, 0, 0, -1]
13:48:54  INFO      attacks.chameleon_client — Chameleon client [38] round 95: optimising δ for 3315/6979 samples (ε=0.300, λ_sim=1.00, steps=100).
13:48:55  INFO      attacks.chameleon_client — Chameleon client [38] round 95: poisoned 3315/6979 samples (target=0, loss=0.2198, acc=0.923).
13:49:03  INFO      defenses.deepsight — DeepSight: 0 / 10 flagged  |  TE [ben:0.095, ben:0.119, ben:0.107, ben:0.107, ben:0.107, ben:0.107, MAL:0.107, ben:0.095, ben:0.107, ben:0.095]  DDif [ben:0.066, ben:0.048, ben:0.034, ben:0.031, ben:0.043, ben:0.051, MAL:0.053, ben:0.025, ben:0.042, ben:0.071]  labels [-1, 0, 0, 0, 0, 0, -1, 0, 0, -1]
13:49:26  INFO      defenses.deepsight — DeepSight: 0 / 10 flagged  |  TE [ben:0.107, ben:0.119, ben:0.095, ben:0.107, ben:0.119, ben:0.107, ben:0.107, ben:0.107, ben:0.107, ben:0.119]  DDif [ben:0.056, ben:0.039, ben:0.033, ben:0.031, ben:0.045, ben:0.042, ben:0.036, ben:0.051, ben:0.036, ben:0.041]  labels [-1, 0, -1, -1, -1, -1, 0, -1, -1, -1]
13:49:49  INFO      attacks.chameleon_client — Chameleon client [5] round 97: optimising δ for 3320/6980 samples (ε=0.300, λ_sim=1.00, steps=100).
13:49:50  INFO      attacks.chameleon_client — Chameleon client [5] round 97: poisoned 3320/6980 samples (target=0, loss=0.2174, acc=0.927).
13:49:56  INFO      defenses.deepsight — DeepSight: 0 / 10 flagged  |  TE [ben:0.095, ben:0.107, ben:0.107, ben:0.107, ben:0.095, ben:0.107, ben:0.119, MAL:0.107, ben:0.107, ben:0.119]  DDif [ben:0.020, ben:0.030, ben:0.029, ben:0.052, ben:0.021, ben:0.034, ben:0.059, MAL:0.049, ben:0.050, ben:0.038]  labels [-1, 0, 0, 0, 0, 0, -1, 0, 0, 0]
13:50:19  INFO      defenses.deepsight — DeepSight: 0 / 10 flagged  |  TE [ben:0.131, ben:0.119, ben:0.119, ben:0.107, ben:0.119, ben:0.119, ben:0.107, ben:0.119, ben:0.107, ben:0.107]  DDif [ben:0.080, ben:0.032, ben:0.033, ben:0.061, ben:0.041, ben:0.043, ben:0.034, ben:0.026, ben:0.031, ben:0.034]  labels [-1, 0, 0, -1, -1, -1, -1, -1, -1, -1]
13:50:40  INFO      attacks.chameleon_client — Chameleon client [49] round 99: optimising δ for 3317/6979 samples (ε=0.300, λ_sim=1.00, steps=100).
13:50:41  INFO      attacks.chameleon_client — Chameleon client [49] round 99: poisoned 3317/6979 samples (target=0, loss=0.2237, acc=0.920).
13:50:45  INFO      attacks.chameleon_client — Chameleon client [53] round 99: optimising δ for 3311/6979 samples (ε=0.300, λ_sim=1.00, steps=100).
13:50:47  INFO      attacks.chameleon_client — Chameleon client [53] round 99: poisoned 3311/6979 samples (target=0, loss=0.2210, acc=0.924).
13:50:47  INFO      defenses.deepsight — DeepSight: 0 / 10 flagged  |  TE [ben:0.095, ben:0.107, ben:0.119, ben:0.107, ben:0.095, ben:0.107, ben:0.107, MAL:0.107, ben:0.107, MAL:0.119]  DDif [ben:0.045, ben:0.053, ben:0.054, ben:0.027, ben:0.038, ben:0.033, ben:0.024, MAL:0.062, ben:0.054, MAL:0.037]  labels [0, 0, -1, 0, 0, 0, 0, -1, 0, -1]
13:51:12  INFO      defenses.deepsight — DeepSight: 0 / 10 flagged  |  TE [ben:0.143, ben:0.107, ben:0.119, ben:0.107, ben:0.107, ben:0.119, ben:0.095, ben:0.095, ben:0.107, ben:0.107]  DDif [ben:0.042, ben:0.036, ben:0.029, ben:0.029, ben:0.050, ben:0.040, ben:0.032, ben:0.042, ben:0.026, ben:0.028]  labels [0, 0, 0, 0, -1, 0, 0, 0, 0, 0]
13:51:43  INFO      experiment.runner — Round  101/150  |  acc:  85.57%  loss: 0.3982  |  ASR:  11.60%  asr_loss: nan  |  FPR: 0.0%  |  mF1: 70.6%
13:51:52  INFO      attacks.chameleon_client — Chameleon client [49] round 101: optimising δ for 3317/6979 samples (ε=0.300, λ_sim=1.00, steps=100).
13:51:53  INFO      attacks.chameleon_client — Chameleon client [49] round 101: poisoned 3317/6979 samples (target=0, loss=0.2137, acc=0.925).
13:51:58  INFO      attacks.chameleon_client — Chameleon client [62] round 101: optimising δ for 3314/6979 samples (ε=0.300, λ_sim=1.00, steps=100).
13:51:59  INFO      attacks.chameleon_client — Chameleon client [62] round 101: poisoned 3314/6979 samples (target=0, loss=0.2159, acc=0.924).
13:52:08  INFO      defenses.deepsight — DeepSight: 0 / 10 flagged  |  TE [ben:0.107, ben:0.119, ben:0.107, MAL:0.107, ben:0.095, MAL:0.107, ben:0.107, ben:0.095, ben:0.095, ben:0.131]  DDif [ben:0.044, ben:0.027, ben:0.026, MAL:0.055, ben:0.042, MAL:0.040, ben:0.036, ben:0.062, ben:0.061, ben:0.028]  labels [0, 0, 0, 0, 0, 0, 0, 0, 0, 0]
13:52:18  INFO      attacks.chameleon_client — Chameleon client [49] round 102: optimising δ for 3317/6979 samples (ε=0.300, λ_sim=1.00, steps=100).
13:52:19  INFO      attacks.chameleon_client — Chameleon client [49] round 102: poisoned 3317/6979 samples (target=0, loss=0.2053, acc=0.928).
13:52:37  INFO      defenses.deepsight — DeepSight: 0 / 10 flagged  |  TE [ben:0.119, ben:0.119, ben:0.107, MAL:0.107, ben:0.107, ben:0.107, ben:0.131, ben:0.107, ben:0.107, ben:0.107]  DDif [ben:0.023, ben:0.055, ben:0.039, MAL:0.044, ben:0.039, ben:0.042, ben:0.025, ben:0.025, ben:0.022, ben:0.062]  labels [0, -1, 0, 0, 0, 0, 0, 0, 0, -1]
13:52:56  INFO      attacks.chameleon_client — Chameleon client [38] round 103: optimising δ for 3315/6979 samples (ε=0.300, λ_sim=1.00, steps=100).
13:52:57  INFO      attacks.chameleon_client — Chameleon client [38] round 103: poisoned 3315/6979 samples (target=0, loss=0.2132, acc=0.928).
13:53:01  INFO      defenses.deepsight — DeepSight: 0 / 10 flagged  |  TE [ben:0.107, ben:0.107, ben:0.107, ben:0.095, ben:0.095, ben:0.107, ben:0.095, MAL:0.107, ben:0.119, ben:0.107]  DDif [ben:0.031, ben:0.030, ben:0.026, ben:0.058, ben:0.046, ben:0.042, ben:0.051, MAL:0.043, ben:0.026, ben:0.038]  labels [0, 0, 0, -1, 0, 0, -1, 0, 0, -1]
13:53:03  INFO      attacks.chameleon_client — Chameleon client [65] round 104: optimising δ for 3316/6979 samples (ε=0.300, λ_sim=1.00, steps=100).
13:53:05  INFO      attacks.chameleon_client — Chameleon client [65] round 104: poisoned 3316/6979 samples (target=0, loss=0.2189, acc=0.924).
13:53:28  INFO      defenses.deepsight — DeepSight: 0 / 10 flagged  |  TE [MAL:0.107, ben:0.107, ben:0.107, ben:0.119, ben:0.107, ben:0.119, ben:0.131, ben:0.107, ben:0.131, ben:0.095]  DDif [MAL:0.045, ben:0.044, ben:0.028, ben:0.033, ben:0.022, ben:0.061, ben:0.116, ben:0.027, ben:0.036, ben:0.075]  labels [-1, 0, 0, -1, -1, -1, -1, 0, 0, -1]
13:53:49  INFO      attacks.chameleon_client — Chameleon client [62] round 105: optimising δ for 3314/6979 samples (ε=0.300, λ_sim=1.00, steps=100).
13:53:50  INFO      attacks.chameleon_client — Chameleon client [62] round 105: poisoned 3314/6979 samples (target=0, loss=0.2131, acc=0.928).
13:53:53  INFO      defenses.deepsight — DeepSight: 0 / 10 flagged  |  TE [ben:0.107, ben:0.107, ben:0.095, ben:0.107, ben:0.095, ben:0.107, ben:0.131, ben:0.119, MAL:0.119, ben:0.107]  DDif [ben:0.059, ben:0.032, ben:0.077, ben:0.073, ben:0.036, ben:0.039, ben:0.041, ben:0.029, MAL:0.054, ben:0.029]  labels [-1, -1, -1, -1, -1, 0, -1, -1, -1, 0]
13:54:10  INFO      attacks.chameleon_client — Chameleon client [5] round 106: optimising δ for 3320/6980 samples (ε=0.300, λ_sim=1.00, steps=100).
13:54:11  INFO      attacks.chameleon_client — Chameleon client [5] round 106: poisoned 3320/6980 samples (target=0, loss=0.2152, acc=0.928).
13:54:21  INFO      defenses.deepsight — DeepSight: 0 / 10 flagged  |  TE [ben:0.107, ben:0.107, ben:0.095, ben:0.119, ben:0.095, MAL:0.107, ben:0.107, ben:0.107, ben:0.119, ben:0.119]  DDif [ben:0.052, ben:0.042, ben:0.036, ben:0.047, ben:0.032, MAL:0.043, ben:0.061, ben:0.040, ben:0.019, ben:0.060]  labels [-1, 0, -1, 0, -1, -1, -1, -1, -1, -1]
13:54:44  INFO      defenses.deepsight — DeepSight: 0 / 10 flagged  |  TE [ben:0.119, ben:0.119, ben:0.107, ben:0.095, ben:0.095, ben:0.107, ben:0.107, ben:0.107, ben:0.119, ben:0.107]  DDif [ben:0.032, ben:0.025, ben:0.070, ben:0.046, ben:0.029, ben:0.033, ben:0.048, ben:0.025, ben:0.030, ben:0.029]  labels [-1, -1, -1, -1, 0, 0, -1, -1, 0, -1]
13:55:11  INFO      defenses.deepsight — DeepSight: 0 / 10 flagged  |  TE [ben:0.107, ben:0.095, ben:0.119, ben:0.107, ben:0.095, ben:0.107, ben:0.095, ben:0.107, ben:0.107, ben:0.107]  DDif [ben:0.019, ben:0.032, ben:0.067, ben:0.032, ben:0.041, ben:0.031, ben:0.054, ben:0.055, ben:0.024, ben:0.047]  labels [0, 0, -1, -1, 0, 0, 0, -1, 0, 0]
13:55:27  INFO      attacks.chameleon_client — Chameleon client [5] round 109: optimising δ for 3320/6980 samples (ε=0.300, λ_sim=1.00, steps=100).
13:55:28  INFO      attacks.chameleon_client — Chameleon client [5] round 109: poisoned 3320/6980 samples (target=0, loss=0.2186, acc=0.925).
13:55:37  INFO      defenses.deepsight — DeepSight: 0 / 10 flagged  |  TE [ben:0.107, ben:0.107, ben:0.095, ben:0.107, ben:0.107, ben:0.107, MAL:0.107, ben:0.107, ben:0.095, ben:0.119]  DDif [ben:0.047, ben:0.032, ben:0.032, ben:0.035, ben:0.036, ben:0.058, MAL:0.033, ben:0.032, ben:0.044, ben:0.024]  labels [-1, -1, 0, -1, -1, -1, -1, 0, -1, -1]
13:56:00  INFO      attacks.chameleon_client — Chameleon client [38] round 110: optimising δ for 3315/6979 samples (ε=0.300, λ_sim=1.00, steps=100).
13:56:02  INFO      attacks.chameleon_client — Chameleon client [38] round 110: poisoned 3315/6979 samples (target=0, loss=0.2179, acc=0.922).
13:56:02  INFO      defenses.deepsight — DeepSight: 0 / 10 flagged  |  TE [ben:0.107, ben:0.095, ben:0.107, ben:0.107, ben:0.119, ben:0.095, ben:0.095, ben:0.107, ben:0.107, MAL:0.095]  DDif [ben:0.037, ben:0.029, ben:0.066, ben:0.058, ben:0.068, ben:0.051, ben:0.027, ben:0.030, ben:0.030, MAL:0.035]  labels [0, 0, 0, 0, 0, 0, 0, 0, 0, 0]
13:56:32  INFO      experiment.runner — Round  111/150  |  acc:  85.62%  loss: 0.3950  |  ASR:  11.80%  asr_loss: nan  |  TPR: 0.0%  FPR: 0.0%  |  mF1: 70.7%
13:56:43  INFO      attacks.chameleon_client — Chameleon client [49] round 111: optimising δ for 3317/6979 samples (ε=0.300, λ_sim=1.00, steps=100).
13:56:44  INFO      attacks.chameleon_client — Chameleon client [49] round 111: poisoned 3317/6979 samples (target=0, loss=0.2230, acc=0.923).
13:56:49  INFO      attacks.chameleon_client — Chameleon client [61] round 111: optimising δ for 3311/6979 samples (ε=0.300, λ_sim=1.00, steps=100).
13:56:50  INFO      attacks.chameleon_client — Chameleon client [61] round 111: poisoned 3311/6979 samples (target=0, loss=0.2091, acc=0.927).
13:56:59  INFO      attacks.chameleon_client — Chameleon client [5] round 111: optimising δ for 3320/6980 samples (ε=0.300, λ_sim=1.00, steps=100).
13:57:00  INFO      attacks.chameleon_client — Chameleon client [5] round 111: poisoned 3320/6980 samples (target=0, loss=0.2191, acc=0.925).
13:57:03  INFO      defenses.deepsight — DeepSight: 0 / 10 flagged  |  TE [ben:0.107, ben:0.107, MAL:0.131, ben:0.107, MAL:0.107, ben:0.107, ben:0.107, ben:0.095, MAL:0.119, ben:0.107]  DDif [ben:0.026, ben:0.017, MAL:0.051, ben:0.022, MAL:0.056, ben:0.021, ben:0.033, ben:0.061, MAL:0.071, ben:0.035]  labels [0, 0, 0, 0, 0, 0, 0, 0, 0, 0]
13:57:26  INFO      defenses.deepsight — DeepSight: 0 / 10 flagged  |  TE [ben:0.107, ben:0.107, ben:0.107, ben:0.095, ben:0.095, ben:0.107, ben:0.119, ben:0.107, ben:0.107, ben:0.107]  DDif [ben:0.048, ben:0.035, ben:0.032, ben:0.038, ben:0.025, ben:0.042, ben:0.042, ben:0.017, ben:0.079, ben:0.026]  labels [-1, -1, 0, -1, 0, -1, -1, -1, -1, -1]
13:57:37  INFO      attacks.chameleon_client — Chameleon client [97] round 113: optimising δ for 3320/6979 samples (ε=0.300, λ_sim=1.00, steps=100).
13:57:39  INFO      attacks.chameleon_client — Chameleon client [97] round 113: poisoned 3320/6979 samples (target=0, loss=0.2223, acc=0.918).
13:57:53  INFO      defenses.deepsight — DeepSight: 0 / 10 flagged  |  TE [ben:0.095, ben:0.095, ben:0.095, MAL:0.107, ben:0.131, ben:0.095, ben:0.095, ben:0.107, ben:0.107, ben:0.107]  DDif [ben:0.025, ben:0.025, ben:0.033, MAL:0.058, ben:0.033, ben:0.041, ben:0.034, ben:0.031, ben:0.044, ben:0.029]  labels [-1, 0, 0, -1, 0, -1, -1, 0, -1, -1]
13:58:06  INFO      attacks.chameleon_client — Chameleon client [5] round 114: optimising δ for 3320/6980 samples (ε=0.300, λ_sim=1.00, steps=100).
13:58:07  INFO      attacks.chameleon_client — Chameleon client [5] round 114: poisoned 3320/6980 samples (target=0, loss=0.2235, acc=0.921).
13:58:15  INFO      attacks.chameleon_client — Chameleon client [62] round 114: optimising δ for 3314/6979 samples (ε=0.300, λ_sim=1.00, steps=100).
13:58:16  INFO      attacks.chameleon_client — Chameleon client [62] round 114: poisoned 3314/6979 samples (target=0, loss=0.2133, acc=0.928).
13:58:21  INFO      defenses.deepsight — DeepSight: 0 / 10 flagged  |  TE [ben:0.119, ben:0.107, ben:0.107, ben:0.107, MAL:0.107, ben:0.107, ben:0.107, MAL:0.107, ben:0.095, ben:0.107]  DDif [ben:0.031, ben:0.039, ben:0.099, ben:0.064, MAL:0.066, ben:0.026, ben:0.026, MAL:0.060, ben:0.031, ben:0.063]  labels [0, 0, -1, 0, 0, 0, 0, 0, 0, 0]
13:58:47  INFO      defenses.deepsight — DeepSight: 0 / 10 flagged  |  TE [ben:0.107, ben:0.107, ben:0.107, ben:0.095, ben:0.095, ben:0.107, ben:0.119, ben:0.107, ben:0.131, ben:0.119]  DDif [ben:0.025, ben:0.063, ben:0.060, ben:0.029, ben:0.053, ben:0.038, ben:0.034, ben:0.041, ben:0.025, ben:0.038]  labels [0, -1, -1, 0, -1, 0, -1, 0, -1, 0]
13:59:02  INFO      attacks.chameleon_client — Chameleon client [65] round 116: optimising δ for 3316/6979 samples (ε=0.300, λ_sim=1.00, steps=100).
13:59:03  INFO      attacks.chameleon_client — Chameleon client [65] round 116: poisoned 3316/6979 samples (target=0, loss=0.2262, acc=0.920).
13:59:15  INFO      attacks.chameleon_client — Chameleon client [33] round 116: optimising δ for 3320/6979 samples (ε=0.300, λ_sim=1.00, steps=100).
13:59:17  INFO      attacks.chameleon_client — Chameleon client [33] round 116: poisoned 3320/6979 samples (target=0, loss=0.2151, acc=0.923).
13:59:17  INFO      defenses.deepsight — DeepSight: 0 / 10 flagged  |  TE [ben:0.119, ben:0.107, ben:0.119, ben:0.119, MAL:0.095, ben:0.119, ben:0.107, ben:0.107, ben:0.107, MAL:0.095]  DDif [ben:0.022, ben:0.033, ben:0.042, ben:0.045, MAL:0.054, ben:0.055, ben:0.029, ben:0.041, ben:0.024, MAL:0.056]  labels [0, 0, 0, 0, 0, 0, 0, 0, 0, 0]
13:59:44  INFO      attacks.chameleon_client — Chameleon client [53] round 117: optimising δ for 3311/6979 samples (ε=0.300, λ_sim=1.00, steps=100).
13:59:45  INFO      attacks.chameleon_client — Chameleon client [53] round 117: poisoned 3311/6979 samples (target=0, loss=0.2193, acc=0.925).
13:59:45  INFO      defenses.deepsight — DeepSight: 0 / 10 flagged  |  TE [ben:0.107, ben:0.107, ben:0.107, ben:0.119, ben:0.131, ben:0.107, ben:0.107, ben:0.107, ben:0.119, MAL:0.107]  DDif [ben:0.052, ben:0.027, ben:0.058, ben:0.062, ben:0.016, ben:0.030, ben:0.026, ben:0.022, ben:0.058, MAL:0.045]  labels [0, 0, 0, 0, 0, 0, 0, 0, 0, 0]
14:00:04  INFO      attacks.chameleon_client — Chameleon client [65] round 118: optimising δ for 3316/6979 samples (ε=0.300, λ_sim=1.00, steps=100).
14:00:05  INFO      attacks.chameleon_client — Chameleon client [65] round 118: poisoned 3316/6979 samples (target=0, loss=0.2248, acc=0.921).
14:00:10  INFO      defenses.deepsight — DeepSight: 0 / 10 flagged  |  TE [ben:0.095, ben:0.107, ben:0.119, ben:0.107, ben:0.107, ben:0.119, ben:0.119, MAL:0.095, ben:0.107, ben:0.107]  DDif [ben:0.021, ben:0.036, ben:0.061, ben:0.050, ben:0.033, ben:0.033, ben:0.037, MAL:0.050, ben:0.067, ben:0.038]  labels [-1, 0, 0, 0, 0, 0, 0, 0, 0, 0]
14:00:17  INFO      attacks.chameleon_client — Chameleon client [49] round 119: optimising δ for 3317/6979 samples (ε=0.300, λ_sim=1.00, steps=100).
14:00:18  INFO      attacks.chameleon_client — Chameleon client [49] round 119: poisoned 3317/6979 samples (target=0, loss=0.2221, acc=0.925).
14:00:38  INFO      defenses.deepsight — DeepSight: 0 / 10 flagged  |  TE [ben:0.107, MAL:0.107, ben:0.119, ben:0.095, ben:0.119, ben:0.107, ben:0.095, ben:0.119, ben:0.119, ben:0.107]  DDif [ben:0.029, MAL:0.075, ben:0.026, ben:0.034, ben:0.035, ben:0.044, ben:0.033, ben:0.041, ben:0.057, ben:0.030]  labels [-1, -1, -1, 0, -1, -1, -1, -1, -1, 0]
14:01:04  INFO      defenses.deepsight — DeepSight: 0 / 10 flagged  |  TE [ben:0.095, ben:0.107, ben:0.107, ben:0.131, ben:0.119, ben:0.119, ben:0.107, ben:0.131, ben:0.119, ben:0.107]  DDif [ben:0.032, ben:0.017, ben:0.025, ben:0.032, ben:0.022, ben:0.023, ben:0.055, ben:0.036, ben:0.055, ben:0.060]  labels [0, 0, 0, 0, 0, 0, 0, 0, 0, 0]
14:01:39  INFO      experiment.runner — Round  121/150  |  acc:  85.76%  loss: 0.3918  |  ASR:   9.20%  asr_loss: nan  |  FPR: 0.0%  |  mF1: 71.1%
14:01:53  INFO      attacks.chameleon_client — Chameleon client [61] round 121: optimising δ for 3311/6979 samples (ε=0.300, λ_sim=1.00, steps=100).
14:01:54  INFO      attacks.chameleon_client — Chameleon client [61] round 121: poisoned 3311/6979 samples (target=0, loss=0.2116, acc=0.925).
14:02:06  INFO      defenses.deepsight — DeepSight: 0 / 10 flagged  |  TE [ben:0.107, ben:0.131, ben:0.107, ben:0.107, ben:0.107, MAL:0.107, ben:0.107, ben:0.095, ben:0.095, ben:0.095]  DDif [ben:0.029, ben:0.040, ben:0.032, ben:0.026, ben:0.028, MAL:0.050, ben:0.040, ben:0.031, ben:0.026, ben:0.039]  labels [0, 0, 0, 0, 0, -1, 0, 0, 0, 0]
14:02:30  INFO      defenses.deepsight — DeepSight: 0 / 10 flagged  |  TE [ben:0.107, ben:0.131, ben:0.095, ben:0.107, ben:0.107, ben:0.107, ben:0.107, ben:0.119, ben:0.107, ben:0.119]  DDif [ben:0.054, ben:0.042, ben:0.079, ben:0.038, ben:0.025, ben:0.037, ben:0.120, ben:0.028, ben:0.043, ben:0.028]  labels [-1, -1, -1, -1, 0, -1, -1, -1, -1, 0]
14:02:37  INFO      attacks.chameleon_client — Chameleon client [65] round 123: optimising δ for 3316/6979 samples (ε=0.300, λ_sim=1.00, steps=100).
14:02:38  INFO      attacks.chameleon_client — Chameleon client [65] round 123: poisoned 3316/6979 samples (target=0, loss=0.2182, acc=0.925).
14:02:48  INFO      attacks.chameleon_client — Chameleon client [97] round 123: optimising δ for 3320/6979 samples (ε=0.300, λ_sim=1.00, steps=100).
14:02:49  INFO      attacks.chameleon_client — Chameleon client [97] round 123: poisoned 3320/6979 samples (target=0, loss=0.2263, acc=0.924).
14:03:00  INFO      defenses.deepsight — DeepSight: 0 / 10 flagged  |  TE [ben:0.107, ben:0.095, MAL:0.095, ben:0.107, ben:0.107, MAL:0.107, ben:0.107, ben:0.119, ben:0.119, ben:0.107]  DDif [ben:0.056, ben:0.037, MAL:0.072, ben:0.031, ben:0.028, MAL:0.050, ben:0.029, ben:0.021, ben:0.035, ben:0.073]  labels [-1, 0, -1, 0, 0, 0, 0, -1, 0, -1]
14:03:19  INFO      attacks.chameleon_client — Chameleon client [97] round 124: optimising δ for 3320/6979 samples (ε=0.300, λ_sim=1.00, steps=100).
14:03:21  INFO      attacks.chameleon_client — Chameleon client [97] round 124: poisoned 3320/6979 samples (target=0, loss=0.2265, acc=0.919).
14:03:23  INFO      attacks.chameleon_client — Chameleon client [49] round 124: optimising δ for 3317/6979 samples (ε=0.300, λ_sim=1.00, steps=100).
14:03:24  INFO      attacks.chameleon_client — Chameleon client [49] round 124: poisoned 3317/6979 samples (target=0, loss=0.2142, acc=0.925).
14:03:27  INFO      defenses.deepsight — DeepSight: 0 / 10 flagged  |  TE [ben:0.131, ben:0.107, ben:0.095, ben:0.107, ben:0.119, ben:0.119, ben:0.107, MAL:0.107, MAL:0.107, ben:0.131]  DDif [ben:0.042, ben:0.028, ben:0.025, ben:0.015, ben:0.038, ben:0.096, ben:0.022, MAL:0.057, MAL:0.070, ben:0.056]  labels [0, 0, 0, -1, 0, -1, 0, 0, 0, 0]
14:03:53  INFO      defenses.deepsight — DeepSight: 0 / 10 flagged  |  TE [ben:0.107, ben:0.107, ben:0.131, ben:0.095, ben:0.107, ben:0.107, ben:0.095, ben:0.119, ben:0.107, ben:0.119]  DDif [ben:0.057, ben:0.036, ben:0.043, ben:0.023, ben:0.026, ben:0.027, ben:0.030, ben:0.033, ben:0.027, ben:0.026]  labels [-1, 0, -1, 0, 0, 0, 0, 0, 0, 0]
14:04:00  INFO      attacks.chameleon_client — Chameleon client [62] round 126: optimising δ for 3314/6979 samples (ε=0.300, λ_sim=1.00, steps=100).
14:04:01  INFO      attacks.chameleon_client — Chameleon client [62] round 126: poisoned 3314/6979 samples (target=0, loss=0.2053, acc=0.931).
14:04:20  INFO      defenses.deepsight — DeepSight: 0 / 10 flagged  |  TE [ben:0.107, MAL:0.107, ben:0.107, ben:0.107, ben:0.095, ben:0.107, ben:0.107, ben:0.107, ben:0.107, ben:0.119]  DDif [ben:0.030, MAL:0.039, ben:0.030, ben:0.031, ben:0.021, ben:0.025, ben:0.035, ben:0.024, ben:0.030, ben:0.034]  labels [0, -1, -1, 0, -1, -1, -1, -1, -1, -1]
14:04:27  INFO      attacks.chameleon_client — Chameleon client [61] round 127: optimising δ for 3311/6979 samples (ε=0.300, λ_sim=1.00, steps=100).
14:04:28  INFO      attacks.chameleon_client — Chameleon client [61] round 127: poisoned 3311/6979 samples (target=0, loss=0.2150, acc=0.924).
14:04:40  INFO      attacks.chameleon_client — Chameleon client [33] round 127: optimising δ for 3320/6979 samples (ε=0.300, λ_sim=1.00, steps=100).
14:04:41  INFO      attacks.chameleon_client — Chameleon client [33] round 127: poisoned 3320/6979 samples (target=0, loss=0.2166, acc=0.925).
14:04:46  INFO      defenses.deepsight — DeepSight: 0 / 10 flagged  |  TE [ben:0.095, ben:0.119, MAL:0.095, ben:0.119, ben:0.107, ben:0.095, ben:0.107, MAL:0.107, ben:0.107, ben:0.107]  DDif [ben:0.040, ben:0.031, MAL:0.035, ben:0.018, ben:0.027, ben:0.028, ben:0.047, MAL:0.040, ben:0.058, ben:0.029]  labels [-1, 0, 0, -1, 0, 0, -1, 0, -1, 0]
14:04:49  INFO      attacks.chameleon_client — Chameleon client [51] round 128: optimising δ for 3326/6979 samples (ε=0.300, λ_sim=1.00, steps=100).
14:04:50  INFO      attacks.chameleon_client — Chameleon client [51] round 128: poisoned 3326/6979 samples (target=0, loss=0.2178, acc=0.920).
14:05:01  INFO      attacks.chameleon_client — Chameleon client [49] round 128: optimising δ for 3317/6979 samples (ε=0.300, λ_sim=1.00, steps=100).
14:05:02  INFO      attacks.chameleon_client — Chameleon client [49] round 128: poisoned 3317/6979 samples (target=0, loss=0.2072, acc=0.927).
14:05:13  INFO      defenses.deepsight — DeepSight: 0 / 10 flagged  |  TE [MAL:0.095, ben:0.107, ben:0.095, ben:0.119, ben:0.119, MAL:0.107, ben:0.107, ben:0.095, ben:0.107, ben:0.095]  DDif [MAL:0.035, ben:0.026, ben:0.052, ben:0.055, ben:0.055, MAL:0.042, ben:0.034, ben:0.024, ben:0.033, ben:0.033]  labels [0, 0, 0, 0, 0, 0, 0, 0, 0, 0]
14:05:38  INFO      attacks.chameleon_client — Chameleon client [33] round 129: optimising δ for 3320/6979 samples (ε=0.300, λ_sim=1.00, steps=100).
14:05:40  INFO      attacks.chameleon_client — Chameleon client [33] round 129: poisoned 3320/6979 samples (target=0, loss=0.2160, acc=0.925).
14:05:42  INFO      defenses.deepsight — DeepSight: 0 / 10 flagged  |  TE [ben:0.119, ben:0.095, ben:0.107, ben:0.119, ben:0.107, ben:0.095, ben:0.119, ben:0.095, MAL:0.131, ben:0.107]  DDif [ben:0.038, ben:0.049, ben:0.029, ben:0.029, ben:0.034, ben:0.025, ben:0.027, ben:0.021, MAL:0.059, ben:0.046]  labels [-1, -1, 0, -1, -1, -1, 0, -1, -1, -1]
14:06:09  INFO      defenses.deepsight — DeepSight: 0 / 10 flagged  |  TE [ben:0.119, ben:0.107, ben:0.095, ben:0.119, ben:0.107, ben:0.095, ben:0.119, ben:0.107, ben:0.119, ben:0.083]  DDif [ben:0.023, ben:0.034, ben:0.038, ben:0.070, ben:0.042, ben:0.048, ben:0.068, ben:0.054, ben:0.039, ben:0.028]  labels [-1, 0, 0, -1, -1, -1, -1, -1, 0, -1]
14:06:43  INFO      experiment.runner — Round  131/150  |  acc:  85.81%  loss: 0.3897  |  ASR:   7.00%  asr_loss: nan  |  FPR: 0.0%  |  mF1: 71.0%
14:06:54  INFO      attacks.chameleon_client — Chameleon client [62] round 131: optimising δ for 3314/6979 samples (ε=0.300, λ_sim=1.00, steps=100).
14:06:55  INFO      attacks.chameleon_client — Chameleon client [62] round 131: poisoned 3314/6979 samples (target=0, loss=0.2149, acc=0.926).
14:07:08  INFO      attacks.chameleon_client — Chameleon client [5] round 131: optimising δ for 3320/6980 samples (ε=0.300, λ_sim=1.00, steps=100).
14:07:09  INFO      attacks.chameleon_client — Chameleon client [5] round 131: poisoned 3320/6980 samples (target=0, loss=0.2068, acc=0.931).
14:07:12  INFO      defenses.deepsight — DeepSight: 0 / 10 flagged  |  TE [ben:0.095, ben:0.107, ben:0.095, MAL:0.107, ben:0.107, ben:0.131, ben:0.107, ben:0.107, MAL:0.119, ben:0.107]  DDif [ben:0.040, ben:0.023, ben:0.075, MAL:0.027, ben:0.032, ben:0.024, ben:0.025, ben:0.027, MAL:0.030, ben:0.023]  labels [-1, -1, -1, -1, -1, -1, 0, -1, -1, 0]
14:07:36  INFO      defenses.deepsight — DeepSight: 0 / 10 flagged  |  TE [ben:0.131, ben:0.119, ben:0.119, ben:0.095, ben:0.107, ben:0.107, ben:0.095, ben:0.095, ben:0.119, ben:0.107]  DDif [ben:0.037, ben:0.024, ben:0.026, ben:0.025, ben:0.028, ben:0.077, ben:0.030, ben:0.043, ben:0.035, ben:0.028]  labels [-1, -1, -1, -1, 0, -1, 0, -1, -1, 0]
14:08:02  INFO      defenses.deepsight — DeepSight: 0 / 10 flagged  |  TE [ben:0.107, ben:0.095, ben:0.107, ben:0.107, ben:0.107, ben:0.107, ben:0.095, ben:0.119, ben:0.095, ben:0.107]  DDif [ben:0.020, ben:0.045, ben:0.024, ben:0.027, ben:0.059, ben:0.031, ben:0.019, ben:0.035, ben:0.032, ben:0.031]  labels [-1, -1, 0, -1, -1, 0, -1, -1, -1, -1]
14:08:14  INFO      attacks.chameleon_client — Chameleon client [33] round 134: optimising δ for 3320/6979 samples (ε=0.300, λ_sim=1.00, steps=100).
14:08:15  INFO      attacks.chameleon_client — Chameleon client [33] round 134: poisoned 3320/6979 samples (target=0, loss=0.2089, acc=0.924).
14:08:29  INFO      attacks.chameleon_client — Chameleon client [97] round 134: optimising δ for 3320/6979 samples (ε=0.300, λ_sim=1.00, steps=100).
14:08:31  INFO      attacks.chameleon_client — Chameleon client [97] round 134: poisoned 3320/6979 samples (target=0, loss=0.2067, acc=0.927).
14:08:31  INFO      defenses.deepsight — DeepSight: 0 / 10 flagged  |  TE [ben:0.119, ben:0.107, ben:0.095, MAL:0.095, ben:0.107, ben:0.107, ben:0.119, ben:0.119, ben:0.107, MAL:0.107]  DDif [ben:0.021, ben:0.035, ben:0.020, MAL:0.049, ben:0.034, ben:0.026, ben:0.034, ben:0.043, ben:0.033, MAL:0.060]  labels [0, 0, 0, -1, 0, 0, -1, 0, 0, -1]
14:08:33  INFO      attacks.chameleon_client — Chameleon client [5] round 135: optimising δ for 3320/6980 samples (ε=0.300, λ_sim=1.00, steps=100).
14:08:34  INFO      attacks.chameleon_client — Chameleon client [5] round 135: poisoned 3320/6980 samples (target=0, loss=0.2230, acc=0.922).
14:08:44  INFO      attacks.chameleon_client — Chameleon client [49] round 135: optimising δ for 3317/6979 samples (ε=0.300, λ_sim=1.00, steps=100).
14:08:45  INFO      attacks.chameleon_client — Chameleon client [49] round 135: poisoned 3317/6979 samples (target=0, loss=0.2079, acc=0.924).
14:08:59  INFO      defenses.deepsight — DeepSight: 0 / 10 flagged  |  TE [MAL:0.095, ben:0.107, ben:0.107, ben:0.119, MAL:0.107, ben:0.119, ben:0.119, ben:0.107, ben:0.107, ben:0.119]  DDif [MAL:0.027, ben:0.033, ben:0.022, ben:0.030, MAL:0.048, ben:0.022, ben:0.039, ben:0.051, ben:0.032, ben:0.048]  labels [-1, 0, -1, -1, -1, -1, 0, -1, -1, 0]
14:09:03  INFO      attacks.chameleon_client — Chameleon client [65] round 136: optimising δ for 3316/6979 samples (ε=0.300, λ_sim=1.00, steps=100).
14:09:04  INFO      attacks.chameleon_client — Chameleon client [65] round 136: poisoned 3316/6979 samples (target=0, loss=0.2093, acc=0.926).
14:09:24  INFO      defenses.deepsight — DeepSight: 0 / 10 flagged  |  TE [ben:0.107, MAL:0.131, ben:0.107, ben:0.119, ben:0.107, ben:0.095, ben:0.119, ben:0.095, ben:0.131, ben:0.107]  DDif [ben:0.026, MAL:0.040, ben:0.036, ben:0.029, ben:0.071, ben:0.022, ben:0.031, ben:0.042, ben:0.016, ben:0.034]  labels [-1, -1, -1, -1, -1, -1, 0, -1, -1, 0]
14:09:53  INFO      defenses.deepsight — DeepSight: 0 / 10 flagged  |  TE [ben:0.107, ben:0.095, ben:0.107, ben:0.119, ben:0.107, ben:0.107, ben:0.119, ben:0.107, ben:0.095, ben:0.095]  DDif [ben:0.040, ben:0.039, ben:0.024, ben:0.069, ben:0.028, ben:0.019, ben:0.011, ben:0.028, ben:0.030, ben:0.032]  labels [-1, -1, -1, -1, -1, -1, -1, 0, -1, 0]
14:10:12  INFO      attacks.chameleon_client — Chameleon client [5] round 138: optimising δ for 3320/6980 samples (ε=0.300, λ_sim=1.00, steps=100).
14:10:13  INFO      attacks.chameleon_client — Chameleon client [5] round 138: poisoned 3320/6980 samples (target=0, loss=0.2137, acc=0.925).
14:10:18  INFO      defenses.deepsight — DeepSight: 0 / 10 flagged  |  TE [ben:0.119, ben:0.119, ben:0.107, ben:0.107, ben:0.131, ben:0.107, ben:0.107, MAL:0.119, ben:0.107, ben:0.107]  DDif [ben:0.042, ben:0.027, ben:0.023, ben:0.038, ben:0.025, ben:0.018, ben:0.029, MAL:0.069, ben:0.032, ben:0.036]  labels [-1, -1, -1, -1, 0, -1, 0, -1, -1, -1]
14:10:43  INFO      defenses.deepsight — DeepSight: 0 / 10 flagged  |  TE [ben:0.107, ben:0.131, ben:0.107, ben:0.107, ben:0.107, ben:0.119, ben:0.119, ben:0.107, ben:0.095, ben:0.107]  DDif [ben:0.032, ben:0.070, ben:0.023, ben:0.028, ben:0.024, ben:0.038, ben:0.032, ben:0.037, ben:0.029, ben:0.016]  labels [0, -1, -1, 0, -1, -1, 0, 0, -1, -1]
14:11:10  INFO      attacks.chameleon_client — Chameleon client [51] round 140: optimising δ for 3326/6979 samples (ε=0.300, λ_sim=1.00, steps=100).
14:11:11  INFO      attacks.chameleon_client — Chameleon client [51] round 140: poisoned 3326/6979 samples (target=0, loss=0.2201, acc=0.922).
14:11:11  INFO      defenses.deepsight — DeepSight: 0 / 10 flagged  |  TE [ben:0.119, ben:0.095, ben:0.119, ben:0.119, ben:0.107, ben:0.107, ben:0.119, ben:0.095, ben:0.107, MAL:0.095]  DDif [ben:0.036, ben:0.019, ben:0.062, ben:0.023, ben:0.022, ben:0.032, ben:0.041, ben:0.027, ben:0.042, MAL:0.028]  labels [0, 0, -1, 0, 0, 0, -1, 0, 0, 0]
14:11:45  INFO      experiment.runner — Round  141/150  |  acc:  85.86%  loss: 0.3880  |  ASR:   8.80%  asr_loss: nan  |  TPR: 0.0%  FPR: 0.0%  |  mF1: 70.9%
14:12:08  INFO      defenses.deepsight — DeepSight: 0 / 10 flagged  |  TE [ben:0.131, ben:0.107, ben:0.119, ben:0.107, ben:0.107, ben:0.095, ben:0.107, ben:0.107, ben:0.107, ben:0.119]  DDif [ben:0.028, ben:0.017, ben:0.035, ben:0.035, ben:0.033, ben:0.020, ben:0.059, ben:0.028, ben:0.019, ben:0.023]  labels [0, -1, -1, -1, 0, -1, -1, -1, -1, -1]
14:12:22  INFO      attacks.chameleon_client — Chameleon client [33] round 142: optimising δ for 3320/6979 samples (ε=0.300, λ_sim=1.00, steps=100).
14:12:24  INFO      attacks.chameleon_client — Chameleon client [33] round 142: poisoned 3320/6979 samples (target=0, loss=0.2140, acc=0.926).
14:12:39  INFO      defenses.deepsight — DeepSight: 0 / 10 flagged  |  TE [ben:0.131, ben:0.107, ben:0.107, ben:0.119, ben:0.107, MAL:0.095, ben:0.107, ben:0.107, ben:0.119, ben:0.119]  DDif [ben:0.018, ben:0.031, ben:0.027, ben:0.017, ben:0.026, MAL:0.046, ben:0.024, ben:0.066, ben:0.027, ben:0.072]  labels [-1, -1, 0, -1, -1, -1, -1, -1, 0, -1]
14:12:44  INFO      attacks.chameleon_client — Chameleon client [51] round 143: optimising δ for 3326/6979 samples (ε=0.300, λ_sim=1.00, steps=100).
14:12:45  INFO      attacks.chameleon_client — Chameleon client [51] round 143: poisoned 3326/6979 samples (target=0, loss=0.2120, acc=0.926).
14:13:04  INFO      defenses.deepsight — DeepSight: 0 / 10 flagged  |  TE [ben:0.119, MAL:0.095, ben:0.107, ben:0.119, ben:0.119, ben:0.107, ben:0.095, ben:0.107, ben:0.107, ben:0.095]  DDif [ben:0.020, MAL:0.044, ben:0.033, ben:0.021, ben:0.036, ben:0.052, ben:0.036, ben:0.045, ben:0.029, ben:0.049]  labels [-1, -1, -1, -1, 0, -1, 0, -1, -1, -1]
14:13:18  INFO      attacks.chameleon_client — Chameleon client [97] round 144: optimising δ for 3320/6979 samples (ε=0.300, λ_sim=1.00, steps=100).
14:13:19  INFO      attacks.chameleon_client — Chameleon client [97] round 144: poisoned 3320/6979 samples (target=0, loss=0.2156, acc=0.922).
14:13:30  INFO      defenses.deepsight — DeepSight: 0 / 10 flagged  |  TE [ben:0.119, ben:0.119, ben:0.119, ben:0.107, ben:0.095, MAL:0.107, ben:0.119, ben:0.131, ben:0.107, ben:0.107]  DDif [ben:0.033, ben:0.068, ben:0.033, ben:0.024, ben:0.024, MAL:0.036, ben:0.022, ben:0.029, ben:0.043, ben:0.023]  labels [0, -1, -1, -1, -1, 0, -1, 0, -1, -1]
14:13:32  INFO      attacks.chameleon_client — Chameleon client [49] round 145: optimising δ for 3317/6979 samples (ε=0.300, λ_sim=1.00, steps=100).
14:13:34  INFO      attacks.chameleon_client — Chameleon client [49] round 145: poisoned 3317/6979 samples (target=0, loss=0.2267, acc=0.920).
14:13:57  INFO      defenses.deepsight — DeepSight: 0 / 10 flagged  |  TE [MAL:0.107, ben:0.119, ben:0.107, ben:0.107, ben:0.095, ben:0.107, ben:0.107, ben:0.107, ben:0.119, ben:0.095]  DDif [MAL:0.071, ben:0.038, ben:0.035, ben:0.026, ben:0.047, ben:0.030, ben:0.048, ben:0.021, ben:0.043, ben:0.036]  labels [-1, -1, 0, -1, -1, -1, -1, -1, -1, 0]
14:14:24  INFO      defenses.deepsight — DeepSight: 0 / 10 flagged  |  TE [ben:0.107, ben:0.107, ben:0.119, ben:0.095, ben:0.095, ben:0.107, ben:0.107, ben:0.119, ben:0.119, ben:0.119]  DDif [ben:0.034, ben:0.027, ben:0.020, ben:0.020, ben:0.025, ben:0.035, ben:0.018, ben:0.030, ben:0.029, ben:0.042]  labels [0, 0, 0, 0, 0, -1, 0, 0, 0, -1]
14:14:48  INFO      attacks.chameleon_client — Chameleon client [51] round 147: optimising δ for 3326/6979 samples (ε=0.300, λ_sim=1.00, steps=100).
14:14:49  INFO      attacks.chameleon_client — Chameleon client [51] round 147: poisoned 3326/6979 samples (target=0, loss=0.2296, acc=0.924).
14:14:51  INFO      defenses.deepsight — DeepSight: 0 / 10 flagged  |  TE [ben:0.095, ben:0.119, ben:0.107, ben:0.095, ben:0.095, ben:0.107, ben:0.107, ben:0.107, MAL:0.119, ben:0.119]  DDif [ben:0.063, ben:0.015, ben:0.024, ben:0.029, ben:0.024, ben:0.030, ben:0.030, ben:0.021, MAL:0.028, ben:0.054]  labels [-1, -1, 0, -1, 0, -1, -1, -1, -1, -1]
14:15:06  INFO      attacks.chameleon_client — Chameleon client [5] round 148: optimising δ for 3320/6980 samples (ε=0.300, λ_sim=1.00, steps=100).
14:15:07  INFO      attacks.chameleon_client — Chameleon client [5] round 148: poisoned 3320/6980 samples (target=0, loss=0.2221, acc=0.927).
14:15:17  INFO      defenses.deepsight — DeepSight: 0 / 10 flagged  |  TE [ben:0.107, ben:0.107, ben:0.107, ben:0.119, ben:0.119, MAL:0.095, ben:0.107, ben:0.107, ben:0.119, ben:0.107]  DDif [ben:0.035, ben:0.040, ben:0.051, ben:0.029, ben:0.039, MAL:0.062, ben:0.030, ben:0.022, ben:0.042, ben:0.032]  labels [0, 0, 0, -1, 0, -1, -1, -1, 0, 0]
14:15:22  INFO      attacks.chameleon_client — Chameleon client [61] round 149: optimising δ for 3311/6979 samples (ε=0.300, λ_sim=1.00, steps=100).
14:15:23  INFO      attacks.chameleon_client — Chameleon client [61] round 149: poisoned 3311/6979 samples (target=0, loss=0.2071, acc=0.927).
14:15:47  INFO      defenses.deepsight — DeepSight: 0 / 10 flagged  |  TE [ben:0.119, MAL:0.107, ben:0.119, ben:0.119, ben:0.107, ben:0.107, ben:0.095, ben:0.119, ben:0.095, ben:0.119]  DDif [ben:0.024, MAL:0.071, ben:0.040, ben:0.023, ben:0.018, ben:0.062, ben:0.018, ben:0.033, ben:0.033, ben:0.035]  labels [-1, -1, -1, -1, -1, -1, -1, 0, 0, 0]
14:16:16  INFO      experiment.runner — Round  150/150  |  acc:  85.89%  loss: 0.3865  |  ASR:   9.40%  asr_loss: nan  |  TPR: 0.0%  FPR: 0.0%  |  mF1: 71.0%
14:16:16  INFO      experiment.runner — Final model saved to results/benchmark/femnist_chameleon_deepsight_seed0/final_model.pt
14:16:16  INFO      experiment.runner — Client atypicality written to results/benchmark/femnist_chameleon_deepsight_seed0/client_atypicality.json
14:16:16  INFO      experiment.runner — Client inclusion rates written to results/benchmark/femnist_chameleon_deepsight_seed0/client_inclusion.csv
14:16:16  INFO      benchmark — ✓  femnist_chameleon_deepsight_seed0  (74.6 min)
14:16:16  INFO      benchmark — ▶  femnist_chameleon_deepsight_seed1
14:16:16  INFO      experiment.runner — Initialising 'femnist_chameleon_deepsight_seed1' | device=cuda | rounds=150 | clients=10/100 | attack=chameleon | defense=deepsight
14:16:17  INFO      defenses.deepsight — DeepSightServer — output layer: 'classifier.4.weight' | neup_tau=0.20  cluster_tau=0.50  clip_norm=2.0
14:16:28  INFO      experiment.utils — Built 100 clients — 10 malicious, 90 benign.

==============================================================
  Summary — 16 rounds evaluated
==============================================================
  Final clean accuracy               85.89%
  Best  clean accuracy               85.89%
  Final clean loss                   0.3865
  Macro F1                           71.02%
  Final ASR                           9.40%
  Mean ASR (attack window)           10.69%
  Max  ASR (attack window)           14.80%
  Pooled TPR (attack period)          0.00%
  Pooled FPR (all rounds)             0.00%
==============================================================

14:16:39  INFO      experiment.runner — Chameleon ASR evaluator: 500 non-target test images.
14:16:39  INFO      experiment.runner — Setup complete — 100 clients (10 malicious) | backdoor eval: chameleon-adaptive
14:17:03  INFO      defenses.deepsight — DeepSight: 0 / 10 flagged  |  TE [ben:0.083, ben:0.095, ben:0.095, ben:0.095, ben:0.143, ben:0.095, ben:0.107, ben:0.095, ben:0.095, ben:0.095]  DDif [ben:1.353, ben:1.401, ben:1.230, ben:1.382, ben:1.364, ben:1.338, ben:1.470, ben:1.300, ben:1.350, ben:1.255]  labels [0, -1, -1, -1, -1, -1, -1, -1, 0, -1]
14:17:41  INFO      experiment.runner — Round    1/150  |  acc:  50.95%  loss: 1.9375  |  FPR: 0.0%  |  mF1: 21.6%
14:18:05  INFO      defenses.deepsight — DeepSight: 0 / 10 flagged  |  TE [ben:0.107, ben:0.107, ben:0.095, ben:0.107, ben:0.095, ben:0.083, ben:0.119, ben:0.107, ben:0.083, ben:0.095]  DDif [ben:1.413, ben:1.189, ben:1.244, ben:1.338, ben:1.148, ben:1.311, ben:1.364, ben:1.084, ben:0.152, ben:1.398]  labels [0, 0, -1, -1, 0, 0, -1, 0, -1, 0]
14:18:35  INFO      defenses.deepsight — DeepSight: 0 / 10 flagged  |  TE [ben:0.119, ben:0.095, ben:0.095, ben:0.095, ben:0.119, ben:0.095, ben:0.095, ben:0.095, ben:0.107, ben:0.095]  DDif [ben:0.659, ben:0.667, ben:0.625, ben:0.742, ben:0.772, ben:0.868, ben:1.011, ben:0.724, ben:0.745, ben:0.620]  labels [-1, 0, -1, -1, -1, -1, -1, 0, -1, -1]
14:18:59  INFO      defenses.deepsight — DeepSight: 0 / 10 flagged  |  TE [ben:0.095, ben:0.107, ben:0.107, ben:0.095, ben:0.107, ben:0.095, ben:0.119, ben:0.107, ben:0.095, ben:0.107]  DDif [ben:0.277, ben:0.228, ben:1.083, ben:0.300, ben:0.251, ben:0.226, ben:0.261, ben:0.227, ben:0.328, ben:0.291]  labels [0, -1, -1, 0, 0, -1, -1, 0, -1, -1]
14:19:25  INFO      defenses.deepsight — DeepSight: 0 / 10 flagged  |  TE [ben:0.083, ben:0.119, ben:0.107, ben:0.107, ben:0.107, ben:0.119, ben:0.107, ben:0.083, ben:0.107, ben:0.095]  DDif [ben:0.162, ben:0.160, ben:0.233, ben:1.453, ben:0.168, ben:1.374, ben:0.192, ben:0.156, ben:0.179, ben:0.171]  labels [-1, 0, -1, -1, -1, -1, -1, -1, 0, -1]
14:19:51  INFO      defenses.deepsight — DeepSight: 0 / 10 flagged  |  TE [ben:0.095, ben:0.095, ben:0.095, ben:0.107, ben:0.119, ben:0.083, ben:0.095, ben:0.107, ben:0.107, ben:0.095]  DDif [ben:0.241, ben:1.363, ben:0.223, ben:0.160, ben:0.248, ben:0.252, ben:0.270, ben:0.206, ben:0.222, ben:0.290]  labels [0, -1, 0, 0, 0, -1, -1, -1, 0, -1]
14:20:16  INFO      defenses.deepsight — DeepSight: 0 / 10 flagged  |  TE [ben:0.107, ben:0.107, ben:0.107, ben:0.095, ben:0.083, ben:0.107, ben:0.095, ben:0.095, ben:0.095, ben:0.095]  DDif [ben:0.125, ben:0.220, ben:0.134, ben:1.774, ben:0.232, ben:0.130, ben:0.147, ben:0.214, ben:0.163, ben:0.153]  labels [0, -1, -1, -1, -1, -1, -1, 0, -1, -1]
14:20:42  INFO      defenses.deepsight — DeepSight: 0 / 10 flagged  |  TE [ben:0.083, ben:0.107, ben:0.083, ben:0.095, ben:0.107, ben:0.083, ben:0.107, ben:0.095, ben:0.095, ben:0.095]  DDif [ben:0.248, ben:0.170, ben:0.205, ben:0.149, ben:2.047, ben:0.217, ben:0.212, ben:0.150, ben:0.244, ben:0.243]  labels [0, -1, -1, -1, -1, -1, -1, -1, -1, 0]
14:21:07  INFO      defenses.deepsight — DeepSight: 0 / 10 flagged  |  TE [ben:0.095, ben:0.095, ben:0.119, ben:0.107, ben:0.095, ben:0.107, ben:0.083, ben:0.119, ben:0.095, ben:0.107]  DDif [ben:0.159, ben:0.263, ben:0.167, ben:0.134, ben:0.196, ben:0.237, ben:0.209, ben:0.122, ben:0.161, ben:0.224]  labels [0, -1, 0, -1, 0, 0, 0, -1, -1, 0]
14:21:38  INFO      defenses.deepsight — DeepSight: 0 / 10 flagged  |  TE [ben:0.107, ben:0.107, ben:0.107, ben:0.107, ben:0.107, ben:0.107, ben:0.119, ben:0.107, ben:0.107, ben:0.119]  DDif [ben:0.100, ben:0.122, ben:0.131, ben:0.156, ben:0.138, ben:0.115, ben:0.105, ben:0.111, ben:0.127, ben:0.136]  labels [0, 0, 0, -1, -1, 0, 0, 0, 0, -1]
14:22:02  INFO      defenses.deepsight — DeepSight: 0 / 10 flagged  |  TE [ben:0.095, ben:0.107, ben:0.095, ben:0.107, ben:0.095, ben:0.095, ben:0.107, ben:0.107, ben:0.119, ben:0.107]  DDif [ben:0.110, ben:0.096, ben:0.140, ben:0.067, ben:0.090, ben:3.512, ben:0.090, ben:0.063, ben:0.200, ben:0.155]  labels [-1, -1, 0, 0, -1, -1, -1, 0, -1, -1]
14:22:35  INFO      experiment.runner — Round   11/150  |  acc:  80.93%  loss: 0.5837  |  FPR: 0.0%  |  mF1: 61.6%
14:23:03  INFO      defenses.deepsight — DeepSight: 0 / 10 flagged  |  TE [ben:0.095, ben:0.095, ben:0.107, ben:0.107, ben:0.095, ben:0.107, ben:0.083, ben:0.107, ben:0.107, ben:0.095]  DDif [ben:0.153, ben:0.141, ben:0.154, ben:0.150, ben:0.115, ben:0.189, ben:0.122, ben:0.176, ben:0.083, ben:0.124]  labels [0, 0, -1, -1, 0, -1, 0, -1, -1, 0]
14:23:29  INFO      defenses.deepsight — DeepSight: 0 / 10 flagged  |  TE [ben:0.107, ben:0.095, ben:0.107, ben:0.107, ben:0.107, ben:0.107, ben:0.119, ben:0.107, ben:0.095, ben:0.107]  DDif [ben:0.086, ben:0.110, ben:0.062, ben:0.100, ben:0.112, ben:0.141, ben:0.094, ben:0.114, ben:0.083, ben:0.079]  labels [0, 0, -1, 0, -1, -1, -1, 0, -1, 0]
14:23:54  INFO      defenses.deepsight — DeepSight: 0 / 10 flagged  |  TE [ben:0.131, ben:0.119, ben:0.107, ben:0.107, ben:0.107, ben:0.107, ben:0.119, ben:0.107, ben:0.107, ben:0.107]  DDif [ben:0.101, ben:0.097, ben:0.065, ben:0.091, ben:0.071, ben:0.068, ben:0.048, ben:0.068, ben:0.093, ben:0.070]  labels [0, 0, 0, 0, 0, 0, -1, 0, 0, 0]
14:24:21  INFO      defenses.deepsight — DeepSight: 0 / 10 flagged  |  TE [ben:0.107, ben:0.119, ben:0.119, ben:0.095, ben:0.119, ben:0.119, ben:0.107, ben:0.095, ben:0.107, ben:0.095]  DDif [ben:0.088, ben:0.064, ben:0.080, ben:0.075, ben:0.100, ben:0.074, ben:0.073, ben:4.237, ben:0.076, ben:0.107]  labels [0, -1, -1, -1, -1, -1, -1, -1, -1, 0]
14:24:48  INFO      defenses.deepsight — DeepSight: 0 / 10 flagged  |  TE [ben:0.095, ben:0.107, ben:0.095, ben:0.107, ben:0.107, ben:0.107, ben:0.107, ben:0.107, ben:0.107, ben:0.107]  DDif [ben:0.220, ben:0.172, ben:0.140, ben:0.137, ben:0.191, ben:0.251, ben:0.151, ben:0.152, ben:0.128, ben:0.153]  labels [0, 0, 0, 0, 0, -1, 0, 0, 0, 0]
14:25:14  INFO      defenses.deepsight — DeepSight: 0 / 10 flagged  |  TE [ben:0.119, ben:0.119, ben:0.119, ben:0.107, ben:0.095, ben:0.119, ben:0.107, ben:0.107, ben:0.107, ben:0.131]  DDif [ben:0.083, ben:0.093, ben:0.088, ben:0.095, ben:0.103, ben:0.108, ben:0.059, ben:0.078, ben:0.069, ben:0.064]  labels [0, 0, 0, 0, 0, 0, 0, -1, 0, 0]
14:25:40  INFO      defenses.deepsight — DeepSight: 0 / 10 flagged  |  TE [ben:0.107, ben:0.107, ben:0.107, ben:0.107, ben:0.119, ben:0.095, ben:0.119, ben:0.107, ben:0.095, ben:0.095]  DDif [ben:0.063, ben:0.088, ben:0.073, ben:5.046, ben:0.068, ben:0.111, ben:0.107, ben:0.067, ben:0.137, ben:5.133]  labels [0, -1, 0, -1, -1, -1, -1, -1, -1, -1]
14:26:07  INFO      defenses.deepsight — DeepSight: 0 / 10 flagged  |  TE [ben:0.095, ben:0.107, ben:0.107, ben:0.107, ben:0.107, ben:0.119, ben:0.095, ben:0.107, ben:0.107, ben:0.107]  DDif [ben:0.201, ben:0.241, ben:0.256, ben:0.222, ben:0.183, ben:0.207, ben:0.184, ben:0.202, ben:0.217, ben:0.118]  labels [0, -1, -1, 0, -1, 0, -1, -1, -1, -1]
14:26:32  INFO      defenses.deepsight — DeepSight: 0 / 10 flagged  |  TE [ben:0.131, ben:0.107, ben:0.107, ben:0.107, ben:0.107, ben:0.107, ben:0.107, ben:0.119, ben:0.107, ben:0.107]  DDif [ben:4.364, ben:0.176, ben:0.072, ben:4.003, ben:0.125, ben:0.107, ben:0.085, ben:0.103, ben:0.085, ben:0.113]  labels [-1, -1, -1, -1, 0, 0, -1, 0, -1, -1]
14:26:58  INFO      defenses.deepsight — DeepSight: 0 / 10 flagged  |  TE [ben:0.107, ben:0.119, ben:0.107, ben:0.107, ben:0.119, ben:0.119, ben:0.095, ben:0.119, ben:0.119, ben:0.107]  DDif [ben:0.166, ben:0.177, ben:0.146, ben:3.085, ben:2.740, ben:0.232, ben:0.271, ben:0.221, ben:0.148, ben:0.273]  labels [0, -1, 0, -1, -1, 0, 0, 0, 0, -1]
14:27:30  INFO      experiment.runner — Round   21/150  |  acc:  82.94%  loss: 0.4974  |  FPR: 0.0%  |  mF1: 65.4%
14:27:56  INFO      defenses.deepsight — DeepSight: 0 / 10 flagged  |  TE [ben:0.095, ben:0.095, ben:0.107, ben:0.107, ben:0.119, ben:0.107, ben:0.095, ben:0.107, ben:0.107, ben:0.107]  DDif [ben:0.262, ben:0.247, ben:0.381, ben:0.279, ben:1.928, ben:0.293, ben:0.239, ben:0.223, ben:0.208, ben:0.234]  labels [-1, 0, -1, -1, -1, -1, -1, -1, -1, 0]
14:28:22  INFO      defenses.deepsight — DeepSight: 0 / 10 flagged  |  TE [ben:0.095, ben:0.107, ben:0.095, ben:0.107, ben:0.107, ben:0.107, ben:0.119, ben:0.107, ben:0.119, ben:0.107]  DDif [ben:0.146, ben:0.129, ben:0.174, ben:0.181, ben:0.188, ben:0.165, ben:0.175, ben:2.620, ben:0.204, ben:0.190]  labels [-1, 0, -1, -1, 0, -1, -1, -1, 0, -1]
14:28:48  INFO      defenses.deepsight — DeepSight: 0 / 10 flagged  |  TE [ben:0.107, ben:0.095, ben:0.095, ben:0.107, ben:0.107, ben:0.119, ben:0.095, ben:0.095, ben:0.107, ben:0.119]  DDif [ben:0.340, ben:0.118, ben:0.235, ben:0.149, ben:0.147, ben:0.147, ben:0.167, ben:2.755, ben:0.165, ben:2.805]  labels [-1, -1, -1, -1, -1, 0, -1, -1, 0, -1]
14:29:13  INFO      defenses.deepsight — DeepSight: 0 / 10 flagged  |  TE [ben:0.107, ben:0.119, ben:0.119, ben:0.095, ben:0.107, ben:0.119, ben:0.107, ben:0.119, ben:0.119, ben:0.107]  DDif [ben:0.229, ben:0.273, ben:0.239, ben:0.208, ben:0.313, ben:0.136, ben:0.174, ben:0.200, ben:0.347, ben:0.161]  labels [0, -1, 0, -1, -1, -1, -1, 0, -1, -1]
14:29:42  INFO      defenses.deepsight — DeepSight: 0 / 10 flagged  |  TE [ben:0.119, ben:0.119, ben:0.095, ben:0.107, ben:0.107, ben:0.107, ben:0.095, ben:0.095, ben:0.107, ben:0.107]  DDif [ben:0.112, ben:0.186, ben:0.122, ben:0.198, ben:0.156, ben:0.143, ben:0.212, ben:0.166, ben:0.097, ben:2.585]  labels [-1, -1, 0, -1, -1, 0, -1, -1, -1, -1]
14:30:06  INFO      defenses.deepsight — DeepSight: 0 / 10 flagged  |  TE [ben:0.107, ben:0.107, ben:0.107, ben:0.095, ben:0.107, ben:0.107, ben:0.119, ben:0.119, ben:0.107, ben:0.119]  DDif [ben:3.175, ben:0.103, ben:0.101, ben:0.116, ben:0.181, ben:0.174, ben:0.106, ben:2.869, ben:0.112, ben:0.158]  labels [-1, 0, -1, 0, 0, 0, -1, -1, -1, -1]
14:30:33  INFO      defenses.deepsight — DeepSight: 0 / 10 flagged  |  TE [ben:0.095, ben:0.107, ben:0.107, ben:0.131, ben:0.107, ben:0.119, ben:0.107, ben:0.095, ben:0.107, ben:0.107]  DDif [ben:0.170, ben:0.319, ben:0.194, ben:0.285, ben:0.177, ben:0.184, ben:0.211, ben:0.266, ben:0.216, ben:0.177]  labels [0, -1, -1, -1, 0, 0, -1, -1, -1, -1]
14:30:58  INFO      defenses.deepsight — DeepSight: 0 / 10 flagged  |  TE [ben:0.095, ben:0.119, ben:0.107, ben:0.107, ben:0.107, ben:0.107, ben:0.107, ben:0.119, ben:0.107, ben:0.119]  DDif [ben:0.131, ben:0.137, ben:0.138, ben:0.113, ben:0.184, ben:3.232, ben:0.154, ben:0.104, ben:0.123, ben:0.109]  labels [-1, 0, 0, 0, 0, -1, -1, 0, -1, -1]
14:31:26  INFO      defenses.deepsight — DeepSight: 0 / 10 flagged  |  TE [ben:0.119, ben:0.107, ben:0.107, ben:0.107, ben:0.107, ben:0.107, ben:0.107, ben:0.119, ben:0.119, ben:0.107]  DDif [ben:0.145, ben:2.351, ben:0.180, ben:0.226, ben:0.241, ben:0.153, ben:0.195, ben:0.126, ben:0.149, ben:2.615]  labels [-1, -1, -1, -1, -1, 0, 0, -1, -1, -1]
14:31:50  INFO      defenses.deepsight — DeepSight: 0 / 10 flagged  |  TE [ben:0.095, ben:0.107, ben:0.119, ben:0.107, ben:0.107, ben:0.107, ben:0.119, ben:0.119, ben:0.095, ben:0.095]  DDif [ben:2.203, ben:0.193, ben:0.225, ben:0.221, ben:0.146, ben:0.279, ben:0.144, ben:0.197, ben:0.169, ben:0.170]  labels [-1, -1, -1, -1, -1, 0, -1, -1, 0, -1]
14:32:22  INFO      experiment.runner — Round   31/150  |  acc:  83.91%  loss: 0.4617  |  FPR: 0.0%  |  mF1: 67.5%
14:32:48  INFO      defenses.deepsight — DeepSight: 0 / 10 flagged  |  TE [ben:0.107, ben:0.107, ben:0.119, ben:0.107, ben:0.131, ben:0.107, ben:0.095, ben:0.119, ben:0.107, ben:0.107]  DDif [ben:0.233, ben:0.204, ben:0.141, ben:0.111, ben:0.104, ben:2.098, ben:0.152, ben:0.165, ben:0.134, ben:2.247]  labels [0, 0, 0, 0, 0, -1, 0, 0, 0, -1]
14:33:12  INFO      defenses.deepsight — DeepSight: 0 / 10 flagged  |  TE [ben:0.107, ben:0.119, ben:0.095, ben:0.119, ben:0.095, ben:0.119, ben:0.107, ben:0.107, ben:0.119, ben:0.131]  DDif [ben:0.170, ben:0.237, ben:0.316, ben:0.144, ben:1.513, ben:0.368, ben:0.228, ben:0.214, ben:1.468, ben:0.188]  labels [-1, -1, 0, -1, -1, -1, -1, -1, -1, 0]
14:33:38  INFO      defenses.deepsight — DeepSight: 0 / 10 flagged  |  TE [ben:0.107, ben:0.107, ben:0.107, ben:0.107, ben:0.119, ben:0.131, ben:0.095, ben:0.095, ben:0.095, ben:0.107]  DDif [ben:0.203, ben:0.200, ben:0.140, ben:0.128, ben:0.156, ben:0.238, ben:0.119, ben:0.197, ben:1.546, ben:0.271]  labels [0, -1, 0, -1, -1, -1, -1, 0, -1, -1]
14:34:05  INFO      defenses.deepsight — DeepSight: 0 / 10 flagged  |  TE [ben:0.107, ben:0.107, ben:0.119, ben:0.131, ben:0.107, ben:0.107, ben:0.107, ben:0.107, ben:0.107, ben:0.095]  DDif [ben:0.139, ben:0.160, ben:0.173, ben:0.183, ben:0.242, ben:0.155, ben:0.216, ben:0.243, ben:0.136, ben:0.207]  labels [0, 0, 0, 0, 0, 0, 0, 0, -1, 0]
14:34:32  INFO      defenses.deepsight — DeepSight: 0 / 10 flagged  |  TE [ben:0.107, ben:0.119, ben:0.119, ben:0.107, ben:0.119, ben:0.107, ben:0.107, ben:0.107, ben:0.107, ben:0.119]  DDif [ben:0.109, ben:0.137, ben:0.179, ben:0.129, ben:0.211, ben:0.123, ben:0.123, ben:0.170, ben:0.150, ben:2.144]  labels [0, 0, -1, 0, -1, -1, -1, -1, -1, -1]
14:34:56  INFO      defenses.deepsight — DeepSight: 0 / 10 flagged  |  TE [ben:0.107, ben:0.119, ben:0.107, ben:0.107, ben:0.107, ben:0.107, ben:0.095, ben:0.107, ben:0.107, ben:0.107]  DDif [ben:0.174, ben:0.151, ben:0.101, ben:0.129, ben:2.174, ben:0.136, ben:0.202, ben:0.139, ben:0.183, ben:0.162]  labels [0, -1, -1, -1, -1, 0, -1, 0, -1, -1]
14:35:23  INFO      defenses.deepsight — DeepSight: 0 / 10 flagged  |  TE [ben:0.119, ben:0.119, ben:0.119, ben:0.107, ben:0.107, ben:0.107, ben:0.107, ben:0.095, ben:0.119, ben:0.107]  DDif [ben:0.249, ben:0.099, ben:0.187, ben:0.170, ben:0.143, ben:0.166, ben:0.156, ben:0.187, ben:0.114, ben:0.113]  labels [-1, 0, -1, 0, 0, 0, 0, 0, 0, 0]
14:35:36  INFO      attacks.chameleon_client — Chameleon client [57] round 38: optimising δ for 3324/6979 samples (ε=0.300, λ_sim=1.00, steps=100).
14:35:38  INFO      attacks.chameleon_client — Chameleon client [57] round 38: poisoned 3324/6979 samples (target=0, loss=0.2573, acc=0.919).
14:35:49  INFO      defenses.deepsight — DeepSight: 0 / 10 flagged  |  TE [ben:0.107, ben:0.095, ben:0.107, ben:0.095, MAL:0.107, ben:0.107, ben:0.107, ben:0.119, ben:0.095, ben:0.107]  DDif [ben:0.167, ben:0.120, ben:0.119, ben:0.137, MAL:0.271, ben:0.119, ben:0.115, ben:0.099, ben:0.101, ben:0.113]  labels [-1, 0, -1, -1, -1, 0, -1, -1, -1, -1]
14:36:05  INFO      attacks.chameleon_client — Chameleon client [32] round 39: optimising δ for 3310/6979 samples (ε=0.300, λ_sim=1.00, steps=100).
14:36:07  INFO      attacks.chameleon_client — Chameleon client [32] round 39: poisoned 3310/6979 samples (target=0, loss=0.2751, acc=0.907).
14:36:16  INFO      defenses.deepsight — DeepSight: 0 / 10 flagged  |  TE [ben:0.131, ben:0.107, ben:0.107, ben:0.107, ben:0.107, MAL:0.119, ben:0.107, ben:0.107, ben:0.131, ben:0.119]  DDif [ben:0.112, ben:0.107, ben:0.106, ben:0.111, ben:0.110, MAL:0.321, ben:0.156, ben:0.083, ben:0.112, ben:0.161]  labels [0, -1, 0, 0, -1, -1, -1, -1, -1, -1]
14:36:21  INFO      attacks.chameleon_client — Chameleon client [83] round 40: optimising δ for 3334/6979 samples (ε=0.300, λ_sim=1.00, steps=100).
14:36:22  INFO      attacks.chameleon_client — Chameleon client [83] round 40: poisoned 3334/6979 samples (target=0, loss=0.2864, acc=0.907).
14:36:44  INFO      attacks.chameleon_client — Chameleon client [57] round 40: optimising δ for 3324/6979 samples (ε=0.300, λ_sim=1.00, steps=100).
14:36:45  INFO      attacks.chameleon_client — Chameleon client [57] round 40: poisoned 3324/6979 samples (target=0, loss=0.2438, acc=0.919).
14:36:45  INFO      defenses.deepsight — DeepSight: 0 / 10 flagged  |  TE [ben:0.107, MAL:0.107, ben:0.107, ben:0.095, ben:0.107, ben:0.107, ben:0.119, ben:0.107, ben:0.095, MAL:0.095]  DDif [ben:0.131, MAL:0.218, ben:0.108, ben:0.184, ben:0.125, ben:0.128, ben:0.108, ben:0.105, ben:0.154, MAL:0.366]  labels [-1, -1, 0, -1, 0, -1, -1, -1, -1, -1]
14:37:18  INFO      experiment.runner — Round   41/150  |  acc:  84.40%  loss: 0.4428  |  ASR:   2.60%  asr_loss: nan  |  TPR: 0.0%  FPR: 0.0%  |  mF1: 68.2%
14:37:28  INFO      attacks.chameleon_client — Chameleon client [8] round 41: optimising δ for 3320/6980 samples (ε=0.300, λ_sim=1.00, steps=100).
14:37:29  INFO      attacks.chameleon_client — Chameleon client [8] round 41: poisoned 3320/6980 samples (target=0, loss=0.2618, acc=0.916).
14:37:41  INFO      attacks.chameleon_client — Chameleon client [32] round 41: optimising δ for 3310/6979 samples (ε=0.300, λ_sim=1.00, steps=100).
14:37:42  INFO      attacks.chameleon_client — Chameleon client [32] round 41: poisoned 3310/6979 samples (target=0, loss=0.2591, acc=0.914).
14:37:48  INFO      defenses.deepsight — DeepSight: 0 / 10 flagged  |  TE [ben:0.119, ben:0.107, ben:0.107, MAL:0.107, ben:0.095, ben:0.095, ben:0.107, MAL:0.107, ben:0.107, ben:0.107]  DDif [ben:0.097, ben:0.197, ben:0.128, MAL:0.267, ben:0.082, ben:0.113, ben:0.104, MAL:0.206, ben:0.109, ben:0.083]  labels [-1, -1, -1, -1, 0, -1, 0, -1, -1, -1]
14:37:57  INFO      attacks.chameleon_client — Chameleon client [60] round 42: optimising δ for 3324/6979 samples (ε=0.300, λ_sim=1.00, steps=100).
14:37:58  INFO      attacks.chameleon_client — Chameleon client [60] round 42: poisoned 3324/6979 samples (target=0, loss=0.2626, acc=0.910).
14:38:15  INFO      defenses.deepsight — DeepSight: 0 / 10 flagged  |  TE [ben:0.107, ben:0.107, ben:0.119, MAL:0.107, ben:0.119, ben:0.107, ben:0.119, ben:0.119, ben:0.107, ben:0.107]  DDif [ben:0.099, ben:0.122, ben:0.108, MAL:0.269, ben:0.113, ben:0.089, ben:0.082, ben:0.079, ben:0.146, ben:0.127]  labels [0, -1, 0, -1, 0, -1, 0, -1, -1, -1]
14:38:38  INFO      attacks.chameleon_client — Chameleon client [57] round 43: optimising δ for 3324/6979 samples (ε=0.300, λ_sim=1.00, steps=100).
14:38:39  INFO      attacks.chameleon_client — Chameleon client [57] round 43: poisoned 3324/6979 samples (target=0, loss=0.2370, acc=0.918).
14:38:41  INFO      attacks.chameleon_client — Chameleon client [83] round 43: optimising δ for 3334/6979 samples (ε=0.300, λ_sim=1.00, steps=100).
14:38:42  INFO      attacks.chameleon_client — Chameleon client [83] round 43: poisoned 3334/6979 samples (target=0, loss=0.2573, acc=0.915).
14:38:45  INFO      defenses.deepsight — DeepSight: 0 / 10 flagged  |  TE [ben:0.119, ben:0.095, ben:0.107, ben:0.119, ben:0.107, ben:0.095, ben:0.107, MAL:0.107, MAL:0.107, ben:0.107]  DDif [ben:0.121, ben:0.084, ben:0.076, ben:0.076, ben:0.137, ben:0.133, ben:0.138, MAL:0.138, MAL:0.149, ben:0.088]  labels [0, 0, 0, 0, 0, 0, 0, 0, 0, 0]
14:39:10  INFO      defenses.deepsight — DeepSight: 0 / 10 flagged  |  TE [ben:0.107, ben:0.119, ben:0.119, ben:0.119, ben:0.095, ben:0.131, ben:0.107, ben:0.107, ben:0.119, ben:0.107]  DDif [ben:0.091, ben:0.100, ben:0.073, ben:0.090, ben:0.079, ben:0.083, ben:0.176, ben:0.096, ben:0.112, ben:0.090]  labels [-1, 0, -1, 0, -1, 0, -1, -1, -1, -1]
14:39:40  INFO      defenses.deepsight — DeepSight: 0 / 10 flagged  |  TE [ben:0.119, ben:0.119, ben:0.107, ben:0.107, ben:0.107, ben:0.107, ben:0.119, ben:0.107, ben:0.107, ben:0.107]  DDif [ben:0.121, ben:0.080, ben:0.090, ben:0.097, ben:0.128, ben:0.096, ben:0.132, ben:0.082, ben:0.084, ben:0.107]  labels [0, 0, 0, -1, 0, 0, -1, 0, 0, 0]
14:40:05  INFO      defenses.deepsight — DeepSight: 0 / 10 flagged  |  TE [ben:0.107, ben:0.107, ben:0.119, ben:0.107, ben:0.107, ben:0.119, ben:0.119, ben:0.095, ben:0.131, ben:0.107]  DDif [ben:0.113, ben:0.098, ben:0.082, ben:0.097, ben:0.077, ben:0.082, ben:0.108, ben:0.134, ben:0.094, ben:0.123]  labels [-1, -1, 0, -1, 0, 0, -1, -1, -1, -1]
14:40:12  INFO      attacks.chameleon_client — Chameleon client [63] round 47: optimising δ for 3320/6979 samples (ε=0.300, λ_sim=1.00, steps=100).
14:40:13  INFO      attacks.chameleon_client — Chameleon client [63] round 47: poisoned 3320/6979 samples (target=0, loss=0.2714, acc=0.909).
14:40:15  INFO      attacks.chameleon_client — Chameleon client [60] round 47: optimising δ for 3324/6979 samples (ε=0.300, λ_sim=1.00, steps=100).
14:40:16  INFO      attacks.chameleon_client — Chameleon client [60] round 47: poisoned 3324/6979 samples (target=0, loss=0.2528, acc=0.916).
14:40:33  INFO      defenses.deepsight — DeepSight: 0 / 10 flagged  |  TE [ben:0.107, ben:0.095, MAL:0.119, MAL:0.095, ben:0.107, ben:0.095, ben:0.119, ben:0.107, ben:0.107, ben:0.107]  DDif [ben:0.118, ben:0.106, MAL:0.211, MAL:0.153, ben:0.099, ben:0.069, ben:0.052, ben:0.093, ben:0.101, ben:0.135]  labels [0, -1, -1, 0, 0, -1, 0, 0, 0, 0]
14:40:59  INFO      defenses.deepsight — DeepSight: 0 / 10 flagged  |  TE [ben:0.095, ben:0.107, ben:0.107, ben:0.107, ben:0.107, ben:0.095, ben:0.119, ben:0.095, ben:0.119, ben:0.107]  DDif [ben:0.095, ben:0.066, ben:0.146, ben:0.085, ben:0.095, ben:0.115, ben:0.065, ben:0.072, ben:0.112, ben:0.095]  labels [-1, 0, -1, -1, -1, -1, -1, -1, -1, 0]
14:41:26  INFO      defenses.deepsight — DeepSight: 0 / 10 flagged  |  TE [ben:0.107, ben:0.119, ben:0.107, ben:0.107, ben:0.119, ben:0.107, ben:0.107, ben:0.131, ben:0.119, ben:0.107]  DDif [ben:0.101, ben:0.064, ben:0.169, ben:0.105, ben:0.058, ben:0.070, ben:0.058, ben:0.089, ben:0.070, ben:0.062]  labels [-1, -1, -1, -1, 0, 0, -1, -1, -1, 0]
14:41:51  INFO      defenses.deepsight — DeepSight: 0 / 10 flagged  |  TE [ben:0.095, ben:0.095, ben:0.095, ben:0.107, ben:0.095, ben:0.119, ben:0.119, ben:0.107, ben:0.095, ben:0.119]  DDif [ben:0.089, ben:0.081, ben:0.082, ben:0.084, ben:0.079, ben:0.116, ben:0.066, ben:0.106, ben:0.074, ben:0.078]  labels [-1, -1, 0, 0, -1, -1, -1, -1, -1, 0]
14:42:23  INFO      experiment.runner — Round   51/150  |  acc:  84.78%  loss: 0.4278  |  ASR:   3.20%  asr_loss: nan  |  FPR: 0.0%  |  mF1: 69.2%
14:42:42  INFO      attacks.chameleon_client — Chameleon client [32] round 51: optimising δ for 3310/6979 samples (ε=0.300, λ_sim=1.00, steps=100).
14:42:43  INFO      attacks.chameleon_client — Chameleon client [32] round 51: poisoned 3310/6979 samples (target=0, loss=0.2592, acc=0.910).
14:42:48  INFO      attacks.chameleon_client — Chameleon client [8] round 51: optimising δ for 3320/6980 samples (ε=0.300, λ_sim=1.00, steps=100).
14:42:49  INFO      attacks.chameleon_client — Chameleon client [8] round 51: poisoned 3320/6980 samples (target=0, loss=0.2574, acc=0.914).
14:42:52  INFO      defenses.deepsight — DeepSight: 0 / 10 flagged  |  TE [ben:0.107, ben:0.107, ben:0.107, ben:0.107, ben:0.095, ben:0.107, MAL:0.107, ben:0.119, MAL:0.107, ben:0.107]  DDif [ben:0.173, ben:0.068, ben:0.114, ben:0.114, ben:0.098, ben:0.065, MAL:0.150, ben:0.107, MAL:0.178, ben:0.138]  labels [0, -1, 0, 0, 0, 0, 0, 0, 0, 0]
14:42:54  INFO      attacks.chameleon_client — Chameleon client [57] round 52: optimising δ for 3324/6979 samples (ε=0.300, λ_sim=1.00, steps=100).
14:42:55  INFO      attacks.chameleon_client — Chameleon client [57] round 52: poisoned 3324/6979 samples (target=0, loss=0.2318, acc=0.921).
14:43:02  INFO      attacks.chameleon_client — Chameleon client [32] round 52: optimising δ for 3310/6979 samples (ε=0.300, λ_sim=1.00, steps=100).
14:43:03  INFO      attacks.chameleon_client — Chameleon client [32] round 52: poisoned 3310/6979 samples (target=0, loss=0.2634, acc=0.915).
14:43:18  INFO      defenses.deepsight — DeepSight: 0 / 10 flagged  |  TE [MAL:0.119, ben:0.083, ben:0.119, MAL:0.095, ben:0.107, ben:0.107, ben:0.107, ben:0.107, ben:0.107, ben:0.107]  DDif [MAL:0.186, ben:0.089, ben:0.079, MAL:0.161, ben:0.046, ben:0.095, ben:0.068, ben:0.093, ben:0.079, ben:0.063]  labels [-1, -1, 0, -1, -1, -1, -1, 0, -1, 0]
14:43:45  INFO      defenses.deepsight — DeepSight: 0 / 10 flagged  |  TE [ben:0.107, ben:0.107, ben:0.107, ben:0.119, ben:0.107, ben:0.107, ben:0.119, ben:0.107, ben:0.119, ben:0.107]  DDif [ben:0.066, ben:0.068, ben:0.072, ben:0.140, ben:0.096, ben:0.089, ben:0.087, ben:0.070, ben:0.072, ben:0.108]  labels [-1, 0, -1, -1, -1, -1, -1, 0, 0, -1]
14:43:56  INFO      attacks.chameleon_client — Chameleon client [17] round 54: optimising δ for 3302/6980 samples (ε=0.300, λ_sim=1.00, steps=100).
14:43:57  INFO      attacks.chameleon_client — Chameleon client [17] round 54: poisoned 3302/6980 samples (target=0, loss=0.2372, acc=0.917).
14:44:13  INFO      attacks.chameleon_client — Chameleon client [72] round 54: optimising δ for 3331/6979 samples (ε=0.300, λ_sim=1.00, steps=100).
14:44:14  INFO      attacks.chameleon_client — Chameleon client [72] round 54: poisoned 3331/6979 samples (target=0, loss=0.2435, acc=0.920).
14:44:14  INFO      defenses.deepsight — DeepSight: 0 / 10 flagged  |  TE [ben:0.119, ben:0.131, ben:0.107, MAL:0.095, ben:0.107, ben:0.119, ben:0.119, ben:0.107, ben:0.107, MAL:0.119]  DDif [ben:0.151, ben:0.092, ben:0.062, MAL:0.115, ben:0.048, ben:0.057, ben:0.053, ben:0.090, ben:0.079, MAL:0.092]  labels [-1, 0, 0, -1, 0, 0, -1, -1, 0, -1]
14:44:40  INFO      defenses.deepsight — DeepSight: 0 / 10 flagged  |  TE [ben:0.119, ben:0.107, ben:0.107, ben:0.107, ben:0.095, ben:0.107, ben:0.107, ben:0.107, ben:0.095, ben:0.095]  DDif [ben:0.110, ben:0.076, ben:0.118, ben:0.093, ben:0.099, ben:0.114, ben:0.053, ben:0.118, ben:0.079, ben:0.103]  labels [-1, -1, 0, -1, 0, -1, -1, 0, -1, 0]
14:44:42  INFO      attacks.chameleon_client — Chameleon client [83] round 56: optimising δ for 3334/6979 samples (ε=0.300, λ_sim=1.00, steps=100).
14:44:44  INFO      attacks.chameleon_client — Chameleon client [83] round 56: poisoned 3334/6979 samples (target=0, loss=0.2509, acc=0.914).
14:45:07  INFO      attacks.chameleon_client — Chameleon client [63] round 56: optimising δ for 3320/6979 samples (ε=0.300, λ_sim=1.00, steps=100).
14:45:08  INFO      attacks.chameleon_client — Chameleon client [63] round 56: poisoned 3320/6979 samples (target=0, loss=0.2662, acc=0.909).
14:45:12  INFO      defenses.deepsight — DeepSight: 0 / 10 flagged  |  TE [MAL:0.107, ben:0.131, ben:0.119, ben:0.107, ben:0.095, ben:0.095, ben:0.143, ben:0.107, MAL:0.107, ben:0.107]  DDif [MAL:0.077, ben:0.091, ben:0.100, ben:0.067, ben:0.102, ben:0.055, ben:0.085, ben:0.084, MAL:0.072, ben:0.061]  labels [0, -1, -1, -1, -1, -1, -1, 0, 0, -1]
14:45:31  INFO      attacks.chameleon_client — Chameleon client [83] round 57: optimising δ for 3334/6979 samples (ε=0.300, λ_sim=1.00, steps=100).
14:45:32  INFO      attacks.chameleon_client — Chameleon client [83] round 57: poisoned 3334/6979 samples (target=0, loss=0.2456, acc=0.918).
14:45:37  INFO      defenses.deepsight — DeepSight: 0 / 10 flagged  |  TE [ben:0.095, ben:0.119, ben:0.119, ben:0.095, ben:0.107, ben:0.107, ben:0.107, MAL:0.107, ben:0.119, ben:0.107]  DDif [ben:0.068, ben:0.115, ben:0.056, ben:0.063, ben:0.075, ben:0.054, ben:0.044, MAL:0.069, ben:0.106, ben:0.064]  labels [-1, -1, 0, -1, -1, 0, -1, -1, -1, -1]
14:45:46  INFO      attacks.chameleon_client — Chameleon client [97] round 58: optimising δ for 3315/6979 samples (ε=0.300, λ_sim=1.00, steps=100).
14:45:47  INFO      attacks.chameleon_client — Chameleon client [97] round 58: poisoned 3315/6979 samples (target=0, loss=0.2504, acc=0.918).
14:46:04  INFO      defenses.deepsight — DeepSight: 0 / 10 flagged  |  TE [ben:0.107, ben:0.131, ben:0.095, MAL:0.095, ben:0.107, ben:0.107, ben:0.107, ben:0.107, ben:0.107, ben:0.107]  DDif [ben:0.076, ben:0.060, ben:0.114, MAL:0.103, ben:0.070, ben:0.064, ben:0.071, ben:0.130, ben:0.099, ben:0.072]  labels [0, 0, 0, 0, 0, 0, 0, -1, 0, 0]
14:46:31  INFO      defenses.deepsight — DeepSight: 0 / 10 flagged  |  TE [ben:0.131, ben:0.095, ben:0.107, ben:0.107, ben:0.119, ben:0.107, ben:0.107, ben:0.107, ben:0.131, ben:0.119]  DDif [ben:0.089, ben:0.117, ben:0.107, ben:0.070, ben:0.083, ben:0.071, ben:0.086, ben:0.070, ben:0.054, ben:0.091]  labels [0, -1, -1, -1, 0, -1, 0, -1, -1, -1]
14:46:36  INFO      attacks.chameleon_client — Chameleon client [15] round 60: optimising δ for 3322/6980 samples (ε=0.300, λ_sim=1.00, steps=100).
14:46:37  INFO      attacks.chameleon_client — Chameleon client [15] round 60: poisoned 3322/6980 samples (target=0, loss=0.2426, acc=0.919).
14:46:57  INFO      attacks.chameleon_client — Chameleon client [32] round 60: optimising δ for 3310/6979 samples (ε=0.300, λ_sim=1.00, steps=100).
14:46:58  INFO      attacks.chameleon_client — Chameleon client [32] round 60: poisoned 3310/6979 samples (target=0, loss=0.2457, acc=0.917).
14:47:00  INFO      defenses.deepsight — DeepSight: 0 / 10 flagged  |  TE [ben:0.107, MAL:0.107, ben:0.107, ben:0.107, ben:0.107, ben:0.107, ben:0.095, ben:0.119, MAL:0.095, ben:0.119]  DDif [ben:0.092, MAL:0.135, ben:0.064, ben:0.089, ben:0.152, ben:0.120, ben:0.067, ben:0.111, MAL:0.208, ben:0.094]  labels [0, -1, -1, 0, -1, -1, -1, -1, -1, 0]
14:47:30  INFO      experiment.runner — Round   61/150  |  acc:  84.96%  loss: 0.4201  |  ASR:   4.60%  asr_loss: nan  |  TPR: 0.0%  FPR: 0.0%  |  mF1: 69.4%
14:47:35  INFO      attacks.chameleon_client — Chameleon client [72] round 61: optimising δ for 3331/6979 samples (ε=0.300, λ_sim=1.00, steps=100).
14:47:36  INFO      attacks.chameleon_client — Chameleon client [72] round 61: poisoned 3331/6979 samples (target=0, loss=0.2413, acc=0.921).
14:47:50  INFO      attacks.chameleon_client — Chameleon client [63] round 61: optimising δ for 3320/6979 samples (ε=0.300, λ_sim=1.00, steps=100).
14:47:51  INFO      attacks.chameleon_client — Chameleon client [63] round 61: poisoned 3320/6979 samples (target=0, loss=0.2435, acc=0.915).
14:48:01  INFO      defenses.deepsight — DeepSight: 0 / 10 flagged  |  TE [ben:0.107, MAL:0.119, ben:0.095, ben:0.107, ben:0.107, MAL:0.107, ben:0.119, ben:0.119, ben:0.131, ben:0.119]  DDif [ben:0.139, MAL:0.128, ben:0.106, ben:0.082, ben:0.057, MAL:0.111, ben:0.056, ben:0.075, ben:0.075, ben:0.063]  labels [-1, -1, -1, 0, -1, -1, -1, 0, -1, 0]
14:48:26  INFO      attacks.chameleon_client — Chameleon client [32] round 62: optimising δ for 3310/6979 samples (ε=0.300, λ_sim=1.00, steps=100).
14:48:27  INFO      attacks.chameleon_client — Chameleon client [32] round 62: poisoned 3310/6979 samples (target=0, loss=0.2342, acc=0.918).
14:48:27  INFO      defenses.deepsight — DeepSight: 0 / 10 flagged  |  TE [ben:0.119, ben:0.095, ben:0.095, ben:0.107, ben:0.107, ben:0.107, ben:0.095, ben:0.119, ben:0.107, MAL:0.095]  DDif [ben:0.075, ben:0.075, ben:0.064, ben:0.059, ben:0.049, ben:0.101, ben:0.061, ben:0.064, ben:0.097, MAL:0.182]  labels [-1, 0, -1, -1, -1, -1, 0, -1, -1, -1]
14:48:45  INFO      attacks.chameleon_client — Chameleon client [17] round 63: optimising δ for 3302/6980 samples (ε=0.300, λ_sim=1.00, steps=100).
14:48:46  INFO      attacks.chameleon_client — Chameleon client [17] round 63: poisoned 3302/6980 samples (target=0, loss=0.2313, acc=0.921).
14:48:55  INFO      defenses.deepsight — DeepSight: 0 / 10 flagged  |  TE [ben:0.107, ben:0.095, ben:0.107, ben:0.095, ben:0.107, MAL:0.119, ben:0.107, ben:0.119, ben:0.107, ben:0.095]  DDif [ben:0.089, ben:0.069, ben:0.090, ben:0.151, ben:0.089, MAL:0.069, ben:0.071, ben:0.065, ben:0.077, ben:0.061]  labels [-1, 0, 0, -1, -1, -1, 0, 0, -1, -1]
14:49:23  INFO      defenses.deepsight — DeepSight: 0 / 10 flagged  |  TE [ben:0.095, ben:0.119, ben:0.107, ben:0.107, ben:0.095, ben:0.107, ben:0.095, ben:0.107, ben:0.119, ben:0.131]  DDif [ben:0.090, ben:0.096, ben:0.069, ben:0.134, ben:0.197, ben:0.087, ben:0.092, ben:0.076, ben:0.088, ben:0.091]  labels [0, -1, -1, -1, -1, 0, 0, -1, 0, 0]
14:49:35  INFO      attacks.chameleon_client — Chameleon client [15] round 65: optimising δ for 3322/6980 samples (ε=0.300, λ_sim=1.00, steps=100).
14:49:37  INFO      attacks.chameleon_client — Chameleon client [15] round 65: poisoned 3322/6980 samples (target=0, loss=0.2436, acc=0.917).
14:49:52  INFO      defenses.deepsight — DeepSight: 0 / 10 flagged  |  TE [ben:0.119, ben:0.107, ben:0.119, MAL:0.119, ben:0.107, ben:0.107, ben:0.119, ben:0.107, ben:0.107, ben:0.107]  DDif [ben:0.046, ben:0.112, ben:0.063, MAL:0.120, ben:0.066, ben:0.091, ben:0.074, ben:0.042, ben:0.094, ben:0.073]  labels [0, -1, 0, -1, 0, 0, 0, -1, 0, 0]
14:50:19  INFO      defenses.deepsight — DeepSight: 0 / 10 flagged  |  TE [ben:0.119, ben:0.095, ben:0.119, ben:0.095, ben:0.143, ben:0.119, ben:0.119, ben:0.119, ben:0.119, ben:0.107]  DDif [ben:0.085, ben:0.115, ben:0.061, ben:0.107, ben:0.063, ben:0.063, ben:0.073, ben:0.074, ben:0.053, ben:0.068]  labels [-1, -1, 0, -1, 0, 0, 0, -1, -1, 0]
14:50:52  INFO      defenses.deepsight — DeepSight: 0 / 10 flagged  |  TE [ben:0.107, ben:0.119, ben:0.119, ben:0.119, ben:0.107, ben:0.095, ben:0.107, ben:0.107, ben:0.107, ben:0.107]  DDif [ben:0.054, ben:0.071, ben:0.089, ben:0.077, ben:0.095, ben:0.084, ben:0.090, ben:0.088, ben:0.082, ben:0.191]  labels [-1, -1, -1, -1, -1, 0, 0, -1, -1, -1]
14:51:09  INFO      attacks.chameleon_client — Chameleon client [32] round 68: optimising δ for 3310/6979 samples (ε=0.300, λ_sim=1.00, steps=100).
14:51:10  INFO      attacks.chameleon_client — Chameleon client [32] round 68: poisoned 3310/6979 samples (target=0, loss=0.2396, acc=0.916).
14:51:15  INFO      attacks.chameleon_client — Chameleon client [57] round 68: optimising δ for 3324/6979 samples (ε=0.300, λ_sim=1.00, steps=100).
14:51:16  INFO      attacks.chameleon_client — Chameleon client [57] round 68: poisoned 3324/6979 samples (target=0, loss=0.2221, acc=0.923).
14:51:19  INFO      defenses.deepsight — DeepSight: 0 / 10 flagged  |  TE [ben:0.107, ben:0.119, ben:0.107, ben:0.107, ben:0.107, ben:0.107, MAL:0.119, ben:0.095, MAL:0.107, ben:0.119]  DDif [ben:0.070, ben:0.079, ben:0.067, ben:0.054, ben:0.084, ben:0.048, MAL:0.136, ben:0.155, MAL:0.082, ben:0.108]  labels [0, 0, -1, -1, 0, 0, -1, -1, 0, -1]
14:51:31  INFO      attacks.chameleon_client — Chameleon client [15] round 69: optimising δ for 3322/6980 samples (ε=0.300, λ_sim=1.00, steps=100).
14:51:32  INFO      attacks.chameleon_client — Chameleon client [15] round 69: poisoned 3322/6980 samples (target=0, loss=0.2275, acc=0.921).
14:51:46  INFO      defenses.deepsight — DeepSight: 0 / 10 flagged  |  TE [ben:0.095, ben:0.095, ben:0.107, ben:0.107, MAL:0.107, ben:0.107, ben:0.107, ben:0.107, ben:0.107, ben:0.107]  DDif [ben:0.085, ben:0.084, ben:0.115, ben:0.115, MAL:0.079, ben:0.109, ben:0.068, ben:0.057, ben:0.090, ben:0.126]  labels [0, 0, 0, 0, -1, 0, 0, -1, 0, 0]
14:51:56  INFO      attacks.chameleon_client — Chameleon client [15] round 70: optimising δ for 3322/6980 samples (ε=0.300, λ_sim=1.00, steps=100).
14:51:57  INFO      attacks.chameleon_client — Chameleon client [15] round 70: poisoned 3322/6980 samples (target=0, loss=0.2391, acc=0.917).
14:52:01  INFO      attacks.chameleon_client — Chameleon client [72] round 70: optimising δ for 3331/6979 samples (ε=0.300, λ_sim=1.00, steps=100).
14:52:02  INFO      attacks.chameleon_client — Chameleon client [72] round 70: poisoned 3331/6979 samples (target=0, loss=0.2344, acc=0.921).
14:52:17  INFO      attacks.chameleon_client — Chameleon client [97] round 70: optimising δ for 3315/6979 samples (ε=0.300, λ_sim=1.00, steps=100).
14:52:19  INFO      attacks.chameleon_client — Chameleon client [97] round 70: poisoned 3315/6979 samples (target=0, loss=0.2348, acc=0.920).
14:52:19  INFO      defenses.deepsight — DeepSight: 0 / 10 flagged  |  TE [ben:0.119, ben:0.119, MAL:0.107, MAL:0.107, ben:0.095, ben:0.119, ben:0.095, ben:0.095, ben:0.119, MAL:0.107]  DDif [ben:0.063, ben:0.090, MAL:0.160, MAL:0.088, ben:0.067, ben:0.115, ben:0.082, ben:0.070, ben:0.083, MAL:0.080]  labels [-1, -1, -1, -1, -1, -1, -1, 0, 0, 0]
14:52:52  INFO      experiment.runner — Round   71/150  |  acc:  85.16%  loss: 0.4133  |  ASR:   4.80%  asr_loss: nan  |  TPR: 0.0%  FPR: 0.0%  |  mF1: 70.0%
14:52:57  INFO      attacks.chameleon_client — Chameleon client [83] round 71: optimising δ for 3334/6979 samples (ε=0.300, λ_sim=1.00, steps=100).
14:52:58  INFO      attacks.chameleon_client — Chameleon client [83] round 71: poisoned 3334/6979 samples (target=0, loss=0.2322, acc=0.917).
14:53:00  INFO      attacks.chameleon_client — Chameleon client [17] round 71: optimising δ for 3302/6980 samples (ε=0.300, λ_sim=1.00, steps=100).
14:53:01  INFO      attacks.chameleon_client — Chameleon client [17] round 71: poisoned 3302/6980 samples (target=0, loss=0.2358, acc=0.919).
14:53:19  INFO      defenses.deepsight — DeepSight: 0 / 10 flagged  |  TE [ben:0.119, MAL:0.119, MAL:0.131, ben:0.107, ben:0.119, ben:0.107, ben:0.107, ben:0.095, ben:0.107, ben:0.107]  DDif [ben:0.110, MAL:0.081, MAL:0.111, ben:0.065, ben:0.064, ben:0.072, ben:0.059, ben:0.051, ben:0.081, ben:0.047]  labels [-1, 0, 0, 0, 0, -1, 0, 0, 0, -1]
14:53:23  INFO      attacks.chameleon_client — Chameleon client [97] round 72: optimising δ for 3315/6979 samples (ε=0.300, λ_sim=1.00, steps=100).
14:53:24  INFO      attacks.chameleon_client — Chameleon client [97] round 72: poisoned 3315/6979 samples (target=0, loss=0.2419, acc=0.921).
14:53:39  INFO      attacks.chameleon_client — Chameleon client [15] round 72: optimising δ for 3322/6980 samples (ε=0.300, λ_sim=1.00, steps=100).
14:53:40  INFO      attacks.chameleon_client — Chameleon client [15] round 72: poisoned 3322/6980 samples (target=0, loss=0.2156, acc=0.925).
14:53:48  INFO      attacks.chameleon_client — Chameleon client [57] round 72: optimising δ for 3324/6979 samples (ε=0.300, λ_sim=1.00, steps=100).
14:53:49  INFO      attacks.chameleon_client — Chameleon client [57] round 72: poisoned 3324/6979 samples (target=0, loss=0.2266, acc=0.922).
14:53:52  INFO      defenses.deepsight — DeepSight: 0 / 10 flagged  |  TE [ben:0.131, MAL:0.119, ben:0.107, ben:0.107, ben:0.107, MAL:0.119, ben:0.119, ben:0.107, MAL:0.095, ben:0.107]  DDif [ben:0.067, MAL:0.086, ben:0.069, ben:0.094, ben:0.068, MAL:0.099, ben:0.051, ben:0.091, MAL:0.099, ben:0.107]  labels [0, 0, 0, 0, 0, 0, 0, 0, 0, 0]
14:54:11  INFO      attacks.chameleon_client — Chameleon client [63] round 73: optimising δ for 3320/6979 samples (ε=0.300, λ_sim=1.00, steps=100).
14:54:12  INFO      attacks.chameleon_client — Chameleon client [63] round 73: poisoned 3320/6979 samples (target=0, loss=0.2421, acc=0.914).
14:54:17  INFO      defenses.deepsight — DeepSight: 0 / 10 flagged  |  TE [ben:0.119, ben:0.107, ben:0.119, ben:0.107, ben:0.119, ben:0.095, ben:0.095, MAL:0.095, ben:0.119, ben:0.107]  DDif [ben:0.062, ben:0.053, ben:0.084, ben:0.091, ben:0.053, ben:0.088, ben:0.058, MAL:0.120, ben:0.047, ben:0.086]  labels [0, 0, 0, 0, 0, 0, 0, -1, 0, 0]
14:54:44  INFO      defenses.deepsight — DeepSight: 0 / 10 flagged  |  TE [ben:0.119, ben:0.107, ben:0.107, ben:0.107, ben:0.107, ben:0.095, ben:0.107, ben:0.095, ben:0.107, ben:0.107]  DDif [ben:0.079, ben:0.077, ben:0.078, ben:0.092, ben:0.052, ben:0.052, ben:0.071, ben:0.062, ben:0.155, ben:0.057]  labels [0, 0, -1, -1, -1, -1, -1, -1, -1, -1]
14:55:11  INFO      defenses.deepsight — DeepSight: 0 / 10 flagged  |  TE [ben:0.131, ben:0.095, ben:0.107, ben:0.107, ben:0.107, ben:0.107, ben:0.107, ben:0.107, ben:0.107, ben:0.107]  DDif [ben:0.120, ben:0.063, ben:0.053, ben:0.054, ben:0.062, ben:0.050, ben:0.057, ben:0.085, ben:0.069, ben:0.088]  labels [-1, -1, -1, -1, -1, 0, 0, -1, -1, -1]
14:55:17  INFO      attacks.chameleon_client — Chameleon client [57] round 76: optimising δ for 3324/6979 samples (ε=0.300, λ_sim=1.00, steps=100).
14:55:18  INFO      attacks.chameleon_client — Chameleon client [57] round 76: poisoned 3324/6979 samples (target=0, loss=0.2164, acc=0.926).
14:55:40  INFO      defenses.deepsight — DeepSight: 0 / 10 flagged  |  TE [ben:0.107, MAL:0.095, ben:0.107, ben:0.119, ben:0.119, ben:0.107, ben:0.107, ben:0.095, ben:0.119, ben:0.107]  DDif [ben:0.071, MAL:0.058, ben:0.076, ben:0.055, ben:0.063, ben:0.055, ben:0.065, ben:0.104, ben:0.101, ben:0.108]  labels [0, 0, 0, 0, 0, 0, 0, 0, 0, 0]
14:56:02  INFO      attacks.chameleon_client — Chameleon client [8] round 77: optimising δ for 3320/6980 samples (ε=0.300, λ_sim=1.00, steps=100).
14:56:03  INFO      attacks.chameleon_client — Chameleon client [8] round 77: poisoned 3320/6980 samples (target=0, loss=0.2519, acc=0.918).
14:56:05  INFO      attacks.chameleon_client — Chameleon client [63] round 77: optimising δ for 3320/6979 samples (ε=0.300, λ_sim=1.00, steps=100).
14:56:06  INFO      attacks.chameleon_client — Chameleon client [63] round 77: poisoned 3320/6979 samples (target=0, loss=0.2532, acc=0.912).
14:56:06  INFO      defenses.deepsight — DeepSight: 0 / 10 flagged  |  TE [ben:0.119, ben:0.107, ben:0.131, ben:0.107, ben:0.107, ben:0.095, ben:0.107, ben:0.107, MAL:0.107, MAL:0.095]  DDif [ben:0.190, ben:0.171, ben:0.053, ben:0.229, ben:0.067, ben:0.063, ben:0.053, ben:0.076, MAL:0.079, MAL:0.100]  labels [0, 0, 0, -1, 0, 0, 0, 0, 0, 0]
14:56:16  INFO      attacks.chameleon_client — Chameleon client [83] round 78: optimising δ for 3334/6979 samples (ε=0.300, λ_sim=1.00, steps=100).
14:56:17  INFO      attacks.chameleon_client — Chameleon client [83] round 78: poisoned 3334/6979 samples (target=0, loss=0.2388, acc=0.916).
14:56:35  INFO      defenses.deepsight — DeepSight: 0 / 10 flagged  |  TE [ben:0.119, ben:0.107, ben:0.107, MAL:0.119, ben:0.119, ben:0.095, ben:0.107, ben:0.107, ben:0.119, ben:0.095]  DDif [ben:0.046, ben:0.051, ben:0.093, MAL:0.076, ben:0.094, ben:0.075, ben:0.057, ben:0.063, ben:0.078, ben:0.148]  labels [-1, 0, -1, 0, -1, 0, 0, 0, 0, -1]
14:57:00  INFO      defenses.deepsight — DeepSight: 0 / 10 flagged  |  TE [ben:0.107, ben:0.107, ben:0.095, ben:0.095, ben:0.131, ben:0.107, ben:0.119, ben:0.095, ben:0.119, ben:0.107]  DDif [ben:0.054, ben:0.064, ben:0.063, ben:0.111, ben:0.066, ben:0.139, ben:0.087, ben:0.090, ben:0.058, ben:0.064]  labels [-1, 0, 0, -1, -1, -1, -1, -1, -1, -1]
14:57:27  INFO      defenses.deepsight — DeepSight: 0 / 10 flagged  |  TE [ben:0.119, ben:0.107, ben:0.119, ben:0.107, ben:0.095, ben:0.107, ben:0.107, ben:0.107, ben:0.119, ben:0.107]  DDif [ben:0.077, ben:0.080, ben:0.045, ben:0.145, ben:0.110, ben:0.067, ben:0.107, ben:0.082, ben:0.109, ben:0.070]  labels [0, 0, -1, -1, 0, 0, 0, 0, 0, 0]
14:57:59  INFO      experiment.runner — Round   81/150  |  acc:  85.32%  loss: 0.4077  |  ASR:   4.20%  asr_loss: nan  |  FPR: 0.0%  |  mF1: 69.9%
14:58:23  INFO      attacks.chameleon_client — Chameleon client [8] round 81: optimising δ for 3320/6980 samples (ε=0.300, λ_sim=1.00, steps=100).
14:58:24  INFO      attacks.chameleon_client — Chameleon client [8] round 81: poisoned 3320/6980 samples (target=0, loss=0.2384, acc=0.923).
14:58:27  INFO      defenses.deepsight — DeepSight: 0 / 10 flagged  |  TE [ben:0.107, ben:0.107, ben:0.119, ben:0.095, ben:0.107, ben:0.095, ben:0.119, ben:0.119, MAL:0.107, ben:0.119]  DDif [ben:0.050, ben:0.079, ben:0.058, ben:0.094, ben:0.117, ben:0.058, ben:0.114, ben:0.130, MAL:0.081, ben:0.066]  labels [0, 0, 0, 0, 0, 0, 0, 0, 0, 0]
14:58:29  INFO      attacks.chameleon_client — Chameleon client [8] round 82: optimising δ for 3320/6980 samples (ε=0.300, λ_sim=1.00, steps=100).
14:58:30  INFO      attacks.chameleon_client — Chameleon client [8] round 82: poisoned 3320/6980 samples (target=0, loss=0.2465, acc=0.919).
14:58:53  INFO      defenses.deepsight — DeepSight: 0 / 10 flagged  |  TE [MAL:0.107, ben:0.107, ben:0.107, ben:0.107, ben:0.131, ben:0.107, ben:0.107, ben:0.119, ben:0.107, ben:0.107]  DDif [MAL:0.074, ben:0.063, ben:0.096, ben:0.064, ben:0.047, ben:0.057, ben:0.074, ben:0.128, ben:0.099, ben:0.089]  labels [-1, -1, -1, -1, -1, 0, 0, -1, -1, -1]
14:59:22  INFO      defenses.deepsight — DeepSight: 0 / 10 flagged  |  TE [ben:0.119, ben:0.119, ben:0.095, ben:0.107, ben:0.107, ben:0.095, ben:0.095, ben:0.119, ben:0.119, ben:0.095]  DDif [ben:0.054, ben:0.108, ben:0.074, ben:0.068, ben:0.076, ben:0.088, ben:0.047, ben:0.094, ben:0.066, ben:0.061]  labels [0, -1, 0, 0, 0, -1, -1, -1, -1, 0]
14:59:27  INFO      attacks.chameleon_client — Chameleon client [8] round 84: optimising δ for 3320/6980 samples (ε=0.300, λ_sim=1.00, steps=100).
14:59:28  INFO      attacks.chameleon_client — Chameleon client [8] round 84: poisoned 3320/6980 samples (target=0, loss=0.2340, acc=0.922).
14:59:48  INFO      defenses.deepsight — DeepSight: 0 / 10 flagged  |  TE [ben:0.119, MAL:0.107, ben:0.107, ben:0.107, ben:0.095, ben:0.119, ben:0.107, ben:0.107, ben:0.119, ben:0.107]  DDif [ben:0.096, MAL:0.128, ben:0.066, ben:0.159, ben:0.056, ben:0.069, ben:0.064, ben:0.054, ben:0.059, ben:0.122]  labels [0, 0, 0, -1, 0, 0, 0, 0, 0, 0]
15:00:00  INFO      attacks.chameleon_client — Chameleon client [83] round 85: optimising δ for 3334/6979 samples (ε=0.300, λ_sim=1.00, steps=100).
15:00:01  INFO      attacks.chameleon_client — Chameleon client [83] round 85: poisoned 3334/6979 samples (target=0, loss=0.2179, acc=0.924).
15:00:15  INFO      defenses.deepsight — DeepSight: 0 / 10 flagged  |  TE [ben:0.095, ben:0.119, ben:0.107, ben:0.107, MAL:0.095, ben:0.131, ben:0.107, ben:0.107, ben:0.095, ben:0.119]  DDif [ben:0.075, ben:0.137, ben:0.054, ben:0.078, MAL:0.119, ben:0.093, ben:0.075, ben:0.076, ben:0.052, ben:0.067]  labels [0, -1, -1, 0, -1, -1, -1, -1, -1, -1]
15:00:42  INFO      defenses.deepsight — DeepSight: 0 / 10 flagged  |  TE [ben:0.095, ben:0.107, ben:0.095, ben:0.107, ben:0.107, ben:0.107, ben:0.119, ben:0.095, ben:0.107, ben:0.107]  DDif [ben:0.087, ben:0.144, ben:0.055, ben:0.055, ben:0.074, ben:0.152, ben:0.219, ben:0.083, ben:0.081, ben:0.069]  labels [-1, -1, 0, -1, 0, -1, -1, -1, -1, -1]
15:01:07  INFO      defenses.deepsight — DeepSight: 0 / 10 flagged  |  TE [ben:0.107, ben:0.107, ben:0.107, ben:0.119, ben:0.107, ben:0.107, ben:0.107, ben:0.107, ben:0.107, ben:0.107]  DDif [ben:0.075, ben:0.054, ben:0.070, ben:0.098, ben:0.064, ben:0.033, ben:0.081, ben:0.120, ben:0.178, ben:0.047]  labels [-1, 0, -1, -1, 0, -1, -1, -1, -1, -1]
15:01:14  INFO      attacks.chameleon_client — Chameleon client [97] round 88: optimising δ for 3315/6979 samples (ε=0.300, λ_sim=1.00, steps=100).
15:01:15  INFO      attacks.chameleon_client — Chameleon client [97] round 88: poisoned 3315/6979 samples (target=0, loss=0.2210, acc=0.927).
15:01:34  INFO      defenses.deepsight — DeepSight: 0 / 10 flagged  |  TE [ben:0.119, ben:0.107, MAL:0.107, ben:0.119, ben:0.119, ben:0.095, ben:0.107, ben:0.095, ben:0.107, ben:0.119]  DDif [ben:0.191, ben:0.064, MAL:0.077, ben:0.052, ben:0.086, ben:0.073, ben:0.071, ben:0.091, ben:0.066, ben:0.067]  labels [-1, 0, -1, -1, -1, 0, -1, 0, 0, 0]
15:02:00  INFO      attacks.chameleon_client — Chameleon client [17] round 89: optimising δ for 3302/6980 samples (ε=0.300, λ_sim=1.00, steps=100).
15:02:01  INFO      attacks.chameleon_client — Chameleon client [17] round 89: poisoned 3302/6980 samples (target=0, loss=0.2441, acc=0.918).
15:02:01  INFO      defenses.deepsight — DeepSight: 0 / 10 flagged  |  TE [ben:0.119, ben:0.107, ben:0.119, ben:0.119, ben:0.107, ben:0.119, ben:0.107, ben:0.095, ben:0.107, MAL:0.107]  DDif [ben:0.051, ben:0.103, ben:0.093, ben:0.109, ben:0.075, ben:0.054, ben:0.110, ben:0.050, ben:0.161, MAL:0.084]  labels [0, 0, 0, 0, 0, 0, 0, 0, -1, 0]
15:02:08  INFO      attacks.chameleon_client — Chameleon client [17] round 90: optimising δ for 3302/6980 samples (ε=0.300, λ_sim=1.00, steps=100).
15:02:09  INFO      attacks.chameleon_client — Chameleon client [17] round 90: poisoned 3302/6980 samples (target=0, loss=0.2293, acc=0.918).
15:02:30  INFO      defenses.deepsight — DeepSight: 0 / 10 flagged  |  TE [ben:0.119, MAL:0.107, ben:0.095, ben:0.107, ben:0.095, ben:0.107, ben:0.107, ben:0.107, ben:0.107, ben:0.107]  DDif [ben:0.052, MAL:0.088, ben:0.102, ben:0.110, ben:0.109, ben:0.086, ben:0.066, ben:0.104, ben:0.100, ben:0.056]  labels [0, 0, 0, 0, 0, 0, 0, 0, 0, 0]
15:03:00  INFO      experiment.runner — Round   91/150  |  acc:  85.48%  loss: 0.4035  |  ASR:   3.20%  asr_loss: nan  |  TPR: 0.0%  FPR: 0.0%  |  mF1: 70.7%
15:03:16  INFO      attacks.chameleon_client — Chameleon client [8] round 91: optimising δ for 3320/6980 samples (ε=0.300, λ_sim=1.00, steps=100).
15:03:17  INFO      attacks.chameleon_client — Chameleon client [8] round 91: poisoned 3320/6980 samples (target=0, loss=0.2285, acc=0.922).
15:03:30  INFO      attacks.chameleon_client — Chameleon client [63] round 91: optimising δ for 3320/6979 samples (ε=0.300, λ_sim=1.00, steps=100).
15:03:31  INFO      attacks.chameleon_client — Chameleon client [63] round 91: poisoned 3320/6979 samples (target=0, loss=0.2410, acc=0.915).
15:03:31  INFO      defenses.deepsight — DeepSight: 0 / 10 flagged  |  TE [ben:0.119, ben:0.107, ben:0.107, ben:0.119, MAL:0.107, ben:0.107, ben:0.119, ben:0.107, ben:0.119, MAL:0.107]  DDif [ben:0.083, ben:0.088, ben:0.154, ben:0.062, MAL:0.064, ben:0.102, ben:0.051, ben:0.053, ben:0.119, MAL:0.077]  labels [-1, 0, -1, -1, 0, -1, -1, -1, -1, 0]
15:03:57  INFO      defenses.deepsight — DeepSight: 0 / 10 flagged  |  TE [ben:0.119, ben:0.107, ben:0.107, ben:0.107, ben:0.107, ben:0.107, ben:0.107, ben:0.131, ben:0.107, ben:0.119]  DDif [ben:0.103, ben:0.111, ben:0.060, ben:0.090, ben:0.065, ben:0.056, ben:0.070, ben:0.064, ben:0.054, ben:0.120]  labels [0, 0, 0, 0, 0, 0, 0, 0, 0, -1]
15:04:01  INFO      attacks.chameleon_client — Chameleon client [63] round 93: optimising δ for 3320/6979 samples (ε=0.300, λ_sim=1.00, steps=100).
15:04:02  INFO      attacks.chameleon_client — Chameleon client [63] round 93: poisoned 3320/6979 samples (target=0, loss=0.2398, acc=0.915).
15:04:24  INFO      attacks.chameleon_client — Chameleon client [15] round 93: optimising δ for 3322/6980 samples (ε=0.300, λ_sim=1.00, steps=100).
15:04:25  INFO      attacks.chameleon_client — Chameleon client [15] round 93: poisoned 3322/6980 samples (target=0, loss=0.2383, acc=0.920).
15:04:25  INFO      defenses.deepsight — DeepSight: 0 / 10 flagged  |  TE [MAL:0.119, ben:0.107, ben:0.107, ben:0.107, ben:0.107, ben:0.095, ben:0.107, ben:0.095, ben:0.107, MAL:0.107]  DDif [MAL:0.085, ben:0.054, ben:0.061, ben:0.051, ben:0.055, ben:0.092, ben:0.089, ben:0.070, ben:0.079, MAL:0.083]  labels [-1, 0, 0, 0, 0, -1, 0, 0, 0, 0]
15:04:48  INFO      attacks.chameleon_client — Chameleon client [63] round 94: optimising δ for 3320/6979 samples (ε=0.300, λ_sim=1.00, steps=100).
15:04:49  INFO      attacks.chameleon_client — Chameleon client [63] round 94: poisoned 3320/6979 samples (target=0, loss=0.2345, acc=0.918).
15:04:54  INFO      attacks.chameleon_client — Chameleon client [57] round 94: optimising δ for 3324/6979 samples (ε=0.300, λ_sim=1.00, steps=100).
15:04:55  INFO      attacks.chameleon_client — Chameleon client [57] round 94: poisoned 3324/6979 samples (target=0, loss=0.2202, acc=0.925).
15:04:59  INFO      defenses.deepsight — DeepSight: 0 / 10 flagged  |  TE [ben:0.107, ben:0.107, ben:0.119, ben:0.095, ben:0.095, ben:0.095, ben:0.119, MAL:0.107, MAL:0.107, ben:0.107]  DDif [ben:0.056, ben:0.088, ben:0.074, ben:0.145, ben:0.045, ben:0.056, ben:0.067, MAL:0.115, MAL:0.077, ben:0.074]  labels [-1, -1, 0, -1, -1, -1, 0, -1, -1, 0]
15:05:24  INFO      defenses.deepsight — DeepSight: 0 / 10 flagged  |  TE [ben:0.107, ben:0.095, ben:0.119, ben:0.107, ben:0.107, ben:0.107, ben:0.107, ben:0.119, ben:0.107, ben:0.107]  DDif [ben:0.065, ben:0.080, ben:0.076, ben:0.095, ben:0.058, ben:0.051, ben:0.082, ben:0.067, ben:0.086, ben:0.078]  labels [-1, -1, -1, -1, -1, -1, 0, -1, -1, 0]
15:05:26  INFO      attacks.chameleon_client — Chameleon client [57] round 96: optimising δ for 3324/6979 samples (ε=0.300, λ_sim=1.00, steps=100).
15:05:27  INFO      attacks.chameleon_client — Chameleon client [57] round 96: poisoned 3324/6979 samples (target=0, loss=0.2029, acc=0.929).
15:05:37  INFO      attacks.chameleon_client — Chameleon client [63] round 96: optimising δ for 3320/6979 samples (ε=0.300, λ_sim=1.00, steps=100).
15:05:39  INFO      attacks.chameleon_client — Chameleon client [63] round 96: poisoned 3320/6979 samples (target=0, loss=0.2332, acc=0.917).
15:05:53  INFO      defenses.deepsight — DeepSight: 0 / 10 flagged  |  TE [MAL:0.107, ben:0.107, ben:0.131, ben:0.119, MAL:0.107, ben:0.107, ben:0.119, ben:0.095, ben:0.107, ben:0.095]  DDif [MAL:0.068, ben:0.041, ben:0.072, ben:0.096, MAL:0.044, ben:0.073, ben:0.085, ben:0.070, ben:0.066, ben:0.086]  labels [0, -1, -1, 0, -1, 0, 0, -1, -1, 0]
15:06:20  INFO      defenses.deepsight — DeepSight: 0 / 10 flagged  |  TE [ben:0.095, ben:0.107, ben:0.119, ben:0.107, ben:0.107, ben:0.107, ben:0.119, ben:0.107, ben:0.131, ben:0.119]  DDif [ben:0.129, ben:0.070, ben:0.058, ben:0.146, ben:0.074, ben:0.044, ben:0.132, ben:0.114, ben:0.103, ben:0.053]  labels [0, 0, 0, 0, 0, 0, 0, 0, 0, 0]
15:06:22  INFO      attacks.chameleon_client — Chameleon client [97] round 98: optimising δ for 3315/6979 samples (ε=0.300, λ_sim=1.00, steps=100).
15:06:23  INFO      attacks.chameleon_client — Chameleon client [97] round 98: poisoned 3315/6979 samples (target=0, loss=0.2120, acc=0.928).
15:06:47  INFO      defenses.deepsight — DeepSight: 0 / 10 flagged  |  TE [MAL:0.131, ben:0.119, ben:0.107, ben:0.107, ben:0.095, ben:0.095, ben:0.107, ben:0.107, ben:0.119, ben:0.107]  DDif [MAL:0.063, ben:0.094, ben:0.126, ben:0.090, ben:0.102, ben:0.083, ben:0.102, ben:0.053, ben:0.046, ben:0.124]  labels [0, 0, -1, 0, 0, -1, 0, 0, 0, 0]
15:06:49  INFO      attacks.chameleon_client — Chameleon client [72] round 99: optimising δ for 3331/6979 samples (ε=0.300, λ_sim=1.00, steps=100).
15:06:51  INFO      attacks.chameleon_client — Chameleon client [72] round 99: poisoned 3331/6979 samples (target=0, loss=0.2324, acc=0.923).
15:06:55  INFO      attacks.chameleon_client — Chameleon client [32] round 99: optimising δ for 3310/6979 samples (ε=0.300, λ_sim=1.00, steps=100).
15:06:56  INFO      attacks.chameleon_client — Chameleon client [32] round 99: poisoned 3310/6979 samples (target=0, loss=0.2382, acc=0.914).
15:07:06  INFO      attacks.chameleon_client — Chameleon client [83] round 99: optimising δ for 3334/6979 samples (ε=0.300, λ_sim=1.00, steps=100).
15:07:07  INFO      attacks.chameleon_client — Chameleon client [83] round 99: poisoned 3334/6979 samples (target=0, loss=0.2217, acc=0.925).
15:07:15  INFO      defenses.deepsight — DeepSight: 0 / 10 flagged  |  TE [MAL:0.119, ben:0.107, MAL:0.107, ben:0.107, ben:0.119, ben:0.119, MAL:0.107, ben:0.107, ben:0.095, ben:0.119]  DDif [MAL:0.106, ben:0.084, MAL:0.096, ben:0.081, ben:0.062, ben:0.118, MAL:0.146, ben:0.067, ben:0.069, ben:0.134]  labels [0, -1, 0, -1, -1, -1, -1, -1, -1, -1]
15:07:37  INFO      attacks.chameleon_client — Chameleon client [15] round 100: optimising δ for 3322/6980 samples (ε=0.300, λ_sim=1.00, steps=100).
15:07:38  INFO      attacks.chameleon_client — Chameleon client [15] round 100: poisoned 3322/6980 samples (target=0, loss=0.2278, acc=0.920).
15:07:43  INFO      defenses.deepsight — DeepSight: 0 / 10 flagged  |  TE [ben:0.119, ben:0.095, ben:0.119, ben:0.107, ben:0.107, ben:0.119, ben:0.119, MAL:0.107, ben:0.107, ben:0.107]  DDif [ben:0.062, ben:0.245, ben:0.079, ben:0.098, ben:0.060, ben:0.063, ben:0.067, MAL:0.084, ben:0.055, ben:0.074]  labels [-1, -1, -1, -1, -1, 0, 0, -1, 0, -1]
15:08:14  INFO      experiment.runner — Round  101/150  |  acc:  85.69%  loss: 0.3982  |  ASR:   3.20%  asr_loss: nan  |  TPR: 0.0%  FPR: 0.0%  |  mF1: 71.0%
15:08:21  INFO      attacks.chameleon_client — Chameleon client [63] round 101: optimising δ for 3320/6979 samples (ε=0.300, λ_sim=1.00, steps=100).
15:08:23  INFO      attacks.chameleon_client — Chameleon client [63] round 101: poisoned 3320/6979 samples (target=0, loss=0.2464, acc=0.913).
15:08:41  INFO      attacks.chameleon_client — Chameleon client [57] round 101: optimising δ for 3324/6979 samples (ε=0.300, λ_sim=1.00, steps=100).
15:08:42  INFO      attacks.chameleon_client — Chameleon client [57] round 101: poisoned 3324/6979 samples (target=0, loss=0.2146, acc=0.924).
15:08:42  INFO      defenses.deepsight — DeepSight: 0 / 10 flagged  |  TE [ben:0.131, ben:0.107, MAL:0.107, ben:0.131, ben:0.107, ben:0.107, ben:0.107, ben:0.107, ben:0.107, MAL:0.107]  DDif [ben:0.101, ben:0.063, MAL:0.138, ben:0.101, ben:0.100, ben:0.088, ben:0.116, ben:0.150, ben:0.093, MAL:0.100]  labels [-1, -1, -1, 0, -1, -1, -1, -1, 0, 0]
15:09:10  INFO      defenses.deepsight — DeepSight: 0 / 10 flagged  |  TE [ben:0.119, ben:0.131, ben:0.107, ben:0.119, ben:0.119, ben:0.095, ben:0.119, ben:0.107, ben:0.119, ben:0.119]  DDif [ben:0.082, ben:0.066, ben:0.091, ben:0.063, ben:0.084, ben:0.062, ben:0.033, ben:0.045, ben:0.179, ben:0.059]  labels [-1, -1, -1, 0, -1, -1, -1, 0, -1, 0]
15:09:37  INFO      defenses.deepsight — DeepSight: 0 / 10 flagged  |  TE [ben:0.107, ben:0.119, ben:0.107, ben:0.107, ben:0.107, ben:0.119, ben:0.107, ben:0.107, ben:0.119, ben:0.119]  DDif [ben:0.083, ben:0.099, ben:0.066, ben:0.057, ben:0.067, ben:0.073, ben:0.070, ben:0.095, ben:0.042, ben:0.064]  labels [-1, -1, 0, -1, 0, 0, -1, -1, -1, -1]
15:09:58  INFO      attacks.chameleon_client — Chameleon client [8] round 104: optimising δ for 3320/6980 samples (ε=0.300, λ_sim=1.00, steps=100).
15:10:00  INFO      attacks.chameleon_client — Chameleon client [8] round 104: poisoned 3320/6980 samples (target=0, loss=0.2305, acc=0.925).
15:10:02  INFO      defenses.deepsight — DeepSight: 0 / 10 flagged  |  TE [ben:0.107, ben:0.119, ben:0.107, ben:0.131, ben:0.095, ben:0.119, ben:0.107, ben:0.095, MAL:0.107, ben:0.119]  DDif [ben:0.050, ben:0.071, ben:0.076, ben:0.071, ben:0.062, ben:0.051, ben:0.056, ben:0.090, MAL:0.073, ben:0.071]  labels [-1, 0, -1, 0, 0, 0, 0, -1, 0, 0]
15:10:17  INFO      attacks.chameleon_client — Chameleon client [32] round 105: optimising δ for 3310/6979 samples (ε=0.300, λ_sim=1.00, steps=100).
15:10:18  INFO      attacks.chameleon_client — Chameleon client [32] round 105: poisoned 3310/6979 samples (target=0, loss=0.2352, acc=0.917).
15:10:31  INFO      defenses.deepsight — DeepSight: 0 / 10 flagged  |  TE [ben:0.107, ben:0.107, ben:0.107, ben:0.107, ben:0.095, MAL:0.119, ben:0.095, ben:0.107, ben:0.095, ben:0.095]  DDif [ben:0.047, ben:0.059, ben:0.096, ben:0.052, ben:0.073, MAL:0.060, ben:0.066, ben:0.097, ben:0.190, ben:0.107]  labels [-1, -1, -1, -1, 0, 0, -1, -1, -1, -1]
15:10:52  INFO      attacks.chameleon_client — Chameleon client [60] round 106: optimising δ for 3324/6979 samples (ε=0.300, λ_sim=1.00, steps=100).
15:10:53  INFO      attacks.chameleon_client — Chameleon client [60] round 106: poisoned 3324/6979 samples (target=0, loss=0.2081, acc=0.925).
15:10:58  INFO      defenses.deepsight — DeepSight: 0 / 10 flagged  |  TE [ben:0.119, ben:0.107, ben:0.095, ben:0.107, ben:0.107, ben:0.107, ben:0.107, MAL:0.107, ben:0.107, ben:0.107]  DDif [ben:0.053, ben:0.100, ben:0.050, ben:0.045, ben:0.055, ben:0.047, ben:0.077, MAL:0.067, ben:0.057, ben:0.062]  labels [-1, -1, 0, -1, 0, -1, -1, -1, -1, -1]
15:11:22  INFO      attacks.chameleon_client — Chameleon client [97] round 107: optimising δ for 3315/6979 samples (ε=0.300, λ_sim=1.00, steps=100).
15:11:23  INFO      attacks.chameleon_client — Chameleon client [97] round 107: poisoned 3315/6979 samples (target=0, loss=0.2158, acc=0.927).
15:11:23  INFO      defenses.deepsight — DeepSight: 0 / 10 flagged  |  TE [ben:0.107, ben:0.107, ben:0.119, ben:0.107, ben:0.107, ben:0.107, ben:0.107, ben:0.107, ben:0.107, MAL:0.119]  DDif [ben:0.072, ben:0.083, ben:0.056, ben:0.083, ben:0.088, ben:0.128, ben:0.097, ben:0.083, ben:0.087, MAL:0.064]  labels [-1, -1, -1, -1, 0, -1, -1, -1, 0, -1]
15:11:31  INFO      attacks.chameleon_client — Chameleon client [57] round 108: optimising δ for 3324/6979 samples (ε=0.300, λ_sim=1.00, steps=100).
15:11:32  INFO      attacks.chameleon_client — Chameleon client [57] round 108: poisoned 3324/6979 samples (target=0, loss=0.2095, acc=0.926).
15:11:47  INFO      attacks.chameleon_client — Chameleon client [32] round 108: optimising δ for 3310/6979 samples (ε=0.300, λ_sim=1.00, steps=100).
15:11:48  INFO      attacks.chameleon_client — Chameleon client [32] round 108: poisoned 3310/6979 samples (target=0, loss=0.2129, acc=0.925).
15:11:53  INFO      defenses.deepsight — DeepSight: 0 / 10 flagged  |  TE [ben:0.107, MAL:0.107, ben:0.107, ben:0.107, ben:0.119, ben:0.107, ben:0.107, MAL:0.095, ben:0.095, ben:0.107]  DDif [ben:0.089, MAL:0.070, ben:0.067, ben:0.106, ben:0.077, ben:0.057, ben:0.125, MAL:0.124, ben:0.159, ben:0.051]  labels [0, -1, 0, 0, -1, 0, -1, -1, -1, -1]
15:12:20  INFO      defenses.deepsight — DeepSight: 0 / 10 flagged  |  TE [ben:0.107, ben:0.107, ben:0.119, ben:0.095, ben:0.107, ben:0.107, ben:0.107, ben:0.107, ben:0.119, ben:0.119]  DDif [ben:0.072, ben:0.081, ben:0.121, ben:0.118, ben:0.098, ben:0.071, ben:0.114, ben:0.036, ben:0.064, ben:0.067]  labels [0, -1, -1, -1, 0, 0, -1, -1, -1, -1]
15:12:47  INFO      defenses.deepsight — DeepSight: 0 / 10 flagged  |  TE [ben:0.107, ben:0.119, ben:0.119, ben:0.107, ben:0.119, ben:0.095, ben:0.107, ben:0.107, ben:0.131, ben:0.107]  DDif [ben:0.073, ben:0.079, ben:0.077, ben:0.138, ben:0.050, ben:0.067, ben:0.147, ben:0.119, ben:0.137, ben:0.072]  labels [0, 0, 0, 0, 0, 0, 0, 0, 0, 0]
15:13:17  INFO      experiment.runner — Round  111/150  |  acc:  85.59%  loss: 0.3981  |  ASR:   2.40%  asr_loss: nan  |  FPR: 0.0%  |  mF1: 70.6%
15:13:41  INFO      attacks.chameleon_client — Chameleon client [83] round 111: optimising δ for 3334/6979 samples (ε=0.300, λ_sim=1.00, steps=100).
15:13:42  INFO      attacks.chameleon_client — Chameleon client [83] round 111: poisoned 3334/6979 samples (target=0, loss=0.2255, acc=0.922).
15:13:44  INFO      attacks.chameleon_client — Chameleon client [57] round 111: optimising δ for 3324/6979 samples (ε=0.300, λ_sim=1.00, steps=100).
15:13:45  INFO      attacks.chameleon_client — Chameleon client [57] round 111: poisoned 3324/6979 samples (target=0, loss=0.2019, acc=0.928).
15:13:48  INFO      defenses.deepsight — DeepSight: 0 / 10 flagged  |  TE [ben:0.107, ben:0.107, ben:0.119, ben:0.131, ben:0.107, ben:0.107, ben:0.107, MAL:0.119, MAL:0.119, ben:0.095]  DDif [ben:0.070, ben:0.049, ben:0.080, ben:0.090, ben:0.077, ben:0.174, ben:0.082, MAL:0.071, MAL:0.060, ben:0.084]  labels [-1, -1, -1, -1, 0, -1, -1, 0, -1, -1]
15:14:13  INFO      defenses.deepsight — DeepSight: 0 / 10 flagged  |  TE [ben:0.119, ben:0.119, ben:0.107, ben:0.107, ben:0.107, ben:0.131, ben:0.119, ben:0.119, ben:0.107, ben:0.131]  DDif [ben:0.099, ben:0.060, ben:0.068, ben:0.046, ben:0.053, ben:0.072, ben:0.063, ben:0.063, ben:0.039, ben:0.078]  labels [-1, -1, 0, -1, -1, 0, -1, -1, -1, -1]
15:14:40  INFO      defenses.deepsight — DeepSight: 0 / 10 flagged  |  TE [ben:0.119, ben:0.107, ben:0.107, ben:0.107, ben:0.119, ben:0.107, ben:0.095, ben:0.107, ben:0.095, ben:0.095]  DDif [ben:0.081, ben:0.112, ben:0.061, ben:0.109, ben:0.074, ben:0.080, ben:0.041, ben:0.075, ben:0.067, ben:0.047]  labels [0, -1, 0, -1, -1, 0, -1, 0, 0, 0]
15:14:42  INFO      attacks.chameleon_client — Chameleon client [8] round 114: optimising δ for 3320/6980 samples (ε=0.300, λ_sim=1.00, steps=100).
15:14:43  INFO      attacks.chameleon_client — Chameleon client [8] round 114: poisoned 3320/6980 samples (target=0, loss=0.2312, acc=0.921).
15:14:54  INFO      attacks.chameleon_client — Chameleon client [83] round 114: optimising δ for 3334/6979 samples (ε=0.300, λ_sim=1.00, steps=100).
15:14:55  INFO      attacks.chameleon_client — Chameleon client [83] round 114: poisoned 3334/6979 samples (target=0, loss=0.2144, acc=0.924).
15:15:10  INFO      defenses.deepsight — DeepSight: 0 / 10 flagged  |  TE [MAL:0.131, ben:0.107, ben:0.107, MAL:0.107, ben:0.107, ben:0.107, ben:0.119, ben:0.107, ben:0.107, ben:0.107]  DDif [MAL:0.091, ben:0.053, ben:0.086, MAL:0.063, ben:0.065, ben:0.132, ben:0.056, ben:0.092, ben:0.046, ben:0.089]  labels [0, -1, 0, 0, -1, -1, -1, 0, -1, 0]
15:15:26  INFO      attacks.chameleon_client — Chameleon client [15] round 115: optimising δ for 3322/6980 samples (ε=0.300, λ_sim=1.00, steps=100).
15:15:27  INFO      attacks.chameleon_client — Chameleon client [15] round 115: poisoned 3322/6980 samples (target=0, loss=0.2201, acc=0.927).
15:15:37  INFO      defenses.deepsight — DeepSight: 0 / 10 flagged  |  TE [ben:0.107, ben:0.119, ben:0.107, ben:0.107, ben:0.119, MAL:0.107, ben:0.107, ben:0.095, ben:0.107, ben:0.107]  DDif [ben:0.079, ben:0.050, ben:0.063, ben:0.070, ben:0.067, MAL:0.070, ben:0.065, ben:0.177, ben:0.106, ben:0.051]  labels [0, 0, 0, 0, 0, -1, 0, -1, -1, 0]
15:15:44  INFO      attacks.chameleon_client — Chameleon client [8] round 116: optimising δ for 3320/6980 samples (ε=0.300, λ_sim=1.00, steps=100).
15:15:45  INFO      attacks.chameleon_client — Chameleon client [8] round 116: poisoned 3320/6980 samples (target=0, loss=0.2327, acc=0.922).
15:15:47  INFO      attacks.chameleon_client — Chameleon client [57] round 116: optimising δ for 3324/6979 samples (ε=0.300, λ_sim=1.00, steps=100).
15:15:48  INFO      attacks.chameleon_client — Chameleon client [57] round 116: poisoned 3324/6979 samples (target=0, loss=0.2095, acc=0.926).
15:16:06  INFO      defenses.deepsight — DeepSight: 0 / 10 flagged  |  TE [ben:0.107, ben:0.131, MAL:0.107, MAL:0.095, ben:0.119, ben:0.107, ben:0.107, ben:0.107, ben:0.107, ben:0.107]  DDif [ben:0.089, ben:0.144, MAL:0.081, MAL:0.081, ben:0.038, ben:0.087, ben:0.084, ben:0.155, ben:0.094, ben:0.149]  labels [0, 0, 0, 0, -1, 0, 0, 0, 0, 0]
15:16:18  INFO      attacks.chameleon_client — Chameleon client [17] round 117: optimising δ for 3302/6980 samples (ε=0.300, λ_sim=1.00, steps=100).
15:16:20  INFO      attacks.chameleon_client — Chameleon client [17] round 117: poisoned 3302/6980 samples (target=0, loss=0.2165, acc=0.922).
15:16:32  INFO      attacks.chameleon_client — Chameleon client [32] round 117: optimising δ for 3310/6979 samples (ε=0.300, λ_sim=1.00, steps=100).
15:16:33  INFO      attacks.chameleon_client — Chameleon client [32] round 117: poisoned 3310/6979 samples (target=0, loss=0.2136, acc=0.924).
15:16:35  INFO      defenses.deepsight — DeepSight: 0 / 10 flagged  |  TE [ben:0.119, ben:0.119, ben:0.107, MAL:0.107, ben:0.107, ben:0.119, ben:0.107, ben:0.107, MAL:0.095, ben:0.107]  DDif [ben:0.051, ben:0.048, ben:0.177, MAL:0.063, ben:0.079, ben:0.069, ben:0.205, ben:0.115, MAL:0.071, ben:0.085]  labels [0, -1, -1, -1, -1, 0, -1, -1, 0, 0]
15:17:00  INFO      defenses.deepsight — DeepSight: 0 / 10 flagged  |  TE [ben:0.107, ben:0.107, ben:0.107, ben:0.107, ben:0.107, ben:0.107, ben:0.107, ben:0.119, ben:0.107, ben:0.119]  DDif [ben:0.110, ben:0.067, ben:0.128, ben:0.057, ben:0.066, ben:0.149, ben:0.039, ben:0.056, ben:0.135, ben:0.061]  labels [0, 0, 0, 0, 0, 0, 0, 0, 0, 0]
15:17:24  INFO      attacks.chameleon_client — Chameleon client [32] round 119: optimising δ for 3310/6979 samples (ε=0.300, λ_sim=1.00, steps=100).
15:17:25  INFO      attacks.chameleon_client — Chameleon client [32] round 119: poisoned 3310/6979 samples (target=0, loss=0.2240, acc=0.922).
15:17:30  INFO      defenses.deepsight — DeepSight: 0 / 10 flagged  |  TE [ben:0.095, ben:0.095, ben:0.119, ben:0.107, ben:0.119, ben:0.107, ben:0.119, MAL:0.107, ben:0.107, ben:0.119]  DDif [ben:0.059, ben:0.070, ben:0.083, ben:0.113, ben:0.093, ben:0.067, ben:0.103, MAL:0.076, ben:0.071, ben:0.077]  labels [-1, 0, 0, -1, -1, 0, -1, -1, 0, 0]
15:17:33  INFO      attacks.chameleon_client — Chameleon client [72] round 120: optimising δ for 3331/6979 samples (ε=0.300, λ_sim=1.00, steps=100).
15:17:34  INFO      attacks.chameleon_client — Chameleon client [72] round 120: poisoned 3331/6979 samples (target=0, loss=0.2158, acc=0.929).
15:17:36  INFO      attacks.chameleon_client — Chameleon client [17] round 120: optimising δ for 3302/6980 samples (ε=0.300, λ_sim=1.00, steps=100).
15:17:37  INFO      attacks.chameleon_client — Chameleon client [17] round 120: poisoned 3302/6980 samples (target=0, loss=0.2225, acc=0.921).
15:17:57  INFO      defenses.deepsight — DeepSight: 0 / 10 flagged  |  TE [MAL:0.107, MAL:0.095, ben:0.119, ben:0.095, ben:0.107, ben:0.107, ben:0.107, ben:0.119, ben:0.107, ben:0.107]  DDif [MAL:0.141, MAL:0.097, ben:0.094, ben:0.070, ben:0.126, ben:0.055, ben:0.103, ben:0.120, ben:0.123, ben:0.106]  labels [-1, -1, -1, -1, 0, -1, -1, -1, 0, -1]
15:18:30  INFO      experiment.runner — Round  121/150  |  acc:  85.73%  loss: 0.3933  |  ASR:   3.40%  asr_loss: nan  |  TPR: 0.0%  FPR: 0.0%  |  mF1: 70.7%
15:18:49  INFO      attacks.chameleon_client — Chameleon client [8] round 121: optimising δ for 3320/6980 samples (ε=0.300, λ_sim=1.00, steps=100).
15:18:50  INFO      attacks.chameleon_client — Chameleon client [8] round 121: poisoned 3320/6980 samples (target=0, loss=0.2159, acc=0.928).
15:18:55  INFO      defenses.deepsight — DeepSight: 0 / 10 flagged  |  TE [ben:0.095, ben:0.107, ben:0.107, ben:0.119, ben:0.119, ben:0.095, ben:0.095, MAL:0.119, ben:0.095, ben:0.119]  DDif [ben:0.054, ben:0.059, ben:0.050, ben:0.092, ben:0.067, ben:0.101, ben:0.080, MAL:0.081, ben:0.167, ben:0.067]  labels [0, 0, -1, -1, -1, -1, -1, -1, -1, -1]
15:19:25  INFO      defenses.deepsight — DeepSight: 0 / 10 flagged  |  TE [ben:0.107, ben:0.095, ben:0.107, ben:0.107, ben:0.107, ben:0.119, ben:0.119, ben:0.107, ben:0.107, ben:0.095]  DDif [ben:0.078, ben:0.082, ben:0.121, ben:0.078, ben:0.105, ben:0.057, ben:0.102, ben:0.059, ben:0.067, ben:0.098]  labels [0, 0, -1, 0, 0, 0, 0, 0, 0, 0]
15:19:44  INFO      attacks.chameleon_client — Chameleon client [63] round 123: optimising δ for 3320/6979 samples (ε=0.300, λ_sim=1.00, steps=100).
15:19:45  INFO      attacks.chameleon_client — Chameleon client [63] round 123: poisoned 3320/6979 samples (target=0, loss=0.2316, acc=0.916).
15:19:50  INFO      defenses.deepsight — DeepSight: 0 / 10 flagged  |  TE [ben:0.107, ben:0.095, ben:0.095, ben:0.107, ben:0.095, ben:0.119, ben:0.131, MAL:0.095, ben:0.107, ben:0.119]  DDif [ben:0.070, ben:0.089, ben:0.074, ben:0.099, ben:0.095, ben:0.046, ben:0.114, MAL:0.080, ben:0.092, ben:0.127]  labels [-1, -1, 0, -1, -1, -1, -1, -1, 0, -1]
15:19:54  INFO      attacks.chameleon_client — Chameleon client [57] round 124: optimising δ for 3324/6979 samples (ε=0.300, λ_sim=1.00, steps=100).
15:19:55  INFO      attacks.chameleon_client — Chameleon client [57] round 124: poisoned 3324/6979 samples (target=0, loss=0.1990, acc=0.928).
15:20:14  INFO      attacks.chameleon_client — Chameleon client [32] round 124: optimising δ for 3310/6979 samples (ε=0.300, λ_sim=1.00, steps=100).
15:20:16  INFO      attacks.chameleon_client — Chameleon client [32] round 124: poisoned 3310/6979 samples (target=0, loss=0.2250, acc=0.920).
15:20:19  INFO      defenses.deepsight — DeepSight: 0 / 10 flagged  |  TE [MAL:0.119, ben:0.107, ben:0.107, ben:0.107, ben:0.119, ben:0.119, ben:0.119, ben:0.107, MAL:0.107, ben:0.107]  DDif [MAL:0.075, ben:0.052, ben:0.049, ben:0.057, ben:0.119, ben:0.073, ben:0.100, ben:0.061, MAL:0.108, ben:0.043]  labels [-1, 0, -1, -1, -1, 0, -1, -1, -1, -1]
15:20:46  INFO      defenses.deepsight — DeepSight: 0 / 10 flagged  |  TE [ben:0.119, ben:0.131, ben:0.131, ben:0.107, ben:0.095, ben:0.131, ben:0.095, ben:0.107, ben:0.107, ben:0.119]  DDif [ben:0.038, ben:0.101, ben:0.070, ben:0.056, ben:0.080, ben:0.160, ben:0.089, ben:0.097, ben:0.059, ben:0.077]  labels [0, 0, 0, 0, 0, -1, 0, 0, 0, 0]
15:21:12  INFO      defenses.deepsight — DeepSight: 0 / 10 flagged  |  TE [ben:0.095, ben:0.119, ben:0.095, ben:0.119, ben:0.095, ben:0.119, ben:0.131, ben:0.107, ben:0.107, ben:0.107]  DDif [ben:0.056, ben:0.067, ben:0.084, ben:0.086, ben:0.065, ben:0.102, ben:0.103, ben:0.047, ben:0.057, ben:0.143]  labels [-1, 0, 0, 0, 0, -1, 0, -1, 0, -1]
15:21:28  INFO      attacks.chameleon_client — Chameleon client [15] round 127: optimising δ for 3322/6980 samples (ε=0.300, λ_sim=1.00, steps=100).
15:21:29  INFO      attacks.chameleon_client — Chameleon client [15] round 127: poisoned 3322/6980 samples (target=0, loss=0.2223, acc=0.922).
15:21:39  INFO      defenses.deepsight — DeepSight: 0 / 10 flagged  |  TE [ben:0.095, ben:0.119, ben:0.119, ben:0.095, ben:0.107, MAL:0.107, ben:0.119, ben:0.095, ben:0.095, ben:0.107]  DDif [ben:0.073, ben:0.094, ben:0.056, ben:0.053, ben:0.049, MAL:0.063, ben:0.150, ben:0.090, ben:0.101, ben:0.191]  labels [-1, -1, 0, 0, 0, -1, -1, -1, -1, -1]
15:22:07  INFO      defenses.deepsight — DeepSight: 0 / 10 flagged  |  TE [ben:0.107, ben:0.119, ben:0.107, ben:0.119, ben:0.095, ben:0.107, ben:0.119, ben:0.119, ben:0.095, ben:0.107]  DDif [ben:0.118, ben:0.080, ben:0.072, ben:0.064, ben:0.044, ben:0.077, ben:0.056, ben:0.039, ben:0.066, ben:0.067]  labels [-1, -1, -1, 0, -1, -1, -1, -1, 0, -1]
15:22:17  INFO      attacks.chameleon_client — Chameleon client [57] round 129: optimising δ for 3324/6979 samples (ε=0.300, λ_sim=1.00, steps=100).
15:22:19  INFO      attacks.chameleon_client — Chameleon client [57] round 129: poisoned 3324/6979 samples (target=0, loss=0.2056, acc=0.926).
15:22:33  INFO      attacks.chameleon_client — Chameleon client [17] round 129: optimising δ for 3302/6980 samples (ε=0.300, λ_sim=1.00, steps=100).
15:22:34  INFO      attacks.chameleon_client — Chameleon client [17] round 129: poisoned 3302/6980 samples (target=0, loss=0.2220, acc=0.920).
15:22:34  INFO      defenses.deepsight — DeepSight: 0 / 10 flagged  |  TE [ben:0.107, ben:0.107, ben:0.107, MAL:0.095, ben:0.107, ben:0.107, ben:0.107, ben:0.107, ben:0.107, MAL:0.119]  DDif [ben:0.074, ben:0.083, ben:0.067, MAL:0.272, ben:0.085, ben:0.071, ben:0.072, ben:0.058, ben:0.105, MAL:0.037]  labels [-1, 0, -1, -1, -1, -1, 0, -1, -1, -1]
15:22:44  INFO      attacks.chameleon_client — Chameleon client [32] round 130: optimising δ for 3310/6979 samples (ε=0.300, λ_sim=1.00, steps=100).
15:22:46  INFO      attacks.chameleon_client — Chameleon client [32] round 130: poisoned 3310/6979 samples (target=0, loss=0.2221, acc=0.918).
15:23:03  INFO      attacks.chameleon_client — Chameleon client [72] round 130: optimising δ for 3331/6979 samples (ε=0.300, λ_sim=1.00, steps=100).
15:23:05  INFO      attacks.chameleon_client — Chameleon client [72] round 130: poisoned 3331/6979 samples (target=0, loss=0.2264, acc=0.923).
15:23:05  INFO      defenses.deepsight — DeepSight: 0 / 10 flagged  |  TE [ben:0.107, ben:0.107, ben:0.107, MAL:0.107, ben:0.131, ben:0.095, ben:0.119, ben:0.095, ben:0.107, MAL:0.107]  DDif [ben:0.057, ben:0.113, ben:0.113, MAL:0.116, ben:0.067, ben:0.061, ben:0.054, ben:0.079, ben:0.073, MAL:0.091]  labels [-1, -1, -1, -1, -1, -1, -1, 0, -1, 0]
15:23:38  INFO      experiment.runner — Round  131/150  |  acc:  85.79%  loss: 0.3916  |  ASR:   3.20%  asr_loss: nan  |  TPR: 0.0%  FPR: 0.0%  |  mF1: 71.0%
15:24:04  INFO      defenses.deepsight — DeepSight: 0 / 10 flagged  |  TE [ben:0.119, ben:0.119, ben:0.095, ben:0.107, ben:0.107, ben:0.107, ben:0.119, ben:0.107, ben:0.107, ben:0.107]  DDif [ben:0.059, ben:0.053, ben:0.055, ben:0.079, ben:0.054, ben:0.098, ben:0.183, ben:0.068, ben:0.077, ben:0.040]  labels [0, 0, -1, -1, -1, -1, -1, -1, -1, -1]
15:24:29  INFO      defenses.deepsight — DeepSight: 0 / 10 flagged  |  TE [ben:0.119, ben:0.107, ben:0.107, ben:0.095, ben:0.095, ben:0.107, ben:0.107, ben:0.107, ben:0.119, ben:0.107]  DDif [ben:0.085, ben:0.047, ben:0.054, ben:0.082, ben:0.075, ben:0.085, ben:0.086, ben:0.053, ben:0.056, ben:0.117]  labels [-1, 0, 0, 0, 0, 0, 0, 0, 0, -1]
15:24:56  INFO      defenses.deepsight — DeepSight: 0 / 10 flagged  |  TE [ben:0.107, ben:0.107, ben:0.107, ben:0.107, ben:0.119, ben:0.107, ben:0.119, ben:0.107, ben:0.107, ben:0.119]  DDif [ben:0.062, ben:0.072, ben:0.060, ben:0.090, ben:0.062, ben:0.060, ben:0.105, ben:0.081, ben:0.129, ben:0.049]  labels [0, 0, 0, 0, 0, 0, -1, 0, -1, -1]
15:25:21  INFO      defenses.deepsight — DeepSight: 0 / 10 flagged  |  TE [ben:0.119, ben:0.107, ben:0.107, ben:0.107, ben:0.119, ben:0.119, ben:0.119, ben:0.131, ben:0.119, ben:0.107]  DDif [ben:0.077, ben:0.101, ben:0.103, ben:0.102, ben:0.072, ben:0.051, ben:0.093, ben:0.077, ben:0.089, ben:0.073]  labels [0, -1, -1, -1, 0, -1, -1, 0, -1, -1]
15:25:47  INFO      defenses.deepsight — DeepSight: 0 / 10 flagged  |  TE [ben:0.131, ben:0.143, ben:0.095, ben:0.107, ben:0.095, ben:0.119, ben:0.095, ben:0.095, ben:0.095, ben:0.107]  DDif [ben:0.106, ben:0.084, ben:0.166, ben:0.054, ben:0.067, ben:0.061, ben:0.144, ben:0.067, ben:0.095, ben:0.052]  labels [-1, 0, -1, -1, 0, 0, -1, 0, -1, -1]
15:25:50  INFO      attacks.chameleon_client — Chameleon client [8] round 136: optimising δ for 3320/6980 samples (ε=0.300, λ_sim=1.00, steps=100).
15:25:51  INFO      attacks.chameleon_client — Chameleon client [8] round 136: poisoned 3320/6980 samples (target=0, loss=0.2164, acc=0.928).
15:26:12  INFO      attacks.chameleon_client — Chameleon client [32] round 136: optimising δ for 3310/6979 samples (ε=0.300, λ_sim=1.00, steps=100).
15:26:13  INFO      attacks.chameleon_client — Chameleon client [32] round 136: poisoned 3310/6979 samples (target=0, loss=0.2269, acc=0.923).
15:26:16  INFO      defenses.deepsight — DeepSight: 0 / 10 flagged  |  TE [MAL:0.107, ben:0.119, ben:0.095, ben:0.119, ben:0.095, ben:0.119, ben:0.107, ben:0.107, MAL:0.095, ben:0.107]  DDif [MAL:0.062, ben:0.098, ben:0.167, ben:0.171, ben:0.138, ben:0.063, ben:0.158, ben:0.065, MAL:0.063, ben:0.050]  labels [0, 0, 0, 0, 0, 0, 0, 0, 0, 0]
15:26:28  INFO      attacks.chameleon_client — Chameleon client [83] round 137: optimising δ for 3334/6979 samples (ε=0.300, λ_sim=1.00, steps=100).
15:26:29  INFO      attacks.chameleon_client — Chameleon client [83] round 137: poisoned 3334/6979 samples (target=0, loss=0.2188, acc=0.925).
15:26:44  INFO      defenses.deepsight — DeepSight: 0 / 10 flagged  |  TE [ben:0.095, ben:0.107, ben:0.107, MAL:0.119, ben:0.119, ben:0.107, ben:0.107, ben:0.107, ben:0.119, ben:0.143]  DDif [ben:0.092, ben:0.074, ben:0.059, MAL:0.056, ben:0.054, ben:0.036, ben:0.096, ben:0.080, ben:0.113, ben:0.037]  labels [0, 0, 0, 0, 0, 0, -1, 0, -1, -1]
15:27:01  INFO      attacks.chameleon_client — Chameleon client [83] round 138: optimising δ for 3334/6979 samples (ε=0.300, λ_sim=1.00, steps=100).
15:27:02  INFO      attacks.chameleon_client — Chameleon client [83] round 138: poisoned 3334/6979 samples (target=0, loss=0.2183, acc=0.922).
15:36:50  INFO      defenses.deepsight — DeepSight: 0 / 10 flagged  |  TE [ben:0.119, ben:0.107, ben:0.107, ben:0.107, ben:0.119, ben:0.107, MAL:0.107, ben:0.119, ben:0.095, ben:0.107]  DDif [ben:0.088, ben:0.044, ben:0.104, ben:0.071, ben:0.113, ben:0.061, MAL:0.118, ben:0.077, ben:0.091, ben:0.081]  labels [0, -1, -1, -1, -1, -1, -1, 0, -1, -1]
15:37:01  INFO      attacks.chameleon_client — Chameleon client [15] round 139: optimising δ for 3322/6980 samples (ε=0.300, λ_sim=1.00, steps=100).
15:37:03  INFO      attacks.chameleon_client — Chameleon client [15] round 139: poisoned 3322/6980 samples (target=0, loss=0.2161, acc=0.924).
15:37:17  INFO      defenses.deepsight — DeepSight: 0 / 10 flagged  |  TE [ben:0.107, ben:0.107, ben:0.131, MAL:0.095, ben:0.095, ben:0.107, ben:0.095, ben:0.095, ben:0.107, ben:0.119]  DDif [ben:0.042, ben:0.157, ben:0.189, MAL:0.138, ben:0.086, ben:0.075, ben:0.049, ben:0.052, ben:0.117, ben:0.089]  labels [-1, -1, -1, -1, -1, 0, -1, 0, -1, -1]
