15:30:04  INFO      benchmark — Matrix: 1 datasets × 6 attacks × 7 defenses × 10 seeds = 420 runs
15:30:04  INFO      benchmark — Status — complete: 0  partial/incomplete: 0  not started: 420
15:30:04  INFO      benchmark — Time budget: 98.0 h
15:30:04  INFO      benchmark — ▶  cifar10_none_none_seed0
15:30:04  INFO      experiment.runner — Initialising 'cifar10_none_none_seed0' | device=cuda | rounds=200 | clients=10/100 | attack=none | defense=none
15:30:24  INFO      experiment.utils — Built 100 clients — 0 malicious, 100 benign.
15:30:24  INFO      experiment.runner — Setup complete — 100 clients (0 malicious) | backdoor eval: none
Files already downloaded and verified
Files already downloaded and verified
Files already downloaded and verified
Files already downloaded and verified
15:30:51  INFO      experiment.runner — Round    1/200  |  acc:  13.27%  loss: 3.8487  |  mF1: 6.6%
15:36:28  INFO      experiment.runner — Round   11/200  |  acc:  57.21%  loss: 1.2297  |  mF1: 57.2%
15:42:11  INFO      experiment.runner — Round   21/200  |  acc:  68.10%  loss: 0.9767  |  mF1: 67.9%
15:48:01  INFO      experiment.runner — Round   31/200  |  acc:  72.14%  loss: 0.8684  |  mF1: 72.1%
15:53:54  INFO      experiment.runner — Round   41/200  |  acc:  76.35%  loss: 0.7513  |  mF1: 76.2%
15:59:55  INFO      experiment.runner — Round   51/200  |  acc:  78.49%  loss: 0.6969  |  mF1: 78.4%
16:06:03  INFO      experiment.runner — Round   61/200  |  acc:  80.54%  loss: 0.6452  |  mF1: 80.5%
16:12:13  INFO      experiment.runner — Round   71/200  |  acc:  81.50%  loss: 0.6379  |  mF1: 81.4%
16:18:18  INFO      experiment.runner — Round   81/200  |  acc:  82.69%  loss: 0.6016  |  mF1: 82.5%
16:24:30  INFO      experiment.runner — Round   91/200  |  acc:  83.38%  loss: 0.5727  |  mF1: 83.3%
16:30:44  INFO      experiment.runner — Round  101/200  |  acc:  84.29%  loss: 0.5606  |  mF1: 84.2%
16:37:08  INFO      experiment.runner — Round  111/200  |  acc:  84.63%  loss: 0.5518  |  mF1: 84.5%
16:43:23  INFO      experiment.runner — Round  121/200  |  acc:  84.60%  loss: 0.5650  |  mF1: 84.5%
16:49:43  INFO      experiment.runner — Round  131/200  |  acc:  85.35%  loss: 0.5169  |  mF1: 85.3%
16:56:08  INFO      experiment.runner — Round  141/200  |  acc:  86.04%  loss: 0.5226  |  mF1: 85.9%
17:02:28  INFO      experiment.runner — Round  151/200  |  acc:  86.33%  loss: 0.5056  |  mF1: 86.3%
17:08:47  INFO      experiment.runner — Round  161/200  |  acc:  86.31%  loss: 0.5040  |  mF1: 86.3%
17:15:18  INFO      experiment.runner — Round  171/200  |  acc:  86.44%  loss: 0.5205  |  mF1: 86.5%
17:21:47  INFO      experiment.runner — Round  181/200  |  acc:  86.99%  loss: 0.4977  |  mF1: 87.0%
17:28:13  INFO      experiment.runner — Round  191/200  |  acc:  86.97%  loss: 0.5038  |  mF1: 87.0%
17:34:00  INFO      experiment.runner — Round  200/200  |  acc:  87.25%  loss: 0.4874  |  mF1: 87.2%
17:34:01  INFO      experiment.runner — Final model saved to results/benchmark/cifar10_none_none_seed0/final_model.pt
17:34:01  INFO      experiment.runner — Client atypicality written to results/benchmark/cifar10_none_none_seed0/client_atypicality.json
17:34:01  INFO      experiment.runner — Client inclusion rates written to results/benchmark/cifar10_none_none_seed0/client_inclusion.csv
17:34:01  INFO      benchmark — ✓  cifar10_none_none_seed0  (124.0 min)
17:34:01  INFO      benchmark — ▶  cifar10_none_none_seed1
17:34:01  INFO      experiment.runner — Initialising 'cifar10_none_none_seed1' | device=cuda | rounds=200 | clients=10/100 | attack=none | defense=none
17:34:17  INFO      experiment.utils — Built 100 clients — 0 malicious, 100 benign.
17:34:17  INFO      experiment.runner — Setup complete — 100 clients (0 malicious) | backdoor eval: none

==============================================================
  Summary — 21 rounds evaluated
==============================================================
  Final clean accuracy               87.25%
  Best  clean accuracy               87.25%
  Final clean loss                   0.4874
  Macro F1                           87.18%
==============================================================

Files already downloaded and verified
Files already downloaded and verified
Files already downloaded and verified
Files already downloaded and verified
17:35:00  INFO      experiment.runner — Round    1/200  |  acc:  12.14%  loss: 4.6205  |  mF1: 5.3%
17:41:23  INFO      experiment.runner — Round   11/200  |  acc:  58.77%  loss: 1.1903  |  mF1: 58.7%
17:47:41  INFO      experiment.runner — Round   21/200  |  acc:  66.72%  loss: 1.0103  |  mF1: 66.7%
17:54:15  INFO      experiment.runner — Round   31/200  |  acc:  72.44%  loss: 0.8635  |  mF1: 72.4%
18:00:43  INFO      experiment.runner — Round   41/200  |  acc:  76.29%  loss: 0.7737  |  mF1: 75.9%
18:07:03  INFO      experiment.runner — Round   51/200  |  acc:  78.66%  loss: 0.7018  |  mF1: 78.5%
18:13:03  INFO      experiment.runner — Round   61/200  |  acc:  80.52%  loss: 0.6385  |  mF1: 80.4%
18:19:01  INFO      experiment.runner — Round   71/200  |  acc:  81.61%  loss: 0.6348  |  mF1: 81.4%
18:24:59  INFO      experiment.runner — Round   81/200  |  acc:  83.05%  loss: 0.5745  |  mF1: 83.0%
18:30:51  INFO      experiment.runner — Round   91/200  |  acc:  83.85%  loss: 0.5575  |  mF1: 83.8%
18:36:38  INFO      experiment.runner — Round  101/200  |  acc:  83.85%  loss: 0.5724  |  mF1: 83.8%
18:42:34  INFO      experiment.runner — Round  111/200  |  acc:  84.65%  loss: 0.5458  |  mF1: 84.5%
18:48:27  INFO      experiment.runner — Round  121/200  |  acc:  85.15%  loss: 0.5236  |  mF1: 85.0%
18:54:17  INFO      experiment.runner — Round  131/200  |  acc:  85.83%  loss: 0.5151  |  mF1: 85.8%
19:00:15  INFO      experiment.runner — Round  141/200  |  acc:  85.94%  loss: 0.5099  |  mF1: 85.9%
19:06:07  INFO      experiment.runner — Round  151/200  |  acc:  86.53%  loss: 0.5004  |  mF1: 86.4%
19:11:52  INFO      experiment.runner — Round  161/200  |  acc:  86.14%  loss: 0.5124  |  mF1: 86.0%
19:17:43  INFO      experiment.runner — Round  171/200  |  acc:  86.27%  loss: 0.5123  |  mF1: 86.1%
19:23:36  INFO      experiment.runner — Round  181/200  |  acc:  87.09%  loss: 0.4913  |  mF1: 87.1%
19:29:22  INFO      experiment.runner — Round  191/200  |  acc:  87.66%  loss: 0.4804  |  mF1: 87.7%
19:34:31  INFO      experiment.runner — Round  200/200  |  acc:  87.15%  loss: 0.4976  |  mF1: 87.1%
19:34:32  INFO      experiment.runner — Final model saved to results/benchmark/cifar10_none_none_seed1/final_model.pt
19:34:32  INFO      experiment.runner — Client atypicality written to results/benchmark/cifar10_none_none_seed1/client_atypicality.json
19:34:32  INFO      experiment.runner — Client inclusion rates written to results/benchmark/cifar10_none_none_seed1/client_inclusion.csv
19:34:32  INFO      benchmark — ✓  cifar10_none_none_seed1  (120.5 min)
19:34:32  INFO      benchmark — ▶  cifar10_none_none_seed2
19:34:32  INFO      experiment.runner — Initialising 'cifar10_none_none_seed2' | device=cuda | rounds=200 | clients=10/100 | attack=none | defense=none
19:34:48  INFO      experiment.utils — Built 100 clients — 0 malicious, 100 benign.
19:34:48  INFO      experiment.runner — Setup complete — 100 clients (0 malicious) | backdoor eval: none

==============================================================
  Summary — 21 rounds evaluated
==============================================================
  Final clean accuracy               87.15%
  Best  clean accuracy               87.66%
  Final clean loss                   0.4976
  Macro F1                           87.07%
==============================================================

Files already downloaded and verified
Files already downloaded and verified
Files already downloaded and verified
Files already downloaded and verified
19:35:24  INFO      experiment.runner — Round    1/200  |  acc:  13.57%  loss: 3.5511  |  mF1: 7.8%
19:41:11  INFO      experiment.runner — Round   11/200  |  acc:  56.57%  loss: 1.2651  |  mF1: 56.6%
19:46:58  INFO      experiment.runner — Round   21/200  |  acc:  66.75%  loss: 1.0114  |  mF1: 66.5%
19:52:51  INFO      experiment.runner — Round   31/200  |  acc:  70.77%  loss: 0.9126  |  mF1: 70.5%
19:58:41  INFO      experiment.runner — Round   41/200  |  acc:  74.62%  loss: 0.8289  |  mF1: 74.4%
20:04:29  INFO      experiment.runner — Round   51/200  |  acc:  76.42%  loss: 0.7644  |  mF1: 76.2%
20:10:18  INFO      experiment.runner — Round   61/200  |  acc:  78.71%  loss: 0.6978  |  mF1: 78.6%
20:16:15  INFO      experiment.runner — Round   71/200  |  acc:  79.67%  loss: 0.6794  |  mF1: 79.6%
20:22:07  INFO      experiment.runner — Round   81/200  |  acc:  80.90%  loss: 0.6386  |  mF1: 80.7%
20:27:52  INFO      experiment.runner — Round   91/200  |  acc:  82.22%  loss: 0.6208  |  mF1: 82.1%
20:33:45  INFO      experiment.runner — Round  101/200  |  acc:  83.11%  loss: 0.5891  |  mF1: 83.1%
20:39:39  INFO      experiment.runner — Round  111/200  |  acc:  83.36%  loss: 0.5668  |  mF1: 83.3%
20:45:34  INFO      experiment.runner — Round  121/200  |  acc:  83.80%  loss: 0.5651  |  mF1: 83.7%
20:51:26  INFO      experiment.runner — Round  131/200  |  acc:  84.71%  loss: 0.5550  |  mF1: 84.6%
20:57:12  INFO      experiment.runner — Round  141/200  |  acc:  84.88%  loss: 0.5459  |  mF1: 84.8%
21:03:04  INFO      experiment.runner — Round  151/200  |  acc:  85.28%  loss: 0.5379  |  mF1: 85.2%
21:08:56  INFO      experiment.runner — Round  161/200  |  acc:  85.47%  loss: 0.5378  |  mF1: 85.5%
21:14:41  INFO      experiment.runner — Round  171/200  |  acc:  85.82%  loss: 0.5358  |  mF1: 85.8%
21:20:23  INFO      experiment.runner — Round  181/200  |  acc:  86.37%  loss: 0.5234  |  mF1: 86.3%
21:26:15  INFO      experiment.runner — Round  191/200  |  acc:  86.54%  loss: 0.5324  |  mF1: 86.4%
21:31:41  INFO      experiment.runner — Round  200/200  |  acc:  86.67%  loss: 0.5168  |  mF1: 86.6%
21:31:42  INFO      experiment.runner — Final model saved to results/benchmark/cifar10_none_none_seed2/final_model.pt
21:31:42  INFO      experiment.runner — Client atypicality written to results/benchmark/cifar10_none_none_seed2/client_atypicality.json
21:31:42  INFO      experiment.runner — Client inclusion rates written to results/benchmark/cifar10_none_none_seed2/client_inclusion.csv
21:31:42  INFO      benchmark — ✓  cifar10_none_none_seed2  (117.2 min)
21:31:42  INFO      benchmark — ▶  cifar10_none_none_seed3
21:31:42  INFO      experiment.runner — Initialising 'cifar10_none_none_seed3' | device=cuda | rounds=200 | clients=10/100 | attack=none | defense=none
21:31:57  INFO      experiment.utils — Built 100 clients — 0 malicious, 100 benign.
21:31:57  INFO      experiment.runner — Setup complete — 100 clients (0 malicious) | backdoor eval: none

==============================================================
  Summary — 21 rounds evaluated
==============================================================
  Final clean accuracy               86.67%
  Best  clean accuracy               86.67%
  Final clean loss                   0.5168
  Macro F1                           86.61%
==============================================================

Files already downloaded and verified
Files already downloaded and verified
Files already downloaded and verified
Files already downloaded and verified
21:32:34  INFO      experiment.runner — Round    1/200  |  acc:  10.86%  loss: 4.5023  |  mF1: 3.7%
21:38:24  INFO      experiment.runner — Round   11/200  |  acc:  56.93%  loss: 1.2736  |  mF1: 56.9%
21:44:19  INFO      experiment.runner — Round   21/200  |  acc:  68.36%  loss: 0.9628  |  mF1: 68.2%
21:50:18  INFO      experiment.runner — Round   31/200  |  acc:  73.09%  loss: 0.8418  |  mF1: 72.9%
21:56:19  INFO      experiment.runner — Round   41/200  |  acc:  75.66%  loss: 0.7741  |  mF1: 75.7%
22:02:16  INFO      experiment.runner — Round   51/200  |  acc:  78.39%  loss: 0.7188  |  mF1: 78.3%
22:08:11  INFO      experiment.runner — Round   61/200  |  acc:  80.53%  loss: 0.6567  |  mF1: 80.5%
22:14:03  INFO      experiment.runner — Round   71/200  |  acc:  81.60%  loss: 0.6248  |  mF1: 81.5%
22:19:56  INFO      experiment.runner — Round   81/200  |  acc:  82.49%  loss: 0.6033  |  mF1: 82.3%
22:25:58  INFO      experiment.runner — Round   91/200  |  acc:  83.20%  loss: 0.5803  |  mF1: 83.1%
22:32:00  INFO      experiment.runner — Round  101/200  |  acc:  84.19%  loss: 0.5656  |  mF1: 84.2%
22:37:53  INFO      experiment.runner — Round  111/200  |  acc:  84.39%  loss: 0.5556  |  mF1: 84.2%
22:43:48  INFO      experiment.runner — Round  121/200  |  acc:  84.97%  loss: 0.5448  |  mF1: 85.0%
22:49:44  INFO      experiment.runner — Round  131/200  |  acc:  85.43%  loss: 0.5316  |  mF1: 85.4%
22:55:35  INFO      experiment.runner — Round  141/200  |  acc:  85.34%  loss: 0.5345  |  mF1: 85.2%
23:01:23  INFO      experiment.runner — Round  151/200  |  acc:  85.87%  loss: 0.5114  |  mF1: 85.8%
23:07:13  INFO      experiment.runner — Round  161/200  |  acc:  86.73%  loss: 0.4961  |  mF1: 86.6%
23:13:06  INFO      experiment.runner — Round  171/200  |  acc:  86.79%  loss: 0.4906  |  mF1: 86.8%
23:18:57  INFO      experiment.runner — Round  181/200  |  acc:  87.05%  loss: 0.5040  |  mF1: 87.0%
23:24:51  INFO      experiment.runner — Round  191/200  |  acc:  87.08%  loss: 0.4935  |  mF1: 87.0%
23:30:05  INFO      experiment.runner — Round  200/200  |  acc:  87.32%  loss: 0.4874  |  mF1: 87.3%
23:30:05  INFO      experiment.runner — Final model saved to results/benchmark/cifar10_none_none_seed3/final_model.pt
23:30:05  INFO      experiment.runner — Client atypicality written to results/benchmark/cifar10_none_none_seed3/client_atypicality.json
23:30:05  INFO      experiment.runner — Client inclusion rates written to results/benchmark/cifar10_none_none_seed3/client_inclusion.csv
23:30:05  INFO      benchmark — ✓  cifar10_none_none_seed3  (118.4 min)
23:30:05  INFO      benchmark — ▶  cifar10_none_none_seed4
23:30:05  INFO      experiment.runner — Initialising 'cifar10_none_none_seed4' | device=cuda | rounds=200 | clients=10/100 | attack=none | defense=none
23:30:21  INFO      experiment.utils — Built 100 clients — 0 malicious, 100 benign.
23:30:21  INFO      experiment.runner — Setup complete — 100 clients (0 malicious) | backdoor eval: none

==============================================================
  Summary — 21 rounds evaluated
==============================================================
  Final clean accuracy               87.32%
  Best  clean accuracy               87.32%
  Final clean loss                   0.4874
  Macro F1                           87.28%
==============================================================

Files already downloaded and verified
Files already downloaded and verified
Files already downloaded and verified
Files already downloaded and verified
23:31:01  INFO      experiment.runner — Round    1/200  |  acc:  10.78%  loss: 3.7930  |  mF1: 3.3%
23:36:47  INFO      experiment.runner — Round   11/200  |  acc:  58.32%  loss: 1.2215  |  mF1: 58.3%
23:42:37  INFO      experiment.runner — Round   21/200  |  acc:  66.11%  loss: 1.0184  |  mF1: 65.9%
23:48:33  INFO      experiment.runner — Round   31/200  |  acc:  71.73%  loss: 0.8945  |  mF1: 71.5%
23:54:26  INFO      experiment.runner — Round   41/200  |  acc:  75.02%  loss: 0.8007  |  mF1: 74.9%
00:00:24  INFO      experiment.runner — Round   51/200  |  acc:  77.29%  loss: 0.7420  |  mF1: 77.3%
00:06:19  INFO      experiment.runner — Round   61/200  |  acc:  79.35%  loss: 0.7069  |  mF1: 79.3%
00:12:12  INFO      experiment.runner — Round   71/200  |  acc:  80.53%  loss: 0.6597  |  mF1: 80.2%
00:18:03  INFO      experiment.runner — Round   81/200  |  acc:  81.69%  loss: 0.6292  |  mF1: 81.7%
00:23:57  INFO      experiment.runner — Round   91/200  |  acc:  82.86%  loss: 0.6078  |  mF1: 82.8%
00:29:50  INFO      experiment.runner — Round  101/200  |  acc:  83.79%  loss: 0.5727  |  mF1: 83.8%
00:35:41  INFO      experiment.runner — Round  111/200  |  acc:  84.05%  loss: 0.5493  |  mF1: 84.1%
00:41:32  INFO      experiment.runner — Round  121/200  |  acc:  84.97%  loss: 0.5509  |  mF1: 84.9%
00:47:34  INFO      experiment.runner — Round  131/200  |  acc:  84.86%  loss: 0.5475  |  mF1: 84.7%
00:53:26  INFO      experiment.runner — Round  141/200  |  acc:  85.20%  loss: 0.5289  |  mF1: 85.2%
00:59:20  INFO      experiment.runner — Round  151/200  |  acc:  85.60%  loss: 0.5377  |  mF1: 85.5%
01:05:15  INFO      experiment.runner — Round  161/200  |  acc:  86.35%  loss: 0.5059  |  mF1: 86.3%
01:11:11  INFO      experiment.runner — Round  171/200  |  acc:  86.20%  loss: 0.5323  |  mF1: 86.0%
01:17:03  INFO      experiment.runner — Round  181/200  |  acc:  86.53%  loss: 0.5277  |  mF1: 86.5%
01:22:58  INFO      experiment.runner — Round  191/200  |  acc:  87.29%  loss: 0.4898  |  mF1: 87.3%
01:28:21  INFO      experiment.runner — Round  200/200  |  acc:  86.63%  loss: 0.5160  |  mF1: 86.7%
01:28:21  INFO      experiment.runner — Final model saved to results/benchmark/cifar10_none_none_seed4/final_model.pt
01:28:21  INFO      experiment.runner — Client atypicality written to results/benchmark/cifar10_none_none_seed4/client_atypicality.json
01:28:21  INFO      experiment.runner — Client inclusion rates written to results/benchmark/cifar10_none_none_seed4/client_inclusion.csv
01:28:21  INFO      benchmark — ✓  cifar10_none_none_seed4  (118.3 min)
01:28:21  INFO      benchmark — ▶  cifar10_none_none_seed5
01:28:21  INFO      experiment.runner — Initialising 'cifar10_none_none_seed5' | device=cuda | rounds=200 | clients=10/100 | attack=none | defense=none
01:28:36  INFO      experiment.utils — Built 100 clients — 0 malicious, 100 benign.
01:28:36  INFO      experiment.runner — Setup complete — 100 clients (0 malicious) | backdoor eval: none

==============================================================
  Summary — 21 rounds evaluated
==============================================================
  Final clean accuracy               86.63%
  Best  clean accuracy               87.29%
  Final clean loss                   0.5160
  Macro F1                           86.68%
==============================================================

Files already downloaded and verified
Files already downloaded and verified
Files already downloaded and verified
Files already downloaded and verified
01:29:17  INFO      experiment.runner — Round    1/200  |  acc:  10.06%  loss: 3.7822  |  mF1: 2.0%
01:35:06  INFO      experiment.runner — Round   11/200  |  acc:  58.01%  loss: 1.2126  |  mF1: 57.3%
01:40:59  INFO      experiment.runner — Round   21/200  |  acc:  67.78%  loss: 0.9713  |  mF1: 67.7%
01:46:55  INFO      experiment.runner — Round   31/200  |  acc:  71.65%  loss: 0.8805  |  mF1: 71.3%
01:52:54  INFO      experiment.runner — Round   41/200  |  acc:  74.84%  loss: 0.8082  |  mF1: 74.6%
01:58:46  INFO      experiment.runner — Round   51/200  |  acc:  77.98%  loss: 0.7150  |  mF1: 77.9%
02:04:38  INFO      experiment.runner — Round   61/200  |  acc:  79.65%  loss: 0.6718  |  mF1: 79.5%
02:10:29  INFO      experiment.runner — Round   71/200  |  acc:  80.76%  loss: 0.6556  |  mF1: 80.7%
02:16:20  INFO      experiment.runner — Round   81/200  |  acc:  82.13%  loss: 0.6087  |  mF1: 82.1%
02:22:13  INFO      experiment.runner — Round   91/200  |  acc:  82.91%  loss: 0.6162  |  mF1: 82.8%
02:28:06  INFO      experiment.runner — Round  101/200  |  acc:  83.35%  loss: 0.5804  |  mF1: 83.3%
02:33:58  INFO      experiment.runner — Round  111/200  |  acc:  83.98%  loss: 0.5759  |  mF1: 83.8%
02:39:49  INFO      experiment.runner — Round  121/200  |  acc:  84.89%  loss: 0.5455  |  mF1: 84.7%
02:45:46  INFO      experiment.runner — Round  131/200  |  acc:  85.43%  loss: 0.5199  |  mF1: 85.3%
02:51:35  INFO      experiment.runner — Round  141/200  |  acc:  85.76%  loss: 0.5266  |  mF1: 85.7%
02:57:27  INFO      experiment.runner — Round  151/200  |  acc:  85.87%  loss: 0.5246  |  mF1: 85.8%
03:03:22  INFO      experiment.runner — Round  161/200  |  acc:  86.37%  loss: 0.5035  |  mF1: 86.3%
03:09:09  INFO      experiment.runner — Round  171/200  |  acc:  86.45%  loss: 0.5187  |  mF1: 86.3%
03:14:59  INFO      experiment.runner — Round  181/200  |  acc:  87.02%  loss: 0.4992  |  mF1: 86.9%
03:20:52  INFO      experiment.runner — Round  191/200  |  acc:  86.95%  loss: 0.5032  |  mF1: 86.9%
03:26:27  INFO      experiment.runner — Round  200/200  |  acc:  87.85%  loss: 0.4811  |  mF1: 87.8%
03:26:27  INFO      experiment.runner — Final model saved to results/benchmark/cifar10_none_none_seed5/final_model.pt
03:26:27  INFO      experiment.runner — Client atypicality written to results/benchmark/cifar10_none_none_seed5/client_atypicality.json
03:26:27  INFO      experiment.runner — Client inclusion rates written to results/benchmark/cifar10_none_none_seed5/client_inclusion.csv
03:26:27  INFO      benchmark — ✓  cifar10_none_none_seed5  (118.1 min)
03:26:27  INFO      benchmark — ▶  cifar10_none_none_seed6
03:26:27  INFO      experiment.runner — Initialising 'cifar10_none_none_seed6' | device=cuda | rounds=200 | clients=10/100 | attack=none | defense=none
03:26:43  INFO      experiment.utils — Built 100 clients — 0 malicious, 100 benign.
03:26:43  INFO      experiment.runner — Setup complete — 100 clients (0 malicious) | backdoor eval: none

==============================================================
  Summary — 21 rounds evaluated
==============================================================
  Final clean accuracy               87.85%
  Best  clean accuracy               87.85%
  Final clean loss                   0.4811
  Macro F1                           87.77%
==============================================================

Files already downloaded and verified
Files already downloaded and verified
Files already downloaded and verified
Files already downloaded and verified
03:27:21  INFO      experiment.runner — Round    1/200  |  acc:  11.37%  loss: 4.1244  |  mF1: 3.9%
03:33:37  INFO      experiment.runner — Round   11/200  |  acc:  57.12%  loss: 1.2472  |  mF1: 57.3%
03:40:02  INFO      experiment.runner — Round   21/200  |  acc:  66.31%  loss: 1.0169  |  mF1: 66.2%
03:46:15  INFO      experiment.runner — Round   31/200  |  acc:  71.63%  loss: 0.8660  |  mF1: 71.6%
03:52:34  INFO      experiment.runner — Round   41/200  |  acc:  75.50%  loss: 0.7850  |  mF1: 75.5%
03:58:54  INFO      experiment.runner — Round   51/200  |  acc:  77.68%  loss: 0.7261  |  mF1: 77.7%
04:05:08  INFO      experiment.runner — Round   61/200  |  acc:  79.52%  loss: 0.6876  |  mF1: 79.5%
04:11:24  INFO      experiment.runner — Round   71/200  |  acc:  81.33%  loss: 0.6424  |  mF1: 81.3%
04:17:41  INFO      experiment.runner — Round   81/200  |  acc:  82.25%  loss: 0.6177  |  mF1: 82.2%
04:24:07  INFO      experiment.runner — Round   91/200  |  acc:  83.04%  loss: 0.5939  |  mF1: 83.0%
04:30:24  INFO      experiment.runner — Round  101/200  |  acc:  83.50%  loss: 0.5835  |  mF1: 83.4%
04:36:50  INFO      experiment.runner — Round  111/200  |  acc:  84.28%  loss: 0.5467  |  mF1: 84.3%
04:43:10  INFO      experiment.runner — Round  121/200  |  acc:  85.37%  loss: 0.5228  |  mF1: 85.3%
04:49:41  INFO      experiment.runner — Round  131/200  |  acc:  85.18%  loss: 0.5405  |  mF1: 85.0%
04:56:06  INFO      experiment.runner — Round  141/200  |  acc:  86.01%  loss: 0.5229  |  mF1: 85.9%
05:02:32  INFO      experiment.runner — Round  151/200  |  acc:  86.02%  loss: 0.5047  |  mF1: 86.0%
05:09:01  INFO      experiment.runner — Round  161/200  |  acc:  86.70%  loss: 0.5018  |  mF1: 86.7%
05:15:33  INFO      experiment.runner — Round  171/200  |  acc:  86.69%  loss: 0.4962  |  mF1: 86.6%
05:22:06  INFO      experiment.runner — Round  181/200  |  acc:  86.76%  loss: 0.4957  |  mF1: 86.7%
05:28:32  INFO      experiment.runner — Round  191/200  |  acc:  86.85%  loss: 0.5019  |  mF1: 86.9%
05:34:20  INFO      experiment.runner — Round  200/200  |  acc:  87.55%  loss: 0.4647  |  mF1: 87.5%
05:34:21  INFO      experiment.runner — Final model saved to results/benchmark/cifar10_none_none_seed6/final_model.pt
05:34:21  INFO      experiment.runner — Client atypicality written to results/benchmark/cifar10_none_none_seed6/client_atypicality.json
05:34:21  INFO      experiment.runner — Client inclusion rates written to results/benchmark/cifar10_none_none_seed6/client_inclusion.csv
05:34:21  INFO      benchmark — ✓  cifar10_none_none_seed6  (127.9 min)
05:34:21  INFO      benchmark — ▶  cifar10_none_none_seed7
05:34:21  INFO      experiment.runner — Initialising 'cifar10_none_none_seed7' | device=cuda | rounds=200 | clients=10/100 | attack=none | defense=none
05:34:36  INFO      experiment.utils — Built 100 clients — 0 malicious, 100 benign.
05:34:36  INFO      experiment.runner — Setup complete — 100 clients (0 malicious) | backdoor eval: none

==============================================================
  Summary — 21 rounds evaluated
==============================================================
  Final clean accuracy               87.55%
  Best  clean accuracy               87.55%
  Final clean loss                   0.4647
  Macro F1                           87.54%
==============================================================

Files already downloaded and verified
Files already downloaded and verified
Files already downloaded and verified
Files already downloaded and verified
05:35:19  INFO      experiment.runner — Round    1/200  |  acc:  14.32%  loss: 3.1682  |  mF1: 8.6%
05:41:19  INFO      experiment.runner — Round   11/200  |  acc:  56.47%  loss: 1.2877  |  mF1: 56.3%
05:47:22  INFO      experiment.runner — Round   21/200  |  acc:  66.52%  loss: 1.0167  |  mF1: 66.3%
05:53:27  INFO      experiment.runner — Round   31/200  |  acc:  70.34%  loss: 0.9415  |  mF1: 70.0%
05:59:25  INFO      experiment.runner — Round   41/200  |  acc:  74.48%  loss: 0.8259  |  mF1: 74.5%
06:05:16  INFO      experiment.runner — Round   51/200  |  acc:  76.68%  loss: 0.7696  |  mF1: 76.5%
06:11:11  INFO      experiment.runner — Round   61/200  |  acc:  78.79%  loss: 0.7051  |  mF1: 78.7%
06:16:59  INFO      experiment.runner — Round   71/200  |  acc:  80.25%  loss: 0.6672  |  mF1: 80.2%
06:22:46  INFO      experiment.runner — Round   81/200  |  acc:  80.95%  loss: 0.6590  |  mF1: 80.7%
06:28:44  INFO      experiment.runner — Round   91/200  |  acc:  82.63%  loss: 0.6097  |  mF1: 82.6%
06:34:45  INFO      experiment.runner — Round  101/200  |  acc:  82.89%  loss: 0.5863  |  mF1: 82.8%
06:40:40  INFO      experiment.runner — Round  111/200  |  acc:  83.67%  loss: 0.5920  |  mF1: 83.6%
06:46:38  INFO      experiment.runner — Round  121/200  |  acc:  85.33%  loss: 0.5450  |  mF1: 85.3%
06:52:38  INFO      experiment.runner — Round  131/200  |  acc:  84.89%  loss: 0.5633  |  mF1: 84.8%
06:58:32  INFO      experiment.runner — Round  141/200  |  acc:  85.57%  loss: 0.5344  |  mF1: 85.5%
07:04:31  INFO      experiment.runner — Round  151/200  |  acc:  85.45%  loss: 0.5325  |  mF1: 85.4%
07:10:28  INFO      experiment.runner — Round  161/200  |  acc:  86.12%  loss: 0.5169  |  mF1: 86.1%
07:16:31  INFO      experiment.runner — Round  171/200  |  acc:  85.75%  loss: 0.5326  |  mF1: 85.7%
07:22:26  INFO      experiment.runner — Round  181/200  |  acc:  86.70%  loss: 0.5080  |  mF1: 86.6%
07:28:28  INFO      experiment.runner — Round  191/200  |  acc:  87.03%  loss: 0.5016  |  mF1: 87.0%
07:33:54  INFO      experiment.runner — Round  200/200  |  acc:  87.43%  loss: 0.4848  |  mF1: 87.4%
07:33:54  INFO      experiment.runner — Final model saved to results/benchmark/cifar10_none_none_seed7/final_model.pt
07:33:54  INFO      experiment.runner — Client atypicality written to results/benchmark/cifar10_none_none_seed7/client_atypicality.json
07:33:54  INFO      experiment.runner — Client inclusion rates written to results/benchmark/cifar10_none_none_seed7/client_inclusion.csv
07:33:55  INFO      benchmark — ✓  cifar10_none_none_seed7  (119.6 min)
07:33:55  INFO      benchmark — ▶  cifar10_none_none_seed8
07:33:55  INFO      experiment.runner — Initialising 'cifar10_none_none_seed8' | device=cuda | rounds=200 | clients=10/100 | attack=none | defense=none
07:34:10  INFO      experiment.utils — Built 100 clients — 0 malicious, 100 benign.
07:34:10  INFO      experiment.runner — Setup complete — 100 clients (0 malicious) | backdoor eval: none

==============================================================
  Summary — 21 rounds evaluated
==============================================================
  Final clean accuracy               87.43%
  Best  clean accuracy               87.43%
  Final clean loss                   0.4848
  Macro F1                           87.36%
==============================================================

Files already downloaded and verified
Files already downloaded and verified
Files already downloaded and verified
Files already downloaded and verified
07:34:47  INFO      experiment.runner — Round    1/200  |  acc:  11.70%  loss: 4.5588  |  mF1: 4.8%
07:40:48  INFO      experiment.runner — Round   11/200  |  acc:  57.78%  loss: 1.2184  |  mF1: 57.7%
07:46:50  INFO      experiment.runner — Round   21/200  |  acc:  67.27%  loss: 0.9849  |  mF1: 67.0%
07:52:50  INFO      experiment.runner — Round   31/200  |  acc:  72.86%  loss: 0.8552  |  mF1: 72.7%
07:58:46  INFO      experiment.runner — Round   41/200  |  acc:  75.89%  loss: 0.7769  |  mF1: 75.5%
08:04:53  INFO      experiment.runner — Round   51/200  |  acc:  77.96%  loss: 0.7184  |  mF1: 77.9%
08:10:58  INFO      experiment.runner — Round   61/200  |  acc:  80.10%  loss: 0.6516  |  mF1: 79.9%
08:16:57  INFO      experiment.runner — Round   71/200  |  acc:  81.86%  loss: 0.6076  |  mF1: 81.8%
08:22:58  INFO      experiment.runner — Round   81/200  |  acc:  82.91%  loss: 0.5651  |  mF1: 82.9%
08:28:58  INFO      experiment.runner — Round   91/200  |  acc:  83.47%  loss: 0.5500  |  mF1: 83.5%
08:35:06  INFO      experiment.runner — Round  101/200  |  acc:  84.24%  loss: 0.5615  |  mF1: 84.1%
08:41:08  INFO      experiment.runner — Round  111/200  |  acc:  84.74%  loss: 0.5254  |  mF1: 84.7%
08:47:12  INFO      experiment.runner — Round  121/200  |  acc:  85.06%  loss: 0.5381  |  mF1: 84.9%
08:53:18  INFO      experiment.runner — Round  131/200  |  acc:  85.82%  loss: 0.5053  |  mF1: 85.8%
08:59:25  INFO      experiment.runner — Round  141/200  |  acc:  85.98%  loss: 0.5163  |  mF1: 85.9%
09:05:31  INFO      experiment.runner — Round  151/200  |  acc:  86.28%  loss: 0.5132  |  mF1: 86.3%
09:11:34  INFO      experiment.runner — Round  161/200  |  acc:  86.50%  loss: 0.4979  |  mF1: 86.5%
09:17:35  INFO      experiment.runner — Round  171/200  |  acc:  86.69%  loss: 0.5029  |  mF1: 86.7%
09:23:33  INFO      experiment.runner — Round  181/200  |  acc:  87.38%  loss: 0.4646  |  mF1: 87.4%
09:29:32  INFO      experiment.runner — Round  191/200  |  acc:  87.41%  loss: 0.4865  |  mF1: 87.4%
09:34:48  INFO      experiment.runner — Round  200/200  |  acc:  87.61%  loss: 0.4898  |  mF1: 87.5%
09:34:49  INFO      experiment.runner — Final model saved to results/benchmark/cifar10_none_none_seed8/final_model.pt
09:34:49  INFO      experiment.runner — Client atypicality written to results/benchmark/cifar10_none_none_seed8/client_atypicality.json
09:34:49  INFO      experiment.runner — Client inclusion rates written to results/benchmark/cifar10_none_none_seed8/client_inclusion.csv
09:34:49  INFO      benchmark — ✓  cifar10_none_none_seed8  (120.9 min)
09:34:49  INFO      benchmark — ▶  cifar10_none_none_seed9
09:34:49  INFO      experiment.runner — Initialising 'cifar10_none_none_seed9' | device=cuda | rounds=200 | clients=10/100 | attack=none | defense=none
09:35:05  INFO      experiment.utils — Built 100 clients — 0 malicious, 100 benign.
09:35:05  INFO      experiment.runner — Setup complete — 100 clients (0 malicious) | backdoor eval: none

==============================================================
  Summary — 21 rounds evaluated
==============================================================
  Final clean accuracy               87.61%
  Best  clean accuracy               87.61%
  Final clean loss                   0.4898
  Macro F1                           87.52%
==============================================================

Files already downloaded and verified
Files already downloaded and verified
Files already downloaded and verified
Files already downloaded and verified
09:35:43  INFO      experiment.runner — Round    1/200  |  acc:  11.48%  loss: 3.9960  |  mF1: 4.5%
09:41:30  INFO      experiment.runner — Round   11/200  |  acc:  56.25%  loss: 1.2786  |  mF1: 56.1%
09:47:26  INFO      experiment.runner — Round   21/200  |  acc:  66.82%  loss: 1.0083  |  mF1: 66.5%
09:53:25  INFO      experiment.runner — Round   31/200  |  acc:  71.35%  loss: 0.9017  |  mF1: 71.2%
09:59:18  INFO      experiment.runner — Round   41/200  |  acc:  74.43%  loss: 0.8184  |  mF1: 74.4%
10:05:12  INFO      experiment.runner — Round   51/200  |  acc:  76.71%  loss: 0.7620  |  mF1: 76.6%
10:11:06  INFO      experiment.runner — Round   61/200  |  acc:  78.70%  loss: 0.6932  |  mF1: 78.7%
10:17:01  INFO      experiment.runner — Round   71/200  |  acc:  80.52%  loss: 0.6494  |  mF1: 80.4%
10:22:56  INFO      experiment.runner — Round   81/200  |  acc:  81.62%  loss: 0.6175  |  mF1: 81.6%
10:28:43  INFO      experiment.runner — Round   91/200  |  acc:  82.71%  loss: 0.5903  |  mF1: 82.7%
10:34:30  INFO      experiment.runner — Round  101/200  |  acc:  83.56%  loss: 0.5721  |  mF1: 83.6%
10:40:21  INFO      experiment.runner — Round  111/200  |  acc:  84.10%  loss: 0.5611  |  mF1: 83.9%
10:46:12  INFO      experiment.runner — Round  121/200  |  acc:  84.66%  loss: 0.5457  |  mF1: 84.6%
10:52:10  INFO      experiment.runner — Round  131/200  |  acc:  85.25%  loss: 0.5235  |  mF1: 85.3%
10:57:59  INFO      experiment.runner — Round  141/200  |  acc:  84.90%  loss: 0.5581  |  mF1: 84.8%
11:03:49  INFO      experiment.runner — Round  151/200  |  acc:  85.61%  loss: 0.5171  |  mF1: 85.6%
11:09:40  INFO      experiment.runner — Round  161/200  |  acc:  85.76%  loss: 0.5211  |  mF1: 85.6%
11:15:38  INFO      experiment.runner — Round  171/200  |  acc:  86.65%  loss: 0.4978  |  mF1: 86.6%
11:21:23  INFO      experiment.runner — Round  181/200  |  acc:  86.56%  loss: 0.4852  |  mF1: 86.5%
11:27:04  INFO      experiment.runner — Round  191/200  |  acc:  86.49%  loss: 0.5112  |  mF1: 86.4%
11:32:21  INFO      experiment.runner — Round  200/200  |  acc:  86.61%  loss: 0.5101  |  mF1: 86.5%
11:32:22  INFO      experiment.runner — Final model saved to results/benchmark/cifar10_none_none_seed9/final_model.pt
11:32:22  INFO      experiment.runner — Client atypicality written to results/benchmark/cifar10_none_none_seed9/client_atypicality.json
11:32:22  INFO      experiment.runner — Client inclusion rates written to results/benchmark/cifar10_none_none_seed9/client_inclusion.csv
11:32:22  INFO      benchmark — ✓  cifar10_none_none_seed9  (117.5 min)
11:32:22  INFO      benchmark — ▶  cifar10_none_toposentinel_seed0
11:32:22  INFO      experiment.runner — Initialising 'cifar10_none_toposentinel_seed0' | device=cuda | rounds=200 | clients=10/100 | attack=none | defense=toposentinel
11:32:25  INFO      defenses.toposentinel — TopoSentinelServer — metric=euclidean  threshold=0.800→0.010 (decay=0.9900)  history_window=20  interval_percentiles=[5, 95]
11:32:37  INFO      experiment.utils — Built 100 clients — 0 malicious, 100 benign.
11:32:37  INFO      experiment.runner — Setup complete — 100 clients (0 malicious) | backdoor eval: none

==============================================================
  Summary — 21 rounds evaluated
==============================================================
  Final clean accuracy               86.61%
  Best  clean accuracy               86.65%
  Final clean loss                   0.5101
  Macro F1                           86.50%
==============================================================

Files already downloaded and verified
Files already downloaded and verified
Files already downloaded and verified
Files already downloaded and verified
11:33:14  INFO      defenses.toposentinel — TopoSentinel round 0: 0 / 10 rejected  clip_norm=56.3606  threshold=0.8000  history=10
11:33:27  INFO      experiment.runner — Round    1/200  |  acc:  13.24%  loss: 3.8217  |  FPR: 0.0%  |  mF1: 6.6%
11:34:01  INFO      defenses.toposentinel — TopoSentinel: bottleneck=0.0372  threshold=0.7920
11:34:05  INFO      defenses.toposentinel — TopoSentinel round 1: 0 / 10 rejected  clip_norm=22.6715  threshold=0.7920  history=20
11:34:51  INFO      defenses.toposentinel — TopoSentinel: bottleneck=0.0363  threshold=0.7841
11:34:54  INFO      defenses.toposentinel — TopoSentinel round 2: 0 / 10 rejected  clip_norm=18.6770  threshold=0.7841  history=30
11:35:37  INFO      defenses.toposentinel — TopoSentinel: bottleneck=0.0242  threshold=0.7762
11:35:40  INFO      defenses.toposentinel — TopoSentinel round 3: 0 / 10 rejected  clip_norm=15.5931  threshold=0.7762  history=40
11:36:23  INFO      defenses.toposentinel — TopoSentinel: bottleneck=0.0108  threshold=0.7685
11:36:27  INFO      defenses.toposentinel — TopoSentinel round 4: 0 / 10 rejected  clip_norm=14.1618  threshold=0.7685  history=50
11:37:09  INFO      defenses.toposentinel — TopoSentinel: bottleneck=0.0083  threshold=0.7608
11:37:13  INFO      defenses.toposentinel — TopoSentinel round 5: 0 / 10 rejected  clip_norm=13.1934  threshold=0.7608  history=60
11:37:55  INFO      defenses.toposentinel — TopoSentinel: bottleneck=0.0052  threshold=0.7532
11:37:59  INFO      defenses.toposentinel — TopoSentinel round 6: 0 / 10 rejected  clip_norm=12.5355  threshold=0.7532  history=70
11:38:41  INFO      defenses.toposentinel — TopoSentinel: bottleneck=0.0020  threshold=0.7457
11:38:46  INFO      defenses.toposentinel — TopoSentinel round 7: 0 / 10 rejected  clip_norm=11.8365  threshold=0.7457  history=80
11:39:31  INFO      defenses.toposentinel — TopoSentinel: bottleneck=0.0027  threshold=0.7382
11:39:38  INFO      defenses.toposentinel — TopoSentinel round 8: 0 / 10 rejected  clip_norm=11.3506  threshold=0.7382  history=90
11:40:22  INFO      defenses.toposentinel — TopoSentinel: bottleneck=0.0031  threshold=0.7308
11:40:25  INFO      defenses.toposentinel — TopoSentinel round 9: 0 / 10 rejected  clip_norm=11.6527  threshold=0.7308  history=100
11:41:11  INFO      defenses.toposentinel — TopoSentinel: bottleneck=0.0023  threshold=0.7235
11:41:14  INFO      defenses.toposentinel — TopoSentinel round 10: 0 / 10 rejected  clip_norm=11.4063  threshold=0.7235  history=110
11:41:28  INFO      experiment.runner — Round   11/200  |  acc:  56.14%  loss: 1.2727  |  FPR: 0.0%  |  mF1: 56.1%
11:42:00  INFO      defenses.toposentinel — TopoSentinel: bottleneck=0.0043  threshold=0.7163
11:42:03  INFO      defenses.toposentinel — TopoSentinel round 11: 0 / 10 rejected  clip_norm=11.4702  threshold=0.7163  history=120
11:42:47  INFO      defenses.toposentinel — TopoSentinel: bottleneck=0.0047  threshold=0.7091
11:42:50  INFO      defenses.toposentinel — TopoSentinel round 12: 0 / 10 rejected  clip_norm=11.3259  threshold=0.7091  history=130
11:43:34  INFO      defenses.toposentinel — TopoSentinel: bottleneck=0.0043  threshold=0.7020
11:43:37  INFO      defenses.toposentinel — TopoSentinel round 13: 0 / 10 rejected  clip_norm=11.3214  threshold=0.7020  history=140
11:44:25  INFO      defenses.toposentinel — TopoSentinel: bottleneck=0.0023  threshold=0.6950
11:44:28  INFO      defenses.toposentinel — TopoSentinel round 14: 0 / 10 rejected  clip_norm=11.4523  threshold=0.6950  history=150
11:45:16  INFO      defenses.toposentinel — TopoSentinel: bottleneck=0.0059  threshold=0.6880
11:45:19  INFO      defenses.toposentinel — TopoSentinel round 15: 0 / 10 rejected  clip_norm=11.1740  threshold=0.6880  history=150
11:46:04  INFO      defenses.toposentinel — TopoSentinel: bottleneck=0.0028  threshold=0.6812
11:46:08  INFO      defenses.toposentinel — TopoSentinel round 16: 0 / 10 rejected  clip_norm=11.2861  threshold=0.6812  history=150
11:46:50  INFO      defenses.toposentinel — TopoSentinel: bottleneck=0.0013  threshold=0.6744
11:46:54  INFO      defenses.toposentinel — TopoSentinel round 17: 0 / 10 rejected  clip_norm=10.9353  threshold=0.6744  history=150
11:47:39  INFO      defenses.toposentinel — TopoSentinel: bottleneck=0.0057  threshold=0.6676
11:47:43  INFO      defenses.toposentinel — TopoSentinel round 18: 0 / 10 rejected  clip_norm=11.3888  threshold=0.6676  history=150
11:48:27  INFO      defenses.toposentinel — TopoSentinel: bottleneck=0.0050  threshold=0.6609
11:48:31  INFO      defenses.toposentinel — TopoSentinel round 19: 0 / 10 rejected  clip_norm=10.9831  threshold=0.6609  history=150
11:49:17  INFO      defenses.toposentinel — TopoSentinel: bottleneck=0.0021  threshold=0.6543
11:49:21  INFO      defenses.toposentinel — TopoSentinel round 20: 0 / 10 rejected  clip_norm=11.2147  threshold=0.6543  history=150
11:49:34  INFO      experiment.runner — Round   21/200  |  acc:  67.17%  loss: 1.0087  |  FPR: 0.0%  |  mF1: 67.0%
11:50:14  INFO      defenses.toposentinel — TopoSentinel: bottleneck=0.0022  threshold=0.6478
11:50:18  INFO      defenses.toposentinel — TopoSentinel round 21: 0 / 10 rejected  clip_norm=10.9244  threshold=0.6478  history=150
11:51:03  INFO      defenses.toposentinel — TopoSentinel: bottleneck=0.0026  threshold=0.6413
11:51:07  INFO      defenses.toposentinel — TopoSentinel round 22: 0 / 10 rejected  clip_norm=10.7554  threshold=0.6413  history=150
11:51:52  INFO      defenses.toposentinel — TopoSentinel: bottleneck=0.0020  threshold=0.6349
11:51:55  INFO      defenses.toposentinel — TopoSentinel round 23: 0 / 10 rejected  clip_norm=10.8808  threshold=0.6349  history=150
11:52:41  INFO      defenses.toposentinel — TopoSentinel: bottleneck=0.0033  threshold=0.6285
11:52:44  INFO      defenses.toposentinel — TopoSentinel round 24: 0 / 10 rejected  clip_norm=10.7001  threshold=0.6285  history=150
11:53:28  INFO      defenses.toposentinel — TopoSentinel: bottleneck=0.0052  threshold=0.6223
11:53:33  INFO      defenses.toposentinel — TopoSentinel round 25: 0 / 10 rejected  clip_norm=10.6755  threshold=0.6223  history=150
11:54:20  INFO      defenses.toposentinel — TopoSentinel: bottleneck=0.0014  threshold=0.6160
11:54:25  INFO      defenses.toposentinel — TopoSentinel round 26: 0 / 10 rejected  clip_norm=10.8074  threshold=0.6160  history=150
11:55:16  INFO      defenses.toposentinel — TopoSentinel: bottleneck=0.0052  threshold=0.6099
11:55:19  INFO      defenses.toposentinel — TopoSentinel round 27: 0 / 10 rejected  clip_norm=10.5052  threshold=0.6099  history=150
11:56:07  INFO      defenses.toposentinel — TopoSentinel: bottleneck=0.0035  threshold=0.6038
11:56:11  INFO      defenses.toposentinel — TopoSentinel round 28: 0 / 10 rejected  clip_norm=10.4738  threshold=0.6038  history=150
11:57:00  INFO      defenses.toposentinel — TopoSentinel: bottleneck=0.0026  threshold=0.5977
11:57:03  INFO      defenses.toposentinel — TopoSentinel round 29: 0 / 10 rejected  clip_norm=10.5092  threshold=0.5977  history=150
11:57:49  INFO      defenses.toposentinel — TopoSentinel: bottleneck=0.0023  threshold=0.5918
11:57:52  INFO      defenses.toposentinel — TopoSentinel round 30: 0 / 10 rejected  clip_norm=10.5903  threshold=0.5918  history=150
11:58:06  INFO      experiment.runner — Round   31/200  |  acc:  71.96%  loss: 0.8651  |  FPR: 0.0%  |  mF1: 71.8%
11:58:43  INFO      defenses.toposentinel — TopoSentinel: bottleneck=0.0045  threshold=0.5858
11:58:47  INFO      defenses.toposentinel — TopoSentinel round 31: 0 / 10 rejected  clip_norm=10.5257  threshold=0.5858  history=150
11:59:33  INFO      defenses.toposentinel — TopoSentinel: bottleneck=0.0075  threshold=0.5800
11:59:36  INFO      defenses.toposentinel — TopoSentinel round 32: 0 / 10 rejected  clip_norm=10.4382  threshold=0.5800  history=150
12:00:23  INFO      defenses.toposentinel — TopoSentinel: bottleneck=0.0109  threshold=0.5742
12:00:26  INFO      defenses.toposentinel — TopoSentinel round 33: 0 / 10 rejected  clip_norm=10.9344  threshold=0.5742  history=150
12:01:13  INFO      defenses.toposentinel — TopoSentinel: bottleneck=0.0073  threshold=0.5684
12:01:17  INFO      defenses.toposentinel — TopoSentinel round 34: 0 / 10 rejected  clip_norm=10.4374  threshold=0.5684  history=150
12:02:05  INFO      defenses.toposentinel — TopoSentinel: bottleneck=0.0030  threshold=0.5628
12:02:09  INFO      defenses.toposentinel — TopoSentinel round 35: 0 / 10 rejected  clip_norm=10.5543  threshold=0.5628  history=150
12:02:55  INFO      defenses.toposentinel — TopoSentinel: bottleneck=0.0043  threshold=0.5571
12:02:59  INFO      defenses.toposentinel — TopoSentinel round 36: 0 / 10 rejected  clip_norm=10.5874  threshold=0.5571  history=150
12:03:46  INFO      defenses.toposentinel — TopoSentinel: bottleneck=0.0048  threshold=0.5516
12:03:50  INFO      defenses.toposentinel — TopoSentinel round 37: 0 / 10 rejected  clip_norm=10.6192  threshold=0.5516  history=150
12:04:36  INFO      defenses.toposentinel — TopoSentinel: bottleneck=0.0048  threshold=0.5460
12:04:39  INFO      defenses.toposentinel — TopoSentinel round 38: 0 / 10 rejected  clip_norm=10.5343  threshold=0.5460  history=150
12:05:26  INFO      defenses.toposentinel — TopoSentinel: bottleneck=0.0059  threshold=0.5406
12:05:29  INFO      defenses.toposentinel — TopoSentinel round 39: 0 / 10 rejected  clip_norm=10.3254  threshold=0.5406  history=150
12:06:16  INFO      defenses.toposentinel — TopoSentinel: bottleneck=0.0046  threshold=0.5352
12:06:19  INFO      defenses.toposentinel — TopoSentinel round 40: 0 / 10 rejected  clip_norm=10.4718  threshold=0.5352  history=150
12:06:32  INFO      experiment.runner — Round   41/200  |  acc:  75.28%  loss: 0.7820  |  FPR: 0.0%  |  mF1: 75.0%
12:07:07  INFO      defenses.toposentinel — TopoSentinel: bottleneck=0.0018  threshold=0.5298
12:07:11  INFO      defenses.toposentinel — TopoSentinel round 41: 0 / 10 rejected  clip_norm=10.2871  threshold=0.5298  history=150
12:07:56  INFO      defenses.toposentinel — TopoSentinel: bottleneck=0.0047  threshold=0.5245
12:08:01  INFO      defenses.toposentinel — TopoSentinel round 42: 0 / 10 rejected  clip_norm=10.4395  threshold=0.5245  history=150
12:08:47  INFO      defenses.toposentinel — TopoSentinel: bottleneck=0.0073  threshold=0.5193
12:08:50  INFO      defenses.toposentinel — TopoSentinel round 43: 0 / 10 rejected  clip_norm=10.4059  threshold=0.5193  history=150
12:09:37  INFO      defenses.toposentinel — TopoSentinel: bottleneck=0.0026  threshold=0.5141
12:09:40  INFO      defenses.toposentinel — TopoSentinel round 44: 0 / 10 rejected  clip_norm=10.1969  threshold=0.5141  history=150
12:10:27  INFO      defenses.toposentinel — TopoSentinel: bottleneck=0.0044  threshold=0.5089
12:10:30  INFO      defenses.toposentinel — TopoSentinel round 45: 0 / 10 rejected  clip_norm=9.9945  threshold=0.5089  history=150
12:11:18  INFO      defenses.toposentinel — TopoSentinel: bottleneck=0.0044  threshold=0.5039
12:11:22  INFO      defenses.toposentinel — TopoSentinel round 46: 0 / 10 rejected  clip_norm=10.0676  threshold=0.5039  history=150
12:12:07  INFO      defenses.toposentinel — TopoSentinel: bottleneck=0.0046  threshold=0.4988
12:12:11  INFO      defenses.toposentinel — TopoSentinel round 47: 0 / 10 rejected  clip_norm=10.3860  threshold=0.4988  history=150
12:12:57  INFO      defenses.toposentinel — TopoSentinel: bottleneck=0.0058  threshold=0.4938
12:13:00  INFO      defenses.toposentinel — TopoSentinel round 48: 0 / 10 rejected  clip_norm=10.0841  threshold=0.4938  history=150
12:13:45  INFO      defenses.toposentinel — TopoSentinel: bottleneck=0.0027  threshold=0.4889
12:13:49  INFO      defenses.toposentinel — TopoSentinel round 49: 0 / 10 rejected  clip_norm=10.2766  threshold=0.4889  history=150
12:14:36  INFO      defenses.toposentinel — TopoSentinel: bottleneck=0.0037  threshold=0.4840
12:14:40  INFO      defenses.toposentinel — TopoSentinel round 50: 0 / 10 rejected  clip_norm=9.9782  threshold=0.4840  history=150
12:14:57  INFO      experiment.runner — Round   51/200  |  acc:  77.80%  loss: 0.7053  |  FPR: 0.0%  |  mF1: 77.7%
12:15:31  INFO      defenses.toposentinel — TopoSentinel: bottleneck=0.0016  threshold=0.4792
12:15:34  INFO      defenses.toposentinel — TopoSentinel round 51: 0 / 10 rejected  clip_norm=9.6113  threshold=0.4792  history=150
12:16:24  INFO      defenses.toposentinel — TopoSentinel: bottleneck=0.0062  threshold=0.4744
12:16:28  INFO      defenses.toposentinel — TopoSentinel round 52: 0 / 10 rejected  clip_norm=9.9641  threshold=0.4744  history=150
12:17:11  INFO      defenses.toposentinel — TopoSentinel: bottleneck=0.0034  threshold=0.4696
12:17:16  INFO      defenses.toposentinel — TopoSentinel round 53: 0 / 10 rejected  clip_norm=9.8046  threshold=0.4696  history=150
12:18:01  INFO      defenses.toposentinel — TopoSentinel: bottleneck=0.0044  threshold=0.4649
12:18:05  INFO      defenses.toposentinel — TopoSentinel round 54: 0 / 10 rejected  clip_norm=9.6838  threshold=0.4649  history=150
12:18:52  INFO      defenses.toposentinel — TopoSentinel: bottleneck=0.0064  threshold=0.4603
12:18:55  INFO      defenses.toposentinel — TopoSentinel round 55: 0 / 10 rejected  clip_norm=9.8556  threshold=0.4603  history=150
12:19:41  INFO      defenses.toposentinel — TopoSentinel: bottleneck=0.0029  threshold=0.4557
12:19:44  INFO      defenses.toposentinel — TopoSentinel round 56: 0 / 10 rejected  clip_norm=9.9982  threshold=0.4557  history=150
12:20:31  INFO      defenses.toposentinel — TopoSentinel: bottleneck=0.0056  threshold=0.4511
12:20:34  INFO      defenses.toposentinel — TopoSentinel round 57: 0 / 10 rejected  clip_norm=9.9792  threshold=0.4511  history=150
12:21:21  INFO      defenses.toposentinel — TopoSentinel: bottleneck=0.0061  threshold=0.4466
12:21:25  INFO      defenses.toposentinel — TopoSentinel round 58: 0 / 10 rejected  clip_norm=9.8529  threshold=0.4466  history=150
12:22:11  INFO      defenses.toposentinel — TopoSentinel: bottleneck=0.0072  threshold=0.4421
12:22:14  INFO      defenses.toposentinel — TopoSentinel round 59: 0 / 10 rejected  clip_norm=9.8318  threshold=0.4421  history=150
12:23:00  INFO      defenses.toposentinel — TopoSentinel: bottleneck=0.0045  threshold=0.4377
12:23:04  INFO      defenses.toposentinel — TopoSentinel round 60: 0 / 10 rejected  clip_norm=9.4635  threshold=0.4377  history=150
12:23:18  INFO      experiment.runner — Round   61/200  |  acc:  79.53%  loss: 0.6812  |  FPR: 0.0%  |  mF1: 79.5%
12:23:53  INFO      defenses.toposentinel — TopoSentinel: bottleneck=0.0043  threshold=0.4333
12:23:57  INFO      defenses.toposentinel — TopoSentinel round 61: 0 / 10 rejected  clip_norm=9.4949  threshold=0.4333  history=150
12:24:43  INFO      defenses.toposentinel — TopoSentinel: bottleneck=0.0077  threshold=0.4290
12:24:46  INFO      defenses.toposentinel — TopoSentinel round 62: 0 / 10 rejected  clip_norm=9.6285  threshold=0.4290  history=150
12:25:33  INFO      defenses.toposentinel — TopoSentinel: bottleneck=0.0114  threshold=0.4247
12:25:37  INFO      defenses.toposentinel — TopoSentinel round 63: 0 / 10 rejected  clip_norm=9.8018  threshold=0.4247  history=150
12:26:24  INFO      defenses.toposentinel — TopoSentinel: bottleneck=0.0121  threshold=0.4205
12:26:28  INFO      defenses.toposentinel — TopoSentinel round 64: 0 / 10 rejected  clip_norm=9.6417  threshold=0.4205  history=150
12:27:15  INFO      defenses.toposentinel — TopoSentinel: bottleneck=0.0062  threshold=0.4163
12:27:19  INFO      defenses.toposentinel — TopoSentinel round 65: 0 / 10 rejected  clip_norm=9.1662  threshold=0.4163  history=150
12:28:06  INFO      defenses.toposentinel — TopoSentinel: bottleneck=0.0113  threshold=0.4121
12:28:10  INFO      defenses.toposentinel — TopoSentinel round 66: 0 / 10 rejected  clip_norm=9.6681  threshold=0.4121  history=150
12:28:56  INFO      defenses.toposentinel — TopoSentinel: bottleneck=0.0026  threshold=0.4080
12:28:59  INFO      defenses.toposentinel — TopoSentinel round 67: 0 / 10 rejected  clip_norm=9.4588  threshold=0.4080  history=150
12:29:45  INFO      defenses.toposentinel — TopoSentinel: bottleneck=0.0062  threshold=0.4039
12:29:48  INFO      defenses.toposentinel — TopoSentinel round 68: 0 / 10 rejected  clip_norm=9.7250  threshold=0.4039  history=150
12:30:32  INFO      defenses.toposentinel — TopoSentinel: bottleneck=0.0047  threshold=0.3999
12:30:35  INFO      defenses.toposentinel — TopoSentinel round 69: 0 / 10 rejected  clip_norm=9.4429  threshold=0.3999  history=150
12:31:22  INFO      defenses.toposentinel — TopoSentinel: bottleneck=0.0051  threshold=0.3959
12:31:27  INFO      defenses.toposentinel — TopoSentinel round 70: 0 / 10 rejected  clip_norm=9.5678  threshold=0.3959  history=150
12:31:40  INFO      experiment.runner — Round   71/200  |  acc:  81.05%  loss: 0.6597  |  FPR: 0.0%  |  mF1: 80.9%
12:32:15  INFO      defenses.toposentinel — TopoSentinel: bottleneck=0.0049  threshold=0.3919
12:32:20  INFO      defenses.toposentinel — TopoSentinel round 71: 0 / 10 rejected  clip_norm=9.4125  threshold=0.3919  history=150
12:33:04  INFO      defenses.toposentinel — TopoSentinel: bottleneck=0.0082  threshold=0.3880
12:33:07  INFO      defenses.toposentinel — TopoSentinel round 72: 0 / 10 rejected  clip_norm=9.2144  threshold=0.3880  history=150
12:33:55  INFO      defenses.toposentinel — TopoSentinel: bottleneck=0.0031  threshold=0.3841
12:33:58  INFO      defenses.toposentinel — TopoSentinel round 73: 0 / 10 rejected  clip_norm=9.1917  threshold=0.3841  history=150
12:34:44  INFO      defenses.toposentinel — TopoSentinel: bottleneck=0.0064  threshold=0.3803
12:34:47  INFO      defenses.toposentinel — TopoSentinel round 74: 0 / 10 rejected  clip_norm=9.2856  threshold=0.3803  history=150
12:35:33  INFO      defenses.toposentinel — TopoSentinel: bottleneck=0.0043  threshold=0.3765
12:35:36  INFO      defenses.toposentinel — TopoSentinel round 75: 0 / 10 rejected  clip_norm=9.5094  threshold=0.3765  history=150
12:36:24  INFO      defenses.toposentinel — TopoSentinel: bottleneck=0.0112  threshold=0.3727
12:36:29  INFO      defenses.toposentinel — TopoSentinel round 76: 0 / 10 rejected  clip_norm=9.6794  threshold=0.3727  history=150
12:37:13  INFO      defenses.toposentinel — TopoSentinel: bottleneck=0.0158  threshold=0.3690
12:37:16  INFO      defenses.toposentinel — TopoSentinel round 77: 0 / 10 rejected  clip_norm=9.2814  threshold=0.3690  history=150
12:38:04  INFO      defenses.toposentinel — TopoSentinel: bottleneck=0.0078  threshold=0.3653
12:38:07  INFO      defenses.toposentinel — TopoSentinel round 78: 0 / 10 rejected  clip_norm=9.2886  threshold=0.3653  history=150
12:39:05  INFO      defenses.toposentinel — TopoSentinel: bottleneck=0.0111  threshold=0.3616
12:39:09  INFO      defenses.toposentinel — TopoSentinel round 79: 0 / 10 rejected  clip_norm=9.2177  threshold=0.3616  history=150
12:39:54  INFO      defenses.toposentinel — TopoSentinel: bottleneck=0.0068  threshold=0.3580
12:39:58  INFO      defenses.toposentinel — TopoSentinel round 80: 0 / 10 rejected  clip_norm=9.3147  threshold=0.3580  history=150
12:40:13  INFO      experiment.runner — Round   81/200  |  acc:  82.50%  loss: 0.6086  |  FPR: 0.0%  |  mF1: 82.5%
12:40:49  INFO      defenses.toposentinel — TopoSentinel: bottleneck=0.0115  threshold=0.3544
12:40:52  INFO      defenses.toposentinel — TopoSentinel round 81: 0 / 10 rejected  clip_norm=9.1796  threshold=0.3544  history=150
12:41:41  INFO      defenses.toposentinel — TopoSentinel: bottleneck=0.0143  threshold=0.3509
12:41:44  INFO      defenses.toposentinel — TopoSentinel round 82: 0 / 10 rejected  clip_norm=8.9690  threshold=0.3509  history=150
12:42:31  INFO      defenses.toposentinel — TopoSentinel: bottleneck=0.0051  threshold=0.3474
12:42:34  INFO      defenses.toposentinel — TopoSentinel round 83: 0 / 10 rejected  clip_norm=9.2431  threshold=0.3474  history=150
12:43:20  INFO      defenses.toposentinel — TopoSentinel: bottleneck=0.0054  threshold=0.3439
12:43:24  INFO      defenses.toposentinel — TopoSentinel round 84: 0 / 10 rejected  clip_norm=9.0569  threshold=0.3439  history=150
12:44:08  INFO      defenses.toposentinel — TopoSentinel: bottleneck=0.0054  threshold=0.3405
12:44:12  INFO      defenses.toposentinel — TopoSentinel round 85: 0 / 10 rejected  clip_norm=9.0163  threshold=0.3405  history=150
12:44:58  INFO      defenses.toposentinel — TopoSentinel: bottleneck=0.0075  threshold=0.3371
12:45:02  INFO      defenses.toposentinel — TopoSentinel round 86: 0 / 10 rejected  clip_norm=9.3467  threshold=0.3371  history=150
12:45:48  INFO      defenses.toposentinel — TopoSentinel: bottleneck=0.0036  threshold=0.3337
12:45:51  INFO      defenses.toposentinel — TopoSentinel round 87: 0 / 10 rejected  clip_norm=9.3809  threshold=0.3337  history=150
12:46:39  INFO      defenses.toposentinel — TopoSentinel: bottleneck=0.0087  threshold=0.3304
12:46:44  INFO      defenses.toposentinel — TopoSentinel round 88: 0 / 10 rejected  clip_norm=8.8755  threshold=0.3304  history=150
12:47:29  INFO      defenses.toposentinel — TopoSentinel: bottleneck=0.0050  threshold=0.3271
12:47:32  INFO      defenses.toposentinel — TopoSentinel round 89: 0 / 10 rejected  clip_norm=9.1355  threshold=0.3271  history=150
12:48:20  INFO      defenses.toposentinel — TopoSentinel: bottleneck=0.0045  threshold=0.3238
12:48:25  INFO      defenses.toposentinel — TopoSentinel round 90: 0 / 10 rejected  clip_norm=9.0788  threshold=0.3238  history=150
12:48:41  INFO      experiment.runner — Round   91/200  |  acc:  82.95%  loss: 0.5893  |  FPR: 0.0%  |  mF1: 82.9%
12:49:15  INFO      defenses.toposentinel — TopoSentinel: bottleneck=0.0036  threshold=0.3205
12:49:19  INFO      defenses.toposentinel — TopoSentinel round 91: 0 / 10 rejected  clip_norm=8.7679  threshold=0.3205  history=150
12:50:04  INFO      defenses.toposentinel — TopoSentinel: bottleneck=0.0097  threshold=0.3173
12:50:07  INFO      defenses.toposentinel — TopoSentinel round 92: 0 / 10 rejected  clip_norm=9.1002  threshold=0.3173  history=150
12:50:54  INFO      defenses.toposentinel — TopoSentinel: bottleneck=0.0060  threshold=0.3142
12:50:57  INFO      defenses.toposentinel — TopoSentinel round 93: 0 / 10 rejected  clip_norm=8.7656  threshold=0.3142  history=150
12:51:50  INFO      defenses.toposentinel — TopoSentinel: bottleneck=0.0055  threshold=0.3110
12:51:53  INFO      defenses.toposentinel — TopoSentinel round 94: 0 / 10 rejected  clip_norm=8.9371  threshold=0.3110  history=150
12:52:39  INFO      defenses.toposentinel — TopoSentinel: bottleneck=0.0050  threshold=0.3079
12:52:42  INFO      defenses.toposentinel — TopoSentinel round 95: 0 / 10 rejected  clip_norm=9.1306  threshold=0.3079  history=150
12:53:28  INFO      defenses.toposentinel — TopoSentinel: bottleneck=0.0083  threshold=0.3048
12:53:32  INFO      defenses.toposentinel — TopoSentinel round 96: 0 / 10 rejected  clip_norm=9.4007  threshold=0.3048  history=150
12:54:19  INFO      defenses.toposentinel — TopoSentinel: bottleneck=0.0066  threshold=0.3018
12:54:23  INFO      defenses.toposentinel — TopoSentinel round 97: 0 / 10 rejected  clip_norm=8.7955  threshold=0.3018  history=150
12:55:09  INFO      defenses.toposentinel — TopoSentinel: bottleneck=0.0058  threshold=0.2988
12:55:12  INFO      defenses.toposentinel — TopoSentinel round 98: 0 / 10 rejected  clip_norm=8.6746  threshold=0.2988  history=150
12:55:56  INFO      defenses.toposentinel — TopoSentinel: bottleneck=0.0101  threshold=0.2958
12:56:00  INFO      defenses.toposentinel — TopoSentinel round 99: 0 / 10 rejected  clip_norm=8.9992  threshold=0.2958  history=150
12:56:47  INFO      defenses.toposentinel — TopoSentinel: bottleneck=0.0079  threshold=0.2928
12:56:51  INFO      defenses.toposentinel — TopoSentinel round 100: 0 / 10 rejected  clip_norm=8.6314  threshold=0.2928  history=150
12:57:05  INFO      experiment.runner — Round  101/200  |  acc:  83.70%  loss: 0.5690  |  FPR: 0.0%  |  mF1: 83.7%
12:57:40  INFO      defenses.toposentinel — TopoSentinel: bottleneck=0.0029  threshold=0.2899
12:57:44  INFO      defenses.toposentinel — TopoSentinel round 101: 0 / 10 rejected  clip_norm=9.1688  threshold=0.2899  history=150
12:58:30  INFO      defenses.toposentinel — TopoSentinel: bottleneck=0.0076  threshold=0.2870
12:58:33  INFO      defenses.toposentinel — TopoSentinel round 102: 0 / 10 rejected  clip_norm=8.4286  threshold=0.2870  history=150
12:59:20  INFO      defenses.toposentinel — TopoSentinel: bottleneck=0.0083  threshold=0.2841
12:59:23  INFO      defenses.toposentinel — TopoSentinel round 103: 0 / 10 rejected  clip_norm=8.6205  threshold=0.2841  history=150
13:00:12  INFO      defenses.toposentinel — TopoSentinel: bottleneck=0.0171  threshold=0.2813
13:00:16  INFO      defenses.toposentinel — TopoSentinel round 104: 0 / 10 rejected  clip_norm=9.0146  threshold=0.2813  history=150
13:01:02  INFO      defenses.toposentinel — TopoSentinel: bottleneck=0.0148  threshold=0.2785
13:01:05  INFO      defenses.toposentinel — TopoSentinel round 105: 0 / 10 rejected  clip_norm=9.0822  threshold=0.2785  history=150
13:01:53  INFO      defenses.toposentinel — TopoSentinel: bottleneck=0.0037  threshold=0.2757
13:01:57  INFO      defenses.toposentinel — TopoSentinel round 106: 0 / 10 rejected  clip_norm=8.7914  threshold=0.2757  history=150
13:02:42  INFO      defenses.toposentinel — TopoSentinel: bottleneck=0.0053  threshold=0.2729
13:02:47  INFO      defenses.toposentinel — TopoSentinel round 107: 0 / 10 rejected  clip_norm=8.4506  threshold=0.2729  history=150
13:03:35  INFO      defenses.toposentinel — TopoSentinel: bottleneck=0.0061  threshold=0.2702
13:03:38  INFO      defenses.toposentinel — TopoSentinel round 108: 0 / 10 rejected  clip_norm=8.7252  threshold=0.2702  history=150
13:04:24  INFO      defenses.toposentinel — TopoSentinel: bottleneck=0.0115  threshold=0.2675
13:04:28  INFO      defenses.toposentinel — TopoSentinel round 109: 0 / 10 rejected  clip_norm=8.4654  threshold=0.2675  history=150
13:05:14  INFO      defenses.toposentinel — TopoSentinel: bottleneck=0.0086  threshold=0.2648
13:05:17  INFO      defenses.toposentinel — TopoSentinel round 110: 0 / 10 rejected  clip_norm=8.8054  threshold=0.2648  history=150
13:05:31  INFO      experiment.runner — Round  111/200  |  acc:  84.32%  loss: 0.5599  |  FPR: 0.0%  |  mF1: 84.3%
13:06:07  INFO      defenses.toposentinel — TopoSentinel: bottleneck=0.0063  threshold=0.2622
13:06:10  INFO      defenses.toposentinel — TopoSentinel round 111: 0 / 10 rejected  clip_norm=8.9025  threshold=0.2622  history=150
13:06:59  INFO      defenses.toposentinel — TopoSentinel: bottleneck=0.0079  threshold=0.2596
13:07:02  INFO      defenses.toposentinel — TopoSentinel round 112: 0 / 10 rejected  clip_norm=9.0865  threshold=0.2596  history=150
13:07:48  INFO      defenses.toposentinel — TopoSentinel: bottleneck=0.0077  threshold=0.2570
13:07:53  INFO      defenses.toposentinel — TopoSentinel round 113: 0 / 10 rejected  clip_norm=8.5452  threshold=0.2570  history=150
13:08:39  INFO      defenses.toposentinel — TopoSentinel: bottleneck=0.0042  threshold=0.2544
13:08:43  INFO      defenses.toposentinel — TopoSentinel round 114: 0 / 10 rejected  clip_norm=8.6340  threshold=0.2544  history=150
13:09:31  INFO      defenses.toposentinel — TopoSentinel: bottleneck=0.0110  threshold=0.2518
13:09:34  INFO      defenses.toposentinel — TopoSentinel round 115: 0 / 10 rejected  clip_norm=8.7517  threshold=0.2518  history=150
13:10:21  INFO      defenses.toposentinel — TopoSentinel: bottleneck=0.0029  threshold=0.2493
13:10:29  INFO      defenses.toposentinel — TopoSentinel round 116: 0 / 10 rejected  clip_norm=8.8586  threshold=0.2493  history=150
13:11:17  INFO      defenses.toposentinel — TopoSentinel: bottleneck=0.0052  threshold=0.2468
13:11:22  INFO      defenses.toposentinel — TopoSentinel round 117: 0 / 10 rejected  clip_norm=8.6972  threshold=0.2468  history=150
13:12:11  INFO      defenses.toposentinel — TopoSentinel: bottleneck=0.0084  threshold=0.2444
13:12:18  INFO      defenses.toposentinel — TopoSentinel round 118: 0 / 10 rejected  clip_norm=8.8464  threshold=0.2444  history=150
13:13:07  INFO      defenses.toposentinel — TopoSentinel: bottleneck=0.0100  threshold=0.2419
13:13:10  INFO      defenses.toposentinel — TopoSentinel round 119: 0 / 10 rejected  clip_norm=8.5781  threshold=0.2419  history=150
13:13:59  INFO      defenses.toposentinel — TopoSentinel: bottleneck=0.0039  threshold=0.2395
13:14:03  INFO      defenses.toposentinel — TopoSentinel round 120: 0 / 10 rejected  clip_norm=8.4045  threshold=0.2395  history=150
13:14:19  INFO      experiment.runner — Round  121/200  |  acc:  84.73%  loss: 0.5595  |  FPR: 0.0%  |  mF1: 84.6%
13:14:53  INFO      defenses.toposentinel — TopoSentinel: bottleneck=0.0113  threshold=0.2371
13:14:57  INFO      defenses.toposentinel — TopoSentinel round 121: 0 / 10 rejected  clip_norm=8.5044  threshold=0.2371  history=150
13:15:45  INFO      defenses.toposentinel — TopoSentinel: bottleneck=0.0054  threshold=0.2347
13:15:48  INFO      defenses.toposentinel — TopoSentinel round 122: 0 / 10 rejected  clip_norm=8.7631  threshold=0.2347  history=150
13:16:36  INFO      defenses.toposentinel — TopoSentinel: bottleneck=0.0109  threshold=0.2324
13:16:39  INFO      defenses.toposentinel — TopoSentinel round 123: 0 / 10 rejected  clip_norm=8.8256  threshold=0.2324  history=150
13:17:27  INFO      defenses.toposentinel — TopoSentinel: bottleneck=0.0130  threshold=0.2301
13:17:31  INFO      defenses.toposentinel — TopoSentinel round 124: 0 / 10 rejected  clip_norm=8.3476  threshold=0.2301  history=150
13:18:19  INFO      defenses.toposentinel — TopoSentinel: bottleneck=0.0114  threshold=0.2278
13:18:22  INFO      defenses.toposentinel — TopoSentinel round 125: 0 / 10 rejected  clip_norm=8.4947  threshold=0.2278  history=150
13:19:10  INFO      defenses.toposentinel — TopoSentinel: bottleneck=0.0039  threshold=0.2255
13:19:13  INFO      defenses.toposentinel — TopoSentinel round 126: 0 / 10 rejected  clip_norm=8.4439  threshold=0.2255  history=150
13:20:00  INFO      defenses.toposentinel — TopoSentinel: bottleneck=0.0090  threshold=0.2232
13:20:05  INFO      defenses.toposentinel — TopoSentinel round 127: 0 / 10 rejected  clip_norm=8.4208  threshold=0.2232  history=150
13:20:53  INFO      defenses.toposentinel — TopoSentinel: bottleneck=0.0057  threshold=0.2210
13:20:57  INFO      defenses.toposentinel — TopoSentinel round 128: 0 / 10 rejected  clip_norm=8.5841  threshold=0.2210  history=150
13:21:44  INFO      defenses.toposentinel — TopoSentinel: bottleneck=0.0084  threshold=0.2188
13:21:47  INFO      defenses.toposentinel — TopoSentinel round 129: 0 / 10 rejected  clip_norm=8.8536  threshold=0.2188  history=150
13:22:36  INFO      defenses.toposentinel — TopoSentinel: bottleneck=0.0162  threshold=0.2166
13:22:41  INFO      defenses.toposentinel — TopoSentinel round 130: 0 / 10 rejected  clip_norm=8.4238  threshold=0.2166  history=150
13:22:54  INFO      experiment.runner — Round  131/200  |  acc:  85.41%  loss: 0.5258  |  FPR: 0.0%  |  mF1: 85.4%
13:23:30  INFO      defenses.toposentinel — TopoSentinel: bottleneck=0.0125  threshold=0.2144
13:23:34  INFO      defenses.toposentinel — TopoSentinel round 131: 0 / 10 rejected  clip_norm=7.9881  threshold=0.2144  history=150
13:24:22  INFO      defenses.toposentinel — TopoSentinel: bottleneck=0.0160  threshold=0.2123
13:24:25  INFO      defenses.toposentinel — TopoSentinel round 132: 0 / 10 rejected  clip_norm=8.3456  threshold=0.2123  history=150
13:25:11  INFO      defenses.toposentinel — TopoSentinel: bottleneck=0.0116  threshold=0.2102
13:25:14  INFO      defenses.toposentinel — TopoSentinel round 133: 0 / 10 rejected  clip_norm=8.5326  threshold=0.2102  history=150
13:26:01  INFO      defenses.toposentinel — TopoSentinel: bottleneck=0.0178  threshold=0.2081
13:26:04  INFO      defenses.toposentinel — TopoSentinel round 134: 0 / 10 rejected  clip_norm=9.0296  threshold=0.2081  history=150
13:26:52  INFO      defenses.toposentinel — TopoSentinel: bottleneck=0.0049  threshold=0.2060
13:26:55  INFO      defenses.toposentinel — TopoSentinel round 135: 0 / 10 rejected  clip_norm=9.0868  threshold=0.2060  history=150
13:27:44  INFO      defenses.toposentinel — TopoSentinel: bottleneck=0.0132  threshold=0.2039
13:27:47  INFO      defenses.toposentinel — TopoSentinel round 136: 0 / 10 rejected  clip_norm=8.2910  threshold=0.2039  history=150
13:28:34  INFO      defenses.toposentinel — TopoSentinel: bottleneck=0.0092  threshold=0.2019
13:28:38  INFO      defenses.toposentinel — TopoSentinel round 137: 0 / 10 rejected  clip_norm=8.2274  threshold=0.2019  history=150
13:29:26  INFO      defenses.toposentinel — TopoSentinel: bottleneck=0.0088  threshold=0.1999
13:29:29  INFO      defenses.toposentinel — TopoSentinel round 138: 0 / 10 rejected  clip_norm=8.2889  threshold=0.1999  history=150
13:30:17  INFO      defenses.toposentinel — TopoSentinel: bottleneck=0.0117  threshold=0.1979
13:30:20  INFO      defenses.toposentinel — TopoSentinel round 139: 0 / 10 rejected  clip_norm=8.1806  threshold=0.1979  history=150
13:31:06  INFO      defenses.toposentinel — TopoSentinel: bottleneck=0.0117  threshold=0.1959
13:31:10  INFO      defenses.toposentinel — TopoSentinel round 140: 0 / 10 rejected  clip_norm=7.9579  threshold=0.1959  history=150
13:31:24  INFO      experiment.runner — Round  141/200  |  acc:  85.28%  loss: 0.5413  |  FPR: 0.0%  |  mF1: 85.2%
13:32:01  INFO      defenses.toposentinel — TopoSentinel: bottleneck=0.0133  threshold=0.1939
13:32:04  INFO      defenses.toposentinel — TopoSentinel round 141: 0 / 10 rejected  clip_norm=8.4672  threshold=0.1939  history=150
13:32:54  INFO      defenses.toposentinel — TopoSentinel: bottleneck=0.0140  threshold=0.1920
13:32:58  INFO      defenses.toposentinel — TopoSentinel round 142: 0 / 10 rejected  clip_norm=8.4365  threshold=0.1920  history=150
13:33:46  INFO      defenses.toposentinel — TopoSentinel: bottleneck=0.0066  threshold=0.1901
13:33:49  INFO      defenses.toposentinel — TopoSentinel round 143: 0 / 10 rejected  clip_norm=8.1588  threshold=0.1901  history=150
13:34:36  INFO      defenses.toposentinel — TopoSentinel: bottleneck=0.0042  threshold=0.1882
13:34:40  INFO      defenses.toposentinel — TopoSentinel round 144: 0 / 10 rejected  clip_norm=8.5501  threshold=0.1882  history=150
13:35:27  INFO      defenses.toposentinel — TopoSentinel: bottleneck=0.0031  threshold=0.1863
13:35:32  INFO      defenses.toposentinel — TopoSentinel round 145: 0 / 10 rejected  clip_norm=8.3393  threshold=0.1863  history=150
13:36:18  INFO      defenses.toposentinel — TopoSentinel: bottleneck=0.0117  threshold=0.1844
13:36:21  INFO      defenses.toposentinel — TopoSentinel round 146: 0 / 10 rejected  clip_norm=7.7289  threshold=0.1844  history=150
13:37:14  INFO      defenses.toposentinel — TopoSentinel: bottleneck=0.0147  threshold=0.1826
13:37:20  INFO      defenses.toposentinel — TopoSentinel round 147: 0 / 10 rejected  clip_norm=8.2392  threshold=0.1826  history=150
13:38:12  INFO      defenses.toposentinel — TopoSentinel: bottleneck=0.0113  threshold=0.1808
13:38:16  INFO      defenses.toposentinel — TopoSentinel round 148: 0 / 10 rejected  clip_norm=8.3657  threshold=0.1808  history=150
13:39:02  INFO      defenses.toposentinel — TopoSentinel: bottleneck=0.0085  threshold=0.1790
13:39:06  INFO      defenses.toposentinel — TopoSentinel round 149: 0 / 10 rejected  clip_norm=8.7970  threshold=0.1790  history=150
13:39:53  INFO      defenses.toposentinel — TopoSentinel: bottleneck=0.0084  threshold=0.1772
13:39:57  INFO      defenses.toposentinel — TopoSentinel round 150: 0 / 10 rejected  clip_norm=8.1158  threshold=0.1772  history=150
13:40:10  INFO      experiment.runner — Round  151/200  |  acc:  85.40%  loss: 0.5283  |  FPR: 0.0%  |  mF1: 85.3%
13:40:47  INFO      defenses.toposentinel — TopoSentinel: bottleneck=0.0170  threshold=0.1754
13:40:50  INFO      defenses.toposentinel — TopoSentinel round 151: 0 / 10 rejected  clip_norm=8.1904  threshold=0.1754  history=150
13:41:36  INFO      defenses.toposentinel — TopoSentinel: bottleneck=0.0151  threshold=0.1736
13:41:40  INFO      defenses.toposentinel — TopoSentinel round 152: 0 / 10 rejected  clip_norm=8.3907  threshold=0.1736  history=150
13:42:29  INFO      defenses.toposentinel — TopoSentinel: bottleneck=0.0076  threshold=0.1719
13:42:32  INFO      defenses.toposentinel — TopoSentinel round 153: 0 / 10 rejected  clip_norm=8.1158  threshold=0.1719  history=150
13:43:21  INFO      defenses.toposentinel — TopoSentinel: bottleneck=0.0054  threshold=0.1702
13:43:25  INFO      defenses.toposentinel — TopoSentinel round 154: 0 / 10 rejected  clip_norm=8.1274  threshold=0.1702  history=150
13:44:12  INFO      defenses.toposentinel — TopoSentinel: bottleneck=0.0076  threshold=0.1685
13:44:17  INFO      defenses.toposentinel — TopoSentinel round 155: 0 / 10 rejected  clip_norm=8.1779  threshold=0.1685  history=150
13:45:04  INFO      defenses.toposentinel — TopoSentinel: bottleneck=0.0104  threshold=0.1668
13:45:08  INFO      defenses.toposentinel — TopoSentinel round 156: 0 / 10 rejected  clip_norm=7.9979  threshold=0.1668  history=150
13:45:56  INFO      defenses.toposentinel — TopoSentinel: bottleneck=0.0160  threshold=0.1651
13:46:00  INFO      defenses.toposentinel — TopoSentinel round 157: 0 / 10 rejected  clip_norm=8.5643  threshold=0.1651  history=150
13:46:47  INFO      defenses.toposentinel — TopoSentinel: bottleneck=0.0053  threshold=0.1635
13:46:50  INFO      defenses.toposentinel — TopoSentinel round 158: 0 / 10 rejected  clip_norm=8.0852  threshold=0.1635  history=150
13:47:40  INFO      defenses.toposentinel — TopoSentinel: bottleneck=0.0173  threshold=0.1618
13:47:43  INFO      defenses.toposentinel — TopoSentinel round 159: 0 / 10 rejected  clip_norm=7.8234  threshold=0.1618  history=150
13:48:32  INFO      defenses.toposentinel — TopoSentinel: bottleneck=0.0042  threshold=0.1602
13:48:35  INFO      defenses.toposentinel — TopoSentinel round 160: 0 / 10 rejected  clip_norm=7.7528  threshold=0.1602  history=150
13:48:49  INFO      experiment.runner — Round  161/200  |  acc:  86.24%  loss: 0.5183  |  FPR: 0.0%  |  mF1: 86.3%
13:49:26  INFO      defenses.toposentinel — TopoSentinel: bottleneck=0.0093  threshold=0.1586
13:49:30  INFO      defenses.toposentinel — TopoSentinel round 161: 0 / 10 rejected  clip_norm=7.6417  threshold=0.1586  history=150
13:50:17  INFO      defenses.toposentinel — TopoSentinel: bottleneck=0.0149  threshold=0.1570
13:50:20  INFO      defenses.toposentinel — TopoSentinel round 162: 0 / 10 rejected  clip_norm=8.1878  threshold=0.1570  history=150
13:51:06  INFO      defenses.toposentinel — TopoSentinel: bottleneck=0.0043  threshold=0.1555
13:51:10  INFO      defenses.toposentinel — TopoSentinel round 163: 0 / 10 rejected  clip_norm=8.0844  threshold=0.1555  history=150
13:51:56  INFO      defenses.toposentinel — TopoSentinel: bottleneck=0.0085  threshold=0.1539
13:52:03  INFO      defenses.toposentinel — TopoSentinel round 164: 0 / 10 rejected  clip_norm=7.8419  threshold=0.1539  history=150
13:52:52  INFO      defenses.toposentinel — TopoSentinel: bottleneck=0.0123  threshold=0.1524
13:52:56  INFO      defenses.toposentinel — TopoSentinel round 165: 0 / 10 rejected  clip_norm=8.2991  threshold=0.1524  history=150
13:53:44  INFO      defenses.toposentinel — TopoSentinel: bottleneck=0.0103  threshold=0.1508
13:53:47  INFO      defenses.toposentinel — TopoSentinel round 166: 0 / 10 rejected  clip_norm=7.6951  threshold=0.1508  history=150
13:54:36  INFO      defenses.toposentinel — TopoSentinel: bottleneck=0.0098  threshold=0.1493
13:54:40  INFO      defenses.toposentinel — TopoSentinel round 167: 0 / 10 rejected  clip_norm=7.6285  threshold=0.1493  history=150
13:55:31  INFO      defenses.toposentinel — TopoSentinel: bottleneck=0.0077  threshold=0.1478
13:55:34  INFO      defenses.toposentinel — TopoSentinel round 168: 0 / 10 rejected  clip_norm=7.4567  threshold=0.1478  history=150
13:56:24  INFO      defenses.toposentinel — TopoSentinel: bottleneck=0.0050  threshold=0.1464
13:56:27  INFO      defenses.toposentinel — TopoSentinel round 169: 0 / 10 rejected  clip_norm=8.1649  threshold=0.1464  history=150
13:57:16  INFO      defenses.toposentinel — TopoSentinel: bottleneck=0.0125  threshold=0.1449
13:57:20  INFO      defenses.toposentinel — TopoSentinel round 170: 0 / 10 rejected  clip_norm=8.1303  threshold=0.1449  history=150
13:57:36  INFO      experiment.runner — Round  171/200  |  acc:  86.15%  loss: 0.5273  |  FPR: 0.0%  |  mF1: 86.1%
13:58:14  INFO      defenses.toposentinel — TopoSentinel: bottleneck=0.0057  threshold=0.1435
13:58:17  INFO      defenses.toposentinel — TopoSentinel round 171: 0 / 10 rejected  clip_norm=7.6789  threshold=0.1435  history=150
13:59:03  INFO      defenses.toposentinel — TopoSentinel: bottleneck=0.0098  threshold=0.1420
13:59:06  INFO      defenses.toposentinel — TopoSentinel round 172: 0 / 10 rejected  clip_norm=8.1881  threshold=0.1420  history=150
13:59:51  INFO      defenses.toposentinel — TopoSentinel: bottleneck=0.0110  threshold=0.1406
13:59:55  INFO      defenses.toposentinel — TopoSentinel round 173: 0 / 10 rejected  clip_norm=7.9832  threshold=0.1406  history=150
14:00:41  INFO      defenses.toposentinel — TopoSentinel: bottleneck=0.0090  threshold=0.1392
14:00:44  INFO      defenses.toposentinel — TopoSentinel round 174: 0 / 10 rejected  clip_norm=7.7807  threshold=0.1392  history=150
14:01:31  INFO      defenses.toposentinel — TopoSentinel: bottleneck=0.0101  threshold=0.1378
14:01:35  INFO      defenses.toposentinel — TopoSentinel round 175: 0 / 10 rejected  clip_norm=8.6317  threshold=0.1378  history=150
14:02:21  INFO      defenses.toposentinel — TopoSentinel: bottleneck=0.0122  threshold=0.1364
14:02:25  INFO      defenses.toposentinel — TopoSentinel round 176: 0 / 10 rejected  clip_norm=7.4754  threshold=0.1364  history=150
14:03:17  INFO      defenses.toposentinel — TopoSentinel: bottleneck=0.0116  threshold=0.1351
14:03:20  INFO      defenses.toposentinel — TopoSentinel round 177: 0 / 10 rejected  clip_norm=7.6139  threshold=0.1351  history=150
14:04:08  INFO      defenses.toposentinel — TopoSentinel: bottleneck=0.0145  threshold=0.1337
14:04:11  INFO      defenses.toposentinel — TopoSentinel round 178: 0 / 10 rejected  clip_norm=8.0186  threshold=0.1337  history=150
14:04:58  INFO      defenses.toposentinel — TopoSentinel: bottleneck=0.0093  threshold=0.1324
14:05:01  INFO      defenses.toposentinel — TopoSentinel round 179: 0 / 10 rejected  clip_norm=7.8124  threshold=0.1324  history=150
14:05:47  INFO      defenses.toposentinel — TopoSentinel: bottleneck=0.0112  threshold=0.1310
14:05:51  INFO      defenses.toposentinel — TopoSentinel round 180: 0 / 10 rejected  clip_norm=7.9043  threshold=0.1310  history=150
14:06:05  INFO      experiment.runner — Round  181/200  |  acc:  86.80%  loss: 0.5073  |  FPR: 0.0%  |  mF1: 86.8%
14:06:42  INFO      defenses.toposentinel — TopoSentinel: bottleneck=0.0083  threshold=0.1297
14:06:45  INFO      defenses.toposentinel — TopoSentinel round 181: 0 / 10 rejected  clip_norm=7.6104  threshold=0.1297  history=150
14:07:36  INFO      defenses.toposentinel — TopoSentinel: bottleneck=0.0116  threshold=0.1284
14:07:39  INFO      defenses.toposentinel — TopoSentinel round 182: 0 / 10 rejected  clip_norm=7.9016  threshold=0.1284  history=150
14:08:26  INFO      defenses.toposentinel — TopoSentinel: bottleneck=0.0064  threshold=0.1272
14:08:30  INFO      defenses.toposentinel — TopoSentinel round 183: 0 / 10 rejected  clip_norm=7.7288  threshold=0.1272  history=150
14:09:16  INFO      defenses.toposentinel — TopoSentinel: bottleneck=0.0162  threshold=0.1259
14:09:20  INFO      defenses.toposentinel — TopoSentinel round 184: 0 / 10 rejected  clip_norm=7.2479  threshold=0.1259  history=150
14:10:11  INFO      defenses.toposentinel — TopoSentinel: bottleneck=0.0098  threshold=0.1246
14:10:14  INFO      defenses.toposentinel — TopoSentinel round 185: 0 / 10 rejected  clip_norm=7.7167  threshold=0.1246  history=150
14:11:01  INFO      defenses.toposentinel — TopoSentinel: bottleneck=0.0156  threshold=0.1234
14:11:05  INFO      defenses.toposentinel — TopoSentinel round 186: 0 / 10 rejected  clip_norm=6.9973  threshold=0.1234  history=150
14:11:51  INFO      defenses.toposentinel — TopoSentinel: bottleneck=0.0154  threshold=0.1221
14:11:54  INFO      defenses.toposentinel — TopoSentinel round 187: 0 / 10 rejected  clip_norm=7.6989  threshold=0.1221  history=150
14:12:46  INFO      defenses.toposentinel — TopoSentinel: bottleneck=0.0034  threshold=0.1209
14:12:49  INFO      defenses.toposentinel — TopoSentinel round 188: 0 / 10 rejected  clip_norm=7.4679  threshold=0.1209  history=150
14:13:37  INFO      defenses.toposentinel — TopoSentinel: bottleneck=0.0040  threshold=0.1197
14:13:41  INFO      defenses.toposentinel — TopoSentinel round 189: 0 / 10 rejected  clip_norm=8.2449  threshold=0.1197  history=150
14:14:28  INFO      defenses.toposentinel — TopoSentinel: bottleneck=0.0057  threshold=0.1185
14:14:31  INFO      defenses.toposentinel — TopoSentinel round 190: 0 / 10 rejected  clip_norm=7.8403  threshold=0.1185  history=150
14:14:45  INFO      experiment.runner — Round  191/200  |  acc:  86.89%  loss: 0.5046  |  FPR: 0.0%  |  mF1: 86.9%
14:15:21  INFO      defenses.toposentinel — TopoSentinel: bottleneck=0.0151  threshold=0.1173
14:15:25  INFO      defenses.toposentinel — TopoSentinel round 191: 0 / 10 rejected  clip_norm=8.0900  threshold=0.1173  history=150
14:16:12  INFO      defenses.toposentinel — TopoSentinel: bottleneck=0.0276  threshold=0.1162
14:16:16  INFO      defenses.toposentinel — TopoSentinel round 192: 0 / 10 rejected  clip_norm=6.8505  threshold=0.1162  history=150
14:17:03  INFO      defenses.toposentinel — TopoSentinel: bottleneck=0.0087  threshold=0.1150
14:17:08  INFO      defenses.toposentinel — TopoSentinel round 193: 0 / 10 rejected  clip_norm=7.5832  threshold=0.1150  history=150
14:17:57  INFO      defenses.toposentinel — TopoSentinel: bottleneck=0.0133  threshold=0.1138
14:18:00  INFO      defenses.toposentinel — TopoSentinel round 194: 0 / 10 rejected  clip_norm=7.5603  threshold=0.1138  history=150
14:18:51  INFO      defenses.toposentinel — TopoSentinel: bottleneck=0.0080  threshold=0.1127
14:18:54  INFO      defenses.toposentinel — TopoSentinel round 195: 0 / 10 rejected  clip_norm=7.8619  threshold=0.1127  history=150
14:19:41  INFO      defenses.toposentinel — TopoSentinel: bottleneck=0.0105  threshold=0.1116
14:19:45  INFO      defenses.toposentinel — TopoSentinel round 196: 0 / 10 rejected  clip_norm=7.2289  threshold=0.1116  history=150
14:20:32  INFO      defenses.toposentinel — TopoSentinel: bottleneck=0.0074  threshold=0.1105
14:20:36  INFO      defenses.toposentinel — TopoSentinel round 197: 0 / 10 rejected  clip_norm=7.5479  threshold=0.1105  history=150
14:21:23  INFO      defenses.toposentinel — TopoSentinel: bottleneck=0.0122  threshold=0.1094
14:21:26  INFO      defenses.toposentinel — TopoSentinel round 198: 0 / 10 rejected  clip_norm=7.8693  threshold=0.1094  history=150
14:22:14  INFO      defenses.toposentinel — TopoSentinel: bottleneck=0.0176  threshold=0.1083
14:22:17  INFO      defenses.toposentinel — TopoSentinel round 199: 0 / 10 rejected  clip_norm=7.4754  threshold=0.1083  history=150
14:22:30  INFO      experiment.runner — Round  200/200  |  acc:  87.31%  loss: 0.4893  |  FPR: 0.0%  |  mF1: 87.3%
14:22:31  INFO      experiment.runner — Final model saved to results/benchmark/cifar10_none_toposentinel_seed0/final_model.pt
14:22:31  INFO      experiment.runner — Client atypicality written to results/benchmark/cifar10_none_toposentinel_seed0/client_atypicality.json
14:22:31  INFO      experiment.runner — Client inclusion rates written to results/benchmark/cifar10_none_toposentinel_seed0/client_inclusion.csv
14:22:31  INFO      experiment.runner — Anomaly scores written to results/benchmark/cifar10_none_toposentinel_seed0/anomaly_scores.csv (2000 rows)
14:22:31  INFO      benchmark — ✓  cifar10_none_toposentinel_seed0  (170.2 min)
14:22:31  INFO      benchmark — ▶  cifar10_none_toposentinel_seed1
14:22:31  INFO      experiment.runner — Initialising 'cifar10_none_toposentinel_seed1' | device=cuda | rounds=200 | clients=10/100 | attack=none | defense=toposentinel
14:22:35  INFO      defenses.toposentinel — TopoSentinelServer — metric=euclidean  threshold=0.800→0.010 (decay=0.9900)  history_window=20  interval_percentiles=[5, 95]
14:22:47  INFO      experiment.utils — Built 100 clients — 0 malicious, 100 benign.
14:22:47  INFO      experiment.runner — Setup complete — 100 clients (0 malicious) | backdoor eval: none

==============================================================
  Summary — 21 rounds evaluated
==============================================================
  Final clean accuracy               87.31%
  Best  clean accuracy               87.31%
  Final clean loss                   0.4893
  Macro F1                           87.27%
  Pooled FPR (all rounds)             0.00%
==============================================================

Files already downloaded and verified
Files already downloaded and verified
Files already downloaded and verified
Files already downloaded and verified
14:23:25  INFO      defenses.toposentinel — TopoSentinel round 0: 0 / 10 rejected  clip_norm=55.5620  threshold=0.8000  history=10
14:23:39  INFO      experiment.runner — Round    1/200  |  acc:  12.00%  loss: 4.5772  |  FPR: 0.0%  |  mF1: 5.2%
14:24:14  INFO      defenses.toposentinel — TopoSentinel: bottleneck=0.0356  threshold=0.7920
14:24:18  INFO      defenses.toposentinel — TopoSentinel round 1: 0 / 10 rejected  clip_norm=21.4939  threshold=0.7920  history=20
14:25:04  INFO      defenses.toposentinel — TopoSentinel: bottleneck=0.0513  threshold=0.7841
14:25:07  INFO      defenses.toposentinel — TopoSentinel round 2: 0 / 10 rejected  clip_norm=17.4775  threshold=0.7841  history=30
14:25:54  INFO      defenses.toposentinel — TopoSentinel: bottleneck=0.0288  threshold=0.7762
14:25:57  INFO      defenses.toposentinel — TopoSentinel round 3: 0 / 10 rejected  clip_norm=14.8668  threshold=0.7762  history=40
14:26:44  INFO      defenses.toposentinel — TopoSentinel: bottleneck=0.0121  threshold=0.7685
14:26:48  INFO      defenses.toposentinel — TopoSentinel round 4: 0 / 10 rejected  clip_norm=13.6517  threshold=0.7685  history=50
14:27:35  INFO      defenses.toposentinel — TopoSentinel: bottleneck=0.0037  threshold=0.7608
14:27:39  INFO      defenses.toposentinel — TopoSentinel round 5: 0 / 10 rejected  clip_norm=13.0280  threshold=0.7608  history=60
14:28:26  INFO      defenses.toposentinel — TopoSentinel: bottleneck=0.0053  threshold=0.7532
14:28:34  INFO      defenses.toposentinel — TopoSentinel round 6: 0 / 10 rejected  clip_norm=12.5343  threshold=0.7532  history=70
14:29:21  INFO      defenses.toposentinel — TopoSentinel: bottleneck=0.0022  threshold=0.7457
14:29:26  INFO      defenses.toposentinel — TopoSentinel round 7: 0 / 10 rejected  clip_norm=11.9510  threshold=0.7457  history=80
14:30:12  INFO      defenses.toposentinel — TopoSentinel: bottleneck=0.0024  threshold=0.7382
14:30:15  INFO      defenses.toposentinel — TopoSentinel round 8: 0 / 10 rejected  clip_norm=11.7983  threshold=0.7382  history=90
14:31:03  INFO      defenses.toposentinel — TopoSentinel: bottleneck=0.0055  threshold=0.7308
14:31:07  INFO      defenses.toposentinel — TopoSentinel round 9: 0 / 10 rejected  clip_norm=11.8149  threshold=0.7308  history=100
14:31:55  INFO      defenses.toposentinel — TopoSentinel: bottleneck=0.0052  threshold=0.7235
14:31:59  INFO      defenses.toposentinel — TopoSentinel round 10: 0 / 10 rejected  clip_norm=11.4159  threshold=0.7235  history=110
14:32:14  INFO      experiment.runner — Round   11/200  |  acc:  57.65%  loss: 1.2277  |  FPR: 0.0%  |  mF1: 57.7%
14:32:51  INFO      defenses.toposentinel — TopoSentinel: bottleneck=0.0027  threshold=0.7163
14:32:54  INFO      defenses.toposentinel — TopoSentinel round 11: 0 / 10 rejected  clip_norm=11.5133  threshold=0.7163  history=120
14:33:45  INFO      defenses.toposentinel — TopoSentinel: bottleneck=0.0048  threshold=0.7091
14:33:48  INFO      defenses.toposentinel — TopoSentinel round 12: 0 / 10 rejected  clip_norm=11.2689  threshold=0.7091  history=130
14:34:36  INFO      defenses.toposentinel — TopoSentinel: bottleneck=0.0038  threshold=0.7020
14:34:41  INFO      defenses.toposentinel — TopoSentinel round 13: 0 / 10 rejected  clip_norm=11.3848  threshold=0.7020  history=140
14:35:26  INFO      defenses.toposentinel — TopoSentinel: bottleneck=0.0027  threshold=0.6950
14:35:29  INFO      defenses.toposentinel — TopoSentinel round 14: 0 / 10 rejected  clip_norm=11.4938  threshold=0.6950  history=150
14:36:16  INFO      defenses.toposentinel — TopoSentinel: bottleneck=0.0024  threshold=0.6880
14:36:19  INFO      defenses.toposentinel — TopoSentinel round 15: 0 / 10 rejected  clip_norm=11.3960  threshold=0.6880  history=150
14:37:07  INFO      defenses.toposentinel — TopoSentinel: bottleneck=0.0035  threshold=0.6812
14:37:10  INFO      defenses.toposentinel — TopoSentinel round 16: 0 / 10 rejected  clip_norm=11.1115  threshold=0.6812  history=150
14:37:58  INFO      defenses.toposentinel — TopoSentinel: bottleneck=0.0063  threshold=0.6744
14:38:02  INFO      defenses.toposentinel — TopoSentinel round 17: 0 / 10 rejected  clip_norm=11.4142  threshold=0.6744  history=150
14:38:50  INFO      defenses.toposentinel — TopoSentinel: bottleneck=0.0043  threshold=0.6676
14:38:54  INFO      defenses.toposentinel — TopoSentinel round 18: 0 / 10 rejected  clip_norm=11.2092  threshold=0.6676  history=150
14:39:42  INFO      defenses.toposentinel — TopoSentinel: bottleneck=0.0034  threshold=0.6609
14:39:45  INFO      defenses.toposentinel — TopoSentinel round 19: 0 / 10 rejected  clip_norm=10.9282  threshold=0.6609  history=150
14:40:32  INFO      defenses.toposentinel — TopoSentinel: bottleneck=0.0042  threshold=0.6543
14:40:37  INFO      defenses.toposentinel — TopoSentinel round 20: 0 / 10 rejected  clip_norm=11.2915  threshold=0.6543  history=150
14:40:50  INFO      experiment.runner — Round   21/200  |  acc:  66.42%  loss: 1.0292  |  FPR: 0.0%  |  mF1: 66.5%
14:41:27  INFO      defenses.toposentinel — TopoSentinel: bottleneck=0.0069  threshold=0.6478
14:41:31  INFO      defenses.toposentinel — TopoSentinel round 21: 0 / 10 rejected  clip_norm=11.0153  threshold=0.6478  history=150
14:42:18  INFO      defenses.toposentinel — TopoSentinel: bottleneck=0.0032  threshold=0.6413
14:42:23  INFO      defenses.toposentinel — TopoSentinel round 22: 0 / 10 rejected  clip_norm=10.7926  threshold=0.6413  history=150
14:43:11  INFO      defenses.toposentinel — TopoSentinel: bottleneck=0.0029  threshold=0.6349
14:43:15  INFO      defenses.toposentinel — TopoSentinel round 23: 0 / 10 rejected  clip_norm=11.0549  threshold=0.6349  history=150
14:44:08  INFO      defenses.toposentinel — TopoSentinel: bottleneck=0.0049  threshold=0.6285
14:44:11  INFO      defenses.toposentinel — TopoSentinel round 24: 0 / 10 rejected  clip_norm=10.7403  threshold=0.6285  history=150
14:44:59  INFO      defenses.toposentinel — TopoSentinel: bottleneck=0.0046  threshold=0.6223
14:45:03  INFO      defenses.toposentinel — TopoSentinel round 25: 0 / 10 rejected  clip_norm=11.0549  threshold=0.6223  history=150
14:45:49  INFO      defenses.toposentinel — TopoSentinel: bottleneck=0.0068  threshold=0.6160
14:45:53  INFO      defenses.toposentinel — TopoSentinel round 26: 0 / 10 rejected  clip_norm=10.5839  threshold=0.6160  history=150
14:46:41  INFO      defenses.toposentinel — TopoSentinel: bottleneck=0.0059  threshold=0.6099
14:46:44  INFO      defenses.toposentinel — TopoSentinel round 27: 0 / 10 rejected  clip_norm=11.1134  threshold=0.6099  history=150
14:47:31  INFO      defenses.toposentinel — TopoSentinel: bottleneck=0.0043  threshold=0.6038
14:47:34  INFO      defenses.toposentinel — TopoSentinel round 28: 0 / 10 rejected  clip_norm=10.6625  threshold=0.6038  history=150
14:48:22  INFO      defenses.toposentinel — TopoSentinel: bottleneck=0.0029  threshold=0.5977
14:48:25  INFO      defenses.toposentinel — TopoSentinel round 29: 0 / 10 rejected  clip_norm=10.7503  threshold=0.5977  history=150
14:49:14  INFO      defenses.toposentinel — TopoSentinel: bottleneck=0.0034  threshold=0.5918
14:49:18  INFO      defenses.toposentinel — TopoSentinel round 30: 0 / 10 rejected  clip_norm=10.7368  threshold=0.5918  history=150
14:49:32  INFO      experiment.runner — Round   31/200  |  acc:  72.22%  loss: 0.8782  |  FPR: 0.0%  |  mF1: 72.2%
14:50:08  INFO      defenses.toposentinel — TopoSentinel: bottleneck=0.0085  threshold=0.5858
14:50:11  INFO      defenses.toposentinel — TopoSentinel round 31: 0 / 10 rejected  clip_norm=10.9377  threshold=0.5858  history=150
14:50:58  INFO      defenses.toposentinel — TopoSentinel: bottleneck=0.0095  threshold=0.5800
14:51:04  INFO      defenses.toposentinel — TopoSentinel round 32: 0 / 10 rejected  clip_norm=10.3592  threshold=0.5800  history=150
14:51:49  INFO      defenses.toposentinel — TopoSentinel: bottleneck=0.0087  threshold=0.5742
14:51:53  INFO      defenses.toposentinel — TopoSentinel round 33: 0 / 10 rejected  clip_norm=10.5370  threshold=0.5742  history=150
14:52:42  INFO      defenses.toposentinel — TopoSentinel: bottleneck=0.0039  threshold=0.5684
14:52:45  INFO      defenses.toposentinel — TopoSentinel round 34: 0 / 10 rejected  clip_norm=10.7167  threshold=0.5684  history=150
14:53:34  INFO      defenses.toposentinel — TopoSentinel: bottleneck=0.0079  threshold=0.5628
14:53:38  INFO      defenses.toposentinel — TopoSentinel round 35: 0 / 10 rejected  clip_norm=10.4735  threshold=0.5628  history=150
14:54:25  INFO      defenses.toposentinel — TopoSentinel: bottleneck=0.0031  threshold=0.5571
14:54:29  INFO      defenses.toposentinel — TopoSentinel round 36: 0 / 10 rejected  clip_norm=10.4363  threshold=0.5571  history=150
14:55:18  INFO      defenses.toposentinel — TopoSentinel: bottleneck=0.0027  threshold=0.5516
14:55:21  INFO      defenses.toposentinel — TopoSentinel round 37: 0 / 10 rejected  clip_norm=10.5165  threshold=0.5516  history=150
14:56:09  INFO      defenses.toposentinel — TopoSentinel: bottleneck=0.0054  threshold=0.5460
14:56:12  INFO      defenses.toposentinel — TopoSentinel round 38: 0 / 10 rejected  clip_norm=10.4436  threshold=0.5460  history=150
14:56:58  INFO      defenses.toposentinel — TopoSentinel: bottleneck=0.0032  threshold=0.5406
14:57:02  INFO      defenses.toposentinel — TopoSentinel round 39: 0 / 10 rejected  clip_norm=10.4647  threshold=0.5406  history=150
14:57:49  INFO      defenses.toposentinel — TopoSentinel: bottleneck=0.0058  threshold=0.5352
14:57:53  INFO      defenses.toposentinel — TopoSentinel round 40: 0 / 10 rejected  clip_norm=10.4516  threshold=0.5352  history=150
14:58:07  INFO      experiment.runner — Round   41/200  |  acc:  76.09%  loss: 0.7659  |  FPR: 0.0%  |  mF1: 75.8%
14:58:43  INFO      defenses.toposentinel — TopoSentinel: bottleneck=0.0020  threshold=0.5298
14:58:46  INFO      defenses.toposentinel — TopoSentinel round 41: 0 / 10 rejected  clip_norm=10.0693  threshold=0.5298  history=150
14:59:36  INFO      defenses.toposentinel — TopoSentinel: bottleneck=0.0118  threshold=0.5245
14:59:39  INFO      defenses.toposentinel — TopoSentinel round 42: 0 / 10 rejected  clip_norm=10.4818  threshold=0.5245  history=150
15:00:27  INFO      defenses.toposentinel — TopoSentinel: bottleneck=0.0142  threshold=0.5193
15:00:31  INFO      defenses.toposentinel — TopoSentinel round 43: 0 / 10 rejected  clip_norm=10.3119  threshold=0.5193  history=150
15:01:18  INFO      defenses.toposentinel — TopoSentinel: bottleneck=0.0034  threshold=0.5141
15:01:22  INFO      defenses.toposentinel — TopoSentinel round 44: 0 / 10 rejected  clip_norm=10.1841  threshold=0.5141  history=150
15:02:08  INFO      defenses.toposentinel — TopoSentinel: bottleneck=0.0037  threshold=0.5089
15:02:11  INFO      defenses.toposentinel — TopoSentinel round 45: 0 / 10 rejected  clip_norm=10.0947  threshold=0.5089  history=150
15:02:59  INFO      defenses.toposentinel — TopoSentinel: bottleneck=0.0048  threshold=0.5039
15:03:02  INFO      defenses.toposentinel — TopoSentinel round 46: 0 / 10 rejected  clip_norm=10.2630  threshold=0.5039  history=150
15:03:51  INFO      defenses.toposentinel — TopoSentinel: bottleneck=0.0060  threshold=0.4988
15:03:54  INFO      defenses.toposentinel — TopoSentinel round 47: 0 / 10 rejected  clip_norm=10.1310  threshold=0.4988  history=150
15:04:43  INFO      defenses.toposentinel — TopoSentinel: bottleneck=0.0030  threshold=0.4938
15:04:47  INFO      defenses.toposentinel — TopoSentinel round 48: 0 / 10 rejected  clip_norm=10.2062  threshold=0.4938  history=150
15:05:33  INFO      defenses.toposentinel — TopoSentinel: bottleneck=0.0050  threshold=0.4889
15:05:37  INFO      defenses.toposentinel — TopoSentinel round 49: 0 / 10 rejected  clip_norm=10.1508  threshold=0.4889  history=150
15:06:23  INFO      defenses.toposentinel — TopoSentinel: bottleneck=0.0055  threshold=0.4840
15:06:26  INFO      defenses.toposentinel — TopoSentinel round 50: 0 / 10 rejected  clip_norm=10.1351  threshold=0.4840  history=150
15:06:41  INFO      experiment.runner — Round   51/200  |  acc:  78.28%  loss: 0.7171  |  FPR: 0.0%  |  mF1: 78.1%
15:07:17  INFO      defenses.toposentinel — TopoSentinel: bottleneck=0.0041  threshold=0.4792
15:07:21  INFO      defenses.toposentinel — TopoSentinel round 51: 0 / 10 rejected  clip_norm=10.1374  threshold=0.4792  history=150
15:08:06  INFO      defenses.toposentinel — TopoSentinel: bottleneck=0.0041  threshold=0.4744
15:08:10  INFO      defenses.toposentinel — TopoSentinel round 52: 0 / 10 rejected  clip_norm=9.7479  threshold=0.4744  history=150
15:08:57  INFO      defenses.toposentinel — TopoSentinel: bottleneck=0.0113  threshold=0.4696
15:09:01  INFO      defenses.toposentinel — TopoSentinel round 53: 0 / 10 rejected  clip_norm=10.5570  threshold=0.4696  history=150
15:09:51  INFO      defenses.toposentinel — TopoSentinel: bottleneck=0.0065  threshold=0.4649
15:09:54  INFO      defenses.toposentinel — TopoSentinel round 54: 0 / 10 rejected  clip_norm=10.1119  threshold=0.4649  history=150
15:10:39  INFO      defenses.toposentinel — TopoSentinel: bottleneck=0.0053  threshold=0.4603
15:10:43  INFO      defenses.toposentinel — TopoSentinel round 55: 0 / 10 rejected  clip_norm=10.0672  threshold=0.4603  history=150
15:11:28  INFO      defenses.toposentinel — TopoSentinel: bottleneck=0.0063  threshold=0.4557
15:11:33  INFO      defenses.toposentinel — TopoSentinel round 56: 0 / 10 rejected  clip_norm=10.3273  threshold=0.4557  history=150
15:12:21  INFO      defenses.toposentinel — TopoSentinel: bottleneck=0.0066  threshold=0.4511
15:12:25  INFO      defenses.toposentinel — TopoSentinel round 57: 0 / 10 rejected  clip_norm=9.8490  threshold=0.4511  history=150
15:13:11  INFO      defenses.toposentinel — TopoSentinel: bottleneck=0.0019  threshold=0.4466
15:13:14  INFO      defenses.toposentinel — TopoSentinel round 58: 0 / 10 rejected  clip_norm=9.7123  threshold=0.4466  history=150
15:14:01  INFO      defenses.toposentinel — TopoSentinel: bottleneck=0.0096  threshold=0.4421
15:14:04  INFO      defenses.toposentinel — TopoSentinel round 59: 0 / 10 rejected  clip_norm=9.8988  threshold=0.4421  history=150
15:14:52  INFO      defenses.toposentinel — TopoSentinel: bottleneck=0.0107  threshold=0.4377
15:14:56  INFO      defenses.toposentinel — TopoSentinel round 60: 0 / 10 rejected  clip_norm=9.7883  threshold=0.4377  history=150
15:15:10  INFO      experiment.runner — Round   61/200  |  acc:  80.27%  loss: 0.6438  |  FPR: 0.0%  |  mF1: 80.3%
15:15:46  INFO      defenses.toposentinel — TopoSentinel: bottleneck=0.0040  threshold=0.4333
15:15:50  INFO      defenses.toposentinel — TopoSentinel round 61: 0 / 10 rejected  clip_norm=9.5804  threshold=0.4333  history=150
15:16:36  INFO      defenses.toposentinel — TopoSentinel: bottleneck=0.0070  threshold=0.4290
15:16:40  INFO      defenses.toposentinel — TopoSentinel round 62: 0 / 10 rejected  clip_norm=9.4158  threshold=0.4290  history=150
15:17:26  INFO      defenses.toposentinel — TopoSentinel: bottleneck=0.0110  threshold=0.4247
15:17:30  INFO      defenses.toposentinel — TopoSentinel round 63: 0 / 10 rejected  clip_norm=9.8813  threshold=0.4247  history=150
15:18:15  INFO      defenses.toposentinel — TopoSentinel: bottleneck=0.0066  threshold=0.4205
15:18:18  INFO      defenses.toposentinel — TopoSentinel round 64: 0 / 10 rejected  clip_norm=9.5298  threshold=0.4205  history=150
15:19:06  INFO      defenses.toposentinel — TopoSentinel: bottleneck=0.0059  threshold=0.4163
15:19:09  INFO      defenses.toposentinel — TopoSentinel round 65: 0 / 10 rejected  clip_norm=9.4810  threshold=0.4163  history=150
15:20:00  INFO      defenses.toposentinel — TopoSentinel: bottleneck=0.0057  threshold=0.4121
15:20:05  INFO      defenses.toposentinel — TopoSentinel round 66: 0 / 10 rejected  clip_norm=9.5800  threshold=0.4121  history=150
15:20:51  INFO      defenses.toposentinel — TopoSentinel: bottleneck=0.0066  threshold=0.4080
15:20:54  INFO      defenses.toposentinel — TopoSentinel round 67: 0 / 10 rejected  clip_norm=9.5655  threshold=0.4080  history=150
15:21:42  INFO      defenses.toposentinel — TopoSentinel: bottleneck=0.0094  threshold=0.4039
15:21:45  INFO      defenses.toposentinel — TopoSentinel round 68: 0 / 10 rejected  clip_norm=9.1302  threshold=0.4039  history=150
15:22:31  INFO      defenses.toposentinel — TopoSentinel: bottleneck=0.0103  threshold=0.3999
15:22:34  INFO      defenses.toposentinel — TopoSentinel round 69: 0 / 10 rejected  clip_norm=9.7442  threshold=0.3999  history=150
15:23:21  INFO      defenses.toposentinel — TopoSentinel: bottleneck=0.0076  threshold=0.3959
15:23:25  INFO      defenses.toposentinel — TopoSentinel round 70: 0 / 10 rejected  clip_norm=9.4285  threshold=0.3959  history=150
15:23:39  INFO      experiment.runner — Round   71/200  |  acc:  81.85%  loss: 0.6343  |  FPR: 0.0%  |  mF1: 81.7%
15:24:15  INFO      defenses.toposentinel — TopoSentinel: bottleneck=0.0028  threshold=0.3919
15:24:20  INFO      defenses.toposentinel — TopoSentinel round 71: 0 / 10 rejected  clip_norm=10.0146  threshold=0.3919  history=150
15:25:12  INFO      defenses.toposentinel — TopoSentinel: bottleneck=0.0043  threshold=0.3880
15:25:15  INFO      defenses.toposentinel — TopoSentinel round 72: 0 / 10 rejected  clip_norm=9.4526  threshold=0.3880  history=150
15:26:00  INFO      defenses.toposentinel — TopoSentinel: bottleneck=0.0079  threshold=0.3841
15:26:03  INFO      defenses.toposentinel — TopoSentinel round 73: 0 / 10 rejected  clip_norm=9.4659  threshold=0.3841  history=150
15:26:51  INFO      defenses.toposentinel — TopoSentinel: bottleneck=0.0047  threshold=0.3803
15:26:55  INFO      defenses.toposentinel — TopoSentinel round 74: 0 / 10 rejected  clip_norm=9.2778  threshold=0.3803  history=150
15:27:42  INFO      defenses.toposentinel — TopoSentinel: bottleneck=0.0032  threshold=0.3765
15:27:45  INFO      defenses.toposentinel — TopoSentinel round 75: 0 / 10 rejected  clip_norm=9.4208  threshold=0.3765  history=150
15:28:30  INFO      defenses.toposentinel — TopoSentinel: bottleneck=0.0085  threshold=0.3727
15:28:36  INFO      defenses.toposentinel — TopoSentinel round 76: 0 / 10 rejected  clip_norm=9.2008  threshold=0.3727  history=150
15:29:22  INFO      defenses.toposentinel — TopoSentinel: bottleneck=0.0037  threshold=0.3690
15:29:30  INFO      defenses.toposentinel — TopoSentinel round 77: 0 / 10 rejected  clip_norm=9.3342  threshold=0.3690  history=150
15:30:22  INFO      defenses.toposentinel — TopoSentinel: bottleneck=0.0025  threshold=0.3653
15:30:26  INFO      defenses.toposentinel — TopoSentinel round 78: 0 / 10 rejected  clip_norm=9.1135  threshold=0.3653  history=150
15:31:15  INFO      defenses.toposentinel — TopoSentinel: bottleneck=0.0072  threshold=0.3616
15:31:18  INFO      defenses.toposentinel — TopoSentinel round 79: 0 / 10 rejected  clip_norm=9.4172  threshold=0.3616  history=150
15:32:05  INFO      defenses.toposentinel — TopoSentinel: bottleneck=0.0091  threshold=0.3580
15:32:10  INFO      defenses.toposentinel — TopoSentinel round 80: 0 / 10 rejected  clip_norm=9.4021  threshold=0.3580  history=150
15:32:25  INFO      experiment.runner — Round   81/200  |  acc:  82.94%  loss: 0.5881  |  FPR: 0.0%  |  mF1: 82.9%
15:32:59  INFO      defenses.toposentinel — TopoSentinel: bottleneck=0.0048  threshold=0.3544
15:33:03  INFO      defenses.toposentinel — TopoSentinel round 81: 0 / 10 rejected  clip_norm=9.1897  threshold=0.3544  history=150
15:33:50  INFO      defenses.toposentinel — TopoSentinel: bottleneck=0.0064  threshold=0.3509
15:33:53  INFO      defenses.toposentinel — TopoSentinel round 82: 0 / 10 rejected  clip_norm=9.6304  threshold=0.3509  history=150
15:34:43  INFO      defenses.toposentinel — TopoSentinel: bottleneck=0.0092  threshold=0.3474
15:34:46  INFO      defenses.toposentinel — TopoSentinel round 83: 0 / 10 rejected  clip_norm=9.1437  threshold=0.3474  history=150
15:35:33  INFO      defenses.toposentinel — TopoSentinel: bottleneck=0.0036  threshold=0.3439
15:35:38  INFO      defenses.toposentinel — TopoSentinel round 84: 0 / 10 rejected  clip_norm=9.5404  threshold=0.3439  history=150
15:36:24  INFO      defenses.toposentinel — TopoSentinel: bottleneck=0.0028  threshold=0.3405
15:36:29  INFO      defenses.toposentinel — TopoSentinel round 85: 0 / 10 rejected  clip_norm=9.0410  threshold=0.3405  history=150
15:37:16  INFO      defenses.toposentinel — TopoSentinel: bottleneck=0.0030  threshold=0.3371
15:37:19  INFO      defenses.toposentinel — TopoSentinel round 86: 0 / 10 rejected  clip_norm=9.1355  threshold=0.3371  history=150
15:38:06  INFO      defenses.toposentinel — TopoSentinel: bottleneck=0.0067  threshold=0.3337
15:38:09  INFO      defenses.toposentinel — TopoSentinel round 87: 0 / 10 rejected  clip_norm=9.2713  threshold=0.3337  history=150
15:38:55  INFO      defenses.toposentinel — TopoSentinel: bottleneck=0.0032  threshold=0.3304
15:39:00  INFO      defenses.toposentinel — TopoSentinel round 88: 0 / 10 rejected  clip_norm=9.2152  threshold=0.3304  history=150
15:39:47  INFO      defenses.toposentinel — TopoSentinel: bottleneck=0.0082  threshold=0.3271
15:39:51  INFO      defenses.toposentinel — TopoSentinel round 89: 0 / 10 rejected  clip_norm=9.2010  threshold=0.3271  history=150
15:40:37  INFO      defenses.toposentinel — TopoSentinel: bottleneck=0.0051  threshold=0.3238
15:40:40  INFO      defenses.toposentinel — TopoSentinel round 90: 0 / 10 rejected  clip_norm=9.2385  threshold=0.3238  history=150
15:40:53  INFO      experiment.runner — Round   91/200  |  acc:  83.80%  loss: 0.5593  |  FPR: 0.0%  |  mF1: 83.8%
15:41:29  INFO      defenses.toposentinel — TopoSentinel: bottleneck=0.0105  threshold=0.3205
15:41:33  INFO      defenses.toposentinel — TopoSentinel round 91: 0 / 10 rejected  clip_norm=8.7386  threshold=0.3205  history=150
15:42:16  INFO      defenses.toposentinel — TopoSentinel: bottleneck=0.0177  threshold=0.3173
15:42:19  INFO      defenses.toposentinel — TopoSentinel round 92: 0 / 10 rejected  clip_norm=9.4624  threshold=0.3173  history=150
15:43:07  INFO      defenses.toposentinel — TopoSentinel: bottleneck=0.0141  threshold=0.3142
15:43:11  INFO      defenses.toposentinel — TopoSentinel round 93: 0 / 10 rejected  clip_norm=8.9115  threshold=0.3142  history=150
15:43:58  INFO      defenses.toposentinel — TopoSentinel: bottleneck=0.0035  threshold=0.3110
15:44:01  INFO      defenses.toposentinel — TopoSentinel round 94: 0 / 10 rejected  clip_norm=8.9547  threshold=0.3110  history=150
15:44:53  INFO      defenses.toposentinel — TopoSentinel: bottleneck=0.0049  threshold=0.3079
15:44:56  INFO      defenses.toposentinel — TopoSentinel round 95: 0 / 10 rejected  clip_norm=8.9873  threshold=0.3079  history=150
15:45:46  INFO      defenses.toposentinel — TopoSentinel: bottleneck=0.0070  threshold=0.3048
15:45:49  INFO      defenses.toposentinel — TopoSentinel round 96: 0 / 10 rejected  clip_norm=9.1096  threshold=0.3048  history=150
15:46:37  INFO      defenses.toposentinel — TopoSentinel: bottleneck=0.0069  threshold=0.3018
15:46:41  INFO      defenses.toposentinel — TopoSentinel round 97: 0 / 10 rejected  clip_norm=9.2365  threshold=0.3018  history=150
15:47:28  INFO      defenses.toposentinel — TopoSentinel: bottleneck=0.0053  threshold=0.2988
15:47:31  INFO      defenses.toposentinel — TopoSentinel round 98: 0 / 10 rejected  clip_norm=9.3225  threshold=0.2988  history=150
15:48:18  INFO      defenses.toposentinel — TopoSentinel: bottleneck=0.0035  threshold=0.2958
15:48:22  INFO      defenses.toposentinel — TopoSentinel round 99: 0 / 10 rejected  clip_norm=8.9864  threshold=0.2958  history=150
15:49:08  INFO      defenses.toposentinel — TopoSentinel: bottleneck=0.0063  threshold=0.2928
15:49:11  INFO      defenses.toposentinel — TopoSentinel round 100: 0 / 10 rejected  clip_norm=9.2361  threshold=0.2928  history=150
15:49:27  INFO      experiment.runner — Round  101/200  |  acc:  83.91%  loss: 0.5620  |  FPR: 0.0%  |  mF1: 83.9%
15:50:03  INFO      defenses.toposentinel — TopoSentinel: bottleneck=0.0061  threshold=0.2899
15:50:06  INFO      defenses.toposentinel — TopoSentinel round 101: 0 / 10 rejected  clip_norm=8.4688  threshold=0.2899  history=150
15:50:56  INFO      defenses.toposentinel — TopoSentinel: bottleneck=0.0049  threshold=0.2870
15:50:59  INFO      defenses.toposentinel — TopoSentinel round 102: 0 / 10 rejected  clip_norm=8.7534  threshold=0.2870  history=150
15:51:46  INFO      defenses.toposentinel — TopoSentinel: bottleneck=0.0045  threshold=0.2841
15:51:50  INFO      defenses.toposentinel — TopoSentinel round 103: 0 / 10 rejected  clip_norm=9.4162  threshold=0.2841  history=150
15:52:36  INFO      defenses.toposentinel — TopoSentinel: bottleneck=0.0046  threshold=0.2813
15:52:40  INFO      defenses.toposentinel — TopoSentinel round 104: 0 / 10 rejected  clip_norm=9.0882  threshold=0.2813  history=150
15:53:28  INFO      defenses.toposentinel — TopoSentinel: bottleneck=0.0064  threshold=0.2785
15:53:32  INFO      defenses.toposentinel — TopoSentinel round 105: 0 / 10 rejected  clip_norm=8.8510  threshold=0.2785  history=150
15:54:20  INFO      defenses.toposentinel — TopoSentinel: bottleneck=0.0049  threshold=0.2757
15:54:23  INFO      defenses.toposentinel — TopoSentinel round 106: 0 / 10 rejected  clip_norm=8.5765  threshold=0.2757  history=150
15:55:08  INFO      defenses.toposentinel — TopoSentinel: bottleneck=0.0067  threshold=0.2729
15:55:15  INFO      defenses.toposentinel — TopoSentinel round 107: 0 / 10 rejected  clip_norm=8.6718  threshold=0.2729  history=150
15:56:02  INFO      defenses.toposentinel — TopoSentinel: bottleneck=0.0082  threshold=0.2702
15:56:09  INFO      defenses.toposentinel — TopoSentinel round 108: 0 / 10 rejected  clip_norm=8.6904  threshold=0.2702  history=150
15:57:02  INFO      defenses.toposentinel — TopoSentinel: bottleneck=0.0108  threshold=0.2675
15:57:05  INFO      defenses.toposentinel — TopoSentinel round 109: 0 / 10 rejected  clip_norm=8.8466  threshold=0.2675  history=150
15:57:54  INFO      defenses.toposentinel — TopoSentinel: bottleneck=0.0081  threshold=0.2648
15:57:58  INFO      defenses.toposentinel — TopoSentinel round 110: 0 / 10 rejected  clip_norm=8.4734  threshold=0.2648  history=150
15:58:14  INFO      experiment.runner — Round  111/200  |  acc:  85.15%  loss: 0.5453  |  FPR: 0.0%  |  mF1: 85.0%
15:58:50  INFO      defenses.toposentinel — TopoSentinel: bottleneck=0.0062  threshold=0.2622
15:58:53  INFO      defenses.toposentinel — TopoSentinel round 111: 0 / 10 rejected  clip_norm=8.1667  threshold=0.2622  history=150
15:59:43  INFO      defenses.toposentinel — TopoSentinel: bottleneck=0.0086  threshold=0.2596
15:59:46  INFO      defenses.toposentinel — TopoSentinel round 112: 0 / 10 rejected  clip_norm=8.5582  threshold=0.2596  history=150
16:00:35  INFO      defenses.toposentinel — TopoSentinel: bottleneck=0.0051  threshold=0.2570
16:00:38  INFO      defenses.toposentinel — TopoSentinel round 113: 0 / 10 rejected  clip_norm=9.1565  threshold=0.2570  history=150
16:01:26  INFO      defenses.toposentinel — TopoSentinel: bottleneck=0.0044  threshold=0.2544
16:01:33  INFO      defenses.toposentinel — TopoSentinel round 114: 0 / 10 rejected  clip_norm=8.4619  threshold=0.2544  history=150
16:02:25  INFO      defenses.toposentinel — TopoSentinel: bottleneck=0.0044  threshold=0.2518
16:02:28  INFO      defenses.toposentinel — TopoSentinel round 115: 0 / 10 rejected  clip_norm=8.5480  threshold=0.2518  history=150
16:03:15  INFO      defenses.toposentinel — TopoSentinel: bottleneck=0.0077  threshold=0.2493
16:03:18  INFO      defenses.toposentinel — TopoSentinel round 116: 0 / 10 rejected  clip_norm=8.9394  threshold=0.2493  history=150
16:04:05  INFO      defenses.toposentinel — TopoSentinel: bottleneck=0.0058  threshold=0.2468
16:04:09  INFO      defenses.toposentinel — TopoSentinel round 117: 0 / 10 rejected  clip_norm=8.5822  threshold=0.2468  history=150
16:04:58  INFO      defenses.toposentinel — TopoSentinel: bottleneck=0.0144  threshold=0.2444
16:05:02  INFO      defenses.toposentinel — TopoSentinel round 118: 0 / 10 rejected  clip_norm=8.9883  threshold=0.2444  history=150
16:05:49  INFO      defenses.toposentinel — TopoSentinel: bottleneck=0.0089  threshold=0.2419
16:05:53  INFO      defenses.toposentinel — TopoSentinel round 119: 0 / 10 rejected  clip_norm=8.6757  threshold=0.2419  history=150
16:06:40  INFO      defenses.toposentinel — TopoSentinel: bottleneck=0.0070  threshold=0.2395
16:06:44  INFO      defenses.toposentinel — TopoSentinel round 120: 0 / 10 rejected  clip_norm=8.9622  threshold=0.2395  history=150
16:07:02  INFO      experiment.runner — Round  121/200  |  acc:  85.00%  loss: 0.5268  |  FPR: 0.0%  |  mF1: 84.9%
16:07:39  INFO      defenses.toposentinel — TopoSentinel: bottleneck=0.0104  threshold=0.2371
16:07:43  INFO      defenses.toposentinel — TopoSentinel round 121: 0 / 10 rejected  clip_norm=8.4468  threshold=0.2371  history=150
16:08:30  INFO      defenses.toposentinel — TopoSentinel: bottleneck=0.0069  threshold=0.2347
16:08:33  INFO      defenses.toposentinel — TopoSentinel round 122: 0 / 10 rejected  clip_norm=8.5779  threshold=0.2347  history=150
16:09:19  INFO      defenses.toposentinel — TopoSentinel: bottleneck=0.0133  threshold=0.2324
16:09:23  INFO      defenses.toposentinel — TopoSentinel round 123: 0 / 10 rejected  clip_norm=8.8355  threshold=0.2324  history=150
16:10:09  INFO      defenses.toposentinel — TopoSentinel: bottleneck=0.0135  threshold=0.2301
16:10:12  INFO      defenses.toposentinel — TopoSentinel round 124: 0 / 10 rejected  clip_norm=8.2627  threshold=0.2301  history=150
16:11:00  INFO      defenses.toposentinel — TopoSentinel: bottleneck=0.0157  threshold=0.2278
16:11:03  INFO      defenses.toposentinel — TopoSentinel round 125: 0 / 10 rejected  clip_norm=8.4166  threshold=0.2278  history=150
16:11:51  INFO      defenses.toposentinel — TopoSentinel: bottleneck=0.0078  threshold=0.2255
16:11:54  INFO      defenses.toposentinel — TopoSentinel round 126: 0 / 10 rejected  clip_norm=8.4393  threshold=0.2255  history=150
16:12:44  INFO      defenses.toposentinel — TopoSentinel: bottleneck=0.0065  threshold=0.2232
16:12:48  INFO      defenses.toposentinel — TopoSentinel round 127: 0 / 10 rejected  clip_norm=8.2901  threshold=0.2232  history=150
16:13:35  INFO      defenses.toposentinel — TopoSentinel: bottleneck=0.0045  threshold=0.2210
16:13:39  INFO      defenses.toposentinel — TopoSentinel round 128: 0 / 10 rejected  clip_norm=8.5418  threshold=0.2210  history=150
16:14:27  INFO      defenses.toposentinel — TopoSentinel: bottleneck=0.0067  threshold=0.2188
16:14:31  INFO      defenses.toposentinel — TopoSentinel round 129: 0 / 10 rejected  clip_norm=8.5163  threshold=0.2188  history=150
16:15:19  INFO      defenses.toposentinel — TopoSentinel: bottleneck=0.0134  threshold=0.2166
16:15:23  INFO      defenses.toposentinel — TopoSentinel round 130: 0 / 10 rejected  clip_norm=8.9272  threshold=0.2166  history=150
16:15:36  INFO      experiment.runner — Round  131/200  |  acc:  86.05%  loss: 0.5002  |  FPR: 0.0%  |  mF1: 86.0%
16:16:13  INFO      defenses.toposentinel — TopoSentinel: bottleneck=0.0074  threshold=0.2144
16:16:16  INFO      defenses.toposentinel — TopoSentinel round 131: 0 / 10 rejected  clip_norm=9.0780  threshold=0.2144  history=150
16:17:05  INFO      defenses.toposentinel — TopoSentinel: bottleneck=0.0047  threshold=0.2123
16:17:09  INFO      defenses.toposentinel — TopoSentinel round 132: 0 / 10 rejected  clip_norm=8.5857  threshold=0.2123  history=150
16:17:58  INFO      defenses.toposentinel — TopoSentinel: bottleneck=0.0063  threshold=0.2102
16:18:02  INFO      defenses.toposentinel — TopoSentinel round 133: 0 / 10 rejected  clip_norm=8.7409  threshold=0.2102  history=150
16:18:49  INFO      defenses.toposentinel — TopoSentinel: bottleneck=0.0051  threshold=0.2081
16:18:53  INFO      defenses.toposentinel — TopoSentinel round 134: 0 / 10 rejected  clip_norm=8.5609  threshold=0.2081  history=150
16:19:40  INFO      defenses.toposentinel — TopoSentinel: bottleneck=0.0083  threshold=0.2060
16:19:43  INFO      defenses.toposentinel — TopoSentinel round 135: 0 / 10 rejected  clip_norm=8.6088  threshold=0.2060  history=150
16:20:31  INFO      defenses.toposentinel — TopoSentinel: bottleneck=0.0063  threshold=0.2039
16:20:34  INFO      defenses.toposentinel — TopoSentinel round 136: 0 / 10 rejected  clip_norm=8.5781  threshold=0.2039  history=150
16:21:21  INFO      defenses.toposentinel — TopoSentinel: bottleneck=0.0045  threshold=0.2019
16:21:24  INFO      defenses.toposentinel — TopoSentinel round 137: 0 / 10 rejected  clip_norm=8.5550  threshold=0.2019  history=150
16:22:11  INFO      defenses.toposentinel — TopoSentinel: bottleneck=0.0059  threshold=0.1999
16:22:14  INFO      defenses.toposentinel — TopoSentinel round 138: 0 / 10 rejected  clip_norm=8.4285  threshold=0.1999  history=150
16:23:04  INFO      defenses.toposentinel — TopoSentinel: bottleneck=0.0080  threshold=0.1979
16:23:07  INFO      defenses.toposentinel — TopoSentinel round 139: 0 / 10 rejected  clip_norm=8.4582  threshold=0.1979  history=150
16:23:55  INFO      defenses.toposentinel — TopoSentinel: bottleneck=0.0071  threshold=0.1959
16:23:59  INFO      defenses.toposentinel — TopoSentinel round 140: 0 / 10 rejected  clip_norm=8.2823  threshold=0.1959  history=150
16:24:12  INFO      experiment.runner — Round  141/200  |  acc:  86.20%  loss: 0.5177  |  FPR: 0.0%  |  mF1: 86.1%
16:24:49  INFO      defenses.toposentinel — TopoSentinel: bottleneck=0.0025  threshold=0.1939
16:24:52  INFO      defenses.toposentinel — TopoSentinel round 141: 0 / 10 rejected  clip_norm=8.2881  threshold=0.1939  history=150
16:25:39  INFO      defenses.toposentinel — TopoSentinel: bottleneck=0.0074  threshold=0.1920
16:25:42  INFO      defenses.toposentinel — TopoSentinel round 142: 0 / 10 rejected  clip_norm=8.6430  threshold=0.1920  history=150
16:26:30  INFO      defenses.toposentinel — TopoSentinel: bottleneck=0.0025  threshold=0.1901
16:26:33  INFO      defenses.toposentinel — TopoSentinel round 143: 0 / 10 rejected  clip_norm=8.3855  threshold=0.1901  history=150
16:27:20  INFO      defenses.toposentinel — TopoSentinel: bottleneck=0.0047  threshold=0.1882
16:27:24  INFO      defenses.toposentinel — TopoSentinel round 144: 0 / 10 rejected  clip_norm=8.4114  threshold=0.1882  history=150
16:28:13  INFO      defenses.toposentinel — TopoSentinel: bottleneck=0.0107  threshold=0.1863
16:28:16  INFO      defenses.toposentinel — TopoSentinel round 145: 0 / 10 rejected  clip_norm=8.2159  threshold=0.1863  history=150
16:29:02  INFO      defenses.toposentinel — TopoSentinel: bottleneck=0.0043  threshold=0.1844
16:29:05  INFO      defenses.toposentinel — TopoSentinel round 146: 0 / 10 rejected  clip_norm=7.8579  threshold=0.1844  history=150
16:29:52  INFO      defenses.toposentinel — TopoSentinel: bottleneck=0.0097  threshold=0.1826
16:29:55  INFO      defenses.toposentinel — TopoSentinel round 147: 0 / 10 rejected  clip_norm=7.9428  threshold=0.1826  history=150
16:30:41  INFO      defenses.toposentinel — TopoSentinel: bottleneck=0.0212  threshold=0.1808
16:30:47  INFO      defenses.toposentinel — TopoSentinel round 148: 0 / 10 rejected  clip_norm=8.5705  threshold=0.1808  history=150
16:31:33  INFO      defenses.toposentinel — TopoSentinel: bottleneck=0.0047  threshold=0.1790
16:31:38  INFO      defenses.toposentinel — TopoSentinel round 149: 0 / 10 rejected  clip_norm=8.4774  threshold=0.1790  history=150
16:32:27  INFO      defenses.toposentinel — TopoSentinel: bottleneck=0.0064  threshold=0.1772
16:32:30  INFO      defenses.toposentinel — TopoSentinel round 150: 0 / 10 rejected  clip_norm=8.0695  threshold=0.1772  history=150
16:32:48  INFO      experiment.runner — Round  151/200  |  acc:  86.36%  loss: 0.5121  |  FPR: 0.0%  |  mF1: 86.2%
16:33:26  INFO      defenses.toposentinel — TopoSentinel: bottleneck=0.0069  threshold=0.1754
16:33:31  INFO      defenses.toposentinel — TopoSentinel round 151: 0 / 10 rejected  clip_norm=8.2891  threshold=0.1754  history=150
16:34:18  INFO      defenses.toposentinel — TopoSentinel: bottleneck=0.0090  threshold=0.1736
16:34:21  INFO      defenses.toposentinel — TopoSentinel round 152: 0 / 10 rejected  clip_norm=8.5536  threshold=0.1736  history=150
16:35:09  INFO      defenses.toposentinel — TopoSentinel: bottleneck=0.0126  threshold=0.1719
16:35:14  INFO      defenses.toposentinel — TopoSentinel round 153: 0 / 10 rejected  clip_norm=8.1962  threshold=0.1719  history=150
16:36:01  INFO      defenses.toposentinel — TopoSentinel: bottleneck=0.0054  threshold=0.1702
16:36:05  INFO      defenses.toposentinel — TopoSentinel round 154: 0 / 10 rejected  clip_norm=8.3720  threshold=0.1702  history=150
16:36:54  INFO      defenses.toposentinel — TopoSentinel: bottleneck=0.0069  threshold=0.1685
16:36:58  INFO      defenses.toposentinel — TopoSentinel round 155: 0 / 10 rejected  clip_norm=8.2590  threshold=0.1685  history=150
16:38:29  INFO      defenses.toposentinel — TopoSentinel: bottleneck=0.0150  threshold=0.1668
16:38:33  INFO      defenses.toposentinel — TopoSentinel round 156: 0 / 10 rejected  clip_norm=8.2053  threshold=0.1668  history=150
16:39:23  INFO      defenses.toposentinel — TopoSentinel: bottleneck=0.0115  threshold=0.1651
16:39:26  INFO      defenses.toposentinel — TopoSentinel round 157: 0 / 10 rejected  clip_norm=7.9226  threshold=0.1651  history=150
16:40:12  INFO      defenses.toposentinel — TopoSentinel: bottleneck=0.0047  threshold=0.1635
16:40:15  INFO      defenses.toposentinel — TopoSentinel round 158: 0 / 10 rejected  clip_norm=7.7730  threshold=0.1635  history=150
16:41:02  INFO      defenses.toposentinel — TopoSentinel: bottleneck=0.0120  threshold=0.1618
16:41:05  INFO      defenses.toposentinel — TopoSentinel round 159: 0 / 10 rejected  clip_norm=7.4659  threshold=0.1618  history=150
16:41:53  INFO      defenses.toposentinel — TopoSentinel: bottleneck=0.0118  threshold=0.1602
16:41:56  INFO      defenses.toposentinel — TopoSentinel round 160: 0 / 10 rejected  clip_norm=8.6309  threshold=0.1602  history=150
16:42:09  INFO      experiment.runner — Round  161/200  |  acc:  86.65%  loss: 0.5006  |  FPR: 0.0%  |  mF1: 86.6%
16:42:45  INFO      defenses.toposentinel — TopoSentinel: bottleneck=0.0082  threshold=0.1586
16:42:48  INFO      defenses.toposentinel — TopoSentinel round 161: 0 / 10 rejected  clip_norm=7.8278  threshold=0.1586  history=150
16:43:34  INFO      defenses.toposentinel — TopoSentinel: bottleneck=0.0149  threshold=0.1570
16:43:37  INFO      defenses.toposentinel — TopoSentinel round 162: 0 / 10 rejected  clip_norm=7.6306  threshold=0.1570  history=150
16:44:28  INFO      defenses.toposentinel — TopoSentinel: bottleneck=0.0170  threshold=0.1555
16:44:31  INFO      defenses.toposentinel — TopoSentinel round 163: 0 / 10 rejected  clip_norm=8.5365  threshold=0.1555  history=150
16:45:19  INFO      defenses.toposentinel — TopoSentinel: bottleneck=0.0045  threshold=0.1539
16:45:22  INFO      defenses.toposentinel — TopoSentinel round 164: 0 / 10 rejected  clip_norm=8.4353  threshold=0.1539  history=150
16:46:09  INFO      defenses.toposentinel — TopoSentinel: bottleneck=0.0046  threshold=0.1524
16:46:13  INFO      defenses.toposentinel — TopoSentinel round 165: 0 / 10 rejected  clip_norm=7.7812  threshold=0.1524  history=150
16:47:00  INFO      defenses.toposentinel — TopoSentinel: bottleneck=0.0103  threshold=0.1508
16:47:04  INFO      defenses.toposentinel — TopoSentinel round 166: 0 / 10 rejected  clip_norm=8.2134  threshold=0.1508  history=150
16:47:51  INFO      defenses.toposentinel — TopoSentinel: bottleneck=0.0229  threshold=0.1493
16:47:54  INFO      defenses.toposentinel — TopoSentinel round 167: 0 / 10 rejected  clip_norm=7.7778  threshold=0.1493  history=150
16:48:43  INFO      defenses.toposentinel — TopoSentinel: bottleneck=0.0100  threshold=0.1478
16:48:46  INFO      defenses.toposentinel — TopoSentinel round 168: 0 / 10 rejected  clip_norm=8.0595  threshold=0.1478  history=150
16:49:36  INFO      defenses.toposentinel — TopoSentinel: bottleneck=0.0061  threshold=0.1464
16:49:42  INFO      defenses.toposentinel — TopoSentinel round 169: 0 / 10 rejected  clip_norm=7.6095  threshold=0.1464  history=150
16:50:28  INFO      defenses.toposentinel — TopoSentinel: bottleneck=0.0064  threshold=0.1449
16:50:34  INFO      defenses.toposentinel — TopoSentinel round 170: 0 / 10 rejected  clip_norm=7.8282  threshold=0.1449  history=150
16:50:47  INFO      experiment.runner — Round  171/200  |  acc:  86.92%  loss: 0.4981  |  FPR: 0.0%  |  mF1: 86.9%
16:51:24  INFO      defenses.toposentinel — TopoSentinel: bottleneck=0.0071  threshold=0.1435
16:51:28  INFO      defenses.toposentinel — TopoSentinel round 171: 0 / 10 rejected  clip_norm=8.1090  threshold=0.1435  history=150
16:52:17  INFO      defenses.toposentinel — TopoSentinel: bottleneck=0.0164  threshold=0.1420
16:52:20  INFO      defenses.toposentinel — TopoSentinel round 172: 0 / 10 rejected  clip_norm=8.3519  threshold=0.1420  history=150
16:53:07  INFO      defenses.toposentinel — TopoSentinel: bottleneck=0.0150  threshold=0.1406
16:53:14  INFO      defenses.toposentinel — TopoSentinel round 173: 0 / 10 rejected  clip_norm=7.9974  threshold=0.1406  history=150
16:54:00  INFO      defenses.toposentinel — TopoSentinel: bottleneck=0.0192  threshold=0.1392
16:54:06  INFO      defenses.toposentinel — TopoSentinel round 174: 0 / 10 rejected  clip_norm=8.4670  threshold=0.1392  history=150
16:54:54  INFO      defenses.toposentinel — TopoSentinel: bottleneck=0.0164  threshold=0.1378
16:54:58  INFO      defenses.toposentinel — TopoSentinel round 175: 0 / 10 rejected  clip_norm=7.8810  threshold=0.1378  history=150
16:55:47  INFO      defenses.toposentinel — TopoSentinel: bottleneck=0.0080  threshold=0.1364
16:55:50  INFO      defenses.toposentinel — TopoSentinel round 176: 0 / 10 rejected  clip_norm=7.8604  threshold=0.1364  history=150
16:56:41  INFO      defenses.toposentinel — TopoSentinel: bottleneck=0.0090  threshold=0.1351
16:56:45  INFO      defenses.toposentinel — TopoSentinel round 177: 0 / 10 rejected  clip_norm=8.0011  threshold=0.1351  history=150
16:57:33  INFO      defenses.toposentinel — TopoSentinel: bottleneck=0.0058  threshold=0.1337
16:57:37  INFO      defenses.toposentinel — TopoSentinel round 178: 0 / 10 rejected  clip_norm=7.7125  threshold=0.1337  history=150
16:58:23  INFO      defenses.toposentinel — TopoSentinel: bottleneck=0.0070  threshold=0.1324
16:58:27  INFO      defenses.toposentinel — TopoSentinel round 179: 0 / 10 rejected  clip_norm=8.0404  threshold=0.1324  history=150
16:59:14  INFO      defenses.toposentinel — TopoSentinel: bottleneck=0.0092  threshold=0.1310
16:59:18  INFO      defenses.toposentinel — TopoSentinel round 180: 0 / 10 rejected  clip_norm=7.8326  threshold=0.1310  history=150
16:59:32  INFO      experiment.runner — Round  181/200  |  acc:  87.48%  loss: 0.4855  |  FPR: 0.0%  |  mF1: 87.4%
17:00:10  INFO      defenses.toposentinel — TopoSentinel: bottleneck=0.0165  threshold=0.1297
17:00:14  INFO      defenses.toposentinel — TopoSentinel round 181: 0 / 10 rejected  clip_norm=8.4351  threshold=0.1297  history=150
17:01:02  INFO      defenses.toposentinel — TopoSentinel: bottleneck=0.0144  threshold=0.1284
17:01:05  INFO      defenses.toposentinel — TopoSentinel round 182: 0 / 10 rejected  clip_norm=7.6075  threshold=0.1284  history=150
17:01:52  INFO      defenses.toposentinel — TopoSentinel: bottleneck=0.0059  threshold=0.1272
17:01:56  INFO      defenses.toposentinel — TopoSentinel round 183: 0 / 10 rejected  clip_norm=7.6102  threshold=0.1272  history=150
17:02:43  INFO      defenses.toposentinel — TopoSentinel: bottleneck=0.0050  threshold=0.1259
17:02:47  INFO      defenses.toposentinel — TopoSentinel round 184: 0 / 10 rejected  clip_norm=7.8702  threshold=0.1259  history=150
17:03:34  INFO      defenses.toposentinel — TopoSentinel: bottleneck=0.0083  threshold=0.1246
17:03:38  INFO      defenses.toposentinel — TopoSentinel round 185: 0 / 10 rejected  clip_norm=7.2157  threshold=0.1246  history=150
17:04:25  INFO      defenses.toposentinel — TopoSentinel: bottleneck=0.0104  threshold=0.1234
17:04:29  INFO      defenses.toposentinel — TopoSentinel round 186: 0 / 10 rejected  clip_norm=7.7363  threshold=0.1234  history=150
17:05:19  INFO      defenses.toposentinel — TopoSentinel: bottleneck=0.0189  threshold=0.1221
17:05:22  INFO      defenses.toposentinel — TopoSentinel round 187: 0 / 10 rejected  clip_norm=8.2154  threshold=0.1221  history=150
17:06:11  INFO      defenses.toposentinel — TopoSentinel: bottleneck=0.0203  threshold=0.1209
17:06:16  INFO      defenses.toposentinel — TopoSentinel round 188: 0 / 10 rejected  clip_norm=7.3190  threshold=0.1209  history=150
17:07:02  INFO      defenses.toposentinel — TopoSentinel: bottleneck=0.0113  threshold=0.1197
17:07:05  INFO      defenses.toposentinel — TopoSentinel round 189: 0 / 10 rejected  clip_norm=8.0123  threshold=0.1197  history=150
17:07:52  INFO      defenses.toposentinel — TopoSentinel: bottleneck=0.0088  threshold=0.1185
17:07:57  INFO      defenses.toposentinel — TopoSentinel round 190: 0 / 10 rejected  clip_norm=7.7128  threshold=0.1185  history=150
17:08:10  INFO      experiment.runner — Round  191/200  |  acc:  87.37%  loss: 0.4909  |  FPR: 0.0%  |  mF1: 87.3%
17:08:47  INFO      defenses.toposentinel — TopoSentinel: bottleneck=0.0088  threshold=0.1173
17:08:50  INFO      defenses.toposentinel — TopoSentinel round 191: 0 / 10 rejected  clip_norm=8.3068  threshold=0.1173  history=150
17:09:35  INFO      defenses.toposentinel — TopoSentinel: bottleneck=0.0099  threshold=0.1162
17:09:40  INFO      defenses.toposentinel — TopoSentinel round 192: 0 / 10 rejected  clip_norm=7.5850  threshold=0.1162  history=150
17:10:26  INFO      defenses.toposentinel — TopoSentinel: bottleneck=0.0107  threshold=0.1150
17:10:30  INFO      defenses.toposentinel — TopoSentinel round 193: 0 / 10 rejected  clip_norm=7.3459  threshold=0.1150  history=150
17:11:18  INFO      defenses.toposentinel — TopoSentinel: bottleneck=0.0159  threshold=0.1138
17:11:23  INFO      defenses.toposentinel — TopoSentinel round 194: 0 / 10 rejected  clip_norm=7.8715  threshold=0.1138  history=150
17:12:08  INFO      defenses.toposentinel — TopoSentinel: bottleneck=0.0051  threshold=0.1127
17:12:14  INFO      defenses.toposentinel — TopoSentinel round 195: 0 / 10 rejected  clip_norm=8.0046  threshold=0.1127  history=150
17:12:58  INFO      defenses.toposentinel — TopoSentinel: bottleneck=0.0068  threshold=0.1116
17:13:02  INFO      defenses.toposentinel — TopoSentinel round 196: 0 / 10 rejected  clip_norm=7.3696  threshold=0.1116  history=150
17:13:49  INFO      defenses.toposentinel — TopoSentinel: bottleneck=0.0134  threshold=0.1105
17:13:52  INFO      defenses.toposentinel — TopoSentinel round 197: 0 / 10 rejected  clip_norm=6.7907  threshold=0.1105  history=150
17:14:39  INFO      defenses.toposentinel — TopoSentinel: bottleneck=0.0173  threshold=0.1094
17:14:43  INFO      defenses.toposentinel — TopoSentinel round 198: 0 / 10 rejected  clip_norm=8.0221  threshold=0.1094  history=150
17:15:29  INFO      defenses.toposentinel — TopoSentinel: bottleneck=0.0147  threshold=0.1083
17:15:33  INFO      defenses.toposentinel — TopoSentinel round 199: 0 / 10 rejected  clip_norm=7.4151  threshold=0.1083  history=150
17:15:49  INFO      experiment.runner — Round  200/200  |  acc:  88.12%  loss: 0.4738  |  FPR: 0.0%  |  mF1: 88.0%
17:15:50  INFO      experiment.runner — Final model saved to results/benchmark/cifar10_none_toposentinel_seed1/final_model.pt
17:15:50  INFO      experiment.runner — Client atypicality written to results/benchmark/cifar10_none_toposentinel_seed1/client_atypicality.json
17:15:50  INFO      experiment.runner — Client inclusion rates written to results/benchmark/cifar10_none_toposentinel_seed1/client_inclusion.csv
17:15:50  INFO      experiment.runner — Anomaly scores written to results/benchmark/cifar10_none_toposentinel_seed1/anomaly_scores.csv (2000 rows)
17:15:50  INFO      benchmark — ✓  cifar10_none_toposentinel_seed1  (173.3 min)
17:15:50  INFO      benchmark — ▶  cifar10_none_toposentinel_seed2
17:15:50  INFO      experiment.runner — Initialising 'cifar10_none_toposentinel_seed2' | device=cuda | rounds=200 | clients=10/100 | attack=none | defense=toposentinel
17:15:53  INFO      defenses.toposentinel — TopoSentinelServer — metric=euclidean  threshold=0.800→0.010 (decay=0.9900)  history_window=20  interval_percentiles=[5, 95]
17:16:06  INFO      experiment.utils — Built 100 clients — 0 malicious, 100 benign.
17:16:06  INFO      experiment.runner — Setup complete — 100 clients (0 malicious) | backdoor eval: none

==============================================================
  Summary — 21 rounds evaluated
==============================================================
  Final clean accuracy               88.12%
  Best  clean accuracy               88.12%
  Final clean loss                   0.4738
  Macro F1                           88.04%
  Pooled FPR (all rounds)             0.00%
==============================================================

Files already downloaded and verified
Files already downloaded and verified
Files already downloaded and verified
Files already downloaded and verified
17:16:43  INFO      defenses.toposentinel — TopoSentinel round 0: 0 / 10 rejected  clip_norm=57.5141  threshold=0.8000  history=10
17:16:56  INFO      experiment.runner — Round    1/200  |  acc:  13.66%  loss: 3.5152  |  FPR: 0.0%  |  mF1: 7.8%
17:17:30  INFO      defenses.toposentinel — TopoSentinel: bottleneck=0.0430  threshold=0.7920
17:17:34  INFO      defenses.toposentinel — TopoSentinel round 1: 0 / 10 rejected  clip_norm=24.2625  threshold=0.7920  history=20
17:18:16  INFO      defenses.toposentinel — TopoSentinel: bottleneck=0.0323  threshold=0.7841
17:18:20  INFO      defenses.toposentinel — TopoSentinel round 2: 0 / 10 rejected  clip_norm=19.6909  threshold=0.7841  history=30
17:19:08  INFO      defenses.toposentinel — TopoSentinel: bottleneck=0.0209  threshold=0.7762
17:19:11  INFO      defenses.toposentinel — TopoSentinel round 3: 0 / 10 rejected  clip_norm=17.0076  threshold=0.7762  history=40
17:20:02  INFO      defenses.toposentinel — TopoSentinel: bottleneck=0.0113  threshold=0.7685
17:20:05  INFO      defenses.toposentinel — TopoSentinel round 4: 0 / 10 rejected  clip_norm=14.4092  threshold=0.7685  history=50
17:20:52  INFO      defenses.toposentinel — TopoSentinel: bottleneck=0.0058  threshold=0.7608
17:20:55  INFO      defenses.toposentinel — TopoSentinel round 5: 0 / 10 rejected  clip_norm=13.5637  threshold=0.7608  history=60
17:21:42  INFO      defenses.toposentinel — TopoSentinel: bottleneck=0.0024  threshold=0.7532
17:21:45  INFO      defenses.toposentinel — TopoSentinel round 6: 0 / 10 rejected  clip_norm=13.0818  threshold=0.7532  history=70
17:22:30  INFO      defenses.toposentinel — TopoSentinel: bottleneck=0.0038  threshold=0.7457
17:22:34  INFO      defenses.toposentinel — TopoSentinel round 7: 0 / 10 rejected  clip_norm=12.6217  threshold=0.7457  history=80
17:23:20  INFO      defenses.toposentinel — TopoSentinel: bottleneck=0.0031  threshold=0.7382
17:23:23  INFO      defenses.toposentinel — TopoSentinel round 8: 0 / 10 rejected  clip_norm=12.2827  threshold=0.7382  history=90
17:24:07  INFO      defenses.toposentinel — TopoSentinel: bottleneck=0.0055  threshold=0.7308
17:24:11  INFO      defenses.toposentinel — TopoSentinel round 9: 0 / 10 rejected  clip_norm=11.9355  threshold=0.7308  history=100
17:24:55  INFO      defenses.toposentinel — TopoSentinel: bottleneck=0.0045  threshold=0.7235
17:24:59  INFO      defenses.toposentinel — TopoSentinel round 10: 0 / 10 rejected  clip_norm=11.8323  threshold=0.7235  history=110
17:25:12  INFO      experiment.runner — Round   11/200  |  acc:  56.65%  loss: 1.2628  |  FPR: 0.0%  |  mF1: 56.8%
17:25:47  INFO      defenses.toposentinel — TopoSentinel: bottleneck=0.0038  threshold=0.7163
17:25:50  INFO      defenses.toposentinel — TopoSentinel round 11: 0 / 10 rejected  clip_norm=11.7259  threshold=0.7163  history=120
17:26:39  INFO      defenses.toposentinel — TopoSentinel: bottleneck=0.0052  threshold=0.7091
17:26:42  INFO      defenses.toposentinel — TopoSentinel round 12: 0 / 10 rejected  clip_norm=11.4123  threshold=0.7091  history=130
17:27:29  INFO      defenses.toposentinel — TopoSentinel: bottleneck=0.0050  threshold=0.7020
17:27:32  INFO      defenses.toposentinel — TopoSentinel round 13: 0 / 10 rejected  clip_norm=11.5250  threshold=0.7020  history=140
17:28:18  INFO      defenses.toposentinel — TopoSentinel: bottleneck=0.0034  threshold=0.6950
17:28:21  INFO      defenses.toposentinel — TopoSentinel round 14: 0 / 10 rejected  clip_norm=11.8447  threshold=0.6950  history=150
17:29:07  INFO      defenses.toposentinel — TopoSentinel: bottleneck=0.0035  threshold=0.6880
17:29:10  INFO      defenses.toposentinel — TopoSentinel round 15: 0 / 10 rejected  clip_norm=11.4589  threshold=0.6880  history=150
17:29:54  INFO      defenses.toposentinel — TopoSentinel: bottleneck=0.0018  threshold=0.6812
17:29:58  INFO      defenses.toposentinel — TopoSentinel round 16: 0 / 10 rejected  clip_norm=11.4057  threshold=0.6812  history=150
17:30:44  INFO      defenses.toposentinel — TopoSentinel: bottleneck=0.0021  threshold=0.6744
17:30:48  INFO      defenses.toposentinel — TopoSentinel round 17: 0 / 10 rejected  clip_norm=11.2416  threshold=0.6744  history=150
17:31:35  INFO      defenses.toposentinel — TopoSentinel: bottleneck=0.0058  threshold=0.6676
17:31:38  INFO      defenses.toposentinel — TopoSentinel round 18: 0 / 10 rejected  clip_norm=11.2479  threshold=0.6676  history=150
17:32:23  INFO      defenses.toposentinel — TopoSentinel: bottleneck=0.0036  threshold=0.6609
17:32:27  INFO      defenses.toposentinel — TopoSentinel round 19: 0 / 10 rejected  clip_norm=11.2864  threshold=0.6609  history=150
17:33:12  INFO      defenses.toposentinel — TopoSentinel: bottleneck=0.0034  threshold=0.6543
17:33:16  INFO      defenses.toposentinel — TopoSentinel round 20: 0 / 10 rejected  clip_norm=11.2066  threshold=0.6543  history=150
17:33:29  INFO      experiment.runner — Round   21/200  |  acc:  66.14%  loss: 1.0254  |  FPR: 0.0%  |  mF1: 65.9%
17:34:04  INFO      defenses.toposentinel — TopoSentinel: bottleneck=0.0044  threshold=0.6478
17:34:10  INFO      defenses.toposentinel — TopoSentinel round 21: 0 / 10 rejected  clip_norm=10.7453  threshold=0.6478  history=150
17:34:56  INFO      defenses.toposentinel — TopoSentinel: bottleneck=0.0020  threshold=0.6413
17:34:59  INFO      defenses.toposentinel — TopoSentinel round 22: 0 / 10 rejected  clip_norm=10.8723  threshold=0.6413  history=150
17:35:47  INFO      defenses.toposentinel — TopoSentinel: bottleneck=0.0034  threshold=0.6349
17:35:50  INFO      defenses.toposentinel — TopoSentinel round 23: 0 / 10 rejected  clip_norm=10.6348  threshold=0.6349  history=150
17:36:40  INFO      defenses.toposentinel — TopoSentinel: bottleneck=0.0029  threshold=0.6285
17:36:43  INFO      defenses.toposentinel — TopoSentinel round 24: 0 / 10 rejected  clip_norm=10.9128  threshold=0.6285  history=150
17:37:29  INFO      defenses.toposentinel — TopoSentinel: bottleneck=0.0009  threshold=0.6223
17:37:33  INFO      defenses.toposentinel — TopoSentinel round 25: 0 / 10 rejected  clip_norm=10.8665  threshold=0.6223  history=150
17:38:17  INFO      defenses.toposentinel — TopoSentinel: bottleneck=0.0035  threshold=0.6160
17:38:20  INFO      defenses.toposentinel — TopoSentinel round 26: 0 / 10 rejected  clip_norm=11.0496  threshold=0.6160  history=150
17:39:07  INFO      defenses.toposentinel — TopoSentinel: bottleneck=0.0051  threshold=0.6099
17:39:10  INFO      defenses.toposentinel — TopoSentinel round 27: 0 / 10 rejected  clip_norm=10.8240  threshold=0.6099  history=150
17:39:55  INFO      defenses.toposentinel — TopoSentinel: bottleneck=0.0017  threshold=0.6038
17:39:59  INFO      defenses.toposentinel — TopoSentinel round 28: 0 / 10 rejected  clip_norm=10.6904  threshold=0.6038  history=150
17:40:45  INFO      defenses.toposentinel — TopoSentinel: bottleneck=0.0043  threshold=0.5977
17:40:48  INFO      defenses.toposentinel — TopoSentinel round 29: 0 / 10 rejected  clip_norm=10.7127  threshold=0.5977  history=150
17:41:35  INFO      defenses.toposentinel — TopoSentinel: bottleneck=0.0042  threshold=0.5918
17:41:42  INFO      defenses.toposentinel — TopoSentinel round 30: 0 / 10 rejected  clip_norm=10.7848  threshold=0.5918  history=150
17:41:56  INFO      experiment.runner — Round   31/200  |  acc:  71.03%  loss: 0.9104  |  FPR: 0.0%  |  mF1: 70.8%
17:42:30  INFO      defenses.toposentinel — TopoSentinel: bottleneck=0.0026  threshold=0.5858
17:42:34  INFO      defenses.toposentinel — TopoSentinel round 31: 0 / 10 rejected  clip_norm=10.5611  threshold=0.5858  history=150
17:43:20  INFO      defenses.toposentinel — TopoSentinel: bottleneck=0.0068  threshold=0.5800
17:43:24  INFO      defenses.toposentinel — TopoSentinel round 32: 0 / 10 rejected  clip_norm=10.5850  threshold=0.5800  history=150
17:44:12  INFO      defenses.toposentinel — TopoSentinel: bottleneck=0.0026  threshold=0.5742
17:44:15  INFO      defenses.toposentinel — TopoSentinel round 33: 0 / 10 rejected  clip_norm=10.4753  threshold=0.5742  history=150
17:45:01  INFO      defenses.toposentinel — TopoSentinel: bottleneck=0.0058  threshold=0.5684
17:45:04  INFO      defenses.toposentinel — TopoSentinel round 34: 0 / 10 rejected  clip_norm=10.6876  threshold=0.5684  history=150
17:45:50  INFO      defenses.toposentinel — TopoSentinel: bottleneck=0.0063  threshold=0.5628
17:45:54  INFO      defenses.toposentinel — TopoSentinel round 35: 0 / 10 rejected  clip_norm=10.7855  threshold=0.5628  history=150
17:46:38  INFO      defenses.toposentinel — TopoSentinel: bottleneck=0.0056  threshold=0.5571
17:46:42  INFO      defenses.toposentinel — TopoSentinel round 36: 0 / 10 rejected  clip_norm=10.6874  threshold=0.5571  history=150
17:47:35  INFO      defenses.toposentinel — TopoSentinel: bottleneck=0.0039  threshold=0.5516
17:47:38  INFO      defenses.toposentinel — TopoSentinel round 37: 0 / 10 rejected  clip_norm=10.5017  threshold=0.5516  history=150
17:48:24  INFO      defenses.toposentinel — TopoSentinel: bottleneck=0.0045  threshold=0.5460
17:48:27  INFO      defenses.toposentinel — TopoSentinel round 38: 0 / 10 rejected  clip_norm=10.3879  threshold=0.5460  history=150
17:49:12  INFO      defenses.toposentinel — TopoSentinel: bottleneck=0.0052  threshold=0.5406
17:49:15  INFO      defenses.toposentinel — TopoSentinel round 39: 0 / 10 rejected  clip_norm=10.3504  threshold=0.5406  history=150
17:50:02  INFO      defenses.toposentinel — TopoSentinel: bottleneck=0.0036  threshold=0.5352
17:50:06  INFO      defenses.toposentinel — TopoSentinel round 40: 0 / 10 rejected  clip_norm=10.2351  threshold=0.5352  history=150
17:50:20  INFO      experiment.runner — Round   41/200  |  acc:  74.50%  loss: 0.8268  |  FPR: 0.0%  |  mF1: 74.4%
17:50:55  INFO      defenses.toposentinel — TopoSentinel: bottleneck=0.0038  threshold=0.5298
17:50:59  INFO      defenses.toposentinel — TopoSentinel round 41: 0 / 10 rejected  clip_norm=10.3006  threshold=0.5298  history=150
17:51:43  INFO      defenses.toposentinel — TopoSentinel: bottleneck=0.0023  threshold=0.5245
17:51:50  INFO      defenses.toposentinel — TopoSentinel round 42: 0 / 10 rejected  clip_norm=10.3990  threshold=0.5245  history=150
17:52:39  INFO      defenses.toposentinel — TopoSentinel: bottleneck=0.0048  threshold=0.5193
17:52:43  INFO      defenses.toposentinel — TopoSentinel round 43: 0 / 10 rejected  clip_norm=10.0653  threshold=0.5193  history=150
17:53:30  INFO      defenses.toposentinel — TopoSentinel: bottleneck=0.0030  threshold=0.5141
17:53:34  INFO      defenses.toposentinel — TopoSentinel round 44: 0 / 10 rejected  clip_norm=9.9403  threshold=0.5141  history=150
17:54:22  INFO      defenses.toposentinel — TopoSentinel: bottleneck=0.0036  threshold=0.5089
17:54:25  INFO      defenses.toposentinel — TopoSentinel round 45: 0 / 10 rejected  clip_norm=10.3211  threshold=0.5089  history=150
17:55:13  INFO      defenses.toposentinel — TopoSentinel: bottleneck=0.0135  threshold=0.5039
17:55:18  INFO      defenses.toposentinel — TopoSentinel round 46: 0 / 10 rejected  clip_norm=10.2889  threshold=0.5039  history=150
17:56:03  INFO      defenses.toposentinel — TopoSentinel: bottleneck=0.0118  threshold=0.4988
17:56:06  INFO      defenses.toposentinel — TopoSentinel round 47: 0 / 10 rejected  clip_norm=10.1961  threshold=0.4988  history=150
17:56:52  INFO      defenses.toposentinel — TopoSentinel: bottleneck=0.0047  threshold=0.4938
17:56:56  INFO      defenses.toposentinel — TopoSentinel round 48: 0 / 10 rejected  clip_norm=10.3790  threshold=0.4938  history=150
17:57:45  INFO      defenses.toposentinel — TopoSentinel: bottleneck=0.0132  threshold=0.4889
17:57:48  INFO      defenses.toposentinel — TopoSentinel round 49: 0 / 10 rejected  clip_norm=10.5224  threshold=0.4889  history=150
17:58:32  INFO      defenses.toposentinel — TopoSentinel: bottleneck=0.0110  threshold=0.4840
17:58:38  INFO      defenses.toposentinel — TopoSentinel round 50: 0 / 10 rejected  clip_norm=10.0102  threshold=0.4840  history=150
17:58:51  INFO      experiment.runner — Round   51/200  |  acc:  76.95%  loss: 0.7434  |  FPR: 0.0%  |  mF1: 77.0%
17:59:27  INFO      defenses.toposentinel — TopoSentinel: bottleneck=0.0058  threshold=0.4792
17:59:31  INFO      defenses.toposentinel — TopoSentinel round 51: 0 / 10 rejected  clip_norm=10.1640  threshold=0.4792  history=150
18:00:15  INFO      defenses.toposentinel — TopoSentinel: bottleneck=0.0065  threshold=0.4744
18:00:19  INFO      defenses.toposentinel — TopoSentinel round 52: 0 / 10 rejected  clip_norm=9.9770  threshold=0.4744  history=150
18:01:05  INFO      defenses.toposentinel — TopoSentinel: bottleneck=0.0047  threshold=0.4696
18:01:08  INFO      defenses.toposentinel — TopoSentinel round 53: 0 / 10 rejected  clip_norm=9.8236  threshold=0.4696  history=150
18:01:53  INFO      defenses.toposentinel — TopoSentinel: bottleneck=0.0095  threshold=0.4649
18:01:56  INFO      defenses.toposentinel — TopoSentinel round 54: 0 / 10 rejected  clip_norm=10.3902  threshold=0.4649  history=150
18:02:45  INFO      defenses.toposentinel — TopoSentinel: bottleneck=0.0086  threshold=0.4603
18:02:48  INFO      defenses.toposentinel — TopoSentinel round 55: 0 / 10 rejected  clip_norm=10.1019  threshold=0.4603  history=150
18:03:32  INFO      defenses.toposentinel — TopoSentinel: bottleneck=0.0048  threshold=0.4557
18:03:36  INFO      defenses.toposentinel — TopoSentinel round 56: 0 / 10 rejected  clip_norm=10.4780  threshold=0.4557  history=150
18:04:22  INFO      defenses.toposentinel — TopoSentinel: bottleneck=0.0055  threshold=0.4511
18:04:25  INFO      defenses.toposentinel — TopoSentinel round 57: 0 / 10 rejected  clip_norm=9.9653  threshold=0.4511  history=150
18:05:13  INFO      defenses.toposentinel — TopoSentinel: bottleneck=0.0057  threshold=0.4466
18:05:16  INFO      defenses.toposentinel — TopoSentinel round 58: 0 / 10 rejected  clip_norm=9.9881  threshold=0.4466  history=150
18:06:01  INFO      defenses.toposentinel — TopoSentinel: bottleneck=0.0021  threshold=0.4421
18:06:04  INFO      defenses.toposentinel — TopoSentinel round 59: 0 / 10 rejected  clip_norm=10.0614  threshold=0.4421  history=150
18:06:51  INFO      defenses.toposentinel — TopoSentinel: bottleneck=0.0116  threshold=0.4377
18:06:54  INFO      defenses.toposentinel — TopoSentinel round 60: 0 / 10 rejected  clip_norm=9.2331  threshold=0.4377  history=150
18:07:07  INFO      experiment.runner — Round   61/200  |  acc:  78.84%  loss: 0.7007  |  FPR: 0.0%  |  mF1: 78.9%
18:07:44  INFO      defenses.toposentinel — TopoSentinel: bottleneck=0.0053  threshold=0.4333
18:07:47  INFO      defenses.toposentinel — TopoSentinel round 61: 0 / 10 rejected  clip_norm=9.3666  threshold=0.4333  history=150
18:08:33  INFO      defenses.toposentinel — TopoSentinel: bottleneck=0.0096  threshold=0.4290
18:08:37  INFO      defenses.toposentinel — TopoSentinel round 62: 0 / 10 rejected  clip_norm=10.2940  threshold=0.4290  history=150
18:09:23  INFO      defenses.toposentinel — TopoSentinel: bottleneck=0.0063  threshold=0.4247
18:09:28  INFO      defenses.toposentinel — TopoSentinel round 63: 0 / 10 rejected  clip_norm=9.5335  threshold=0.4247  history=150
18:10:13  INFO      defenses.toposentinel — TopoSentinel: bottleneck=0.0123  threshold=0.4205
18:10:20  INFO      defenses.toposentinel — TopoSentinel round 64: 0 / 10 rejected  clip_norm=10.0361  threshold=0.4205  history=150
18:11:09  INFO      defenses.toposentinel — TopoSentinel: bottleneck=0.0120  threshold=0.4163
18:11:11  INFO      defenses.toposentinel — TopoSentinel round 65: 0 / 10 rejected  clip_norm=9.3870  threshold=0.4163  history=150
18:12:10  INFO      defenses.toposentinel — TopoSentinel: bottleneck=0.0072  threshold=0.4121
18:12:13  INFO      defenses.toposentinel — TopoSentinel round 66: 0 / 10 rejected  clip_norm=9.8160  threshold=0.4121  history=150
18:13:00  INFO      defenses.toposentinel — TopoSentinel: bottleneck=0.0071  threshold=0.4080
18:13:04  INFO      defenses.toposentinel — TopoSentinel round 67: 0 / 10 rejected  clip_norm=9.4988  threshold=0.4080  history=150
18:13:50  INFO      defenses.toposentinel — TopoSentinel: bottleneck=0.0121  threshold=0.4039
18:13:53  INFO      defenses.toposentinel — TopoSentinel round 68: 0 / 10 rejected  clip_norm=10.0882  threshold=0.4039  history=150
18:14:39  INFO      defenses.toposentinel — TopoSentinel: bottleneck=0.0067  threshold=0.3999
18:14:43  INFO      defenses.toposentinel — TopoSentinel round 69: 0 / 10 rejected  clip_norm=9.8140  threshold=0.3999  history=150
18:15:29  INFO      defenses.toposentinel — TopoSentinel: bottleneck=0.0024  threshold=0.3959
18:15:32  INFO      defenses.toposentinel — TopoSentinel round 70: 0 / 10 rejected  clip_norm=9.7335  threshold=0.3959  history=150
18:15:46  INFO      experiment.runner — Round   71/200  |  acc:  80.07%  loss: 0.6735  |  FPR: 0.0%  |  mF1: 80.0%
18:16:22  INFO      defenses.toposentinel — TopoSentinel: bottleneck=0.0044  threshold=0.3919
18:16:25  INFO      defenses.toposentinel — TopoSentinel round 71: 0 / 10 rejected  clip_norm=9.3386  threshold=0.3919  history=150
18:17:11  INFO      defenses.toposentinel — TopoSentinel: bottleneck=0.0049  threshold=0.3880
18:17:14  INFO      defenses.toposentinel — TopoSentinel round 72: 0 / 10 rejected  clip_norm=9.7818  threshold=0.3880  history=150
18:18:03  INFO      defenses.toposentinel — TopoSentinel: bottleneck=0.0052  threshold=0.3841
18:18:08  INFO      defenses.toposentinel — TopoSentinel round 73: 0 / 10 rejected  clip_norm=9.3181  threshold=0.3841  history=150
18:18:52  INFO      defenses.toposentinel — TopoSentinel: bottleneck=0.0068  threshold=0.3803
18:18:56  INFO      defenses.toposentinel — TopoSentinel round 74: 0 / 10 rejected  clip_norm=9.7418  threshold=0.3803  history=150
18:19:43  INFO      defenses.toposentinel — TopoSentinel: bottleneck=0.0044  threshold=0.3765
18:19:47  INFO      defenses.toposentinel — TopoSentinel round 75: 0 / 10 rejected  clip_norm=9.7243  threshold=0.3765  history=150
18:20:34  INFO      defenses.toposentinel — TopoSentinel: bottleneck=0.0039  threshold=0.3727
18:20:37  INFO      defenses.toposentinel — TopoSentinel round 76: 0 / 10 rejected  clip_norm=9.4853  threshold=0.3727  history=150
18:21:23  INFO      defenses.toposentinel — TopoSentinel: bottleneck=0.0096  threshold=0.3690
18:21:27  INFO      defenses.toposentinel — TopoSentinel round 77: 0 / 10 rejected  clip_norm=9.1939  threshold=0.3690  history=150
18:22:14  INFO      defenses.toposentinel — TopoSentinel: bottleneck=0.0055  threshold=0.3653
18:22:19  INFO      defenses.toposentinel — TopoSentinel round 78: 0 / 10 rejected  clip_norm=9.4386  threshold=0.3653  history=150
18:23:16  INFO      defenses.toposentinel — TopoSentinel: bottleneck=0.0092  threshold=0.3616
18:23:19  INFO      defenses.toposentinel — TopoSentinel round 79: 0 / 10 rejected  clip_norm=9.6927  threshold=0.3616  history=150
18:24:08  INFO      defenses.toposentinel — TopoSentinel: bottleneck=0.0070  threshold=0.3580
18:24:11  INFO      defenses.toposentinel — TopoSentinel round 80: 0 / 10 rejected  clip_norm=9.2919  threshold=0.3580  history=150
18:24:24  INFO      experiment.runner — Round   81/200  |  acc:  81.26%  loss: 0.6345  |  FPR: 0.0%  |  mF1: 81.1%
18:25:00  INFO      defenses.toposentinel — TopoSentinel: bottleneck=0.0053  threshold=0.3544
18:25:03  INFO      defenses.toposentinel — TopoSentinel round 81: 0 / 10 rejected  clip_norm=9.3720  threshold=0.3544  history=150
18:25:49  INFO      defenses.toposentinel — TopoSentinel: bottleneck=0.0035  threshold=0.3509
18:25:53  INFO      defenses.toposentinel — TopoSentinel round 82: 0 / 10 rejected  clip_norm=8.9508  threshold=0.3509  history=150
18:26:40  INFO      defenses.toposentinel — TopoSentinel: bottleneck=0.0060  threshold=0.3474
18:26:44  INFO      defenses.toposentinel — TopoSentinel round 83: 0 / 10 rejected  clip_norm=9.3018  threshold=0.3474  history=150
18:27:31  INFO      defenses.toposentinel — TopoSentinel: bottleneck=0.0084  threshold=0.3439
18:27:34  INFO      defenses.toposentinel — TopoSentinel round 84: 0 / 10 rejected  clip_norm=8.7934  threshold=0.3439  history=150
18:28:20  INFO      defenses.toposentinel — TopoSentinel: bottleneck=0.0136  threshold=0.3405
18:28:23  INFO      defenses.toposentinel — TopoSentinel round 85: 0 / 10 rejected  clip_norm=9.4600  threshold=0.3405  history=150
18:29:12  INFO      defenses.toposentinel — TopoSentinel: bottleneck=0.0107  threshold=0.3371
18:29:15  INFO      defenses.toposentinel — TopoSentinel round 86: 0 / 10 rejected  clip_norm=9.5179  threshold=0.3371  history=150
18:30:01  INFO      defenses.toposentinel — TopoSentinel: bottleneck=0.0051  threshold=0.3337
18:30:05  INFO      defenses.toposentinel — TopoSentinel round 87: 0 / 10 rejected  clip_norm=9.0413  threshold=0.3337  history=150
18:30:51  INFO      defenses.toposentinel — TopoSentinel: bottleneck=0.0051  threshold=0.3304
18:30:55  INFO      defenses.toposentinel — TopoSentinel round 88: 0 / 10 rejected  clip_norm=9.0982  threshold=0.3304  history=150
18:31:42  INFO      defenses.toposentinel — TopoSentinel: bottleneck=0.0061  threshold=0.3271
18:31:48  INFO      defenses.toposentinel — TopoSentinel round 89: 0 / 10 rejected  clip_norm=8.7827  threshold=0.3271  history=150
18:32:35  INFO      defenses.toposentinel — TopoSentinel: bottleneck=0.0114  threshold=0.3238
18:32:39  INFO      defenses.toposentinel — TopoSentinel round 90: 0 / 10 rejected  clip_norm=9.0490  threshold=0.3238  history=150
18:32:53  INFO      experiment.runner — Round   91/200  |  acc:  82.71%  loss: 0.5896  |  FPR: 0.0%  |  mF1: 82.7%
18:33:28  INFO      defenses.toposentinel — TopoSentinel: bottleneck=0.0084  threshold=0.3205
18:33:31  INFO      defenses.toposentinel — TopoSentinel round 91: 0 / 10 rejected  clip_norm=9.6394  threshold=0.3205  history=150
18:34:19  INFO      defenses.toposentinel — TopoSentinel: bottleneck=0.0113  threshold=0.3173
18:34:25  INFO      defenses.toposentinel — TopoSentinel round 92: 0 / 10 rejected  clip_norm=9.2249  threshold=0.3173  history=150
18:35:09  INFO      defenses.toposentinel — TopoSentinel: bottleneck=0.0064  threshold=0.3142
18:35:12  INFO      defenses.toposentinel — TopoSentinel round 93: 0 / 10 rejected  clip_norm=8.9597  threshold=0.3142  history=150
18:36:00  INFO      defenses.toposentinel — TopoSentinel: bottleneck=0.0069  threshold=0.3110
18:36:04  INFO      defenses.toposentinel — TopoSentinel round 94: 0 / 10 rejected  clip_norm=9.0341  threshold=0.3110  history=150
18:36:50  INFO      defenses.toposentinel — TopoSentinel: bottleneck=0.0034  threshold=0.3079
18:36:53  INFO      defenses.toposentinel — TopoSentinel round 95: 0 / 10 rejected  clip_norm=9.1768  threshold=0.3079  history=150
18:37:39  INFO      defenses.toposentinel — TopoSentinel: bottleneck=0.0062  threshold=0.3048
18:37:42  INFO      defenses.toposentinel — TopoSentinel round 96: 0 / 10 rejected  clip_norm=8.7453  threshold=0.3048  history=150
18:38:28  INFO      defenses.toposentinel — TopoSentinel: bottleneck=0.0042  threshold=0.3018
18:38:31  INFO      defenses.toposentinel — TopoSentinel round 97: 0 / 10 rejected  clip_norm=8.9021  threshold=0.3018  history=150
18:39:18  INFO      defenses.toposentinel — TopoSentinel: bottleneck=0.0044  threshold=0.2988
18:39:22  INFO      defenses.toposentinel — TopoSentinel round 98: 0 / 10 rejected  clip_norm=8.7414  threshold=0.2988  history=150
18:40:08  INFO      defenses.toposentinel — TopoSentinel: bottleneck=0.0116  threshold=0.2958
18:40:13  INFO      defenses.toposentinel — TopoSentinel round 99: 0 / 10 rejected  clip_norm=8.8349  threshold=0.2958  history=150
18:40:57  INFO      defenses.toposentinel — TopoSentinel: bottleneck=0.0118  threshold=0.2928
18:41:01  INFO      defenses.toposentinel — TopoSentinel round 100: 0 / 10 rejected  clip_norm=8.7226  threshold=0.2928  history=150
18:41:15  INFO      experiment.runner — Round  101/200  |  acc:  83.30%  loss: 0.5912  |  FPR: 0.0%  |  mF1: 83.3%
18:41:50  INFO      defenses.toposentinel — TopoSentinel: bottleneck=0.0153  threshold=0.2899
18:41:53  INFO      defenses.toposentinel — TopoSentinel round 101: 0 / 10 rejected  clip_norm=9.4552  threshold=0.2899  history=150
18:42:39  INFO      defenses.toposentinel — TopoSentinel: bottleneck=0.0189  threshold=0.2870
18:42:43  INFO      defenses.toposentinel — TopoSentinel round 102: 0 / 10 rejected  clip_norm=8.5282  threshold=0.2870  history=150
18:43:28  INFO      defenses.toposentinel — TopoSentinel: bottleneck=0.0056  threshold=0.2841
18:43:31  INFO      defenses.toposentinel — TopoSentinel round 103: 0 / 10 rejected  clip_norm=8.8730  threshold=0.2841  history=150
18:44:20  INFO      defenses.toposentinel — TopoSentinel: bottleneck=0.0033  threshold=0.2813
18:44:23  INFO      defenses.toposentinel — TopoSentinel round 104: 0 / 10 rejected  clip_norm=8.8358  threshold=0.2813  history=150
18:45:08  INFO      defenses.toposentinel — TopoSentinel: bottleneck=0.0085  threshold=0.2785
18:45:11  INFO      defenses.toposentinel — TopoSentinel round 105: 0 / 10 rejected  clip_norm=8.9077  threshold=0.2785  history=150
18:45:57  INFO      defenses.toposentinel — TopoSentinel: bottleneck=0.0114  threshold=0.2757
18:46:01  INFO      defenses.toposentinel — TopoSentinel round 106: 0 / 10 rejected  clip_norm=9.1778  threshold=0.2757  history=150
18:46:48  INFO      defenses.toposentinel — TopoSentinel: bottleneck=0.0059  threshold=0.2729
18:46:52  INFO      defenses.toposentinel — TopoSentinel round 107: 0 / 10 rejected  clip_norm=9.2838  threshold=0.2729  history=150
18:47:39  INFO      defenses.toposentinel — TopoSentinel: bottleneck=0.0053  threshold=0.2702
18:47:42  INFO      defenses.toposentinel — TopoSentinel round 108: 0 / 10 rejected  clip_norm=8.8060  threshold=0.2702  history=150
18:48:27  INFO      defenses.toposentinel — TopoSentinel: bottleneck=0.0072  threshold=0.2675
18:48:31  INFO      defenses.toposentinel — TopoSentinel round 109: 0 / 10 rejected  clip_norm=8.5197  threshold=0.2675  history=150
18:49:17  INFO      defenses.toposentinel — TopoSentinel: bottleneck=0.0029  threshold=0.2648
18:49:24  INFO      defenses.toposentinel — TopoSentinel round 110: 0 / 10 rejected  clip_norm=8.4801  threshold=0.2648  history=150
18:49:38  INFO      experiment.runner — Round  111/200  |  acc:  83.80%  loss: 0.5692  |  FPR: 0.0%  |  mF1: 83.8%
18:50:13  INFO      defenses.toposentinel — TopoSentinel: bottleneck=0.0100  threshold=0.2622
18:50:20  INFO      defenses.toposentinel — TopoSentinel round 111: 0 / 10 rejected  clip_norm=9.0378  threshold=0.2622  history=150
18:51:05  INFO      defenses.toposentinel — TopoSentinel: bottleneck=0.0051  threshold=0.2596
18:51:09  INFO      defenses.toposentinel — TopoSentinel round 112: 0 / 10 rejected  clip_norm=8.9384  threshold=0.2596  history=150
18:51:56  INFO      defenses.toposentinel — TopoSentinel: bottleneck=0.0127  threshold=0.2570
18:52:00  INFO      defenses.toposentinel — TopoSentinel round 113: 0 / 10 rejected  clip_norm=8.2605  threshold=0.2570  history=150
18:52:50  INFO      defenses.toposentinel — TopoSentinel: bottleneck=0.0047  threshold=0.2544
18:52:53  INFO      defenses.toposentinel — TopoSentinel round 114: 0 / 10 rejected  clip_norm=8.2119  threshold=0.2544  history=150
18:53:42  INFO      defenses.toposentinel — TopoSentinel: bottleneck=0.0055  threshold=0.2518
18:53:45  INFO      defenses.toposentinel — TopoSentinel round 115: 0 / 10 rejected  clip_norm=8.8902  threshold=0.2518  history=150
18:54:35  INFO      defenses.toposentinel — TopoSentinel: bottleneck=0.0082  threshold=0.2493
18:54:38  INFO      defenses.toposentinel — TopoSentinel round 116: 0 / 10 rejected  clip_norm=9.0024  threshold=0.2493  history=150
18:55:24  INFO      defenses.toposentinel — TopoSentinel: bottleneck=0.0076  threshold=0.2468
18:55:28  INFO      defenses.toposentinel — TopoSentinel round 117: 0 / 10 rejected  clip_norm=8.7740  threshold=0.2468  history=150
18:56:16  INFO      defenses.toposentinel — TopoSentinel: bottleneck=0.0088  threshold=0.2444
18:56:20  INFO      defenses.toposentinel — TopoSentinel round 118: 0 / 10 rejected  clip_norm=9.2143  threshold=0.2444  history=150
18:57:07  INFO      defenses.toposentinel — TopoSentinel: bottleneck=0.0045  threshold=0.2419
18:57:10  INFO      defenses.toposentinel — TopoSentinel round 119: 0 / 10 rejected  clip_norm=8.8002  threshold=0.2419  history=150
18:57:56  INFO      defenses.toposentinel — TopoSentinel: bottleneck=0.0029  threshold=0.2395
18:57:59  INFO      defenses.toposentinel — TopoSentinel round 120: 0 / 10 rejected  clip_norm=8.6829  threshold=0.2395  history=150
18:58:13  INFO      experiment.runner — Round  121/200  |  acc:  84.73%  loss: 0.5491  |  FPR: 0.0%  |  mF1: 84.7%
18:58:49  INFO      defenses.toposentinel — TopoSentinel: bottleneck=0.0088  threshold=0.2371
18:58:52  INFO      defenses.toposentinel — TopoSentinel round 121: 0 / 10 rejected  clip_norm=8.2551  threshold=0.2371  history=150
18:59:40  INFO      defenses.toposentinel — TopoSentinel: bottleneck=0.0111  threshold=0.2347
18:59:44  INFO      defenses.toposentinel — TopoSentinel round 122: 0 / 10 rejected  clip_norm=8.9069  threshold=0.2347  history=150
19:00:31  INFO      defenses.toposentinel — TopoSentinel: bottleneck=0.0049  threshold=0.2324
19:00:34  INFO      defenses.toposentinel — TopoSentinel round 123: 0 / 10 rejected  clip_norm=8.8877  threshold=0.2324  history=150
19:01:21  INFO      defenses.toposentinel — TopoSentinel: bottleneck=0.0041  threshold=0.2301
19:01:25  INFO      defenses.toposentinel — TopoSentinel round 124: 0 / 10 rejected  clip_norm=8.4132  threshold=0.2301  history=150
19:02:11  INFO      defenses.toposentinel — TopoSentinel: bottleneck=0.0072  threshold=0.2278
19:02:14  INFO      defenses.toposentinel — TopoSentinel round 125: 0 / 10 rejected  clip_norm=8.4115  threshold=0.2278  history=150
19:03:02  INFO      defenses.toposentinel — TopoSentinel: bottleneck=0.0060  threshold=0.2255
19:03:05  INFO      defenses.toposentinel — TopoSentinel round 126: 0 / 10 rejected  clip_norm=8.5776  threshold=0.2255  history=150
19:03:51  INFO      defenses.toposentinel — TopoSentinel: bottleneck=0.0049  threshold=0.2232
19:03:54  INFO      defenses.toposentinel — TopoSentinel round 127: 0 / 10 rejected  clip_norm=8.4013  threshold=0.2232  history=150
19:04:42  INFO      defenses.toposentinel — TopoSentinel: bottleneck=0.0043  threshold=0.2210
19:04:45  INFO      defenses.toposentinel — TopoSentinel round 128: 0 / 10 rejected  clip_norm=8.3599  threshold=0.2210  history=150
19:05:31  INFO      defenses.toposentinel — TopoSentinel: bottleneck=0.0137  threshold=0.2188
19:05:35  INFO      defenses.toposentinel — TopoSentinel round 129: 0 / 10 rejected  clip_norm=8.5917  threshold=0.2188  history=150
19:06:20  INFO      defenses.toposentinel — TopoSentinel: bottleneck=0.0047  threshold=0.2166
19:06:24  INFO      defenses.toposentinel — TopoSentinel round 130: 0 / 10 rejected  clip_norm=8.8252  threshold=0.2166  history=150
19:06:38  INFO      experiment.runner — Round  131/200  |  acc:  84.99%  loss: 0.5498  |  FPR: 0.0%  |  mF1: 84.9%
19:07:12  INFO      defenses.toposentinel — TopoSentinel: bottleneck=0.0099  threshold=0.2144
19:07:15  INFO      defenses.toposentinel — TopoSentinel round 131: 0 / 10 rejected  clip_norm=8.2000  threshold=0.2144  history=150
19:08:03  INFO      defenses.toposentinel — TopoSentinel: bottleneck=0.0066  threshold=0.2123
19:08:06  INFO      defenses.toposentinel — TopoSentinel round 132: 0 / 10 rejected  clip_norm=8.7409  threshold=0.2123  history=150
19:08:52  INFO      defenses.toposentinel — TopoSentinel: bottleneck=0.0088  threshold=0.2102
19:08:56  INFO      defenses.toposentinel — TopoSentinel round 133: 0 / 10 rejected  clip_norm=8.4902  threshold=0.2102  history=150
19:09:43  INFO      defenses.toposentinel — TopoSentinel: bottleneck=0.0092  threshold=0.2081
19:09:50  INFO      defenses.toposentinel — TopoSentinel round 134: 0 / 10 rejected  clip_norm=8.5045  threshold=0.2081  history=150
19:10:35  INFO      defenses.toposentinel — TopoSentinel: bottleneck=0.0114  threshold=0.2060
19:10:39  INFO      defenses.toposentinel — TopoSentinel round 135: 0 / 10 rejected  clip_norm=8.4289  threshold=0.2060  history=150
19:11:28  INFO      defenses.toposentinel — TopoSentinel: bottleneck=0.0102  threshold=0.2039
19:11:31  INFO      defenses.toposentinel — TopoSentinel round 136: 0 / 10 rejected  clip_norm=8.7963  threshold=0.2039  history=150
19:12:18  INFO      defenses.toposentinel — TopoSentinel: bottleneck=0.0117  threshold=0.2019
19:12:22  INFO      defenses.toposentinel — TopoSentinel round 137: 0 / 10 rejected  clip_norm=8.9007  threshold=0.2019  history=150
19:13:08  INFO      defenses.toposentinel — TopoSentinel: bottleneck=0.0150  threshold=0.1999
19:13:11  INFO      defenses.toposentinel — TopoSentinel round 138: 0 / 10 rejected  clip_norm=8.2983  threshold=0.1999  history=150
19:13:59  INFO      defenses.toposentinel — TopoSentinel: bottleneck=0.0040  threshold=0.1979
19:14:02  INFO      defenses.toposentinel — TopoSentinel round 139: 0 / 10 rejected  clip_norm=8.3570  threshold=0.1979  history=150
19:14:52  INFO      defenses.toposentinel — TopoSentinel: bottleneck=0.0067  threshold=0.1959
19:14:56  INFO      defenses.toposentinel — TopoSentinel round 140: 0 / 10 rejected  clip_norm=8.1704  threshold=0.1959  history=150
19:15:09  INFO      experiment.runner — Round  141/200  |  acc:  85.74%  loss: 0.5316  |  FPR: 0.0%  |  mF1: 85.7%
19:15:46  INFO      defenses.toposentinel — TopoSentinel: bottleneck=0.0032  threshold=0.1939
19:15:49  INFO      defenses.toposentinel — TopoSentinel round 141: 0 / 10 rejected  clip_norm=8.0693  threshold=0.1939  history=150
19:16:35  INFO      defenses.toposentinel — TopoSentinel: bottleneck=0.0064  threshold=0.1920
19:16:38  INFO      defenses.toposentinel — TopoSentinel round 142: 0 / 10 rejected  clip_norm=7.9933  threshold=0.1920  history=150
19:17:26  INFO      defenses.toposentinel — TopoSentinel: bottleneck=0.0066  threshold=0.1901
19:17:30  INFO      defenses.toposentinel — TopoSentinel round 143: 0 / 10 rejected  clip_norm=8.7007  threshold=0.1901  history=150
19:18:17  INFO      defenses.toposentinel — TopoSentinel: bottleneck=0.0113  threshold=0.1882
19:18:20  INFO      defenses.toposentinel — TopoSentinel round 144: 0 / 10 rejected  clip_norm=8.3123  threshold=0.1882  history=150
19:19:08  INFO      defenses.toposentinel — TopoSentinel: bottleneck=0.0141  threshold=0.1863
19:19:11  INFO      defenses.toposentinel — TopoSentinel round 145: 0 / 10 rejected  clip_norm=8.6823  threshold=0.1863  history=150
19:20:00  INFO      defenses.toposentinel — TopoSentinel: bottleneck=0.0036  threshold=0.1844
19:20:04  INFO      defenses.toposentinel — TopoSentinel round 146: 0 / 10 rejected  clip_norm=8.5316  threshold=0.1844  history=150
19:20:50  INFO      defenses.toposentinel — TopoSentinel: bottleneck=0.0068  threshold=0.1826
19:20:53  INFO      defenses.toposentinel — TopoSentinel round 147: 0 / 10 rejected  clip_norm=8.6773  threshold=0.1826  history=150
19:21:40  INFO      defenses.toposentinel — TopoSentinel: bottleneck=0.0082  threshold=0.1808
19:21:45  INFO      defenses.toposentinel — TopoSentinel round 148: 0 / 10 rejected  clip_norm=7.9121  threshold=0.1808  history=150
19:22:32  INFO      defenses.toposentinel — TopoSentinel: bottleneck=0.0071  threshold=0.1790
19:22:35  INFO      defenses.toposentinel — TopoSentinel round 149: 0 / 10 rejected  clip_norm=8.2469  threshold=0.1790  history=150
19:23:22  INFO      defenses.toposentinel — TopoSentinel: bottleneck=0.0065  threshold=0.1772
19:23:26  INFO      defenses.toposentinel — TopoSentinel round 150: 0 / 10 rejected  clip_norm=7.7235  threshold=0.1772  history=150
19:23:40  INFO      experiment.runner — Round  151/200  |  acc:  85.75%  loss: 0.5283  |  FPR: 0.0%  |  mF1: 85.6%
19:24:15  INFO      defenses.toposentinel — TopoSentinel: bottleneck=0.0108  threshold=0.1754
19:24:20  INFO      defenses.toposentinel — TopoSentinel round 151: 0 / 10 rejected  clip_norm=8.3705  threshold=0.1754  history=150
19:25:10  INFO      defenses.toposentinel — TopoSentinel: bottleneck=0.0024  threshold=0.1736
19:25:13  INFO      defenses.toposentinel — TopoSentinel round 152: 0 / 10 rejected  clip_norm=8.7575  threshold=0.1736  history=150
19:26:00  INFO      defenses.toposentinel — TopoSentinel: bottleneck=0.0025  threshold=0.1719
19:26:04  INFO      defenses.toposentinel — TopoSentinel round 153: 0 / 10 rejected  clip_norm=8.5252  threshold=0.1719  history=150
19:26:48  INFO      defenses.toposentinel — TopoSentinel: bottleneck=0.0073  threshold=0.1702
19:26:52  INFO      defenses.toposentinel — TopoSentinel round 154: 0 / 10 rejected  clip_norm=8.0066  threshold=0.1702  history=150
19:27:38  INFO      defenses.toposentinel — TopoSentinel: bottleneck=0.0077  threshold=0.1685
19:27:42  INFO      defenses.toposentinel — TopoSentinel round 155: 0 / 10 rejected  clip_norm=8.1091  threshold=0.1685  history=150
19:28:29  INFO      defenses.toposentinel — TopoSentinel: bottleneck=0.0054  threshold=0.1668
19:28:32  INFO      defenses.toposentinel — TopoSentinel round 156: 0 / 10 rejected  clip_norm=8.4835  threshold=0.1668  history=150
19:29:19  INFO      defenses.toposentinel — TopoSentinel: bottleneck=0.0072  threshold=0.1651
19:29:22  INFO      defenses.toposentinel — TopoSentinel round 157: 0 / 10 rejected  clip_norm=8.1623  threshold=0.1651  history=150
19:30:13  INFO      defenses.toposentinel — TopoSentinel: bottleneck=0.0026  threshold=0.1635
19:30:17  INFO      defenses.toposentinel — TopoSentinel round 158: 0 / 10 rejected  clip_norm=7.7733  threshold=0.1635  history=150
19:31:03  INFO      defenses.toposentinel — TopoSentinel: bottleneck=0.0035  threshold=0.1618
19:31:07  INFO      defenses.toposentinel — TopoSentinel round 159: 0 / 10 rejected  clip_norm=7.6538  threshold=0.1618  history=150
19:31:54  INFO      defenses.toposentinel — TopoSentinel: bottleneck=0.0092  threshold=0.1602
19:31:57  INFO      defenses.toposentinel — TopoSentinel round 160: 0 / 10 rejected  clip_norm=8.0006  threshold=0.1602  history=150
19:32:12  INFO      experiment.runner — Round  161/200  |  acc:  86.37%  loss: 0.5175  |  FPR: 0.0%  |  mF1: 86.3%
19:32:47  INFO      defenses.toposentinel — TopoSentinel: bottleneck=0.0068  threshold=0.1586
19:32:51  INFO      defenses.toposentinel — TopoSentinel round 161: 0 / 10 rejected  clip_norm=8.3988  threshold=0.1586  history=150
19:33:37  INFO      defenses.toposentinel — TopoSentinel: bottleneck=0.0120  threshold=0.1570
19:33:40  INFO      defenses.toposentinel — TopoSentinel round 162: 0 / 10 rejected  clip_norm=7.9422  threshold=0.1570  history=150
19:34:27  INFO      defenses.toposentinel — TopoSentinel: bottleneck=0.0063  threshold=0.1555
19:34:32  INFO      defenses.toposentinel — TopoSentinel round 163: 0 / 10 rejected  clip_norm=8.2973  threshold=0.1555  history=150
19:35:26  INFO      defenses.toposentinel — TopoSentinel: bottleneck=0.0058  threshold=0.1539
19:35:29  INFO      defenses.toposentinel — TopoSentinel round 164: 0 / 10 rejected  clip_norm=8.3416  threshold=0.1539  history=150
19:36:17  INFO      defenses.toposentinel — TopoSentinel: bottleneck=0.0103  threshold=0.1524
19:36:20  INFO      defenses.toposentinel — TopoSentinel round 165: 0 / 10 rejected  clip_norm=8.3187  threshold=0.1524  history=150
19:37:08  INFO      defenses.toposentinel — TopoSentinel: bottleneck=0.0073  threshold=0.1508
19:37:11  INFO      defenses.toposentinel — TopoSentinel round 166: 0 / 10 rejected  clip_norm=7.4824  threshold=0.1508  history=150
19:37:57  INFO      defenses.toposentinel — TopoSentinel: bottleneck=0.0040  threshold=0.1493
19:38:04  INFO      defenses.toposentinel — TopoSentinel round 167: 0 / 10 rejected  clip_norm=7.9589  threshold=0.1493  history=150
19:38:49  INFO      defenses.toposentinel — TopoSentinel: bottleneck=0.0111  threshold=0.1478
19:38:53  INFO      defenses.toposentinel — TopoSentinel round 168: 0 / 10 rejected  clip_norm=8.2878  threshold=0.1478  history=150
19:39:46  INFO      defenses.toposentinel — TopoSentinel: bottleneck=0.0079  threshold=0.1464
19:39:49  INFO      defenses.toposentinel — TopoSentinel round 169: 0 / 10 rejected  clip_norm=8.4388  threshold=0.1464  history=150
19:40:40  INFO      defenses.toposentinel — TopoSentinel: bottleneck=0.0071  threshold=0.1449
19:40:46  INFO      defenses.toposentinel — TopoSentinel round 170: 0 / 10 rejected  clip_norm=7.9880  threshold=0.1449  history=150
19:41:02  INFO      experiment.runner — Round  171/200  |  acc:  86.27%  loss: 0.5080  |  FPR: 0.0%  |  mF1: 86.2%
19:41:38  INFO      defenses.toposentinel — TopoSentinel: bottleneck=0.0110  threshold=0.1435
19:41:44  INFO      defenses.toposentinel — TopoSentinel round 171: 0 / 10 rejected  clip_norm=7.6612  threshold=0.1435  history=150
19:42:32  INFO      defenses.toposentinel — TopoSentinel: bottleneck=0.0032  threshold=0.1420
19:42:37  INFO      defenses.toposentinel — TopoSentinel round 172: 0 / 10 rejected  clip_norm=7.7524  threshold=0.1420  history=150
19:43:25  INFO      defenses.toposentinel — TopoSentinel: bottleneck=0.0055  threshold=0.1406
19:43:28  INFO      defenses.toposentinel — TopoSentinel round 173: 0 / 10 rejected  clip_norm=7.7066  threshold=0.1406  history=150
19:44:19  INFO      defenses.toposentinel — TopoSentinel: bottleneck=0.0111  threshold=0.1392
19:44:25  INFO      defenses.toposentinel — TopoSentinel round 174: 0 / 10 rejected  clip_norm=8.0573  threshold=0.1392  history=150
19:45:14  INFO      defenses.toposentinel — TopoSentinel: bottleneck=0.0074  threshold=0.1378
19:45:18  INFO      defenses.toposentinel — TopoSentinel round 175: 0 / 10 rejected  clip_norm=7.8135  threshold=0.1378  history=150
19:46:10  INFO      defenses.toposentinel — TopoSentinel: bottleneck=0.0103  threshold=0.1364
19:46:13  INFO      defenses.toposentinel — TopoSentinel round 176: 0 / 10 rejected  clip_norm=7.5499  threshold=0.1364  history=150
19:47:03  INFO      defenses.toposentinel — TopoSentinel: bottleneck=0.0087  threshold=0.1351
19:47:06  INFO      defenses.toposentinel — TopoSentinel round 177: 0 / 10 rejected  clip_norm=8.2794  threshold=0.1351  history=150
19:47:53  INFO      defenses.toposentinel — TopoSentinel: bottleneck=0.0096  threshold=0.1337
19:47:58  INFO      defenses.toposentinel — TopoSentinel round 178: 0 / 10 rejected  clip_norm=7.7198  threshold=0.1337  history=150
19:48:45  INFO      defenses.toposentinel — TopoSentinel: bottleneck=0.0099  threshold=0.1324
19:48:49  INFO      defenses.toposentinel — TopoSentinel round 179: 0 / 10 rejected  clip_norm=8.3160  threshold=0.1324  history=150
19:49:36  INFO      defenses.toposentinel — TopoSentinel: bottleneck=0.0077  threshold=0.1310
19:49:40  INFO      defenses.toposentinel — TopoSentinel round 180: 0 / 10 rejected  clip_norm=7.9797  threshold=0.1310  history=150
19:49:56  INFO      experiment.runner — Round  181/200  |  acc:  86.07%  loss: 0.5201  |  FPR: 0.0%  |  mF1: 86.0%
19:50:32  INFO      defenses.toposentinel — TopoSentinel: bottleneck=0.0054  threshold=0.1297
19:50:36  INFO      defenses.toposentinel — TopoSentinel round 181: 0 / 10 rejected  clip_norm=7.4273  threshold=0.1297  history=150
19:51:29  INFO      defenses.toposentinel — TopoSentinel: bottleneck=0.0052  threshold=0.1284
19:51:32  INFO      defenses.toposentinel — TopoSentinel round 182: 0 / 10 rejected  clip_norm=7.4527  threshold=0.1284  history=150
19:52:23  INFO      defenses.toposentinel — TopoSentinel: bottleneck=0.0057  threshold=0.1272
19:52:26  INFO      defenses.toposentinel — TopoSentinel round 183: 0 / 10 rejected  clip_norm=7.5059  threshold=0.1272  history=150
19:53:16  INFO      defenses.toposentinel — TopoSentinel: bottleneck=0.0170  threshold=0.1259
19:53:19  INFO      defenses.toposentinel — TopoSentinel round 184: 0 / 10 rejected  clip_norm=7.6413  threshold=0.1259  history=150
19:54:10  INFO      defenses.toposentinel — TopoSentinel: bottleneck=0.0227  threshold=0.1246
19:54:13  INFO      defenses.toposentinel — TopoSentinel round 185: 0 / 10 rejected  clip_norm=7.5799  threshold=0.1246  history=150
19:55:02  INFO      defenses.toposentinel — TopoSentinel: bottleneck=0.0102  threshold=0.1234
19:55:05  INFO      defenses.toposentinel — TopoSentinel round 186: 0 / 10 rejected  clip_norm=8.2584  threshold=0.1234  history=150
19:55:56  INFO      defenses.toposentinel — TopoSentinel: bottleneck=0.0130  threshold=0.1221
19:55:59  INFO      defenses.toposentinel — TopoSentinel round 187: 0 / 10 rejected  clip_norm=7.6001  threshold=0.1221  history=150
19:56:50  INFO      defenses.toposentinel — TopoSentinel: bottleneck=0.0102  threshold=0.1209
19:56:53  INFO      defenses.toposentinel — TopoSentinel round 188: 0 / 10 rejected  clip_norm=7.4741  threshold=0.1209  history=150
19:57:41  INFO      defenses.toposentinel — TopoSentinel: bottleneck=0.0124  threshold=0.1197
19:57:45  INFO      defenses.toposentinel — TopoSentinel round 189: 0 / 10 rejected  clip_norm=7.7747  threshold=0.1197  history=150
19:58:32  INFO      defenses.toposentinel — TopoSentinel: bottleneck=0.0027  threshold=0.1185
19:58:36  INFO      defenses.toposentinel — TopoSentinel round 190: 0 / 10 rejected  clip_norm=7.8781  threshold=0.1185  history=150
19:58:50  INFO      experiment.runner — Round  191/200  |  acc:  86.94%  loss: 0.5090  |  FPR: 0.0%  |  mF1: 86.8%
19:59:27  INFO      defenses.toposentinel — TopoSentinel: bottleneck=0.0136  threshold=0.1173
19:59:31  INFO      defenses.toposentinel — TopoSentinel round 191: 0 / 10 rejected  clip_norm=6.9637  threshold=0.1173  history=150
20:00:18  INFO      defenses.toposentinel — TopoSentinel: bottleneck=0.0077  threshold=0.1162
20:00:21  INFO      defenses.toposentinel — TopoSentinel round 192: 0 / 10 rejected  clip_norm=7.7274  threshold=0.1162  history=150
20:01:09  INFO      defenses.toposentinel — TopoSentinel: bottleneck=0.0076  threshold=0.1150
20:01:12  INFO      defenses.toposentinel — TopoSentinel round 193: 0 / 10 rejected  clip_norm=7.8871  threshold=0.1150  history=150
20:02:02  INFO      defenses.toposentinel — TopoSentinel: bottleneck=0.0105  threshold=0.1138
20:02:06  INFO      defenses.toposentinel — TopoSentinel round 194: 0 / 10 rejected  clip_norm=7.7265  threshold=0.1138  history=150
20:02:54  INFO      defenses.toposentinel — TopoSentinel: bottleneck=0.0060  threshold=0.1127
20:02:57  INFO      defenses.toposentinel — TopoSentinel round 195: 0 / 10 rejected  clip_norm=7.8417  threshold=0.1127  history=150
20:03:45  INFO      defenses.toposentinel — TopoSentinel: bottleneck=0.0153  threshold=0.1116
20:03:50  INFO      defenses.toposentinel — TopoSentinel round 196: 0 / 10 rejected  clip_norm=7.4009  threshold=0.1116  history=150
20:04:39  INFO      defenses.toposentinel — TopoSentinel: bottleneck=0.0144  threshold=0.1105
20:04:44  INFO      defenses.toposentinel — TopoSentinel round 197: 0 / 10 rejected  clip_norm=8.1816  threshold=0.1105  history=150
20:05:31  INFO      defenses.toposentinel — TopoSentinel: bottleneck=0.0073  threshold=0.1094
20:05:34  INFO      defenses.toposentinel — TopoSentinel round 198: 0 / 10 rejected  clip_norm=7.8972  threshold=0.1094  history=150
20:06:22  INFO      defenses.toposentinel — TopoSentinel: bottleneck=0.0065  threshold=0.1083
20:06:25  INFO      defenses.toposentinel — TopoSentinel round 199: 0 / 10 rejected  clip_norm=7.4817  threshold=0.1083  history=150
20:06:39  INFO      experiment.runner — Round  200/200  |  acc:  87.22%  loss: 0.4999  |  FPR: 0.0%  |  mF1: 87.2%
20:06:40  INFO      experiment.runner — Final model saved to results/benchmark/cifar10_none_toposentinel_seed2/final_model.pt
20:06:40  INFO      experiment.runner — Client atypicality written to results/benchmark/cifar10_none_toposentinel_seed2/client_atypicality.json
20:06:40  INFO      experiment.runner — Client inclusion rates written to results/benchmark/cifar10_none_toposentinel_seed2/client_inclusion.csv
20:06:40  INFO      experiment.runner — Anomaly scores written to results/benchmark/cifar10_none_toposentinel_seed2/anomaly_scores.csv (2000 rows)
20:06:40  INFO      benchmark — ✓  cifar10_none_toposentinel_seed2  (170.8 min)
20:06:40  INFO      benchmark — ▶  cifar10_none_toposentinel_seed3
20:06:40  INFO      experiment.runner — Initialising 'cifar10_none_toposentinel_seed3' | device=cuda | rounds=200 | clients=10/100 | attack=none | defense=toposentinel
20:06:43  INFO      defenses.toposentinel — TopoSentinelServer — metric=euclidean  threshold=0.800→0.010 (decay=0.9900)  history_window=20  interval_percentiles=[5, 95]
20:06:56  INFO      experiment.utils — Built 100 clients — 0 malicious, 100 benign.
20:06:56  INFO      experiment.runner — Setup complete — 100 clients (0 malicious) | backdoor eval: none

==============================================================
  Summary — 21 rounds evaluated
==============================================================
  Final clean accuracy               87.22%
  Best  clean accuracy               87.22%
  Final clean loss                   0.4999
  Macro F1                           87.17%
  Pooled FPR (all rounds)             0.00%
==============================================================

Files already downloaded and verified
Files already downloaded and verified
Files already downloaded and verified
Files already downloaded and verified
20:07:36  INFO      defenses.toposentinel — TopoSentinel round 0: 0 / 10 rejected  clip_norm=57.2777  threshold=0.8000  history=10
20:07:53  INFO      experiment.runner — Round    1/200  |  acc:  10.84%  loss: 4.4558  |  FPR: 0.0%  |  mF1: 3.6%
20:08:31  INFO      defenses.toposentinel — TopoSentinel: bottleneck=0.0341  threshold=0.7920
20:08:37  INFO      defenses.toposentinel — TopoSentinel round 1: 0 / 10 rejected  clip_norm=23.3773  threshold=0.7920  history=20
20:09:24  INFO      defenses.toposentinel — TopoSentinel: bottleneck=0.0421  threshold=0.7841
20:09:30  INFO      defenses.toposentinel — TopoSentinel round 2: 0 / 10 rejected  clip_norm=18.3752  threshold=0.7841  history=30
20:10:18  INFO      defenses.toposentinel — TopoSentinel: bottleneck=0.0221  threshold=0.7762
20:10:25  INFO      defenses.toposentinel — TopoSentinel round 3: 0 / 10 rejected  clip_norm=14.8114  threshold=0.7762  history=40
20:11:12  INFO      defenses.toposentinel — TopoSentinel: bottleneck=0.0069  threshold=0.7685
20:11:18  INFO      defenses.toposentinel — TopoSentinel round 4: 0 / 10 rejected  clip_norm=13.5333  threshold=0.7685  history=50
20:12:06  INFO      defenses.toposentinel — TopoSentinel: bottleneck=0.0048  threshold=0.7608
20:12:12  INFO      defenses.toposentinel — TopoSentinel round 5: 0 / 10 rejected  clip_norm=12.7382  threshold=0.7608  history=60
20:13:07  INFO      defenses.toposentinel — TopoSentinel: bottleneck=0.0045  threshold=0.7532
20:13:11  INFO      defenses.toposentinel — TopoSentinel round 6: 0 / 10 rejected  clip_norm=12.3670  threshold=0.7532  history=70
20:13:57  INFO      defenses.toposentinel — TopoSentinel: bottleneck=0.0027  threshold=0.7457
20:14:03  INFO      defenses.toposentinel — TopoSentinel round 7: 0 / 10 rejected  clip_norm=12.3186  threshold=0.7457  history=80
20:14:53  INFO      defenses.toposentinel — TopoSentinel: bottleneck=0.0020  threshold=0.7382
20:14:59  INFO      defenses.toposentinel — TopoSentinel round 8: 0 / 10 rejected  clip_norm=11.7108  threshold=0.7382  history=90
20:15:48  INFO      defenses.toposentinel — TopoSentinel: bottleneck=0.0015  threshold=0.7308
20:15:54  INFO      defenses.toposentinel — TopoSentinel round 9: 0 / 10 rejected  clip_norm=11.6234  threshold=0.7308  history=100
20:16:43  INFO      defenses.toposentinel — TopoSentinel: bottleneck=0.0057  threshold=0.7235
20:16:48  INFO      defenses.toposentinel — TopoSentinel round 10: 0 / 10 rejected  clip_norm=11.5010  threshold=0.7235  history=110
20:17:02  INFO      experiment.runner — Round   11/200  |  acc:  56.65%  loss: 1.2620  |  FPR: 0.0%  |  mF1: 56.6%
20:17:42  INFO      defenses.toposentinel — TopoSentinel: bottleneck=0.0032  threshold=0.7163
20:17:45  INFO      defenses.toposentinel — TopoSentinel round 11: 0 / 10 rejected  clip_norm=11.5762  threshold=0.7163  history=120
20:18:33  INFO      defenses.toposentinel — TopoSentinel: bottleneck=0.0015  threshold=0.7091
20:18:37  INFO      defenses.toposentinel — TopoSentinel round 12: 0 / 10 rejected  clip_norm=11.3834  threshold=0.7091  history=130
20:19:26  INFO      defenses.toposentinel — TopoSentinel: bottleneck=0.0035  threshold=0.7020
20:19:29  INFO      defenses.toposentinel — TopoSentinel round 13: 0 / 10 rejected  clip_norm=11.2952  threshold=0.7020  history=140
20:20:18  INFO      defenses.toposentinel — TopoSentinel: bottleneck=0.0027  threshold=0.6950
20:20:21  INFO      defenses.toposentinel — TopoSentinel round 14: 0 / 10 rejected  clip_norm=11.1299  threshold=0.6950  history=150
20:21:11  INFO      defenses.toposentinel — TopoSentinel: bottleneck=0.0113  threshold=0.6880
20:21:15  INFO      defenses.toposentinel — TopoSentinel round 15: 0 / 10 rejected  clip_norm=11.2443  threshold=0.6880  history=150
20:22:04  INFO      defenses.toposentinel — TopoSentinel: bottleneck=0.0070  threshold=0.6812
20:22:08  INFO      defenses.toposentinel — TopoSentinel round 16: 0 / 10 rejected  clip_norm=11.5342  threshold=0.6812  history=150
20:22:58  INFO      defenses.toposentinel — TopoSentinel: bottleneck=0.0052  threshold=0.6744
20:23:01  INFO      defenses.toposentinel — TopoSentinel round 17: 0 / 10 rejected  clip_norm=11.7700  threshold=0.6744  history=150
20:23:50  INFO      defenses.toposentinel — TopoSentinel: bottleneck=0.0052  threshold=0.6676
20:23:54  INFO      defenses.toposentinel — TopoSentinel round 18: 0 / 10 rejected  clip_norm=10.9070  threshold=0.6676  history=150
20:24:44  INFO      defenses.toposentinel — TopoSentinel: bottleneck=0.0060  threshold=0.6609
20:24:48  INFO      defenses.toposentinel — TopoSentinel round 19: 0 / 10 rejected  clip_norm=10.9333  threshold=0.6609  history=150
20:25:36  INFO      defenses.toposentinel — TopoSentinel: bottleneck=0.0028  threshold=0.6543
20:25:39  INFO      defenses.toposentinel — TopoSentinel round 20: 0 / 10 rejected  clip_norm=11.4682  threshold=0.6543  history=150
20:25:53  INFO      experiment.runner — Round   21/200  |  acc:  67.23%  loss: 1.0008  |  FPR: 0.0%  |  mF1: 67.0%
20:26:31  INFO      defenses.toposentinel — TopoSentinel: bottleneck=0.0084  threshold=0.6478
20:26:36  INFO      defenses.toposentinel — TopoSentinel round 21: 0 / 10 rejected  clip_norm=10.9152  threshold=0.6478  history=150
20:27:25  INFO      defenses.toposentinel — TopoSentinel: bottleneck=0.0074  threshold=0.6413
20:27:29  INFO      defenses.toposentinel — TopoSentinel round 22: 0 / 10 rejected  clip_norm=10.9023  threshold=0.6413  history=150
20:28:23  INFO      defenses.toposentinel — TopoSentinel: bottleneck=0.0032  threshold=0.6349
20:28:26  INFO      defenses.toposentinel — TopoSentinel round 23: 0 / 10 rejected  clip_norm=10.6604  threshold=0.6349  history=150
20:29:15  INFO      defenses.toposentinel — TopoSentinel: bottleneck=0.0041  threshold=0.6285
20:29:18  INFO      defenses.toposentinel — TopoSentinel round 24: 0 / 10 rejected  clip_norm=10.7897  threshold=0.6285  history=150
20:30:07  INFO      defenses.toposentinel — TopoSentinel: bottleneck=0.0045  threshold=0.6223
20:30:11  INFO      defenses.toposentinel — TopoSentinel round 25: 0 / 10 rejected  clip_norm=10.8504  threshold=0.6223  history=150
20:30:58  INFO      defenses.toposentinel — TopoSentinel: bottleneck=0.0049  threshold=0.6160
20:31:02  INFO      defenses.toposentinel — TopoSentinel round 26: 0 / 10 rejected  clip_norm=10.7996  threshold=0.6160  history=150
20:31:50  INFO      defenses.toposentinel — TopoSentinel: bottleneck=0.0039  threshold=0.6099
20:31:55  INFO      defenses.toposentinel — TopoSentinel round 27: 0 / 10 rejected  clip_norm=10.7209  threshold=0.6099  history=150
20:32:44  INFO      defenses.toposentinel — TopoSentinel: bottleneck=0.0042  threshold=0.6038
20:32:48  INFO      defenses.toposentinel — TopoSentinel round 28: 0 / 10 rejected  clip_norm=10.8146  threshold=0.6038  history=150
20:33:41  INFO      defenses.toposentinel — TopoSentinel: bottleneck=0.0059  threshold=0.5977
20:33:45  INFO      defenses.toposentinel — TopoSentinel round 29: 0 / 10 rejected  clip_norm=10.5835  threshold=0.5977  history=150
20:34:34  INFO      defenses.toposentinel — TopoSentinel: bottleneck=0.0036  threshold=0.5918
20:34:37  INFO      defenses.toposentinel — TopoSentinel round 30: 0 / 10 rejected  clip_norm=10.6484  threshold=0.5918  history=150
20:34:51  INFO      experiment.runner — Round   31/200  |  acc:  72.44%  loss: 0.8609  |  FPR: 0.0%  |  mF1: 72.2%
20:35:31  INFO      defenses.toposentinel — TopoSentinel: bottleneck=0.0036  threshold=0.5858
20:35:34  INFO      defenses.toposentinel — TopoSentinel round 31: 0 / 10 rejected  clip_norm=10.8330  threshold=0.5858  history=150
20:36:23  INFO      defenses.toposentinel — TopoSentinel: bottleneck=0.0043  threshold=0.5800
20:36:26  INFO      defenses.toposentinel — TopoSentinel round 32: 0 / 10 rejected  clip_norm=10.4344  threshold=0.5800  history=150
20:37:18  INFO      defenses.toposentinel — TopoSentinel: bottleneck=0.0063  threshold=0.5742
20:37:21  INFO      defenses.toposentinel — TopoSentinel round 33: 0 / 10 rejected  clip_norm=11.1051  threshold=0.5742  history=150
20:38:10  INFO      defenses.toposentinel — TopoSentinel: bottleneck=0.0131  threshold=0.5684
20:38:13  INFO      defenses.toposentinel — TopoSentinel round 34: 0 / 10 rejected  clip_norm=10.1577  threshold=0.5684  history=150
20:39:04  INFO      defenses.toposentinel — TopoSentinel: bottleneck=0.0070  threshold=0.5628
20:39:09  INFO      defenses.toposentinel — TopoSentinel round 35: 0 / 10 rejected  clip_norm=10.5887  threshold=0.5628  history=150
20:39:59  INFO      defenses.toposentinel — TopoSentinel: bottleneck=0.0035  threshold=0.5571
20:40:02  INFO      defenses.toposentinel — TopoSentinel round 36: 0 / 10 rejected  clip_norm=10.3520  threshold=0.5571  history=150
20:40:53  INFO      defenses.toposentinel — TopoSentinel: bottleneck=0.0024  threshold=0.5516
20:40:56  INFO      defenses.toposentinel — TopoSentinel round 37: 0 / 10 rejected  clip_norm=10.4160  threshold=0.5516  history=150
20:41:49  INFO      defenses.toposentinel — TopoSentinel: bottleneck=0.0079  threshold=0.5460
20:41:52  INFO      defenses.toposentinel — TopoSentinel round 38: 0 / 10 rejected  clip_norm=10.2025  threshold=0.5460  history=150
20:42:43  INFO      defenses.toposentinel — TopoSentinel: bottleneck=0.0066  threshold=0.5406
20:42:46  INFO      defenses.toposentinel — TopoSentinel round 39: 0 / 10 rejected  clip_norm=10.2279  threshold=0.5406  history=150
20:43:40  INFO      defenses.toposentinel — TopoSentinel: bottleneck=0.0057  threshold=0.5352
20:43:47  INFO      defenses.toposentinel — TopoSentinel round 40: 0 / 10 rejected  clip_norm=10.1056  threshold=0.5352  history=150
20:44:04  INFO      experiment.runner — Round   41/200  |  acc:  75.65%  loss: 0.7814  |  FPR: 0.0%  |  mF1: 75.6%
20:44:44  INFO      defenses.toposentinel — TopoSentinel: bottleneck=0.0052  threshold=0.5298
20:44:48  INFO      defenses.toposentinel — TopoSentinel round 41: 0 / 10 rejected  clip_norm=10.0135  threshold=0.5298  history=150
20:45:38  INFO      defenses.toposentinel — TopoSentinel: bottleneck=0.0046  threshold=0.5245
20:45:41  INFO      defenses.toposentinel — TopoSentinel round 42: 0 / 10 rejected  clip_norm=9.9799  threshold=0.5245  history=150
20:46:30  INFO      defenses.toposentinel — TopoSentinel: bottleneck=0.0069  threshold=0.5193
20:46:33  INFO      defenses.toposentinel — TopoSentinel round 43: 0 / 10 rejected  clip_norm=10.1797  threshold=0.5193  history=150
20:47:22  INFO      defenses.toposentinel — TopoSentinel: bottleneck=0.0072  threshold=0.5141
20:47:27  INFO      defenses.toposentinel — TopoSentinel round 44: 0 / 10 rejected  clip_norm=10.3453  threshold=0.5141  history=150
20:48:17  INFO      defenses.toposentinel — TopoSentinel: bottleneck=0.0088  threshold=0.5089
20:48:21  INFO      defenses.toposentinel — TopoSentinel round 45: 0 / 10 rejected  clip_norm=10.5190  threshold=0.5089  history=150
20:49:14  INFO      defenses.toposentinel — TopoSentinel: bottleneck=0.0085  threshold=0.5039
20:49:17  INFO      defenses.toposentinel — TopoSentinel round 46: 0 / 10 rejected  clip_norm=9.8821  threshold=0.5039  history=150
20:50:08  INFO      defenses.toposentinel — TopoSentinel: bottleneck=0.0044  threshold=0.4988
20:50:11  INFO      defenses.toposentinel — TopoSentinel round 47: 0 / 10 rejected  clip_norm=10.1925  threshold=0.4988  history=150
20:51:01  INFO      defenses.toposentinel — TopoSentinel: bottleneck=0.0126  threshold=0.4938
20:51:04  INFO      defenses.toposentinel — TopoSentinel round 48: 0 / 10 rejected  clip_norm=10.4052  threshold=0.4938  history=150
20:51:54  INFO      defenses.toposentinel — TopoSentinel: bottleneck=0.0158  threshold=0.4889
20:51:58  INFO      defenses.toposentinel — TopoSentinel round 49: 0 / 10 rejected  clip_norm=9.6978  threshold=0.4889  history=150
20:52:49  INFO      defenses.toposentinel — TopoSentinel: bottleneck=0.0121  threshold=0.4840
20:52:52  INFO      defenses.toposentinel — TopoSentinel round 50: 0 / 10 rejected  clip_norm=10.0242  threshold=0.4840  history=150
20:53:06  INFO      experiment.runner — Round   51/200  |  acc:  77.39%  loss: 0.7416  |  FPR: 0.0%  |  mF1: 77.1%
20:53:47  INFO      defenses.toposentinel — TopoSentinel: bottleneck=0.0095  threshold=0.4792
20:53:50  INFO      defenses.toposentinel — TopoSentinel round 51: 0 / 10 rejected  clip_norm=9.9243  threshold=0.4792  history=150
20:54:44  INFO      defenses.toposentinel — TopoSentinel: bottleneck=0.0050  threshold=0.4744
20:54:48  INFO      defenses.toposentinel — TopoSentinel round 52: 0 / 10 rejected  clip_norm=9.7049  threshold=0.4744  history=150
20:55:37  INFO      defenses.toposentinel — TopoSentinel: bottleneck=0.0029  threshold=0.4696
20:55:40  INFO      defenses.toposentinel — TopoSentinel round 53: 0 / 10 rejected  clip_norm=9.9051  threshold=0.4696  history=150
20:56:30  INFO      defenses.toposentinel — TopoSentinel: bottleneck=0.0114  threshold=0.4649
20:56:34  INFO      defenses.toposentinel — TopoSentinel round 54: 0 / 10 rejected  clip_norm=9.1822  threshold=0.4649  history=150
20:57:22  INFO      defenses.toposentinel — TopoSentinel: bottleneck=0.0069  threshold=0.4603
20:57:26  INFO      defenses.toposentinel — TopoSentinel round 55: 0 / 10 rejected  clip_norm=9.8572  threshold=0.4603  history=150
20:58:15  INFO      defenses.toposentinel — TopoSentinel: bottleneck=0.0053  threshold=0.4557
20:58:19  INFO      defenses.toposentinel — TopoSentinel round 56: 0 / 10 rejected  clip_norm=9.7534  threshold=0.4557  history=150
20:59:11  INFO      defenses.toposentinel — TopoSentinel: bottleneck=0.0101  threshold=0.4511
20:59:15  INFO      defenses.toposentinel — TopoSentinel round 57: 0 / 10 rejected  clip_norm=10.1762  threshold=0.4511  history=150
21:00:08  INFO      defenses.toposentinel — TopoSentinel: bottleneck=0.0045  threshold=0.4466
21:00:11  INFO      defenses.toposentinel — TopoSentinel round 58: 0 / 10 rejected  clip_norm=9.8939  threshold=0.4466  history=150
21:01:03  INFO      defenses.toposentinel — TopoSentinel: bottleneck=0.0082  threshold=0.4421
21:01:07  INFO      defenses.toposentinel — TopoSentinel round 59: 0 / 10 rejected  clip_norm=9.5334  threshold=0.4421  history=150
21:02:02  INFO      defenses.toposentinel — TopoSentinel: bottleneck=0.0042  threshold=0.4377
21:02:08  INFO      defenses.toposentinel — TopoSentinel round 60: 0 / 10 rejected  clip_norm=9.6406  threshold=0.4377  history=150
21:02:23  INFO      experiment.runner — Round   61/200  |  acc:  80.64%  loss: 0.6641  |  FPR: 0.0%  |  mF1: 80.6%
21:03:05  INFO      defenses.toposentinel — TopoSentinel: bottleneck=0.0045  threshold=0.4333
21:03:09  INFO      defenses.toposentinel — TopoSentinel round 61: 0 / 10 rejected  clip_norm=10.0082  threshold=0.4333  history=150
21:04:00  INFO      defenses.toposentinel — TopoSentinel: bottleneck=0.0098  threshold=0.4290
21:04:03  INFO      defenses.toposentinel — TopoSentinel round 62: 0 / 10 rejected  clip_norm=9.4275  threshold=0.4290  history=150
21:05:05  INFO      defenses.toposentinel — TopoSentinel: bottleneck=0.0080  threshold=0.4247
21:05:08  INFO      defenses.toposentinel — TopoSentinel round 63: 0 / 10 rejected  clip_norm=9.6521  threshold=0.4247  history=150
21:06:00  INFO      defenses.toposentinel — TopoSentinel: bottleneck=0.0079  threshold=0.4205
21:06:03  INFO      defenses.toposentinel — TopoSentinel round 64: 0 / 10 rejected  clip_norm=9.3714  threshold=0.4205  history=150
21:06:55  INFO      defenses.toposentinel — TopoSentinel: bottleneck=0.0059  threshold=0.4163
21:06:58  INFO      defenses.toposentinel — TopoSentinel round 65: 0 / 10 rejected  clip_norm=9.7738  threshold=0.4163  history=150
21:07:50  INFO      defenses.toposentinel — TopoSentinel: bottleneck=0.0041  threshold=0.4121
21:07:53  INFO      defenses.toposentinel — TopoSentinel round 66: 0 / 10 rejected  clip_norm=9.6026  threshold=0.4121  history=150
21:08:45  INFO      defenses.toposentinel — TopoSentinel: bottleneck=0.0054  threshold=0.4080
21:08:48  INFO      defenses.toposentinel — TopoSentinel round 67: 0 / 10 rejected  clip_norm=9.6569  threshold=0.4080  history=150
21:09:41  INFO      defenses.toposentinel — TopoSentinel: bottleneck=0.0058  threshold=0.4039
21:09:47  INFO      defenses.toposentinel — TopoSentinel round 68: 0 / 10 rejected  clip_norm=9.4758  threshold=0.4039  history=150
21:10:40  INFO      defenses.toposentinel — TopoSentinel: bottleneck=0.0041  threshold=0.3999
21:10:44  INFO      defenses.toposentinel — TopoSentinel round 69: 0 / 10 rejected  clip_norm=9.6604  threshold=0.3999  history=150
21:11:35  INFO      defenses.toposentinel — TopoSentinel: bottleneck=0.0083  threshold=0.3959
21:11:39  INFO      defenses.toposentinel — TopoSentinel round 70: 0 / 10 rejected  clip_norm=9.7186  threshold=0.3959  history=150
21:11:53  INFO      experiment.runner — Round   71/200  |  acc:  81.24%  loss: 0.6465  |  FPR: 0.0%  |  mF1: 81.2%
21:12:32  INFO      defenses.toposentinel — TopoSentinel: bottleneck=0.0099  threshold=0.3919
21:12:36  INFO      defenses.toposentinel — TopoSentinel round 71: 0 / 10 rejected  clip_norm=9.6861  threshold=0.3919  history=150
21:13:29  INFO      defenses.toposentinel — TopoSentinel: bottleneck=0.0084  threshold=0.3880
21:13:33  INFO      defenses.toposentinel — TopoSentinel round 72: 0 / 10 rejected  clip_norm=9.2965  threshold=0.3880  history=150
21:14:24  INFO      defenses.toposentinel — TopoSentinel: bottleneck=0.0090  threshold=0.3841
21:14:28  INFO      defenses.toposentinel — TopoSentinel round 73: 0 / 10 rejected  clip_norm=9.1446  threshold=0.3841  history=150
21:15:23  INFO      defenses.toposentinel — TopoSentinel: bottleneck=0.0064  threshold=0.3803
21:15:27  INFO      defenses.toposentinel — TopoSentinel round 74: 0 / 10 rejected  clip_norm=9.3545  threshold=0.3803  history=150
21:16:18  INFO      defenses.toposentinel — TopoSentinel: bottleneck=0.0084  threshold=0.3765
21:16:22  INFO      defenses.toposentinel — TopoSentinel round 75: 0 / 10 rejected  clip_norm=9.4300  threshold=0.3765  history=150
21:17:12  INFO      defenses.toposentinel — TopoSentinel: bottleneck=0.0058  threshold=0.3727
21:17:16  INFO      defenses.toposentinel — TopoSentinel round 76: 0 / 10 rejected  clip_norm=9.7166  threshold=0.3727  history=150
21:18:08  INFO      defenses.toposentinel — TopoSentinel: bottleneck=0.0012  threshold=0.3690
21:18:11  INFO      defenses.toposentinel — TopoSentinel round 77: 0 / 10 rejected  clip_norm=9.6627  threshold=0.3690  history=150
21:19:02  INFO      defenses.toposentinel — TopoSentinel: bottleneck=0.0036  threshold=0.3653
21:19:06  INFO      defenses.toposentinel — TopoSentinel round 78: 0 / 10 rejected  clip_norm=9.2925  threshold=0.3653  history=150
21:19:59  INFO      defenses.toposentinel — TopoSentinel: bottleneck=0.0046  threshold=0.3616
21:20:03  INFO      defenses.toposentinel — TopoSentinel round 79: 0 / 10 rejected  clip_norm=9.7652  threshold=0.3616  history=150
21:20:57  INFO      defenses.toposentinel — TopoSentinel: bottleneck=0.0028  threshold=0.3580
21:21:03  INFO      defenses.toposentinel — TopoSentinel round 80: 0 / 10 rejected  clip_norm=9.0193  threshold=0.3580  history=150
21:21:18  INFO      experiment.runner — Round   81/200  |  acc:  82.22%  loss: 0.6196  |  FPR: 0.0%  |  mF1: 82.1%
21:22:00  INFO      defenses.toposentinel — TopoSentinel: bottleneck=0.0051  threshold=0.3544
21:22:04  INFO      defenses.toposentinel — TopoSentinel round 81: 0 / 10 rejected  clip_norm=9.4302  threshold=0.3544  history=150
21:22:53  INFO      defenses.toposentinel — TopoSentinel: bottleneck=0.0050  threshold=0.3509
21:22:57  INFO      defenses.toposentinel — TopoSentinel round 82: 0 / 10 rejected  clip_norm=8.8791  threshold=0.3509  history=150
21:23:53  INFO      defenses.toposentinel — TopoSentinel: bottleneck=0.0034  threshold=0.3474
21:23:59  INFO      defenses.toposentinel — TopoSentinel round 83: 0 / 10 rejected  clip_norm=8.9464  threshold=0.3474  history=150
21:24:56  INFO      defenses.toposentinel — TopoSentinel: bottleneck=0.0061  threshold=0.3439
21:25:05  INFO      defenses.toposentinel — TopoSentinel round 84: 0 / 10 rejected  clip_norm=9.2235  threshold=0.3439  history=150
21:25:57  INFO      defenses.toposentinel — TopoSentinel: bottleneck=0.0049  threshold=0.3405
21:26:00  INFO      defenses.toposentinel — TopoSentinel round 85: 0 / 10 rejected  clip_norm=9.1410  threshold=0.3405  history=150
21:26:52  INFO      defenses.toposentinel — TopoSentinel: bottleneck=0.0062  threshold=0.3371
21:26:56  INFO      defenses.toposentinel — TopoSentinel round 86: 0 / 10 rejected  clip_norm=9.0581  threshold=0.3371  history=150
21:27:48  INFO      defenses.toposentinel — TopoSentinel: bottleneck=0.0069  threshold=0.3337
21:27:51  INFO      defenses.toposentinel — TopoSentinel round 87: 0 / 10 rejected  clip_norm=9.4025  threshold=0.3337  history=150
21:28:43  INFO      defenses.toposentinel — TopoSentinel: bottleneck=0.0075  threshold=0.3304
21:28:46  INFO      defenses.toposentinel — TopoSentinel round 88: 0 / 10 rejected  clip_norm=8.9878  threshold=0.3304  history=150
21:29:38  INFO      defenses.toposentinel — TopoSentinel: bottleneck=0.0042  threshold=0.3271
21:29:42  INFO      defenses.toposentinel — TopoSentinel round 89: 0 / 10 rejected  clip_norm=9.0355  threshold=0.3271  history=150
21:30:36  INFO      defenses.toposentinel — TopoSentinel: bottleneck=0.0041  threshold=0.3238
21:30:40  INFO      defenses.toposentinel — TopoSentinel round 90: 0 / 10 rejected  clip_norm=8.9119  threshold=0.3238  history=150
21:30:54  INFO      experiment.runner — Round   91/200  |  acc:  82.53%  loss: 0.5981  |  FPR: 0.0%  |  mF1: 82.4%
21:31:35  INFO      defenses.toposentinel — TopoSentinel: bottleneck=0.0155  threshold=0.3205
21:31:41  INFO      defenses.toposentinel — TopoSentinel round 91: 0 / 10 rejected  clip_norm=9.5351  threshold=0.3205  history=150
21:32:30  INFO      defenses.toposentinel — TopoSentinel: bottleneck=0.0060  threshold=0.3173
21:32:35  INFO      defenses.toposentinel — TopoSentinel round 92: 0 / 10 rejected  clip_norm=9.2319  threshold=0.3173  history=150
21:33:29  INFO      defenses.toposentinel — TopoSentinel: bottleneck=0.0104  threshold=0.3142
21:33:33  INFO      defenses.toposentinel — TopoSentinel round 93: 0 / 10 rejected  clip_norm=9.4434  threshold=0.3142  history=150
21:34:24  INFO      defenses.toposentinel — TopoSentinel: bottleneck=0.0052  threshold=0.3110
21:34:27  INFO      defenses.toposentinel — TopoSentinel round 94: 0 / 10 rejected  clip_norm=8.7940  threshold=0.3110  history=150
21:35:21  INFO      defenses.toposentinel — TopoSentinel: bottleneck=0.0030  threshold=0.3079
21:35:24  INFO      defenses.toposentinel — TopoSentinel round 95: 0 / 10 rejected  clip_norm=8.9988  threshold=0.3079  history=150
21:36:17  INFO      defenses.toposentinel — TopoSentinel: bottleneck=0.0039  threshold=0.3048
21:36:21  INFO      defenses.toposentinel — TopoSentinel round 96: 0 / 10 rejected  clip_norm=8.9675  threshold=0.3048  history=150
21:37:14  INFO      defenses.toposentinel — TopoSentinel: bottleneck=0.0026  threshold=0.3018
21:37:18  INFO      defenses.toposentinel — TopoSentinel round 97: 0 / 10 rejected  clip_norm=9.0564  threshold=0.3018  history=150
21:38:11  INFO      defenses.toposentinel — TopoSentinel: bottleneck=0.0070  threshold=0.2988
21:38:14  INFO      defenses.toposentinel — TopoSentinel round 98: 0 / 10 rejected  clip_norm=8.7521  threshold=0.2988  history=150
21:39:05  INFO      defenses.toposentinel — TopoSentinel: bottleneck=0.0080  threshold=0.2958
21:39:08  INFO      defenses.toposentinel — TopoSentinel round 99: 0 / 10 rejected  clip_norm=8.6698  threshold=0.2958  history=150
21:40:02  INFO      defenses.toposentinel — TopoSentinel: bottleneck=0.0086  threshold=0.2928
21:40:06  INFO      defenses.toposentinel — TopoSentinel round 100: 0 / 10 rejected  clip_norm=8.7851  threshold=0.2928  history=150
21:40:20  INFO      experiment.runner — Round  101/200  |  acc:  83.62%  loss: 0.5862  |  FPR: 0.0%  |  mF1: 83.7%
21:41:00  INFO      defenses.toposentinel — TopoSentinel: bottleneck=0.0092  threshold=0.2899
21:41:03  INFO      defenses.toposentinel — TopoSentinel round 101: 0 / 10 rejected  clip_norm=9.0271  threshold=0.2899  history=150
21:41:57  INFO      defenses.toposentinel — TopoSentinel: bottleneck=0.0028  threshold=0.2870
21:42:01  INFO      defenses.toposentinel — TopoSentinel round 102: 0 / 10 rejected  clip_norm=9.1435  threshold=0.2870  history=150
21:42:54  INFO      defenses.toposentinel — TopoSentinel: bottleneck=0.0067  threshold=0.2841
21:42:57  INFO      defenses.toposentinel — TopoSentinel round 103: 0 / 10 rejected  clip_norm=8.8500  threshold=0.2841  history=150
21:43:49  INFO      defenses.toposentinel — TopoSentinel: bottleneck=0.0076  threshold=0.2813
21:43:52  INFO      defenses.toposentinel — TopoSentinel round 104: 0 / 10 rejected  clip_norm=8.7748  threshold=0.2813  history=150
21:44:44  INFO      defenses.toposentinel — TopoSentinel: bottleneck=0.0064  threshold=0.2785
21:44:47  INFO      defenses.toposentinel — TopoSentinel round 105: 0 / 10 rejected  clip_norm=9.2044  threshold=0.2785  history=150
21:45:48  INFO      defenses.toposentinel — TopoSentinel: bottleneck=0.0094  threshold=0.2757
21:45:53  INFO      defenses.toposentinel — TopoSentinel round 106: 0 / 10 rejected  clip_norm=8.5567  threshold=0.2757  history=150
21:46:44  INFO      defenses.toposentinel — TopoSentinel: bottleneck=0.0068  threshold=0.2729
21:46:47  INFO      defenses.toposentinel — TopoSentinel round 107: 0 / 10 rejected  clip_norm=8.2775  threshold=0.2729  history=150
21:47:40  INFO      defenses.toposentinel — TopoSentinel: bottleneck=0.0057  threshold=0.2702
21:47:44  INFO      defenses.toposentinel — TopoSentinel round 108: 0 / 10 rejected  clip_norm=9.1428  threshold=0.2702  history=150
21:48:38  INFO      defenses.toposentinel — TopoSentinel: bottleneck=0.0092  threshold=0.2675
21:48:42  INFO      defenses.toposentinel — TopoSentinel round 109: 0 / 10 rejected  clip_norm=8.9338  threshold=0.2675  history=150
21:49:34  INFO      defenses.toposentinel — TopoSentinel: bottleneck=0.0062  threshold=0.2648
21:49:38  INFO      defenses.toposentinel — TopoSentinel round 110: 0 / 10 rejected  clip_norm=8.7781  threshold=0.2648  history=150
21:49:56  INFO      experiment.runner — Round  111/200  |  acc:  84.09%  loss: 0.5808  |  FPR: 0.0%  |  mF1: 83.9%
21:50:42  INFO      defenses.toposentinel — TopoSentinel: bottleneck=0.0090  threshold=0.2622
21:50:47  INFO      defenses.toposentinel — TopoSentinel round 111: 0 / 10 rejected  clip_norm=8.6185  threshold=0.2622  history=150
21:51:37  INFO      defenses.toposentinel — TopoSentinel: bottleneck=0.0116  threshold=0.2596
21:51:42  INFO      defenses.toposentinel — TopoSentinel round 112: 0 / 10 rejected  clip_norm=9.3230  threshold=0.2596  history=150
21:52:33  INFO      defenses.toposentinel — TopoSentinel: bottleneck=0.0058  threshold=0.2570
21:52:37  INFO      defenses.toposentinel — TopoSentinel round 113: 0 / 10 rejected  clip_norm=9.0116  threshold=0.2570  history=150
21:53:27  INFO      defenses.toposentinel — TopoSentinel: bottleneck=0.0063  threshold=0.2544
21:53:31  INFO      defenses.toposentinel — TopoSentinel round 114: 0 / 10 rejected  clip_norm=8.6551  threshold=0.2544  history=150
21:54:22  INFO      defenses.toposentinel — TopoSentinel: bottleneck=0.0080  threshold=0.2518
21:54:26  INFO      defenses.toposentinel — TopoSentinel round 115: 0 / 10 rejected  clip_norm=8.5192  threshold=0.2518  history=150
21:55:22  INFO      defenses.toposentinel — TopoSentinel: bottleneck=0.0071  threshold=0.2493
21:55:25  INFO      defenses.toposentinel — TopoSentinel round 116: 0 / 10 rejected  clip_norm=8.9382  threshold=0.2493  history=150
21:56:15  INFO      defenses.toposentinel — TopoSentinel: bottleneck=0.0088  threshold=0.2468
21:56:19  INFO      defenses.toposentinel — TopoSentinel round 117: 0 / 10 rejected  clip_norm=8.8475  threshold=0.2468  history=150
21:57:09  INFO      defenses.toposentinel — TopoSentinel: bottleneck=0.0061  threshold=0.2444
21:57:13  INFO      defenses.toposentinel — TopoSentinel round 118: 0 / 10 rejected  clip_norm=8.4650  threshold=0.2444  history=150
21:58:04  INFO      defenses.toposentinel — TopoSentinel: bottleneck=0.0074  threshold=0.2419
21:58:07  INFO      defenses.toposentinel — TopoSentinel round 119: 0 / 10 rejected  clip_norm=8.8064  threshold=0.2419  history=150
21:58:59  INFO      defenses.toposentinel — TopoSentinel: bottleneck=0.0092  threshold=0.2395
21:59:02  INFO      defenses.toposentinel — TopoSentinel round 120: 0 / 10 rejected  clip_norm=8.5039  threshold=0.2395  history=150
21:59:20  INFO      experiment.runner — Round  121/200  |  acc:  84.78%  loss: 0.5597  |  FPR: 0.0%  |  mF1: 84.8%
21:59:58  INFO      defenses.toposentinel — TopoSentinel: bottleneck=0.0121  threshold=0.2371
22:00:02  INFO      defenses.toposentinel — TopoSentinel round 121: 0 / 10 rejected  clip_norm=8.8613  threshold=0.2371  history=150
22:00:56  INFO      defenses.toposentinel — TopoSentinel: bottleneck=0.0103  threshold=0.2347
22:01:02  INFO      defenses.toposentinel — TopoSentinel round 122: 0 / 10 rejected  clip_norm=8.5624  threshold=0.2347  history=150
22:01:52  INFO      defenses.toposentinel — TopoSentinel: bottleneck=0.0061  threshold=0.2324
22:01:58  INFO      defenses.toposentinel — TopoSentinel round 123: 0 / 10 rejected  clip_norm=8.1879  threshold=0.2324  history=150
22:02:47  INFO      defenses.toposentinel — TopoSentinel: bottleneck=0.0143  threshold=0.2301
22:02:52  INFO      defenses.toposentinel — TopoSentinel round 124: 0 / 10 rejected  clip_norm=8.9511  threshold=0.2301  history=150
22:03:42  INFO      defenses.toposentinel — TopoSentinel: bottleneck=0.0076  threshold=0.2278
22:03:45  INFO      defenses.toposentinel — TopoSentinel round 125: 0 / 10 rejected  clip_norm=8.3459  threshold=0.2278  history=150
22:04:33  INFO      defenses.toposentinel — TopoSentinel: bottleneck=0.0046  threshold=0.2255
22:04:37  INFO      defenses.toposentinel — TopoSentinel round 126: 0 / 10 rejected  clip_norm=8.2509  threshold=0.2255  history=150
22:05:29  INFO      defenses.toposentinel — TopoSentinel: bottleneck=0.0109  threshold=0.2232
22:05:32  INFO      defenses.toposentinel — TopoSentinel round 127: 0 / 10 rejected  clip_norm=8.4167  threshold=0.2232  history=150
22:06:21  INFO      defenses.toposentinel — TopoSentinel: bottleneck=0.0050  threshold=0.2210
22:06:25  INFO      defenses.toposentinel — TopoSentinel round 128: 0 / 10 rejected  clip_norm=8.4092  threshold=0.2210  history=150
22:07:12  INFO      defenses.toposentinel — TopoSentinel: bottleneck=0.0061  threshold=0.2188
22:07:19  INFO      defenses.toposentinel — TopoSentinel round 129: 0 / 10 rejected  clip_norm=8.3599  threshold=0.2188  history=150
22:08:09  INFO      defenses.toposentinel — TopoSentinel: bottleneck=0.0085  threshold=0.2166
22:08:15  INFO      defenses.toposentinel — TopoSentinel round 130: 0 / 10 rejected  clip_norm=8.7722  threshold=0.2166  history=150
22:08:29  INFO      experiment.runner — Round  131/200  |  acc:  84.88%  loss: 0.5532  |  FPR: 0.0%  |  mF1: 84.8%
22:09:08  INFO      defenses.toposentinel — TopoSentinel: bottleneck=0.0097  threshold=0.2144
22:09:12  INFO      defenses.toposentinel — TopoSentinel round 131: 0 / 10 rejected  clip_norm=8.3929  threshold=0.2144  history=150
22:10:02  INFO      defenses.toposentinel — TopoSentinel: bottleneck=0.0129  threshold=0.2123
22:10:05  INFO      defenses.toposentinel — TopoSentinel round 132: 0 / 10 rejected  clip_norm=8.4810  threshold=0.2123  history=150
22:11:01  INFO      defenses.toposentinel — TopoSentinel: bottleneck=0.0089  threshold=0.2102
22:11:04  INFO      defenses.toposentinel — TopoSentinel round 133: 0 / 10 rejected  clip_norm=7.8862  threshold=0.2102  history=150
22:11:54  INFO      defenses.toposentinel — TopoSentinel: bottleneck=0.0153  threshold=0.2081
22:11:58  INFO      defenses.toposentinel — TopoSentinel round 134: 0 / 10 rejected  clip_norm=8.6238  threshold=0.2081  history=150
22:12:48  INFO      defenses.toposentinel — TopoSentinel: bottleneck=0.0090  threshold=0.2060
22:12:52  INFO      defenses.toposentinel — TopoSentinel round 135: 0 / 10 rejected  clip_norm=8.3430  threshold=0.2060  history=150
22:13:41  INFO      defenses.toposentinel — TopoSentinel: bottleneck=0.0198  threshold=0.2039
22:13:44  INFO      defenses.toposentinel — TopoSentinel round 136: 0 / 10 rejected  clip_norm=8.7794  threshold=0.2039  history=150
22:14:36  INFO      defenses.toposentinel — TopoSentinel: bottleneck=0.0083  threshold=0.2019
22:14:39  INFO      defenses.toposentinel — TopoSentinel round 137: 0 / 10 rejected  clip_norm=8.8585  threshold=0.2019  history=150
22:15:41  INFO      defenses.toposentinel — TopoSentinel: bottleneck=0.0171  threshold=0.1999
22:15:44  INFO      defenses.toposentinel — TopoSentinel round 138: 0 / 10 rejected  clip_norm=8.4531  threshold=0.1999  history=150
22:16:39  INFO      defenses.toposentinel — TopoSentinel: bottleneck=0.0070  threshold=0.1979
22:16:42  INFO      defenses.toposentinel — TopoSentinel round 139: 0 / 10 rejected  clip_norm=8.5027  threshold=0.1979  history=150
22:17:34  INFO      defenses.toposentinel — TopoSentinel: bottleneck=0.0036  threshold=0.1959
22:17:37  INFO      defenses.toposentinel — TopoSentinel round 140: 0 / 10 rejected  clip_norm=7.9774  threshold=0.1959  history=150
22:17:56  INFO      experiment.runner — Round  141/200  |  acc:  85.33%  loss: 0.5483  |  FPR: 0.0%  |  mF1: 85.2%
22:18:35  INFO      defenses.toposentinel — TopoSentinel: bottleneck=0.0088  threshold=0.1939
22:18:41  INFO      defenses.toposentinel — TopoSentinel round 141: 0 / 10 rejected  clip_norm=8.5395  threshold=0.1939  history=150
22:19:34  INFO      defenses.toposentinel — TopoSentinel: bottleneck=0.0060  threshold=0.1920
22:19:38  INFO      defenses.toposentinel — TopoSentinel round 142: 0 / 10 rejected  clip_norm=7.7883  threshold=0.1920  history=150
22:20:30  INFO      defenses.toposentinel — TopoSentinel: bottleneck=0.0070  threshold=0.1901
22:20:34  INFO      defenses.toposentinel — TopoSentinel round 143: 0 / 10 rejected  clip_norm=7.9640  threshold=0.1901  history=150
22:21:27  INFO      defenses.toposentinel — TopoSentinel: bottleneck=0.0197  threshold=0.1882
22:21:30  INFO      defenses.toposentinel — TopoSentinel round 144: 0 / 10 rejected  clip_norm=8.6388  threshold=0.1882  history=150
22:22:22  INFO      defenses.toposentinel — TopoSentinel: bottleneck=0.0106  threshold=0.1863
22:22:26  INFO      defenses.toposentinel — TopoSentinel round 145: 0 / 10 rejected  clip_norm=8.4137  threshold=0.1863  history=150
22:23:19  INFO      defenses.toposentinel — TopoSentinel: bottleneck=0.0130  threshold=0.1844
22:23:22  INFO      defenses.toposentinel — TopoSentinel round 146: 0 / 10 rejected  clip_norm=8.0083  threshold=0.1844  history=150
22:24:15  INFO      defenses.toposentinel — TopoSentinel: bottleneck=0.0058  threshold=0.1826
22:24:18  INFO      defenses.toposentinel — TopoSentinel round 147: 0 / 10 rejected  clip_norm=8.1422  threshold=0.1826  history=150
22:25:10  INFO      defenses.toposentinel — TopoSentinel: bottleneck=0.0112  threshold=0.1808
22:25:13  INFO      defenses.toposentinel — TopoSentinel round 148: 0 / 10 rejected  clip_norm=8.6446  threshold=0.1808  history=150
22:26:07  INFO      defenses.toposentinel — TopoSentinel: bottleneck=0.0066  threshold=0.1790
22:26:10  INFO      defenses.toposentinel — TopoSentinel round 149: 0 / 10 rejected  clip_norm=8.5150  threshold=0.1790  history=150
22:27:06  INFO      defenses.toposentinel — TopoSentinel: bottleneck=0.0117  threshold=0.1772
22:27:09  INFO      defenses.toposentinel — TopoSentinel round 150: 0 / 10 rejected  clip_norm=8.2832  threshold=0.1772  history=150
22:27:29  INFO      experiment.runner — Round  151/200  |  acc:  85.87%  loss: 0.5207  |  FPR: 0.0%  |  mF1: 85.8%
22:28:09  INFO      defenses.toposentinel — TopoSentinel: bottleneck=0.0094  threshold=0.1754
22:28:17  INFO      defenses.toposentinel — TopoSentinel round 151: 0 / 10 rejected  clip_norm=7.8451  threshold=0.1754  history=150
22:29:09  INFO      defenses.toposentinel — TopoSentinel: bottleneck=0.0066  threshold=0.1736
22:29:13  INFO      defenses.toposentinel — TopoSentinel round 152: 0 / 10 rejected  clip_norm=7.8416  threshold=0.1736  history=150
22:30:04  INFO      defenses.toposentinel — TopoSentinel: bottleneck=0.0050  threshold=0.1719
22:30:08  INFO      defenses.toposentinel — TopoSentinel round 153: 0 / 10 rejected  clip_norm=7.9484  threshold=0.1719  history=150
22:31:00  INFO      defenses.toposentinel — TopoSentinel: bottleneck=0.0139  threshold=0.1702
22:31:06  INFO      defenses.toposentinel — TopoSentinel round 154: 0 / 10 rejected  clip_norm=8.5417  threshold=0.1702  history=150
22:31:56  INFO      defenses.toposentinel — TopoSentinel: bottleneck=0.0101  threshold=0.1685
22:32:00  INFO      defenses.toposentinel — TopoSentinel round 155: 0 / 10 rejected  clip_norm=8.2337  threshold=0.1685  history=150
22:32:50  INFO      defenses.toposentinel — TopoSentinel: bottleneck=0.0125  threshold=0.1668
22:32:54  INFO      defenses.toposentinel — TopoSentinel round 156: 0 / 10 rejected  clip_norm=7.8212  threshold=0.1668  history=150
22:33:45  INFO      defenses.toposentinel — TopoSentinel: bottleneck=0.0077  threshold=0.1651
22:33:49  INFO      defenses.toposentinel — TopoSentinel round 157: 0 / 10 rejected  clip_norm=7.8952  threshold=0.1651  history=150
22:34:41  INFO      defenses.toposentinel — TopoSentinel: bottleneck=0.0030  threshold=0.1635
22:34:45  INFO      defenses.toposentinel — TopoSentinel round 158: 0 / 10 rejected  clip_norm=8.5899  threshold=0.1635  history=150
22:35:36  INFO      defenses.toposentinel — TopoSentinel: bottleneck=0.0036  threshold=0.1618
22:35:39  INFO      defenses.toposentinel — TopoSentinel round 159: 0 / 10 rejected  clip_norm=8.2404  threshold=0.1618  history=150
22:36:31  INFO      defenses.toposentinel — TopoSentinel: bottleneck=0.0093  threshold=0.1602
22:36:34  INFO      defenses.toposentinel — TopoSentinel round 160: 0 / 10 rejected  clip_norm=7.7131  threshold=0.1602  history=150
22:36:48  INFO      experiment.runner — Round  161/200  |  acc:  86.12%  loss: 0.5182  |  FPR: 0.0%  |  mF1: 86.0%
22:37:29  INFO      defenses.toposentinel — TopoSentinel: bottleneck=0.0073  threshold=0.1586
22:37:33  INFO      defenses.toposentinel — TopoSentinel round 161: 0 / 10 rejected  clip_norm=7.8378  threshold=0.1586  history=150
22:38:22  INFO      defenses.toposentinel — TopoSentinel: bottleneck=0.0019  threshold=0.1570
22:38:26  INFO      defenses.toposentinel — TopoSentinel round 162: 0 / 10 rejected  clip_norm=7.4894  threshold=0.1570  history=150
22:39:18  INFO      defenses.toposentinel — TopoSentinel: bottleneck=0.0138  threshold=0.1555
22:39:22  INFO      defenses.toposentinel — TopoSentinel round 163: 0 / 10 rejected  clip_norm=7.9656  threshold=0.1555  history=150
22:40:14  INFO      defenses.toposentinel — TopoSentinel: bottleneck=0.0103  threshold=0.1539
22:40:18  INFO      defenses.toposentinel — TopoSentinel round 164: 0 / 10 rejected  clip_norm=8.4386  threshold=0.1539  history=150
22:41:12  INFO      defenses.toposentinel — TopoSentinel: bottleneck=0.0145  threshold=0.1524
22:41:16  INFO      defenses.toposentinel — TopoSentinel round 165: 0 / 10 rejected  clip_norm=8.3320  threshold=0.1524  history=150
22:42:08  INFO      defenses.toposentinel — TopoSentinel: bottleneck=0.0092  threshold=0.1508
22:42:12  INFO      defenses.toposentinel — TopoSentinel round 166: 0 / 10 rejected  clip_norm=8.1644  threshold=0.1508  history=150
22:43:04  INFO      defenses.toposentinel — TopoSentinel: bottleneck=0.0042  threshold=0.1493
22:43:09  INFO      defenses.toposentinel — TopoSentinel round 167: 0 / 10 rejected  clip_norm=8.2721  threshold=0.1493  history=150
22:44:02  INFO      defenses.toposentinel — TopoSentinel: bottleneck=0.0057  threshold=0.1478
22:44:05  INFO      defenses.toposentinel — TopoSentinel round 168: 0 / 10 rejected  clip_norm=7.8858  threshold=0.1478  history=150
22:44:59  INFO      defenses.toposentinel — TopoSentinel: bottleneck=0.0128  threshold=0.1464
22:45:04  INFO      defenses.toposentinel — TopoSentinel round 169: 0 / 10 rejected  clip_norm=7.6465  threshold=0.1464  history=150
22:46:01  INFO      defenses.toposentinel — TopoSentinel: bottleneck=0.0131  threshold=0.1449
22:46:06  INFO      defenses.toposentinel — TopoSentinel round 170: 0 / 10 rejected  clip_norm=8.5521  threshold=0.1449  history=150
22:46:21  INFO      experiment.runner — Round  171/200  |  acc:  86.51%  loss: 0.5193  |  FPR: 0.0%  |  mF1: 86.5%
22:47:03  INFO      defenses.toposentinel — TopoSentinel: bottleneck=0.0111  threshold=0.1435
22:47:07  INFO      defenses.toposentinel — TopoSentinel round 171: 0 / 10 rejected  clip_norm=7.9917  threshold=0.1435  history=150
22:47:59  INFO      defenses.toposentinel — TopoSentinel: bottleneck=0.0155  threshold=0.1420
22:48:03  INFO      defenses.toposentinel — TopoSentinel round 172: 0 / 10 rejected  clip_norm=7.2467  threshold=0.1420  history=150
22:48:57  INFO      defenses.toposentinel — TopoSentinel: bottleneck=0.0104  threshold=0.1406
22:49:00  INFO      defenses.toposentinel — TopoSentinel round 173: 0 / 10 rejected  clip_norm=8.0217  threshold=0.1406  history=150
22:49:54  INFO      defenses.toposentinel — TopoSentinel: bottleneck=0.0196  threshold=0.1392
22:49:57  INFO      defenses.toposentinel — TopoSentinel round 174: 0 / 10 rejected  clip_norm=7.8282  threshold=0.1392  history=150
22:50:50  INFO      defenses.toposentinel — TopoSentinel: bottleneck=0.0171  threshold=0.1378
22:50:57  INFO      defenses.toposentinel — TopoSentinel round 175: 0 / 10 rejected  clip_norm=8.0424  threshold=0.1378  history=150
22:51:48  INFO      defenses.toposentinel — TopoSentinel: bottleneck=0.0079  threshold=0.1364
22:51:52  INFO      defenses.toposentinel — TopoSentinel round 176: 0 / 10 rejected  clip_norm=7.8938  threshold=0.1364  history=150
22:52:45  INFO      defenses.toposentinel — TopoSentinel: bottleneck=0.0064  threshold=0.1351
22:52:48  INFO      defenses.toposentinel — TopoSentinel round 177: 0 / 10 rejected  clip_norm=7.2065  threshold=0.1351  history=150
22:53:44  INFO      defenses.toposentinel — TopoSentinel: bottleneck=0.0113  threshold=0.1337
22:53:47  INFO      defenses.toposentinel — TopoSentinel round 178: 0 / 10 rejected  clip_norm=7.5461  threshold=0.1337  history=150
22:54:41  INFO      defenses.toposentinel — TopoSentinel: bottleneck=0.0086  threshold=0.1324
22:54:46  INFO      defenses.toposentinel — TopoSentinel round 179: 0 / 10 rejected  clip_norm=7.8075  threshold=0.1324  history=150
22:55:39  INFO      defenses.toposentinel — TopoSentinel: bottleneck=0.0109  threshold=0.1310
22:55:45  INFO      defenses.toposentinel — TopoSentinel round 180: 0 / 10 rejected  clip_norm=8.3624  threshold=0.1310  history=150
22:55:59  INFO      experiment.runner — Round  181/200  |  acc:  87.07%  loss: 0.5172  |  FPR: 0.0%  |  mF1: 87.0%
22:56:42  INFO      defenses.toposentinel — TopoSentinel: bottleneck=0.0087  threshold=0.1297
22:56:45  INFO      defenses.toposentinel — TopoSentinel round 181: 0 / 10 rejected  clip_norm=7.3269  threshold=0.1297  history=150
22:57:37  INFO      defenses.toposentinel — TopoSentinel: bottleneck=0.0075  threshold=0.1284
22:57:41  INFO      defenses.toposentinel — TopoSentinel round 182: 0 / 10 rejected  clip_norm=7.9472  threshold=0.1284  history=150
22:58:32  INFO      defenses.toposentinel — TopoSentinel: bottleneck=0.0102  threshold=0.1272
22:58:35  INFO      defenses.toposentinel — TopoSentinel round 183: 0 / 10 rejected  clip_norm=7.6691  threshold=0.1272  history=150
22:59:26  INFO      defenses.toposentinel — TopoSentinel: bottleneck=0.0158  threshold=0.1259
22:59:30  INFO      defenses.toposentinel — TopoSentinel round 184: 0 / 10 rejected  clip_norm=8.9049  threshold=0.1259  history=150
23:00:21  INFO      defenses.toposentinel — TopoSentinel: bottleneck=0.0226  threshold=0.1246
23:00:24  INFO      defenses.toposentinel — TopoSentinel round 185: 0 / 10 rejected  clip_norm=7.3231  threshold=0.1246  history=150
23:01:17  INFO      defenses.toposentinel — TopoSentinel: bottleneck=0.0097  threshold=0.1234
23:01:20  INFO      defenses.toposentinel — TopoSentinel round 186: 0 / 10 rejected  clip_norm=7.8549  threshold=0.1234  history=150
23:02:12  INFO      defenses.toposentinel — TopoSentinel: bottleneck=0.0127  threshold=0.1221
23:02:16  INFO      defenses.toposentinel — TopoSentinel round 187: 0 / 10 rejected  clip_norm=7.3558  threshold=0.1221  history=150
23:03:07  INFO      defenses.toposentinel — TopoSentinel: bottleneck=0.0138  threshold=0.1209
23:03:11  INFO      defenses.toposentinel — TopoSentinel round 188: 0 / 10 rejected  clip_norm=7.9267  threshold=0.1209  history=150
23:04:02  INFO      defenses.toposentinel — TopoSentinel: bottleneck=0.0155  threshold=0.1197
23:04:05  INFO      defenses.toposentinel — TopoSentinel round 189: 0 / 10 rejected  clip_norm=7.6516  threshold=0.1197  history=150
23:05:00  INFO      defenses.toposentinel — TopoSentinel: bottleneck=0.0087  threshold=0.1185
23:05:04  INFO      defenses.toposentinel — TopoSentinel round 190: 0 / 10 rejected  clip_norm=8.0477  threshold=0.1185  history=150
23:05:20  INFO      experiment.runner — Round  191/200  |  acc:  86.71%  loss: 0.5051  |  FPR: 0.0%  |  mF1: 86.6%
23:06:00  INFO      defenses.toposentinel — TopoSentinel: bottleneck=0.0110  threshold=0.1173
23:06:05  INFO      defenses.toposentinel — TopoSentinel round 191: 0 / 10 rejected  clip_norm=7.2815  threshold=0.1173  history=150
23:07:01  INFO      defenses.toposentinel — TopoSentinel: bottleneck=0.0074  threshold=0.1162
23:07:05  INFO      defenses.toposentinel — TopoSentinel round 192: 0 / 10 rejected  clip_norm=7.4108  threshold=0.1162  history=150
23:07:58  INFO      defenses.toposentinel — TopoSentinel: bottleneck=0.0070  threshold=0.1150
23:08:01  INFO      defenses.toposentinel — TopoSentinel round 193: 0 / 10 rejected  clip_norm=8.0938  threshold=0.1150  history=150
23:08:54  INFO      defenses.toposentinel — TopoSentinel: bottleneck=0.0144  threshold=0.1138
23:08:58  INFO      defenses.toposentinel — TopoSentinel round 194: 0 / 10 rejected  clip_norm=7.4239  threshold=0.1138  history=150
23:09:50  INFO      defenses.toposentinel — TopoSentinel: bottleneck=0.0132  threshold=0.1127
23:09:54  INFO      defenses.toposentinel — TopoSentinel round 195: 0 / 10 rejected  clip_norm=7.7724  threshold=0.1127  history=150
23:10:45  INFO      defenses.toposentinel — TopoSentinel: bottleneck=0.0064  threshold=0.1116
23:10:49  INFO      defenses.toposentinel — TopoSentinel round 196: 0 / 10 rejected  clip_norm=7.4849  threshold=0.1116  history=150
23:11:40  INFO      defenses.toposentinel — TopoSentinel: bottleneck=0.0136  threshold=0.1105
23:11:44  INFO      defenses.toposentinel — TopoSentinel round 197: 0 / 10 rejected  clip_norm=8.1664  threshold=0.1105  history=150
23:12:35  INFO      defenses.toposentinel — TopoSentinel: bottleneck=0.0098  threshold=0.1094
23:12:39  INFO      defenses.toposentinel — TopoSentinel round 198: 0 / 10 rejected  clip_norm=7.5363  threshold=0.1094  history=150
23:13:31  INFO      defenses.toposentinel — TopoSentinel: bottleneck=0.0090  threshold=0.1083
23:13:35  INFO      defenses.toposentinel — TopoSentinel round 199: 0 / 10 rejected  clip_norm=7.7601  threshold=0.1083  history=150
23:13:48  INFO      experiment.runner — Round  200/200  |  acc:  87.35%  loss: 0.4998  |  FPR: 0.0%  |  mF1: 87.3%
23:13:48  INFO      experiment.runner — Final model saved to results/benchmark/cifar10_none_toposentinel_seed3/final_model.pt
23:13:48  INFO      experiment.runner — Client atypicality written to results/benchmark/cifar10_none_toposentinel_seed3/client_atypicality.json
23:13:48  INFO      experiment.runner — Client inclusion rates written to results/benchmark/cifar10_none_toposentinel_seed3/client_inclusion.csv
23:13:48  INFO      experiment.runner — Anomaly scores written to results/benchmark/cifar10_none_toposentinel_seed3/anomaly_scores.csv (2000 rows)
23:13:49  INFO      benchmark — ✓  cifar10_none_toposentinel_seed3  (187.1 min)
23:13:49  INFO      benchmark — ▶  cifar10_none_toposentinel_seed4
23:13:49  INFO      experiment.runner — Initialising 'cifar10_none_toposentinel_seed4' | device=cuda | rounds=200 | clients=10/100 | attack=none | defense=toposentinel
23:13:52  INFO      defenses.toposentinel — TopoSentinelServer — metric=euclidean  threshold=0.800→0.010 (decay=0.9900)  history_window=20  interval_percentiles=[5, 95]
23:14:04  INFO      experiment.utils — Built 100 clients — 0 malicious, 100 benign.
23:14:04  INFO      experiment.runner — Setup complete — 100 clients (0 malicious) | backdoor eval: none

==============================================================
  Summary — 21 rounds evaluated
==============================================================
  Final clean accuracy               87.35%
  Best  clean accuracy               87.35%
  Final clean loss                   0.4998
  Macro F1                           87.27%
  Pooled FPR (all rounds)             0.00%
==============================================================

Files already downloaded and verified
Files already downloaded and verified
Files already downloaded and verified
Files already downloaded and verified
23:14:44  INFO      defenses.toposentinel — TopoSentinel round 0: 0 / 10 rejected  clip_norm=57.0431  threshold=0.8000  history=10
23:14:57  INFO      experiment.runner — Round    1/200  |  acc:  10.78%  loss: 3.7276  |  FPR: 0.0%  |  mF1: 3.3%
23:15:36  INFO      defenses.toposentinel — TopoSentinel: bottleneck=0.0282  threshold=0.7920
23:15:40  INFO      defenses.toposentinel — TopoSentinel round 1: 0 / 10 rejected  clip_norm=23.5337  threshold=0.7920  history=20
23:16:29  INFO      defenses.toposentinel — TopoSentinel: bottleneck=0.0494  threshold=0.7841
23:16:36  INFO      defenses.toposentinel — TopoSentinel round 2: 0 / 10 rejected  clip_norm=19.2394  threshold=0.7841  history=30
23:17:24  INFO      defenses.toposentinel — TopoSentinel: bottleneck=0.0233  threshold=0.7762
23:17:29  INFO      defenses.toposentinel — TopoSentinel round 3: 0 / 10 rejected  clip_norm=16.2752  threshold=0.7762  history=40
23:18:19  INFO      defenses.toposentinel — TopoSentinel: bottleneck=0.0118  threshold=0.7685
23:18:23  INFO      defenses.toposentinel — TopoSentinel round 4: 0 / 10 rejected  clip_norm=14.3801  threshold=0.7685  history=50
23:19:11  INFO      defenses.toposentinel — TopoSentinel: bottleneck=0.0055  threshold=0.7608
23:19:16  INFO      defenses.toposentinel — TopoSentinel round 5: 0 / 10 rejected  clip_norm=13.4964  threshold=0.7608  history=60
23:20:03  INFO      defenses.toposentinel — TopoSentinel: bottleneck=0.0027  threshold=0.7532
23:20:08  INFO      defenses.toposentinel — TopoSentinel round 6: 0 / 10 rejected  clip_norm=12.5873  threshold=0.7532  history=70
23:20:57  INFO      defenses.toposentinel — TopoSentinel: bottleneck=0.0040  threshold=0.7457
23:21:01  INFO      defenses.toposentinel — TopoSentinel round 7: 0 / 10 rejected  clip_norm=12.3086  threshold=0.7457  history=80
23:21:52  INFO      defenses.toposentinel — TopoSentinel: bottleneck=0.0035  threshold=0.7382
23:21:55  INFO      defenses.toposentinel — TopoSentinel round 8: 0 / 10 rejected  clip_norm=11.7562  threshold=0.7382  history=90
23:22:44  INFO      defenses.toposentinel — TopoSentinel: bottleneck=0.0024  threshold=0.7308
23:22:48  INFO      defenses.toposentinel — TopoSentinel round 9: 0 / 10 rejected  clip_norm=11.5693  threshold=0.7308  history=100
23:23:38  INFO      defenses.toposentinel — TopoSentinel: bottleneck=0.0015  threshold=0.7235
23:23:41  INFO      defenses.toposentinel — TopoSentinel round 10: 0 / 10 rejected  clip_norm=11.7455  threshold=0.7235  history=110
23:23:55  INFO      experiment.runner — Round   11/200  |  acc:  56.91%  loss: 1.2464  |  FPR: 0.0%  |  mF1: 56.7%
23:24:34  INFO      defenses.toposentinel — TopoSentinel: bottleneck=0.0020  threshold=0.7163
23:24:38  INFO      defenses.toposentinel — TopoSentinel round 11: 0 / 10 rejected  clip_norm=11.2827  threshold=0.7163  history=120
23:25:27  INFO      defenses.toposentinel — TopoSentinel: bottleneck=0.0063  threshold=0.7091
23:25:31  INFO      defenses.toposentinel — TopoSentinel round 12: 0 / 10 rejected  clip_norm=11.4448  threshold=0.7091  history=130
23:26:21  INFO      defenses.toposentinel — TopoSentinel: bottleneck=0.0034  threshold=0.7020
23:26:28  INFO      defenses.toposentinel — TopoSentinel round 13: 0 / 10 rejected  clip_norm=11.4863  threshold=0.7020  history=140
23:27:21  INFO      defenses.toposentinel — TopoSentinel: bottleneck=0.0034  threshold=0.6950
23:27:24  INFO      defenses.toposentinel — TopoSentinel round 14: 0 / 10 rejected  clip_norm=10.9807  threshold=0.6950  history=150
23:28:15  INFO      defenses.toposentinel — TopoSentinel: bottleneck=0.0038  threshold=0.6880
23:28:18  INFO      defenses.toposentinel — TopoSentinel round 15: 0 / 10 rejected  clip_norm=11.0760  threshold=0.6880  history=150
23:29:08  INFO      defenses.toposentinel — TopoSentinel: bottleneck=0.0024  threshold=0.6812
23:29:11  INFO      defenses.toposentinel — TopoSentinel round 16: 0 / 10 rejected  clip_norm=10.9625  threshold=0.6812  history=150
23:30:00  INFO      defenses.toposentinel — TopoSentinel: bottleneck=0.0027  threshold=0.6744
23:30:03  INFO      defenses.toposentinel — TopoSentinel round 17: 0 / 10 rejected  clip_norm=10.9893  threshold=0.6744  history=150
23:30:54  INFO      defenses.toposentinel — TopoSentinel: bottleneck=0.0065  threshold=0.6676
23:30:58  INFO      defenses.toposentinel — TopoSentinel round 18: 0 / 10 rejected  clip_norm=10.9590  threshold=0.6676  history=150
23:32:02  INFO      defenses.toposentinel — TopoSentinel: bottleneck=0.0049  threshold=0.6609
23:32:05  INFO      defenses.toposentinel — TopoSentinel round 19: 0 / 10 rejected  clip_norm=11.0586  threshold=0.6609  history=150
23:32:59  INFO      defenses.toposentinel — TopoSentinel: bottleneck=0.0067  threshold=0.6543
23:33:03  INFO      defenses.toposentinel — TopoSentinel round 20: 0 / 10 rejected  clip_norm=10.9088  threshold=0.6543  history=150
23:33:20  INFO      experiment.runner — Round   21/200  |  acc:  66.18%  loss: 1.0125  |  FPR: 0.0%  |  mF1: 66.0%
23:33:56  INFO      defenses.toposentinel — TopoSentinel: bottleneck=0.0055  threshold=0.6478
23:33:59  INFO      defenses.toposentinel — TopoSentinel round 21: 0 / 10 rejected  clip_norm=11.0412  threshold=0.6478  history=150
23:34:50  INFO      defenses.toposentinel — TopoSentinel: bottleneck=0.0022  threshold=0.6413
23:34:53  INFO      defenses.toposentinel — TopoSentinel round 22: 0 / 10 rejected  clip_norm=10.6193  threshold=0.6413  history=150
23:35:43  INFO      defenses.toposentinel — TopoSentinel: bottleneck=0.0047  threshold=0.6349
23:35:47  INFO      defenses.toposentinel — TopoSentinel round 23: 0 / 10 rejected  clip_norm=10.7878  threshold=0.6349  history=150
23:36:38  INFO      defenses.toposentinel — TopoSentinel: bottleneck=0.0050  threshold=0.6285
23:36:41  INFO      defenses.toposentinel — TopoSentinel round 24: 0 / 10 rejected  clip_norm=10.6280  threshold=0.6285  history=150
23:37:37  INFO      defenses.toposentinel — TopoSentinel: bottleneck=0.0059  threshold=0.6223
23:37:44  INFO      defenses.toposentinel — TopoSentinel round 25: 0 / 10 rejected  clip_norm=10.5172  threshold=0.6223  history=150
23:38:31  INFO      defenses.toposentinel — TopoSentinel: bottleneck=0.0054  threshold=0.6160
23:38:37  INFO      defenses.toposentinel — TopoSentinel round 26: 0 / 10 rejected  clip_norm=10.6522  threshold=0.6160  history=150
23:39:25  INFO      defenses.toposentinel — TopoSentinel: bottleneck=0.0040  threshold=0.6099
23:39:30  INFO      defenses.toposentinel — TopoSentinel round 27: 0 / 10 rejected  clip_norm=10.6186  threshold=0.6099  history=150
23:40:18  INFO      defenses.toposentinel — TopoSentinel: bottleneck=0.0044  threshold=0.6038
23:40:21  INFO      defenses.toposentinel — TopoSentinel round 28: 0 / 10 rejected  clip_norm=10.5689  threshold=0.6038  history=150
23:41:11  INFO      defenses.toposentinel — TopoSentinel: bottleneck=0.0049  threshold=0.5977
23:41:14  INFO      defenses.toposentinel — TopoSentinel round 29: 0 / 10 rejected  clip_norm=10.5871  threshold=0.5977  history=150
23:42:03  INFO      defenses.toposentinel — TopoSentinel: bottleneck=0.0051  threshold=0.5918
23:42:06  INFO      defenses.toposentinel — TopoSentinel round 30: 0 / 10 rejected  clip_norm=10.4049  threshold=0.5918  history=150
23:42:19  INFO      experiment.runner — Round   31/200  |  acc:  70.85%  loss: 0.9138  |  FPR: 0.0%  |  mF1: 70.4%
23:43:00  INFO      defenses.toposentinel — TopoSentinel: bottleneck=0.0077  threshold=0.5858
23:43:03  INFO      defenses.toposentinel — TopoSentinel round 31: 0 / 10 rejected  clip_norm=10.4142  threshold=0.5858  history=150
23:43:52  INFO      defenses.toposentinel — TopoSentinel: bottleneck=0.0025  threshold=0.5800
23:43:56  INFO      defenses.toposentinel — TopoSentinel round 32: 0 / 10 rejected  clip_norm=10.4800  threshold=0.5800  history=150
23:44:45  INFO      defenses.toposentinel — TopoSentinel: bottleneck=0.0026  threshold=0.5742
23:44:48  INFO      defenses.toposentinel — TopoSentinel round 33: 0 / 10 rejected  clip_norm=10.6363  threshold=0.5742  history=150
23:45:37  INFO      defenses.toposentinel — TopoSentinel: bottleneck=0.0097  threshold=0.5684
23:45:40  INFO      defenses.toposentinel — TopoSentinel round 34: 0 / 10 rejected  clip_norm=10.2410  threshold=0.5684  history=150
23:46:29  INFO      defenses.toposentinel — TopoSentinel: bottleneck=0.0054  threshold=0.5628
23:46:34  INFO      defenses.toposentinel — TopoSentinel round 35: 0 / 10 rejected  clip_norm=10.3644  threshold=0.5628  history=150
23:47:24  INFO      defenses.toposentinel — TopoSentinel: bottleneck=0.0041  threshold=0.5571
23:47:28  INFO      defenses.toposentinel — TopoSentinel round 36: 0 / 10 rejected  clip_norm=10.1928  threshold=0.5571  history=150
23:48:18  INFO      defenses.toposentinel — TopoSentinel: bottleneck=0.0047  threshold=0.5516
23:48:22  INFO      defenses.toposentinel — TopoSentinel round 37: 0 / 10 rejected  clip_norm=10.1079  threshold=0.5516  history=150
23:49:12  INFO      defenses.toposentinel — TopoSentinel: bottleneck=0.0076  threshold=0.5460
23:49:15  INFO      defenses.toposentinel — TopoSentinel round 38: 0 / 10 rejected  clip_norm=10.2477  threshold=0.5460  history=150
23:50:05  INFO      defenses.toposentinel — TopoSentinel: bottleneck=0.0058  threshold=0.5406
23:50:08  INFO      defenses.toposentinel — TopoSentinel round 39: 0 / 10 rejected  clip_norm=10.0813  threshold=0.5406  history=150
23:50:58  INFO      defenses.toposentinel — TopoSentinel: bottleneck=0.0039  threshold=0.5352
23:51:02  INFO      defenses.toposentinel — TopoSentinel round 40: 0 / 10 rejected  clip_norm=10.2659  threshold=0.5352  history=150
23:51:16  INFO      experiment.runner — Round   41/200  |  acc:  74.98%  loss: 0.7944  |  FPR: 0.0%  |  mF1: 75.0%
23:51:56  INFO      defenses.toposentinel — TopoSentinel: bottleneck=0.0067  threshold=0.5298
23:52:00  INFO      defenses.toposentinel — TopoSentinel round 41: 0 / 10 rejected  clip_norm=10.1311  threshold=0.5298  history=150
23:52:52  INFO      defenses.toposentinel — TopoSentinel: bottleneck=0.0104  threshold=0.5245
23:52:55  INFO      defenses.toposentinel — TopoSentinel round 42: 0 / 10 rejected  clip_norm=9.6528  threshold=0.5245  history=150
23:53:46  INFO      defenses.toposentinel — TopoSentinel: bottleneck=0.0096  threshold=0.5193
23:53:49  INFO      defenses.toposentinel — TopoSentinel round 43: 0 / 10 rejected  clip_norm=10.1786  threshold=0.5193  history=150
23:54:40  INFO      defenses.toposentinel — TopoSentinel: bottleneck=0.0048  threshold=0.5141
23:54:44  INFO      defenses.toposentinel — TopoSentinel round 44: 0 / 10 rejected  clip_norm=10.1582  threshold=0.5141  history=150
23:55:33  INFO      defenses.toposentinel — TopoSentinel: bottleneck=0.0089  threshold=0.5089
23:55:36  INFO      defenses.toposentinel — TopoSentinel round 45: 0 / 10 rejected  clip_norm=10.0716  threshold=0.5089  history=150
23:56:26  INFO      defenses.toposentinel — TopoSentinel: bottleneck=0.0081  threshold=0.5039
23:56:30  INFO      defenses.toposentinel — TopoSentinel round 46: 0 / 10 rejected  clip_norm=10.1618  threshold=0.5039  history=150
23:57:22  INFO      defenses.toposentinel — TopoSentinel: bottleneck=0.0060  threshold=0.4988
23:57:28  INFO      defenses.toposentinel — TopoSentinel round 47: 0 / 10 rejected  clip_norm=9.8838  threshold=0.4988  history=150
23:58:26  INFO      defenses.toposentinel — TopoSentinel: bottleneck=0.0048  threshold=0.4938
23:58:32  INFO      defenses.toposentinel — TopoSentinel round 48: 0 / 10 rejected  clip_norm=9.7460  threshold=0.4938  history=150
23:59:23  INFO      defenses.toposentinel — TopoSentinel: bottleneck=0.0066  threshold=0.4889
23:59:27  INFO      defenses.toposentinel — TopoSentinel round 49: 0 / 10 rejected  clip_norm=10.0954  threshold=0.4889  history=150
00:00:16  INFO      defenses.toposentinel — TopoSentinel: bottleneck=0.0071  threshold=0.4840
00:00:19  INFO      defenses.toposentinel — TopoSentinel round 50: 0 / 10 rejected  clip_norm=9.9854  threshold=0.4840  history=150
00:00:33  INFO      experiment.runner — Round   51/200  |  acc:  77.60%  loss: 0.7273  |  FPR: 0.0%  |  mF1: 77.6%
00:01:13  INFO      defenses.toposentinel — TopoSentinel: bottleneck=0.0116  threshold=0.4792
00:01:17  INFO      defenses.toposentinel — TopoSentinel round 51: 0 / 10 rejected  clip_norm=10.3937  threshold=0.4792  history=150
00:02:07  INFO      defenses.toposentinel — TopoSentinel: bottleneck=0.0124  threshold=0.4744
00:02:10  INFO      defenses.toposentinel — TopoSentinel round 52: 0 / 10 rejected  clip_norm=9.8083  threshold=0.4744  history=150
00:03:01  INFO      defenses.toposentinel — TopoSentinel: bottleneck=0.0058  threshold=0.4696
00:03:05  INFO      defenses.toposentinel — TopoSentinel round 53: 0 / 10 rejected  clip_norm=9.6325  threshold=0.4696  history=150
00:03:56  INFO      defenses.toposentinel — TopoSentinel: bottleneck=0.0034  threshold=0.4649
00:03:59  INFO      defenses.toposentinel — TopoSentinel round 54: 0 / 10 rejected  clip_norm=9.6786  threshold=0.4649  history=150
00:04:50  INFO      defenses.toposentinel — TopoSentinel: bottleneck=0.0054  threshold=0.4603
00:04:54  INFO      defenses.toposentinel — TopoSentinel round 55: 0 / 10 rejected  clip_norm=9.9199  threshold=0.4603  history=150
00:05:43  INFO      defenses.toposentinel — TopoSentinel: bottleneck=0.0104  threshold=0.4557
00:05:46  INFO      defenses.toposentinel — TopoSentinel round 56: 0 / 10 rejected  clip_norm=9.2377  threshold=0.4557  history=150
00:06:36  INFO      defenses.toposentinel — TopoSentinel: bottleneck=0.0169  threshold=0.4511
00:06:40  INFO      defenses.toposentinel — TopoSentinel round 57: 0 / 10 rejected  clip_norm=10.2030  threshold=0.4511  history=150
00:07:30  INFO      defenses.toposentinel — TopoSentinel: bottleneck=0.0105  threshold=0.4466
00:07:34  INFO      defenses.toposentinel — TopoSentinel round 58: 0 / 10 rejected  clip_norm=9.8816  threshold=0.4466  history=150
00:08:31  INFO      defenses.toposentinel — TopoSentinel: bottleneck=0.0078  threshold=0.4421
00:08:34  INFO      defenses.toposentinel — TopoSentinel round 59: 0 / 10 rejected  clip_norm=9.3077  threshold=0.4421  history=150
00:09:23  INFO      defenses.toposentinel — TopoSentinel: bottleneck=0.0069  threshold=0.4377
00:09:27  INFO      defenses.toposentinel — TopoSentinel round 60: 0 / 10 rejected  clip_norm=9.3585  threshold=0.4377  history=150
00:09:41  INFO      experiment.runner — Round   61/200  |  acc:  79.63%  loss: 0.6797  |  FPR: 0.0%  |  mF1: 79.7%
00:10:19  INFO      defenses.toposentinel — TopoSentinel: bottleneck=0.0034  threshold=0.4333
00:10:22  INFO      defenses.toposentinel — TopoSentinel round 61: 0 / 10 rejected  clip_norm=9.4941  threshold=0.4333  history=150
00:11:14  INFO      defenses.toposentinel — TopoSentinel: bottleneck=0.0043  threshold=0.4290
00:11:17  INFO      defenses.toposentinel — TopoSentinel round 62: 0 / 10 rejected  clip_norm=9.2800  threshold=0.4290  history=150
00:12:07  INFO      defenses.toposentinel — TopoSentinel: bottleneck=0.0058  threshold=0.4247
00:12:10  INFO      defenses.toposentinel — TopoSentinel round 63: 0 / 10 rejected  clip_norm=9.5962  threshold=0.4247  history=150
00:13:02  INFO      defenses.toposentinel — TopoSentinel: bottleneck=0.0046  threshold=0.4205
00:13:05  INFO      defenses.toposentinel — TopoSentinel round 64: 0 / 10 rejected  clip_norm=9.3883  threshold=0.4205  history=150
00:13:59  INFO      defenses.toposentinel — TopoSentinel: bottleneck=0.0080  threshold=0.4163
00:14:02  INFO      defenses.toposentinel — TopoSentinel round 65: 0 / 10 rejected  clip_norm=9.5478  threshold=0.4163  history=150
00:14:57  INFO      defenses.toposentinel — TopoSentinel: bottleneck=0.0082  threshold=0.4121
00:15:03  INFO      defenses.toposentinel — TopoSentinel round 66: 0 / 10 rejected  clip_norm=9.8181  threshold=0.4121  history=150
00:15:53  INFO      defenses.toposentinel — TopoSentinel: bottleneck=0.0082  threshold=0.4080
00:15:57  INFO      defenses.toposentinel — TopoSentinel round 67: 0 / 10 rejected  clip_norm=9.4422  threshold=0.4080  history=150
00:16:46  INFO      defenses.toposentinel — TopoSentinel: bottleneck=0.0091  threshold=0.4039
00:16:49  INFO      defenses.toposentinel — TopoSentinel round 68: 0 / 10 rejected  clip_norm=9.1285  threshold=0.4039  history=150
00:17:39  INFO      defenses.toposentinel — TopoSentinel: bottleneck=0.0101  threshold=0.3999
00:17:47  INFO      defenses.toposentinel — TopoSentinel round 69: 0 / 10 rejected  clip_norm=9.5335  threshold=0.3999  history=150
00:18:39  INFO      defenses.toposentinel — TopoSentinel: bottleneck=0.0084  threshold=0.3959
00:18:43  INFO      defenses.toposentinel — TopoSentinel round 70: 0 / 10 rejected  clip_norm=9.2851  threshold=0.3959  history=150
00:18:58  INFO      experiment.runner — Round   71/200  |  acc:  81.45%  loss: 0.6398  |  FPR: 0.0%  |  mF1: 81.3%
00:19:37  INFO      defenses.toposentinel — TopoSentinel: bottleneck=0.0056  threshold=0.3919
00:19:42  INFO      defenses.toposentinel — TopoSentinel round 71: 0 / 10 rejected  clip_norm=9.4900  threshold=0.3919  history=150
00:20:31  INFO      defenses.toposentinel — TopoSentinel: bottleneck=0.0110  threshold=0.3880
00:20:35  INFO      defenses.toposentinel — TopoSentinel round 72: 0 / 10 rejected  clip_norm=9.1229  threshold=0.3880  history=150
00:21:24  INFO      defenses.toposentinel — TopoSentinel: bottleneck=0.0140  threshold=0.3841
00:21:29  INFO      defenses.toposentinel — TopoSentinel round 73: 0 / 10 rejected  clip_norm=9.4725  threshold=0.3841  history=150
00:22:18  INFO      defenses.toposentinel — TopoSentinel: bottleneck=0.0058  threshold=0.3803
00:22:22  INFO      defenses.toposentinel — TopoSentinel round 74: 0 / 10 rejected  clip_norm=9.3000  threshold=0.3803  history=150
00:23:13  INFO      defenses.toposentinel — TopoSentinel: bottleneck=0.0058  threshold=0.3765
00:23:17  INFO      defenses.toposentinel — TopoSentinel round 75: 0 / 10 rejected  clip_norm=9.3079  threshold=0.3765  history=150
00:24:08  INFO      defenses.toposentinel — TopoSentinel: bottleneck=0.0097  threshold=0.3727
00:24:11  INFO      defenses.toposentinel — TopoSentinel round 76: 0 / 10 rejected  clip_norm=9.8397  threshold=0.3727  history=150
00:25:02  INFO      defenses.toposentinel — TopoSentinel: bottleneck=0.0101  threshold=0.3690
00:25:05  INFO      defenses.toposentinel — TopoSentinel round 77: 0 / 10 rejected  clip_norm=9.3461  threshold=0.3690  history=150
00:25:56  INFO      defenses.toposentinel — TopoSentinel: bottleneck=0.0077  threshold=0.3653
00:26:00  INFO      defenses.toposentinel — TopoSentinel round 78: 0 / 10 rejected  clip_norm=9.3568  threshold=0.3653  history=150
00:26:51  INFO      defenses.toposentinel — TopoSentinel: bottleneck=0.0051  threshold=0.3616
00:26:54  INFO      defenses.toposentinel — TopoSentinel round 79: 0 / 10 rejected  clip_norm=9.1358  threshold=0.3616  history=150
00:27:45  INFO      defenses.toposentinel — TopoSentinel: bottleneck=0.0123  threshold=0.3580
00:27:54  INFO      defenses.toposentinel — TopoSentinel round 80: 0 / 10 rejected  clip_norm=9.4503  threshold=0.3580  history=150
00:28:10  INFO      experiment.runner — Round   81/200  |  acc:  81.44%  loss: 0.6350  |  FPR: 0.0%  |  mF1: 81.4%
00:28:51  INFO      defenses.toposentinel — TopoSentinel: bottleneck=0.0036  threshold=0.3544
00:28:54  INFO      defenses.toposentinel — TopoSentinel round 81: 0 / 10 rejected  clip_norm=9.5288  threshold=0.3544  history=150
00:29:44  INFO      defenses.toposentinel — TopoSentinel: bottleneck=0.0021  threshold=0.3509
00:29:48  INFO      defenses.toposentinel — TopoSentinel round 82: 0 / 10 rejected  clip_norm=9.4121  threshold=0.3509  history=150
00:30:38  INFO      defenses.toposentinel — TopoSentinel: bottleneck=0.0167  threshold=0.3474
00:30:41  INFO      defenses.toposentinel — TopoSentinel round 83: 0 / 10 rejected  clip_norm=8.5509  threshold=0.3474  history=150
00:31:33  INFO      defenses.toposentinel — TopoSentinel: bottleneck=0.0123  threshold=0.3439
00:31:36  INFO      defenses.toposentinel — TopoSentinel round 84: 0 / 10 rejected  clip_norm=9.1032  threshold=0.3439  history=150
00:32:28  INFO      defenses.toposentinel — TopoSentinel: bottleneck=0.0030  threshold=0.3405
00:32:31  INFO      defenses.toposentinel — TopoSentinel round 85: 0 / 10 rejected  clip_norm=9.0958  threshold=0.3405  history=150
00:33:25  INFO      defenses.toposentinel — TopoSentinel: bottleneck=0.0058  threshold=0.3371
00:33:32  INFO      defenses.toposentinel — TopoSentinel round 86: 0 / 10 rejected  clip_norm=9.1502  threshold=0.3371  history=150
00:34:22  INFO      defenses.toposentinel — TopoSentinel: bottleneck=0.0133  threshold=0.3337
00:34:26  INFO      defenses.toposentinel — TopoSentinel round 87: 0 / 10 rejected  clip_norm=8.9374  threshold=0.3337  history=150
00:35:15  INFO      defenses.toposentinel — TopoSentinel: bottleneck=0.0032  threshold=0.3304
00:35:18  INFO      defenses.toposentinel — TopoSentinel round 88: 0 / 10 rejected  clip_norm=8.9832  threshold=0.3304  history=150
00:36:08  INFO      defenses.toposentinel — TopoSentinel: bottleneck=0.0048  threshold=0.3271
00:36:12  INFO      defenses.toposentinel — TopoSentinel round 89: 0 / 10 rejected  clip_norm=8.7012  threshold=0.3271  history=150
00:37:02  INFO      defenses.toposentinel — TopoSentinel: bottleneck=0.0068  threshold=0.3238
00:37:05  INFO      defenses.toposentinel — TopoSentinel round 90: 0 / 10 rejected  clip_norm=8.8036  threshold=0.3238  history=150
00:37:19  INFO      experiment.runner — Round   91/200  |  acc:  83.12%  loss: 0.5942  |  FPR: 0.0%  |  mF1: 83.0%
00:38:00  INFO      defenses.toposentinel — TopoSentinel: bottleneck=0.0127  threshold=0.3205
00:38:03  INFO      defenses.toposentinel — TopoSentinel round 91: 0 / 10 rejected  clip_norm=9.5221  threshold=0.3205  history=150
00:38:53  INFO      defenses.toposentinel — TopoSentinel: bottleneck=0.0114  threshold=0.3173
00:38:57  INFO      defenses.toposentinel — TopoSentinel round 92: 0 / 10 rejected  clip_norm=8.7726  threshold=0.3173  history=150
00:39:47  INFO      defenses.toposentinel — TopoSentinel: bottleneck=0.0120  threshold=0.3142
00:39:50  INFO      defenses.toposentinel — TopoSentinel round 93: 0 / 10 rejected  clip_norm=8.7566  threshold=0.3142  history=150
00:40:41  INFO      defenses.toposentinel — TopoSentinel: bottleneck=0.0070  threshold=0.3110
00:40:44  INFO      defenses.toposentinel — TopoSentinel round 94: 0 / 10 rejected  clip_norm=9.1540  threshold=0.3110  history=150
00:41:33  INFO      defenses.toposentinel — TopoSentinel: bottleneck=0.0099  threshold=0.3079
00:41:37  INFO      defenses.toposentinel — TopoSentinel round 95: 0 / 10 rejected  clip_norm=9.4192  threshold=0.3079  history=150
00:42:27  INFO      defenses.toposentinel — TopoSentinel: bottleneck=0.0060  threshold=0.3048
00:42:31  INFO      defenses.toposentinel — TopoSentinel round 96: 0 / 10 rejected  clip_norm=9.0365  threshold=0.3048  history=150
00:43:23  INFO      defenses.toposentinel — TopoSentinel: bottleneck=0.0038  threshold=0.3018
00:43:28  INFO      defenses.toposentinel — TopoSentinel round 97: 0 / 10 rejected  clip_norm=9.0309  threshold=0.3018  history=150
00:44:19  INFO      defenses.toposentinel — TopoSentinel: bottleneck=0.0071  threshold=0.2988
00:44:22  INFO      defenses.toposentinel — TopoSentinel round 98: 0 / 10 rejected  clip_norm=9.0517  threshold=0.2988  history=150
00:45:12  INFO      defenses.toposentinel — TopoSentinel: bottleneck=0.0061  threshold=0.2958
00:45:16  INFO      defenses.toposentinel — TopoSentinel round 99: 0 / 10 rejected  clip_norm=8.8006  threshold=0.2958  history=150
00:46:06  INFO      defenses.toposentinel — TopoSentinel: bottleneck=0.0037  threshold=0.2928
00:46:09  INFO      defenses.toposentinel — TopoSentinel round 100: 0 / 10 rejected  clip_norm=8.5925  threshold=0.2928  history=150
00:46:22  INFO      experiment.runner — Round  101/200  |  acc:  84.00%  loss: 0.5498  |  FPR: 0.0%  |  mF1: 83.9%
00:47:05  INFO      defenses.toposentinel — TopoSentinel: bottleneck=0.0065  threshold=0.2899
00:47:08  INFO      defenses.toposentinel — TopoSentinel round 101: 0 / 10 rejected  clip_norm=8.7647  threshold=0.2899  history=150
00:48:03  INFO      defenses.toposentinel — TopoSentinel: bottleneck=0.0042  threshold=0.2870
00:48:06  INFO      defenses.toposentinel — TopoSentinel round 102: 0 / 10 rejected  clip_norm=9.0965  threshold=0.2870  history=150
00:49:01  INFO      defenses.toposentinel — TopoSentinel: bottleneck=0.0104  threshold=0.2841
00:49:05  INFO      defenses.toposentinel — TopoSentinel round 103: 0 / 10 rejected  clip_norm=8.8815  threshold=0.2841  history=150
00:49:59  INFO      defenses.toposentinel — TopoSentinel: bottleneck=0.0061  threshold=0.2813
00:50:04  INFO      defenses.toposentinel — TopoSentinel round 104: 0 / 10 rejected  clip_norm=8.8049  threshold=0.2813  history=150
00:50:53  INFO      defenses.toposentinel — TopoSentinel: bottleneck=0.0031  threshold=0.2785
00:50:56  INFO      defenses.toposentinel — TopoSentinel round 105: 0 / 10 rejected  clip_norm=8.5600  threshold=0.2785  history=150
00:51:49  INFO      defenses.toposentinel — TopoSentinel: bottleneck=0.0079  threshold=0.2757
00:51:53  INFO      defenses.toposentinel — TopoSentinel round 106: 0 / 10 rejected  clip_norm=9.0806  threshold=0.2757  history=150
00:52:41  INFO      defenses.toposentinel — TopoSentinel: bottleneck=0.0049  threshold=0.2729
00:52:45  INFO      defenses.toposentinel — TopoSentinel round 107: 0 / 10 rejected  clip_norm=8.7278  threshold=0.2729  history=150
00:53:35  INFO      defenses.toposentinel — TopoSentinel: bottleneck=0.0089  threshold=0.2702
00:53:39  INFO      defenses.toposentinel — TopoSentinel round 108: 0 / 10 rejected  clip_norm=8.8702  threshold=0.2702  history=150
00:54:32  INFO      defenses.toposentinel — TopoSentinel: bottleneck=0.0066  threshold=0.2675
00:54:35  INFO      defenses.toposentinel — TopoSentinel round 109: 0 / 10 rejected  clip_norm=8.5866  threshold=0.2675  history=150
00:55:25  INFO      defenses.toposentinel — TopoSentinel: bottleneck=0.0037  threshold=0.2648
00:55:28  INFO      defenses.toposentinel — TopoSentinel round 110: 0 / 10 rejected  clip_norm=8.7058  threshold=0.2648  history=150
00:55:42  INFO      experiment.runner — Round  111/200  |  acc:  84.30%  loss: 0.5487  |  FPR: 0.0%  |  mF1: 84.3%
00:56:20  INFO      defenses.toposentinel — TopoSentinel: bottleneck=0.0065  threshold=0.2622
00:56:24  INFO      defenses.toposentinel — TopoSentinel round 111: 0 / 10 rejected  clip_norm=9.0772  threshold=0.2622  history=150
00:57:13  INFO      defenses.toposentinel — TopoSentinel: bottleneck=0.0053  threshold=0.2596
00:57:17  INFO      defenses.toposentinel — TopoSentinel round 112: 0 / 10 rejected  clip_norm=8.7361  threshold=0.2596  history=150
00:58:05  INFO      defenses.toposentinel — TopoSentinel: bottleneck=0.0046  threshold=0.2570
00:58:09  INFO      defenses.toposentinel — TopoSentinel round 113: 0 / 10 rejected  clip_norm=8.7396  threshold=0.2570  history=150
00:58:57  INFO      defenses.toposentinel — TopoSentinel: bottleneck=0.0084  threshold=0.2544
00:59:00  INFO      defenses.toposentinel — TopoSentinel round 114: 0 / 10 rejected  clip_norm=8.3697  threshold=0.2544  history=150
00:59:51  INFO      defenses.toposentinel — TopoSentinel: bottleneck=0.0052  threshold=0.2518
00:59:55  INFO      defenses.toposentinel — TopoSentinel round 115: 0 / 10 rejected  clip_norm=8.3382  threshold=0.2518  history=150
01:00:43  INFO      defenses.toposentinel — TopoSentinel: bottleneck=0.0171  threshold=0.2493
01:00:47  INFO      defenses.toposentinel — TopoSentinel round 116: 0 / 10 rejected  clip_norm=9.1694  threshold=0.2493  history=150
01:01:36  INFO      defenses.toposentinel — TopoSentinel: bottleneck=0.0086  threshold=0.2468
01:01:39  INFO      defenses.toposentinel — TopoSentinel round 117: 0 / 10 rejected  clip_norm=8.7355  threshold=0.2468  history=150
01:02:27  INFO      defenses.toposentinel — TopoSentinel: bottleneck=0.0091  threshold=0.2444
01:02:30  INFO      defenses.toposentinel — TopoSentinel round 118: 0 / 10 rejected  clip_norm=8.2081  threshold=0.2444  history=150
01:03:17  INFO      defenses.toposentinel — TopoSentinel: bottleneck=0.0088  threshold=0.2419
01:03:20  INFO      defenses.toposentinel — TopoSentinel round 119: 0 / 10 rejected  clip_norm=8.3000  threshold=0.2419  history=150
01:04:08  INFO      defenses.toposentinel — TopoSentinel: bottleneck=0.0110  threshold=0.2395
01:04:12  INFO      defenses.toposentinel — TopoSentinel round 120: 0 / 10 rejected  clip_norm=8.9025  threshold=0.2395  history=150
01:04:26  INFO      experiment.runner — Round  121/200  |  acc:  84.90%  loss: 0.5423  |  FPR: 0.0%  |  mF1: 84.8%
01:05:06  INFO      defenses.toposentinel — TopoSentinel: bottleneck=0.0060  threshold=0.2371
01:05:10  INFO      defenses.toposentinel — TopoSentinel round 121: 0 / 10 rejected  clip_norm=8.4655  threshold=0.2371  history=150
01:05:59  INFO      defenses.toposentinel — TopoSentinel: bottleneck=0.0044  threshold=0.2347
01:06:02  INFO      defenses.toposentinel — TopoSentinel round 122: 0 / 10 rejected  clip_norm=8.5931  threshold=0.2347  history=150
01:06:52  INFO      defenses.toposentinel — TopoSentinel: bottleneck=0.0081  threshold=0.2324
01:06:56  INFO      defenses.toposentinel — TopoSentinel round 123: 0 / 10 rejected  clip_norm=8.5912  threshold=0.2324  history=150
01:07:44  INFO      defenses.toposentinel — TopoSentinel: bottleneck=0.0037  threshold=0.2301
01:07:47  INFO      defenses.toposentinel — TopoSentinel round 124: 0 / 10 rejected  clip_norm=8.4499  threshold=0.2301  history=150
01:08:35  INFO      defenses.toposentinel — TopoSentinel: bottleneck=0.0053  threshold=0.2278
01:08:38  INFO      defenses.toposentinel — TopoSentinel round 125: 0 / 10 rejected  clip_norm=8.3182  threshold=0.2278  history=150
01:09:27  INFO      defenses.toposentinel — TopoSentinel: bottleneck=0.0069  threshold=0.2255
01:09:30  INFO      defenses.toposentinel — TopoSentinel round 126: 0 / 10 rejected  clip_norm=8.4068  threshold=0.2255  history=150
01:10:21  INFO      defenses.toposentinel — TopoSentinel: bottleneck=0.0056  threshold=0.2232
01:10:25  INFO      defenses.toposentinel — TopoSentinel round 127: 0 / 10 rejected  clip_norm=8.5767  threshold=0.2232  history=150
01:11:13  INFO      defenses.toposentinel — TopoSentinel: bottleneck=0.0030  threshold=0.2210
01:11:16  INFO      defenses.toposentinel — TopoSentinel round 128: 0 / 10 rejected  clip_norm=8.2153  threshold=0.2210  history=150
01:12:06  INFO      defenses.toposentinel — TopoSentinel: bottleneck=0.0093  threshold=0.2188
01:12:09  INFO      defenses.toposentinel — TopoSentinel round 129: 0 / 10 rejected  clip_norm=8.3476  threshold=0.2188  history=150
01:12:58  INFO      defenses.toposentinel — TopoSentinel: bottleneck=0.0094  threshold=0.2166
01:13:02  INFO      defenses.toposentinel — TopoSentinel round 130: 0 / 10 rejected  clip_norm=8.3774  threshold=0.2166  history=150
01:13:14  INFO      experiment.runner — Round  131/200  |  acc:  85.33%  loss: 0.5360  |  FPR: 0.0%  |  mF1: 85.2%
01:13:53  INFO      defenses.toposentinel — TopoSentinel: bottleneck=0.0055  threshold=0.2144
01:13:56  INFO      defenses.toposentinel — TopoSentinel round 131: 0 / 10 rejected  clip_norm=8.3222  threshold=0.2144  history=150
01:14:45  INFO      defenses.toposentinel — TopoSentinel: bottleneck=0.0052  threshold=0.2123
01:14:49  INFO      defenses.toposentinel — TopoSentinel round 132: 0 / 10 rejected  clip_norm=8.6585  threshold=0.2123  history=150
01:15:39  INFO      defenses.toposentinel — TopoSentinel: bottleneck=0.0085  threshold=0.2102
01:15:43  INFO      defenses.toposentinel — TopoSentinel round 133: 0 / 10 rejected  clip_norm=8.3086  threshold=0.2102  history=150
01:16:31  INFO      defenses.toposentinel — TopoSentinel: bottleneck=0.0058  threshold=0.2081
01:16:34  INFO      defenses.toposentinel — TopoSentinel round 134: 0 / 10 rejected  clip_norm=8.7107  threshold=0.2081  history=150
01:17:24  INFO      defenses.toposentinel — TopoSentinel: bottleneck=0.0091  threshold=0.2060
01:17:28  INFO      defenses.toposentinel — TopoSentinel round 135: 0 / 10 rejected  clip_norm=8.5082  threshold=0.2060  history=150
01:18:16  INFO      defenses.toposentinel — TopoSentinel: bottleneck=0.0117  threshold=0.2039
01:18:20  INFO      defenses.toposentinel — TopoSentinel round 136: 0 / 10 rejected  clip_norm=8.0379  threshold=0.2039  history=150
01:19:06  INFO      defenses.toposentinel — TopoSentinel: bottleneck=0.0121  threshold=0.2019
01:19:10  INFO      defenses.toposentinel — TopoSentinel round 137: 0 / 10 rejected  clip_norm=8.3882  threshold=0.2019  history=150
01:19:58  INFO      defenses.toposentinel — TopoSentinel: bottleneck=0.0117  threshold=0.1999
01:20:01  INFO      defenses.toposentinel — TopoSentinel round 138: 0 / 10 rejected  clip_norm=7.6618  threshold=0.1999  history=150
01:20:54  INFO      defenses.toposentinel — TopoSentinel: bottleneck=0.0110  threshold=0.1979
01:20:57  INFO      defenses.toposentinel — TopoSentinel round 139: 0 / 10 rejected  clip_norm=7.7810  threshold=0.1979  history=150
01:21:45  INFO      defenses.toposentinel — TopoSentinel: bottleneck=0.0116  threshold=0.1959
01:21:49  INFO      defenses.toposentinel — TopoSentinel round 140: 0 / 10 rejected  clip_norm=8.2443  threshold=0.1959  history=150
01:22:03  INFO      experiment.runner — Round  141/200  |  acc:  85.22%  loss: 0.5255  |  FPR: 0.0%  |  mF1: 85.1%
01:22:40  INFO      defenses.toposentinel — TopoSentinel: bottleneck=0.0090  threshold=0.1939
01:22:44  INFO      defenses.toposentinel — TopoSentinel round 141: 0 / 10 rejected  clip_norm=8.0255  threshold=0.1939  history=150
01:23:33  INFO      defenses.toposentinel — TopoSentinel: bottleneck=0.0059  threshold=0.1920
01:23:36  INFO      defenses.toposentinel — TopoSentinel round 142: 0 / 10 rejected  clip_norm=8.1257  threshold=0.1920  history=150
01:24:26  INFO      defenses.toposentinel — TopoSentinel: bottleneck=0.0072  threshold=0.1901
01:24:29  INFO      defenses.toposentinel — TopoSentinel round 143: 0 / 10 rejected  clip_norm=8.3911  threshold=0.1901  history=150
01:25:18  INFO      defenses.toposentinel — TopoSentinel: bottleneck=0.0081  threshold=0.1882
01:25:27  INFO      defenses.toposentinel — TopoSentinel round 144: 0 / 10 rejected  clip_norm=7.8779  threshold=0.1882  history=150
01:26:17  INFO      defenses.toposentinel — TopoSentinel: bottleneck=0.0041  threshold=0.1863
01:26:20  INFO      defenses.toposentinel — TopoSentinel round 145: 0 / 10 rejected  clip_norm=7.8441  threshold=0.1863  history=150
01:27:08  INFO      defenses.toposentinel — TopoSentinel: bottleneck=0.0061  threshold=0.1844
01:27:12  INFO      defenses.toposentinel — TopoSentinel round 146: 0 / 10 rejected  clip_norm=8.0159  threshold=0.1844  history=150
01:28:00  INFO      defenses.toposentinel — TopoSentinel: bottleneck=0.0062  threshold=0.1826
01:28:03  INFO      defenses.toposentinel — TopoSentinel round 147: 0 / 10 rejected  clip_norm=7.7749  threshold=0.1826  history=150
01:28:52  INFO      defenses.toposentinel — TopoSentinel: bottleneck=0.0143  threshold=0.1808
01:28:55  INFO      defenses.toposentinel — TopoSentinel round 148: 0 / 10 rejected  clip_norm=7.9909  threshold=0.1808  history=150
01:29:45  INFO      defenses.toposentinel — TopoSentinel: bottleneck=0.0118  threshold=0.1790
01:29:48  INFO      defenses.toposentinel — TopoSentinel round 149: 0 / 10 rejected  clip_norm=8.0613  threshold=0.1790  history=150
01:30:39  INFO      defenses.toposentinel — TopoSentinel: bottleneck=0.0096  threshold=0.1772
01:30:42  INFO      defenses.toposentinel — TopoSentinel round 150: 0 / 10 rejected  clip_norm=8.1390  threshold=0.1772  history=150
01:30:56  INFO      experiment.runner — Round  151/200  |  acc:  85.87%  loss: 0.5230  |  FPR: 0.0%  |  mF1: 85.8%
01:31:33  INFO      defenses.toposentinel — TopoSentinel: bottleneck=0.0141  threshold=0.1754
01:31:37  INFO      defenses.toposentinel — TopoSentinel round 151: 0 / 10 rejected  clip_norm=7.9710  threshold=0.1754  history=150
01:32:27  INFO      defenses.toposentinel — TopoSentinel: bottleneck=0.0096  threshold=0.1736
01:32:31  INFO      defenses.toposentinel — TopoSentinel round 152: 0 / 10 rejected  clip_norm=8.6548  threshold=0.1736  history=150
01:33:22  INFO      defenses.toposentinel — TopoSentinel: bottleneck=0.0149  threshold=0.1719
01:33:25  INFO      defenses.toposentinel — TopoSentinel round 153: 0 / 10 rejected  clip_norm=7.6586  threshold=0.1719  history=150
01:34:17  INFO      defenses.toposentinel — TopoSentinel: bottleneck=0.0176  threshold=0.1702
01:34:20  INFO      defenses.toposentinel — TopoSentinel round 154: 0 / 10 rejected  clip_norm=8.8636  threshold=0.1702  history=150
01:35:11  INFO      defenses.toposentinel — TopoSentinel: bottleneck=0.0121  threshold=0.1685
01:35:15  INFO      defenses.toposentinel — TopoSentinel round 155: 0 / 10 rejected  clip_norm=8.3226  threshold=0.1685  history=150
01:36:06  INFO      defenses.toposentinel — TopoSentinel: bottleneck=0.0067  threshold=0.1668
01:36:11  INFO      defenses.toposentinel — TopoSentinel round 156: 0 / 10 rejected  clip_norm=8.0782  threshold=0.1668  history=150
01:37:01  INFO      defenses.toposentinel — TopoSentinel: bottleneck=0.0091  threshold=0.1651
01:37:05  INFO      defenses.toposentinel — TopoSentinel round 157: 0 / 10 rejected  clip_norm=8.1796  threshold=0.1651  history=150
01:37:54  INFO      defenses.toposentinel — TopoSentinel: bottleneck=0.0088  threshold=0.1635
01:37:57  INFO      defenses.toposentinel — TopoSentinel round 158: 0 / 10 rejected  clip_norm=8.0627  threshold=0.1635  history=150
01:38:47  INFO      defenses.toposentinel — TopoSentinel: bottleneck=0.0102  threshold=0.1618
01:38:50  INFO      defenses.toposentinel — TopoSentinel round 159: 0 / 10 rejected  clip_norm=7.6667  threshold=0.1618  history=150
01:39:39  INFO      defenses.toposentinel — TopoSentinel: bottleneck=0.0089  threshold=0.1602
01:39:43  INFO      defenses.toposentinel — TopoSentinel round 160: 0 / 10 rejected  clip_norm=8.1501  threshold=0.1602  history=150
01:39:58  INFO      experiment.runner — Round  161/200  |  acc:  86.15%  loss: 0.5249  |  FPR: 0.0%  |  mF1: 86.0%
01:40:34  INFO      defenses.toposentinel — TopoSentinel: bottleneck=0.0102  threshold=0.1586
01:40:38  INFO      defenses.toposentinel — TopoSentinel round 161: 0 / 10 rejected  clip_norm=8.1737  threshold=0.1586  history=150
01:41:32  INFO      defenses.toposentinel — TopoSentinel: bottleneck=0.0219  threshold=0.1570
01:41:36  INFO      defenses.toposentinel — TopoSentinel round 162: 0 / 10 rejected  clip_norm=8.0081  threshold=0.1570  history=150
01:42:28  INFO      defenses.toposentinel — TopoSentinel: bottleneck=0.0097  threshold=0.1555
01:42:31  INFO      defenses.toposentinel — TopoSentinel round 163: 0 / 10 rejected  clip_norm=8.2975  threshold=0.1555  history=150
01:43:24  INFO      defenses.toposentinel — TopoSentinel: bottleneck=0.0130  threshold=0.1539
01:43:27  INFO      defenses.toposentinel — TopoSentinel round 164: 0 / 10 rejected  clip_norm=7.4850  threshold=0.1539  history=150
01:44:18  INFO      defenses.toposentinel — TopoSentinel: bottleneck=0.0088  threshold=0.1524
01:44:21  INFO      defenses.toposentinel — TopoSentinel round 165: 0 / 10 rejected  clip_norm=7.8698  threshold=0.1524  history=150
01:45:12  INFO      defenses.toposentinel — TopoSentinel: bottleneck=0.0127  threshold=0.1508
01:45:15  INFO      defenses.toposentinel — TopoSentinel round 166: 0 / 10 rejected  clip_norm=7.8159  threshold=0.1508  history=150
01:46:05  INFO      defenses.toposentinel — TopoSentinel: bottleneck=0.0143  threshold=0.1493
01:46:09  INFO      defenses.toposentinel — TopoSentinel round 167: 0 / 10 rejected  clip_norm=7.4902  threshold=0.1493  history=150
01:46:57  INFO      defenses.toposentinel — TopoSentinel: bottleneck=0.0055  threshold=0.1478
01:47:01  INFO      defenses.toposentinel — TopoSentinel round 168: 0 / 10 rejected  clip_norm=7.9172  threshold=0.1478  history=150
01:47:51  INFO      defenses.toposentinel — TopoSentinel: bottleneck=0.0078  threshold=0.1464
01:47:55  INFO      defenses.toposentinel — TopoSentinel round 169: 0 / 10 rejected  clip_norm=7.8686  threshold=0.1464  history=150
01:48:45  INFO      defenses.toposentinel — TopoSentinel: bottleneck=0.0038  threshold=0.1449
01:48:48  INFO      defenses.toposentinel — TopoSentinel round 170: 0 / 10 rejected  clip_norm=7.3943  threshold=0.1449  history=150
01:49:03  INFO      experiment.runner — Round  171/200  |  acc:  86.48%  loss: 0.5073  |  FPR: 0.0%  |  mF1: 86.4%
01:49:42  INFO      defenses.toposentinel — TopoSentinel: bottleneck=0.0116  threshold=0.1435
01:49:45  INFO      defenses.toposentinel — TopoSentinel round 171: 0 / 10 rejected  clip_norm=8.3491  threshold=0.1435  history=150
01:50:35  INFO      defenses.toposentinel — TopoSentinel: bottleneck=0.0135  threshold=0.1420
01:50:38  INFO      defenses.toposentinel — TopoSentinel round 172: 0 / 10 rejected  clip_norm=7.7900  threshold=0.1420  history=150
01:51:28  INFO      defenses.toposentinel — TopoSentinel: bottleneck=0.0087  threshold=0.1406
01:51:32  INFO      defenses.toposentinel — TopoSentinel round 173: 0 / 10 rejected  clip_norm=7.8224  threshold=0.1406  history=150
01:52:21  INFO      defenses.toposentinel — TopoSentinel: bottleneck=0.0123  threshold=0.1392
01:52:24  INFO      defenses.toposentinel — TopoSentinel round 174: 0 / 10 rejected  clip_norm=7.4490  threshold=0.1392  history=150
01:53:15  INFO      defenses.toposentinel — TopoSentinel: bottleneck=0.0151  threshold=0.1378
01:53:19  INFO      defenses.toposentinel — TopoSentinel round 175: 0 / 10 rejected  clip_norm=7.8044  threshold=0.1378  history=150
01:54:11  INFO      defenses.toposentinel — TopoSentinel: bottleneck=0.0184  threshold=0.1364
01:54:14  INFO      defenses.toposentinel — TopoSentinel round 176: 0 / 10 rejected  clip_norm=8.0757  threshold=0.1364  history=150
01:55:04  INFO      defenses.toposentinel — TopoSentinel: bottleneck=0.0131  threshold=0.1351
01:55:08  INFO      defenses.toposentinel — TopoSentinel round 177: 0 / 10 rejected  clip_norm=7.7775  threshold=0.1351  history=150
01:55:59  INFO      defenses.toposentinel — TopoSentinel: bottleneck=0.0127  threshold=0.1337
01:56:03  INFO      defenses.toposentinel — TopoSentinel round 178: 0 / 10 rejected  clip_norm=7.4670  threshold=0.1337  history=150
01:56:56  INFO      defenses.toposentinel — TopoSentinel: bottleneck=0.0179  threshold=0.1324
01:57:00  INFO      defenses.toposentinel — TopoSentinel round 179: 0 / 10 rejected  clip_norm=6.7334  threshold=0.1324  history=150
01:57:51  INFO      defenses.toposentinel — TopoSentinel: bottleneck=0.0256  threshold=0.1310
01:57:57  INFO      defenses.toposentinel — TopoSentinel round 180: 0 / 10 rejected  clip_norm=8.0051  threshold=0.1310  history=150
01:58:11  INFO      experiment.runner — Round  181/200  |  acc:  86.52%  loss: 0.5189  |  FPR: 0.0%  |  mF1: 86.4%
01:58:47  INFO      defenses.toposentinel — TopoSentinel: bottleneck=0.0144  threshold=0.1297
01:58:51  INFO      defenses.toposentinel — TopoSentinel round 181: 0 / 10 rejected  clip_norm=8.1461  threshold=0.1297  history=150
01:59:41  INFO      defenses.toposentinel — TopoSentinel: bottleneck=0.0069  threshold=0.1284
01:59:44  INFO      defenses.toposentinel — TopoSentinel round 182: 0 / 10 rejected  clip_norm=8.4547  threshold=0.1284  history=150
02:00:35  INFO      defenses.toposentinel — TopoSentinel: bottleneck=0.0120  threshold=0.1272
02:00:39  INFO      defenses.toposentinel — TopoSentinel round 183: 0 / 10 rejected  clip_norm=7.8828  threshold=0.1272  history=150
02:01:32  INFO      defenses.toposentinel — TopoSentinel: bottleneck=0.0085  threshold=0.1259
02:01:37  INFO      defenses.toposentinel — TopoSentinel round 184: 0 / 10 rejected  clip_norm=8.1390  threshold=0.1259  history=150
02:02:27  INFO      defenses.toposentinel — TopoSentinel: bottleneck=0.0066  threshold=0.1246
02:02:32  INFO      defenses.toposentinel — TopoSentinel round 185: 0 / 10 rejected  clip_norm=8.0725  threshold=0.1246  history=150
02:03:21  INFO      defenses.toposentinel — TopoSentinel: bottleneck=0.0114  threshold=0.1234
02:03:26  INFO      defenses.toposentinel — TopoSentinel round 186: 0 / 10 rejected  clip_norm=7.2609  threshold=0.1234  history=150
02:04:14  INFO      defenses.toposentinel — TopoSentinel: bottleneck=0.0104  threshold=0.1221
02:04:18  INFO      defenses.toposentinel — TopoSentinel round 187: 0 / 10 rejected  clip_norm=7.7874  threshold=0.1221  history=150
02:05:10  INFO      defenses.toposentinel — TopoSentinel: bottleneck=0.0048  threshold=0.1209
02:05:13  INFO      defenses.toposentinel — TopoSentinel round 188: 0 / 10 rejected  clip_norm=7.5019  threshold=0.1209  history=150
02:06:07  INFO      defenses.toposentinel — TopoSentinel: bottleneck=0.0086  threshold=0.1197
02:06:13  INFO      defenses.toposentinel — TopoSentinel round 189: 0 / 10 rejected  clip_norm=7.5360  threshold=0.1197  history=150
02:07:09  INFO      defenses.toposentinel — TopoSentinel: bottleneck=0.0089  threshold=0.1185
02:07:14  INFO      defenses.toposentinel — TopoSentinel round 190: 0 / 10 rejected  clip_norm=8.1196  threshold=0.1185  history=150
02:07:29  INFO      experiment.runner — Round  191/200  |  acc:  86.59%  loss: 0.4972  |  FPR: 0.0%  |  mF1: 86.6%
02:08:12  INFO      defenses.toposentinel — TopoSentinel: bottleneck=0.0050  threshold=0.1173
02:08:16  INFO      defenses.toposentinel — TopoSentinel round 191: 0 / 10 rejected  clip_norm=7.6867  threshold=0.1173  history=150
02:09:05  INFO      defenses.toposentinel — TopoSentinel: bottleneck=0.0135  threshold=0.1162
02:09:09  INFO      defenses.toposentinel — TopoSentinel round 192: 0 / 10 rejected  clip_norm=7.6009  threshold=0.1162  history=150
02:09:57  INFO      defenses.toposentinel — TopoSentinel: bottleneck=0.0101  threshold=0.1150
02:10:00  INFO      defenses.toposentinel — TopoSentinel round 193: 0 / 10 rejected  clip_norm=7.4633  threshold=0.1150  history=150
02:10:50  INFO      defenses.toposentinel — TopoSentinel: bottleneck=0.0078  threshold=0.1138
02:10:54  INFO      defenses.toposentinel — TopoSentinel round 194: 0 / 10 rejected  clip_norm=7.4590  threshold=0.1138  history=150
02:11:44  INFO      defenses.toposentinel — TopoSentinel: bottleneck=0.0089  threshold=0.1127
02:11:48  INFO      defenses.toposentinel — TopoSentinel round 195: 0 / 10 rejected  clip_norm=8.1592  threshold=0.1127  history=150
02:12:40  INFO      defenses.toposentinel — TopoSentinel: bottleneck=0.0075  threshold=0.1116
02:12:43  INFO      defenses.toposentinel — TopoSentinel round 196: 0 / 10 rejected  clip_norm=7.8620  threshold=0.1116  history=150
02:13:32  INFO      defenses.toposentinel — TopoSentinel: bottleneck=0.0096  threshold=0.1105
02:13:37  INFO      defenses.toposentinel — TopoSentinel round 197: 0 / 10 rejected  clip_norm=8.0126  threshold=0.1105  history=150
02:14:26  INFO      defenses.toposentinel — TopoSentinel: bottleneck=0.0128  threshold=0.1094
02:14:30  INFO      defenses.toposentinel — TopoSentinel round 198: 0 / 10 rejected  clip_norm=7.1070  threshold=0.1094  history=150
02:15:21  INFO      defenses.toposentinel — TopoSentinel: bottleneck=0.0096  threshold=0.1083
02:15:25  INFO      defenses.toposentinel — TopoSentinel round 199: 0 / 10 rejected  clip_norm=7.3866  threshold=0.1083  history=150
02:15:38  INFO      experiment.runner — Round  200/200  |  acc:  87.08%  loss: 0.4929  |  FPR: 0.0%  |  mF1: 87.1%
02:15:39  INFO      experiment.runner — Final model saved to results/benchmark/cifar10_none_toposentinel_seed4/final_model.pt
02:15:39  INFO      experiment.runner — Client atypicality written to results/benchmark/cifar10_none_toposentinel_seed4/client_atypicality.json
02:15:39  INFO      experiment.runner — Client inclusion rates written to results/benchmark/cifar10_none_toposentinel_seed4/client_inclusion.csv
02:15:39  INFO      experiment.runner — Anomaly scores written to results/benchmark/cifar10_none_toposentinel_seed4/anomaly_scores.csv (2000 rows)
02:15:39  INFO      benchmark — ✓  cifar10_none_toposentinel_seed4  (181.8 min)
02:15:39  INFO      benchmark — ▶  cifar10_none_toposentinel_seed5
02:15:39  INFO      experiment.runner — Initialising 'cifar10_none_toposentinel_seed5' | device=cuda | rounds=200 | clients=10/100 | attack=none | defense=toposentinel
02:15:42  INFO      defenses.toposentinel — TopoSentinelServer — metric=euclidean  threshold=0.800→0.010 (decay=0.9900)  history_window=20  interval_percentiles=[5, 95]
02:15:55  INFO      experiment.utils — Built 100 clients — 0 malicious, 100 benign.
02:15:55  INFO      experiment.runner — Setup complete — 100 clients (0 malicious) | backdoor eval: none

==============================================================
  Summary — 21 rounds evaluated
==============================================================
  Final clean accuracy               87.08%
  Best  clean accuracy               87.08%
  Final clean loss                   0.4929
  Macro F1                           87.11%
  Pooled FPR (all rounds)             0.00%
==============================================================

Files already downloaded and verified
Files already downloaded and verified
Files already downloaded and verified
Files already downloaded and verified
02:16:32  INFO      defenses.toposentinel — TopoSentinel round 0: 0 / 10 rejected  clip_norm=55.6646  threshold=0.8000  history=10
02:16:49  INFO      experiment.runner — Round    1/200  |  acc:  10.05%  loss: 3.7533  |  FPR: 0.0%  |  mF1: 1.9%
02:17:23  INFO      defenses.toposentinel — TopoSentinel: bottleneck=0.0296  threshold=0.7920
02:17:27  INFO      defenses.toposentinel — TopoSentinel round 1: 0 / 10 rejected  clip_norm=21.9472  threshold=0.7920  history=20
02:18:18  INFO      defenses.toposentinel — TopoSentinel: bottleneck=0.0518  threshold=0.7841
02:18:21  INFO      defenses.toposentinel — TopoSentinel round 2: 0 / 10 rejected  clip_norm=18.1690  threshold=0.7841  history=30
02:19:08  INFO      defenses.toposentinel — TopoSentinel: bottleneck=0.0251  threshold=0.7762
02:19:12  INFO      defenses.toposentinel — TopoSentinel round 3: 0 / 10 rejected  clip_norm=15.1252  threshold=0.7762  history=40
02:19:58  INFO      defenses.toposentinel — TopoSentinel: bottleneck=0.0159  threshold=0.7685
02:20:02  INFO      defenses.toposentinel — TopoSentinel round 4: 0 / 10 rejected  clip_norm=13.9159  threshold=0.7685  history=50
02:20:48  INFO      defenses.toposentinel — TopoSentinel: bottleneck=0.0038  threshold=0.7608
02:20:51  INFO      defenses.toposentinel — TopoSentinel round 5: 0 / 10 rejected  clip_norm=12.9233  threshold=0.7608  history=60
02:21:38  INFO      defenses.toposentinel — TopoSentinel: bottleneck=0.0063  threshold=0.7532
02:21:43  INFO      defenses.toposentinel — TopoSentinel round 6: 0 / 10 rejected  clip_norm=12.1025  threshold=0.7532  history=70
02:22:28  INFO      defenses.toposentinel — TopoSentinel: bottleneck=0.0033  threshold=0.7457
02:22:32  INFO      defenses.toposentinel — TopoSentinel round 7: 0 / 10 rejected  clip_norm=11.6819  threshold=0.7457  history=80
02:23:21  INFO      defenses.toposentinel — TopoSentinel: bottleneck=0.0055  threshold=0.7382
02:23:25  INFO      defenses.toposentinel — TopoSentinel round 8: 0 / 10 rejected  clip_norm=11.4148  threshold=0.7382  history=90
02:24:11  INFO      defenses.toposentinel — TopoSentinel: bottleneck=0.0060  threshold=0.7308
02:24:14  INFO      defenses.toposentinel — TopoSentinel round 9: 0 / 10 rejected  clip_norm=11.4392  threshold=0.7308  history=100
02:25:02  INFO      defenses.toposentinel — TopoSentinel: bottleneck=0.0028  threshold=0.7235
02:25:05  INFO      defenses.toposentinel — TopoSentinel round 10: 0 / 10 rejected  clip_norm=11.1392  threshold=0.7235  history=110
02:25:19  INFO      experiment.runner — Round   11/200  |  acc:  57.34%  loss: 1.2306  |  FPR: 0.0%  |  mF1: 57.3%
02:25:57  INFO      defenses.toposentinel — TopoSentinel: bottleneck=0.0035  threshold=0.7163
02:26:00  INFO      defenses.toposentinel — TopoSentinel round 11: 0 / 10 rejected  clip_norm=11.1442  threshold=0.7163  history=120
02:26:47  INFO      defenses.toposentinel — TopoSentinel: bottleneck=0.0046  threshold=0.7091
02:26:50  INFO      defenses.toposentinel — TopoSentinel round 12: 0 / 10 rejected  clip_norm=11.0409  threshold=0.7091  history=130
02:27:38  INFO      defenses.toposentinel — TopoSentinel: bottleneck=0.0043  threshold=0.7020
02:27:41  INFO      defenses.toposentinel — TopoSentinel round 13: 0 / 10 rejected  clip_norm=11.0706  threshold=0.7020  history=140
02:28:32  INFO      defenses.toposentinel — TopoSentinel: bottleneck=0.0047  threshold=0.6950
02:28:35  INFO      defenses.toposentinel — TopoSentinel round 14: 0 / 10 rejected  clip_norm=10.7827  threshold=0.6950  history=150
02:29:22  INFO      defenses.toposentinel — TopoSentinel: bottleneck=0.0043  threshold=0.6880
02:29:28  INFO      defenses.toposentinel — TopoSentinel round 15: 0 / 10 rejected  clip_norm=11.0566  threshold=0.6880  history=150
02:30:14  INFO      defenses.toposentinel — TopoSentinel: bottleneck=0.0026  threshold=0.6812
02:30:17  INFO      defenses.toposentinel — TopoSentinel round 16: 0 / 10 rejected  clip_norm=10.9482  threshold=0.6812  history=150
02:31:06  INFO      defenses.toposentinel — TopoSentinel: bottleneck=0.0038  threshold=0.6744
02:31:09  INFO      defenses.toposentinel — TopoSentinel round 17: 0 / 10 rejected  clip_norm=10.7590  threshold=0.6744  history=150
02:31:56  INFO      defenses.toposentinel — TopoSentinel: bottleneck=0.0029  threshold=0.6676
02:32:00  INFO      defenses.toposentinel — TopoSentinel round 18: 0 / 10 rejected  clip_norm=10.8180  threshold=0.6676  history=150
02:32:47  INFO      defenses.toposentinel — TopoSentinel: bottleneck=0.0053  threshold=0.6609
02:32:51  INFO      defenses.toposentinel — TopoSentinel round 19: 0 / 10 rejected  clip_norm=10.9646  threshold=0.6609  history=150
02:33:40  INFO      defenses.toposentinel — TopoSentinel: bottleneck=0.0021  threshold=0.6543
02:33:44  INFO      defenses.toposentinel — TopoSentinel round 20: 0 / 10 rejected  clip_norm=10.9955  threshold=0.6543  history=150
02:33:57  INFO      experiment.runner — Round   21/200  |  acc:  68.36%  loss: 0.9717  |  FPR: 0.0%  |  mF1: 68.1%
02:34:33  INFO      defenses.toposentinel — TopoSentinel: bottleneck=0.0019  threshold=0.6478
02:34:37  INFO      defenses.toposentinel — TopoSentinel round 21: 0 / 10 rejected  clip_norm=10.6025  threshold=0.6478  history=150
02:35:23  INFO      defenses.toposentinel — TopoSentinel: bottleneck=0.0096  threshold=0.6413
02:35:27  INFO      defenses.toposentinel — TopoSentinel round 22: 0 / 10 rejected  clip_norm=10.5717  threshold=0.6413  history=150
02:36:13  INFO      defenses.toposentinel — TopoSentinel: bottleneck=0.0061  threshold=0.6349
02:36:17  INFO      defenses.toposentinel — TopoSentinel round 23: 0 / 10 rejected  clip_norm=10.6285  threshold=0.6349  history=150
02:37:05  INFO      defenses.toposentinel — TopoSentinel: bottleneck=0.0041  threshold=0.6285
02:37:09  INFO      defenses.toposentinel — TopoSentinel round 24: 0 / 10 rejected  clip_norm=10.5499  threshold=0.6285  history=150
02:37:57  INFO      defenses.toposentinel — TopoSentinel: bottleneck=0.0045  threshold=0.6223
02:38:01  INFO      defenses.toposentinel — TopoSentinel round 25: 0 / 10 rejected  clip_norm=10.4252  threshold=0.6223  history=150
02:38:53  INFO      defenses.toposentinel — TopoSentinel: bottleneck=0.0051  threshold=0.6160
02:38:57  INFO      defenses.toposentinel — TopoSentinel round 26: 0 / 10 rejected  clip_norm=10.5463  threshold=0.6160  history=150
02:39:44  INFO      defenses.toposentinel — TopoSentinel: bottleneck=0.0064  threshold=0.6099
02:39:47  INFO      defenses.toposentinel — TopoSentinel round 27: 0 / 10 rejected  clip_norm=10.5440  threshold=0.6099  history=150
02:40:34  INFO      defenses.toposentinel — TopoSentinel: bottleneck=0.0040  threshold=0.6038
02:40:37  INFO      defenses.toposentinel — TopoSentinel round 28: 0 / 10 rejected  clip_norm=10.9357  threshold=0.6038  history=150
02:41:25  INFO      defenses.toposentinel — TopoSentinel: bottleneck=0.0023  threshold=0.5977
02:41:29  INFO      defenses.toposentinel — TopoSentinel round 29: 0 / 10 rejected  clip_norm=10.5032  threshold=0.5977  history=150
02:42:15  INFO      defenses.toposentinel — TopoSentinel: bottleneck=0.0042  threshold=0.5918
02:42:19  INFO      defenses.toposentinel — TopoSentinel round 30: 0 / 10 rejected  clip_norm=10.2963  threshold=0.5918  history=150
02:42:32  INFO      experiment.runner — Round   31/200  |  acc:  72.71%  loss: 0.8562  |  FPR: 0.0%  |  mF1: 72.5%
02:43:09  INFO      defenses.toposentinel — TopoSentinel: bottleneck=0.0033  threshold=0.5858
02:43:14  INFO      defenses.toposentinel — TopoSentinel round 31: 0 / 10 rejected  clip_norm=10.6256  threshold=0.5858  history=150
02:44:08  INFO      defenses.toposentinel — TopoSentinel: bottleneck=0.0020  threshold=0.5800
02:44:12  INFO      defenses.toposentinel — TopoSentinel round 32: 0 / 10 rejected  clip_norm=10.1678  threshold=0.5800  history=150
02:44:59  INFO      defenses.toposentinel — TopoSentinel: bottleneck=0.0050  threshold=0.5742
02:45:02  INFO      defenses.toposentinel — TopoSentinel round 33: 0 / 10 rejected  clip_norm=10.5196  threshold=0.5742  history=150
02:45:49  INFO      defenses.toposentinel — TopoSentinel: bottleneck=0.0033  threshold=0.5684
02:45:52  INFO      defenses.toposentinel — TopoSentinel round 34: 0 / 10 rejected  clip_norm=10.2620  threshold=0.5684  history=150
02:46:40  INFO      defenses.toposentinel — TopoSentinel: bottleneck=0.0078  threshold=0.5628
02:46:43  INFO      defenses.toposentinel — TopoSentinel round 35: 0 / 10 rejected  clip_norm=10.5358  threshold=0.5628  history=150
02:47:29  INFO      defenses.toposentinel — TopoSentinel: bottleneck=0.0048  threshold=0.5571
02:47:32  INFO      defenses.toposentinel — TopoSentinel round 36: 0 / 10 rejected  clip_norm=10.0684  threshold=0.5571  history=150
02:48:20  INFO      defenses.toposentinel — TopoSentinel: bottleneck=0.0035  threshold=0.5516
02:48:26  INFO      defenses.toposentinel — TopoSentinel round 37: 0 / 10 rejected  clip_norm=10.4474  threshold=0.5516  history=150
02:49:18  INFO      defenses.toposentinel — TopoSentinel: bottleneck=0.0036  threshold=0.5460
02:49:21  INFO      defenses.toposentinel — TopoSentinel round 38: 0 / 10 rejected  clip_norm=10.3659  threshold=0.5460  history=150
02:50:10  INFO      defenses.toposentinel — TopoSentinel: bottleneck=0.0035  threshold=0.5406
02:50:14  INFO      defenses.toposentinel — TopoSentinel round 39: 0 / 10 rejected  clip_norm=10.4500  threshold=0.5406  history=150
02:51:01  INFO      defenses.toposentinel — TopoSentinel: bottleneck=0.0040  threshold=0.5352
02:51:04  INFO      defenses.toposentinel — TopoSentinel round 40: 0 / 10 rejected  clip_norm=10.2965  threshold=0.5352  history=150
02:51:18  INFO      experiment.runner — Round   41/200  |  acc:  75.92%  loss: 0.7602  |  FPR: 0.0%  |  mF1: 75.8%
02:51:55  INFO      defenses.toposentinel — TopoSentinel: bottleneck=0.0041  threshold=0.5298
02:51:58  INFO      defenses.toposentinel — TopoSentinel round 41: 0 / 10 rejected  clip_norm=9.9444  threshold=0.5298  history=150
02:52:44  INFO      defenses.toposentinel — TopoSentinel: bottleneck=0.0066  threshold=0.5245
02:52:48  INFO      defenses.toposentinel — TopoSentinel round 42: 0 / 10 rejected  clip_norm=10.1293  threshold=0.5245  history=150
02:53:37  INFO      defenses.toposentinel — TopoSentinel: bottleneck=0.0024  threshold=0.5193
02:53:41  INFO      defenses.toposentinel — TopoSentinel round 43: 0 / 10 rejected  clip_norm=10.2216  threshold=0.5193  history=150
02:54:29  INFO      defenses.toposentinel — TopoSentinel: bottleneck=0.0114  threshold=0.5141
02:54:33  INFO      defenses.toposentinel — TopoSentinel round 44: 0 / 10 rejected  clip_norm=10.2458  threshold=0.5141  history=150
02:55:20  INFO      defenses.toposentinel — TopoSentinel: bottleneck=0.0069  threshold=0.5089
02:55:24  INFO      defenses.toposentinel — TopoSentinel round 45: 0 / 10 rejected  clip_norm=9.9276  threshold=0.5089  history=150
02:56:11  INFO      defenses.toposentinel — TopoSentinel: bottleneck=0.0021  threshold=0.5039
02:56:14  INFO      defenses.toposentinel — TopoSentinel round 46: 0 / 10 rejected  clip_norm=9.9146  threshold=0.5039  history=150
02:57:02  INFO      defenses.toposentinel — TopoSentinel: bottleneck=0.0043  threshold=0.4988
02:57:05  INFO      defenses.toposentinel — TopoSentinel round 47: 0 / 10 rejected  clip_norm=9.6947  threshold=0.4988  history=150
02:57:52  INFO      defenses.toposentinel — TopoSentinel: bottleneck=0.0169  threshold=0.4938
02:57:56  INFO      defenses.toposentinel — TopoSentinel round 48: 0 / 10 rejected  clip_norm=9.2716  threshold=0.4938  history=150
02:58:46  INFO      defenses.toposentinel — TopoSentinel: bottleneck=0.0192  threshold=0.4889
02:58:50  INFO      defenses.toposentinel — TopoSentinel round 49: 0 / 10 rejected  clip_norm=10.2263  threshold=0.4889  history=150
02:59:38  INFO      defenses.toposentinel — TopoSentinel: bottleneck=0.0056  threshold=0.4840
02:59:42  INFO      defenses.toposentinel — TopoSentinel round 50: 0 / 10 rejected  clip_norm=10.0302  threshold=0.4840  history=150
02:59:56  INFO      experiment.runner — Round   51/200  |  acc:  77.59%  loss: 0.7394  |  FPR: 0.0%  |  mF1: 77.5%
03:00:34  INFO      defenses.toposentinel — TopoSentinel: bottleneck=0.0055  threshold=0.4792
03:00:39  INFO      defenses.toposentinel — TopoSentinel round 51: 0 / 10 rejected  clip_norm=10.1648  threshold=0.4792  history=150
03:01:26  INFO      defenses.toposentinel — TopoSentinel: bottleneck=0.0032  threshold=0.4744
03:01:30  INFO      defenses.toposentinel — TopoSentinel round 52: 0 / 10 rejected  clip_norm=9.8653  threshold=0.4744  history=150
03:02:18  INFO      defenses.toposentinel — TopoSentinel: bottleneck=0.0059  threshold=0.4696
03:02:21  INFO      defenses.toposentinel — TopoSentinel round 53: 0 / 10 rejected  clip_norm=10.0278  threshold=0.4696  history=150
03:03:11  INFO      defenses.toposentinel — TopoSentinel: bottleneck=0.0043  threshold=0.4649
03:03:15  INFO      defenses.toposentinel — TopoSentinel round 54: 0 / 10 rejected  clip_norm=9.5249  threshold=0.4649  history=150
03:04:03  INFO      defenses.toposentinel — TopoSentinel: bottleneck=0.0054  threshold=0.4603
03:04:07  INFO      defenses.toposentinel — TopoSentinel round 55: 0 / 10 rejected  clip_norm=9.7079  threshold=0.4603  history=150
03:04:54  INFO      defenses.toposentinel — TopoSentinel: bottleneck=0.0071  threshold=0.4557
03:04:57  INFO      defenses.toposentinel — TopoSentinel round 56: 0 / 10 rejected  clip_norm=9.7864  threshold=0.4557  history=150
03:05:46  INFO      defenses.toposentinel — TopoSentinel: bottleneck=0.0049  threshold=0.4511
03:05:50  INFO      defenses.toposentinel — TopoSentinel round 57: 0 / 10 rejected  clip_norm=9.5127  threshold=0.4511  history=150
03:06:38  INFO      defenses.toposentinel — TopoSentinel: bottleneck=0.0047  threshold=0.4466
03:06:42  INFO      defenses.toposentinel — TopoSentinel round 58: 0 / 10 rejected  clip_norm=9.8236  threshold=0.4466  history=150
03:07:29  INFO      defenses.toposentinel — TopoSentinel: bottleneck=0.0054  threshold=0.4421
03:07:33  INFO      defenses.toposentinel — TopoSentinel round 59: 0 / 10 rejected  clip_norm=9.4485  threshold=0.4421  history=150
03:08:21  INFO      defenses.toposentinel — TopoSentinel: bottleneck=0.0022  threshold=0.4377
03:08:25  INFO      defenses.toposentinel — TopoSentinel round 60: 0 / 10 rejected  clip_norm=9.8448  threshold=0.4377  history=150
03:08:39  INFO      experiment.runner — Round   61/200  |  acc:  79.80%  loss: 0.6657  |  FPR: 0.0%  |  mF1: 79.7%
03:09:17  INFO      defenses.toposentinel — TopoSentinel: bottleneck=0.0072  threshold=0.4333
03:09:21  INFO      defenses.toposentinel — TopoSentinel round 61: 0 / 10 rejected  clip_norm=9.7343  threshold=0.4333  history=150
03:10:08  INFO      defenses.toposentinel — TopoSentinel: bottleneck=0.0055  threshold=0.4290
03:10:12  INFO      defenses.toposentinel — TopoSentinel round 62: 0 / 10 rejected  clip_norm=9.5762  threshold=0.4290  history=150
03:10:58  INFO      defenses.toposentinel — TopoSentinel: bottleneck=0.0108  threshold=0.4247
03:11:01  INFO      defenses.toposentinel — TopoSentinel round 63: 0 / 10 rejected  clip_norm=9.0353  threshold=0.4247  history=150
03:11:52  INFO      defenses.toposentinel — TopoSentinel: bottleneck=0.0136  threshold=0.4205
03:11:55  INFO      defenses.toposentinel — TopoSentinel round 64: 0 / 10 rejected  clip_norm=9.7323  threshold=0.4205  history=150
03:12:41  INFO      defenses.toposentinel — TopoSentinel: bottleneck=0.0148  threshold=0.4163
03:12:45  INFO      defenses.toposentinel — TopoSentinel round 65: 0 / 10 rejected  clip_norm=9.4371  threshold=0.4163  history=150
03:13:33  INFO      defenses.toposentinel — TopoSentinel: bottleneck=0.0095  threshold=0.4121
03:13:37  INFO      defenses.toposentinel — TopoSentinel round 66: 0 / 10 rejected  clip_norm=9.3336  threshold=0.4121  history=150
03:14:27  INFO      defenses.toposentinel — TopoSentinel: bottleneck=0.0068  threshold=0.4080
03:14:30  INFO      defenses.toposentinel — TopoSentinel round 67: 0 / 10 rejected  clip_norm=9.0982  threshold=0.4080  history=150
03:15:18  INFO      defenses.toposentinel — TopoSentinel: bottleneck=0.0096  threshold=0.4039
03:15:22  INFO      defenses.toposentinel — TopoSentinel round 68: 0 / 10 rejected  clip_norm=8.7851  threshold=0.4039  history=150
03:16:09  INFO      defenses.toposentinel — TopoSentinel: bottleneck=0.0071  threshold=0.3999
03:16:13  INFO      defenses.toposentinel — TopoSentinel round 69: 0 / 10 rejected  clip_norm=9.2172  threshold=0.3999  history=150
03:17:00  INFO      defenses.toposentinel — TopoSentinel: bottleneck=0.0069  threshold=0.3959
03:17:03  INFO      defenses.toposentinel — TopoSentinel round 70: 0 / 10 rejected  clip_norm=8.9586  threshold=0.3959  history=150
03:17:18  INFO      experiment.runner — Round   71/200  |  acc:  81.04%  loss: 0.6528  |  FPR: 0.0%  |  mF1: 81.0%
03:17:54  INFO      defenses.toposentinel — TopoSentinel: bottleneck=0.0086  threshold=0.3919
03:17:58  INFO      defenses.toposentinel — TopoSentinel round 71: 0 / 10 rejected  clip_norm=9.7681  threshold=0.3919  history=150
03:18:46  INFO      defenses.toposentinel — TopoSentinel: bottleneck=0.0115  threshold=0.3880
03:18:49  INFO      defenses.toposentinel — TopoSentinel round 72: 0 / 10 rejected  clip_norm=9.2576  threshold=0.3880  history=150
03:19:38  INFO      defenses.toposentinel — TopoSentinel: bottleneck=0.0035  threshold=0.3841
03:19:42  INFO      defenses.toposentinel — TopoSentinel round 73: 0 / 10 rejected  clip_norm=9.1839  threshold=0.3841  history=150
03:20:30  INFO      defenses.toposentinel — TopoSentinel: bottleneck=0.0073  threshold=0.3803
03:20:33  INFO      defenses.toposentinel — TopoSentinel round 74: 0 / 10 rejected  clip_norm=9.0496  threshold=0.3803  history=150
03:21:24  INFO      defenses.toposentinel — TopoSentinel: bottleneck=0.0084  threshold=0.3765
03:21:27  INFO      defenses.toposentinel — TopoSentinel round 75: 0 / 10 rejected  clip_norm=9.3586  threshold=0.3765  history=150
03:22:17  INFO      defenses.toposentinel — TopoSentinel: bottleneck=0.0081  threshold=0.3727
03:22:20  INFO      defenses.toposentinel — TopoSentinel round 76: 0 / 10 rejected  clip_norm=9.3881  threshold=0.3727  history=150
03:23:07  INFO      defenses.toposentinel — TopoSentinel: bottleneck=0.0066  threshold=0.3690
03:23:11  INFO      defenses.toposentinel — TopoSentinel round 77: 0 / 10 rejected  clip_norm=9.6546  threshold=0.3690  history=150
03:24:02  INFO      defenses.toposentinel — TopoSentinel: bottleneck=0.0037  threshold=0.3653
03:24:07  INFO      defenses.toposentinel — TopoSentinel round 78: 0 / 10 rejected  clip_norm=9.3241  threshold=0.3653  history=150
03:24:58  INFO      defenses.toposentinel — TopoSentinel: bottleneck=0.0037  threshold=0.3616
03:25:01  INFO      defenses.toposentinel — TopoSentinel round 79: 0 / 10 rejected  clip_norm=9.2894  threshold=0.3616  history=150
03:25:50  INFO      defenses.toposentinel — TopoSentinel: bottleneck=0.0075  threshold=0.3580
03:25:53  INFO      defenses.toposentinel — TopoSentinel round 80: 0 / 10 rejected  clip_norm=9.2457  threshold=0.3580  history=150
03:26:07  INFO      experiment.runner — Round   81/200  |  acc:  82.30%  loss: 0.6119  |  FPR: 0.0%  |  mF1: 82.2%
03:26:46  INFO      defenses.toposentinel — TopoSentinel: bottleneck=0.0105  threshold=0.3544
03:26:49  INFO      defenses.toposentinel — TopoSentinel round 81: 0 / 10 rejected  clip_norm=9.0835  threshold=0.3544  history=150
03:27:36  INFO      defenses.toposentinel — TopoSentinel: bottleneck=0.0072  threshold=0.3509
03:27:39  INFO      defenses.toposentinel — TopoSentinel round 82: 0 / 10 rejected  clip_norm=8.8825  threshold=0.3509  history=150
03:28:27  INFO      defenses.toposentinel — TopoSentinel: bottleneck=0.0050  threshold=0.3474
03:28:31  INFO      defenses.toposentinel — TopoSentinel round 83: 0 / 10 rejected  clip_norm=8.8747  threshold=0.3474  history=150
03:29:20  INFO      defenses.toposentinel — TopoSentinel: bottleneck=0.0056  threshold=0.3439
03:29:23  INFO      defenses.toposentinel — TopoSentinel round 84: 0 / 10 rejected  clip_norm=9.0286  threshold=0.3439  history=150
03:30:11  INFO      defenses.toposentinel — TopoSentinel: bottleneck=0.0106  threshold=0.3405
03:30:15  INFO      defenses.toposentinel — TopoSentinel round 85: 0 / 10 rejected  clip_norm=9.0730  threshold=0.3405  history=150
03:31:05  INFO      defenses.toposentinel — TopoSentinel: bottleneck=0.0055  threshold=0.3371
03:31:08  INFO      defenses.toposentinel — TopoSentinel round 86: 0 / 10 rejected  clip_norm=9.0494  threshold=0.3371  history=150
03:31:59  INFO      defenses.toposentinel — TopoSentinel: bottleneck=0.0087  threshold=0.3337
03:32:03  INFO      defenses.toposentinel — TopoSentinel round 87: 0 / 10 rejected  clip_norm=8.9673  threshold=0.3337  history=150
03:32:51  INFO      defenses.toposentinel — TopoSentinel: bottleneck=0.0039  threshold=0.3304
03:32:54  INFO      defenses.toposentinel — TopoSentinel round 88: 0 / 10 rejected  clip_norm=9.0106  threshold=0.3304  history=150
03:33:42  INFO      defenses.toposentinel — TopoSentinel: bottleneck=0.0079  threshold=0.3271
03:33:46  INFO      defenses.toposentinel — TopoSentinel round 89: 0 / 10 rejected  clip_norm=9.1247  threshold=0.3271  history=150
03:34:37  INFO      defenses.toposentinel — TopoSentinel: bottleneck=0.0101  threshold=0.3238
03:34:41  INFO      defenses.toposentinel — TopoSentinel round 90: 0 / 10 rejected  clip_norm=9.0458  threshold=0.3238  history=150
03:34:55  INFO      experiment.runner — Round   91/200  |  acc:  82.98%  loss: 0.5992  |  FPR: 0.0%  |  mF1: 82.8%
03:35:34  INFO      defenses.toposentinel — TopoSentinel: bottleneck=0.0052  threshold=0.3205
03:35:38  INFO      defenses.toposentinel — TopoSentinel round 91: 0 / 10 rejected  clip_norm=8.8719  threshold=0.3205  history=150
03:36:28  INFO      defenses.toposentinel — TopoSentinel: bottleneck=0.0029  threshold=0.3173
03:36:31  INFO      defenses.toposentinel — TopoSentinel round 92: 0 / 10 rejected  clip_norm=8.9506  threshold=0.3173  history=150
03:37:19  INFO      defenses.toposentinel — TopoSentinel: bottleneck=0.0087  threshold=0.3142
03:37:22  INFO      defenses.toposentinel — TopoSentinel round 93: 0 / 10 rejected  clip_norm=8.4831  threshold=0.3142  history=150
03:38:10  INFO      defenses.toposentinel — TopoSentinel: bottleneck=0.0062  threshold=0.3110
03:38:14  INFO      defenses.toposentinel — TopoSentinel round 94: 0 / 10 rejected  clip_norm=8.6924  threshold=0.3110  history=150
03:39:02  INFO      defenses.toposentinel — TopoSentinel: bottleneck=0.0059  threshold=0.3079
03:39:05  INFO      defenses.toposentinel — TopoSentinel round 95: 0 / 10 rejected  clip_norm=8.9031  threshold=0.3079  history=150
03:39:54  INFO      defenses.toposentinel — TopoSentinel: bottleneck=0.0065  threshold=0.3048
03:39:57  INFO      defenses.toposentinel — TopoSentinel round 96: 0 / 10 rejected  clip_norm=8.8901  threshold=0.3048  history=150
03:40:47  INFO      defenses.toposentinel — TopoSentinel: bottleneck=0.0040  threshold=0.3018
03:40:50  INFO      defenses.toposentinel — TopoSentinel round 97: 0 / 10 rejected  clip_norm=8.8056  threshold=0.3018  history=150
03:41:40  INFO      defenses.toposentinel — TopoSentinel: bottleneck=0.0058  threshold=0.2988
03:41:44  INFO      defenses.toposentinel — TopoSentinel round 98: 0 / 10 rejected  clip_norm=8.6447  threshold=0.2988  history=150
03:42:34  INFO      defenses.toposentinel — TopoSentinel: bottleneck=0.0054  threshold=0.2958
03:42:37  INFO      defenses.toposentinel — TopoSentinel round 99: 0 / 10 rejected  clip_norm=8.5750  threshold=0.2958  history=150
03:43:26  INFO      defenses.toposentinel — TopoSentinel: bottleneck=0.0141  threshold=0.2928
03:43:31  INFO      defenses.toposentinel — TopoSentinel round 100: 0 / 10 rejected  clip_norm=9.1096  threshold=0.2928  history=150
03:43:44  INFO      experiment.runner — Round  101/200  |  acc:  83.45%  loss: 0.5684  |  FPR: 0.0%  |  mF1: 83.4%
03:44:22  INFO      defenses.toposentinel — TopoSentinel: bottleneck=0.0154  threshold=0.2899
03:44:26  INFO      defenses.toposentinel — TopoSentinel round 101: 0 / 10 rejected  clip_norm=8.6259  threshold=0.2899  history=150
03:45:15  INFO      defenses.toposentinel — TopoSentinel: bottleneck=0.0047  threshold=0.2870
03:45:19  INFO      defenses.toposentinel — TopoSentinel round 102: 0 / 10 rejected  clip_norm=8.7505  threshold=0.2870  history=150
03:46:07  INFO      defenses.toposentinel — TopoSentinel: bottleneck=0.0080  threshold=0.2841
03:46:11  INFO      defenses.toposentinel — TopoSentinel round 103: 0 / 10 rejected  clip_norm=8.8829  threshold=0.2841  history=150
03:47:07  INFO      defenses.toposentinel — TopoSentinel: bottleneck=0.0091  threshold=0.2813
03:47:11  INFO      defenses.toposentinel — TopoSentinel round 104: 0 / 10 rejected  clip_norm=9.1651  threshold=0.2813  history=150
03:48:03  INFO      defenses.toposentinel — TopoSentinel: bottleneck=0.0202  threshold=0.2785
03:48:07  INFO      defenses.toposentinel — TopoSentinel round 105: 0 / 10 rejected  clip_norm=8.0805  threshold=0.2785  history=150
03:48:58  INFO      defenses.toposentinel — TopoSentinel: bottleneck=0.0091  threshold=0.2757
03:49:02  INFO      defenses.toposentinel — TopoSentinel round 106: 0 / 10 rejected  clip_norm=8.5212  threshold=0.2757  history=150
03:49:51  INFO      defenses.toposentinel — TopoSentinel: bottleneck=0.0079  threshold=0.2729
03:49:55  INFO      defenses.toposentinel — TopoSentinel round 107: 0 / 10 rejected  clip_norm=8.8961  threshold=0.2729  history=150
03:50:42  INFO      defenses.toposentinel — TopoSentinel: bottleneck=0.0141  threshold=0.2702
03:50:46  INFO      defenses.toposentinel — TopoSentinel round 108: 0 / 10 rejected  clip_norm=8.6165  threshold=0.2702  history=150
03:51:33  INFO      defenses.toposentinel — TopoSentinel: bottleneck=0.0067  threshold=0.2675
03:51:37  INFO      defenses.toposentinel — TopoSentinel round 109: 0 / 10 rejected  clip_norm=8.9769  threshold=0.2675  history=150
03:52:35  INFO      defenses.toposentinel — TopoSentinel: bottleneck=0.0180  threshold=0.2648
03:52:38  INFO      defenses.toposentinel — TopoSentinel round 110: 0 / 10 rejected  clip_norm=9.2078  threshold=0.2648  history=150
03:52:53  INFO      experiment.runner — Round  111/200  |  acc:  84.45%  loss: 0.5438  |  FPR: 0.0%  |  mF1: 84.4%
03:53:29  INFO      defenses.toposentinel — TopoSentinel: bottleneck=0.0186  threshold=0.2622
03:53:33  INFO      defenses.toposentinel — TopoSentinel round 111: 0 / 10 rejected  clip_norm=8.6690  threshold=0.2622  history=150
03:54:22  INFO      defenses.toposentinel — TopoSentinel: bottleneck=0.0165  threshold=0.2596
03:54:26  INFO      defenses.toposentinel — TopoSentinel round 112: 0 / 10 rejected  clip_norm=8.8895  threshold=0.2596  history=150
03:55:15  INFO      defenses.toposentinel — TopoSentinel: bottleneck=0.0133  threshold=0.2570
03:55:18  INFO      defenses.toposentinel — TopoSentinel round 113: 0 / 10 rejected  clip_norm=8.1854  threshold=0.2570  history=150
03:56:11  INFO      defenses.toposentinel — TopoSentinel: bottleneck=0.0025  threshold=0.2544
03:56:14  INFO      defenses.toposentinel — TopoSentinel round 114: 0 / 10 rejected  clip_norm=8.3964  threshold=0.2544  history=150
03:57:09  INFO      defenses.toposentinel — TopoSentinel: bottleneck=0.0085  threshold=0.2518
03:57:16  INFO      defenses.toposentinel — TopoSentinel round 115: 0 / 10 rejected  clip_norm=8.5453  threshold=0.2518  history=150
03:58:04  INFO      defenses.toposentinel — TopoSentinel: bottleneck=0.0066  threshold=0.2493
03:58:08  INFO      defenses.toposentinel — TopoSentinel round 116: 0 / 10 rejected  clip_norm=8.3382  threshold=0.2493  history=150
03:59:02  INFO      defenses.toposentinel — TopoSentinel: bottleneck=0.0087  threshold=0.2468
03:59:08  INFO      defenses.toposentinel — TopoSentinel round 117: 0 / 10 rejected  clip_norm=8.8702  threshold=0.2468  history=150
03:59:56  INFO      defenses.toposentinel — TopoSentinel: bottleneck=0.0118  threshold=0.2444
04:00:00  INFO      defenses.toposentinel — TopoSentinel round 118: 0 / 10 rejected  clip_norm=8.2567  threshold=0.2444  history=150
04:00:51  INFO      defenses.toposentinel — TopoSentinel: bottleneck=0.0085  threshold=0.2419
04:00:55  INFO      defenses.toposentinel — TopoSentinel round 119: 0 / 10 rejected  clip_norm=8.5423  threshold=0.2419  history=150
04:01:45  INFO      defenses.toposentinel — TopoSentinel: bottleneck=0.0115  threshold=0.2395
04:01:49  INFO      defenses.toposentinel — TopoSentinel round 120: 0 / 10 rejected  clip_norm=8.1401  threshold=0.2395  history=150
04:02:02  INFO      experiment.runner — Round  121/200  |  acc:  84.85%  loss: 0.5496  |  FPR: 0.0%  |  mF1: 84.7%
04:02:45  INFO      defenses.toposentinel — TopoSentinel: bottleneck=0.0117  threshold=0.2371
04:02:48  INFO      defenses.toposentinel — TopoSentinel round 121: 0 / 10 rejected  clip_norm=8.8249  threshold=0.2371  history=150
04:03:38  INFO      defenses.toposentinel — TopoSentinel: bottleneck=0.0065  threshold=0.2347
04:03:41  INFO      defenses.toposentinel — TopoSentinel round 122: 0 / 10 rejected  clip_norm=8.3411  threshold=0.2347  history=150
04:04:28  INFO      defenses.toposentinel — TopoSentinel: bottleneck=0.0057  threshold=0.2324
04:04:31  INFO      defenses.toposentinel — TopoSentinel round 123: 0 / 10 rejected  clip_norm=8.6297  threshold=0.2324  history=150
04:05:19  INFO      defenses.toposentinel — TopoSentinel: bottleneck=0.0062  threshold=0.2301
04:05:22  INFO      defenses.toposentinel — TopoSentinel round 124: 0 / 10 rejected  clip_norm=8.4993  threshold=0.2301  history=150
04:06:09  INFO      defenses.toposentinel — TopoSentinel: bottleneck=0.0059  threshold=0.2278
04:06:13  INFO      defenses.toposentinel — TopoSentinel round 125: 0 / 10 rejected  clip_norm=7.9657  threshold=0.2278  history=150
04:07:04  INFO      defenses.toposentinel — TopoSentinel: bottleneck=0.0105  threshold=0.2255
04:07:07  INFO      defenses.toposentinel — TopoSentinel round 126: 0 / 10 rejected  clip_norm=8.2897  threshold=0.2255  history=150
04:07:59  INFO      defenses.toposentinel — TopoSentinel: bottleneck=0.0085  threshold=0.2232
04:08:02  INFO      defenses.toposentinel — TopoSentinel round 127: 0 / 10 rejected  clip_norm=8.2820  threshold=0.2232  history=150
04:08:50  INFO      defenses.toposentinel — TopoSentinel: bottleneck=0.0040  threshold=0.2210
04:08:54  INFO      defenses.toposentinel — TopoSentinel round 128: 0 / 10 rejected  clip_norm=8.3173  threshold=0.2210  history=150
04:09:40  INFO      defenses.toposentinel — TopoSentinel: bottleneck=0.0063  threshold=0.2188
04:09:43  INFO      defenses.toposentinel — TopoSentinel round 129: 0 / 10 rejected  clip_norm=8.7648  threshold=0.2188  history=150
04:10:33  INFO      defenses.toposentinel — TopoSentinel: bottleneck=0.0099  threshold=0.2166
04:10:37  INFO      defenses.toposentinel — TopoSentinel round 130: 0 / 10 rejected  clip_norm=8.2272  threshold=0.2166  history=150
04:10:52  INFO      experiment.runner — Round  131/200  |  acc:  85.07%  loss: 0.5174  |  FPR: 0.0%  |  mF1: 85.0%
04:11:29  INFO      defenses.toposentinel — TopoSentinel: bottleneck=0.0033  threshold=0.2144
04:11:32  INFO      defenses.toposentinel — TopoSentinel round 131: 0 / 10 rejected  clip_norm=8.0693  threshold=0.2144  history=150
04:12:19  INFO      defenses.toposentinel — TopoSentinel: bottleneck=0.0088  threshold=0.2123
04:12:23  INFO      defenses.toposentinel — TopoSentinel round 132: 0 / 10 rejected  clip_norm=7.7730  threshold=0.2123  history=150
04:13:14  INFO      defenses.toposentinel — TopoSentinel: bottleneck=0.0047  threshold=0.2102
04:13:19  INFO      defenses.toposentinel — TopoSentinel round 133: 0 / 10 rejected  clip_norm=7.9237  threshold=0.2102  history=150
04:14:06  INFO      defenses.toposentinel — TopoSentinel: bottleneck=0.0034  threshold=0.2081
04:14:09  INFO      defenses.toposentinel — TopoSentinel round 134: 0 / 10 rejected  clip_norm=8.2245  threshold=0.2081  history=150
04:14:58  INFO      defenses.toposentinel — TopoSentinel: bottleneck=0.0032  threshold=0.2060
04:15:01  INFO      defenses.toposentinel — TopoSentinel round 135: 0 / 10 rejected  clip_norm=8.0387  threshold=0.2060  history=150
04:15:51  INFO      defenses.toposentinel — TopoSentinel: bottleneck=0.0083  threshold=0.2039
04:15:54  INFO      defenses.toposentinel — TopoSentinel round 136: 0 / 10 rejected  clip_norm=7.8042  threshold=0.2039  history=150
04:16:44  INFO      defenses.toposentinel — TopoSentinel: bottleneck=0.0072  threshold=0.2019
04:16:47  INFO      defenses.toposentinel — TopoSentinel round 137: 0 / 10 rejected  clip_norm=8.3736  threshold=0.2019  history=150
04:17:37  INFO      defenses.toposentinel — TopoSentinel: bottleneck=0.0019  threshold=0.1999
04:17:41  INFO      defenses.toposentinel — TopoSentinel round 138: 0 / 10 rejected  clip_norm=8.1267  threshold=0.1999  history=150
04:18:33  INFO      defenses.toposentinel — TopoSentinel: bottleneck=0.0037  threshold=0.1979
04:18:36  INFO      defenses.toposentinel — TopoSentinel round 139: 0 / 10 rejected  clip_norm=8.4162  threshold=0.1979  history=150
04:19:26  INFO      defenses.toposentinel — TopoSentinel: bottleneck=0.0034  threshold=0.1959
04:19:30  INFO      defenses.toposentinel — TopoSentinel round 140: 0 / 10 rejected  clip_norm=8.4086  threshold=0.1959  history=150
04:19:43  INFO      experiment.runner — Round  141/200  |  acc:  85.94%  loss: 0.5165  |  FPR: 0.0%  |  mF1: 85.9%
04:20:22  INFO      defenses.toposentinel — TopoSentinel: bottleneck=0.0099  threshold=0.1939
04:20:26  INFO      defenses.toposentinel — TopoSentinel round 141: 0 / 10 rejected  clip_norm=8.0869  threshold=0.1939  history=150
04:21:14  INFO      defenses.toposentinel — TopoSentinel: bottleneck=0.0085  threshold=0.1920
04:21:19  INFO      defenses.toposentinel — TopoSentinel round 142: 0 / 10 rejected  clip_norm=8.6872  threshold=0.1920  history=150
04:22:06  INFO      defenses.toposentinel — TopoSentinel: bottleneck=0.0058  threshold=0.1901
04:22:10  INFO      defenses.toposentinel — TopoSentinel round 143: 0 / 10 rejected  clip_norm=8.1561  threshold=0.1901  history=150
04:22:59  INFO      defenses.toposentinel — TopoSentinel: bottleneck=0.0057  threshold=0.1882
04:23:02  INFO      defenses.toposentinel — TopoSentinel round 144: 0 / 10 rejected  clip_norm=8.0696  threshold=0.1882  history=150
04:23:51  INFO      defenses.toposentinel — TopoSentinel: bottleneck=0.0056  threshold=0.1863
04:23:55  INFO      defenses.toposentinel — TopoSentinel round 145: 0 / 10 rejected  clip_norm=8.2186  threshold=0.1863  history=150
04:24:43  INFO      defenses.toposentinel — TopoSentinel: bottleneck=0.0046  threshold=0.1844
04:24:46  INFO      defenses.toposentinel — TopoSentinel round 146: 0 / 10 rejected  clip_norm=8.3287  threshold=0.1844  history=150
04:25:35  INFO      defenses.toposentinel — TopoSentinel: bottleneck=0.0093  threshold=0.1826
04:25:39  INFO      defenses.toposentinel — TopoSentinel round 147: 0 / 10 rejected  clip_norm=8.2313  threshold=0.1826  history=150
04:26:26  INFO      defenses.toposentinel — TopoSentinel: bottleneck=0.0167  threshold=0.1808
04:26:30  INFO      defenses.toposentinel — TopoSentinel round 148: 0 / 10 rejected  clip_norm=8.3087  threshold=0.1808  history=150
04:27:19  INFO      defenses.toposentinel — TopoSentinel: bottleneck=0.0089  threshold=0.1790
04:27:23  INFO      defenses.toposentinel — TopoSentinel round 149: 0 / 10 rejected  clip_norm=7.7553  threshold=0.1790  history=150
04:28:12  INFO      defenses.toposentinel — TopoSentinel: bottleneck=0.0091  threshold=0.1772
04:28:16  INFO      defenses.toposentinel — TopoSentinel round 150: 0 / 10 rejected  clip_norm=8.5769  threshold=0.1772  history=150
04:28:30  INFO      experiment.runner — Round  151/200  |  acc:  86.09%  loss: 0.5171  |  FPR: 0.0%  |  mF1: 86.0%
04:29:08  INFO      defenses.toposentinel — TopoSentinel: bottleneck=0.0118  threshold=0.1754
04:29:12  INFO      defenses.toposentinel — TopoSentinel round 151: 0 / 10 rejected  clip_norm=8.5534  threshold=0.1754  history=150
04:29:58  INFO      defenses.toposentinel — TopoSentinel: bottleneck=0.0175  threshold=0.1736
04:30:02  INFO      defenses.toposentinel — TopoSentinel round 152: 0 / 10 rejected  clip_norm=8.0865  threshold=0.1736  history=150
04:30:50  INFO      defenses.toposentinel — TopoSentinel: bottleneck=0.0071  threshold=0.1719
04:30:53  INFO      defenses.toposentinel — TopoSentinel round 153: 0 / 10 rejected  clip_norm=7.5690  threshold=0.1719  history=150
04:31:42  INFO      defenses.toposentinel — TopoSentinel: bottleneck=0.0059  threshold=0.1702
04:31:45  INFO      defenses.toposentinel — TopoSentinel round 154: 0 / 10 rejected  clip_norm=8.0813  threshold=0.1702  history=150
04:32:33  INFO      defenses.toposentinel — TopoSentinel: bottleneck=0.0078  threshold=0.1685
04:32:36  INFO      defenses.toposentinel — TopoSentinel round 155: 0 / 10 rejected  clip_norm=7.8391  threshold=0.1685  history=150
04:33:25  INFO      defenses.toposentinel — TopoSentinel: bottleneck=0.0111  threshold=0.1668
04:33:28  INFO      defenses.toposentinel — TopoSentinel round 156: 0 / 10 rejected  clip_norm=7.8423  threshold=0.1668  history=150
04:34:17  INFO      defenses.toposentinel — TopoSentinel: bottleneck=0.0180  threshold=0.1651
04:34:25  INFO      defenses.toposentinel — TopoSentinel round 157: 0 / 10 rejected  clip_norm=8.6072  threshold=0.1651  history=150
04:35:13  INFO      defenses.toposentinel — TopoSentinel: bottleneck=0.0060  threshold=0.1635
04:35:16  INFO      defenses.toposentinel — TopoSentinel round 158: 0 / 10 rejected  clip_norm=7.8976  threshold=0.1635  history=150
04:36:06  INFO      defenses.toposentinel — TopoSentinel: bottleneck=0.0049  threshold=0.1618
04:36:10  INFO      defenses.toposentinel — TopoSentinel round 159: 0 / 10 rejected  clip_norm=7.9528  threshold=0.1618  history=150
04:36:56  INFO      defenses.toposentinel — TopoSentinel: bottleneck=0.0066  threshold=0.1602
04:37:01  INFO      defenses.toposentinel — TopoSentinel round 160: 0 / 10 rejected  clip_norm=7.8367  threshold=0.1602  history=150
04:37:14  INFO      experiment.runner — Round  161/200  |  acc:  86.67%  loss: 0.5033  |  FPR: 0.0%  |  mF1: 86.6%
04:37:52  INFO      defenses.toposentinel — TopoSentinel: bottleneck=0.0043  threshold=0.1586
04:37:55  INFO      defenses.toposentinel — TopoSentinel round 161: 0 / 10 rejected  clip_norm=7.6628  threshold=0.1586  history=150
04:38:44  INFO      defenses.toposentinel — TopoSentinel: bottleneck=0.0116  threshold=0.1570
04:38:48  INFO      defenses.toposentinel — TopoSentinel round 162: 0 / 10 rejected  clip_norm=8.2457  threshold=0.1570  history=150
04:39:41  INFO      defenses.toposentinel — TopoSentinel: bottleneck=0.0092  threshold=0.1555
04:39:45  INFO      defenses.toposentinel — TopoSentinel round 163: 0 / 10 rejected  clip_norm=8.1047  threshold=0.1555  history=150
04:40:32  INFO      defenses.toposentinel — TopoSentinel: bottleneck=0.0041  threshold=0.1539
04:40:35  INFO      defenses.toposentinel — TopoSentinel round 164: 0 / 10 rejected  clip_norm=7.8697  threshold=0.1539  history=150
04:41:25  INFO      defenses.toposentinel — TopoSentinel: bottleneck=0.0118  threshold=0.1524
04:41:29  INFO      defenses.toposentinel — TopoSentinel round 165: 0 / 10 rejected  clip_norm=8.0229  threshold=0.1524  history=150
04:42:18  INFO      defenses.toposentinel — TopoSentinel: bottleneck=0.0063  threshold=0.1508
04:42:21  INFO      defenses.toposentinel — TopoSentinel round 166: 0 / 10 rejected  clip_norm=7.4416  threshold=0.1508  history=150
04:43:11  INFO      defenses.toposentinel — TopoSentinel: bottleneck=0.0047  threshold=0.1493
04:43:14  INFO      defenses.toposentinel — TopoSentinel round 167: 0 / 10 rejected  clip_norm=7.6157  threshold=0.1493  history=150
04:44:03  INFO      defenses.toposentinel — TopoSentinel: bottleneck=0.0099  threshold=0.1478
04:44:06  INFO      defenses.toposentinel — TopoSentinel round 168: 0 / 10 rejected  clip_norm=7.7139  threshold=0.1478  history=150
04:44:58  INFO      defenses.toposentinel — TopoSentinel: bottleneck=0.0040  threshold=0.1464
04:45:01  INFO      defenses.toposentinel — TopoSentinel round 169: 0 / 10 rejected  clip_norm=7.6580  threshold=0.1464  history=150
04:45:54  INFO      defenses.toposentinel — TopoSentinel: bottleneck=0.0082  threshold=0.1449
04:45:57  INFO      defenses.toposentinel — TopoSentinel round 170: 0 / 10 rejected  clip_norm=7.5394  threshold=0.1449  history=150
04:46:12  INFO      experiment.runner — Round  171/200  |  acc:  86.75%  loss: 0.5018  |  FPR: 0.0%  |  mF1: 86.7%
04:46:51  INFO      defenses.toposentinel — TopoSentinel: bottleneck=0.0056  threshold=0.1435
04:46:54  INFO      defenses.toposentinel — TopoSentinel round 171: 0 / 10 rejected  clip_norm=7.8104  threshold=0.1435  history=150
04:47:45  INFO      defenses.toposentinel — TopoSentinel: bottleneck=0.0150  threshold=0.1420
04:47:48  INFO      defenses.toposentinel — TopoSentinel round 172: 0 / 10 rejected  clip_norm=7.8710  threshold=0.1420  history=150
04:48:37  INFO      defenses.toposentinel — TopoSentinel: bottleneck=0.0193  threshold=0.1406
04:48:41  INFO      defenses.toposentinel — TopoSentinel round 173: 0 / 10 rejected  clip_norm=7.3457  threshold=0.1406  history=150
04:49:29  INFO      defenses.toposentinel — TopoSentinel: bottleneck=0.0088  threshold=0.1392
04:49:32  INFO      defenses.toposentinel — TopoSentinel round 174: 0 / 10 rejected  clip_norm=8.2379  threshold=0.1392  history=150
04:50:24  INFO      defenses.toposentinel — TopoSentinel: bottleneck=0.0145  threshold=0.1378
04:50:27  INFO      defenses.toposentinel — TopoSentinel round 175: 0 / 10 rejected  clip_norm=7.8579  threshold=0.1378  history=150
04:51:18  INFO      defenses.toposentinel — TopoSentinel: bottleneck=0.0076  threshold=0.1364
04:51:21  INFO      defenses.toposentinel — TopoSentinel round 176: 0 / 10 rejected  clip_norm=8.1487  threshold=0.1364  history=150
04:52:10  INFO      defenses.toposentinel — TopoSentinel: bottleneck=0.0079  threshold=0.1351
04:52:14  INFO      defenses.toposentinel — TopoSentinel round 177: 0 / 10 rejected  clip_norm=7.3948  threshold=0.1351  history=150
04:53:04  INFO      defenses.toposentinel — TopoSentinel: bottleneck=0.0127  threshold=0.1337
04:53:08  INFO      defenses.toposentinel — TopoSentinel round 178: 0 / 10 rejected  clip_norm=8.0269  threshold=0.1337  history=150
04:53:59  INFO      defenses.toposentinel — TopoSentinel: bottleneck=0.0126  threshold=0.1324
04:54:02  INFO      defenses.toposentinel — TopoSentinel round 179: 0 / 10 rejected  clip_norm=7.5739  threshold=0.1324  history=150
04:54:54  INFO      defenses.toposentinel — TopoSentinel: bottleneck=0.0089  threshold=0.1310
04:54:57  INFO      defenses.toposentinel — TopoSentinel round 180: 0 / 10 rejected  clip_norm=7.8127  threshold=0.1310  history=150
04:55:14  INFO      experiment.runner — Round  181/200  |  acc:  86.85%  loss: 0.4993  |  FPR: 0.0%  |  mF1: 86.8%
04:55:49  INFO      defenses.toposentinel — TopoSentinel: bottleneck=0.0157  threshold=0.1297
04:55:52  INFO      defenses.toposentinel — TopoSentinel round 181: 0 / 10 rejected  clip_norm=7.5127  threshold=0.1297  history=150
04:56:44  INFO      defenses.toposentinel — TopoSentinel: bottleneck=0.0075  threshold=0.1284
04:56:47  INFO      defenses.toposentinel — TopoSentinel round 182: 0 / 10 rejected  clip_norm=7.2136  threshold=0.1284  history=150
04:57:38  INFO      defenses.toposentinel — TopoSentinel: bottleneck=0.0140  threshold=0.1272
04:57:42  INFO      defenses.toposentinel — TopoSentinel round 183: 0 / 10 rejected  clip_norm=7.7379  threshold=0.1272  history=150
04:58:33  INFO      defenses.toposentinel — TopoSentinel: bottleneck=0.0087  threshold=0.1259
04:58:37  INFO      defenses.toposentinel — TopoSentinel round 184: 0 / 10 rejected  clip_norm=7.5912  threshold=0.1259  history=150
04:59:26  INFO      defenses.toposentinel — TopoSentinel: bottleneck=0.0064  threshold=0.1246
04:59:29  INFO      defenses.toposentinel — TopoSentinel round 185: 0 / 10 rejected  clip_norm=7.5816  threshold=0.1246  history=150
05:00:17  INFO      defenses.toposentinel — TopoSentinel: bottleneck=0.0188  threshold=0.1234
05:00:20  INFO      defenses.toposentinel — TopoSentinel round 186: 0 / 10 rejected  clip_norm=7.0878  threshold=0.1234  history=150
05:01:08  INFO      defenses.toposentinel — TopoSentinel: bottleneck=0.0160  threshold=0.1221
05:01:12  INFO      defenses.toposentinel — TopoSentinel round 187: 0 / 10 rejected  clip_norm=7.7516  threshold=0.1221  history=150
05:02:10  INFO      defenses.toposentinel — TopoSentinel: bottleneck=0.0119  threshold=0.1209
05:02:13  INFO      defenses.toposentinel — TopoSentinel round 188: 0 / 10 rejected  clip_norm=7.4373  threshold=0.1209  history=150
05:03:02  INFO      defenses.toposentinel — TopoSentinel: bottleneck=0.0103  threshold=0.1197
05:03:06  INFO      defenses.toposentinel — TopoSentinel round 189: 0 / 10 rejected  clip_norm=7.6433  threshold=0.1197  history=150
05:03:52  INFO      defenses.toposentinel — TopoSentinel: bottleneck=0.0102  threshold=0.1185
05:03:55  INFO      defenses.toposentinel — TopoSentinel round 190: 0 / 10 rejected  clip_norm=7.6319  threshold=0.1185  history=150
05:04:10  INFO      experiment.runner — Round  191/200  |  acc:  87.10%  loss: 0.4869  |  FPR: 0.0%  |  mF1: 87.0%
05:04:48  INFO      defenses.toposentinel — TopoSentinel: bottleneck=0.0078  threshold=0.1173
05:04:51  INFO      defenses.toposentinel — TopoSentinel round 191: 0 / 10 rejected  clip_norm=7.3773  threshold=0.1173  history=150
05:05:43  INFO      defenses.toposentinel — TopoSentinel: bottleneck=0.0124  threshold=0.1162
05:05:51  INFO      defenses.toposentinel — TopoSentinel round 192: 0 / 10 rejected  clip_norm=7.2223  threshold=0.1162  history=150
05:06:40  INFO      defenses.toposentinel — TopoSentinel: bottleneck=0.0116  threshold=0.1150
05:06:47  INFO      defenses.toposentinel — TopoSentinel round 193: 0 / 10 rejected  clip_norm=7.3098  threshold=0.1150  history=150
05:07:37  INFO      defenses.toposentinel — TopoSentinel: bottleneck=0.0089  threshold=0.1138
05:07:40  INFO      defenses.toposentinel — TopoSentinel round 194: 0 / 10 rejected  clip_norm=7.1115  threshold=0.1138  history=150
05:08:31  INFO      defenses.toposentinel — TopoSentinel: bottleneck=0.0048  threshold=0.1127
05:08:34  INFO      defenses.toposentinel — TopoSentinel round 195: 0 / 10 rejected  clip_norm=7.5538  threshold=0.1127  history=150
05:09:24  INFO      defenses.toposentinel — TopoSentinel: bottleneck=0.0111  threshold=0.1116
05:09:27  INFO      defenses.toposentinel — TopoSentinel round 196: 0 / 10 rejected  clip_norm=7.3826  threshold=0.1116  history=150
05:10:14  INFO      defenses.toposentinel — TopoSentinel: bottleneck=0.0068  threshold=0.1105
05:10:18  INFO      defenses.toposentinel — TopoSentinel round 197: 0 / 10 rejected  clip_norm=7.4780  threshold=0.1105  history=150
05:11:05  INFO      defenses.toposentinel — TopoSentinel: bottleneck=0.0075  threshold=0.1094
05:11:08  INFO      defenses.toposentinel — TopoSentinel round 198: 0 / 10 rejected  clip_norm=7.3419  threshold=0.1094  history=150
05:11:58  INFO      defenses.toposentinel — TopoSentinel: bottleneck=0.0166  threshold=0.1083
05:12:01  INFO      defenses.toposentinel — TopoSentinel round 199: 0 / 10 rejected  clip_norm=7.4306  threshold=0.1083  history=150
05:12:15  INFO      experiment.runner — Round  200/200  |  acc:  87.47%  loss: 0.4936  |  FPR: 0.0%  |  mF1: 87.4%
05:12:15  INFO      experiment.runner — Final model saved to results/benchmark/cifar10_none_toposentinel_seed5/final_model.pt
05:12:15  INFO      experiment.runner — Client atypicality written to results/benchmark/cifar10_none_toposentinel_seed5/client_atypicality.json
05:12:15  INFO      experiment.runner — Client inclusion rates written to results/benchmark/cifar10_none_toposentinel_seed5/client_inclusion.csv
05:12:16  INFO      experiment.runner — Anomaly scores written to results/benchmark/cifar10_none_toposentinel_seed5/anomaly_scores.csv (2000 rows)
05:12:16  INFO      benchmark — ✓  cifar10_none_toposentinel_seed5  (176.6 min)
05:12:16  INFO      benchmark — ▶  cifar10_none_toposentinel_seed6
05:12:16  INFO      experiment.runner — Initialising 'cifar10_none_toposentinel_seed6' | device=cuda | rounds=200 | clients=10/100 | attack=none | defense=toposentinel
05:12:19  INFO      defenses.toposentinel — TopoSentinelServer — metric=euclidean  threshold=0.800→0.010 (decay=0.9900)  history_window=20  interval_percentiles=[5, 95]
05:12:31  INFO      experiment.utils — Built 100 clients — 0 malicious, 100 benign.
05:12:31  INFO      experiment.runner — Setup complete — 100 clients (0 malicious) | backdoor eval: none

==============================================================
  Summary — 21 rounds evaluated
==============================================================
  Final clean accuracy               87.47%
  Best  clean accuracy               87.47%
  Final clean loss                   0.4936
  Macro F1                           87.40%
  Pooled FPR (all rounds)             0.00%
==============================================================

Files already downloaded and verified
Files already downloaded and verified
Files already downloaded and verified
Files already downloaded and verified
05:13:10  INFO      defenses.toposentinel — TopoSentinel round 0: 0 / 10 rejected  clip_norm=56.3608  threshold=0.8000  history=10
05:13:24  INFO      experiment.runner — Round    1/200  |  acc:  11.40%  loss: 4.0779  |  FPR: 0.0%  |  mF1: 3.9%
05:13:59  INFO      defenses.toposentinel — TopoSentinel: bottleneck=0.0253  threshold=0.7920
05:14:03  INFO      defenses.toposentinel — TopoSentinel round 1: 0 / 10 rejected  clip_norm=21.7074  threshold=0.7920  history=20
05:14:48  INFO      defenses.toposentinel — TopoSentinel: bottleneck=0.0459  threshold=0.7841
05:14:52  INFO      defenses.toposentinel — TopoSentinel round 2: 0 / 10 rejected  clip_norm=17.7143  threshold=0.7841  history=30
05:15:38  INFO      defenses.toposentinel — TopoSentinel: bottleneck=0.0197  threshold=0.7762
05:15:42  INFO      defenses.toposentinel — TopoSentinel round 3: 0 / 10 rejected  clip_norm=15.3543  threshold=0.7762  history=40
05:16:29  INFO      defenses.toposentinel — TopoSentinel: bottleneck=0.0093  threshold=0.7685
05:16:32  INFO      defenses.toposentinel — TopoSentinel round 4: 0 / 10 rejected  clip_norm=13.7620  threshold=0.7685  history=50
05:17:19  INFO      defenses.toposentinel — TopoSentinel: bottleneck=0.0065  threshold=0.7608
05:17:23  INFO      defenses.toposentinel — TopoSentinel round 5: 0 / 10 rejected  clip_norm=12.4592  threshold=0.7608  history=60
05:18:08  INFO      defenses.toposentinel — TopoSentinel: bottleneck=0.0037  threshold=0.7532
05:18:12  INFO      defenses.toposentinel — TopoSentinel round 6: 0 / 10 rejected  clip_norm=12.3455  threshold=0.7532  history=70
05:18:59  INFO      defenses.toposentinel — TopoSentinel: bottleneck=0.0051  threshold=0.7457
05:19:02  INFO      defenses.toposentinel — TopoSentinel round 7: 0 / 10 rejected  clip_norm=11.7742  threshold=0.7457  history=80
05:19:49  INFO      defenses.toposentinel — TopoSentinel: bottleneck=0.0032  threshold=0.7382
05:19:52  INFO      defenses.toposentinel — TopoSentinel round 8: 0 / 10 rejected  clip_norm=11.8510  threshold=0.7382  history=90
05:20:39  INFO      defenses.toposentinel — TopoSentinel: bottleneck=0.0027  threshold=0.7308
05:20:42  INFO      defenses.toposentinel — TopoSentinel round 9: 0 / 10 rejected  clip_norm=11.6533  threshold=0.7308  history=100
05:21:29  INFO      defenses.toposentinel — TopoSentinel: bottleneck=0.0015  threshold=0.7235
05:21:34  INFO      defenses.toposentinel — TopoSentinel round 10: 0 / 10 rejected  clip_norm=11.5918  threshold=0.7235  history=110
05:21:47  INFO      experiment.runner — Round   11/200  |  acc:  56.57%  loss: 1.2726  |  FPR: 0.0%  |  mF1: 56.5%
05:22:25  INFO      defenses.toposentinel — TopoSentinel: bottleneck=0.0014  threshold=0.7163
05:22:30  INFO      defenses.toposentinel — TopoSentinel round 11: 0 / 10 rejected  clip_norm=11.2833  threshold=0.7163  history=120
05:23:17  INFO      defenses.toposentinel — TopoSentinel: bottleneck=0.0019  threshold=0.7091
05:23:22  INFO      defenses.toposentinel — TopoSentinel round 12: 0 / 10 rejected  clip_norm=11.0771  threshold=0.7091  history=130
05:24:08  INFO      defenses.toposentinel — TopoSentinel: bottleneck=0.0033  threshold=0.7020
05:24:12  INFO      defenses.toposentinel — TopoSentinel round 13: 0 / 10 rejected  clip_norm=10.9651  threshold=0.7020  history=140
05:25:00  INFO      defenses.toposentinel — TopoSentinel: bottleneck=0.0032  threshold=0.6950
05:25:04  INFO      defenses.toposentinel — TopoSentinel round 14: 0 / 10 rejected  clip_norm=11.0899  threshold=0.6950  history=150
05:25:53  INFO      defenses.toposentinel — TopoSentinel: bottleneck=0.0022  threshold=0.6880
05:25:56  INFO      defenses.toposentinel — TopoSentinel round 15: 0 / 10 rejected  clip_norm=11.1611  threshold=0.6880  history=150
05:26:43  INFO      defenses.toposentinel — TopoSentinel: bottleneck=0.0026  threshold=0.6812
05:26:47  INFO      defenses.toposentinel — TopoSentinel round 16: 0 / 10 rejected  clip_norm=11.0500  threshold=0.6812  history=150
05:27:35  INFO      defenses.toposentinel — TopoSentinel: bottleneck=0.0049  threshold=0.6744
05:27:38  INFO      defenses.toposentinel — TopoSentinel round 17: 0 / 10 rejected  clip_norm=10.9380  threshold=0.6744  history=150
05:28:25  INFO      defenses.toposentinel — TopoSentinel: bottleneck=0.0026  threshold=0.6676
05:28:28  INFO      defenses.toposentinel — TopoSentinel round 18: 0 / 10 rejected  clip_norm=10.9741  threshold=0.6676  history=150
05:29:14  INFO      defenses.toposentinel — TopoSentinel: bottleneck=0.0029  threshold=0.6609
05:29:17  INFO      defenses.toposentinel — TopoSentinel round 19: 0 / 10 rejected  clip_norm=11.0488  threshold=0.6609  history=150
05:30:05  INFO      defenses.toposentinel — TopoSentinel: bottleneck=0.0044  threshold=0.6543
05:30:08  INFO      defenses.toposentinel — TopoSentinel round 20: 0 / 10 rejected  clip_norm=10.7128  threshold=0.6543  history=150
05:30:21  INFO      experiment.runner — Round   21/200  |  acc:  66.50%  loss: 1.0222  |  FPR: 0.0%  |  mF1: 66.5%
05:30:58  INFO      defenses.toposentinel — TopoSentinel: bottleneck=0.0025  threshold=0.6478
05:31:01  INFO      defenses.toposentinel — TopoSentinel round 21: 0 / 10 rejected  clip_norm=10.4542  threshold=0.6478  history=150
05:31:48  INFO      defenses.toposentinel — TopoSentinel: bottleneck=0.0059  threshold=0.6413
05:31:52  INFO      defenses.toposentinel — TopoSentinel round 22: 0 / 10 rejected  clip_norm=10.7628  threshold=0.6413  history=150
05:32:40  INFO      defenses.toposentinel — TopoSentinel: bottleneck=0.0058  threshold=0.6349
05:32:44  INFO      defenses.toposentinel — TopoSentinel round 23: 0 / 10 rejected  clip_norm=11.0459  threshold=0.6349  history=150
05:33:30  INFO      defenses.toposentinel — TopoSentinel: bottleneck=0.0023  threshold=0.6285
05:33:33  INFO      defenses.toposentinel — TopoSentinel round 24: 0 / 10 rejected  clip_norm=10.3794  threshold=0.6285  history=150
05:34:23  INFO      defenses.toposentinel — TopoSentinel: bottleneck=0.0069  threshold=0.6223
05:34:26  INFO      defenses.toposentinel — TopoSentinel round 25: 0 / 10 rejected  clip_norm=10.9749  threshold=0.6223  history=150
05:35:14  INFO      defenses.toposentinel — TopoSentinel: bottleneck=0.0078  threshold=0.6160
05:35:17  INFO      defenses.toposentinel — TopoSentinel round 26: 0 / 10 rejected  clip_norm=10.5347  threshold=0.6160  history=150
05:36:05  INFO      defenses.toposentinel — TopoSentinel: bottleneck=0.0084  threshold=0.6099
05:36:08  INFO      defenses.toposentinel — TopoSentinel round 27: 0 / 10 rejected  clip_norm=10.4194  threshold=0.6099  history=150
05:36:56  INFO      defenses.toposentinel — TopoSentinel: bottleneck=0.0118  threshold=0.6038
05:37:00  INFO      defenses.toposentinel — TopoSentinel round 28: 0 / 10 rejected  clip_norm=11.0445  threshold=0.6038  history=150
05:37:50  INFO      defenses.toposentinel — TopoSentinel: bottleneck=0.0064  threshold=0.5977
05:37:53  INFO      defenses.toposentinel — TopoSentinel round 29: 0 / 10 rejected  clip_norm=10.4696  threshold=0.5977  history=150
05:38:41  INFO      defenses.toposentinel — TopoSentinel: bottleneck=0.0034  threshold=0.5918
05:38:46  INFO      defenses.toposentinel — TopoSentinel round 30: 0 / 10 rejected  clip_norm=10.8287  threshold=0.5918  history=150
05:38:59  INFO      experiment.runner — Round   31/200  |  acc:  71.43%  loss: 0.9027  |  FPR: 0.0%  |  mF1: 71.4%
05:39:38  INFO      defenses.toposentinel — TopoSentinel: bottleneck=0.0046  threshold=0.5858
05:39:41  INFO      defenses.toposentinel — TopoSentinel round 31: 0 / 10 rejected  clip_norm=10.7699  threshold=0.5858  history=150
05:40:31  INFO      defenses.toposentinel — TopoSentinel: bottleneck=0.0021  threshold=0.5800
05:40:35  INFO      defenses.toposentinel — TopoSentinel round 32: 0 / 10 rejected  clip_norm=10.4656  threshold=0.5800  history=150
05:41:23  INFO      defenses.toposentinel — TopoSentinel: bottleneck=0.0051  threshold=0.5742
05:41:26  INFO      defenses.toposentinel — TopoSentinel round 33: 0 / 10 rejected  clip_norm=10.5892  threshold=0.5742  history=150
05:42:15  INFO      defenses.toposentinel — TopoSentinel: bottleneck=0.0072  threshold=0.5684
05:42:19  INFO      defenses.toposentinel — TopoSentinel round 34: 0 / 10 rejected  clip_norm=10.2636  threshold=0.5684  history=150
05:43:10  INFO      defenses.toposentinel — TopoSentinel: bottleneck=0.0044  threshold=0.5628
05:43:14  INFO      defenses.toposentinel — TopoSentinel round 35: 0 / 10 rejected  clip_norm=10.1999  threshold=0.5628  history=150
05:44:04  INFO      defenses.toposentinel — TopoSentinel: bottleneck=0.0050  threshold=0.5571
05:44:07  INFO      defenses.toposentinel — TopoSentinel round 36: 0 / 10 rejected  clip_norm=10.3423  threshold=0.5571  history=150
05:44:55  INFO      defenses.toposentinel — TopoSentinel: bottleneck=0.0062  threshold=0.5516
05:44:59  INFO      defenses.toposentinel — TopoSentinel round 37: 0 / 10 rejected  clip_norm=10.9020  threshold=0.5516  history=150
05:45:46  INFO      defenses.toposentinel — TopoSentinel: bottleneck=0.0040  threshold=0.5460
05:45:49  INFO      defenses.toposentinel — TopoSentinel round 38: 0 / 10 rejected  clip_norm=10.2653  threshold=0.5460  history=150
05:46:37  INFO      defenses.toposentinel — TopoSentinel: bottleneck=0.0053  threshold=0.5406
05:46:41  INFO      defenses.toposentinel — TopoSentinel round 39: 0 / 10 rejected  clip_norm=10.0574  threshold=0.5406  history=150
05:47:31  INFO      defenses.toposentinel — TopoSentinel: bottleneck=0.0063  threshold=0.5352
05:47:39  INFO      defenses.toposentinel — TopoSentinel round 40: 0 / 10 rejected  clip_norm=10.6664  threshold=0.5352  history=150
05:47:54  INFO      experiment.runner — Round   41/200  |  acc:  74.58%  loss: 0.8023  |  FPR: 0.0%  |  mF1: 74.6%
05:48:32  INFO      defenses.toposentinel — TopoSentinel: bottleneck=0.0038  threshold=0.5298
05:48:35  INFO      defenses.toposentinel — TopoSentinel round 41: 0 / 10 rejected  clip_norm=10.8229  threshold=0.5298  history=150
05:49:25  INFO      defenses.toposentinel — TopoSentinel: bottleneck=0.0126  threshold=0.5245
05:49:28  INFO      defenses.toposentinel — TopoSentinel round 42: 0 / 10 rejected  clip_norm=10.1218  threshold=0.5245  history=150
05:50:17  INFO      defenses.toposentinel — TopoSentinel: bottleneck=0.0057  threshold=0.5193
05:50:20  INFO      defenses.toposentinel — TopoSentinel round 43: 0 / 10 rejected  clip_norm=10.0052  threshold=0.5193  history=150
05:51:09  INFO      defenses.toposentinel — TopoSentinel: bottleneck=0.0037  threshold=0.5141
05:51:12  INFO      defenses.toposentinel — TopoSentinel round 44: 0 / 10 rejected  clip_norm=10.1920  threshold=0.5141  history=150
05:52:02  INFO      defenses.toposentinel — TopoSentinel: bottleneck=0.0084  threshold=0.5089
05:52:05  INFO      defenses.toposentinel — TopoSentinel round 45: 0 / 10 rejected  clip_norm=10.1714  threshold=0.5089  history=150
05:52:57  INFO      defenses.toposentinel — TopoSentinel: bottleneck=0.0110  threshold=0.5039
05:53:00  INFO      defenses.toposentinel — TopoSentinel round 46: 0 / 10 rejected  clip_norm=10.2793  threshold=0.5039  history=150
05:53:53  INFO      defenses.toposentinel — TopoSentinel: bottleneck=0.0099  threshold=0.4988
05:53:57  INFO      defenses.toposentinel — TopoSentinel round 47: 0 / 10 rejected  clip_norm=9.9718  threshold=0.4988  history=150
05:54:49  INFO      defenses.toposentinel — TopoSentinel: bottleneck=0.0045  threshold=0.4938
05:54:53  INFO      defenses.toposentinel — TopoSentinel round 48: 0 / 10 rejected  clip_norm=9.8671  threshold=0.4938  history=150
05:55:44  INFO      defenses.toposentinel — TopoSentinel: bottleneck=0.0025  threshold=0.4889
05:55:50  INFO      defenses.toposentinel — TopoSentinel round 49: 0 / 10 rejected  clip_norm=10.3408  threshold=0.4889  history=150
05:56:40  INFO      defenses.toposentinel — TopoSentinel: bottleneck=0.0051  threshold=0.4840
05:56:44  INFO      defenses.toposentinel — TopoSentinel round 50: 0 / 10 rejected  clip_norm=9.7952  threshold=0.4840  history=150
05:56:57  INFO      experiment.runner — Round   51/200  |  acc:  77.10%  loss: 0.7376  |  FPR: 0.0%  |  mF1: 77.0%
05:57:39  INFO      defenses.toposentinel — TopoSentinel: bottleneck=0.0023  threshold=0.4792
05:57:44  INFO      defenses.toposentinel — TopoSentinel round 51: 0 / 10 rejected  clip_norm=9.8863  threshold=0.4792  history=150
05:58:32  INFO      defenses.toposentinel — TopoSentinel: bottleneck=0.0109  threshold=0.4744
05:58:35  INFO      defenses.toposentinel — TopoSentinel round 52: 0 / 10 rejected  clip_norm=10.4762  threshold=0.4744  history=150
05:59:25  INFO      defenses.toposentinel — TopoSentinel: bottleneck=0.0092  threshold=0.4696
05:59:29  INFO      defenses.toposentinel — TopoSentinel round 53: 0 / 10 rejected  clip_norm=9.8320  threshold=0.4696  history=150
06:00:17  INFO      defenses.toposentinel — TopoSentinel: bottleneck=0.0024  threshold=0.4649
06:00:20  INFO      defenses.toposentinel — TopoSentinel round 54: 0 / 10 rejected  clip_norm=9.6062  threshold=0.4649  history=150
06:01:08  INFO      defenses.toposentinel — TopoSentinel: bottleneck=0.0036  threshold=0.4603
06:01:12  INFO      defenses.toposentinel — TopoSentinel round 55: 0 / 10 rejected  clip_norm=10.2095  threshold=0.4603  history=150
06:02:04  INFO      defenses.toposentinel — TopoSentinel: bottleneck=0.0047  threshold=0.4557
06:02:12  INFO      defenses.toposentinel — TopoSentinel round 56: 0 / 10 rejected  clip_norm=10.0247  threshold=0.4557  history=150
06:03:05  INFO      defenses.toposentinel — TopoSentinel: bottleneck=0.0094  threshold=0.4511
06:03:08  INFO      defenses.toposentinel — TopoSentinel round 57: 0 / 10 rejected  clip_norm=10.2284  threshold=0.4511  history=150
06:04:02  INFO      defenses.toposentinel — TopoSentinel: bottleneck=0.0107  threshold=0.4466
06:04:05  INFO      defenses.toposentinel — TopoSentinel round 58: 0 / 10 rejected  clip_norm=9.6610  threshold=0.4466  history=150
06:04:53  INFO      defenses.toposentinel — TopoSentinel: bottleneck=0.0064  threshold=0.4421
06:04:56  INFO      defenses.toposentinel — TopoSentinel round 59: 0 / 10 rejected  clip_norm=9.8743  threshold=0.4421  history=150
06:05:43  INFO      defenses.toposentinel — TopoSentinel: bottleneck=0.0053  threshold=0.4377
06:05:47  INFO      defenses.toposentinel — TopoSentinel round 60: 0 / 10 rejected  clip_norm=9.6290  threshold=0.4377  history=150
06:06:00  INFO      experiment.runner — Round   61/200  |  acc:  79.26%  loss: 0.6777  |  FPR: 0.0%  |  mF1: 79.1%
06:06:37  INFO      defenses.toposentinel — TopoSentinel: bottleneck=0.0074  threshold=0.4333
06:06:41  INFO      defenses.toposentinel — TopoSentinel round 61: 0 / 10 rejected  clip_norm=9.7228  threshold=0.4333  history=150
06:07:29  INFO      defenses.toposentinel — TopoSentinel: bottleneck=0.0059  threshold=0.4290
06:07:33  INFO      defenses.toposentinel — TopoSentinel round 62: 0 / 10 rejected  clip_norm=10.1233  threshold=0.4290  history=150
06:08:21  INFO      defenses.toposentinel — TopoSentinel: bottleneck=0.0121  threshold=0.4247
06:08:24  INFO      defenses.toposentinel — TopoSentinel round 63: 0 / 10 rejected  clip_norm=9.4145  threshold=0.4247  history=150
06:09:12  INFO      defenses.toposentinel — TopoSentinel: bottleneck=0.0126  threshold=0.4205
06:09:19  INFO      defenses.toposentinel — TopoSentinel round 64: 0 / 10 rejected  clip_norm=10.3576  threshold=0.4205  history=150
06:10:05  INFO      defenses.toposentinel — TopoSentinel: bottleneck=0.0112  threshold=0.4163
06:10:09  INFO      defenses.toposentinel — TopoSentinel round 65: 0 / 10 rejected  clip_norm=9.8349  threshold=0.4163  history=150
06:11:00  INFO      defenses.toposentinel — TopoSentinel: bottleneck=0.0080  threshold=0.4121
06:11:03  INFO      defenses.toposentinel — TopoSentinel round 66: 0 / 10 rejected  clip_norm=9.5507  threshold=0.4121  history=150
06:11:53  INFO      defenses.toposentinel — TopoSentinel: bottleneck=0.0068  threshold=0.4080
06:11:57  INFO      defenses.toposentinel — TopoSentinel round 67: 0 / 10 rejected  clip_norm=9.6421  threshold=0.4080  history=150
06:12:46  INFO      defenses.toposentinel — TopoSentinel: bottleneck=0.0037  threshold=0.4039
06:12:50  INFO      defenses.toposentinel — TopoSentinel round 68: 0 / 10 rejected  clip_norm=9.6854  threshold=0.4039  history=150
06:13:40  INFO      defenses.toposentinel — TopoSentinel: bottleneck=0.0057  threshold=0.3999
06:13:43  INFO      defenses.toposentinel — TopoSentinel round 69: 0 / 10 rejected  clip_norm=9.1791  threshold=0.3999  history=150
06:14:29  INFO      defenses.toposentinel — TopoSentinel: bottleneck=0.0043  threshold=0.3959
06:14:32  INFO      defenses.toposentinel — TopoSentinel round 70: 0 / 10 rejected  clip_norm=9.5290  threshold=0.3959  history=150
06:14:47  INFO      experiment.runner — Round   71/200  |  acc:  80.86%  loss: 0.6432  |  FPR: 0.0%  |  mF1: 80.8%
06:15:23  INFO      defenses.toposentinel — TopoSentinel: bottleneck=0.0067  threshold=0.3919
06:15:26  INFO      defenses.toposentinel — TopoSentinel round 71: 0 / 10 rejected  clip_norm=9.9035  threshold=0.3919  history=150
06:16:13  INFO      defenses.toposentinel — TopoSentinel: bottleneck=0.0090  threshold=0.3880
06:16:17  INFO      defenses.toposentinel — TopoSentinel round 72: 0 / 10 rejected  clip_norm=9.4320  threshold=0.3880  history=150
06:17:04  INFO      defenses.toposentinel — TopoSentinel: bottleneck=0.0038  threshold=0.3841
06:17:07  INFO      defenses.toposentinel — TopoSentinel round 73: 0 / 10 rejected  clip_norm=9.3847  threshold=0.3841  history=150
06:17:54  INFO      defenses.toposentinel — TopoSentinel: bottleneck=0.0071  threshold=0.3803
06:17:57  INFO      defenses.toposentinel — TopoSentinel round 74: 0 / 10 rejected  clip_norm=9.6552  threshold=0.3803  history=150
06:18:47  INFO      defenses.toposentinel — TopoSentinel: bottleneck=0.0150  threshold=0.3765
06:18:51  INFO      defenses.toposentinel — TopoSentinel round 75: 0 / 10 rejected  clip_norm=9.5082  threshold=0.3765  history=150
06:19:39  INFO      defenses.toposentinel — TopoSentinel: bottleneck=0.0139  threshold=0.3727
06:19:42  INFO      defenses.toposentinel — TopoSentinel round 76: 0 / 10 rejected  clip_norm=9.7206  threshold=0.3727  history=150
06:20:28  INFO      defenses.toposentinel — TopoSentinel: bottleneck=0.0126  threshold=0.3690
06:20:32  INFO      defenses.toposentinel — TopoSentinel round 77: 0 / 10 rejected  clip_norm=9.6558  threshold=0.3690  history=150
06:21:20  INFO      defenses.toposentinel — TopoSentinel: bottleneck=0.0063  threshold=0.3653
06:21:23  INFO      defenses.toposentinel — TopoSentinel round 78: 0 / 10 rejected  clip_norm=9.4493  threshold=0.3653  history=150
06:22:11  INFO      defenses.toposentinel — TopoSentinel: bottleneck=0.0096  threshold=0.3616
06:22:14  INFO      defenses.toposentinel — TopoSentinel round 79: 0 / 10 rejected  clip_norm=9.4640  threshold=0.3616  history=150
06:23:01  INFO      defenses.toposentinel — TopoSentinel: bottleneck=0.0120  threshold=0.3580
06:23:05  INFO      defenses.toposentinel — TopoSentinel round 80: 0 / 10 rejected  clip_norm=9.5346  threshold=0.3580  history=150
06:23:18  INFO      experiment.runner — Round   81/200  |  acc:  81.84%  loss: 0.6242  |  FPR: 0.0%  |  mF1: 81.8%
06:23:59  INFO      defenses.toposentinel — TopoSentinel: bottleneck=0.0079  threshold=0.3544
06:24:02  INFO      defenses.toposentinel — TopoSentinel round 81: 0 / 10 rejected  clip_norm=9.1707  threshold=0.3544  history=150
06:24:50  INFO      defenses.toposentinel — TopoSentinel: bottleneck=0.0062  threshold=0.3509
06:24:54  INFO      defenses.toposentinel — TopoSentinel round 82: 0 / 10 rejected  clip_norm=9.4921  threshold=0.3509  history=150
06:25:40  INFO      defenses.toposentinel — TopoSentinel: bottleneck=0.0102  threshold=0.3474
06:25:44  INFO      defenses.toposentinel — TopoSentinel round 83: 0 / 10 rejected  clip_norm=9.3549  threshold=0.3474  history=150
06:26:30  INFO      defenses.toposentinel — TopoSentinel: bottleneck=0.0087  threshold=0.3439
06:26:34  INFO      defenses.toposentinel — TopoSentinel round 84: 0 / 10 rejected  clip_norm=8.9714  threshold=0.3439  history=150
06:27:19  INFO      defenses.toposentinel — TopoSentinel: bottleneck=0.0071  threshold=0.3405
06:27:22  INFO      defenses.toposentinel — TopoSentinel round 85: 0 / 10 rejected  clip_norm=9.3036  threshold=0.3405  history=150
06:28:10  INFO      defenses.toposentinel — TopoSentinel: bottleneck=0.0099  threshold=0.3371
06:28:13  INFO      defenses.toposentinel — TopoSentinel round 86: 0 / 10 rejected  clip_norm=8.9270  threshold=0.3371  history=150
06:29:03  INFO      defenses.toposentinel — TopoSentinel: bottleneck=0.0105  threshold=0.3337
06:29:06  INFO      defenses.toposentinel — TopoSentinel round 87: 0 / 10 rejected  clip_norm=10.0567  threshold=0.3337  history=150
06:29:54  INFO      defenses.toposentinel — TopoSentinel: bottleneck=0.0063  threshold=0.3304
06:29:57  INFO      defenses.toposentinel — TopoSentinel round 88: 0 / 10 rejected  clip_norm=9.4667  threshold=0.3304  history=150
06:30:44  INFO      defenses.toposentinel — TopoSentinel: bottleneck=0.0088  threshold=0.3271
06:30:49  INFO      defenses.toposentinel — TopoSentinel round 89: 0 / 10 rejected  clip_norm=8.6703  threshold=0.3271  history=150
06:31:35  INFO      defenses.toposentinel — TopoSentinel: bottleneck=0.0041  threshold=0.3238
06:31:39  INFO      defenses.toposentinel — TopoSentinel round 90: 0 / 10 rejected  clip_norm=9.0394  threshold=0.3238  history=150
06:31:54  INFO      experiment.runner — Round   91/200  |  acc:  82.75%  loss: 0.5944  |  FPR: 0.0%  |  mF1: 82.7%
06:32:31  INFO      defenses.toposentinel — TopoSentinel: bottleneck=0.0053  threshold=0.3205
06:32:34  INFO      defenses.toposentinel — TopoSentinel round 91: 0 / 10 rejected  clip_norm=8.8300  threshold=0.3205  history=150
06:33:22  INFO      defenses.toposentinel — TopoSentinel: bottleneck=0.0060  threshold=0.3173
06:33:25  INFO      defenses.toposentinel — TopoSentinel round 92: 0 / 10 rejected  clip_norm=9.5334  threshold=0.3173  history=150
06:34:16  INFO      defenses.toposentinel — TopoSentinel: bottleneck=0.0090  threshold=0.3142
06:34:21  INFO      defenses.toposentinel — TopoSentinel round 93: 0 / 10 rejected  clip_norm=9.5048  threshold=0.3142  history=150
06:35:06  INFO      defenses.toposentinel — TopoSentinel: bottleneck=0.0088  threshold=0.3110
06:35:09  INFO      defenses.toposentinel — TopoSentinel round 94: 0 / 10 rejected  clip_norm=9.2384  threshold=0.3110  history=150
06:35:55  INFO      defenses.toposentinel — TopoSentinel: bottleneck=0.0024  threshold=0.3079
06:35:59  INFO      defenses.toposentinel — TopoSentinel round 95: 0 / 10 rejected  clip_norm=9.3105  threshold=0.3079  history=150
06:36:46  INFO      defenses.toposentinel — TopoSentinel: bottleneck=0.0062  threshold=0.3048
06:36:51  INFO      defenses.toposentinel — TopoSentinel round 96: 0 / 10 rejected  clip_norm=9.0662  threshold=0.3048  history=150
06:37:37  INFO      defenses.toposentinel — TopoSentinel: bottleneck=0.0038  threshold=0.3018
06:37:40  INFO      defenses.toposentinel — TopoSentinel round 97: 0 / 10 rejected  clip_norm=9.4825  threshold=0.3018  history=150
06:38:29  INFO      defenses.toposentinel — TopoSentinel: bottleneck=0.0041  threshold=0.2988
06:38:32  INFO      defenses.toposentinel — TopoSentinel round 98: 0 / 10 rejected  clip_norm=9.3306  threshold=0.2988  history=150
06:39:25  INFO      defenses.toposentinel — TopoSentinel: bottleneck=0.0029  threshold=0.2958
06:39:28  INFO      defenses.toposentinel — TopoSentinel round 99: 0 / 10 rejected  clip_norm=9.0182  threshold=0.2958  history=150
06:40:15  INFO      defenses.toposentinel — TopoSentinel: bottleneck=0.0082  threshold=0.2928
06:40:19  INFO      defenses.toposentinel — TopoSentinel round 100: 0 / 10 rejected  clip_norm=9.3119  threshold=0.2928  history=150
06:40:33  INFO      experiment.runner — Round  101/200  |  acc:  83.62%  loss: 0.5904  |  FPR: 0.0%  |  mF1: 83.6%
06:41:10  INFO      defenses.toposentinel — TopoSentinel: bottleneck=0.0029  threshold=0.2899
06:41:14  INFO      defenses.toposentinel — TopoSentinel round 101: 0 / 10 rejected  clip_norm=8.9036  threshold=0.2899  history=150
06:42:04  INFO      defenses.toposentinel — TopoSentinel: bottleneck=0.0036  threshold=0.2870
06:42:07  INFO      defenses.toposentinel — TopoSentinel round 102: 0 / 10 rejected  clip_norm=8.9007  threshold=0.2870  history=150
06:42:57  INFO      defenses.toposentinel — TopoSentinel: bottleneck=0.0053  threshold=0.2841
06:43:00  INFO      defenses.toposentinel — TopoSentinel round 103: 0 / 10 rejected  clip_norm=8.9588  threshold=0.2841  history=150
06:43:54  INFO      defenses.toposentinel — TopoSentinel: bottleneck=0.0158  threshold=0.2813
06:43:57  INFO      defenses.toposentinel — TopoSentinel round 104: 0 / 10 rejected  clip_norm=9.7404  threshold=0.2813  history=150
06:44:46  INFO      defenses.toposentinel — TopoSentinel: bottleneck=0.0229  threshold=0.2785
06:44:50  INFO      defenses.toposentinel — TopoSentinel round 105: 0 / 10 rejected  clip_norm=8.7428  threshold=0.2785  history=150
06:45:42  INFO      defenses.toposentinel — TopoSentinel: bottleneck=0.0083  threshold=0.2757
06:45:45  INFO      defenses.toposentinel — TopoSentinel round 106: 0 / 10 rejected  clip_norm=9.1382  threshold=0.2757  history=150
06:46:37  INFO      defenses.toposentinel — TopoSentinel: bottleneck=0.0066  threshold=0.2729
06:46:43  INFO      defenses.toposentinel — TopoSentinel round 107: 0 / 10 rejected  clip_norm=8.9907  threshold=0.2729  history=150
06:47:30  INFO      defenses.toposentinel — TopoSentinel: bottleneck=0.0031  threshold=0.2702
06:47:33  INFO      defenses.toposentinel — TopoSentinel round 108: 0 / 10 rejected  clip_norm=8.6646  threshold=0.2702  history=150
06:48:23  INFO      defenses.toposentinel — TopoSentinel: bottleneck=0.0033  threshold=0.2675
06:48:27  INFO      defenses.toposentinel — TopoSentinel round 109: 0 / 10 rejected  clip_norm=9.0879  threshold=0.2675  history=150
06:49:19  INFO      defenses.toposentinel — TopoSentinel: bottleneck=0.0056  threshold=0.2648
06:49:26  INFO      defenses.toposentinel — TopoSentinel round 110: 0 / 10 rejected  clip_norm=9.0962  threshold=0.2648  history=150
06:49:39  INFO      experiment.runner — Round  111/200  |  acc:  84.48%  loss: 0.5492  |  FPR: 0.0%  |  mF1: 84.5%
06:50:17  INFO      defenses.toposentinel — TopoSentinel: bottleneck=0.0123  threshold=0.2622
06:50:20  INFO      defenses.toposentinel — TopoSentinel round 111: 0 / 10 rejected  clip_norm=8.6053  threshold=0.2622  history=150
06:51:11  INFO      defenses.toposentinel — TopoSentinel: bottleneck=0.0065  threshold=0.2596
06:51:15  INFO      defenses.toposentinel — TopoSentinel round 112: 0 / 10 rejected  clip_norm=8.9051  threshold=0.2596  history=150
06:52:03  INFO      defenses.toposentinel — TopoSentinel: bottleneck=0.0096  threshold=0.2570
06:52:06  INFO      defenses.toposentinel — TopoSentinel round 113: 0 / 10 rejected  clip_norm=8.7543  threshold=0.2570  history=150
06:52:53  INFO      defenses.toposentinel — TopoSentinel: bottleneck=0.0113  threshold=0.2544
06:52:57  INFO      defenses.toposentinel — TopoSentinel round 114: 0 / 10 rejected  clip_norm=8.7513  threshold=0.2544  history=150
06:53:47  INFO      defenses.toposentinel — TopoSentinel: bottleneck=0.0075  threshold=0.2518
06:53:52  INFO      defenses.toposentinel — TopoSentinel round 115: 0 / 10 rejected  clip_norm=9.1400  threshold=0.2518  history=150
06:54:41  INFO      defenses.toposentinel — TopoSentinel: bottleneck=0.0045  threshold=0.2493
06:54:44  INFO      defenses.toposentinel — TopoSentinel round 116: 0 / 10 rejected  clip_norm=8.8478  threshold=0.2493  history=150
06:55:31  INFO      defenses.toposentinel — TopoSentinel: bottleneck=0.0076  threshold=0.2468
06:55:34  INFO      defenses.toposentinel — TopoSentinel round 117: 0 / 10 rejected  clip_norm=8.9884  threshold=0.2468  history=150
06:56:22  INFO      defenses.toposentinel — TopoSentinel: bottleneck=0.0089  threshold=0.2444
06:56:26  INFO      defenses.toposentinel — TopoSentinel round 118: 0 / 10 rejected  clip_norm=8.7432  threshold=0.2444  history=150
06:57:16  INFO      defenses.toposentinel — TopoSentinel: bottleneck=0.0034  threshold=0.2419
06:57:20  INFO      defenses.toposentinel — TopoSentinel round 119: 0 / 10 rejected  clip_norm=8.5213  threshold=0.2419  history=150
06:58:07  INFO      defenses.toposentinel — TopoSentinel: bottleneck=0.0065  threshold=0.2395
06:58:10  INFO      defenses.toposentinel — TopoSentinel round 120: 0 / 10 rejected  clip_norm=9.0200  threshold=0.2395  history=150
06:58:24  INFO      experiment.runner — Round  121/200  |  acc:  85.49%  loss: 0.5323  |  FPR: 0.0%  |  mF1: 85.5%
06:59:02  INFO      defenses.toposentinel — TopoSentinel: bottleneck=0.0046  threshold=0.2371
06:59:06  INFO      defenses.toposentinel — TopoSentinel round 121: 0 / 10 rejected  clip_norm=8.3977  threshold=0.2371  history=150
06:59:54  INFO      defenses.toposentinel — TopoSentinel: bottleneck=0.0051  threshold=0.2347
06:59:57  INFO      defenses.toposentinel — TopoSentinel round 122: 0 / 10 rejected  clip_norm=8.8175  threshold=0.2347  history=150
07:00:45  INFO      defenses.toposentinel — TopoSentinel: bottleneck=0.0123  threshold=0.2324
07:00:49  INFO      defenses.toposentinel — TopoSentinel round 123: 0 / 10 rejected  clip_norm=8.1129  threshold=0.2324  history=150
07:01:37  INFO      defenses.toposentinel — TopoSentinel: bottleneck=0.0154  threshold=0.2301
07:01:40  INFO      defenses.toposentinel — TopoSentinel round 124: 0 / 10 rejected  clip_norm=8.6472  threshold=0.2301  history=150
07:02:27  INFO      defenses.toposentinel — TopoSentinel: bottleneck=0.0040  threshold=0.2278
07:02:30  INFO      defenses.toposentinel — TopoSentinel round 125: 0 / 10 rejected  clip_norm=8.5830  threshold=0.2278  history=150
07:03:17  INFO      defenses.toposentinel — TopoSentinel: bottleneck=0.0046  threshold=0.2255
07:03:22  INFO      defenses.toposentinel — TopoSentinel round 126: 0 / 10 rejected  clip_norm=8.3487  threshold=0.2255  history=150
07:04:13  INFO      defenses.toposentinel — TopoSentinel: bottleneck=0.0081  threshold=0.2232
07:04:17  INFO      defenses.toposentinel — TopoSentinel round 127: 0 / 10 rejected  clip_norm=8.6954  threshold=0.2232  history=150
07:05:06  INFO      defenses.toposentinel — TopoSentinel: bottleneck=0.0079  threshold=0.2210
07:05:09  INFO      defenses.toposentinel — TopoSentinel round 128: 0 / 10 rejected  clip_norm=8.7665  threshold=0.2210  history=150
07:05:57  INFO      defenses.toposentinel — TopoSentinel: bottleneck=0.0078  threshold=0.2188
07:06:01  INFO      defenses.toposentinel — TopoSentinel round 129: 0 / 10 rejected  clip_norm=8.9166  threshold=0.2188  history=150
07:06:49  INFO      defenses.toposentinel — TopoSentinel: bottleneck=0.0132  threshold=0.2166
07:06:52  INFO      defenses.toposentinel — TopoSentinel round 130: 0 / 10 rejected  clip_norm=8.5894  threshold=0.2166  history=150
07:07:06  INFO      experiment.runner — Round  131/200  |  acc:  85.59%  loss: 0.5264  |  FPR: 0.0%  |  mF1: 85.4%
07:07:44  INFO      defenses.toposentinel — TopoSentinel: bottleneck=0.0054  threshold=0.2144
07:07:48  INFO      defenses.toposentinel — TopoSentinel round 131: 0 / 10 rejected  clip_norm=8.3019  threshold=0.2144  history=150
07:08:35  INFO      defenses.toposentinel — TopoSentinel: bottleneck=0.0180  threshold=0.2123
07:08:39  INFO      defenses.toposentinel — TopoSentinel round 132: 0 / 10 rejected  clip_norm=8.5560  threshold=0.2123  history=150
07:09:28  INFO      defenses.toposentinel — TopoSentinel: bottleneck=0.0086  threshold=0.2102
07:09:31  INFO      defenses.toposentinel — TopoSentinel round 133: 0 / 10 rejected  clip_norm=8.2780  threshold=0.2102  history=150
07:10:19  INFO      defenses.toposentinel — TopoSentinel: bottleneck=0.0089  threshold=0.2081
07:10:23  INFO      defenses.toposentinel — TopoSentinel round 134: 0 / 10 rejected  clip_norm=8.3950  threshold=0.2081  history=150
07:11:10  INFO      defenses.toposentinel — TopoSentinel: bottleneck=0.0063  threshold=0.2060
07:11:13  INFO      defenses.toposentinel — TopoSentinel round 135: 0 / 10 rejected  clip_norm=8.2539  threshold=0.2060  history=150
07:12:03  INFO      defenses.toposentinel — TopoSentinel: bottleneck=0.0071  threshold=0.2039
07:12:07  INFO      defenses.toposentinel — TopoSentinel round 136: 0 / 10 rejected  clip_norm=8.3454  threshold=0.2039  history=150
07:12:53  INFO      defenses.toposentinel — TopoSentinel: bottleneck=0.0065  threshold=0.2019
07:12:56  INFO      defenses.toposentinel — TopoSentinel round 137: 0 / 10 rejected  clip_norm=8.8129  threshold=0.2019  history=150
07:13:45  INFO      defenses.toposentinel — TopoSentinel: bottleneck=0.0116  threshold=0.1999
07:13:49  INFO      defenses.toposentinel — TopoSentinel round 138: 0 / 10 rejected  clip_norm=9.2280  threshold=0.1999  history=150
07:14:41  INFO      defenses.toposentinel — TopoSentinel: bottleneck=0.0151  threshold=0.1979
07:14:45  INFO      defenses.toposentinel — TopoSentinel round 139: 0 / 10 rejected  clip_norm=8.5570  threshold=0.1979  history=150
07:15:35  INFO      defenses.toposentinel — TopoSentinel: bottleneck=0.0081  threshold=0.1959
07:15:39  INFO      defenses.toposentinel — TopoSentinel round 140: 0 / 10 rejected  clip_norm=8.4349  threshold=0.1959  history=150
07:15:53  INFO      experiment.runner — Round  141/200  |  acc:  86.10%  loss: 0.5114  |  FPR: 0.0%  |  mF1: 86.0%
07:16:30  INFO      defenses.toposentinel — TopoSentinel: bottleneck=0.0114  threshold=0.1939
07:16:34  INFO      defenses.toposentinel — TopoSentinel round 141: 0 / 10 rejected  clip_norm=8.6070  threshold=0.1939  history=150
07:17:24  INFO      defenses.toposentinel — TopoSentinel: bottleneck=0.0093  threshold=0.1920
07:17:28  INFO      defenses.toposentinel — TopoSentinel round 142: 0 / 10 rejected  clip_norm=8.0532  threshold=0.1920  history=150
07:18:19  INFO      defenses.toposentinel — TopoSentinel: bottleneck=0.0108  threshold=0.1901
07:18:23  INFO      defenses.toposentinel — TopoSentinel round 143: 0 / 10 rejected  clip_norm=8.3026  threshold=0.1901  history=150
07:19:16  INFO      defenses.toposentinel — TopoSentinel: bottleneck=0.0134  threshold=0.1882
07:19:20  INFO      defenses.toposentinel — TopoSentinel round 144: 0 / 10 rejected  clip_norm=8.1065  threshold=0.1882  history=150
07:20:11  INFO      defenses.toposentinel — TopoSentinel: bottleneck=0.0079  threshold=0.1863
07:20:15  INFO      defenses.toposentinel — TopoSentinel round 145: 0 / 10 rejected  clip_norm=8.5007  threshold=0.1863  history=150
07:21:05  INFO      defenses.toposentinel — TopoSentinel: bottleneck=0.0129  threshold=0.1844
07:21:09  INFO      defenses.toposentinel — TopoSentinel round 146: 0 / 10 rejected  clip_norm=8.2427  threshold=0.1844  history=150
07:21:58  INFO      defenses.toposentinel — TopoSentinel: bottleneck=0.0155  threshold=0.1826
07:22:01  INFO      defenses.toposentinel — TopoSentinel round 147: 0 / 10 rejected  clip_norm=8.5360  threshold=0.1826  history=150
07:22:49  INFO      defenses.toposentinel — TopoSentinel: bottleneck=0.0107  threshold=0.1808
07:22:53  INFO      defenses.toposentinel — TopoSentinel round 148: 0 / 10 rejected  clip_norm=8.1808  threshold=0.1808  history=150
07:23:42  INFO      defenses.toposentinel — TopoSentinel: bottleneck=0.0080  threshold=0.1790
07:23:45  INFO      defenses.toposentinel — TopoSentinel round 149: 0 / 10 rejected  clip_norm=8.6282  threshold=0.1790  history=150
07:24:37  INFO      defenses.toposentinel — TopoSentinel: bottleneck=0.0048  threshold=0.1772
07:24:41  INFO      defenses.toposentinel — TopoSentinel round 150: 0 / 10 rejected  clip_norm=8.4219  threshold=0.1772  history=150
07:25:03  INFO      experiment.runner — Round  151/200  |  acc:  86.26%  loss: 0.5148  |  FPR: 0.0%  |  mF1: 86.2%
07:25:42  INFO      defenses.toposentinel — TopoSentinel: bottleneck=0.0066  threshold=0.1754
07:25:46  INFO      defenses.toposentinel — TopoSentinel round 151: 0 / 10 rejected  clip_norm=8.4075  threshold=0.1754  history=150
07:26:35  INFO      defenses.toposentinel — TopoSentinel: bottleneck=0.0048  threshold=0.1736
07:26:39  INFO      defenses.toposentinel — TopoSentinel round 152: 0 / 10 rejected  clip_norm=8.2347  threshold=0.1736  history=150
07:27:28  INFO      defenses.toposentinel — TopoSentinel: bottleneck=0.0075  threshold=0.1719
07:27:31  INFO      defenses.toposentinel — TopoSentinel round 153: 0 / 10 rejected  clip_norm=8.2467  threshold=0.1719  history=150
07:28:21  INFO      defenses.toposentinel — TopoSentinel: bottleneck=0.0087  threshold=0.1702
07:28:25  INFO      defenses.toposentinel — TopoSentinel round 154: 0 / 10 rejected  clip_norm=8.6317  threshold=0.1702  history=150
07:29:15  INFO      defenses.toposentinel — TopoSentinel: bottleneck=0.0205  threshold=0.1685
07:29:19  INFO      defenses.toposentinel — TopoSentinel round 155: 0 / 10 rejected  clip_norm=8.4639  threshold=0.1685  history=150
07:30:11  INFO      defenses.toposentinel — TopoSentinel: bottleneck=0.0172  threshold=0.1668
07:30:14  INFO      defenses.toposentinel — TopoSentinel round 156: 0 / 10 rejected  clip_norm=8.1480  threshold=0.1668  history=150
07:31:01  INFO      defenses.toposentinel — TopoSentinel: bottleneck=0.0051  threshold=0.1651
07:31:05  INFO      defenses.toposentinel — TopoSentinel round 157: 0 / 10 rejected  clip_norm=8.2149  threshold=0.1651  history=150
07:31:53  INFO      defenses.toposentinel — TopoSentinel: bottleneck=0.0067  threshold=0.1635
07:31:56  INFO      defenses.toposentinel — TopoSentinel round 158: 0 / 10 rejected  clip_norm=8.0858  threshold=0.1635  history=150
07:32:44  INFO      defenses.toposentinel — TopoSentinel: bottleneck=0.0043  threshold=0.1618
07:32:48  INFO      defenses.toposentinel — TopoSentinel round 159: 0 / 10 rejected  clip_norm=8.4760  threshold=0.1618  history=150
07:33:36  INFO      defenses.toposentinel — TopoSentinel: bottleneck=0.0118  threshold=0.1602
07:33:39  INFO      defenses.toposentinel — TopoSentinel round 160: 0 / 10 rejected  clip_norm=7.5311  threshold=0.1602  history=150
07:33:52  INFO      experiment.runner — Round  161/200  |  acc:  86.90%  loss: 0.4957  |  FPR: 0.0%  |  mF1: 86.9%
07:34:29  INFO      defenses.toposentinel — TopoSentinel: bottleneck=0.0159  threshold=0.1586
07:34:33  INFO      defenses.toposentinel — TopoSentinel round 161: 0 / 10 rejected  clip_norm=8.1339  threshold=0.1586  history=150
07:35:22  INFO      defenses.toposentinel — TopoSentinel: bottleneck=0.0111  threshold=0.1570
07:35:25  INFO      defenses.toposentinel — TopoSentinel round 162: 0 / 10 rejected  clip_norm=8.3954  threshold=0.1570  history=150
07:36:13  INFO      defenses.toposentinel — TopoSentinel: bottleneck=0.0180  threshold=0.1555
07:36:16  INFO      defenses.toposentinel — TopoSentinel round 163: 0 / 10 rejected  clip_norm=7.9406  threshold=0.1555  history=150
07:37:03  INFO      defenses.toposentinel — TopoSentinel: bottleneck=0.0088  threshold=0.1539
07:37:07  INFO      defenses.toposentinel — TopoSentinel round 164: 0 / 10 rejected  clip_norm=8.4815  threshold=0.1539  history=150
07:37:54  INFO      defenses.toposentinel — TopoSentinel: bottleneck=0.0072  threshold=0.1524
07:37:58  INFO      defenses.toposentinel — TopoSentinel round 165: 0 / 10 rejected  clip_norm=8.0977  threshold=0.1524  history=150
07:38:46  INFO      defenses.toposentinel — TopoSentinel: bottleneck=0.0087  threshold=0.1508
07:38:49  INFO      defenses.toposentinel — TopoSentinel round 166: 0 / 10 rejected  clip_norm=7.8969  threshold=0.1508  history=150
07:39:36  INFO      defenses.toposentinel — TopoSentinel: bottleneck=0.0063  threshold=0.1493
07:39:39  INFO      defenses.toposentinel — TopoSentinel round 167: 0 / 10 rejected  clip_norm=8.3004  threshold=0.1493  history=150
07:40:33  INFO      defenses.toposentinel — TopoSentinel: bottleneck=0.0064  threshold=0.1478
07:40:37  INFO      defenses.toposentinel — TopoSentinel round 168: 0 / 10 rejected  clip_norm=7.9687  threshold=0.1478  history=150
07:41:24  INFO      defenses.toposentinel — TopoSentinel: bottleneck=0.0106  threshold=0.1464
07:41:28  INFO      defenses.toposentinel — TopoSentinel round 169: 0 / 10 rejected  clip_norm=7.8160  threshold=0.1464  history=150
07:42:15  INFO      defenses.toposentinel — TopoSentinel: bottleneck=0.0137  threshold=0.1449
07:42:19  INFO      defenses.toposentinel — TopoSentinel round 170: 0 / 10 rejected  clip_norm=8.4348  threshold=0.1449  history=150
07:42:33  INFO      experiment.runner — Round  171/200  |  acc:  86.53%  loss: 0.5039  |  FPR: 0.0%  |  mF1: 86.4%
07:43:10  INFO      defenses.toposentinel — TopoSentinel: bottleneck=0.0067  threshold=0.1435
07:43:14  INFO      defenses.toposentinel — TopoSentinel round 171: 0 / 10 rejected  clip_norm=8.1463  threshold=0.1435  history=150
07:44:01  INFO      defenses.toposentinel — TopoSentinel: bottleneck=0.0044  threshold=0.1420
07:44:04  INFO      defenses.toposentinel — TopoSentinel round 172: 0 / 10 rejected  clip_norm=7.9309  threshold=0.1420  history=150
07:44:52  INFO      defenses.toposentinel — TopoSentinel: bottleneck=0.0087  threshold=0.1406
07:44:55  INFO      defenses.toposentinel — TopoSentinel round 173: 0 / 10 rejected  clip_norm=8.3155  threshold=0.1406  history=150
07:45:43  INFO      defenses.toposentinel — TopoSentinel: bottleneck=0.0088  threshold=0.1392
07:45:47  INFO      defenses.toposentinel — TopoSentinel round 174: 0 / 10 rejected  clip_norm=7.8768  threshold=0.1392  history=150
07:46:35  INFO      defenses.toposentinel — TopoSentinel: bottleneck=0.0059  threshold=0.1378
07:46:39  INFO      defenses.toposentinel — TopoSentinel round 175: 0 / 10 rejected  clip_norm=8.1956  threshold=0.1378  history=150
07:47:26  INFO      defenses.toposentinel — TopoSentinel: bottleneck=0.0134  threshold=0.1364
07:47:29  INFO      defenses.toposentinel — TopoSentinel round 176: 0 / 10 rejected  clip_norm=7.3341  threshold=0.1364  history=150
07:48:16  INFO      defenses.toposentinel — TopoSentinel: bottleneck=0.0067  threshold=0.1351
07:48:21  INFO      defenses.toposentinel — TopoSentinel round 177: 0 / 10 rejected  clip_norm=7.9663  threshold=0.1351  history=150
07:49:09  INFO      defenses.toposentinel — TopoSentinel: bottleneck=0.0078  threshold=0.1337
07:49:12  INFO      defenses.toposentinel — TopoSentinel round 178: 0 / 10 rejected  clip_norm=8.3156  threshold=0.1337  history=150
07:50:03  INFO      defenses.toposentinel — TopoSentinel: bottleneck=0.0135  threshold=0.1324
07:50:07  INFO      defenses.toposentinel — TopoSentinel round 179: 0 / 10 rejected  clip_norm=7.6403  threshold=0.1324  history=150
07:50:53  INFO      defenses.toposentinel — TopoSentinel: bottleneck=0.0031  threshold=0.1310
07:50:58  INFO      defenses.toposentinel — TopoSentinel round 180: 0 / 10 rejected  clip_norm=7.5394  threshold=0.1310  history=150
07:51:11  INFO      experiment.runner — Round  181/200  |  acc:  87.14%  loss: 0.5051  |  FPR: 0.0%  |  mF1: 87.1%
07:51:49  INFO      defenses.toposentinel — TopoSentinel: bottleneck=0.0055  threshold=0.1297
07:51:52  INFO      defenses.toposentinel — TopoSentinel round 181: 0 / 10 rejected  clip_norm=7.8171  threshold=0.1297  history=150
07:52:42  INFO      defenses.toposentinel — TopoSentinel: bottleneck=0.0069  threshold=0.1284
07:52:46  INFO      defenses.toposentinel — TopoSentinel round 182: 0 / 10 rejected  clip_norm=8.0041  threshold=0.1284  history=150
07:53:34  INFO      defenses.toposentinel — TopoSentinel: bottleneck=0.0054  threshold=0.1272
07:53:38  INFO      defenses.toposentinel — TopoSentinel round 183: 0 / 10 rejected  clip_norm=8.0164  threshold=0.1272  history=150
07:54:26  INFO      defenses.toposentinel — TopoSentinel: bottleneck=0.0080  threshold=0.1259
07:54:29  INFO      defenses.toposentinel — TopoSentinel round 184: 0 / 10 rejected  clip_norm=7.5146  threshold=0.1259  history=150
07:55:19  INFO      defenses.toposentinel — TopoSentinel: bottleneck=0.0066  threshold=0.1246
07:55:22  INFO      defenses.toposentinel — TopoSentinel round 185: 0 / 10 rejected  clip_norm=8.0425  threshold=0.1246  history=150
07:56:11  INFO      defenses.toposentinel — TopoSentinel: bottleneck=0.0054  threshold=0.1234
07:56:14  INFO      defenses.toposentinel — TopoSentinel round 186: 0 / 10 rejected  clip_norm=8.2694  threshold=0.1234  history=150
07:57:03  INFO      defenses.toposentinel — TopoSentinel: bottleneck=0.0086  threshold=0.1221
07:57:07  INFO      defenses.toposentinel — TopoSentinel round 187: 0 / 10 rejected  clip_norm=7.8922  threshold=0.1221  history=150
07:57:54  INFO      defenses.toposentinel — TopoSentinel: bottleneck=0.0145  threshold=0.1209
07:57:57  INFO      defenses.toposentinel — TopoSentinel round 188: 0 / 10 rejected  clip_norm=7.6949  threshold=0.1209  history=150
07:58:45  INFO      defenses.toposentinel — TopoSentinel: bottleneck=0.0085  threshold=0.1197
07:58:49  INFO      defenses.toposentinel — TopoSentinel round 189: 0 / 10 rejected  clip_norm=7.8847  threshold=0.1197  history=150
07:59:38  INFO      defenses.toposentinel — TopoSentinel: bottleneck=0.0151  threshold=0.1185
07:59:45  INFO      defenses.toposentinel — TopoSentinel round 190: 0 / 10 rejected  clip_norm=7.6435  threshold=0.1185  history=150
08:00:02  INFO      experiment.runner — Round  191/200  |  acc:  86.80%  loss: 0.5039  |  FPR: 0.0%  |  mF1: 86.7%
08:00:39  INFO      defenses.toposentinel — TopoSentinel: bottleneck=0.0111  threshold=0.1173
08:00:43  INFO      defenses.toposentinel — TopoSentinel round 191: 0 / 10 rejected  clip_norm=7.6297  threshold=0.1173  history=150
08:01:30  INFO      defenses.toposentinel — TopoSentinel: bottleneck=0.0062  threshold=0.1162
08:01:33  INFO      defenses.toposentinel — TopoSentinel round 192: 0 / 10 rejected  clip_norm=8.1784  threshold=0.1162  history=150
08:02:22  INFO      defenses.toposentinel — TopoSentinel: bottleneck=0.0138  threshold=0.1150
08:02:26  INFO      defenses.toposentinel — TopoSentinel round 193: 0 / 10 rejected  clip_norm=7.7634  threshold=0.1150  history=150
08:03:14  INFO      defenses.toposentinel — TopoSentinel: bottleneck=0.0147  threshold=0.1138
08:03:17  INFO      defenses.toposentinel — TopoSentinel round 194: 0 / 10 rejected  clip_norm=7.8119  threshold=0.1138  history=150
08:04:06  INFO      defenses.toposentinel — TopoSentinel: bottleneck=0.0064  threshold=0.1127
08:04:10  INFO      defenses.toposentinel — TopoSentinel round 195: 0 / 10 rejected  clip_norm=7.2131  threshold=0.1127  history=150
08:05:00  INFO      defenses.toposentinel — TopoSentinel: bottleneck=0.0146  threshold=0.1116
08:05:03  INFO      defenses.toposentinel — TopoSentinel round 196: 0 / 10 rejected  clip_norm=8.2634  threshold=0.1116  history=150
08:05:50  INFO      defenses.toposentinel — TopoSentinel: bottleneck=0.0109  threshold=0.1105
08:05:54  INFO      defenses.toposentinel — TopoSentinel round 197: 0 / 10 rejected  clip_norm=7.9066  threshold=0.1105  history=150
08:06:42  INFO      defenses.toposentinel — TopoSentinel: bottleneck=0.0168  threshold=0.1094
08:06:46  INFO      defenses.toposentinel — TopoSentinel round 198: 0 / 10 rejected  clip_norm=7.4531  threshold=0.1094  history=150
08:07:33  INFO      defenses.toposentinel — TopoSentinel: bottleneck=0.0151  threshold=0.1083
08:07:36  INFO      defenses.toposentinel — TopoSentinel round 199: 0 / 10 rejected  clip_norm=7.4811  threshold=0.1083  history=150
08:07:51  INFO      experiment.runner — Round  200/200  |  acc:  87.66%  loss: 0.4804  |  FPR: 0.0%  |  mF1: 87.6%
08:07:51  INFO      experiment.runner — Final model saved to results/benchmark/cifar10_none_toposentinel_seed6/final_model.pt
08:07:51  INFO      experiment.runner — Client atypicality written to results/benchmark/cifar10_none_toposentinel_seed6/client_atypicality.json
08:07:51  INFO      experiment.runner — Client inclusion rates written to results/benchmark/cifar10_none_toposentinel_seed6/client_inclusion.csv
08:07:51  INFO      experiment.runner — Anomaly scores written to results/benchmark/cifar10_none_toposentinel_seed6/anomaly_scores.csv (2000 rows)
08:07:51  INFO      benchmark — ✓  cifar10_none_toposentinel_seed6  (175.6 min)
08:07:51  INFO      benchmark — ▶  cifar10_none_toposentinel_seed7
08:07:51  INFO      experiment.runner — Initialising 'cifar10_none_toposentinel_seed7' | device=cuda | rounds=200 | clients=10/100 | attack=none | defense=toposentinel
08:07:55  INFO      defenses.toposentinel — TopoSentinelServer — metric=euclidean  threshold=0.800→0.010 (decay=0.9900)  history_window=20  interval_percentiles=[5, 95]
08:08:06  INFO      experiment.utils — Built 100 clients — 0 malicious, 100 benign.
08:08:06  INFO      experiment.runner — Setup complete — 100 clients (0 malicious) | backdoor eval: none

==============================================================
  Summary — 21 rounds evaluated
==============================================================
  Final clean accuracy               87.66%
  Best  clean accuracy               87.66%
  Final clean loss                   0.4804
  Macro F1                           87.60%
  Pooled FPR (all rounds)             0.00%
==============================================================

Files already downloaded and verified
Files already downloaded and verified
Files already downloaded and verified
Files already downloaded and verified
08:08:44  INFO      defenses.toposentinel — TopoSentinel round 0: 0 / 10 rejected  clip_norm=57.6510  threshold=0.8000  history=10
08:08:58  INFO      experiment.runner — Round    1/200  |  acc:  14.20%  loss: 3.1646  |  FPR: 0.0%  |  mF1: 8.5%
08:09:34  INFO      defenses.toposentinel — TopoSentinel: bottleneck=0.0459  threshold=0.7920
08:09:37  INFO      defenses.toposentinel — TopoSentinel round 1: 0 / 10 rejected  clip_norm=21.9475  threshold=0.7920  history=20
08:10:27  INFO      defenses.toposentinel — TopoSentinel: bottleneck=0.0456  threshold=0.7841
08:10:30  INFO      defenses.toposentinel — TopoSentinel round 2: 0 / 10 rejected  clip_norm=17.6298  threshold=0.7841  history=30
08:11:17  INFO      defenses.toposentinel — TopoSentinel: bottleneck=0.0203  threshold=0.7762
08:11:21  INFO      defenses.toposentinel — TopoSentinel round 3: 0 / 10 rejected  clip_norm=14.9582  threshold=0.7762  history=40
08:12:06  INFO      defenses.toposentinel — TopoSentinel: bottleneck=0.0105  threshold=0.7685
08:12:12  INFO      defenses.toposentinel — TopoSentinel round 4: 0 / 10 rejected  clip_norm=13.5032  threshold=0.7685  history=50
08:12:57  INFO      defenses.toposentinel — TopoSentinel: bottleneck=0.0033  threshold=0.7608
08:13:02  INFO      defenses.toposentinel — TopoSentinel round 5: 0 / 10 rejected  clip_norm=13.2856  threshold=0.7608  history=60
08:13:50  INFO      defenses.toposentinel — TopoSentinel: bottleneck=0.0074  threshold=0.7532
08:13:53  INFO      defenses.toposentinel — TopoSentinel round 6: 0 / 10 rejected  clip_norm=12.3622  threshold=0.7532  history=70
08:14:41  INFO      defenses.toposentinel — TopoSentinel: bottleneck=0.0061  threshold=0.7457
08:14:47  INFO      defenses.toposentinel — TopoSentinel round 7: 0 / 10 rejected  clip_norm=11.7198  threshold=0.7457  history=80
08:15:41  INFO      defenses.toposentinel — TopoSentinel: bottleneck=0.0056  threshold=0.7382
08:15:45  INFO      defenses.toposentinel — TopoSentinel round 8: 0 / 10 rejected  clip_norm=11.6944  threshold=0.7382  history=90
08:16:34  INFO      defenses.toposentinel — TopoSentinel: bottleneck=0.0026  threshold=0.7308
08:16:37  INFO      defenses.toposentinel — TopoSentinel round 9: 0 / 10 rejected  clip_norm=11.6459  threshold=0.7308  history=100
08:17:26  INFO      defenses.toposentinel — TopoSentinel: bottleneck=0.0032  threshold=0.7235
08:17:29  INFO      defenses.toposentinel — TopoSentinel round 10: 0 / 10 rejected  clip_norm=11.6205  threshold=0.7235  history=110
08:17:45  INFO      experiment.runner — Round   11/200  |  acc:  56.22%  loss: 1.3000  |  FPR: 0.0%  |  mF1: 56.2%
08:18:19  INFO      defenses.toposentinel — TopoSentinel: bottleneck=0.0013  threshold=0.7163
08:18:22  INFO      defenses.toposentinel — TopoSentinel round 11: 0 / 10 rejected  clip_norm=11.5392  threshold=0.7163  history=120
08:19:11  INFO      defenses.toposentinel — TopoSentinel: bottleneck=0.0018  threshold=0.7091
08:19:14  INFO      defenses.toposentinel — TopoSentinel round 12: 0 / 10 rejected  clip_norm=11.4487  threshold=0.7091  history=130
08:20:02  INFO      defenses.toposentinel — TopoSentinel: bottleneck=0.0032  threshold=0.7020
08:20:05  INFO      defenses.toposentinel — TopoSentinel round 13: 0 / 10 rejected  clip_norm=11.5965  threshold=0.7020  history=140
08:20:52  INFO      defenses.toposentinel — TopoSentinel: bottleneck=0.0009  threshold=0.6950
08:20:56  INFO      defenses.toposentinel — TopoSentinel round 14: 0 / 10 rejected  clip_norm=11.2685  threshold=0.6950  history=150
08:21:44  INFO      defenses.toposentinel — TopoSentinel: bottleneck=0.0033  threshold=0.6880
08:21:47  INFO      defenses.toposentinel — TopoSentinel round 15: 0 / 10 rejected  clip_norm=11.2833  threshold=0.6880  history=150
08:22:35  INFO      defenses.toposentinel — TopoSentinel: bottleneck=0.0049  threshold=0.6812
08:22:39  INFO      defenses.toposentinel — TopoSentinel round 16: 0 / 10 rejected  clip_norm=11.5497  threshold=0.6812  history=150
08:23:27  INFO      defenses.toposentinel — TopoSentinel: bottleneck=0.0041  threshold=0.6744
08:23:31  INFO      defenses.toposentinel — TopoSentinel round 17: 0 / 10 rejected  clip_norm=11.1739  threshold=0.6744  history=150
08:24:17  INFO      defenses.toposentinel — TopoSentinel: bottleneck=0.0018  threshold=0.6676
08:24:20  INFO      defenses.toposentinel — TopoSentinel round 18: 0 / 10 rejected  clip_norm=11.0828  threshold=0.6676  history=150
08:25:08  INFO      defenses.toposentinel — TopoSentinel: bottleneck=0.0032  threshold=0.6609
08:25:11  INFO      defenses.toposentinel — TopoSentinel round 19: 0 / 10 rejected  clip_norm=11.4770  threshold=0.6609  history=150
08:25:59  INFO      defenses.toposentinel — TopoSentinel: bottleneck=0.0043  threshold=0.6543
08:26:02  INFO      defenses.toposentinel — TopoSentinel round 20: 0 / 10 rejected  clip_norm=10.8796  threshold=0.6543  history=150
08:26:16  INFO      experiment.runner — Round   21/200  |  acc:  66.12%  loss: 1.0118  |  FPR: 0.0%  |  mF1: 66.1%
08:26:52  INFO      defenses.toposentinel — TopoSentinel: bottleneck=0.0023  threshold=0.6478
08:26:55  INFO      defenses.toposentinel — TopoSentinel round 21: 0 / 10 rejected  clip_norm=11.0250  threshold=0.6478  history=150
08:27:41  INFO      defenses.toposentinel — TopoSentinel: bottleneck=0.0027  threshold=0.6413
08:27:46  INFO      defenses.toposentinel — TopoSentinel round 22: 0 / 10 rejected  clip_norm=10.7721  threshold=0.6413  history=150
08:28:32  INFO      defenses.toposentinel — TopoSentinel: bottleneck=0.0054  threshold=0.6349
08:28:35  INFO      defenses.toposentinel — TopoSentinel round 23: 0 / 10 rejected  clip_norm=11.2975  threshold=0.6349  history=150
08:29:23  INFO      defenses.toposentinel — TopoSentinel: bottleneck=0.0018  threshold=0.6285
08:29:26  INFO      defenses.toposentinel — TopoSentinel round 24: 0 / 10 rejected  clip_norm=10.9066  threshold=0.6285  history=150
08:30:15  INFO      defenses.toposentinel — TopoSentinel: bottleneck=0.0037  threshold=0.6223
08:30:19  INFO      defenses.toposentinel — TopoSentinel round 25: 0 / 10 rejected  clip_norm=11.0885  threshold=0.6223  history=150
08:31:06  INFO      defenses.toposentinel — TopoSentinel: bottleneck=0.0018  threshold=0.6160
08:31:10  INFO      defenses.toposentinel — TopoSentinel round 26: 0 / 10 rejected  clip_norm=10.9929  threshold=0.6160  history=150
08:31:57  INFO      defenses.toposentinel — TopoSentinel: bottleneck=0.0016  threshold=0.6099
08:32:01  INFO      defenses.toposentinel — TopoSentinel round 27: 0 / 10 rejected  clip_norm=10.6198  threshold=0.6099  history=150
08:32:47  INFO      defenses.toposentinel — TopoSentinel: bottleneck=0.0020  threshold=0.6038
08:32:51  INFO      defenses.toposentinel — TopoSentinel round 28: 0 / 10 rejected  clip_norm=10.5549  threshold=0.6038  history=150
08:33:38  INFO      defenses.toposentinel — TopoSentinel: bottleneck=0.0037  threshold=0.5977
08:33:41  INFO      defenses.toposentinel — TopoSentinel round 29: 0 / 10 rejected  clip_norm=10.8336  threshold=0.5977  history=150
08:34:33  INFO      defenses.toposentinel — TopoSentinel: bottleneck=0.0042  threshold=0.5918
08:34:37  INFO      defenses.toposentinel — TopoSentinel round 30: 0 / 10 rejected  clip_norm=10.7329  threshold=0.5918  history=150
08:34:51  INFO      experiment.runner — Round   31/200  |  acc:  71.07%  loss: 0.9141  |  FPR: 0.0%  |  mF1: 70.9%
08:35:28  INFO      defenses.toposentinel — TopoSentinel: bottleneck=0.0070  threshold=0.5858
08:35:36  INFO      defenses.toposentinel — TopoSentinel round 31: 0 / 10 rejected  clip_norm=11.1177  threshold=0.5858  history=150
08:36:26  INFO      defenses.toposentinel — TopoSentinel: bottleneck=0.0032  threshold=0.5800
08:36:29  INFO      defenses.toposentinel — TopoSentinel round 32: 0 / 10 rejected  clip_norm=10.8372  threshold=0.5800  history=150
08:37:19  INFO      defenses.toposentinel — TopoSentinel: bottleneck=0.0097  threshold=0.5742
08:37:24  INFO      defenses.toposentinel — TopoSentinel round 33: 0 / 10 rejected  clip_norm=10.3356  threshold=0.5742  history=150
08:38:14  INFO      defenses.toposentinel — TopoSentinel: bottleneck=0.0096  threshold=0.5684
08:38:17  INFO      defenses.toposentinel — TopoSentinel round 34: 0 / 10 rejected  clip_norm=10.8785  threshold=0.5684  history=150
08:39:09  INFO      defenses.toposentinel — TopoSentinel: bottleneck=0.0039  threshold=0.5628
08:39:13  INFO      defenses.toposentinel — TopoSentinel round 35: 0 / 10 rejected  clip_norm=10.7274  threshold=0.5628  history=150
08:40:03  INFO      defenses.toposentinel — TopoSentinel: bottleneck=0.0030  threshold=0.5571
08:40:09  INFO      defenses.toposentinel — TopoSentinel round 36: 0 / 10 rejected  clip_norm=10.1863  threshold=0.5571  history=150
08:40:59  INFO      defenses.toposentinel — TopoSentinel: bottleneck=0.0030  threshold=0.5516
08:41:03  INFO      defenses.toposentinel — TopoSentinel round 37: 0 / 10 rejected  clip_norm=10.2965  threshold=0.5516  history=150
08:41:52  INFO      defenses.toposentinel — TopoSentinel: bottleneck=0.0042  threshold=0.5460
08:41:55  INFO      defenses.toposentinel — TopoSentinel round 38: 0 / 10 rejected  clip_norm=10.5627  threshold=0.5460  history=150
08:42:44  INFO      defenses.toposentinel — TopoSentinel: bottleneck=0.0071  threshold=0.5406
08:42:48  INFO      defenses.toposentinel — TopoSentinel round 39: 0 / 10 rejected  clip_norm=10.4158  threshold=0.5406  history=150
08:43:36  INFO      defenses.toposentinel — TopoSentinel: bottleneck=0.0052  threshold=0.5352
08:43:39  INFO      defenses.toposentinel — TopoSentinel round 40: 0 / 10 rejected  clip_norm=10.1150  threshold=0.5352  history=150
08:43:53  INFO      experiment.runner — Round   41/200  |  acc:  75.10%  loss: 0.8052  |  FPR: 0.0%  |  mF1: 75.1%
08:44:31  INFO      defenses.toposentinel — TopoSentinel: bottleneck=0.0086  threshold=0.5298
08:44:35  INFO      defenses.toposentinel — TopoSentinel round 41: 0 / 10 rejected  clip_norm=10.3524  threshold=0.5298  history=150
08:45:22  INFO      defenses.toposentinel — TopoSentinel: bottleneck=0.0132  threshold=0.5245
08:45:25  INFO      defenses.toposentinel — TopoSentinel round 42: 0 / 10 rejected  clip_norm=9.9038  threshold=0.5245  history=150
08:46:15  INFO      defenses.toposentinel — TopoSentinel: bottleneck=0.0056  threshold=0.5193
08:46:18  INFO      defenses.toposentinel — TopoSentinel round 43: 0 / 10 rejected  clip_norm=10.3400  threshold=0.5193  history=150
08:47:05  INFO      defenses.toposentinel — TopoSentinel: bottleneck=0.0061  threshold=0.5141
08:47:09  INFO      defenses.toposentinel — TopoSentinel round 44: 0 / 10 rejected  clip_norm=10.4872  threshold=0.5141  history=150
08:47:57  INFO      defenses.toposentinel — TopoSentinel: bottleneck=0.0049  threshold=0.5089
08:48:01  INFO      defenses.toposentinel — TopoSentinel round 45: 0 / 10 rejected  clip_norm=10.2437  threshold=0.5089  history=150
08:48:49  INFO      defenses.toposentinel — TopoSentinel: bottleneck=0.0051  threshold=0.5039
08:48:52  INFO      defenses.toposentinel — TopoSentinel round 46: 0 / 10 rejected  clip_norm=10.2567  threshold=0.5039  history=150
08:49:40  INFO      defenses.toposentinel — TopoSentinel: bottleneck=0.0032  threshold=0.4988
08:49:43  INFO      defenses.toposentinel — TopoSentinel round 47: 0 / 10 rejected  clip_norm=10.1726  threshold=0.4988  history=150
08:50:30  INFO      defenses.toposentinel — TopoSentinel: bottleneck=0.0030  threshold=0.4938
08:50:33  INFO      defenses.toposentinel — TopoSentinel round 48: 0 / 10 rejected  clip_norm=10.0537  threshold=0.4938  history=150
08:51:23  INFO      defenses.toposentinel — TopoSentinel: bottleneck=0.0081  threshold=0.4889
08:51:26  INFO      defenses.toposentinel — TopoSentinel round 49: 0 / 10 rejected  clip_norm=10.4590  threshold=0.4889  history=150
08:52:16  INFO      defenses.toposentinel — TopoSentinel: bottleneck=0.0068  threshold=0.4840
08:52:19  INFO      defenses.toposentinel — TopoSentinel round 50: 0 / 10 rejected  clip_norm=10.1646  threshold=0.4840  history=150
08:52:33  INFO      experiment.runner — Round   51/200  |  acc:  77.18%  loss: 0.7438  |  FPR: 0.0%  |  mF1: 77.1%
08:53:10  INFO      defenses.toposentinel — TopoSentinel: bottleneck=0.0029  threshold=0.4792
08:53:13  INFO      defenses.toposentinel — TopoSentinel round 51: 0 / 10 rejected  clip_norm=10.0152  threshold=0.4792  history=150
08:54:04  INFO      defenses.toposentinel — TopoSentinel: bottleneck=0.0042  threshold=0.4744
08:54:07  INFO      defenses.toposentinel — TopoSentinel round 52: 0 / 10 rejected  clip_norm=9.8913  threshold=0.4744  history=150
08:54:55  INFO      defenses.toposentinel — TopoSentinel: bottleneck=0.0032  threshold=0.4696
08:54:59  INFO      defenses.toposentinel — TopoSentinel round 53: 0 / 10 rejected  clip_norm=9.6871  threshold=0.4696  history=150
08:55:48  INFO      defenses.toposentinel — TopoSentinel: bottleneck=0.0034  threshold=0.4649
08:55:56  INFO      defenses.toposentinel — TopoSentinel round 54: 0 / 10 rejected  clip_norm=9.8740  threshold=0.4649  history=150
08:56:46  INFO      defenses.toposentinel — TopoSentinel: bottleneck=0.0088  threshold=0.4603
08:56:50  INFO      defenses.toposentinel — TopoSentinel round 55: 0 / 10 rejected  clip_norm=10.2273  threshold=0.4603  history=150
08:57:37  INFO      defenses.toposentinel — TopoSentinel: bottleneck=0.0093  threshold=0.4557
08:57:40  INFO      defenses.toposentinel — TopoSentinel round 56: 0 / 10 rejected  clip_norm=10.0447  threshold=0.4557  history=150
08:58:28  INFO      defenses.toposentinel — TopoSentinel: bottleneck=0.0054  threshold=0.4511
08:58:32  INFO      defenses.toposentinel — TopoSentinel round 57: 0 / 10 rejected  clip_norm=9.9536  threshold=0.4511  history=150
08:59:20  INFO      defenses.toposentinel — TopoSentinel: bottleneck=0.0062  threshold=0.4466
08:59:23  INFO      defenses.toposentinel — TopoSentinel round 58: 0 / 10 rejected  clip_norm=9.7334  threshold=0.4466  history=150
09:00:10  INFO      defenses.toposentinel — TopoSentinel: bottleneck=0.0087  threshold=0.4421
09:00:13  INFO      defenses.toposentinel — TopoSentinel round 59: 0 / 10 rejected  clip_norm=10.1415  threshold=0.4421  history=150
09:01:03  INFO      defenses.toposentinel — TopoSentinel: bottleneck=0.0022  threshold=0.4377
09:01:06  INFO      defenses.toposentinel — TopoSentinel round 60: 0 / 10 rejected  clip_norm=9.7535  threshold=0.4377  history=150
09:01:21  INFO      experiment.runner — Round   61/200  |  acc:  79.22%  loss: 0.6826  |  FPR: 0.0%  |  mF1: 79.2%
09:01:58  INFO      defenses.toposentinel — TopoSentinel: bottleneck=0.0090  threshold=0.4333
09:02:01  INFO      defenses.toposentinel — TopoSentinel round 61: 0 / 10 rejected  clip_norm=9.3569  threshold=0.4333  history=150
09:02:50  INFO      defenses.toposentinel — TopoSentinel: bottleneck=0.0031  threshold=0.4290
09:02:53  INFO      defenses.toposentinel — TopoSentinel round 62: 0 / 10 rejected  clip_norm=9.0879  threshold=0.4290  history=150
09:03:42  INFO      defenses.toposentinel — TopoSentinel: bottleneck=0.0068  threshold=0.4247
09:03:46  INFO      defenses.toposentinel — TopoSentinel round 63: 0 / 10 rejected  clip_norm=9.8455  threshold=0.4247  history=150
09:04:33  INFO      defenses.toposentinel — TopoSentinel: bottleneck=0.0121  threshold=0.4205
09:04:37  INFO      defenses.toposentinel — TopoSentinel round 64: 0 / 10 rejected  clip_norm=9.4181  threshold=0.4205  history=150
09:05:23  INFO      defenses.toposentinel — TopoSentinel: bottleneck=0.0125  threshold=0.4163
09:05:27  INFO      defenses.toposentinel — TopoSentinel round 65: 0 / 10 rejected  clip_norm=9.8431  threshold=0.4163  history=150
09:06:16  INFO      defenses.toposentinel — TopoSentinel: bottleneck=0.0034  threshold=0.4121
09:06:19  INFO      defenses.toposentinel — TopoSentinel round 66: 0 / 10 rejected  clip_norm=9.8838  threshold=0.4121  history=150
09:07:07  INFO      defenses.toposentinel — TopoSentinel: bottleneck=0.0040  threshold=0.4080
09:07:10  INFO      defenses.toposentinel — TopoSentinel round 67: 0 / 10 rejected  clip_norm=9.5894  threshold=0.4080  history=150
09:07:57  INFO      defenses.toposentinel — TopoSentinel: bottleneck=0.0114  threshold=0.4039
09:08:00  INFO      defenses.toposentinel — TopoSentinel round 68: 0 / 10 rejected  clip_norm=9.7820  threshold=0.4039  history=150
09:08:48  INFO      defenses.toposentinel — TopoSentinel: bottleneck=0.0081  threshold=0.3999
09:08:52  INFO      defenses.toposentinel — TopoSentinel round 69: 0 / 10 rejected  clip_norm=9.3293  threshold=0.3999  history=150
09:09:38  INFO      defenses.toposentinel — TopoSentinel: bottleneck=0.0046  threshold=0.3959
09:09:41  INFO      defenses.toposentinel — TopoSentinel round 70: 0 / 10 rejected  clip_norm=9.5055  threshold=0.3959  history=150
09:09:54  INFO      experiment.runner — Round   71/200  |  acc:  80.51%  loss: 0.6607  |  FPR: 0.0%  |  mF1: 80.5%
09:10:31  INFO      defenses.toposentinel — TopoSentinel: bottleneck=0.0118  threshold=0.3919
09:10:34  INFO      defenses.toposentinel — TopoSentinel round 71: 0 / 10 rejected  clip_norm=9.7567  threshold=0.3919  history=150
09:11:24  INFO      defenses.toposentinel — TopoSentinel: bottleneck=0.0055  threshold=0.3880
09:11:27  INFO      defenses.toposentinel — TopoSentinel round 72: 0 / 10 rejected  clip_norm=9.2767  threshold=0.3880  history=150
09:12:16  INFO      defenses.toposentinel — TopoSentinel: bottleneck=0.0068  threshold=0.3841
09:12:19  INFO      defenses.toposentinel — TopoSentinel round 73: 0 / 10 rejected  clip_norm=9.5470  threshold=0.3841  history=150
09:13:05  INFO      defenses.toposentinel — TopoSentinel: bottleneck=0.0041  threshold=0.3803
09:13:09  INFO      defenses.toposentinel — TopoSentinel round 74: 0 / 10 rejected  clip_norm=9.5270  threshold=0.3803  history=150
09:13:55  INFO      defenses.toposentinel — TopoSentinel: bottleneck=0.0030  threshold=0.3765
09:13:59  INFO      defenses.toposentinel — TopoSentinel round 75: 0 / 10 rejected  clip_norm=9.5948  threshold=0.3765  history=150
09:14:47  INFO      defenses.toposentinel — TopoSentinel: bottleneck=0.0052  threshold=0.3727
09:14:50  INFO      defenses.toposentinel — TopoSentinel round 76: 0 / 10 rejected  clip_norm=9.6755  threshold=0.3727  history=150
09:15:36  INFO      defenses.toposentinel — TopoSentinel: bottleneck=0.0083  threshold=0.3690
09:15:39  INFO      defenses.toposentinel — TopoSentinel round 77: 0 / 10 rejected  clip_norm=9.7036  threshold=0.3690  history=150
09:16:33  INFO      defenses.toposentinel — TopoSentinel: bottleneck=0.0096  threshold=0.3653
09:16:38  INFO      defenses.toposentinel — TopoSentinel round 78: 0 / 10 rejected  clip_norm=9.1002  threshold=0.3653  history=150
09:17:26  INFO      defenses.toposentinel — TopoSentinel: bottleneck=0.0055  threshold=0.3616
09:17:29  INFO      defenses.toposentinel — TopoSentinel round 79: 0 / 10 rejected  clip_norm=9.1601  threshold=0.3616  history=150
09:18:18  INFO      defenses.toposentinel — TopoSentinel: bottleneck=0.0069  threshold=0.3580
09:18:21  INFO      defenses.toposentinel — TopoSentinel round 80: 0 / 10 rejected  clip_norm=9.3527  threshold=0.3580  history=150
09:18:34  INFO      experiment.runner — Round   81/200  |  acc:  81.74%  loss: 0.6473  |  FPR: 0.0%  |  mF1: 81.5%
09:19:10  INFO      defenses.toposentinel — TopoSentinel: bottleneck=0.0054  threshold=0.3544
09:19:13  INFO      defenses.toposentinel — TopoSentinel round 81: 0 / 10 rejected  clip_norm=9.0876  threshold=0.3544  history=150
09:20:00  INFO      defenses.toposentinel — TopoSentinel: bottleneck=0.0076  threshold=0.3509
09:20:04  INFO      defenses.toposentinel — TopoSentinel round 82: 0 / 10 rejected  clip_norm=9.4613  threshold=0.3509  history=150
09:20:54  INFO      defenses.toposentinel — TopoSentinel: bottleneck=0.0090  threshold=0.3474
09:20:57  INFO      defenses.toposentinel — TopoSentinel round 83: 0 / 10 rejected  clip_norm=9.1286  threshold=0.3474  history=150
09:21:44  INFO      defenses.toposentinel — TopoSentinel: bottleneck=0.0028  threshold=0.3439
09:21:47  INFO      defenses.toposentinel — TopoSentinel round 84: 0 / 10 rejected  clip_norm=9.2266  threshold=0.3439  history=150
09:22:34  INFO      defenses.toposentinel — TopoSentinel: bottleneck=0.0024  threshold=0.3405
09:22:38  INFO      defenses.toposentinel — TopoSentinel round 85: 0 / 10 rejected  clip_norm=9.3425  threshold=0.3405  history=150
09:23:24  INFO      defenses.toposentinel — TopoSentinel: bottleneck=0.0046  threshold=0.3371
09:23:27  INFO      defenses.toposentinel — TopoSentinel round 86: 0 / 10 rejected  clip_norm=9.3661  threshold=0.3371  history=150
09:24:15  INFO      defenses.toposentinel — TopoSentinel: bottleneck=0.0058  threshold=0.3337
09:24:18  INFO      defenses.toposentinel — TopoSentinel round 87: 0 / 10 rejected  clip_norm=9.2324  threshold=0.3337  history=150
09:25:06  INFO      defenses.toposentinel — TopoSentinel: bottleneck=0.0039  threshold=0.3304
09:25:09  INFO      defenses.toposentinel — TopoSentinel round 88: 0 / 10 rejected  clip_norm=8.8616  threshold=0.3304  history=150
09:26:00  INFO      defenses.toposentinel — TopoSentinel: bottleneck=0.0090  threshold=0.3271
09:26:03  INFO      defenses.toposentinel — TopoSentinel round 89: 0 / 10 rejected  clip_norm=8.5581  threshold=0.3271  history=150
09:26:51  INFO      defenses.toposentinel — TopoSentinel: bottleneck=0.0083  threshold=0.3238
09:26:55  INFO      defenses.toposentinel — TopoSentinel round 90: 0 / 10 rejected  clip_norm=9.0402  threshold=0.3238  history=150
09:27:08  INFO      experiment.runner — Round   91/200  |  acc:  82.73%  loss: 0.5996  |  FPR: 0.0%  |  mF1: 82.7%
09:27:49  INFO      defenses.toposentinel — TopoSentinel: bottleneck=0.0086  threshold=0.3205
09:27:52  INFO      defenses.toposentinel — TopoSentinel round 91: 0 / 10 rejected  clip_norm=9.2767  threshold=0.3205  history=150
09:28:40  INFO      defenses.toposentinel — TopoSentinel: bottleneck=0.0031  threshold=0.3173
09:28:44  INFO      defenses.toposentinel — TopoSentinel round 92: 0 / 10 rejected  clip_norm=9.3199  threshold=0.3173  history=150
09:29:31  INFO      defenses.toposentinel — TopoSentinel: bottleneck=0.0055  threshold=0.3142
09:29:34  INFO      defenses.toposentinel — TopoSentinel round 93: 0 / 10 rejected  clip_norm=8.9883  threshold=0.3142  history=150
09:30:22  INFO      defenses.toposentinel — TopoSentinel: bottleneck=0.0051  threshold=0.3110
09:30:25  INFO      defenses.toposentinel — TopoSentinel round 94: 0 / 10 rejected  clip_norm=8.9791  threshold=0.3110  history=150
09:31:13  INFO      defenses.toposentinel — TopoSentinel: bottleneck=0.0069  threshold=0.3079
09:31:18  INFO      defenses.toposentinel — TopoSentinel round 95: 0 / 10 rejected  clip_norm=8.7384  threshold=0.3079  history=150
09:32:05  INFO      defenses.toposentinel — TopoSentinel: bottleneck=0.0078  threshold=0.3048
09:32:08  INFO      defenses.toposentinel — TopoSentinel round 96: 0 / 10 rejected  clip_norm=9.0764  threshold=0.3048  history=150
09:32:57  INFO      defenses.toposentinel — TopoSentinel: bottleneck=0.0082  threshold=0.3018
09:33:00  INFO      defenses.toposentinel — TopoSentinel round 97: 0 / 10 rejected  clip_norm=9.1131  threshold=0.3018  history=150
09:33:47  INFO      defenses.toposentinel — TopoSentinel: bottleneck=0.0099  threshold=0.2988
09:33:50  INFO      defenses.toposentinel — TopoSentinel round 98: 0 / 10 rejected  clip_norm=8.7341  threshold=0.2988  history=150
09:34:36  INFO      defenses.toposentinel — TopoSentinel: bottleneck=0.0075  threshold=0.2958
09:34:40  INFO      defenses.toposentinel — TopoSentinel round 99: 0 / 10 rejected  clip_norm=9.1256  threshold=0.2958  history=150
09:35:24  INFO      defenses.toposentinel — TopoSentinel: bottleneck=0.0035  threshold=0.2928
09:35:27  INFO      defenses.toposentinel — TopoSentinel round 100: 0 / 10 rejected  clip_norm=8.6601  threshold=0.2928  history=150
09:35:41  INFO      experiment.runner — Round  101/200  |  acc:  83.73%  loss: 0.5788  |  FPR: 0.0%  |  mF1: 83.6%
09:36:18  INFO      defenses.toposentinel — TopoSentinel: bottleneck=0.0052  threshold=0.2899
09:36:21  INFO      defenses.toposentinel — TopoSentinel round 101: 0 / 10 rejected  clip_norm=9.0809  threshold=0.2899  history=150
09:37:08  INFO      defenses.toposentinel — TopoSentinel: bottleneck=0.0139  threshold=0.2870
09:37:11  INFO      defenses.toposentinel — TopoSentinel round 102: 0 / 10 rejected  clip_norm=8.4535  threshold=0.2870  history=150
09:37:57  INFO      defenses.toposentinel — TopoSentinel: bottleneck=0.0166  threshold=0.2841
09:38:02  INFO      defenses.toposentinel — TopoSentinel round 103: 0 / 10 rejected  clip_norm=9.2102  threshold=0.2841  history=150
09:38:47  INFO      defenses.toposentinel — TopoSentinel: bottleneck=0.0139  threshold=0.2813
09:38:51  INFO      defenses.toposentinel — TopoSentinel round 104: 0 / 10 rejected  clip_norm=8.5645  threshold=0.2813  history=150
09:39:37  INFO      defenses.toposentinel — TopoSentinel: bottleneck=0.0167  threshold=0.2785
09:39:40  INFO      defenses.toposentinel — TopoSentinel round 105: 0 / 10 rejected  clip_norm=8.9722  threshold=0.2785  history=150
09:40:26  INFO      defenses.toposentinel — TopoSentinel: bottleneck=0.0048  threshold=0.2757
09:40:30  INFO      defenses.toposentinel — TopoSentinel round 106: 0 / 10 rejected  clip_norm=8.8978  threshold=0.2757  history=150
09:41:17  INFO      defenses.toposentinel — TopoSentinel: bottleneck=0.0144  threshold=0.2729
09:41:20  INFO      defenses.toposentinel — TopoSentinel round 107: 0 / 10 rejected  clip_norm=8.9182  threshold=0.2729  history=150
09:42:07  INFO      defenses.toposentinel — TopoSentinel: bottleneck=0.0175  threshold=0.2702
09:42:11  INFO      defenses.toposentinel — TopoSentinel round 108: 0 / 10 rejected  clip_norm=8.9492  threshold=0.2702  history=150
09:42:57  INFO      defenses.toposentinel — TopoSentinel: bottleneck=0.0150  threshold=0.2675
09:43:01  INFO      defenses.toposentinel — TopoSentinel round 109: 0 / 10 rejected  clip_norm=8.2281  threshold=0.2675  history=150
09:43:45  INFO      defenses.toposentinel — TopoSentinel: bottleneck=0.0176  threshold=0.2648
09:43:50  INFO      defenses.toposentinel — TopoSentinel round 110: 0 / 10 rejected  clip_norm=9.3525  threshold=0.2648  history=150
09:44:03  INFO      experiment.runner — Round  111/200  |  acc:  83.93%  loss: 0.5740  |  FPR: 0.0%  |  mF1: 83.8%
09:44:39  INFO      defenses.toposentinel — TopoSentinel: bottleneck=0.0085  threshold=0.2622
09:44:42  INFO      defenses.toposentinel — TopoSentinel round 111: 0 / 10 rejected  clip_norm=9.0558  threshold=0.2622  history=150
09:45:30  INFO      defenses.toposentinel — TopoSentinel: bottleneck=0.0051  threshold=0.2596
09:45:33  INFO      defenses.toposentinel — TopoSentinel round 112: 0 / 10 rejected  clip_norm=8.6604  threshold=0.2596  history=150
09:46:21  INFO      defenses.toposentinel — TopoSentinel: bottleneck=0.0071  threshold=0.2570
09:46:24  INFO      defenses.toposentinel — TopoSentinel round 113: 0 / 10 rejected  clip_norm=8.7937  threshold=0.2570  history=150
09:47:11  INFO      defenses.toposentinel — TopoSentinel: bottleneck=0.0065  threshold=0.2544
09:47:14  INFO      defenses.toposentinel — TopoSentinel round 114: 0 / 10 rejected  clip_norm=8.8699  threshold=0.2544  history=150
09:48:02  INFO      defenses.toposentinel — TopoSentinel: bottleneck=0.0081  threshold=0.2518
09:48:06  INFO      defenses.toposentinel — TopoSentinel round 115: 0 / 10 rejected  clip_norm=8.5519  threshold=0.2518  history=150
09:48:51  INFO      defenses.toposentinel — TopoSentinel: bottleneck=0.0108  threshold=0.2493
09:48:55  INFO      defenses.toposentinel — TopoSentinel round 116: 0 / 10 rejected  clip_norm=8.7478  threshold=0.2493  history=150
09:49:41  INFO      defenses.toposentinel — TopoSentinel: bottleneck=0.0106  threshold=0.2468
09:49:44  INFO      defenses.toposentinel — TopoSentinel round 117: 0 / 10 rejected  clip_norm=8.6068  threshold=0.2468  history=150
09:50:34  INFO      defenses.toposentinel — TopoSentinel: bottleneck=0.0069  threshold=0.2444
09:50:40  INFO      defenses.toposentinel — TopoSentinel round 118: 0 / 10 rejected  clip_norm=8.9930  threshold=0.2444  history=150
09:51:27  INFO      defenses.toposentinel — TopoSentinel: bottleneck=0.0104  threshold=0.2419
09:51:37  INFO      defenses.toposentinel — TopoSentinel round 119: 0 / 10 rejected  clip_norm=8.2832  threshold=0.2419  history=150
09:52:24  INFO      defenses.toposentinel — TopoSentinel: bottleneck=0.0100  threshold=0.2395
09:52:27  INFO      defenses.toposentinel — TopoSentinel round 120: 0 / 10 rejected  clip_norm=8.7999  threshold=0.2395  history=150
09:52:45  INFO      experiment.runner — Round  121/200  |  acc:  84.56%  loss: 0.5543  |  FPR: 0.0%  |  mF1: 84.6%
09:53:22  INFO      defenses.toposentinel — TopoSentinel: bottleneck=0.0089  threshold=0.2371
09:53:27  INFO      defenses.toposentinel — TopoSentinel round 121: 0 / 10 rejected  clip_norm=8.8278  threshold=0.2371  history=150
09:54:16  INFO      defenses.toposentinel — TopoSentinel: bottleneck=0.0097  threshold=0.2347
09:54:20  INFO      defenses.toposentinel — TopoSentinel round 122: 0 / 10 rejected  clip_norm=8.8929  threshold=0.2347  history=150
09:55:07  INFO      defenses.toposentinel — TopoSentinel: bottleneck=0.0115  threshold=0.2324
09:55:10  INFO      defenses.toposentinel — TopoSentinel round 123: 0 / 10 rejected  clip_norm=8.5237  threshold=0.2324  history=150
09:55:57  INFO      defenses.toposentinel — TopoSentinel: bottleneck=0.0066  threshold=0.2301
09:56:01  INFO      defenses.toposentinel — TopoSentinel round 124: 0 / 10 rejected  clip_norm=8.3736  threshold=0.2301  history=150
09:56:53  INFO      defenses.toposentinel — TopoSentinel: bottleneck=0.0051  threshold=0.2278
09:56:56  INFO      defenses.toposentinel — TopoSentinel round 125: 0 / 10 rejected  clip_norm=8.5078  threshold=0.2278  history=150
09:57:45  INFO      defenses.toposentinel — TopoSentinel: bottleneck=0.0057  threshold=0.2255
09:57:48  INFO      defenses.toposentinel — TopoSentinel round 126: 0 / 10 rejected  clip_norm=8.5318  threshold=0.2255  history=150
09:58:35  INFO      defenses.toposentinel — TopoSentinel: bottleneck=0.0080  threshold=0.2232
09:58:38  INFO      defenses.toposentinel — TopoSentinel round 127: 0 / 10 rejected  clip_norm=8.0630  threshold=0.2232  history=150
09:59:26  INFO      defenses.toposentinel — TopoSentinel: bottleneck=0.0148  threshold=0.2210
09:59:29  INFO      defenses.toposentinel — TopoSentinel round 128: 0 / 10 rejected  clip_norm=8.1265  threshold=0.2210  history=150
10:00:16  INFO      defenses.toposentinel — TopoSentinel: bottleneck=0.0098  threshold=0.2188
10:00:20  INFO      defenses.toposentinel — TopoSentinel round 129: 0 / 10 rejected  clip_norm=8.2700  threshold=0.2188  history=150
10:01:07  INFO      defenses.toposentinel — TopoSentinel: bottleneck=0.0088  threshold=0.2166
10:01:10  INFO      defenses.toposentinel — TopoSentinel round 130: 0 / 10 rejected  clip_norm=8.6771  threshold=0.2166  history=150
10:01:24  INFO      experiment.runner — Round  131/200  |  acc:  84.81%  loss: 0.5475  |  FPR: 0.0%  |  mF1: 84.7%
10:02:08  INFO      defenses.toposentinel — TopoSentinel: bottleneck=0.0119  threshold=0.2144
10:02:12  INFO      defenses.toposentinel — TopoSentinel round 131: 0 / 10 rejected  clip_norm=8.6589  threshold=0.2144  history=150
10:03:00  INFO      defenses.toposentinel — TopoSentinel: bottleneck=0.0026  threshold=0.2123
10:03:05  INFO      defenses.toposentinel — TopoSentinel round 132: 0 / 10 rejected  clip_norm=8.6968  threshold=0.2123  history=150
10:03:56  INFO      defenses.toposentinel — TopoSentinel: bottleneck=0.0117  threshold=0.2102
10:03:59  INFO      defenses.toposentinel — TopoSentinel round 133: 0 / 10 rejected  clip_norm=8.3724  threshold=0.2102  history=150
10:04:50  INFO      defenses.toposentinel — TopoSentinel: bottleneck=0.0146  threshold=0.2081
10:04:53  INFO      defenses.toposentinel — TopoSentinel round 134: 0 / 10 rejected  clip_norm=8.8501  threshold=0.2081  history=150
10:05:45  INFO      defenses.toposentinel — TopoSentinel: bottleneck=0.0111  threshold=0.2060
10:05:51  INFO      defenses.toposentinel — TopoSentinel round 135: 0 / 10 rejected  clip_norm=8.2674  threshold=0.2060  history=150
10:06:42  INFO      defenses.toposentinel — TopoSentinel: bottleneck=0.0065  threshold=0.2039
10:06:47  INFO      defenses.toposentinel — TopoSentinel round 136: 0 / 10 rejected  clip_norm=8.7553  threshold=0.2039  history=150
10:07:36  INFO      defenses.toposentinel — TopoSentinel: bottleneck=0.0076  threshold=0.2019
10:07:39  INFO      defenses.toposentinel — TopoSentinel round 137: 0 / 10 rejected  clip_norm=8.1723  threshold=0.2019  history=150
10:08:27  INFO      defenses.toposentinel — TopoSentinel: bottleneck=0.0140  threshold=0.1999
10:08:31  INFO      defenses.toposentinel — TopoSentinel round 138: 0 / 10 rejected  clip_norm=8.3168  threshold=0.1999  history=150
10:09:20  INFO      defenses.toposentinel — TopoSentinel: bottleneck=0.0139  threshold=0.1979
10:09:24  INFO      defenses.toposentinel — TopoSentinel round 139: 0 / 10 rejected  clip_norm=8.2978  threshold=0.1979  history=150
10:10:13  INFO      defenses.toposentinel — TopoSentinel: bottleneck=0.0144  threshold=0.1959
10:10:16  INFO      defenses.toposentinel — TopoSentinel round 140: 0 / 10 rejected  clip_norm=9.0079  threshold=0.1959  history=150
10:10:30  INFO      experiment.runner — Round  141/200  |  acc:  84.90%  loss: 0.5576  |  FPR: 0.0%  |  mF1: 84.9%
10:11:10  INFO      defenses.toposentinel — TopoSentinel: bottleneck=0.0038  threshold=0.1939
10:11:14  INFO      defenses.toposentinel — TopoSentinel round 141: 0 / 10 rejected  clip_norm=8.4428  threshold=0.1939  history=150
10:12:10  INFO      defenses.toposentinel — TopoSentinel: bottleneck=0.0149  threshold=0.1920
10:12:14  INFO      defenses.toposentinel — TopoSentinel round 142: 0 / 10 rejected  clip_norm=8.3140  threshold=0.1920  history=150
10:13:02  INFO      defenses.toposentinel — TopoSentinel: bottleneck=0.0048  threshold=0.1901
10:13:06  INFO      defenses.toposentinel — TopoSentinel round 143: 0 / 10 rejected  clip_norm=8.0600  threshold=0.1901  history=150
10:13:55  INFO      defenses.toposentinel — TopoSentinel: bottleneck=0.0128  threshold=0.1882
10:13:59  INFO      defenses.toposentinel — TopoSentinel round 144: 0 / 10 rejected  clip_norm=8.3690  threshold=0.1882  history=150
10:14:49  INFO      defenses.toposentinel — TopoSentinel: bottleneck=0.0096  threshold=0.1863
10:14:53  INFO      defenses.toposentinel — TopoSentinel round 145: 0 / 10 rejected  clip_norm=8.2241  threshold=0.1863  history=150
10:15:43  INFO      defenses.toposentinel — TopoSentinel: bottleneck=0.0070  threshold=0.1844
10:15:47  INFO      defenses.toposentinel — TopoSentinel round 146: 0 / 10 rejected  clip_norm=8.1465  threshold=0.1844  history=150
10:16:37  INFO      defenses.toposentinel — TopoSentinel: bottleneck=0.0096  threshold=0.1826
10:16:41  INFO      defenses.toposentinel — TopoSentinel round 147: 0 / 10 rejected  clip_norm=8.5344  threshold=0.1826  history=150
10:17:31  INFO      defenses.toposentinel — TopoSentinel: bottleneck=0.0039  threshold=0.1808
10:17:34  INFO      defenses.toposentinel — TopoSentinel round 148: 0 / 10 rejected  clip_norm=7.8676  threshold=0.1808  history=150
10:18:24  INFO      defenses.toposentinel — TopoSentinel: bottleneck=0.0066  threshold=0.1790
10:18:27  INFO      defenses.toposentinel — TopoSentinel round 149: 0 / 10 rejected  clip_norm=8.1836  threshold=0.1790  history=150
10:19:20  INFO      defenses.toposentinel — TopoSentinel: bottleneck=0.0076  threshold=0.1772
10:19:23  INFO      defenses.toposentinel — TopoSentinel round 150: 0 / 10 rejected  clip_norm=7.8387  threshold=0.1772  history=150
10:19:41  INFO      experiment.runner — Round  151/200  |  acc:  85.36%  loss: 0.5434  |  FPR: 0.0%  |  mF1: 85.3%
10:20:19  INFO      defenses.toposentinel — TopoSentinel: bottleneck=0.0176  threshold=0.1754
10:20:22  INFO      defenses.toposentinel — TopoSentinel round 151: 0 / 10 rejected  clip_norm=8.3990  threshold=0.1754  history=150
10:21:13  INFO      defenses.toposentinel — TopoSentinel: bottleneck=0.0095  threshold=0.1736
10:21:19  INFO      defenses.toposentinel — TopoSentinel round 152: 0 / 10 rejected  clip_norm=8.3430  threshold=0.1736  history=150
10:22:08  INFO      defenses.toposentinel — TopoSentinel: bottleneck=0.0176  threshold=0.1719
10:22:11  INFO      defenses.toposentinel — TopoSentinel round 153: 0 / 10 rejected  clip_norm=7.7570  threshold=0.1719  history=150
10:23:00  INFO      defenses.toposentinel — TopoSentinel: bottleneck=0.0091  threshold=0.1702
10:23:04  INFO      defenses.toposentinel — TopoSentinel round 154: 0 / 10 rejected  clip_norm=7.9994  threshold=0.1702  history=150
10:23:53  INFO      defenses.toposentinel — TopoSentinel: bottleneck=0.0084  threshold=0.1685
10:23:57  INFO      defenses.toposentinel — TopoSentinel round 155: 0 / 10 rejected  clip_norm=8.1326  threshold=0.1685  history=150
10:24:46  INFO      defenses.toposentinel — TopoSentinel: bottleneck=0.0155  threshold=0.1668
10:24:49  INFO      defenses.toposentinel — TopoSentinel round 156: 0 / 10 rejected  clip_norm=8.4912  threshold=0.1668  history=150
10:25:38  INFO      defenses.toposentinel — TopoSentinel: bottleneck=0.0180  threshold=0.1651
10:25:41  INFO      defenses.toposentinel — TopoSentinel round 157: 0 / 10 rejected  clip_norm=7.8239  threshold=0.1651  history=150
10:26:33  INFO      defenses.toposentinel — TopoSentinel: bottleneck=0.0223  threshold=0.1635
10:26:36  INFO      defenses.toposentinel — TopoSentinel round 158: 0 / 10 rejected  clip_norm=8.9972  threshold=0.1635  history=150
10:27:25  INFO      defenses.toposentinel — TopoSentinel: bottleneck=0.0074  threshold=0.1618
10:27:29  INFO      defenses.toposentinel — TopoSentinel round 159: 0 / 10 rejected  clip_norm=8.4194  threshold=0.1618  history=150
10:28:18  INFO      defenses.toposentinel — TopoSentinel: bottleneck=0.0088  threshold=0.1602
10:28:22  INFO      defenses.toposentinel — TopoSentinel round 160: 0 / 10 rejected  clip_norm=8.0139  threshold=0.1602  history=150
10:28:35  INFO      experiment.runner — Round  161/200  |  acc:  86.08%  loss: 0.5169  |  FPR: 0.0%  |  mF1: 86.0%
10:29:16  INFO      defenses.toposentinel — TopoSentinel: bottleneck=0.0113  threshold=0.1586
10:29:22  INFO      defenses.toposentinel — TopoSentinel round 161: 0 / 10 rejected  clip_norm=7.7189  threshold=0.1586  history=150
10:30:11  INFO      defenses.toposentinel — TopoSentinel: bottleneck=0.0084  threshold=0.1570
10:30:15  INFO      defenses.toposentinel — TopoSentinel round 162: 0 / 10 rejected  clip_norm=7.9637  threshold=0.1570  history=150
10:31:16  INFO      defenses.toposentinel — TopoSentinel: bottleneck=0.0123  threshold=0.1555
10:31:19  INFO      defenses.toposentinel — TopoSentinel round 163: 0 / 10 rejected  clip_norm=8.1589  threshold=0.1555  history=150
10:32:13  INFO      defenses.toposentinel — TopoSentinel: bottleneck=0.0117  threshold=0.1539
10:32:17  INFO      defenses.toposentinel — TopoSentinel round 164: 0 / 10 rejected  clip_norm=8.0266  threshold=0.1539  history=150
10:33:08  INFO      defenses.toposentinel — TopoSentinel: bottleneck=0.0092  threshold=0.1524
10:33:12  INFO      defenses.toposentinel — TopoSentinel round 165: 0 / 10 rejected  clip_norm=8.2039  threshold=0.1524  history=150
10:34:04  INFO      defenses.toposentinel — TopoSentinel: bottleneck=0.0032  threshold=0.1508
10:34:08  INFO      defenses.toposentinel — TopoSentinel round 166: 0 / 10 rejected  clip_norm=7.9065  threshold=0.1508  history=150
10:34:59  INFO      defenses.toposentinel — TopoSentinel: bottleneck=0.0096  threshold=0.1493
10:35:02  INFO      defenses.toposentinel — TopoSentinel round 167: 0 / 10 rejected  clip_norm=8.1128  threshold=0.1493  history=150
10:35:55  INFO      defenses.toposentinel — TopoSentinel: bottleneck=0.0088  threshold=0.1478
10:35:59  INFO      defenses.toposentinel — TopoSentinel round 168: 0 / 10 rejected  clip_norm=8.0034  threshold=0.1478  history=150
10:36:56  INFO      defenses.toposentinel — TopoSentinel: bottleneck=0.0078  threshold=0.1464
10:37:01  INFO      defenses.toposentinel — TopoSentinel round 169: 0 / 10 rejected  clip_norm=8.4146  threshold=0.1464  history=150
10:37:51  INFO      defenses.toposentinel — TopoSentinel: bottleneck=0.0138  threshold=0.1449
10:37:57  INFO      defenses.toposentinel — TopoSentinel round 170: 0 / 10 rejected  clip_norm=7.9113  threshold=0.1449  history=150
10:38:16  INFO      experiment.runner — Round  171/200  |  acc:  85.87%  loss: 0.5332  |  FPR: 0.0%  |  mF1: 85.8%
10:38:55  INFO      defenses.toposentinel — TopoSentinel: bottleneck=0.0104  threshold=0.1435
10:39:02  INFO      defenses.toposentinel — TopoSentinel round 171: 0 / 10 rejected  clip_norm=7.7454  threshold=0.1435  history=150
10:40:00  INFO      defenses.toposentinel — TopoSentinel: bottleneck=0.0036  threshold=0.1420
10:40:04  INFO      defenses.toposentinel — TopoSentinel round 172: 0 / 10 rejected  clip_norm=7.8802  threshold=0.1420  history=150
10:41:03  INFO      defenses.toposentinel — TopoSentinel: bottleneck=0.0062  threshold=0.1406
10:41:06  INFO      defenses.toposentinel — TopoSentinel round 173: 0 / 10 rejected  clip_norm=8.3893  threshold=0.1406  history=150
10:42:05  INFO      defenses.toposentinel — TopoSentinel: bottleneck=0.0125  threshold=0.1392
10:42:08  INFO      defenses.toposentinel — TopoSentinel round 174: 0 / 10 rejected  clip_norm=8.0942  threshold=0.1392  history=150
10:42:59  INFO      defenses.toposentinel — TopoSentinel: bottleneck=0.0199  threshold=0.1378
10:43:02  INFO      defenses.toposentinel — TopoSentinel round 175: 0 / 10 rejected  clip_norm=7.7254  threshold=0.1378  history=150
10:43:56  INFO      defenses.toposentinel — TopoSentinel: bottleneck=0.0133  threshold=0.1364
10:43:59  INFO      defenses.toposentinel — TopoSentinel round 176: 0 / 10 rejected  clip_norm=8.3910  threshold=0.1364  history=150
10:44:51  INFO      defenses.toposentinel — TopoSentinel: bottleneck=0.0101  threshold=0.1351
10:44:58  INFO      defenses.toposentinel — TopoSentinel round 177: 0 / 10 rejected  clip_norm=8.4356  threshold=0.1351  history=150
10:45:49  INFO      defenses.toposentinel — TopoSentinel: bottleneck=0.0221  threshold=0.1337
10:45:55  INFO      defenses.toposentinel — TopoSentinel round 178: 0 / 10 rejected  clip_norm=7.7472  threshold=0.1337  history=150
10:46:54  INFO      defenses.toposentinel — TopoSentinel: bottleneck=0.0074  threshold=0.1324
10:46:57  INFO      defenses.toposentinel — TopoSentinel round 179: 0 / 10 rejected  clip_norm=7.7879  threshold=0.1324  history=150
10:47:52  INFO      defenses.toposentinel — TopoSentinel: bottleneck=0.0060  threshold=0.1310
10:47:56  INFO      defenses.toposentinel — TopoSentinel round 180: 0 / 10 rejected  clip_norm=7.6744  threshold=0.1310  history=150
10:48:09  INFO      experiment.runner — Round  181/200  |  acc:  86.43%  loss: 0.5081  |  FPR: 0.0%  |  mF1: 86.4%
10:48:50  INFO      defenses.toposentinel — TopoSentinel: bottleneck=0.0101  threshold=0.1297
10:48:54  INFO      defenses.toposentinel — TopoSentinel round 181: 0 / 10 rejected  clip_norm=7.6898  threshold=0.1297  history=150
10:49:46  INFO      defenses.toposentinel — TopoSentinel: bottleneck=0.0077  threshold=0.1284
10:49:50  INFO      defenses.toposentinel — TopoSentinel round 182: 0 / 10 rejected  clip_norm=8.2617  threshold=0.1284  history=150
10:50:41  INFO      defenses.toposentinel — TopoSentinel: bottleneck=0.0101  threshold=0.1272
10:50:45  INFO      defenses.toposentinel — TopoSentinel round 183: 0 / 10 rejected  clip_norm=8.2641  threshold=0.1272  history=150
10:51:38  INFO      defenses.toposentinel — TopoSentinel: bottleneck=0.0063  threshold=0.1259
10:51:41  INFO      defenses.toposentinel — TopoSentinel round 184: 0 / 10 rejected  clip_norm=7.6518  threshold=0.1259  history=150
10:52:30  INFO      defenses.toposentinel — TopoSentinel: bottleneck=0.0141  threshold=0.1246
10:52:33  INFO      defenses.toposentinel — TopoSentinel round 185: 0 / 10 rejected  clip_norm=7.9360  threshold=0.1246  history=150
10:53:32  INFO      defenses.toposentinel — TopoSentinel: bottleneck=0.0117  threshold=0.1234
10:53:35  INFO      defenses.toposentinel — TopoSentinel round 186: 0 / 10 rejected  clip_norm=7.6595  threshold=0.1234  history=150
10:54:27  INFO      defenses.toposentinel — TopoSentinel: bottleneck=0.0109  threshold=0.1221
10:54:31  INFO      defenses.toposentinel — TopoSentinel round 187: 0 / 10 rejected  clip_norm=8.0616  threshold=0.1221  history=150
10:55:23  INFO      defenses.toposentinel — TopoSentinel: bottleneck=0.0114  threshold=0.1209
10:55:26  INFO      defenses.toposentinel — TopoSentinel round 188: 0 / 10 rejected  clip_norm=7.5334  threshold=0.1209  history=150
10:56:18  INFO      defenses.toposentinel — TopoSentinel: bottleneck=0.0182  threshold=0.1197
10:56:22  INFO      defenses.toposentinel — TopoSentinel round 189: 0 / 10 rejected  clip_norm=7.9277  threshold=0.1197  history=150
10:57:17  INFO      defenses.toposentinel — TopoSentinel: bottleneck=0.0062  threshold=0.1185
10:57:21  INFO      defenses.toposentinel — TopoSentinel round 190: 0 / 10 rejected  clip_norm=7.7999  threshold=0.1185  history=150
10:57:34  INFO      experiment.runner — Round  191/200  |  acc:  86.22%  loss: 0.5089  |  FPR: 0.0%  |  mF1: 86.2%
10:58:14  INFO      defenses.toposentinel — TopoSentinel: bottleneck=0.0096  threshold=0.1173
10:58:20  INFO      defenses.toposentinel — TopoSentinel round 191: 0 / 10 rejected  clip_norm=7.7292  threshold=0.1173  history=150
10:59:14  INFO      defenses.toposentinel — TopoSentinel: bottleneck=0.0071  threshold=0.1162
10:59:17  INFO      defenses.toposentinel — TopoSentinel round 192: 0 / 10 rejected  clip_norm=7.7010  threshold=0.1162  history=150
11:00:13  INFO      defenses.toposentinel — TopoSentinel: bottleneck=0.0112  threshold=0.1150
11:00:18  INFO      defenses.toposentinel — TopoSentinel round 193: 0 / 10 rejected  clip_norm=7.9295  threshold=0.1150  history=150
11:01:09  INFO      defenses.toposentinel — TopoSentinel: bottleneck=0.0208  threshold=0.1138
11:01:12  INFO      defenses.toposentinel — TopoSentinel round 194: 0 / 10 rejected  clip_norm=7.1597  threshold=0.1138  history=150
11:02:05  INFO      defenses.toposentinel — TopoSentinel: bottleneck=0.0172  threshold=0.1127
11:02:13  INFO      defenses.toposentinel — TopoSentinel round 195: 0 / 10 rejected  clip_norm=7.9848  threshold=0.1127  history=150
11:03:07  INFO      defenses.toposentinel — TopoSentinel: bottleneck=0.0086  threshold=0.1116
11:03:11  INFO      defenses.toposentinel — TopoSentinel round 196: 0 / 10 rejected  clip_norm=7.2058  threshold=0.1116  history=150
11:04:01  INFO      defenses.toposentinel — TopoSentinel: bottleneck=0.0107  threshold=0.1105
11:04:07  INFO      defenses.toposentinel — TopoSentinel round 197: 0 / 10 rejected  clip_norm=7.4263  threshold=0.1105  history=150
11:04:59  INFO      defenses.toposentinel — TopoSentinel: bottleneck=0.0091  threshold=0.1094
11:05:05  INFO      defenses.toposentinel — TopoSentinel round 198: 0 / 10 rejected  clip_norm=6.9868  threshold=0.1094  history=150
11:06:01  INFO      defenses.toposentinel — TopoSentinel: bottleneck=0.0150  threshold=0.1083
11:06:04  INFO      defenses.toposentinel — TopoSentinel round 199: 0 / 10 rejected  clip_norm=7.5012  threshold=0.1083  history=150
11:06:23  INFO      experiment.runner — Round  200/200  |  acc:  87.23%  loss: 0.4978  |  FPR: 0.0%  |  mF1: 87.2%
11:06:23  INFO      experiment.runner — Final model saved to results/benchmark/cifar10_none_toposentinel_seed7/final_model.pt
11:06:23  INFO      experiment.runner — Client atypicality written to results/benchmark/cifar10_none_toposentinel_seed7/client_atypicality.json
11:06:23  INFO      experiment.runner — Client inclusion rates written to results/benchmark/cifar10_none_toposentinel_seed7/client_inclusion.csv
11:06:23  INFO      experiment.runner — Anomaly scores written to results/benchmark/cifar10_none_toposentinel_seed7/anomaly_scores.csv (2000 rows)
11:06:24  INFO      benchmark — ✓  cifar10_none_toposentinel_seed7  (178.5 min)
11:06:24  INFO      benchmark — ▶  cifar10_none_toposentinel_seed8
11:06:24  INFO      experiment.runner — Initialising 'cifar10_none_toposentinel_seed8' | device=cuda | rounds=200 | clients=10/100 | attack=none | defense=toposentinel
11:06:27  INFO      defenses.toposentinel — TopoSentinelServer — metric=euclidean  threshold=0.800→0.010 (decay=0.9900)  history_window=20  interval_percentiles=[5, 95]
11:06:39  INFO      experiment.utils — Built 100 clients — 0 malicious, 100 benign.
11:06:39  INFO      experiment.runner — Setup complete — 100 clients (0 malicious) | backdoor eval: none

==============================================================
  Summary — 21 rounds evaluated
==============================================================
  Final clean accuracy               87.23%
  Best  clean accuracy               87.23%
  Final clean loss                   0.4978
  Macro F1                           87.15%
  Pooled FPR (all rounds)             0.00%
==============================================================

Files already downloaded and verified
Files already downloaded and verified
Files already downloaded and verified
Files already downloaded and verified
11:07:30  INFO      defenses.toposentinel — TopoSentinel round 0: 0 / 10 rejected  clip_norm=57.0793  threshold=0.8000  history=10
11:07:48  INFO      experiment.runner — Round    1/200  |  acc:  11.64%  loss: 4.4840  |  FPR: 0.0%  |  mF1: 4.7%
11:08:27  INFO      defenses.toposentinel — TopoSentinel: bottleneck=0.0261  threshold=0.7920
11:08:33  INFO      defenses.toposentinel — TopoSentinel round 1: 0 / 10 rejected  clip_norm=24.4101  threshold=0.7920  history=20
11:09:30  INFO      defenses.toposentinel — TopoSentinel: bottleneck=0.0391  threshold=0.7841
11:09:33  INFO      defenses.toposentinel — TopoSentinel round 2: 0 / 10 rejected  clip_norm=19.7052  threshold=0.7841  history=30
11:10:27  INFO      defenses.toposentinel — TopoSentinel: bottleneck=0.0285  threshold=0.7762
11:10:30  INFO      defenses.toposentinel — TopoSentinel round 3: 0 / 10 rejected  clip_norm=15.9567  threshold=0.7762  history=40
11:11:21  INFO      defenses.toposentinel — TopoSentinel: bottleneck=0.0147  threshold=0.7685
11:11:25  INFO      defenses.toposentinel — TopoSentinel round 4: 0 / 10 rejected  clip_norm=14.2476  threshold=0.7685  history=50
11:12:14  INFO      defenses.toposentinel — TopoSentinel: bottleneck=0.0072  threshold=0.7608
11:12:17  INFO      defenses.toposentinel — TopoSentinel round 5: 0 / 10 rejected  clip_norm=13.2579  threshold=0.7608  history=60
11:13:06  INFO      defenses.toposentinel — TopoSentinel: bottleneck=0.0020  threshold=0.7532
11:13:14  INFO      defenses.toposentinel — TopoSentinel round 6: 0 / 10 rejected  clip_norm=12.6710  threshold=0.7532  history=70
11:14:03  INFO      defenses.toposentinel — TopoSentinel: bottleneck=0.0050  threshold=0.7457
11:14:07  INFO      defenses.toposentinel — TopoSentinel round 7: 0 / 10 rejected  clip_norm=11.9558  threshold=0.7457  history=80
11:15:05  INFO      defenses.toposentinel — TopoSentinel: bottleneck=0.0009  threshold=0.7382
11:15:09  INFO      defenses.toposentinel — TopoSentinel round 8: 0 / 10 rejected  clip_norm=11.7438  threshold=0.7382  history=90
11:16:00  INFO      defenses.toposentinel — TopoSentinel: bottleneck=0.0056  threshold=0.7308
11:16:03  INFO      defenses.toposentinel — TopoSentinel round 9: 0 / 10 rejected  clip_norm=11.4115  threshold=0.7308  history=100
11:16:55  INFO      defenses.toposentinel — TopoSentinel: bottleneck=0.0030  threshold=0.7235
11:16:58  INFO      defenses.toposentinel — TopoSentinel round 10: 0 / 10 rejected  clip_norm=11.5123  threshold=0.7235  history=110
11:17:12  INFO      experiment.runner — Round   11/200  |  acc:  56.04%  loss: 1.2780  |  FPR: 0.0%  |  mF1: 56.2%
11:17:53  INFO      defenses.toposentinel — TopoSentinel: bottleneck=0.0044  threshold=0.7163
11:17:57  INFO      defenses.toposentinel — TopoSentinel round 11: 0 / 10 rejected  clip_norm=11.4451  threshold=0.7163  history=120
11:18:46  INFO      defenses.toposentinel — TopoSentinel: bottleneck=0.0031  threshold=0.7091
11:18:58  INFO      defenses.toposentinel — TopoSentinel round 12: 0 / 10 rejected  clip_norm=11.1183  threshold=0.7091  history=130
11:19:53  INFO      defenses.toposentinel — TopoSentinel: bottleneck=0.0055  threshold=0.7020
11:19:56  INFO      defenses.toposentinel — TopoSentinel round 13: 0 / 10 rejected  clip_norm=11.5965  threshold=0.7020  history=140
11:20:51  INFO      defenses.toposentinel — TopoSentinel: bottleneck=0.0070  threshold=0.6950
11:20:55  INFO      defenses.toposentinel — TopoSentinel round 14: 0 / 10 rejected  clip_norm=11.0095  threshold=0.6950  history=150
11:21:46  INFO      defenses.toposentinel — TopoSentinel: bottleneck=0.0057  threshold=0.6880
11:21:49  INFO      defenses.toposentinel — TopoSentinel round 15: 0 / 10 rejected  clip_norm=10.8955  threshold=0.6880  history=150
11:22:41  INFO      defenses.toposentinel — TopoSentinel: bottleneck=0.0039  threshold=0.6812
11:22:44  INFO      defenses.toposentinel — TopoSentinel round 16: 0 / 10 rejected  clip_norm=10.9854  threshold=0.6812  history=150
11:23:33  INFO      defenses.toposentinel — TopoSentinel: bottleneck=0.0040  threshold=0.6744
11:23:41  INFO      defenses.toposentinel — TopoSentinel round 17: 0 / 10 rejected  clip_norm=11.1502  threshold=0.6744  history=150
11:24:31  INFO      defenses.toposentinel — TopoSentinel: bottleneck=0.0038  threshold=0.6676
11:24:35  INFO      defenses.toposentinel — TopoSentinel round 18: 0 / 10 rejected  clip_norm=10.9510  threshold=0.6676  history=150
11:25:30  INFO      defenses.toposentinel — TopoSentinel: bottleneck=0.0094  threshold=0.6609
11:25:33  INFO      defenses.toposentinel — TopoSentinel round 19: 0 / 10 rejected  clip_norm=11.1001  threshold=0.6609  history=150
11:26:25  INFO      defenses.toposentinel — TopoSentinel: bottleneck=0.0091  threshold=0.6543
11:26:28  INFO      defenses.toposentinel — TopoSentinel round 20: 0 / 10 rejected  clip_norm=10.7812  threshold=0.6543  history=150
11:26:43  INFO      experiment.runner — Round   21/200  |  acc:  66.27%  loss: 1.0035  |  FPR: 0.0%  |  mF1: 65.7%
11:27:24  INFO      defenses.toposentinel — TopoSentinel: bottleneck=0.0046  threshold=0.6478
11:27:27  INFO      defenses.toposentinel — TopoSentinel round 21: 0 / 10 rejected  clip_norm=10.6798  threshold=0.6478  history=150
11:28:19  INFO      defenses.toposentinel — TopoSentinel: bottleneck=0.0045  threshold=0.6413
11:28:23  INFO      defenses.toposentinel — TopoSentinel round 22: 0 / 10 rejected  clip_norm=10.9793  threshold=0.6413  history=150
11:29:11  INFO      defenses.toposentinel — TopoSentinel: bottleneck=0.0048  threshold=0.6349
11:29:18  INFO      defenses.toposentinel — TopoSentinel round 23: 0 / 10 rejected  clip_norm=10.7903  threshold=0.6349  history=150
11:30:17  INFO      defenses.toposentinel — TopoSentinel: bottleneck=0.0035  threshold=0.6285
11:30:20  INFO      defenses.toposentinel — TopoSentinel round 24: 0 / 10 rejected  clip_norm=10.5051  threshold=0.6285  history=150
11:31:21  INFO      defenses.toposentinel — TopoSentinel: bottleneck=0.0067  threshold=0.6223
11:31:24  INFO      defenses.toposentinel — TopoSentinel round 25: 0 / 10 rejected  clip_norm=10.6178  threshold=0.6223  history=150
11:32:16  INFO      defenses.toposentinel — TopoSentinel: bottleneck=0.0074  threshold=0.6160
11:32:20  INFO      defenses.toposentinel — TopoSentinel round 26: 0 / 10 rejected  clip_norm=10.4898  threshold=0.6160  history=150
11:33:12  INFO      defenses.toposentinel — TopoSentinel: bottleneck=0.0057  threshold=0.6099
11:33:16  INFO      defenses.toposentinel — TopoSentinel round 27: 0 / 10 rejected  clip_norm=10.9108  threshold=0.6099  history=150
11:34:06  INFO      defenses.toposentinel — TopoSentinel: bottleneck=0.0057  threshold=0.6038
11:34:09  INFO      defenses.toposentinel — TopoSentinel round 28: 0 / 10 rejected  clip_norm=10.2127  threshold=0.6038  history=150
11:35:00  INFO      defenses.toposentinel — TopoSentinel: bottleneck=0.0058  threshold=0.5977
11:35:07  INFO      defenses.toposentinel — TopoSentinel round 29: 0 / 10 rejected  clip_norm=10.8157  threshold=0.5977  history=150
11:35:59  INFO      defenses.toposentinel — TopoSentinel: bottleneck=0.0098  threshold=0.5918
11:36:02  INFO      defenses.toposentinel — TopoSentinel round 30: 0 / 10 rejected  clip_norm=10.3830  threshold=0.5918  history=150
11:36:20  INFO      experiment.runner — Round   31/200  |  acc:  72.05%  loss: 0.8804  |  FPR: 0.0%  |  mF1: 71.7%
11:36:58  INFO      defenses.toposentinel — TopoSentinel: bottleneck=0.0051  threshold=0.5858
11:37:01  INFO      defenses.toposentinel — TopoSentinel round 31: 0 / 10 rejected  clip_norm=10.5228  threshold=0.5858  history=150
11:37:52  INFO      defenses.toposentinel — TopoSentinel: bottleneck=0.0047  threshold=0.5800
11:37:55  INFO      defenses.toposentinel — TopoSentinel round 32: 0 / 10 rejected  clip_norm=10.6073  threshold=0.5800  history=150
11:38:45  INFO      defenses.toposentinel — TopoSentinel: bottleneck=0.0048  threshold=0.5742
11:38:50  INFO      defenses.toposentinel — TopoSentinel round 33: 0 / 10 rejected  clip_norm=10.6421  threshold=0.5742  history=150
11:39:36  INFO      defenses.toposentinel — TopoSentinel: bottleneck=0.0091  threshold=0.5684
11:39:41  INFO      defenses.toposentinel — TopoSentinel round 34: 0 / 10 rejected  clip_norm=10.1693  threshold=0.5684  history=150
11:40:42  INFO      defenses.toposentinel — TopoSentinel: bottleneck=0.0052  threshold=0.5628
11:40:46  INFO      defenses.toposentinel — TopoSentinel round 35: 0 / 10 rejected  clip_norm=10.4387  threshold=0.5628  history=150
11:41:38  INFO      defenses.toposentinel — TopoSentinel: bottleneck=0.0046  threshold=0.5571
11:41:41  INFO      defenses.toposentinel — TopoSentinel round 36: 0 / 10 rejected  clip_norm=10.2810  threshold=0.5571  history=150
11:42:32  INFO      defenses.toposentinel — TopoSentinel: bottleneck=0.0040  threshold=0.5516
11:42:35  INFO      defenses.toposentinel — TopoSentinel round 37: 0 / 10 rejected  clip_norm=10.6136  threshold=0.5516  history=150
11:43:23  INFO      defenses.toposentinel — TopoSentinel: bottleneck=0.0119  threshold=0.5460
11:43:30  INFO      defenses.toposentinel — TopoSentinel round 38: 0 / 10 rejected  clip_norm=10.0683  threshold=0.5460  history=150
11:44:21  INFO      defenses.toposentinel — TopoSentinel: bottleneck=0.0093  threshold=0.5406
11:44:25  INFO      defenses.toposentinel — TopoSentinel round 39: 0 / 10 rejected  clip_norm=10.2689  threshold=0.5406  history=150
11:45:16  INFO      defenses.toposentinel — TopoSentinel: bottleneck=0.0027  threshold=0.5352
11:45:20  INFO      defenses.toposentinel — TopoSentinel round 40: 0 / 10 rejected  clip_norm=9.9606  threshold=0.5352  history=150
11:45:34  INFO      experiment.runner — Round   41/200  |  acc:  75.04%  loss: 0.8000  |  FPR: 0.0%  |  mF1: 74.8%
11:46:14  INFO      defenses.toposentinel — TopoSentinel: bottleneck=0.0110  threshold=0.5298
11:46:18  INFO      defenses.toposentinel — TopoSentinel round 41: 0 / 10 rejected  clip_norm=10.7954  threshold=0.5298  history=150
11:47:09  INFO      defenses.toposentinel — TopoSentinel: bottleneck=0.0101  threshold=0.5245
11:47:12  INFO      defenses.toposentinel — TopoSentinel round 42: 0 / 10 rejected  clip_norm=10.1821  threshold=0.5245  history=150
11:47:58  INFO      defenses.toposentinel — TopoSentinel: bottleneck=0.0082  threshold=0.5193
11:48:02  INFO      defenses.toposentinel — TopoSentinel round 43: 0 / 10 rejected  clip_norm=10.1803  threshold=0.5193  history=150
11:48:59  INFO      defenses.toposentinel — TopoSentinel: bottleneck=0.0117  threshold=0.5141
11:49:02  INFO      defenses.toposentinel — TopoSentinel round 44: 0 / 10 rejected  clip_norm=9.9105  threshold=0.5141  history=150
11:49:52  INFO      defenses.toposentinel — TopoSentinel: bottleneck=0.0054  threshold=0.5089
11:49:56  INFO      defenses.toposentinel — TopoSentinel round 45: 0 / 10 rejected  clip_norm=10.0304  threshold=0.5089  history=150
11:50:49  INFO      defenses.toposentinel — TopoSentinel: bottleneck=0.0053  threshold=0.5039
11:50:53  INFO      defenses.toposentinel — TopoSentinel round 46: 0 / 10 rejected  clip_norm=10.0809  threshold=0.5039  history=150
11:51:40  INFO      defenses.toposentinel — TopoSentinel: bottleneck=0.0065  threshold=0.4988
11:51:46  INFO      defenses.toposentinel — TopoSentinel round 47: 0 / 10 rejected  clip_norm=9.9561  threshold=0.4988  history=150
11:52:41  INFO      defenses.toposentinel — TopoSentinel: bottleneck=0.0017  threshold=0.4938
11:52:45  INFO      defenses.toposentinel — TopoSentinel round 48: 0 / 10 rejected  clip_norm=9.5727  threshold=0.4938  history=150
11:53:36  INFO      defenses.toposentinel — TopoSentinel: bottleneck=0.0059  threshold=0.4889
11:53:39  INFO      defenses.toposentinel — TopoSentinel round 49: 0 / 10 rejected  clip_norm=9.8465  threshold=0.4889  history=150
11:54:31  INFO      defenses.toposentinel — TopoSentinel: bottleneck=0.0070  threshold=0.4840
11:54:34  INFO      defenses.toposentinel — TopoSentinel round 50: 0 / 10 rejected  clip_norm=10.0459  threshold=0.4840  history=150
11:54:48  INFO      experiment.runner — Round   51/200  |  acc:  77.55%  loss: 0.7362  |  FPR: 0.0%  |  mF1: 77.5%
11:55:29  INFO      defenses.toposentinel — TopoSentinel: bottleneck=0.0068  threshold=0.4792
11:55:32  INFO      defenses.toposentinel — TopoSentinel round 51: 0 / 10 rejected  clip_norm=10.3419  threshold=0.4792  history=150
11:56:31  INFO      defenses.toposentinel — TopoSentinel: bottleneck=0.0072  threshold=0.4744
11:56:38  INFO      defenses.toposentinel — TopoSentinel round 52: 0 / 10 rejected  clip_norm=9.9612  threshold=0.4744  history=150
11:57:29  INFO      defenses.toposentinel — TopoSentinel: bottleneck=0.0082  threshold=0.4696
11:57:33  INFO      defenses.toposentinel — TopoSentinel round 53: 0 / 10 rejected  clip_norm=9.9172  threshold=0.4696  history=150
11:58:32  INFO      defenses.toposentinel — TopoSentinel: bottleneck=0.0081  threshold=0.4649
11:58:35  INFO      defenses.toposentinel — TopoSentinel round 54: 0 / 10 rejected  clip_norm=9.6528  threshold=0.4649  history=150
11:59:27  INFO      defenses.toposentinel — TopoSentinel: bottleneck=0.0051  threshold=0.4603
11:59:32  INFO      defenses.toposentinel — TopoSentinel round 55: 0 / 10 rejected  clip_norm=10.0551  threshold=0.4603  history=150
12:00:24  INFO      defenses.toposentinel — TopoSentinel: bottleneck=0.0138  threshold=0.4557
12:00:27  INFO      defenses.toposentinel — TopoSentinel round 56: 0 / 10 rejected  clip_norm=10.1794  threshold=0.4557  history=150
12:01:23  INFO      defenses.toposentinel — TopoSentinel: bottleneck=0.0046  threshold=0.4511
12:01:27  INFO      defenses.toposentinel — TopoSentinel round 57: 0 / 10 rejected  clip_norm=10.2348  threshold=0.4511  history=150
12:02:17  INFO      defenses.toposentinel — TopoSentinel: bottleneck=0.0113  threshold=0.4466
12:02:24  INFO      defenses.toposentinel — TopoSentinel round 58: 0 / 10 rejected  clip_norm=9.8355  threshold=0.4466  history=150
12:03:17  INFO      defenses.toposentinel — TopoSentinel: bottleneck=0.0059  threshold=0.4421
12:03:21  INFO      defenses.toposentinel — TopoSentinel round 59: 0 / 10 rejected  clip_norm=9.2655  threshold=0.4421  history=150
12:04:18  INFO      defenses.toposentinel — TopoSentinel: bottleneck=0.0186  threshold=0.4377
12:04:21  INFO      defenses.toposentinel — TopoSentinel round 60: 0 / 10 rejected  clip_norm=10.2528  threshold=0.4377  history=150
12:04:35  INFO      experiment.runner — Round   61/200  |  acc:  79.28%  loss: 0.6853  |  FPR: 0.0%  |  mF1: 79.1%
12:05:16  INFO      defenses.toposentinel — TopoSentinel: bottleneck=0.0118  threshold=0.4333
12:05:20  INFO      defenses.toposentinel — TopoSentinel round 61: 0 / 10 rejected  clip_norm=9.5337  threshold=0.4333  history=150
12:06:10  INFO      defenses.toposentinel — TopoSentinel: bottleneck=0.0032  threshold=0.4290
12:06:18  INFO      defenses.toposentinel — TopoSentinel round 62: 0 / 10 rejected  clip_norm=9.7597  threshold=0.4290  history=150
12:07:13  INFO      defenses.toposentinel — TopoSentinel: bottleneck=0.0027  threshold=0.4247
12:07:17  INFO      defenses.toposentinel — TopoSentinel round 63: 0 / 10 rejected  clip_norm=9.7599  threshold=0.4247  history=150
12:08:09  INFO      defenses.toposentinel — TopoSentinel: bottleneck=0.0030  threshold=0.4205
12:08:13  INFO      defenses.toposentinel — TopoSentinel round 64: 0 / 10 rejected  clip_norm=9.6577  threshold=0.4205  history=150
12:09:05  INFO      defenses.toposentinel — TopoSentinel: bottleneck=0.0046  threshold=0.4163
12:09:12  INFO      defenses.toposentinel — TopoSentinel round 65: 0 / 10 rejected  clip_norm=9.5542  threshold=0.4163  history=150
12:10:07  INFO      defenses.toposentinel — TopoSentinel: bottleneck=0.0029  threshold=0.4121
12:10:10  INFO      defenses.toposentinel — TopoSentinel round 66: 0 / 10 rejected  clip_norm=9.3187  threshold=0.4121  history=150
12:11:07  INFO      defenses.toposentinel — TopoSentinel: bottleneck=0.0089  threshold=0.4080
12:11:10  INFO      defenses.toposentinel — TopoSentinel round 67: 0 / 10 rejected  clip_norm=9.4464  threshold=0.4080  history=150
12:12:07  INFO      defenses.toposentinel — TopoSentinel: bottleneck=0.0082  threshold=0.4039
12:12:11  INFO      defenses.toposentinel — TopoSentinel round 68: 0 / 10 rejected  clip_norm=9.6456  threshold=0.4039  history=150
12:13:02  INFO      defenses.toposentinel — TopoSentinel: bottleneck=0.0118  threshold=0.3999
12:13:06  INFO      defenses.toposentinel — TopoSentinel round 69: 0 / 10 rejected  clip_norm=9.0588  threshold=0.3999  history=150
12:13:56  INFO      defenses.toposentinel — TopoSentinel: bottleneck=0.0106  threshold=0.3959
12:14:02  INFO      defenses.toposentinel — TopoSentinel round 70: 0 / 10 rejected  clip_norm=9.5655  threshold=0.3959  history=150
12:14:19  INFO      experiment.runner — Round   71/200  |  acc:  81.11%  loss: 0.6290  |  FPR: 0.0%  |  mF1: 81.1%
12:14:56  INFO      defenses.toposentinel — TopoSentinel: bottleneck=0.0067  threshold=0.3919
12:15:01  INFO      defenses.toposentinel — TopoSentinel round 71: 0 / 10 rejected  clip_norm=9.5558  threshold=0.3919  history=150
12:15:59  INFO      defenses.toposentinel — TopoSentinel: bottleneck=0.0088  threshold=0.3880
12:16:03  INFO      defenses.toposentinel — TopoSentinel round 72: 0 / 10 rejected  clip_norm=9.7534  threshold=0.3880  history=150
12:16:55  INFO      defenses.toposentinel — TopoSentinel: bottleneck=0.0054  threshold=0.3841
12:17:03  INFO      defenses.toposentinel — TopoSentinel round 73: 0 / 10 rejected  clip_norm=8.9467  threshold=0.3841  history=150
12:17:54  INFO      defenses.toposentinel — TopoSentinel: bottleneck=0.0098  threshold=0.3803
12:17:57  INFO      defenses.toposentinel — TopoSentinel round 74: 0 / 10 rejected  clip_norm=9.5257  threshold=0.3803  history=150
12:18:51  INFO      defenses.toposentinel — TopoSentinel: bottleneck=0.0139  threshold=0.3765
12:18:54  INFO      defenses.toposentinel — TopoSentinel round 75: 0 / 10 rejected  clip_norm=9.5850  threshold=0.3765  history=150
12:19:44  INFO      defenses.toposentinel — TopoSentinel: bottleneck=0.0130  threshold=0.3727
12:19:51  INFO      defenses.toposentinel — TopoSentinel round 76: 0 / 10 rejected  clip_norm=8.9250  threshold=0.3727  history=150
12:20:39  INFO      defenses.toposentinel — TopoSentinel: bottleneck=0.0094  threshold=0.3690
12:20:45  INFO      defenses.toposentinel — TopoSentinel round 77: 0 / 10 rejected  clip_norm=9.2928  threshold=0.3690  history=150
12:21:42  INFO      defenses.toposentinel — TopoSentinel: bottleneck=0.0036  threshold=0.3653
12:21:45  INFO      defenses.toposentinel — TopoSentinel round 78: 0 / 10 rejected  clip_norm=9.4732  threshold=0.3653  history=150
12:22:38  INFO      defenses.toposentinel — TopoSentinel: bottleneck=0.0023  threshold=0.3616
12:22:42  INFO      defenses.toposentinel — TopoSentinel round 79: 0 / 10 rejected  clip_norm=9.3685  threshold=0.3616  history=150
12:23:33  INFO      defenses.toposentinel — TopoSentinel: bottleneck=0.0038  threshold=0.3580
12:23:37  INFO      defenses.toposentinel — TopoSentinel round 80: 0 / 10 rejected  clip_norm=9.3858  threshold=0.3580  history=150
12:23:51  INFO      experiment.runner — Round   81/200  |  acc:  81.92%  loss: 0.6001  |  FPR: 0.0%  |  mF1: 81.9%
12:24:33  INFO      defenses.toposentinel — TopoSentinel: bottleneck=0.0060  threshold=0.3544
12:24:36  INFO      defenses.toposentinel — TopoSentinel round 81: 0 / 10 rejected  clip_norm=9.0426  threshold=0.3544  history=150
12:25:27  INFO      defenses.toposentinel — TopoSentinel: bottleneck=0.0045  threshold=0.3509
12:25:34  INFO      defenses.toposentinel — TopoSentinel round 82: 0 / 10 rejected  clip_norm=9.4728  threshold=0.3509  history=150
12:26:26  INFO      defenses.toposentinel — TopoSentinel: bottleneck=0.0059  threshold=0.3474
12:26:29  INFO      defenses.toposentinel — TopoSentinel round 83: 0 / 10 rejected  clip_norm=8.6729  threshold=0.3474  history=150
12:27:31  INFO      defenses.toposentinel — TopoSentinel: bottleneck=0.0046  threshold=0.3439
12:27:34  INFO      defenses.toposentinel — TopoSentinel round 84: 0 / 10 rejected  clip_norm=9.1449  threshold=0.3439  history=150
12:28:28  INFO      defenses.toposentinel — TopoSentinel: bottleneck=0.0039  threshold=0.3405
12:28:31  INFO      defenses.toposentinel — TopoSentinel round 85: 0 / 10 rejected  clip_norm=9.1873  threshold=0.3405  history=150
12:29:22  INFO      defenses.toposentinel — TopoSentinel: bottleneck=0.0061  threshold=0.3371
12:29:25  INFO      defenses.toposentinel — TopoSentinel round 86: 0 / 10 rejected  clip_norm=9.5063  threshold=0.3371  history=150
12:30:17  INFO      defenses.toposentinel — TopoSentinel: bottleneck=0.0038  threshold=0.3337
12:30:20  INFO      defenses.toposentinel — TopoSentinel round 87: 0 / 10 rejected  clip_norm=8.9081  threshold=0.3337  history=150
12:31:12  INFO      defenses.toposentinel — TopoSentinel: bottleneck=0.0060  threshold=0.3304
12:31:18  INFO      defenses.toposentinel — TopoSentinel round 88: 0 / 10 rejected  clip_norm=9.2640  threshold=0.3304  history=150
12:32:07  INFO      defenses.toposentinel — TopoSentinel: bottleneck=0.0083  threshold=0.3271
12:32:11  INFO      defenses.toposentinel — TopoSentinel round 89: 0 / 10 rejected  clip_norm=9.0183  threshold=0.3271  history=150
12:33:09  INFO      defenses.toposentinel — TopoSentinel: bottleneck=0.0057  threshold=0.3238
12:33:13  INFO      defenses.toposentinel — TopoSentinel round 90: 0 / 10 rejected  clip_norm=9.4539  threshold=0.3238  history=150
12:33:36  INFO      experiment.runner — Round   91/200  |  acc:  83.24%  loss: 0.5786  |  FPR: 0.0%  |  mF1: 83.2%
12:34:13  INFO      defenses.toposentinel — TopoSentinel: bottleneck=0.0027  threshold=0.3205
12:34:16  INFO      defenses.toposentinel — TopoSentinel round 91: 0 / 10 rejected  clip_norm=9.1728  threshold=0.3205  history=150
12:35:07  INFO      defenses.toposentinel — TopoSentinel: bottleneck=0.0081  threshold=0.3173
12:35:10  INFO      defenses.toposentinel — TopoSentinel round 92: 0 / 10 rejected  clip_norm=9.2800  threshold=0.3173  history=150
12:36:00  INFO      defenses.toposentinel — TopoSentinel: bottleneck=0.0161  threshold=0.3142
12:36:04  INFO      defenses.toposentinel — TopoSentinel round 93: 0 / 10 rejected  clip_norm=8.7683  threshold=0.3142  history=150
12:36:54  INFO      defenses.toposentinel — TopoSentinel: bottleneck=0.0070  threshold=0.3110
12:37:00  INFO      defenses.toposentinel — TopoSentinel round 94: 0 / 10 rejected  clip_norm=9.0558  threshold=0.3110  history=150
12:37:54  INFO      defenses.toposentinel — TopoSentinel: bottleneck=0.0067  threshold=0.3079
12:37:57  INFO      defenses.toposentinel — TopoSentinel round 95: 0 / 10 rejected  clip_norm=8.8726  threshold=0.3079  history=150
12:38:52  INFO      defenses.toposentinel — TopoSentinel: bottleneck=0.0063  threshold=0.3048
12:38:55  INFO      defenses.toposentinel — TopoSentinel round 96: 0 / 10 rejected  clip_norm=8.7921  threshold=0.3048  history=150
12:39:44  INFO      defenses.toposentinel — TopoSentinel: bottleneck=0.0057  threshold=0.3018
12:39:48  INFO      defenses.toposentinel — TopoSentinel round 97: 0 / 10 rejected  clip_norm=9.0738  threshold=0.3018  history=150
12:40:38  INFO      defenses.toposentinel — TopoSentinel: bottleneck=0.0078  threshold=0.2988
12:40:41  INFO      defenses.toposentinel — TopoSentinel round 98: 0 / 10 rejected  clip_norm=8.8497  threshold=0.2988  history=150
12:41:28  INFO      defenses.toposentinel — TopoSentinel: bottleneck=0.0023  threshold=0.2958
12:41:34  INFO      defenses.toposentinel — TopoSentinel round 99: 0 / 10 rejected  clip_norm=8.9081  threshold=0.2958  history=150
12:42:30  INFO      defenses.toposentinel — TopoSentinel: bottleneck=0.0039  threshold=0.2928
12:42:33  INFO      defenses.toposentinel — TopoSentinel round 100: 0 / 10 rejected  clip_norm=8.9517  threshold=0.2928  history=150
12:42:47  INFO      experiment.runner — Round  101/200  |  acc:  83.35%  loss: 0.5862  |  FPR: 0.0%  |  mF1: 83.3%
12:43:27  INFO      defenses.toposentinel — TopoSentinel: bottleneck=0.0055  threshold=0.2899
12:43:31  INFO      defenses.toposentinel — TopoSentinel round 101: 0 / 10 rejected  clip_norm=8.6395  threshold=0.2899  history=150
12:44:24  INFO      defenses.toposentinel — TopoSentinel: bottleneck=0.0048  threshold=0.2870
12:44:27  INFO      defenses.toposentinel — TopoSentinel round 102: 0 / 10 rejected  clip_norm=8.4834  threshold=0.2870  history=150
12:45:18  INFO      defenses.toposentinel — TopoSentinel: bottleneck=0.0083  threshold=0.2841
12:45:22  INFO      defenses.toposentinel — TopoSentinel round 103: 0 / 10 rejected  clip_norm=8.8088  threshold=0.2841  history=150
12:46:07  INFO      defenses.toposentinel — TopoSentinel: bottleneck=0.0099  threshold=0.2813
12:46:12  INFO      defenses.toposentinel — TopoSentinel round 104: 0 / 10 rejected  clip_norm=8.4463  threshold=0.2813  history=150
12:47:12  INFO      defenses.toposentinel — TopoSentinel: bottleneck=0.0047  threshold=0.2785
12:47:17  INFO      defenses.toposentinel — TopoSentinel round 105: 0 / 10 rejected  clip_norm=8.7007  threshold=0.2785  history=150
12:48:09  INFO      defenses.toposentinel — TopoSentinel: bottleneck=0.0085  threshold=0.2757
12:48:12  INFO      defenses.toposentinel — TopoSentinel round 106: 0 / 10 rejected  clip_norm=9.1480  threshold=0.2757  history=150
12:49:09  INFO      defenses.toposentinel — TopoSentinel: bottleneck=0.0099  threshold=0.2729
12:49:12  INFO      defenses.toposentinel — TopoSentinel round 107: 0 / 10 rejected  clip_norm=8.5511  threshold=0.2729  history=150
12:50:05  INFO      defenses.toposentinel — TopoSentinel: bottleneck=0.0148  threshold=0.2702
12:50:09  INFO      defenses.toposentinel — TopoSentinel round 108: 0 / 10 rejected  clip_norm=8.5283  threshold=0.2702  history=150
12:50:56  INFO      defenses.toposentinel — TopoSentinel: bottleneck=0.0077  threshold=0.2675
12:51:03  INFO      defenses.toposentinel — TopoSentinel round 109: 0 / 10 rejected  clip_norm=8.5266  threshold=0.2675  history=150
12:51:59  INFO      defenses.toposentinel — TopoSentinel: bottleneck=0.0228  threshold=0.2648
12:52:03  INFO      defenses.toposentinel — TopoSentinel round 110: 0 / 10 rejected  clip_norm=8.9833  threshold=0.2648  history=150
12:52:25  INFO      experiment.runner — Round  111/200  |  acc:  84.13%  loss: 0.5566  |  FPR: 0.0%  |  mF1: 84.1%
12:53:01  INFO      defenses.toposentinel — TopoSentinel: bottleneck=0.0101  threshold=0.2622
12:53:04  INFO      defenses.toposentinel — TopoSentinel round 111: 0 / 10 rejected  clip_norm=8.5854  threshold=0.2622  history=150
12:53:54  INFO      defenses.toposentinel — TopoSentinel: bottleneck=0.0107  threshold=0.2596
12:53:58  INFO      defenses.toposentinel — TopoSentinel round 112: 0 / 10 rejected  clip_norm=8.7077  threshold=0.2596  history=150
12:54:53  INFO      defenses.toposentinel — TopoSentinel: bottleneck=0.0085  threshold=0.2570
12:54:57  INFO      defenses.toposentinel — TopoSentinel round 113: 0 / 10 rejected  clip_norm=8.7425  threshold=0.2570  history=150
12:55:47  INFO      defenses.toposentinel — TopoSentinel: bottleneck=0.0076  threshold=0.2544
12:55:50  INFO      defenses.toposentinel — TopoSentinel round 114: 0 / 10 rejected  clip_norm=9.0596  threshold=0.2544  history=150
12:56:52  INFO      defenses.toposentinel — TopoSentinel: bottleneck=0.0024  threshold=0.2518
12:56:55  INFO      defenses.toposentinel — TopoSentinel round 115: 0 / 10 rejected  clip_norm=8.6959  threshold=0.2518  history=150
12:57:44  INFO      defenses.toposentinel — TopoSentinel: bottleneck=0.0116  threshold=0.2493
12:57:51  INFO      defenses.toposentinel — TopoSentinel round 116: 0 / 10 rejected  clip_norm=8.4337  threshold=0.2493  history=150
12:58:37  INFO      defenses.toposentinel — TopoSentinel: bottleneck=0.0133  threshold=0.2468
12:58:42  INFO      defenses.toposentinel — TopoSentinel round 117: 0 / 10 rejected  clip_norm=8.3035  threshold=0.2468  history=150
12:59:40  INFO      defenses.toposentinel — TopoSentinel: bottleneck=0.0053  threshold=0.2444
12:59:43  INFO      defenses.toposentinel — TopoSentinel round 118: 0 / 10 rejected  clip_norm=8.6822  threshold=0.2444  history=150
13:00:33  INFO      defenses.toposentinel — TopoSentinel: bottleneck=0.0033  threshold=0.2419
13:00:36  INFO      defenses.toposentinel — TopoSentinel round 119: 0 / 10 rejected  clip_norm=8.7923  threshold=0.2419  history=150
13:01:25  INFO      defenses.toposentinel — TopoSentinel: bottleneck=0.0035  threshold=0.2395
13:01:28  INFO      defenses.toposentinel — TopoSentinel round 120: 0 / 10 rejected  clip_norm=8.7534  threshold=0.2395  history=150
13:01:42  INFO      experiment.runner — Round  121/200  |  acc:  84.56%  loss: 0.5686  |  FPR: 0.0%  |  mF1: 84.4%
13:02:21  INFO      defenses.toposentinel — TopoSentinel: bottleneck=0.0091  threshold=0.2371
13:02:27  INFO      defenses.toposentinel — TopoSentinel round 121: 0 / 10 rejected  clip_norm=7.9105  threshold=0.2371  history=150
13:03:12  INFO      defenses.toposentinel — TopoSentinel: bottleneck=0.0146  threshold=0.2347
13:03:18  INFO      defenses.toposentinel — TopoSentinel round 122: 0 / 10 rejected  clip_norm=8.8957  threshold=0.2347  history=150
13:04:13  INFO      defenses.toposentinel — TopoSentinel: bottleneck=0.0185  threshold=0.2324
13:04:17  INFO      defenses.toposentinel — TopoSentinel round 123: 0 / 10 rejected  clip_norm=8.4922  threshold=0.2324  history=150
13:05:11  INFO      defenses.toposentinel — TopoSentinel: bottleneck=0.0069  threshold=0.2301
13:05:14  INFO      defenses.toposentinel — TopoSentinel round 124: 0 / 10 rejected  clip_norm=8.6714  threshold=0.2301  history=150
13:06:05  INFO      defenses.toposentinel — TopoSentinel: bottleneck=0.0146  threshold=0.2278
13:06:09  INFO      defenses.toposentinel — TopoSentinel round 125: 0 / 10 rejected  clip_norm=8.5127  threshold=0.2278  history=150
13:06:58  INFO      defenses.toposentinel — TopoSentinel: bottleneck=0.0038  threshold=0.2255
13:07:03  INFO      defenses.toposentinel — TopoSentinel round 126: 0 / 10 rejected  clip_norm=8.4532  threshold=0.2255  history=150
13:07:50  INFO      defenses.toposentinel — TopoSentinel: bottleneck=0.0061  threshold=0.2232
13:07:53  INFO      defenses.toposentinel — TopoSentinel round 127: 0 / 10 rejected  clip_norm=8.3435  threshold=0.2232  history=150
13:08:49  INFO      defenses.toposentinel — TopoSentinel: bottleneck=0.0030  threshold=0.2210
13:08:53  INFO      defenses.toposentinel — TopoSentinel round 128: 0 / 10 rejected  clip_norm=7.8660  threshold=0.2210  history=150
13:09:41  INFO      defenses.toposentinel — TopoSentinel: bottleneck=0.0117  threshold=0.2188
13:09:44  INFO      defenses.toposentinel — TopoSentinel round 129: 0 / 10 rejected  clip_norm=8.3933  threshold=0.2188  history=150
13:10:37  INFO      defenses.toposentinel — TopoSentinel: bottleneck=0.0049  threshold=0.2166
13:10:40  INFO      defenses.toposentinel — TopoSentinel round 130: 0 / 10 rejected  clip_norm=8.7481  threshold=0.2166  history=150
13:10:55  INFO      experiment.runner — Round  131/200  |  acc:  85.51%  loss: 0.5361  |  FPR: 0.0%  |  mF1: 85.5%
13:11:32  INFO      defenses.toposentinel — TopoSentinel: bottleneck=0.0031  threshold=0.2144
13:11:39  INFO      defenses.toposentinel — TopoSentinel round 131: 0 / 10 rejected  clip_norm=8.4894  threshold=0.2144  history=150
13:12:28  INFO      defenses.toposentinel — TopoSentinel: bottleneck=0.0099  threshold=0.2123
13:12:31  INFO      defenses.toposentinel — TopoSentinel round 132: 0 / 10 rejected  clip_norm=8.0150  threshold=0.2123  history=150
13:13:27  INFO      defenses.toposentinel — TopoSentinel: bottleneck=0.0093  threshold=0.2102
13:13:31  INFO      defenses.toposentinel — TopoSentinel round 133: 0 / 10 rejected  clip_norm=8.3895  threshold=0.2102  history=150
13:14:21  INFO      defenses.toposentinel — TopoSentinel: bottleneck=0.0066  threshold=0.2081
13:14:24  INFO      defenses.toposentinel — TopoSentinel round 134: 0 / 10 rejected  clip_norm=8.1703  threshold=0.2081  history=150
13:15:15  INFO      defenses.toposentinel — TopoSentinel: bottleneck=0.0028  threshold=0.2060
13:15:19  INFO      defenses.toposentinel — TopoSentinel round 135: 0 / 10 rejected  clip_norm=8.6852  threshold=0.2060  history=150
13:16:09  INFO      defenses.toposentinel — TopoSentinel: bottleneck=0.0073  threshold=0.2039
13:16:12  INFO      defenses.toposentinel — TopoSentinel round 136: 0 / 10 rejected  clip_norm=8.2259  threshold=0.2039  history=150
13:16:58  INFO      defenses.toposentinel — TopoSentinel: bottleneck=0.0118  threshold=0.2019
13:17:05  INFO      defenses.toposentinel — TopoSentinel round 137: 0 / 10 rejected  clip_norm=8.3878  threshold=0.2019  history=150
13:17:59  INFO      defenses.toposentinel — TopoSentinel: bottleneck=0.0094  threshold=0.1999
13:18:03  INFO      defenses.toposentinel — TopoSentinel round 138: 0 / 10 rejected  clip_norm=8.0164  threshold=0.1999  history=150
13:18:53  INFO      defenses.toposentinel — TopoSentinel: bottleneck=0.0146  threshold=0.1979
13:18:56  INFO      defenses.toposentinel — TopoSentinel round 139: 0 / 10 rejected  clip_norm=8.2476  threshold=0.1979  history=150
13:19:45  INFO      defenses.toposentinel — TopoSentinel: bottleneck=0.0080  threshold=0.1959
13:19:48  INFO      defenses.toposentinel — TopoSentinel round 140: 0 / 10 rejected  clip_norm=8.4781  threshold=0.1959  history=150
13:20:02  INFO      experiment.runner — Round  141/200  |  acc:  85.59%  loss: 0.5326  |  FPR: 0.0%  |  mF1: 85.6%
13:20:46  INFO      defenses.toposentinel — TopoSentinel: bottleneck=0.0144  threshold=0.1939
13:20:49  INFO      defenses.toposentinel — TopoSentinel round 141: 0 / 10 rejected  clip_norm=8.0905  threshold=0.1939  history=150
13:21:37  INFO      defenses.toposentinel — TopoSentinel: bottleneck=0.0070  threshold=0.1920
13:21:46  INFO      defenses.toposentinel — TopoSentinel round 142: 0 / 10 rejected  clip_norm=8.6519  threshold=0.1920  history=150
13:22:30  INFO      defenses.toposentinel — TopoSentinel: bottleneck=0.0063  threshold=0.1901
13:22:34  INFO      defenses.toposentinel — TopoSentinel round 143: 0 / 10 rejected  clip_norm=8.8087  threshold=0.1901  history=150
13:23:25  INFO      defenses.toposentinel — TopoSentinel: bottleneck=0.0150  threshold=0.1882
13:23:28  INFO      defenses.toposentinel — TopoSentinel round 144: 0 / 10 rejected  clip_norm=8.0430  threshold=0.1882  history=150
13:24:18  INFO      defenses.toposentinel — TopoSentinel: bottleneck=0.0073  threshold=0.1863
13:24:21  INFO      defenses.toposentinel — TopoSentinel round 145: 0 / 10 rejected  clip_norm=8.0625  threshold=0.1863  history=150
13:25:11  INFO      defenses.toposentinel — TopoSentinel: bottleneck=0.0086  threshold=0.1844
13:25:14  INFO      defenses.toposentinel — TopoSentinel round 146: 0 / 10 rejected  clip_norm=8.5967  threshold=0.1844  history=150
13:26:02  INFO      defenses.toposentinel — TopoSentinel: bottleneck=0.0047  threshold=0.1826
13:26:10  INFO      defenses.toposentinel — TopoSentinel round 147: 0 / 10 rejected  clip_norm=8.4012  threshold=0.1826  history=150
13:27:00  INFO      defenses.toposentinel — TopoSentinel: bottleneck=0.0059  threshold=0.1808
13:27:04  INFO      defenses.toposentinel — TopoSentinel round 148: 0 / 10 rejected  clip_norm=8.2948  threshold=0.1808  history=150
13:27:56  INFO      defenses.toposentinel — TopoSentinel: bottleneck=0.0137  threshold=0.1790
13:27:59  INFO      defenses.toposentinel — TopoSentinel round 149: 0 / 10 rejected  clip_norm=8.3284  threshold=0.1790  history=150
13:28:47  INFO      defenses.toposentinel — TopoSentinel: bottleneck=0.0155  threshold=0.1772
13:28:50  INFO      defenses.toposentinel — TopoSentinel round 150: 0 / 10 rejected  clip_norm=8.7809  threshold=0.1772  history=150
13:29:04  INFO      experiment.runner — Round  151/200  |  acc:  86.00%  loss: 0.5264  |  FPR: 0.0%  |  mF1: 85.9%
13:29:44  INFO      defenses.toposentinel — TopoSentinel: bottleneck=0.0078  threshold=0.1754
13:29:47  INFO      defenses.toposentinel — TopoSentinel round 151: 0 / 10 rejected  clip_norm=8.1888  threshold=0.1754  history=150
13:30:41  INFO      defenses.toposentinel — TopoSentinel: bottleneck=0.0145  threshold=0.1736
13:30:49  INFO      defenses.toposentinel — TopoSentinel round 152: 0 / 10 rejected  clip_norm=8.1994  threshold=0.1736  history=150
13:31:37  INFO      defenses.toposentinel — TopoSentinel: bottleneck=0.0085  threshold=0.1719
13:31:44  INFO      defenses.toposentinel — TopoSentinel round 153: 0 / 10 rejected  clip_norm=7.8875  threshold=0.1719  history=150
13:32:33  INFO      defenses.toposentinel — TopoSentinel: bottleneck=0.0096  threshold=0.1702
13:32:37  INFO      defenses.toposentinel — TopoSentinel round 154: 0 / 10 rejected  clip_norm=7.1267  threshold=0.1702  history=150
13:33:31  INFO      defenses.toposentinel — TopoSentinel: bottleneck=0.0248  threshold=0.1685
13:33:35  INFO      defenses.toposentinel — TopoSentinel round 155: 0 / 10 rejected  clip_norm=8.8020  threshold=0.1685  history=150
13:34:24  INFO      defenses.toposentinel — TopoSentinel: bottleneck=0.0143  threshold=0.1668
13:34:27  INFO      defenses.toposentinel — TopoSentinel round 156: 0 / 10 rejected  clip_norm=8.5149  threshold=0.1668  history=150
13:35:16  INFO      defenses.toposentinel — TopoSentinel: bottleneck=0.0037  threshold=0.1651
13:35:19  INFO      defenses.toposentinel — TopoSentinel round 157: 0 / 10 rejected  clip_norm=8.4166  threshold=0.1651  history=150
13:36:10  INFO      defenses.toposentinel — TopoSentinel: bottleneck=0.0152  threshold=0.1635
13:36:17  INFO      defenses.toposentinel — TopoSentinel round 158: 0 / 10 rejected  clip_norm=8.4035  threshold=0.1635  history=150
13:37:05  INFO      defenses.toposentinel — TopoSentinel: bottleneck=0.0044  threshold=0.1618
13:37:09  INFO      defenses.toposentinel — TopoSentinel round 159: 0 / 10 rejected  clip_norm=7.9896  threshold=0.1618  history=150
13:38:03  INFO      defenses.toposentinel — TopoSentinel: bottleneck=0.0100  threshold=0.1602
13:38:07  INFO      defenses.toposentinel — TopoSentinel round 160: 0 / 10 rejected  clip_norm=7.8382  threshold=0.1602  history=150
13:38:21  INFO      experiment.runner — Round  161/200  |  acc:  86.31%  loss: 0.5041  |  FPR: 0.0%  |  mF1: 86.3%
13:39:09  INFO      defenses.toposentinel — TopoSentinel: bottleneck=0.0241  threshold=0.1586
13:39:09  INFO      defenses.toposentinel — TopoSentinel round 161: 0 / 10 rejected  clip_norm=8.2552  threshold=0.1586  history=150
13:39:57  INFO      defenses.toposentinel — TopoSentinel: bottleneck=0.0113  threshold=0.1570
13:40:01  INFO      defenses.toposentinel — TopoSentinel round 162: 0 / 10 rejected  clip_norm=8.1283  threshold=0.1570  history=150
13:40:47  INFO      defenses.toposentinel — TopoSentinel: bottleneck=0.0066  threshold=0.1555
13:40:54  INFO      defenses.toposentinel — TopoSentinel round 163: 0 / 10 rejected  clip_norm=7.9646  threshold=0.1555  history=150
13:41:43  INFO      defenses.toposentinel — TopoSentinel: bottleneck=0.0073  threshold=0.1539
13:41:46  INFO      defenses.toposentinel — TopoSentinel round 164: 0 / 10 rejected  clip_norm=7.9185  threshold=0.1539  history=150
13:42:41  INFO      defenses.toposentinel — TopoSentinel: bottleneck=0.0087  threshold=0.1524
13:42:44  INFO      defenses.toposentinel — TopoSentinel round 165: 0 / 10 rejected  clip_norm=8.3447  threshold=0.1524  history=150
13:43:33  INFO      defenses.toposentinel — TopoSentinel: bottleneck=0.0065  threshold=0.1508
13:43:37  INFO      defenses.toposentinel — TopoSentinel round 166: 0 / 10 rejected  clip_norm=7.9649  threshold=0.1508  history=150
13:44:26  INFO      defenses.toposentinel — TopoSentinel: bottleneck=0.0097  threshold=0.1493
13:44:29  INFO      defenses.toposentinel — TopoSentinel round 167: 0 / 10 rejected  clip_norm=7.8709  threshold=0.1493  history=150
13:45:16  INFO      defenses.toposentinel — TopoSentinel: bottleneck=0.0102  threshold=0.1478
13:45:24  INFO      defenses.toposentinel — TopoSentinel round 168: 0 / 10 rejected  clip_norm=7.4428  threshold=0.1478  history=150
13:46:16  INFO      defenses.toposentinel — TopoSentinel: bottleneck=0.0105  threshold=0.1464
13:46:20  INFO      defenses.toposentinel — TopoSentinel round 169: 0 / 10 rejected  clip_norm=7.9626  threshold=0.1464  history=150
13:47:17  INFO      defenses.toposentinel — TopoSentinel: bottleneck=0.0065  threshold=0.1449
13:47:21  INFO      defenses.toposentinel — TopoSentinel round 170: 0 / 10 rejected  clip_norm=7.7786  threshold=0.1449  history=150
13:47:34  INFO      experiment.runner — Round  171/200  |  acc:  86.82%  loss: 0.5021  |  FPR: 0.0%  |  mF1: 86.8%
13:48:14  INFO      defenses.toposentinel — TopoSentinel: bottleneck=0.0079  threshold=0.1435
13:48:18  INFO      defenses.toposentinel — TopoSentinel round 171: 0 / 10 rejected  clip_norm=7.8793  threshold=0.1435  history=150
13:49:07  INFO      defenses.toposentinel — TopoSentinel: bottleneck=0.0193  threshold=0.1420
13:49:10  INFO      defenses.toposentinel — TopoSentinel round 172: 0 / 10 rejected  clip_norm=7.9327  threshold=0.1420  history=150
13:49:59  INFO      defenses.toposentinel — TopoSentinel: bottleneck=0.0283  threshold=0.1406
13:50:02  INFO      defenses.toposentinel — TopoSentinel round 173: 0 / 10 rejected  clip_norm=7.7005  threshold=0.1406  history=150
13:50:49  INFO      defenses.toposentinel — TopoSentinel: bottleneck=0.0084  threshold=0.1392
13:50:57  INFO      defenses.toposentinel — TopoSentinel round 174: 0 / 10 rejected  clip_norm=7.5576  threshold=0.1392  history=150
13:51:46  INFO      defenses.toposentinel — TopoSentinel: bottleneck=0.0133  threshold=0.1378
13:51:49  INFO      defenses.toposentinel — TopoSentinel round 175: 0 / 10 rejected  clip_norm=7.6889  threshold=0.1378  history=150
13:53:26  INFO      defenses.toposentinel — TopoSentinel: bottleneck=0.0073  threshold=0.1364
13:53:29  INFO      defenses.toposentinel — TopoSentinel round 176: 0 / 10 rejected  clip_norm=7.3596  threshold=0.1364  history=150
13:54:19  INFO      defenses.toposentinel — TopoSentinel: bottleneck=0.0029  threshold=0.1351
13:54:22  INFO      defenses.toposentinel — TopoSentinel round 177: 0 / 10 rejected  clip_norm=7.5339  threshold=0.1351  history=150
13:55:12  INFO      defenses.toposentinel — TopoSentinel: bottleneck=0.0066  threshold=0.1337
13:55:16  INFO      defenses.toposentinel — TopoSentinel round 178: 0 / 10 rejected  clip_norm=7.2621  threshold=0.1337  history=150
13:56:04  INFO      defenses.toposentinel — TopoSentinel: bottleneck=0.0061  threshold=0.1324
13:56:07  INFO      defenses.toposentinel — TopoSentinel round 179: 0 / 10 rejected  clip_norm=7.5460  threshold=0.1324  history=150
13:56:52  INFO      defenses.toposentinel — TopoSentinel: bottleneck=0.0320  threshold=0.1310
13:56:56  INFO      defenses.toposentinel — TopoSentinel round 180: 0 / 10 rejected  clip_norm=8.2272  threshold=0.1310  history=150
13:57:18  INFO      experiment.runner — Round  181/200  |  acc:  86.90%  loss: 0.4906  |  FPR: 0.0%  |  mF1: 86.9%
13:57:56  INFO      defenses.toposentinel — TopoSentinel: bottleneck=0.0275  threshold=0.1297
13:57:59  INFO      defenses.toposentinel — TopoSentinel round 181: 0 / 10 rejected  clip_norm=7.6505  threshold=0.1297  history=150
13:58:49  INFO      defenses.toposentinel — TopoSentinel: bottleneck=0.0067  threshold=0.1284
13:58:52  INFO      defenses.toposentinel — TopoSentinel round 182: 0 / 10 rejected  clip_norm=7.5826  threshold=0.1284  history=150
13:59:41  INFO      defenses.toposentinel — TopoSentinel: bottleneck=0.0065  threshold=0.1272
13:59:45  INFO      defenses.toposentinel — TopoSentinel round 183: 0 / 10 rejected  clip_norm=7.4636  threshold=0.1272  history=150
14:00:34  INFO      defenses.toposentinel — TopoSentinel: bottleneck=0.0069  threshold=0.1259
14:00:38  INFO      defenses.toposentinel — TopoSentinel round 184: 0 / 10 rejected  clip_norm=7.5899  threshold=0.1259  history=150
14:01:24  INFO      defenses.toposentinel — TopoSentinel: bottleneck=0.0219  threshold=0.1246
14:01:31  INFO      defenses.toposentinel — TopoSentinel round 185: 0 / 10 rejected  clip_norm=7.7144  threshold=0.1246  history=150
14:02:22  INFO      defenses.toposentinel — TopoSentinel: bottleneck=0.0157  threshold=0.1234
14:02:26  INFO      defenses.toposentinel — TopoSentinel round 186: 0 / 10 rejected  clip_norm=7.6509  threshold=0.1234  history=150
14:03:21  INFO      defenses.toposentinel — TopoSentinel: bottleneck=0.0092  threshold=0.1221
14:03:24  INFO      defenses.toposentinel — TopoSentinel round 187: 0 / 10 rejected  clip_norm=7.3482  threshold=0.1221  history=150
14:04:13  INFO      defenses.toposentinel — TopoSentinel: bottleneck=0.0096  threshold=0.1209
14:04:16  INFO      defenses.toposentinel — TopoSentinel round 188: 0 / 10 rejected  clip_norm=7.6883  threshold=0.1209  history=150
14:05:05  INFO      defenses.toposentinel — TopoSentinel: bottleneck=0.0166  threshold=0.1197
14:05:08  INFO      defenses.toposentinel — TopoSentinel round 189: 0 / 10 rejected  clip_norm=7.3543  threshold=0.1197  history=150
14:06:01  INFO      defenses.toposentinel — TopoSentinel: bottleneck=0.0217  threshold=0.1185
14:06:07  INFO      defenses.toposentinel — TopoSentinel round 190: 0 / 10 rejected  clip_norm=8.0010  threshold=0.1185  history=150
14:06:20  INFO      experiment.runner — Round  191/200  |  acc:  87.13%  loss: 0.4965  |  FPR: 0.0%  |  mF1: 87.1%
14:06:57  INFO      defenses.toposentinel — TopoSentinel: bottleneck=0.0133  threshold=0.1173
14:07:04  INFO      defenses.toposentinel — TopoSentinel round 191: 0 / 10 rejected  clip_norm=8.2625  threshold=0.1173  history=150
14:07:57  INFO      defenses.toposentinel — TopoSentinel: bottleneck=0.0044  threshold=0.1162
14:08:04  INFO      defenses.toposentinel — TopoSentinel round 192: 0 / 10 rejected  clip_norm=7.8815  threshold=0.1162  history=150
14:08:53  INFO      defenses.toposentinel — TopoSentinel: bottleneck=0.0128  threshold=0.1150
14:08:56  INFO      defenses.toposentinel — TopoSentinel round 193: 0 / 10 rejected  clip_norm=7.8293  threshold=0.1150  history=150
