19:33:57  INFO      benchmark — Matrix: 1 datasets × 6 attacks × 6 defenses × 10 seeds = 360 runs
19:33:57  INFO      benchmark — Status — complete: 34  partial/incomplete: 0  not started: 326
19:33:57  INFO      benchmark — Time budget: 98.0 h
19:33:57  INFO      benchmark — ▶  cifar10_none_mkrum_seed4
19:33:57  INFO      experiment.runner — Initialising 'cifar10_none_mkrum_seed4' | device=cuda | rounds=240 | clients=10/100 | attack=none | defense=mkrum
19:34:08  INFO      defenses.mkrum — MKrumServer initialised — f=1 Byzantine, selecting m=9 updates.
19:34:20  INFO      experiment.utils — Built 100 clients — 0 malicious, 100 benign.
19:34:20  INFO      experiment.runner — Setup complete — 100 clients (0 malicious) | backdoor eval: none
Files already downloaded and verified
Files already downloaded and verified
Files already downloaded and verified
Files already downloaded and verified
19:34:46  INFO      defenses.mkrum — MKrum selected 9 / 10 clients: [2, 11, 13, 19, 30, 38, 50, 61, 92]  |  rejected: [8]
19:34:51  INFO      experiment.runner — Round    1/240  |  acc:  11.20%  loss: 3.7737  |  FPR: 10.0%  |  mF1: 4.0%
19:35:22  INFO      defenses.mkrum — MKrum selected 9 / 10 clients: [7, 28, 35, 37, 46, 51, 66, 68, 70]  |  rejected: [97]
19:36:01  INFO      defenses.mkrum — MKrum selected 9 / 10 clients: [3, 13, 21, 22, 24, 33, 34, 82, 99]  |  rejected: [27]
19:36:37  INFO      defenses.mkrum — MKrum selected 9 / 10 clients: [11, 37, 39, 43, 47, 49, 77, 80, 93]  |  rejected: [85]
19:37:13  INFO      defenses.mkrum — MKrum selected 9 / 10 clients: [0, 11, 31, 35, 37, 38, 60, 64, 70]  |  rejected: [22]
19:37:54  INFO      defenses.mkrum — MKrum selected 9 / 10 clients: [24, 36, 39, 54, 65, 73, 76, 90, 97]  |  rejected: [52]
19:38:34  INFO      defenses.mkrum — MKrum selected 9 / 10 clients: [5, 10, 20, 29, 33, 39, 55, 59, 80]  |  rejected: [57]
19:39:16  INFO      defenses.mkrum — MKrum selected 9 / 10 clients: [18, 25, 35, 43, 60, 66, 82, 86, 89]  |  rejected: [68]
19:39:54  INFO      defenses.mkrum — MKrum selected 9 / 10 clients: [8, 23, 25, 35, 45, 55, 56, 80, 81]  |  rejected: [52]
19:40:35  INFO      defenses.mkrum — MKrum selected 9 / 10 clients: [7, 12, 25, 29, 41, 71, 75, 81, 90]  |  rejected: [95]
19:41:10  INFO      defenses.mkrum — MKrum selected 9 / 10 clients: [15, 22, 30, 35, 37, 42, 58, 74, 97]  |  rejected: [78]
19:41:19  INFO      experiment.runner — Round   11/240  |  acc:  58.20%  loss: 1.2129  |  FPR: 10.0%  |  mF1: 58.0%
19:41:53  INFO      defenses.mkrum — MKrum selected 9 / 10 clients: [2, 3, 5, 10, 36, 45, 86, 89, 94]  |  rejected: [41]
19:42:28  INFO      defenses.mkrum — MKrum selected 9 / 10 clients: [9, 19, 36, 37, 52, 79, 83, 87, 99]  |  rejected: [41]
19:43:10  INFO      defenses.mkrum — MKrum selected 9 / 10 clients: [17, 20, 32, 37, 42, 48, 56, 76, 79]  |  rejected: [24]
19:43:46  INFO      defenses.mkrum — MKrum selected 9 / 10 clients: [1, 5, 12, 21, 37, 46, 56, 58, 73]  |  rejected: [26]
19:44:26  INFO      defenses.mkrum — MKrum selected 9 / 10 clients: [7, 14, 19, 21, 26, 76, 77, 86, 94]  |  rejected: [54]
19:45:02  INFO      defenses.mkrum — MKrum selected 9 / 10 clients: [4, 5, 15, 31, 37, 62, 67, 69, 74]  |  rejected: [41]
19:45:44  INFO      defenses.mkrum — MKrum selected 9 / 10 clients: [4, 25, 28, 30, 56, 61, 62, 83, 99]  |  rejected: [52]
19:46:23  INFO      defenses.mkrum — MKrum selected 9 / 10 clients: [4, 27, 31, 32, 53, 54, 56, 63, 82]  |  rejected: [24]
19:47:04  INFO      defenses.mkrum — MKrum selected 9 / 10 clients: [18, 26, 29, 31, 32, 33, 53, 67, 98]  |  rejected: [41]
19:47:41  INFO      defenses.mkrum — MKrum selected 9 / 10 clients: [5, 14, 40, 51, 63, 72, 83, 91, 95]  |  rejected: [6]
19:47:47  INFO      experiment.runner — Round   21/240  |  acc:  66.58%  loss: 1.0066  |  FPR: 10.0%  |  mF1: 66.4%
19:48:25  INFO      defenses.mkrum — MKrum selected 9 / 10 clients: [11, 21, 26, 37, 43, 49, 60, 73, 84]  |  rejected: [55]
19:49:01  INFO      defenses.mkrum — MKrum selected 9 / 10 clients: [27, 34, 40, 43, 50, 53, 67, 83, 87]  |  rejected: [82]
19:49:40  INFO      defenses.mkrum — MKrum selected 9 / 10 clients: [5, 9, 16, 24, 35, 50, 63, 79, 80]  |  rejected: [85]
19:50:14  INFO      defenses.mkrum — MKrum selected 9 / 10 clients: [7, 21, 34, 59, 60, 72, 81, 88, 98]  |  rejected: [85]
19:50:54  INFO      defenses.mkrum — MKrum selected 9 / 10 clients: [1, 14, 20, 27, 32, 49, 51, 78, 95]  |  rejected: [0]
19:51:32  INFO      defenses.mkrum — MKrum selected 9 / 10 clients: [6, 20, 25, 28, 48, 50, 77, 85, 98]  |  rejected: [70]
19:52:11  INFO      defenses.mkrum — MKrum selected 9 / 10 clients: [3, 4, 10, 42, 56, 60, 67, 71, 99]  |  rejected: [89]
19:52:48  INFO      defenses.mkrum — MKrum selected 9 / 10 clients: [5, 14, 32, 46, 62, 71, 76, 77, 99]  |  rejected: [17]
19:53:29  INFO      defenses.mkrum — MKrum selected 9 / 10 clients: [1, 9, 10, 38, 44, 48, 58, 69, 98]  |  rejected: [66]
19:54:06  INFO      defenses.mkrum — MKrum selected 9 / 10 clients: [9, 12, 14, 26, 29, 49, 51, 62, 97]  |  rejected: [39]
19:54:13  INFO      experiment.runner — Round   31/240  |  acc:  71.00%  loss: 0.9316  |  FPR: 10.0%  |  mF1: 70.7%
19:54:50  INFO      defenses.mkrum — MKrum selected 9 / 10 clients: [8, 46, 53, 56, 65, 79, 80, 91, 99]  |  rejected: [55]
19:55:29  INFO      defenses.mkrum — MKrum selected 9 / 10 clients: [20, 21, 25, 38, 47, 54, 61, 71, 81]  |  rejected: [15]
19:56:12  INFO      defenses.mkrum — MKrum selected 9 / 10 clients: [0, 19, 21, 33, 41, 43, 63, 69, 90]  |  rejected: [22]
19:56:53  INFO      defenses.mkrum — MKrum selected 9 / 10 clients: [0, 14, 39, 61, 62, 69, 76, 82, 91]  |  rejected: [15]
19:57:34  INFO      defenses.mkrum — MKrum selected 9 / 10 clients: [9, 23, 29, 31, 37, 45, 66, 67, 98]  |  rejected: [52]
19:58:11  INFO      defenses.mkrum — MKrum selected 9 / 10 clients: [0, 6, 39, 40, 59, 69, 72, 80, 86]  |  rejected: [78]
19:58:52  INFO      defenses.mkrum — MKrum selected 9 / 10 clients: [32, 46, 50, 56, 64, 76, 78, 79, 98]  |  rejected: [18]
19:59:29  INFO      defenses.mkrum — MKrum selected 9 / 10 clients: [10, 18, 22, 43, 55, 77, 79, 84, 86]  |  rejected: [17]
20:00:10  INFO      defenses.mkrum — MKrum selected 9 / 10 clients: [9, 11, 25, 36, 44, 47, 51, 79, 86]  |  rejected: [73]
20:00:50  INFO      defenses.mkrum — MKrum selected 9 / 10 clients: [2, 22, 38, 41, 42, 47, 67, 77, 83]  |  rejected: [82]
20:00:56  INFO      experiment.runner — Round   41/240  |  acc:  74.44%  loss: 0.8216  |  FPR: 10.0%  |  mF1: 74.4%
20:01:39  INFO      defenses.mkrum — MKrum selected 9 / 10 clients: [11, 12, 20, 45, 63, 73, 74, 84, 96]  |  rejected: [23]
20:02:17  INFO      defenses.mkrum — MKrum selected 9 / 10 clients: [9, 14, 22, 61, 79, 83, 86, 95, 97]  |  rejected: [28]
20:02:57  INFO      defenses.mkrum — MKrum selected 9 / 10 clients: [28, 30, 38, 39, 51, 62, 76, 84, 88]  |  rejected: [90]
20:03:34  INFO      defenses.mkrum — MKrum selected 9 / 10 clients: [29, 41, 47, 51, 57, 64, 67, 80, 95]  |  rejected: [68]
20:04:14  INFO      defenses.mkrum — MKrum selected 9 / 10 clients: [1, 23, 32, 36, 40, 51, 56, 69, 75]  |  rejected: [52]
20:05:14  INFO      defenses.mkrum — MKrum selected 9 / 10 clients: [3, 19, 49, 51, 58, 71, 78, 79, 88]  |  rejected: [46]
20:05:53  INFO      defenses.mkrum — MKrum selected 9 / 10 clients: [11, 33, 39, 44, 58, 65, 77, 80, 96]  |  rejected: [8]
20:06:34  INFO      defenses.mkrum — MKrum selected 9 / 10 clients: [16, 19, 28, 30, 38, 61, 77, 81, 99]  |  rejected: [8]
20:07:12  INFO      defenses.mkrum — MKrum selected 9 / 10 clients: [6, 20, 33, 50, 68, 74, 79, 87, 91]  |  rejected: [70]
20:08:11  INFO      defenses.mkrum — MKrum selected 9 / 10 clients: [4, 10, 12, 20, 26, 31, 40, 67, 96]  |  rejected: [2]
20:08:17  INFO      experiment.runner — Round   51/240  |  acc:  77.23%  loss: 0.7368  |  FPR: 10.0%  |  mF1: 77.2%
20:08:57  INFO      defenses.mkrum — MKrum selected 9 / 10 clients: [7, 15, 22, 34, 36, 78, 80, 82, 93]  |  rejected: [89]
20:09:35  INFO      defenses.mkrum — MKrum selected 9 / 10 clients: [10, 16, 19, 46, 53, 71, 83, 88, 92]  |  rejected: [90]
20:10:16  INFO      defenses.mkrum — MKrum selected 9 / 10 clients: [0, 8, 19, 27, 38, 61, 64, 70, 92]  |  rejected: [52]
20:11:05  INFO      defenses.mkrum — MKrum selected 9 / 10 clients: [20, 21, 32, 38, 48, 50, 51, 65, 87]  |  rejected: [68]
20:11:47  INFO      defenses.mkrum — MKrum selected 9 / 10 clients: [2, 3, 7, 21, 35, 38, 42, 49, 86]  |  rejected: [54]
20:12:27  INFO      defenses.mkrum — MKrum selected 9 / 10 clients: [10, 14, 19, 20, 29, 61, 70, 77, 91]  |  rejected: [1]
20:13:06  INFO      defenses.mkrum — MKrum selected 9 / 10 clients: [22, 23, 43, 48, 57, 68, 87, 90, 93]  |  rejected: [89]
20:13:49  INFO      defenses.mkrum — MKrum selected 9 / 10 clients: [13, 24, 39, 45, 60, 67, 75, 79, 82]  |  rejected: [52]
20:14:28  INFO      defenses.mkrum — MKrum selected 9 / 10 clients: [4, 27, 32, 39, 74, 75, 76, 80, 84]  |  rejected: [94]
20:15:08  INFO      defenses.mkrum — MKrum selected 9 / 10 clients: [4, 10, 13, 30, 40, 43, 61, 80, 84]  |  rejected: [89]
20:15:16  INFO      experiment.runner — Round   61/240  |  acc:  79.16%  loss: 0.6911  |  FPR: 10.0%  |  mF1: 79.2%
20:15:50  INFO      defenses.mkrum — MKrum selected 9 / 10 clients: [10, 22, 41, 45, 60, 63, 67, 77, 91]  |  rejected: [5]
20:16:33  INFO      defenses.mkrum — MKrum selected 9 / 10 clients: [4, 9, 25, 31, 43, 69, 76, 86, 91]  |  rejected: [66]
20:17:12  INFO      defenses.mkrum — MKrum selected 9 / 10 clients: [0, 9, 14, 28, 39, 64, 65, 77, 89]  |  rejected: [17]
20:17:52  INFO      defenses.mkrum — MKrum selected 9 / 10 clients: [1, 2, 4, 27, 35, 61, 79, 89, 93]  |  rejected: [18]
20:18:29  INFO      defenses.mkrum — MKrum selected 9 / 10 clients: [31, 38, 44, 46, 49, 51, 77, 80, 95]  |  rejected: [94]
20:20:03  INFO      defenses.mkrum — MKrum selected 9 / 10 clients: [4, 8, 22, 38, 63, 65, 71, 88, 96]  |  rejected: [52]
20:20:41  INFO      defenses.mkrum — MKrum selected 9 / 10 clients: [2, 22, 26, 27, 35, 36, 41, 61, 90]  |  rejected: [55]
20:21:28  INFO      defenses.mkrum — MKrum selected 9 / 10 clients: [26, 32, 35, 41, 42, 65, 79, 80, 96]  |  rejected: [52]
20:22:05  INFO      defenses.mkrum — MKrum selected 9 / 10 clients: [3, 11, 16, 33, 36, 51, 77, 78, 86]  |  rejected: [82]
20:22:48  INFO      defenses.mkrum — MKrum selected 9 / 10 clients: [11, 21, 27, 32, 40, 79, 82, 89, 97]  |  rejected: [85]
20:22:57  INFO      experiment.runner — Round   71/240  |  acc:  80.65%  loss: 0.6536  |  FPR: 10.0%  |  mF1: 80.6%
20:23:31  INFO      defenses.mkrum — MKrum selected 9 / 10 clients: [1, 14, 21, 26, 43, 63, 72, 82, 97]  |  rejected: [58]
20:24:10  INFO      defenses.mkrum — MKrum selected 9 / 10 clients: [11, 12, 14, 31, 37, 40, 72, 74, 84]  |  rejected: [66]
20:24:50  INFO      defenses.mkrum — MKrum selected 9 / 10 clients: [3, 19, 22, 23, 84, 91, 95, 96, 98]  |  rejected: [9]
20:25:26  INFO      defenses.mkrum — MKrum selected 9 / 10 clients: [4, 26, 33, 41, 42, 75, 80, 86, 98]  |  rejected: [94]
20:26:09  INFO      defenses.mkrum — MKrum selected 9 / 10 clients: [6, 20, 21, 27, 46, 77, 86, 87, 96]  |  rejected: [7]
20:26:46  INFO      defenses.mkrum — MKrum selected 9 / 10 clients: [13, 17, 25, 33, 50, 61, 63, 76, 90]  |  rejected: [85]
20:27:25  INFO      defenses.mkrum — MKrum selected 9 / 10 clients: [4, 23, 41, 46, 51, 63, 69, 95, 97]  |  rejected: [55]
20:28:04  INFO      defenses.mkrum — MKrum selected 9 / 10 clients: [19, 28, 30, 37, 45, 46, 73, 79, 86]  |  rejected: [24]
20:28:44  INFO      defenses.mkrum — MKrum selected 9 / 10 clients: [14, 23, 27, 28, 44, 46, 49, 68, 90]  |  rejected: [24]
20:29:20  INFO      defenses.mkrum — MKrum selected 9 / 10 clients: [2, 3, 24, 37, 41, 63, 69, 88, 93]  |  rejected: [15]
20:29:26  INFO      experiment.runner — Round   81/240  |  acc:  81.39%  loss: 0.6246  |  FPR: 10.0%  |  mF1: 81.3%
20:30:04  INFO      defenses.mkrum — MKrum selected 9 / 10 clients: [17, 20, 39, 44, 48, 50, 59, 79, 92]  |  rejected: [5]
20:30:45  INFO      defenses.mkrum — MKrum selected 9 / 10 clients: [0, 3, 17, 45, 53, 89, 91, 93, 95]  |  rejected: [57]
20:32:27  INFO      defenses.mkrum — MKrum selected 9 / 10 clients: [6, 10, 14, 20, 27, 37, 61, 71, 76]  |  rejected: [42]
20:33:11  INFO      defenses.mkrum — MKrum selected 9 / 10 clients: [2, 7, 23, 30, 42, 67, 76, 78, 86]  |  rejected: [92]
20:33:49  INFO      defenses.mkrum — MKrum selected 9 / 10 clients: [2, 17, 23, 29, 48, 55, 74, 79, 84]  |  rejected: [5]
20:34:29  INFO      defenses.mkrum — MKrum selected 9 / 10 clients: [21, 29, 36, 40, 47, 55, 69, 77, 81]  |  rejected: [94]
20:35:07  INFO      defenses.mkrum — MKrum selected 9 / 10 clients: [33, 42, 44, 69, 73, 76, 84, 86, 93]  |  rejected: [68]
20:35:47  INFO      defenses.mkrum — MKrum selected 9 / 10 clients: [4, 9, 19, 25, 46, 60, 63, 69, 73]  |  rejected: [15]
20:36:24  INFO      defenses.mkrum — MKrum selected 9 / 10 clients: [6, 17, 18, 20, 25, 68, 76, 80, 91]  |  rejected: [70]
20:37:05  INFO      defenses.mkrum — MKrum selected 9 / 10 clients: [6, 10, 19, 22, 33, 44, 69, 77, 79]  |  rejected: [90]
20:37:12  INFO      experiment.runner — Round   91/240  |  acc:  82.82%  loss: 0.6089  |  FPR: 10.0%  |  mF1: 82.7%
20:37:46  INFO      defenses.mkrum — MKrum selected 9 / 10 clients: [7, 26, 35, 36, 37, 67, 82, 88, 97]  |  rejected: [60]
20:38:29  INFO      defenses.mkrum — MKrum selected 9 / 10 clients: [0, 5, 7, 17, 36, 44, 67, 77, 96]  |  rejected: [53]
20:39:07  INFO      defenses.mkrum — MKrum selected 9 / 10 clients: [4, 9, 10, 22, 25, 36, 46, 55, 86]  |  rejected: [54]
20:39:49  INFO      defenses.mkrum — MKrum selected 9 / 10 clients: [0, 1, 10, 11, 25, 37, 67, 91, 95]  |  rejected: [66]
20:40:27  INFO      defenses.mkrum — MKrum selected 9 / 10 clients: [8, 11, 21, 25, 43, 54, 66, 80, 81]  |  rejected: [85]
20:41:08  INFO      defenses.mkrum — MKrum selected 9 / 10 clients: [7, 8, 13, 17, 55, 65, 66, 88, 97]  |  rejected: [70]
20:41:47  INFO      defenses.mkrum — MKrum selected 9 / 10 clients: [17, 35, 41, 43, 65, 74, 75, 82, 85]  |  rejected: [15]
20:42:29  INFO      defenses.mkrum — MKrum selected 9 / 10 clients: [0, 5, 9, 20, 69, 77, 79, 82, 98]  |  rejected: [34]
20:43:09  INFO      defenses.mkrum — MKrum selected 9 / 10 clients: [19, 38, 45, 46, 54, 67, 68, 75, 97]  |  rejected: [99]
20:43:49  INFO      defenses.mkrum — MKrum selected 9 / 10 clients: [3, 21, 31, 57, 61, 69, 74, 79, 83]  |  rejected: [58]
20:43:59  INFO      experiment.runner — Round  101/240  |  acc:  83.28%  loss: 0.5768  |  FPR: 10.0%  |  mF1: 83.2%
20:44:35  INFO      defenses.mkrum — MKrum selected 9 / 10 clients: [33, 71, 72, 73, 74, 75, 76, 87, 92]  |  rejected: [24]
20:45:12  INFO      defenses.mkrum — MKrum selected 9 / 10 clients: [20, 26, 38, 40, 42, 57, 61, 68, 90]  |  rejected: [89]
20:45:57  INFO      defenses.mkrum — MKrum selected 9 / 10 clients: [12, 21, 29, 37, 40, 42, 47, 79, 84]  |  rejected: [34]
20:46:35  INFO      defenses.mkrum — MKrum selected 9 / 10 clients: [0, 4, 5, 12, 22, 39, 56, 66, 81]  |  rejected: [24]
20:47:18  INFO      defenses.mkrum — MKrum selected 9 / 10 clients: [0, 22, 28, 31, 47, 50, 82, 83, 87]  |  rejected: [71]
20:47:55  INFO      defenses.mkrum — MKrum selected 9 / 10 clients: [11, 37, 43, 49, 55, 56, 64, 80, 93]  |  rejected: [30]
20:48:38  INFO      defenses.mkrum — MKrum selected 9 / 10 clients: [0, 5, 7, 12, 20, 23, 50, 55, 87]  |  rejected: [52]
20:49:19  INFO      defenses.mkrum — MKrum selected 9 / 10 clients: [5, 16, 28, 43, 44, 47, 65, 71, 87]  |  rejected: [94]
20:50:01  INFO      defenses.mkrum — MKrum selected 9 / 10 clients: [0, 12, 27, 44, 45, 46, 48, 73, 97]  |  rejected: [62]
20:50:38  INFO      defenses.mkrum — MKrum selected 9 / 10 clients: [11, 20, 49, 50, 55, 57, 67, 73, 93]  |  rejected: [70]
20:50:45  INFO      experiment.runner — Round  111/240  |  acc:  83.61%  loss: 0.5776  |  FPR: 10.0%  |  mF1: 83.7%
20:51:24  INFO      defenses.mkrum — MKrum selected 9 / 10 clients: [3, 11, 12, 16, 26, 36, 56, 58, 96]  |  rejected: [94]
20:52:02  INFO      defenses.mkrum — MKrum selected 9 / 10 clients: [13, 39, 40, 44, 50, 51, 85, 93, 97]  |  rejected: [52]
20:52:42  INFO      defenses.mkrum — MKrum selected 9 / 10 clients: [9, 43, 47, 48, 55, 62, 65, 90, 91]  |  rejected: [29]
20:53:21  INFO      defenses.mkrum — MKrum selected 9 / 10 clients: [4, 15, 20, 36, 42, 66, 68, 73, 79]  |  rejected: [54]
20:54:02  INFO      defenses.mkrum — MKrum selected 9 / 10 clients: [23, 29, 30, 61, 66, 80, 86, 87, 99]  |  rejected: [78]
20:54:40  INFO      defenses.mkrum — MKrum selected 9 / 10 clients: [1, 15, 45, 53, 54, 56, 63, 68, 85]  |  rejected: [89]
20:55:22  INFO      defenses.mkrum — MKrum selected 9 / 10 clients: [18, 25, 35, 42, 45, 55, 60, 95, 97]  |  rejected: [94]
20:56:00  INFO      defenses.mkrum — MKrum selected 9 / 10 clients: [19, 46, 61, 69, 72, 76, 84, 91, 98]  |  rejected: [33]
20:56:42  INFO      defenses.mkrum — MKrum selected 9 / 10 clients: [4, 17, 44, 49, 61, 62, 65, 79, 96]  |  rejected: [94]
20:57:20  INFO      defenses.mkrum — MKrum selected 9 / 10 clients: [23, 55, 68, 75, 79, 82, 85, 88, 95]  |  rejected: [32]
20:57:26  INFO      experiment.runner — Round  121/240  |  acc:  84.28%  loss: 0.5603  |  FPR: 10.0%  |  mF1: 84.2%
20:58:04  INFO      defenses.mkrum — MKrum selected 9 / 10 clients: [0, 5, 16, 22, 29, 39, 58, 73, 87]  |  rejected: [2]
20:58:43  INFO      defenses.mkrum — MKrum selected 9 / 10 clients: [19, 29, 35, 40, 41, 43, 57, 73, 98]  |  rejected: [7]
20:59:26  INFO      defenses.mkrum — MKrum selected 9 / 10 clients: [4, 8, 14, 28, 31, 56, 81, 85, 92]  |  rejected: [94]
21:00:06  INFO      defenses.mkrum — MKrum selected 9 / 10 clients: [0, 8, 20, 22, 25, 60, 68, 69, 78]  |  rejected: [24]
21:00:45  INFO      defenses.mkrum — MKrum selected 9 / 10 clients: [1, 24, 28, 33, 41, 44, 61, 65, 73]  |  rejected: [64]
21:01:27  INFO      defenses.mkrum — MKrum selected 9 / 10 clients: [15, 16, 43, 51, 73, 81, 84, 90, 96]  |  rejected: [89]
21:02:04  INFO      defenses.mkrum — MKrum selected 9 / 10 clients: [7, 8, 12, 33, 43, 49, 78, 90, 99]  |  rejected: [32]
21:02:44  INFO      defenses.mkrum — MKrum selected 9 / 10 clients: [6, 8, 31, 46, 49, 62, 91, 93, 97]  |  rejected: [26]
21:03:22  INFO      defenses.mkrum — MKrum selected 9 / 10 clients: [10, 18, 57, 65, 81, 90, 91, 92, 93]  |  rejected: [54]
21:04:04  INFO      defenses.mkrum — MKrum selected 9 / 10 clients: [4, 13, 18, 21, 48, 58, 67, 68, 80]  |  rejected: [89]
21:04:10  INFO      experiment.runner — Round  131/240  |  acc:  84.72%  loss: 0.5523  |  FPR: 10.0%  |  mF1: 84.6%
21:04:44  INFO      defenses.mkrum — MKrum selected 9 / 10 clients: [31, 32, 46, 55, 56, 60, 72, 73, 81]  |  rejected: [34]
21:05:25  INFO      defenses.mkrum — MKrum selected 9 / 10 clients: [0, 15, 34, 36, 42, 50, 72, 88, 90]  |  rejected: [89]
21:06:08  INFO      defenses.mkrum — MKrum selected 9 / 10 clients: [16, 20, 49, 65, 69, 83, 84, 88, 99]  |  rejected: [24]
21:06:48  INFO      defenses.mkrum — MKrum selected 9 / 10 clients: [3, 9, 10, 23, 24, 39, 69, 71, 95]  |  rejected: [78]
21:07:28  INFO      defenses.mkrum — MKrum selected 9 / 10 clients: [0, 12, 25, 33, 35, 58, 64, 67, 86]  |  rejected: [82]
21:08:05  INFO      defenses.mkrum — MKrum selected 9 / 10 clients: [0, 14, 24, 32, 51, 67, 74, 97, 98]  |  rejected: [34]
21:08:47  INFO      defenses.mkrum — MKrum selected 9 / 10 clients: [13, 20, 43, 46, 51, 62, 76, 90, 92]  |  rejected: [94]
21:09:25  INFO      defenses.mkrum — MKrum selected 9 / 10 clients: [4, 21, 24, 31, 42, 62, 93, 95, 97]  |  rejected: [26]
21:10:06  INFO      defenses.mkrum — MKrum selected 9 / 10 clients: [16, 21, 24, 41, 46, 67, 68, 78, 93]  |  rejected: [59]
21:10:42  INFO      defenses.mkrum — MKrum selected 9 / 10 clients: [41, 46, 55, 65, 74, 88, 95, 96, 97]  |  rejected: [57]
21:10:48  INFO      experiment.runner — Round  141/240  |  acc:  84.95%  loss: 0.5440  |  FPR: 10.0%  |  mF1: 84.9%
21:11:30  INFO      defenses.mkrum — MKrum selected 9 / 10 clients: [9, 14, 19, 32, 33, 58, 62, 84, 90]  |  rejected: [34]
21:12:07  INFO      defenses.mkrum — MKrum selected 9 / 10 clients: [10, 56, 58, 62, 64, 76, 83, 89, 95]  |  rejected: [34]
21:12:48  INFO      defenses.mkrum — MKrum selected 9 / 10 clients: [12, 20, 38, 47, 49, 69, 77, 78, 95]  |  rejected: [1]
21:13:24  INFO      defenses.mkrum — MKrum selected 9 / 10 clients: [4, 22, 31, 40, 49, 61, 65, 80, 86]  |  rejected: [28]
21:14:07  INFO      defenses.mkrum — MKrum selected 9 / 10 clients: [21, 24, 38, 49, 51, 58, 60, 68, 91]  |  rejected: [85]
21:14:44  INFO      defenses.mkrum — MKrum selected 9 / 10 clients: [4, 26, 42, 55, 73, 82, 86, 89, 94]  |  rejected: [34]
21:15:26  INFO      defenses.mkrum — MKrum selected 9 / 10 clients: [4, 7, 24, 32, 42, 63, 67, 95, 99]  |  rejected: [70]
21:16:06  INFO      defenses.mkrum — MKrum selected 9 / 10 clients: [7, 16, 47, 51, 90, 93, 97, 98, 99]  |  rejected: [6]
21:16:46  INFO      defenses.mkrum — MKrum selected 9 / 10 clients: [3, 31, 44, 46, 47, 49, 50, 56, 73]  |  rejected: [53]
21:17:27  INFO      defenses.mkrum — MKrum selected 9 / 10 clients: [16, 17, 21, 32, 60, 91, 93, 94, 98]  |  rejected: [52]
21:17:33  INFO      experiment.runner — Round  151/240  |  acc:  85.62%  loss: 0.5362  |  FPR: 10.0%  |  mF1: 85.5%
21:18:07  INFO      defenses.mkrum — MKrum selected 9 / 10 clients: [13, 23, 38, 46, 47, 56, 67, 72, 98]  |  rejected: [18]
21:18:48  INFO      defenses.mkrum — MKrum selected 9 / 10 clients: [8, 19, 63, 65, 71, 79, 84, 90, 98]  |  rejected: [85]
21:19:25  INFO      defenses.mkrum — MKrum selected 9 / 10 clients: [4, 25, 35, 55, 79, 87, 91, 95, 98]  |  rejected: [0]
21:20:06  INFO      defenses.mkrum — MKrum selected 9 / 10 clients: [3, 13, 17, 21, 34, 35, 57, 63, 71]  |  rejected: [52]
21:20:42  INFO      defenses.mkrum — MKrum selected 9 / 10 clients: [9, 21, 33, 41, 56, 69, 81, 91, 99]  |  rejected: [94]
21:21:23  INFO      defenses.mkrum — MKrum selected 9 / 10 clients: [7, 22, 32, 33, 43, 49, 54, 73, 78]  |  rejected: [2]
21:22:02  INFO      defenses.mkrum — MKrum selected 9 / 10 clients: [12, 13, 30, 33, 35, 63, 72, 73, 76]  |  rejected: [52]
21:22:45  INFO      defenses.mkrum — MKrum selected 9 / 10 clients: [15, 49, 55, 57, 66, 73, 80, 93, 99]  |  rejected: [59]
21:23:24  INFO      defenses.mkrum — MKrum selected 9 / 10 clients: [9, 20, 22, 35, 44, 60, 65, 80, 86]  |  rejected: [36]
21:24:03  INFO      defenses.mkrum — MKrum selected 9 / 10 clients: [24, 37, 56, 66, 67, 76, 83, 87, 93]  |  rejected: [89]
21:24:13  INFO      experiment.runner — Round  161/240  |  acc:  85.76%  loss: 0.5339  |  FPR: 10.0%  |  mF1: 85.7%
21:24:47  INFO      defenses.mkrum — MKrum selected 9 / 10 clients: [33, 42, 49, 67, 68, 85, 88, 90, 96]  |  rejected: [59]
21:25:25  INFO      defenses.mkrum — MKrum selected 9 / 10 clients: [7, 18, 28, 29, 41, 44, 47, 59, 79]  |  rejected: [70]
21:26:06  INFO      defenses.mkrum — MKrum selected 9 / 10 clients: [9, 33, 36, 47, 57, 64, 76, 78, 83]  |  rejected: [53]
21:26:43  INFO      defenses.mkrum — MKrum selected 9 / 10 clients: [17, 21, 28, 36, 40, 49, 75, 91, 95]  |  rejected: [51]
21:27:25  INFO      defenses.mkrum — MKrum selected 9 / 10 clients: [12, 20, 25, 27, 32, 56, 61, 63, 75]  |  rejected: [82]
21:28:02  INFO      defenses.mkrum — MKrum selected 9 / 10 clients: [8, 19, 32, 40, 42, 46, 50, 77, 95]  |  rejected: [2]
21:28:43  INFO      defenses.mkrum — MKrum selected 9 / 10 clients: [7, 10, 17, 20, 44, 47, 65, 76, 92]  |  rejected: [59]
21:29:21  INFO      defenses.mkrum — MKrum selected 9 / 10 clients: [11, 13, 45, 46, 56, 65, 71, 85, 95]  |  rejected: [59]
21:30:01  INFO      defenses.mkrum — MKrum selected 9 / 10 clients: [16, 23, 40, 62, 64, 77, 83, 88, 95]  |  rejected: [52]
21:30:39  INFO      defenses.mkrum — MKrum selected 9 / 10 clients: [16, 21, 22, 38, 69, 73, 80, 83, 90]  |  rejected: [59]
21:30:45  INFO      experiment.runner — Round  171/240  |  acc:  85.96%  loss: 0.5322  |  FPR: 10.0%  |  mF1: 85.9%
21:31:22  INFO      defenses.mkrum — MKrum selected 9 / 10 clients: [3, 16, 24, 28, 39, 56, 69, 81, 92]  |  rejected: [52]
21:31:59  INFO      defenses.mkrum — MKrum selected 9 / 10 clients: [19, 20, 29, 40, 42, 64, 69, 76, 84]  |  rejected: [30]
21:32:44  INFO      defenses.mkrum — MKrum selected 9 / 10 clients: [5, 12, 21, 38, 44, 54, 56, 65, 88]  |  rejected: [94]
21:33:24  INFO      defenses.mkrum — MKrum selected 9 / 10 clients: [8, 12, 21, 26, 36, 67, 78, 80, 93]  |  rejected: [94]
21:34:01  INFO      defenses.mkrum — MKrum selected 9 / 10 clients: [3, 9, 17, 22, 33, 40, 73, 78, 87]  |  rejected: [11]
21:34:43  INFO      defenses.mkrum — MKrum selected 9 / 10 clients: [6, 19, 21, 40, 43, 59, 60, 82, 87]  |  rejected: [34]
21:35:21  INFO      defenses.mkrum — MKrum selected 9 / 10 clients: [14, 32, 37, 39, 40, 64, 76, 83, 84]  |  rejected: [94]
21:36:01  INFO      defenses.mkrum — MKrum selected 9 / 10 clients: [7, 8, 33, 46, 56, 66, 67, 68, 85]  |  rejected: [0]
21:36:39  INFO      defenses.mkrum — MKrum selected 9 / 10 clients: [7, 33, 56, 68, 71, 76, 82, 90, 93]  |  rejected: [99]
21:37:19  INFO      defenses.mkrum — MKrum selected 9 / 10 clients: [8, 59, 60, 61, 62, 64, 71, 85, 95]  |  rejected: [53]
21:37:25  INFO      experiment.runner — Round  181/240  |  acc:  85.83%  loss: 0.5390  |  FPR: 10.0%  |  mF1: 85.7%
21:38:02  INFO      defenses.mkrum — MKrum selected 9 / 10 clients: [21, 27, 41, 50, 66, 72, 74, 84, 86]  |  rejected: [5]
21:38:45  INFO      defenses.mkrum — MKrum selected 9 / 10 clients: [4, 18, 36, 45, 53, 62, 74, 77, 91]  |  rejected: [34]
21:39:24  INFO      defenses.mkrum — MKrum selected 9 / 10 clients: [13, 27, 31, 33, 47, 68, 74, 90, 93]  |  rejected: [53]
21:40:07  INFO      defenses.mkrum — MKrum selected 9 / 10 clients: [14, 23, 57, 74, 84, 85, 91, 92, 95]  |  rejected: [15]
21:40:47  INFO      defenses.mkrum — MKrum selected 9 / 10 clients: [9, 12, 18, 51, 61, 72, 86, 92, 93]  |  rejected: [29]
21:41:30  INFO      defenses.mkrum — MKrum selected 9 / 10 clients: [8, 16, 21, 29, 71, 72, 90, 95, 96]  |  rejected: [34]
21:42:09  INFO      defenses.mkrum — MKrum selected 9 / 10 clients: [10, 11, 27, 33, 38, 50, 58, 72, 91]  |  rejected: [54]
21:42:53  INFO      defenses.mkrum — MKrum selected 9 / 10 clients: [9, 27, 36, 49, 50, 56, 58, 66, 80]  |  rejected: [96]
21:43:36  INFO      defenses.mkrum — MKrum selected 9 / 10 clients: [24, 35, 38, 45, 61, 62, 65, 89, 95]  |  rejected: [34]
21:44:18  INFO      defenses.mkrum — MKrum selected 9 / 10 clients: [18, 24, 28, 41, 47, 55, 62, 63, 93]  |  rejected: [70]
21:44:25  INFO      experiment.runner — Round  191/240  |  acc:  86.48%  loss: 0.5122  |  FPR: 10.0%  |  mF1: 86.4%
21:44:58  INFO      defenses.mkrum — MKrum selected 9 / 10 clients: [3, 19, 28, 30, 33, 60, 67, 76, 81]  |  rejected: [70]
21:45:39  INFO      defenses.mkrum — MKrum selected 9 / 10 clients: [7, 44, 50, 66, 67, 79, 80, 84, 99]  |  rejected: [59]
21:46:17  INFO      defenses.mkrum — MKrum selected 9 / 10 clients: [3, 8, 19, 24, 29, 74, 79, 91, 97]  |  rejected: [39]
21:46:54  INFO      defenses.mkrum — MKrum selected 9 / 10 clients: [4, 14, 16, 20, 21, 25, 37, 60, 99]  |  rejected: [54]
21:47:35  INFO      defenses.mkrum — MKrum selected 9 / 10 clients: [18, 26, 44, 48, 65, 73, 83, 91, 96]  |  rejected: [34]
21:48:12  INFO      defenses.mkrum — MKrum selected 9 / 10 clients: [2, 17, 20, 27, 38, 42, 48, 50, 54]  |  rejected: [15]
21:48:56  INFO      defenses.mkrum — MKrum selected 9 / 10 clients: [12, 13, 23, 24, 30, 33, 50, 92, 96]  |  rejected: [34]
21:49:33  INFO      defenses.mkrum — MKrum selected 9 / 10 clients: [3, 8, 32, 40, 65, 72, 76, 93, 95]  |  rejected: [81]
21:50:15  INFO      defenses.mkrum — MKrum selected 9 / 10 clients: [28, 36, 46, 50, 65, 81, 92, 93, 97]  |  rejected: [58]
21:50:51  INFO      defenses.mkrum — MKrum selected 9 / 10 clients: [8, 37, 43, 51, 55, 62, 76, 86, 87]  |  rejected: [94]
21:50:57  INFO      experiment.runner — Round  201/240  |  acc:  86.74%  loss: 0.5159  |  FPR: 10.0%  |  mF1: 86.7%
21:51:33  INFO      defenses.mkrum — MKrum selected 9 / 10 clients: [2, 3, 16, 45, 68, 80, 81, 85, 99]  |  rejected: [63]
21:52:12  INFO      defenses.mkrum — MKrum selected 9 / 10 clients: [16, 26, 28, 37, 41, 46, 61, 69, 77]  |  rejected: [53]
21:52:47  INFO      defenses.mkrum — MKrum selected 9 / 10 clients: [9, 18, 25, 29, 31, 44, 49, 71, 92]  |  rejected: [34]
21:53:25  INFO      defenses.mkrum — MKrum selected 9 / 10 clients: [12, 13, 17, 23, 34, 61, 77, 83, 94]  |  rejected: [53]
21:54:04  INFO      defenses.mkrum — MKrum selected 9 / 10 clients: [10, 12, 13, 14, 16, 54, 64, 84, 93]  |  rejected: [1]
21:54:44  INFO      defenses.mkrum — MKrum selected 9 / 10 clients: [12, 16, 20, 26, 38, 47, 55, 85, 91]  |  rejected: [88]
21:55:20  INFO      defenses.mkrum — MKrum selected 9 / 10 clients: [3, 22, 28, 36, 58, 62, 63, 72, 74]  |  rejected: [52]
21:56:01  INFO      defenses.mkrum — MKrum selected 9 / 10 clients: [28, 32, 49, 60, 67, 76, 80, 88, 93]  |  rejected: [1]
21:56:46  INFO      defenses.mkrum — MKrum selected 9 / 10 clients: [7, 8, 14, 22, 62, 72, 77, 91, 96]  |  rejected: [34]
21:57:34  INFO      defenses.mkrum — MKrum selected 9 / 10 clients: [20, 30, 43, 65, 67, 68, 73, 96, 97]  |  rejected: [54]
21:57:42  INFO      experiment.runner — Round  211/240  |  acc:  86.83%  loss: 0.5157  |  FPR: 10.0%  |  mF1: 86.9%
21:58:14  INFO      defenses.mkrum — MKrum selected 9 / 10 clients: [12, 18, 37, 56, 60, 67, 81, 85, 86]  |  rejected: [52]
21:58:50  INFO      defenses.mkrum — MKrum selected 9 / 10 clients: [16, 17, 23, 41, 56, 62, 85, 87, 98]  |  rejected: [89]
21:59:32  INFO      defenses.mkrum — MKrum selected 9 / 10 clients: [7, 12, 27, 28, 32, 48, 50, 95, 96]  |  rejected: [35]
22:00:08  INFO      defenses.mkrum — MKrum selected 9 / 10 clients: [7, 43, 47, 56, 60, 63, 81, 84, 98]  |  rejected: [0]
22:00:46  INFO      defenses.mkrum — MKrum selected 9 / 10 clients: [19, 21, 22, 44, 54, 72, 87, 93, 96]  |  rejected: [53]
22:01:23  INFO      defenses.mkrum — MKrum selected 9 / 10 clients: [35, 37, 63, 64, 65, 76, 78, 86, 99]  |  rejected: [53]
22:02:04  INFO      defenses.mkrum — MKrum selected 9 / 10 clients: [12, 20, 21, 26, 50, 80, 85, 95, 97]  |  rejected: [53]
22:02:41  INFO      defenses.mkrum — MKrum selected 9 / 10 clients: [6, 19, 44, 46, 58, 65, 74, 86, 88]  |  rejected: [57]
22:03:18  INFO      defenses.mkrum — MKrum selected 9 / 10 clients: [25, 46, 54, 67, 86, 90, 95, 97, 98]  |  rejected: [1]
22:03:59  INFO      defenses.mkrum — MKrum selected 9 / 10 clients: [12, 16, 17, 18, 38, 48, 49, 67, 78]  |  rejected: [0]
22:04:05  INFO      experiment.runner — Round  221/240  |  acc:  87.11%  loss: 0.4966  |  FPR: 10.0%  |  mF1: 87.0%
22:04:40  INFO      defenses.mkrum — MKrum selected 9 / 10 clients: [6, 7, 37, 42, 61, 63, 65, 75, 91]  |  rejected: [82]
22:05:18  INFO      defenses.mkrum — MKrum selected 9 / 10 clients: [3, 22, 25, 38, 55, 56, 67, 71, 91]  |  rejected: [15]
22:05:53  INFO      defenses.mkrum — MKrum selected 9 / 10 clients: [8, 16, 27, 32, 38, 40, 61, 66, 74]  |  rejected: [30]
22:06:33  INFO      defenses.mkrum — MKrum selected 9 / 10 clients: [6, 27, 28, 37, 71, 72, 74, 76, 80]  |  rejected: [64]
22:07:10  INFO      defenses.mkrum — MKrum selected 9 / 10 clients: [4, 22, 29, 31, 41, 73, 87, 88, 96]  |  rejected: [5]
22:07:51  INFO      defenses.mkrum — MKrum selected 9 / 10 clients: [6, 16, 20, 36, 43, 48, 74, 76, 87]  |  rejected: [42]
22:08:27  INFO      defenses.mkrum — MKrum selected 9 / 10 clients: [2, 23, 33, 47, 58, 62, 63, 81, 89]  |  rejected: [34]
22:09:04  INFO      defenses.mkrum — MKrum selected 9 / 10 clients: [3, 9, 22, 29, 30, 43, 65, 78, 99]  |  rejected: [26]
22:09:45  INFO      defenses.mkrum — MKrum selected 9 / 10 clients: [5, 10, 19, 37, 45, 58, 90, 92, 99]  |  rejected: [82]
22:10:23  INFO      defenses.mkrum — MKrum selected 9 / 10 clients: [4, 17, 23, 24, 55, 62, 69, 75, 81]  |  rejected: [94]
22:10:29  INFO      experiment.runner — Round  231/240  |  acc:  87.03%  loss: 0.5184  |  FPR: 10.0%  |  mF1: 87.0%
22:11:04  INFO      defenses.mkrum — MKrum selected 9 / 10 clients: [7, 16, 32, 40, 41, 80, 84, 86, 97]  |  rejected: [83]
22:11:41  INFO      defenses.mkrum — MKrum selected 9 / 10 clients: [14, 21, 26, 40, 51, 68, 91, 98, 99]  |  rejected: [1]
22:12:20  INFO      defenses.mkrum — MKrum selected 9 / 10 clients: [5, 8, 24, 40, 51, 61, 73, 78, 97]  |  rejected: [1]
22:12:55  INFO      defenses.mkrum — MKrum selected 9 / 10 clients: [3, 7, 35, 48, 55, 63, 64, 81, 93]  |  rejected: [52]
22:13:35  INFO      defenses.mkrum — MKrum selected 9 / 10 clients: [9, 16, 24, 37, 48, 55, 63, 66, 97]  |  rejected: [82]
22:14:11  INFO      defenses.mkrum — MKrum selected 9 / 10 clients: [18, 25, 31, 35, 55, 57, 67, 77, 88]  |  rejected: [59]
22:14:51  INFO      defenses.mkrum — MKrum selected 9 / 10 clients: [8, 10, 12, 16, 23, 46, 66, 86, 99]  |  rejected: [59]
22:15:33  INFO      defenses.mkrum — MKrum selected 9 / 10 clients: [22, 37, 40, 46, 47, 66, 80, 84, 95]  |  rejected: [33]
22:16:08  INFO      defenses.mkrum — MKrum selected 9 / 10 clients: [10, 27, 32, 37, 64, 72, 73, 74, 86]  |  rejected: [2]
22:16:14  INFO      experiment.runner — Round  240/240  |  acc:  87.18%  loss: 0.5001  |  FPR: 10.0%  |  mF1: 87.2%
22:16:15  INFO      experiment.runner — Final model saved to results/benchmark/cifar10_none_mkrum_seed4/final_model.pt
22:16:15  INFO      experiment.runner — Client atypicality written to results/benchmark/cifar10_none_mkrum_seed4/client_atypicality.json
22:16:15  INFO      experiment.runner — Client inclusion rates written to results/benchmark/cifar10_none_mkrum_seed4/client_inclusion.csv
22:16:15  INFO      experiment.runner — Anomaly scores written to results/benchmark/cifar10_none_mkrum_seed4/anomaly_scores.csv (2400 rows)
22:16:15  INFO      benchmark — ✓  cifar10_none_mkrum_seed4  (162.3 min)
22:16:15  INFO      benchmark — ▶  cifar10_none_mkrum_seed5
22:16:15  INFO      experiment.runner — Initialising 'cifar10_none_mkrum_seed5' | device=cuda | rounds=240 | clients=10/100 | attack=none | defense=mkrum
22:16:18  INFO      defenses.mkrum — MKrumServer initialised — f=1 Byzantine, selecting m=9 updates.
22:16:30  INFO      experiment.utils — Built 100 clients — 0 malicious, 100 benign.
22:16:30  INFO      experiment.runner — Setup complete — 100 clients (0 malicious) | backdoor eval: none

==============================================================
  Summary — 25 rounds evaluated
==============================================================
  Final clean accuracy               87.18%
  Best  clean accuracy               87.18%
  Final clean loss                   0.5001
  Macro F1                           87.17%
  Pooled FPR (all rounds)            10.00%
==============================================================

Files already downloaded and verified
Files already downloaded and verified
Files already downloaded and verified
Files already downloaded and verified
22:17:02  INFO      defenses.mkrum — MKrum selected 9 / 10 clients: [32, 45, 59, 67, 79, 83, 88, 94, 99]  |  rejected: [3]
22:17:09  INFO      experiment.runner — Round    1/240  |  acc:  10.05%  loss: 3.8935  |  FPR: 10.0%  |  mF1: 2.0%
22:17:43  INFO      defenses.mkrum — MKrum selected 9 / 10 clients: [13, 14, 20, 31, 47, 48, 60, 69, 83]  |  rejected: [6]
22:18:23  INFO      defenses.mkrum — MKrum selected 9 / 10 clients: [1, 23, 27, 31, 35, 49, 73, 93, 98]  |  rejected: [52]
22:18:58  INFO      defenses.mkrum — MKrum selected 9 / 10 clients: [0, 9, 16, 17, 20, 26, 56, 79, 97]  |  rejected: [99]
22:19:37  INFO      defenses.mkrum — MKrum selected 9 / 10 clients: [23, 25, 26, 27, 37, 40, 69, 80, 86]  |  rejected: [21]
22:20:15  INFO      defenses.mkrum — MKrum selected 9 / 10 clients: [2, 18, 21, 25, 33, 38, 46, 53, 88]  |  rejected: [49]
22:21:02  INFO      defenses.mkrum — MKrum selected 9 / 10 clients: [0, 8, 38, 43, 75, 76, 77, 86, 90]  |  rejected: [42]
22:21:40  INFO      defenses.mkrum — MKrum selected 9 / 10 clients: [8, 23, 39, 40, 45, 60, 61, 89, 90]  |  rejected: [22]
22:22:23  INFO      defenses.mkrum — MKrum selected 9 / 10 clients: [2, 7, 32, 45, 46, 48, 53, 70, 95]  |  rejected: [51]
22:23:02  INFO      defenses.mkrum — MKrum selected 9 / 10 clients: [1, 5, 15, 23, 57, 74, 79, 90, 96]  |  rejected: [25]
22:23:41  INFO      defenses.mkrum — MKrum selected 9 / 10 clients: [13, 31, 32, 44, 45, 59, 65, 67, 75]  |  rejected: [99]
22:23:51  INFO      experiment.runner — Round   11/240  |  acc:  57.65%  loss: 1.2313  |  FPR: 10.0%  |  mF1: 57.4%
22:24:27  INFO      defenses.mkrum — MKrum selected 9 / 10 clients: [11, 26, 37, 43, 47, 55, 65, 95, 99]  |  rejected: [4]
22:25:08  INFO      defenses.mkrum — MKrum selected 9 / 10 clients: [11, 18, 35, 39, 43, 46, 78, 87, 89]  |  rejected: [69]
22:25:48  INFO      defenses.mkrum — MKrum selected 9 / 10 clients: [10, 19, 20, 39, 40, 61, 80, 88, 92]  |  rejected: [22]
22:26:26  INFO      defenses.mkrum — MKrum selected 9 / 10 clients: [4, 10, 30, 44, 51, 68, 76, 92, 94]  |  rejected: [6]
22:27:06  INFO      defenses.mkrum — MKrum selected 9 / 10 clients: [4, 7, 18, 32, 53, 58, 63, 81, 83]  |  rejected: [42]
22:27:44  INFO      defenses.mkrum — MKrum selected 9 / 10 clients: [13, 21, 26, 47, 52, 55, 72, 80, 93]  |  rejected: [16]
22:28:24  INFO      defenses.mkrum — MKrum selected 9 / 10 clients: [7, 18, 19, 21, 37, 53, 58, 62, 66]  |  rejected: [79]
22:29:15  INFO      defenses.mkrum — MKrum selected 9 / 10 clients: [14, 18, 35, 37, 40, 51, 61, 88, 93]  |  rejected: [60]
22:29:54  INFO      defenses.mkrum — MKrum selected 9 / 10 clients: [11, 23, 34, 43, 48, 62, 63, 68, 80]  |  rejected: [22]
22:30:32  INFO      defenses.mkrum — MKrum selected 9 / 10 clients: [8, 45, 46, 64, 65, 70, 84, 88, 99]  |  rejected: [75]
22:30:38  INFO      experiment.runner — Round   21/240  |  acc:  68.09%  loss: 0.9765  |  FPR: 10.0%  |  mF1: 67.9%
22:31:17  INFO      defenses.mkrum — MKrum selected 9 / 10 clients: [4, 33, 35, 39, 46, 62, 71, 85, 90]  |  rejected: [97]
22:31:55  INFO      defenses.mkrum — MKrum selected 9 / 10 clients: [1, 22, 37, 43, 60, 74, 83, 88, 91]  |  rejected: [98]
22:32:37  INFO      defenses.mkrum — MKrum selected 9 / 10 clients: [32, 35, 36, 41, 59, 64, 70, 82, 99]  |  rejected: [85]
22:33:19  INFO      defenses.mkrum — MKrum selected 9 / 10 clients: [22, 35, 44, 45, 57, 82, 86, 88, 94]  |  rejected: [52]
22:34:01  INFO      defenses.mkrum — MKrum selected 9 / 10 clients: [18, 21, 25, 36, 42, 46, 61, 66, 88]  |  rejected: [67]
22:34:42  INFO      defenses.mkrum — MKrum selected 9 / 10 clients: [10, 21, 53, 66, 74, 85, 92, 93, 99]  |  rejected: [78]
22:35:19  INFO      defenses.mkrum — MKrum selected 9 / 10 clients: [3, 34, 38, 53, 70, 81, 85, 92, 99]  |  rejected: [79]
22:36:01  INFO      defenses.mkrum — MKrum selected 9 / 10 clients: [20, 23, 25, 28, 56, 75, 83, 87, 97]  |  rejected: [79]
22:36:38  INFO      defenses.mkrum — MKrum selected 9 / 10 clients: [6, 14, 17, 21, 23, 28, 60, 80, 91]  |  rejected: [5]
22:37:18  INFO      defenses.mkrum — MKrum selected 9 / 10 clients: [4, 23, 24, 40, 44, 48, 53, 61, 70]  |  rejected: [59]
22:37:24  INFO      experiment.runner — Round   31/240  |  acc:  72.79%  loss: 0.8593  |  FPR: 10.0%  |  mF1: 72.7%
22:37:57  INFO      defenses.mkrum — MKrum selected 9 / 10 clients: [0, 9, 26, 30, 44, 47, 75, 84, 91]  |  rejected: [78]
22:38:40  INFO      defenses.mkrum — MKrum selected 9 / 10 clients: [4, 14, 35, 38, 47, 51, 70, 78, 88]  |  rejected: [52]
22:39:18  INFO      defenses.mkrum — MKrum selected 9 / 10 clients: [12, 16, 37, 43, 45, 53, 65, 69, 74]  |  rejected: [52]
22:39:59  INFO      defenses.mkrum — MKrum selected 9 / 10 clients: [18, 20, 47, 48, 59, 61, 72, 76, 82]  |  rejected: [68]
22:40:36  INFO      defenses.mkrum — MKrum selected 9 / 10 clients: [0, 11, 17, 25, 41, 44, 48, 77, 84]  |  rejected: [13]
22:41:18  INFO      defenses.mkrum — MKrum selected 9 / 10 clients: [18, 41, 48, 54, 55, 69, 72, 78, 80]  |  rejected: [28]
22:41:55  INFO      defenses.mkrum — MKrum selected 9 / 10 clients: [20, 33, 37, 48, 49, 61, 63, 76, 94]  |  rejected: [90]
22:42:40  INFO      defenses.mkrum — MKrum selected 9 / 10 clients: [18, 32, 36, 38, 39, 40, 53, 62, 63]  |  rejected: [2]
22:43:20  INFO      defenses.mkrum — MKrum selected 9 / 10 clients: [3, 15, 17, 31, 37, 56, 61, 79, 84]  |  rejected: [5]
22:44:03  INFO      defenses.mkrum — MKrum selected 9 / 10 clients: [1, 4, 31, 35, 60, 61, 62, 68, 71]  |  rejected: [50]
22:44:12  INFO      experiment.runner — Round   41/240  |  acc:  75.76%  loss: 0.7763  |  FPR: 10.0%  |  mF1: 75.7%
22:45:07  INFO      defenses.mkrum — MKrum selected 9 / 10 clients: [19, 36, 37, 60, 63, 66, 77, 82, 92]  |  rejected: [34]
22:45:48  INFO      defenses.mkrum — MKrum selected 9 / 10 clients: [15, 16, 36, 38, 68, 77, 90, 95, 97]  |  rejected: [2]
22:46:28  INFO      defenses.mkrum — MKrum selected 9 / 10 clients: [3, 37, 43, 44, 46, 59, 78, 87, 93]  |  rejected: [67]
22:47:05  INFO      defenses.mkrum — MKrum selected 9 / 10 clients: [0, 4, 13, 32, 58, 70, 75, 87, 95]  |  rejected: [16]
22:47:47  INFO      defenses.mkrum — MKrum selected 9 / 10 clients: [1, 24, 54, 73, 76, 87, 88, 90, 99]  |  rejected: [69]
22:48:25  INFO      defenses.mkrum — MKrum selected 9 / 10 clients: [25, 37, 49, 60, 61, 80, 83, 87, 92]  |  rejected: [50]
22:49:05  INFO      defenses.mkrum — MKrum selected 9 / 10 clients: [0, 8, 36, 38, 55, 59, 74, 88, 99]  |  rejected: [97]
22:49:47  INFO      defenses.mkrum — MKrum selected 9 / 10 clients: [21, 39, 60, 61, 63, 70, 82, 88, 99]  |  rejected: [18]
22:50:28  INFO      defenses.mkrum — MKrum selected 9 / 10 clients: [6, 8, 19, 42, 54, 68, 69, 74, 93]  |  rejected: [29]
22:51:05  INFO      defenses.mkrum — MKrum selected 9 / 10 clients: [3, 8, 10, 34, 42, 51, 54, 84, 92]  |  rejected: [89]
22:51:11  INFO      experiment.runner — Round   51/240  |  acc:  77.99%  loss: 0.7106  |  FPR: 10.0%  |  mF1: 77.8%
22:51:49  INFO      defenses.mkrum — MKrum selected 9 / 10 clients: [6, 14, 15, 17, 37, 62, 78, 82, 91]  |  rejected: [28]
22:52:28  INFO      defenses.mkrum — MKrum selected 9 / 10 clients: [8, 19, 20, 23, 27, 56, 78, 79, 90]  |  rejected: [52]
22:53:09  INFO      defenses.mkrum — MKrum selected 9 / 10 clients: [7, 9, 13, 35, 48, 71, 73, 84, 95]  |  rejected: [5]
22:53:48  INFO      defenses.mkrum — MKrum selected 9 / 10 clients: [1, 11, 15, 17, 51, 55, 73, 79, 95]  |  rejected: [40]
22:54:29  INFO      defenses.mkrum — MKrum selected 9 / 10 clients: [7, 17, 37, 45, 47, 62, 76, 83, 87]  |  rejected: [89]
22:55:07  INFO      defenses.mkrum — MKrum selected 9 / 10 clients: [19, 28, 37, 70, 71, 72, 79, 80, 86]  |  rejected: [64]
22:55:49  INFO      defenses.mkrum — MKrum selected 9 / 10 clients: [8, 17, 30, 32, 33, 36, 47, 66, 70]  |  rejected: [96]
22:56:27  INFO      defenses.mkrum — MKrum selected 9 / 10 clients: [10, 16, 22, 43, 49, 58, 83, 91, 94]  |  rejected: [2]
22:57:06  INFO      defenses.mkrum — MKrum selected 9 / 10 clients: [4, 11, 15, 30, 49, 58, 64, 73, 76]  |  rejected: [85]
22:57:45  INFO      defenses.mkrum — MKrum selected 9 / 10 clients: [3, 6, 13, 41, 49, 59, 61, 69, 92]  |  rejected: [67]
22:57:51  INFO      experiment.runner — Round   61/240  |  acc:  80.17%  loss: 0.6558  |  FPR: 10.0%  |  mF1: 80.1%
22:58:29  INFO      defenses.mkrum — MKrum selected 9 / 10 clients: [10, 14, 19, 27, 28, 54, 62, 87, 95]  |  rejected: [85]
22:59:06  INFO      defenses.mkrum — MKrum selected 9 / 10 clients: [17, 30, 37, 42, 45, 48, 78, 79, 90]  |  rejected: [89]
22:59:45  INFO      defenses.mkrum — MKrum selected 9 / 10 clients: [17, 37, 44, 45, 48, 49, 55, 80, 92]  |  rejected: [82]
23:00:28  INFO      defenses.mkrum — MKrum selected 9 / 10 clients: [4, 8, 23, 27, 46, 66, 73, 75, 94]  |  rejected: [50]
23:01:07  INFO      defenses.mkrum — MKrum selected 9 / 10 clients: [4, 12, 23, 25, 44, 61, 62, 84, 97]  |  rejected: [5]
23:01:48  INFO      defenses.mkrum — MKrum selected 9 / 10 clients: [0, 12, 19, 24, 38, 41, 54, 60, 79]  |  rejected: [59]
23:02:29  INFO      defenses.mkrum — MKrum selected 9 / 10 clients: [14, 19, 20, 32, 47, 49, 60, 70, 83]  |  rejected: [9]
23:03:10  INFO      defenses.mkrum — MKrum selected 9 / 10 clients: [4, 20, 30, 36, 44, 47, 61, 86, 96]  |  rejected: [35]
23:03:47  INFO      defenses.mkrum — MKrum selected 9 / 10 clients: [7, 15, 19, 40, 58, 60, 85, 86, 88]  |  rejected: [2]
23:04:28  INFO      defenses.mkrum — MKrum selected 9 / 10 clients: [4, 20, 25, 30, 37, 41, 58, 86, 93]  |  rejected: [91]
23:04:34  INFO      experiment.runner — Round   71/240  |  acc:  80.96%  loss: 0.6524  |  FPR: 10.0%  |  mF1: 80.8%
23:05:07  INFO      defenses.mkrum — MKrum selected 9 / 10 clients: [3, 10, 46, 51, 73, 79, 84, 87, 90]  |  rejected: [29]
23:05:51  INFO      defenses.mkrum — MKrum selected 9 / 10 clients: [8, 20, 23, 36, 39, 46, 59, 93, 99]  |  rejected: [91]
23:06:32  INFO      defenses.mkrum — MKrum selected 9 / 10 clients: [22, 26, 30, 34, 55, 77, 82, 86, 92]  |  rejected: [5]
23:07:12  INFO      defenses.mkrum — MKrum selected 9 / 10 clients: [0, 4, 5, 7, 21, 52, 59, 87, 99]  |  rejected: [57]
23:07:51  INFO      defenses.mkrum — MKrum selected 9 / 10 clients: [9, 11, 12, 30, 44, 62, 66, 70, 72]  |  rejected: [91]
23:08:31  INFO      defenses.mkrum — MKrum selected 9 / 10 clients: [6, 7, 31, 32, 50, 60, 63, 82, 87]  |  rejected: [52]
23:09:10  INFO      defenses.mkrum — MKrum selected 9 / 10 clients: [4, 6, 22, 24, 39, 51, 57, 65, 81]  |  rejected: [89]
23:09:51  INFO      defenses.mkrum — MKrum selected 9 / 10 clients: [10, 11, 13, 20, 24, 40, 68, 69, 76]  |  rejected: [29]
23:10:29  INFO      defenses.mkrum — MKrum selected 9 / 10 clients: [9, 27, 45, 54, 56, 62, 69, 79, 93]  |  rejected: [2]
23:11:09  INFO      defenses.mkrum — MKrum selected 9 / 10 clients: [1, 16, 39, 48, 66, 73, 80, 92, 96]  |  rejected: [98]
23:11:15  INFO      experiment.runner — Round   81/240  |  acc:  82.69%  loss: 0.6157  |  FPR: 10.0%  |  mF1: 82.6%
23:11:50  INFO      defenses.mkrum — MKrum selected 9 / 10 clients: [11, 14, 17, 28, 39, 61, 70, 88, 99]  |  rejected: [57]
23:12:31  INFO      defenses.mkrum — MKrum selected 9 / 10 clients: [10, 16, 31, 33, 40, 51, 60, 68, 89]  |  rejected: [98]
23:13:08  INFO      defenses.mkrum — MKrum selected 9 / 10 clients: [6, 7, 10, 31, 35, 54, 63, 73, 85]  |  rejected: [89]
23:13:49  INFO      defenses.mkrum — MKrum selected 9 / 10 clients: [9, 12, 25, 36, 40, 47, 48, 53, 90]  |  rejected: [98]
23:14:30  INFO      defenses.mkrum — MKrum selected 9 / 10 clients: [0, 3, 16, 36, 71, 73, 83, 96, 97]  |  rejected: [98]
23:15:10  INFO      defenses.mkrum — MKrum selected 9 / 10 clients: [6, 18, 34, 54, 56, 83, 88, 89, 93]  |  rejected: [2]
23:15:52  INFO      defenses.mkrum — MKrum selected 9 / 10 clients: [8, 13, 16, 17, 21, 33, 41, 48, 71]  |  rejected: [39]
23:16:33  INFO      defenses.mkrum — MKrum selected 9 / 10 clients: [4, 8, 36, 41, 63, 69, 71, 86, 97]  |  rejected: [94]
23:17:35  INFO      defenses.mkrum — MKrum selected 9 / 10 clients: [3, 6, 15, 16, 29, 33, 45, 55, 78]  |  rejected: [2]
23:18:14  INFO      defenses.mkrum — MKrum selected 9 / 10 clients: [1, 16, 20, 25, 42, 45, 46, 54, 74]  |  rejected: [67]
23:18:29  INFO      experiment.runner — Round   91/240  |  acc:  83.24%  loss: 0.5907  |  FPR: 10.0%  |  mF1: 83.1%
23:19:04  INFO      defenses.mkrum — MKrum selected 9 / 10 clients: [12, 20, 21, 34, 77, 79, 80, 90, 93]  |  rejected: [67]
23:19:44  INFO      defenses.mkrum — MKrum selected 9 / 10 clients: [15, 18, 29, 40, 42, 54, 55, 59, 97]  |  rejected: [57]
23:20:25  INFO      defenses.mkrum — MKrum selected 9 / 10 clients: [6, 20, 21, 55, 56, 60, 68, 76, 85]  |  rejected: [98]
23:21:01  INFO      defenses.mkrum — MKrum selected 9 / 10 clients: [0, 4, 6, 13, 16, 53, 62, 76, 87]  |  rejected: [26]
23:21:43  INFO      defenses.mkrum — MKrum selected 9 / 10 clients: [25, 27, 30, 35, 45, 59, 61, 73, 90]  |  rejected: [50]
23:22:22  INFO      defenses.mkrum — MKrum selected 9 / 10 clients: [25, 30, 31, 45, 46, 66, 71, 96, 97]  |  rejected: [38]
23:23:05  INFO      defenses.mkrum — MKrum selected 9 / 10 clients: [7, 18, 30, 44, 48, 51, 62, 63, 84]  |  rejected: [79]
23:23:42  INFO      defenses.mkrum — MKrum selected 9 / 10 clients: [4, 12, 21, 25, 36, 41, 50, 61, 96]  |  rejected: [91]
23:24:22  INFO      defenses.mkrum — MKrum selected 9 / 10 clients: [1, 11, 13, 25, 48, 60, 68, 87, 88]  |  rejected: [79]
23:25:00  INFO      defenses.mkrum — MKrum selected 9 / 10 clients: [3, 23, 40, 49, 65, 75, 77, 79, 86]  |  rejected: [2]
23:25:06  INFO      experiment.runner — Round  101/240  |  acc:  83.63%  loss: 0.5795  |  FPR: 10.0%  |  mF1: 83.5%
23:25:45  INFO      defenses.mkrum — MKrum selected 9 / 10 clients: [39, 49, 51, 60, 65, 69, 78, 88, 90]  |  rejected: [64]
23:26:22  INFO      defenses.mkrum — MKrum selected 9 / 10 clients: [7, 18, 46, 53, 68, 71, 74, 85, 88]  |  rejected: [57]
23:27:02  INFO      defenses.mkrum — MKrum selected 9 / 10 clients: [3, 9, 11, 26, 36, 66, 75, 86, 98]  |  rejected: [2]
23:27:39  INFO      defenses.mkrum — MKrum selected 9 / 10 clients: [1, 35, 39, 45, 52, 74, 78, 97, 99]  |  rejected: [91]
23:28:21  INFO      defenses.mkrum — MKrum selected 9 / 10 clients: [4, 9, 11, 30, 38, 44, 85, 88, 96]  |  rejected: [91]
23:29:01  INFO      defenses.mkrum — MKrum selected 9 / 10 clients: [11, 15, 26, 30, 61, 66, 71, 77, 78]  |  rejected: [94]
23:29:39  INFO      defenses.mkrum — MKrum selected 9 / 10 clients: [0, 22, 43, 48, 49, 54, 69, 85, 96]  |  rejected: [50]
23:30:20  INFO      defenses.mkrum — MKrum selected 9 / 10 clients: [13, 26, 41, 49, 70, 78, 83, 86, 88]  |  rejected: [67]
23:30:57  INFO      defenses.mkrum — MKrum selected 9 / 10 clients: [12, 27, 31, 34, 37, 39, 47, 79, 88]  |  rejected: [91]
23:31:38  INFO      defenses.mkrum — MKrum selected 9 / 10 clients: [8, 9, 21, 23, 28, 72, 80, 83, 98]  |  rejected: [52]
23:31:44  INFO      experiment.runner — Round  111/240  |  acc:  84.66%  loss: 0.5560  |  FPR: 10.0%  |  mF1: 84.6%
23:32:17  INFO      defenses.mkrum — MKrum selected 9 / 10 clients: [29, 53, 54, 61, 69, 72, 80, 81, 93]  |  rejected: [52]
23:33:00  INFO      defenses.mkrum — MKrum selected 9 / 10 clients: [10, 23, 31, 35, 38, 42, 53, 76, 77]  |  rejected: [67]
23:33:37  INFO      defenses.mkrum — MKrum selected 9 / 10 clients: [3, 14, 23, 37, 53, 55, 71, 72, 77]  |  rejected: [19]
23:34:18  INFO      defenses.mkrum — MKrum selected 9 / 10 clients: [7, 9, 13, 41, 42, 76, 82, 88, 93]  |  rejected: [24]
23:34:55  INFO      defenses.mkrum — MKrum selected 9 / 10 clients: [9, 17, 29, 40, 49, 59, 62, 66, 82]  |  rejected: [24]
23:35:36  INFO      defenses.mkrum — MKrum selected 9 / 10 clients: [0, 11, 12, 14, 20, 24, 61, 78, 86]  |  rejected: [89]
23:36:13  INFO      defenses.mkrum — MKrum selected 9 / 10 clients: [13, 19, 41, 42, 47, 56, 73, 78, 97]  |  rejected: [94]
23:36:54  INFO      defenses.mkrum — MKrum selected 9 / 10 clients: [8, 13, 23, 25, 46, 70, 74, 80, 98]  |  rejected: [91]
23:37:33  INFO      defenses.mkrum — MKrum selected 9 / 10 clients: [10, 22, 26, 31, 41, 47, 58, 87, 97]  |  rejected: [95]
23:38:09  INFO      defenses.mkrum — MKrum selected 9 / 10 clients: [0, 15, 47, 48, 51, 59, 69, 76, 87]  |  rejected: [16]
23:38:19  INFO      experiment.runner — Round  121/240  |  acc:  84.87%  loss: 0.5401  |  FPR: 10.0%  |  mF1: 84.8%
23:38:57  INFO      defenses.mkrum — MKrum selected 9 / 10 clients: [0, 9, 43, 48, 62, 63, 92, 95, 97]  |  rejected: [91]
23:39:38  INFO      defenses.mkrum — MKrum selected 9 / 10 clients: [14, 25, 37, 43, 45, 48, 61, 94, 96]  |  rejected: [2]
23:40:20  INFO      defenses.mkrum — MKrum selected 9 / 10 clients: [11, 14, 18, 37, 63, 73, 82, 89, 98]  |  rejected: [52]
23:40:56  INFO      defenses.mkrum — MKrum selected 9 / 10 clients: [6, 8, 30, 34, 43, 53, 55, 66, 85]  |  rejected: [28]
23:41:39  INFO      defenses.mkrum — MKrum selected 9 / 10 clients: [9, 12, 18, 23, 34, 55, 61, 69, 70]  |  rejected: [92]
23:42:16  INFO      defenses.mkrum — MKrum selected 9 / 10 clients: [0, 10, 11, 16, 18, 31, 45, 49, 98]  |  rejected: [57]
23:42:59  INFO      defenses.mkrum — MKrum selected 9 / 10 clients: [6, 10, 27, 32, 46, 49, 58, 66, 71]  |  rejected: [2]
23:43:35  INFO      defenses.mkrum — MKrum selected 9 / 10 clients: [1, 10, 24, 35, 56, 60, 66, 76, 87]  |  rejected: [65]
23:44:24  INFO      defenses.mkrum — MKrum selected 9 / 10 clients: [6, 20, 50, 55, 64, 75, 84, 98, 99]  |  rejected: [2]
23:45:02  INFO      defenses.mkrum — MKrum selected 9 / 10 clients: [3, 4, 27, 53, 75, 79, 82, 92, 98]  |  rejected: [81]
23:45:09  INFO      experiment.runner — Round  131/240  |  acc:  85.24%  loss: 0.5279  |  FPR: 10.0%  |  mF1: 85.1%
23:45:51  INFO      defenses.mkrum — MKrum selected 9 / 10 clients: [1, 18, 21, 38, 43, 48, 55, 96, 99]  |  rejected: [52]
23:46:29  INFO      defenses.mkrum — MKrum selected 9 / 10 clients: [9, 17, 24, 27, 34, 47, 53, 54, 60]  |  rejected: [50]
23:47:13  INFO      defenses.mkrum — MKrum selected 9 / 10 clients: [0, 15, 21, 36, 46, 58, 85, 97, 98]  |  rejected: [81]
23:47:51  INFO      defenses.mkrum — MKrum selected 9 / 10 clients: [4, 9, 19, 25, 48, 52, 82, 87, 95]  |  rejected: [2]
23:48:31  INFO      defenses.mkrum — MKrum selected 9 / 10 clients: [9, 17, 30, 40, 46, 58, 59, 63, 76]  |  rejected: [79]
23:49:12  INFO      defenses.mkrum — MKrum selected 9 / 10 clients: [1, 3, 10, 16, 23, 34, 47, 54, 96]  |  rejected: [83]
23:49:48  INFO      defenses.mkrum — MKrum selected 9 / 10 clients: [11, 19, 27, 36, 37, 42, 66, 71, 99]  |  rejected: [89]
23:50:34  INFO      defenses.mkrum — MKrum selected 9 / 10 clients: [13, 14, 47, 51, 56, 61, 70, 74, 82]  |  rejected: [38]
23:51:11  INFO      defenses.mkrum — MKrum selected 9 / 10 clients: [1, 17, 30, 33, 49, 61, 69, 72, 93]  |  rejected: [2]
23:51:52  INFO      defenses.mkrum — MKrum selected 9 / 10 clients: [1, 7, 27, 29, 53, 64, 85, 90, 98]  |  rejected: [91]
23:51:57  INFO      experiment.runner — Round  141/240  |  acc:  86.21%  loss: 0.5237  |  FPR: 10.0%  |  mF1: 86.1%
23:52:32  INFO      defenses.mkrum — MKrum selected 9 / 10 clients: [4, 7, 30, 44, 49, 64, 78, 88, 99]  |  rejected: [39]
23:53:13  INFO      defenses.mkrum — MKrum selected 9 / 10 clients: [13, 15, 38, 47, 56, 57, 71, 72, 83]  |  rejected: [2]
23:53:50  INFO      defenses.mkrum — MKrum selected 9 / 10 clients: [21, 35, 38, 48, 49, 67, 74, 75, 76]  |  rejected: [91]
23:54:31  INFO      defenses.mkrum — MKrum selected 9 / 10 clients: [7, 9, 27, 49, 57, 67, 82, 87, 94]  |  rejected: [79]
23:55:08  INFO      defenses.mkrum — MKrum selected 9 / 10 clients: [8, 12, 17, 38, 44, 47, 52, 58, 70]  |  rejected: [65]
23:55:54  INFO      defenses.mkrum — MKrum selected 9 / 10 clients: [0, 7, 11, 14, 26, 58, 63, 72, 94]  |  rejected: [5]
23:56:33  INFO      defenses.mkrum — MKrum selected 9 / 10 clients: [3, 15, 18, 33, 35, 43, 47, 61, 94]  |  rejected: [32]
23:57:16  INFO      defenses.mkrum — MKrum selected 9 / 10 clients: [21, 22, 31, 32, 33, 49, 56, 75, 80]  |  rejected: [89]
23:57:53  INFO      defenses.mkrum — MKrum selected 9 / 10 clients: [1, 6, 15, 17, 45, 58, 71, 72, 76]  |  rejected: [94]
23:58:37  INFO      defenses.mkrum — MKrum selected 9 / 10 clients: [3, 15, 52, 63, 75, 78, 83, 86, 88]  |  rejected: [5]
23:58:46  INFO      experiment.runner — Round  151/240  |  acc:  85.96%  loss: 0.5195  |  FPR: 10.0%  |  mF1: 85.9%
23:59:19  INFO      defenses.mkrum — MKrum selected 9 / 10 clients: [14, 28, 52, 56, 67, 68, 73, 78, 92]  |  rejected: [89]
00:00:01  INFO      defenses.mkrum — MKrum selected 9 / 10 clients: [8, 11, 38, 58, 75, 87, 90, 91, 92]  |  rejected: [5]
00:00:40  INFO      defenses.mkrum — MKrum selected 9 / 10 clients: [8, 15, 34, 51, 69, 82, 83, 87, 92]  |  rejected: [67]
00:01:23  INFO      defenses.mkrum — MKrum selected 9 / 10 clients: [0, 33, 38, 39, 41, 58, 66, 96, 97]  |  rejected: [84]
00:02:05  INFO      defenses.mkrum — MKrum selected 9 / 10 clients: [19, 26, 27, 33, 40, 48, 63, 78, 83]  |  rejected: [59]
00:02:43  INFO      defenses.mkrum — MKrum selected 9 / 10 clients: [10, 11, 19, 45, 54, 56, 58, 66, 79]  |  rejected: [81]
00:03:25  INFO      defenses.mkrum — MKrum selected 9 / 10 clients: [17, 21, 22, 25, 57, 62, 64, 83, 87]  |  rejected: [50]
00:04:03  INFO      defenses.mkrum — MKrum selected 9 / 10 clients: [18, 34, 44, 55, 63, 64, 68, 72, 73]  |  rejected: [2]
00:04:46  INFO      defenses.mkrum — MKrum selected 9 / 10 clients: [21, 27, 30, 32, 37, 40, 53, 70, 71]  |  rejected: [84]
00:05:26  INFO      defenses.mkrum — MKrum selected 9 / 10 clients: [13, 25, 33, 45, 54, 62, 66, 78, 80]  |  rejected: [90]
00:05:31  INFO      experiment.runner — Round  161/240  |  acc:  86.41%  loss: 0.5199  |  FPR: 10.0%  |  mF1: 86.3%
00:06:12  INFO      defenses.mkrum — MKrum selected 9 / 10 clients: [11, 12, 13, 14, 36, 80, 82, 88, 98]  |  rejected: [43]
00:06:50  INFO      defenses.mkrum — MKrum selected 9 / 10 clients: [6, 22, 42, 49, 69, 74, 92, 96, 99]  |  rejected: [81]
00:07:31  INFO      defenses.mkrum — MKrum selected 9 / 10 clients: [8, 12, 33, 37, 39, 42, 43, 52, 98]  |  rejected: [91]
00:08:08  INFO      defenses.mkrum — MKrum selected 9 / 10 clients: [8, 12, 13, 23, 38, 52, 59, 64, 94]  |  rejected: [5]
00:08:51  INFO      defenses.mkrum — MKrum selected 9 / 10 clients: [3, 9, 13, 37, 53, 69, 72, 83, 87]  |  rejected: [28]
00:09:29  INFO      defenses.mkrum — MKrum selected 9 / 10 clients: [9, 13, 21, 31, 41, 46, 48, 59, 98]  |  rejected: [65]
00:10:09  INFO      defenses.mkrum — MKrum selected 9 / 10 clients: [10, 12, 14, 48, 55, 68, 69, 78, 83]  |  rejected: [84]
00:10:48  INFO      defenses.mkrum — MKrum selected 9 / 10 clients: [14, 17, 26, 34, 39, 54, 58, 65, 70]  |  rejected: [5]
00:11:32  INFO      defenses.mkrum — MKrum selected 9 / 10 clients: [9, 17, 23, 24, 41, 48, 81, 84, 91]  |  rejected: [67]
00:12:09  INFO      defenses.mkrum — MKrum selected 9 / 10 clients: [6, 32, 39, 56, 59, 64, 70, 81, 82]  |  rejected: [73]
00:12:15  INFO      experiment.runner — Round  171/240  |  acc:  86.64%  loss: 0.5145  |  FPR: 10.0%  |  mF1: 86.6%
00:12:54  INFO      defenses.mkrum — MKrum selected 9 / 10 clients: [21, 32, 36, 51, 58, 60, 80, 90, 97]  |  rejected: [95]
00:13:31  INFO      defenses.mkrum — MKrum selected 9 / 10 clients: [12, 13, 17, 25, 58, 76, 88, 93, 98]  |  rejected: [77]
00:14:14  INFO      defenses.mkrum — MKrum selected 9 / 10 clients: [11, 17, 21, 29, 31, 32, 56, 82, 92]  |  rejected: [57]
00:14:54  INFO      defenses.mkrum — MKrum selected 9 / 10 clients: [13, 20, 32, 38, 59, 61, 74, 79, 86]  |  rejected: [89]
00:15:34  INFO      defenses.mkrum — MKrum selected 9 / 10 clients: [6, 15, 26, 45, 69, 71, 80, 92, 97]  |  rejected: [89]
00:16:16  INFO      defenses.mkrum — MKrum selected 9 / 10 clients: [3, 36, 43, 61, 62, 66, 73, 75, 81]  |  rejected: [77]
00:17:00  INFO      defenses.mkrum — MKrum selected 9 / 10 clients: [7, 17, 36, 37, 42, 47, 53, 77, 98]  |  rejected: [67]
00:17:42  INFO      defenses.mkrum — MKrum selected 9 / 10 clients: [0, 4, 20, 24, 37, 62, 83, 93, 96]  |  rejected: [16]
00:18:18  INFO      defenses.mkrum — MKrum selected 9 / 10 clients: [36, 39, 43, 53, 59, 75, 84, 86, 93]  |  rejected: [67]
00:18:59  INFO      defenses.mkrum — MKrum selected 9 / 10 clients: [1, 20, 41, 63, 64, 73, 78, 83, 88]  |  rejected: [91]
00:19:06  INFO      experiment.runner — Round  181/240  |  acc:  87.13%  loss: 0.5112  |  FPR: 10.0%  |  mF1: 87.0%
00:19:39  INFO      defenses.mkrum — MKrum selected 9 / 10 clients: [0, 15, 29, 47, 59, 61, 68, 94, 98]  |  rejected: [5]
00:20:20  INFO      defenses.mkrum — MKrum selected 9 / 10 clients: [13, 21, 25, 30, 49, 51, 53, 64, 83]  |  rejected: [85]
00:20:58  INFO      defenses.mkrum — MKrum selected 9 / 10 clients: [1, 8, 26, 29, 30, 35, 74, 82, 84]  |  rejected: [95]
00:21:39  INFO      defenses.mkrum — MKrum selected 9 / 10 clients: [12, 39, 47, 55, 64, 71, 74, 76, 94]  |  rejected: [28]
00:22:22  INFO      defenses.mkrum — MKrum selected 9 / 10 clients: [0, 7, 18, 33, 56, 70, 87, 93, 96]  |  rejected: [67]
00:23:04  INFO      defenses.mkrum — MKrum selected 9 / 10 clients: [1, 7, 13, 24, 54, 56, 58, 59, 98]  |  rejected: [22]
00:23:41  INFO      defenses.mkrum — MKrum selected 9 / 10 clients: [3, 9, 37, 60, 61, 66, 78, 89, 98]  |  rejected: [79]
00:24:22  INFO      defenses.mkrum — MKrum selected 9 / 10 clients: [26, 56, 59, 64, 77, 78, 79, 83, 91]  |  rejected: [2]
00:24:58  INFO      defenses.mkrum — MKrum selected 9 / 10 clients: [8, 11, 12, 22, 25, 28, 43, 47, 68]  |  rejected: [89]
00:25:40  INFO      defenses.mkrum — MKrum selected 9 / 10 clients: [0, 4, 7, 21, 24, 38, 49, 54, 93]  |  rejected: [50]
00:25:49  INFO      experiment.runner — Round  191/240  |  acc:  86.97%  loss: 0.5050  |  FPR: 10.0%  |  mF1: 86.9%
00:26:24  INFO      defenses.mkrum — MKrum selected 9 / 10 clients: [14, 16, 18, 24, 27, 49, 51, 88, 98]  |  rejected: [57]
00:27:06  INFO      defenses.mkrum — MKrum selected 9 / 10 clients: [3, 25, 34, 35, 52, 58, 87, 88, 98]  |  rejected: [67]
00:27:47  INFO      defenses.mkrum — MKrum selected 9 / 10 clients: [11, 29, 53, 54, 56, 71, 91, 94, 97]  |  rejected: [84]
00:28:25  INFO      defenses.mkrum — MKrum selected 9 / 10 clients: [24, 25, 32, 41, 74, 87, 91, 93, 98]  |  rejected: [5]
00:29:07  INFO      defenses.mkrum — MKrum selected 9 / 10 clients: [12, 18, 20, 24, 46, 55, 68, 77, 81]  |  rejected: [90]
00:30:00  INFO      defenses.mkrum — MKrum selected 9 / 10 clients: [0, 13, 19, 23, 36, 54, 69, 80, 90]  |  rejected: [95]
00:30:42  INFO      defenses.mkrum — MKrum selected 9 / 10 clients: [0, 10, 19, 41, 47, 59, 62, 70, 92]  |  rejected: [89]
00:31:19  INFO      defenses.mkrum — MKrum selected 9 / 10 clients: [0, 7, 33, 47, 61, 73, 77, 92, 96]  |  rejected: [57]
00:32:00  INFO      defenses.mkrum — MKrum selected 9 / 10 clients: [21, 42, 50, 52, 54, 56, 68, 71, 77]  |  rejected: [2]
00:32:40  INFO      defenses.mkrum — MKrum selected 9 / 10 clients: [9, 10, 13, 28, 29, 37, 61, 68, 99]  |  rejected: [65]
00:32:47  INFO      experiment.runner — Round  201/240  |  acc:  87.79%  loss: 0.4821  |  FPR: 10.0%  |  mF1: 87.7%
00:33:25  INFO      defenses.mkrum — MKrum selected 9 / 10 clients: [10, 12, 22, 40, 41, 52, 76, 83, 93]  |  rejected: [85]
00:34:03  INFO      defenses.mkrum — MKrum selected 9 / 10 clients: [15, 39, 41, 44, 66, 80, 86, 98, 99]  |  rejected: [5]
00:34:44  INFO      defenses.mkrum — MKrum selected 9 / 10 clients: [10, 27, 60, 62, 65, 81, 82, 87, 97]  |  rejected: [5]
00:35:22  INFO      defenses.mkrum — MKrum selected 9 / 10 clients: [9, 19, 35, 38, 54, 56, 73, 78, 86]  |  rejected: [57]
00:36:02  INFO      defenses.mkrum — MKrum selected 9 / 10 clients: [9, 11, 12, 31, 37, 38, 48, 52, 66]  |  rejected: [75]
00:36:40  INFO      defenses.mkrum — MKrum selected 9 / 10 clients: [11, 13, 20, 26, 44, 45, 54, 80, 87]  |  rejected: [43]
00:37:20  INFO      defenses.mkrum — MKrum selected 9 / 10 clients: [4, 7, 12, 41, 57, 59, 63, 76, 87]  |  rejected: [89]
00:38:01  INFO      defenses.mkrum — MKrum selected 9 / 10 clients: [11, 29, 33, 36, 39, 44, 58, 64, 65]  |  rejected: [67]
00:38:42  INFO      defenses.mkrum — MKrum selected 9 / 10 clients: [25, 51, 52, 54, 65, 72, 78, 84, 93]  |  rejected: [57]
00:39:19  INFO      defenses.mkrum — MKrum selected 9 / 10 clients: [4, 8, 15, 39, 41, 46, 53, 56, 77]  |  rejected: [16]
00:39:25  INFO      experiment.runner — Round  211/240  |  acc:  87.49%  loss: 0.4866  |  FPR: 10.0%  |  mF1: 87.4%
00:40:04  INFO      defenses.mkrum — MKrum selected 9 / 10 clients: [1, 13, 18, 22, 39, 57, 72, 75, 93]  |  rejected: [5]
00:40:43  INFO      defenses.mkrum — MKrum selected 9 / 10 clients: [6, 8, 10, 13, 36, 37, 75, 80, 96]  |  rejected: [89]
00:41:21  INFO      defenses.mkrum — MKrum selected 9 / 10 clients: [4, 20, 29, 37, 42, 55, 58, 84, 88]  |  rejected: [67]
00:42:04  INFO      defenses.mkrum — MKrum selected 9 / 10 clients: [4, 22, 46, 59, 60, 65, 72, 79, 88]  |  rejected: [50]
00:42:45  INFO      defenses.mkrum — MKrum selected 9 / 10 clients: [11, 14, 34, 40, 47, 49, 56, 79, 80]  |  rejected: [43]
00:43:32  INFO      defenses.mkrum — MKrum selected 9 / 10 clients: [16, 18, 33, 45, 51, 57, 58, 69, 93]  |  rejected: [95]
00:44:08  INFO      defenses.mkrum — MKrum selected 9 / 10 clients: [1, 22, 23, 24, 32, 40, 51, 52, 87]  |  rejected: [35]
00:44:51  INFO      defenses.mkrum — MKrum selected 9 / 10 clients: [4, 15, 36, 48, 55, 58, 66, 78, 79]  |  rejected: [19]
00:45:42  INFO      defenses.mkrum — MKrum selected 9 / 10 clients: [3, 24, 31, 51, 63, 64, 74, 84, 88]  |  rejected: [85]
00:46:25  INFO      defenses.mkrum — MKrum selected 9 / 10 clients: [1, 12, 14, 20, 39, 44, 70, 78, 99]  |  rejected: [43]
00:46:32  INFO      experiment.runner — Round  221/240  |  acc:  87.81%  loss: 0.4825  |  FPR: 10.0%  |  mF1: 87.8%
00:47:12  INFO      defenses.mkrum — MKrum selected 9 / 10 clients: [4, 25, 26, 28, 34, 42, 60, 63, 67]  |  rejected: [5]
00:48:02  INFO      defenses.mkrum — MKrum selected 9 / 10 clients: [2, 4, 15, 24, 28, 40, 47, 58, 97]  |  rejected: [89]
00:48:49  INFO      defenses.mkrum — MKrum selected 9 / 10 clients: [8, 13, 14, 15, 31, 39, 81, 88, 98]  |  rejected: [94]
00:49:31  INFO      defenses.mkrum — MKrum selected 9 / 10 clients: [8, 21, 32, 34, 39, 44, 52, 74, 99]  |  rejected: [43]
00:50:16  INFO      defenses.mkrum — MKrum selected 9 / 10 clients: [1, 22, 29, 30, 39, 60, 62, 92, 98]  |  rejected: [50]
00:51:05  INFO      defenses.mkrum — MKrum selected 9 / 10 clients: [7, 12, 27, 49, 71, 73, 85, 93, 96]  |  rejected: [95]
00:51:46  INFO      defenses.mkrum — MKrum selected 9 / 10 clients: [0, 4, 15, 18, 33, 36, 58, 62, 88]  |  rejected: [94]
00:52:36  INFO      defenses.mkrum — MKrum selected 9 / 10 clients: [0, 10, 30, 31, 40, 47, 62, 78, 95]  |  rejected: [89]
00:53:13  INFO      defenses.mkrum — MKrum selected 9 / 10 clients: [0, 27, 34, 40, 41, 45, 66, 75, 81]  |  rejected: [50]
00:54:02  INFO      defenses.mkrum — MKrum selected 9 / 10 clients: [0, 1, 19, 25, 29, 37, 74, 75, 87]  |  rejected: [57]
00:54:10  INFO      experiment.runner — Round  231/240  |  acc:  87.86%  loss: 0.4818  |  FPR: 10.0%  |  mF1: 87.8%
00:54:56  INFO      defenses.mkrum — MKrum selected 9 / 10 clients: [11, 26, 29, 30, 38, 49, 72, 74, 82]  |  rejected: [85]
00:55:38  INFO      defenses.mkrum — MKrum selected 9 / 10 clients: [15, 21, 26, 27, 36, 75, 77, 93, 97]  |  rejected: [17]
00:56:25  INFO      defenses.mkrum — MKrum selected 9 / 10 clients: [28, 39, 56, 62, 76, 78, 80, 88, 93]  |  rejected: [90]
00:57:10  INFO      defenses.mkrum — MKrum selected 9 / 10 clients: [10, 12, 23, 32, 59, 69, 75, 76, 83]  |  rejected: [86]
00:57:49  INFO      defenses.mkrum — MKrum selected 9 / 10 clients: [1, 21, 38, 44, 60, 66, 71, 72, 81]  |  rejected: [94]
00:58:32  INFO      defenses.mkrum — MKrum selected 9 / 10 clients: [20, 39, 43, 48, 60, 76, 77, 82, 83]  |  rejected: [35]
00:59:15  INFO      defenses.mkrum — MKrum selected 9 / 10 clients: [13, 17, 24, 57, 70, 71, 78, 80, 94]  |  rejected: [2]
00:59:59  INFO      defenses.mkrum — MKrum selected 9 / 10 clients: [3, 20, 23, 25, 34, 35, 37, 63, 69]  |  rejected: [91]
01:00:41  INFO      defenses.mkrum — MKrum selected 9 / 10 clients: [10, 14, 31, 34, 39, 45, 51, 81, 88]  |  rejected: [79]
01:00:47  INFO      experiment.runner — Round  240/240  |  acc:  87.96%  loss: 0.4768  |  FPR: 10.0%  |  mF1: 87.9%
01:00:48  INFO      experiment.runner — Final model saved to results/benchmark/cifar10_none_mkrum_seed5/final_model.pt
01:00:48  INFO      experiment.runner — Client atypicality written to results/benchmark/cifar10_none_mkrum_seed5/client_atypicality.json
01:00:48  INFO      experiment.runner — Client inclusion rates written to results/benchmark/cifar10_none_mkrum_seed5/client_inclusion.csv
01:00:48  INFO      experiment.runner — Anomaly scores written to results/benchmark/cifar10_none_mkrum_seed5/anomaly_scores.csv (2400 rows)
01:00:48  INFO      benchmark — ✓  cifar10_none_mkrum_seed5  (164.6 min)
01:00:48  INFO      benchmark — ▶  cifar10_none_mkrum_seed6
01:00:48  INFO      experiment.runner — Initialising 'cifar10_none_mkrum_seed6' | device=cuda | rounds=240 | clients=10/100 | attack=none | defense=mkrum
01:00:52  INFO      defenses.mkrum — MKrumServer initialised — f=1 Byzantine, selecting m=9 updates.
01:01:04  INFO      experiment.utils — Built 100 clients — 0 malicious, 100 benign.
01:01:04  INFO      experiment.runner — Setup complete — 100 clients (0 malicious) | backdoor eval: none

==============================================================
  Summary — 25 rounds evaluated
==============================================================
  Final clean accuracy               87.96%
  Best  clean accuracy               87.96%
  Final clean loss                   0.4768
  Macro F1                           87.92%
  Pooled FPR (all rounds)            10.00%
==============================================================

Files already downloaded and verified
Files already downloaded and verified
Files already downloaded and verified
Files already downloaded and verified
01:01:41  INFO      defenses.mkrum — MKrum selected 9 / 10 clients: [4, 10, 18, 33, 62, 73, 75, 84, 97]  |  rejected: [0]
01:01:47  INFO      experiment.runner — Round    1/240  |  acc:  10.85%  loss: 4.2758  |  FPR: 10.0%  |  mF1: 3.8%
01:02:22  INFO      defenses.mkrum — MKrum selected 9 / 10 clients: [2, 25, 40, 47, 60, 62, 94, 97, 98]  |  rejected: [34]
01:03:04  INFO      defenses.mkrum — MKrum selected 9 / 10 clients: [12, 24, 68, 69, 70, 72, 87, 89, 93]  |  rejected: [52]
01:03:42  INFO      defenses.mkrum — MKrum selected 9 / 10 clients: [11, 33, 42, 46, 52, 54, 78, 84, 93]  |  rejected: [87]
01:04:24  INFO      defenses.mkrum — MKrum selected 9 / 10 clients: [5, 12, 32, 37, 56, 75, 81, 89, 96]  |  rejected: [25]
01:05:08  INFO      defenses.mkrum — MKrum selected 9 / 10 clients: [24, 46, 62, 64, 65, 73, 82, 83, 89]  |  rejected: [25]
01:05:49  INFO      defenses.mkrum — MKrum selected 9 / 10 clients: [15, 31, 38, 45, 46, 55, 75, 77, 81]  |  rejected: [3]
01:06:33  INFO      defenses.mkrum — MKrum selected 9 / 10 clients: [11, 14, 25, 39, 64, 67, 77, 84, 86]  |  rejected: [34]
01:07:09  INFO      defenses.mkrum — MKrum selected 9 / 10 clients: [17, 25, 26, 28, 61, 66, 76, 89, 92]  |  rejected: [48]
01:07:51  INFO      defenses.mkrum — MKrum selected 9 / 10 clients: [1, 2, 21, 24, 42, 71, 79, 82, 99]  |  rejected: [85]
01:08:28  INFO      defenses.mkrum — MKrum selected 9 / 10 clients: [16, 37, 47, 48, 49, 62, 67, 79, 86]  |  rejected: [39]
01:08:34  INFO      experiment.runner — Round   11/240  |  acc:  58.20%  loss: 1.2298  |  FPR: 10.0%  |  mF1: 58.1%
01:09:10  INFO      defenses.mkrum — MKrum selected 9 / 10 clients: [6, 11, 12, 23, 50, 54, 56, 76, 95]  |  rejected: [31]
01:09:47  INFO      defenses.mkrum — MKrum selected 9 / 10 clients: [9, 38, 48, 54, 57, 60, 66, 77, 85]  |  rejected: [90]
01:10:26  INFO      defenses.mkrum — MKrum selected 9 / 10 clients: [10, 24, 34, 52, 57, 62, 87, 92, 95]  |  rejected: [22]
01:11:05  INFO      defenses.mkrum — MKrum selected 9 / 10 clients: [2, 15, 24, 42, 46, 57, 64, 68, 75]  |  rejected: [32]
01:11:48  INFO      defenses.mkrum — MKrum selected 9 / 10 clients: [32, 52, 53, 60, 62, 66, 77, 78, 84]  |  rejected: [34]
01:12:25  INFO      defenses.mkrum — MKrum selected 9 / 10 clients: [18, 39, 41, 48, 59, 61, 62, 81, 92]  |  rejected: [63]
01:13:04  INFO      defenses.mkrum — MKrum selected 9 / 10 clients: [20, 34, 40, 46, 48, 77, 79, 82, 88]  |  rejected: [84]
01:13:44  INFO      defenses.mkrum — MKrum selected 9 / 10 clients: [0, 7, 20, 37, 50, 57, 62, 71, 79]  |  rejected: [93]
01:14:21  INFO      defenses.mkrum — MKrum selected 9 / 10 clients: [3, 14, 23, 46, 47, 72, 78, 87, 91]  |  rejected: [99]
01:15:00  INFO      defenses.mkrum — MKrum selected 9 / 10 clients: [1, 19, 24, 34, 54, 63, 67, 75, 78]  |  rejected: [7]
01:15:07  INFO      experiment.runner — Round   21/240  |  acc:  66.36%  loss: 1.0321  |  FPR: 10.0%  |  mF1: 66.2%
01:15:40  INFO      defenses.mkrum — MKrum selected 9 / 10 clients: [9, 12, 18, 29, 46, 47, 60, 62, 87]  |  rejected: [80]
01:16:19  INFO      defenses.mkrum — MKrum selected 9 / 10 clients: [4, 12, 13, 18, 31, 40, 77, 80, 91]  |  rejected: [85]
01:16:59  INFO      defenses.mkrum — MKrum selected 9 / 10 clients: [3, 5, 8, 59, 61, 80, 82, 89, 92]  |  rejected: [70]
01:17:39  INFO      defenses.mkrum — MKrum selected 9 / 10 clients: [10, 16, 20, 33, 57, 78, 79, 80, 83]  |  rejected: [63]
01:18:16  INFO      defenses.mkrum — MKrum selected 9 / 10 clients: [2, 17, 24, 56, 57, 61, 71, 81, 99]  |  rejected: [88]
01:18:58  INFO      defenses.mkrum — MKrum selected 9 / 10 clients: [4, 8, 10, 35, 37, 46, 61, 74, 91]  |  rejected: [36]
01:19:37  INFO      defenses.mkrum — MKrum selected 9 / 10 clients: [4, 10, 31, 35, 47, 55, 56, 60, 91]  |  rejected: [64]
01:20:22  INFO      defenses.mkrum — MKrum selected 9 / 10 clients: [4, 22, 43, 47, 68, 77, 81, 94, 95]  |  rejected: [30]
01:21:03  INFO      defenses.mkrum — MKrum selected 9 / 10 clients: [4, 6, 9, 43, 55, 89, 94, 96, 97]  |  rejected: [26]
01:21:39  INFO      defenses.mkrum — MKrum selected 9 / 10 clients: [14, 17, 20, 51, 59, 63, 70, 93, 95]  |  rejected: [86]
01:21:45  INFO      experiment.runner — Round   31/240  |  acc:  71.58%  loss: 0.9007  |  FPR: 10.0%  |  mF1: 71.5%
01:22:27  INFO      defenses.mkrum — MKrum selected 9 / 10 clients: [3, 9, 16, 19, 23, 44, 66, 67, 81]  |  rejected: [90]
01:23:05  INFO      defenses.mkrum — MKrum selected 9 / 10 clients: [19, 23, 36, 49, 64, 72, 89, 91, 94]  |  rejected: [28]
01:23:46  INFO      defenses.mkrum — MKrum selected 9 / 10 clients: [16, 20, 30, 40, 53, 71, 73, 88, 96]  |  rejected: [0]
01:24:23  INFO      defenses.mkrum — MKrum selected 9 / 10 clients: [1, 24, 41, 48, 49, 56, 67, 72, 97]  |  rejected: [50]
01:25:03  INFO      defenses.mkrum — MKrum selected 9 / 10 clients: [17, 29, 47, 67, 69, 70, 82, 91, 95]  |  rejected: [84]
01:25:43  INFO      defenses.mkrum — MKrum selected 9 / 10 clients: [9, 17, 19, 21, 23, 34, 49, 80, 88]  |  rejected: [85]
01:26:25  INFO      defenses.mkrum — MKrum selected 9 / 10 clients: [1, 5, 7, 12, 60, 69, 83, 91, 97]  |  rejected: [14]
01:27:05  INFO      defenses.mkrum — MKrum selected 9 / 10 clients: [4, 7, 28, 47, 69, 72, 76, 86, 97]  |  rejected: [52]
01:27:50  INFO      defenses.mkrum — MKrum selected 9 / 10 clients: [7, 9, 11, 21, 60, 73, 84, 88, 92]  |  rejected: [37]
01:28:35  INFO      defenses.mkrum — MKrum selected 9 / 10 clients: [3, 6, 14, 22, 56, 86, 87, 89, 96]  |  rejected: [15]
01:28:41  INFO      experiment.runner — Round   41/240  |  acc:  75.73%  loss: 0.7848  |  FPR: 10.0%  |  mF1: 75.5%
01:30:09  INFO      defenses.mkrum — MKrum selected 9 / 10 clients: [25, 29, 32, 36, 54, 56, 83, 93, 99]  |  rejected: [90]
01:30:49  INFO      defenses.mkrum — MKrum selected 9 / 10 clients: [1, 27, 32, 35, 67, 68, 75, 82, 95]  |  rejected: [93]
01:31:26  INFO      defenses.mkrum — MKrum selected 9 / 10 clients: [4, 11, 66, 74, 76, 82, 87, 90, 99]  |  rejected: [42]
01:32:06  INFO      defenses.mkrum — MKrum selected 9 / 10 clients: [3, 6, 14, 43, 46, 55, 87, 88, 97]  |  rejected: [28]
01:32:43  INFO      defenses.mkrum — MKrum selected 9 / 10 clients: [1, 3, 8, 17, 33, 43, 44, 59, 62]  |  rejected: [0]
01:33:24  INFO      defenses.mkrum — MKrum selected 9 / 10 clients: [11, 16, 23, 29, 53, 69, 75, 78, 86]  |  rejected: [34]
01:34:02  INFO      defenses.mkrum — MKrum selected 9 / 10 clients: [31, 34, 49, 54, 61, 66, 72, 76, 80]  |  rejected: [84]
01:34:46  INFO      defenses.mkrum — MKrum selected 9 / 10 clients: [4, 17, 22, 24, 32, 38, 57, 73, 97]  |  rejected: [13]
01:35:23  INFO      defenses.mkrum — MKrum selected 9 / 10 clients: [0, 13, 19, 20, 50, 60, 62, 65, 75]  |  rejected: [15]
01:36:05  INFO      defenses.mkrum — MKrum selected 9 / 10 clients: [19, 27, 49, 60, 67, 69, 82, 88, 98]  |  rejected: [58]
01:36:13  INFO      experiment.runner — Round   51/240  |  acc:  78.01%  loss: 0.7120  |  FPR: 10.0%  |  mF1: 77.9%
01:36:47  INFO      defenses.mkrum — MKrum selected 9 / 10 clients: [1, 17, 32, 40, 43, 47, 53, 75, 86]  |  rejected: [36]
01:37:24  INFO      defenses.mkrum — MKrum selected 9 / 10 clients: [0, 10, 22, 28, 46, 52, 79, 98, 99]  |  rejected: [39]
01:38:04  INFO      defenses.mkrum — MKrum selected 9 / 10 clients: [11, 16, 24, 29, 48, 52, 66, 82, 96]  |  rejected: [18]
01:38:42  INFO      defenses.mkrum — MKrum selected 9 / 10 clients: [6, 46, 49, 62, 66, 67, 75, 91, 99]  |  rejected: [42]
01:39:21  INFO      defenses.mkrum — MKrum selected 9 / 10 clients: [5, 8, 14, 16, 33, 34, 75, 77, 83]  |  rejected: [84]
01:39:59  INFO      defenses.mkrum — MKrum selected 9 / 10 clients: [11, 14, 19, 64, 78, 88, 92, 97, 99]  |  rejected: [85]
01:40:39  INFO      defenses.mkrum — MKrum selected 9 / 10 clients: [15, 20, 22, 23, 27, 31, 43, 93, 96]  |  rejected: [44]
01:41:17  INFO      defenses.mkrum — MKrum selected 9 / 10 clients: [14, 16, 58, 61, 78, 79, 80, 92, 94]  |  rejected: [28]
01:41:58  INFO      defenses.mkrum — MKrum selected 9 / 10 clients: [17, 18, 25, 33, 47, 58, 73, 80, 93]  |  rejected: [42]
01:43:20  INFO      defenses.mkrum — MKrum selected 9 / 10 clients: [0, 3, 7, 8, 58, 61, 80, 83, 96]  |  rejected: [35]
01:43:37  INFO      experiment.runner — Round   61/240  |  acc:  79.97%  loss: 0.6582  |  FPR: 10.0%  |  mF1: 80.0%
01:44:15  INFO      defenses.mkrum — MKrum selected 9 / 10 clients: [1, 7, 12, 35, 40, 43, 49, 79, 92]  |  rejected: [13]
01:44:53  INFO      defenses.mkrum — MKrum selected 9 / 10 clients: [18, 47, 51, 60, 85, 94, 95, 96, 97]  |  rejected: [2]
01:45:29  INFO      defenses.mkrum — MKrum selected 9 / 10 clients: [1, 16, 19, 47, 57, 61, 68, 70, 86]  |  rejected: [13]
01:46:12  INFO      defenses.mkrum — MKrum selected 9 / 10 clients: [9, 15, 21, 25, 33, 51, 56, 61, 69]  |  rejected: [90]
01:46:48  INFO      defenses.mkrum — MKrum selected 9 / 10 clients: [32, 34, 37, 44, 57, 69, 71, 88, 99]  |  rejected: [42]
01:47:28  INFO      defenses.mkrum — MKrum selected 9 / 10 clients: [0, 5, 31, 64, 67, 79, 91, 95, 98]  |  rejected: [84]
01:48:05  INFO      defenses.mkrum — MKrum selected 9 / 10 clients: [1, 4, 21, 32, 41, 63, 68, 71, 73]  |  rejected: [26]
01:48:45  INFO      defenses.mkrum — MKrum selected 9 / 10 clients: [7, 19, 24, 27, 34, 35, 47, 89, 93]  |  rejected: [38]
01:49:21  INFO      defenses.mkrum — MKrum selected 9 / 10 clients: [0, 11, 21, 23, 44, 45, 73, 76, 93]  |  rejected: [90]
01:50:03  INFO      defenses.mkrum — MKrum selected 9 / 10 clients: [15, 23, 28, 45, 49, 60, 61, 70, 79]  |  rejected: [81]
01:50:11  INFO      experiment.runner — Round   71/240  |  acc:  81.48%  loss: 0.6322  |  FPR: 10.0%  |  mF1: 81.4%
01:50:45  INFO      defenses.mkrum — MKrum selected 9 / 10 clients: [6, 11, 55, 56, 74, 77, 79, 83, 93]  |  rejected: [26]
01:51:26  INFO      defenses.mkrum — MKrum selected 9 / 10 clients: [7, 28, 32, 34, 61, 64, 67, 81, 82]  |  rejected: [84]
01:52:05  INFO      defenses.mkrum — MKrum selected 9 / 10 clients: [12, 34, 46, 47, 54, 66, 81, 95, 97]  |  rejected: [38]
01:52:41  INFO      defenses.mkrum — MKrum selected 9 / 10 clients: [7, 20, 35, 40, 53, 64, 69, 82, 83]  |  rejected: [84]
01:53:21  INFO      defenses.mkrum — MKrum selected 9 / 10 clients: [7, 10, 11, 14, 22, 55, 56, 64, 68]  |  rejected: [85]
01:53:56  INFO      defenses.mkrum — MKrum selected 9 / 10 clients: [0, 8, 33, 34, 39, 45, 49, 87, 91]  |  rejected: [44]
01:54:37  INFO      defenses.mkrum — MKrum selected 9 / 10 clients: [9, 14, 36, 51, 57, 63, 75, 91, 94]  |  rejected: [90]
01:55:13  INFO      defenses.mkrum — MKrum selected 9 / 10 clients: [1, 6, 32, 39, 65, 69, 93, 98, 99]  |  rejected: [30]
01:55:54  INFO      defenses.mkrum — MKrum selected 9 / 10 clients: [1, 19, 28, 33, 37, 48, 82, 83, 95]  |  rejected: [13]
01:56:36  INFO      defenses.mkrum — MKrum selected 9 / 10 clients: [3, 8, 15, 17, 27, 32, 51, 62, 93]  |  rejected: [71]
01:56:45  INFO      experiment.runner — Round   81/240  |  acc:  82.33%  loss: 0.6257  |  FPR: 10.0%  |  mF1: 82.2%
01:57:21  INFO      defenses.mkrum — MKrum selected 9 / 10 clients: [3, 12, 17, 19, 22, 27, 35, 76, 97]  |  rejected: [41]
01:58:01  INFO      defenses.mkrum — MKrum selected 9 / 10 clients: [24, 53, 57, 58, 60, 62, 73, 78, 88]  |  rejected: [41]
01:58:37  INFO      defenses.mkrum — MKrum selected 9 / 10 clients: [14, 17, 22, 28, 45, 50, 59, 68, 75]  |  rejected: [85]
01:59:56  INFO      defenses.mkrum — MKrum selected 9 / 10 clients: [3, 24, 28, 35, 75, 76, 82, 94, 98]  |  rejected: [72]
02:00:32  INFO      defenses.mkrum — MKrum selected 9 / 10 clients: [4, 15, 31, 40, 46, 50, 73, 82, 95]  |  rejected: [52]
02:01:13  INFO      defenses.mkrum — MKrum selected 9 / 10 clients: [32, 46, 48, 55, 63, 67, 75, 82, 91]  |  rejected: [38]
02:01:49  INFO      defenses.mkrum — MKrum selected 9 / 10 clients: [7, 23, 37, 39, 47, 52, 74, 75, 81]  |  rejected: [85]
02:02:33  INFO      defenses.mkrum — MKrum selected 9 / 10 clients: [13, 20, 46, 54, 58, 59, 60, 73, 86]  |  rejected: [30]
02:03:13  INFO      defenses.mkrum — MKrum selected 9 / 10 clients: [1, 8, 9, 13, 55, 58, 61, 62, 77]  |  rejected: [41]
02:03:52  INFO      defenses.mkrum — MKrum selected 9 / 10 clients: [3, 7, 20, 46, 55, 65, 67, 81, 93]  |  rejected: [44]
02:03:59  INFO      experiment.runner — Round   91/240  |  acc:  83.23%  loss: 0.5787  |  FPR: 10.0%  |  mF1: 83.2%
02:04:33  INFO      defenses.mkrum — MKrum selected 9 / 10 clients: [3, 9, 14, 22, 51, 61, 68, 75, 76]  |  rejected: [44]
02:05:15  INFO      defenses.mkrum — MKrum selected 9 / 10 clients: [32, 33, 49, 66, 68, 77, 78, 83, 94]  |  rejected: [29]
02:05:54  INFO      defenses.mkrum — MKrum selected 9 / 10 clients: [0, 22, 44, 45, 46, 53, 63, 79, 90]  |  rejected: [38]
02:06:30  INFO      defenses.mkrum — MKrum selected 9 / 10 clients: [0, 3, 4, 5, 26, 60, 69, 82, 99]  |  rejected: [2]
02:07:11  INFO      defenses.mkrum — MKrum selected 9 / 10 clients: [18, 25, 26, 41, 47, 53, 60, 61, 71]  |  rejected: [13]
02:07:47  INFO      defenses.mkrum — MKrum selected 9 / 10 clients: [14, 19, 27, 28, 34, 45, 47, 53, 60]  |  rejected: [6]
02:08:29  INFO      defenses.mkrum — MKrum selected 9 / 10 clients: [7, 24, 35, 47, 71, 81, 88, 95, 96]  |  rejected: [92]
02:09:05  INFO      defenses.mkrum — MKrum selected 9 / 10 clients: [3, 5, 9, 25, 54, 64, 67, 81, 86]  |  rejected: [51]
02:09:44  INFO      defenses.mkrum — MKrum selected 9 / 10 clients: [10, 12, 15, 24, 64, 77, 86, 93, 96]  |  rejected: [85]
02:10:20  INFO      defenses.mkrum — MKrum selected 9 / 10 clients: [1, 23, 26, 42, 56, 61, 66, 72, 98]  |  rejected: [85]
02:10:26  INFO      experiment.runner — Round  101/240  |  acc:  84.22%  loss: 0.5594  |  FPR: 10.0%  |  mF1: 84.2%
02:11:00  INFO      defenses.mkrum — MKrum selected 9 / 10 clients: [0, 3, 19, 27, 28, 37, 69, 72, 76]  |  rejected: [41]
02:11:40  INFO      defenses.mkrum — MKrum selected 9 / 10 clients: [13, 26, 27, 37, 51, 52, 65, 71, 93]  |  rejected: [85]
02:12:16  INFO      defenses.mkrum — MKrum selected 9 / 10 clients: [11, 17, 21, 55, 63, 69, 76, 83, 96]  |  rejected: [85]
02:12:56  INFO      defenses.mkrum — MKrum selected 9 / 10 clients: [4, 25, 36, 51, 53, 77, 80, 84, 89]  |  rejected: [38]
02:13:34  INFO      defenses.mkrum — MKrum selected 9 / 10 clients: [6, 25, 27, 29, 46, 55, 56, 94, 96]  |  rejected: [38]
02:14:13  INFO      defenses.mkrum — MKrum selected 9 / 10 clients: [36, 40, 45, 46, 51, 52, 55, 67, 83]  |  rejected: [92]
02:14:53  INFO      defenses.mkrum — MKrum selected 9 / 10 clients: [19, 25, 32, 59, 64, 76, 77, 78, 83]  |  rejected: [22]
02:15:35  INFO      defenses.mkrum — MKrum selected 9 / 10 clients: [0, 8, 19, 28, 32, 59, 68, 70, 77]  |  rejected: [80]
02:16:12  INFO      defenses.mkrum — MKrum selected 9 / 10 clients: [1, 5, 7, 15, 27, 49, 62, 69, 71]  |  rejected: [39]
02:16:48  INFO      defenses.mkrum — MKrum selected 9 / 10 clients: [0, 16, 17, 34, 37, 41, 44, 69, 99]  |  rejected: [74]
02:16:56  INFO      experiment.runner — Round  111/240  |  acc:  84.57%  loss: 0.5619  |  FPR: 10.0%  |  mF1: 84.5%
02:17:32  INFO      defenses.mkrum — MKrum selected 9 / 10 clients: [11, 15, 34, 44, 67, 76, 80, 82, 95]  |  rejected: [41]
02:18:08  INFO      defenses.mkrum — MKrum selected 9 / 10 clients: [0, 3, 8, 26, 31, 55, 74, 77, 79]  |  rejected: [39]
02:18:50  INFO      defenses.mkrum — MKrum selected 9 / 10 clients: [25, 40, 45, 48, 72, 73, 78, 95, 96]  |  rejected: [52]
02:19:30  INFO      defenses.mkrum — MKrum selected 9 / 10 clients: [6, 7, 23, 31, 37, 67, 71, 77, 83]  |  rejected: [30]
02:20:12  INFO      defenses.mkrum — MKrum selected 9 / 10 clients: [21, 22, 28, 32, 36, 45, 72, 77, 99]  |  rejected: [20]
02:20:51  INFO      defenses.mkrum — MKrum selected 9 / 10 clients: [5, 7, 9, 14, 16, 57, 70, 71, 73]  |  rejected: [10]
02:21:31  INFO      defenses.mkrum — MKrum selected 9 / 10 clients: [35, 45, 47, 51, 53, 57, 66, 75, 97]  |  rejected: [30]
02:22:07  INFO      defenses.mkrum — MKrum selected 9 / 10 clients: [31, 48, 54, 57, 69, 71, 74, 76, 81]  |  rejected: [41]
02:22:58  INFO      defenses.mkrum — MKrum selected 9 / 10 clients: [6, 11, 13, 50, 54, 57, 65, 78, 93]  |  rejected: [84]
02:23:35  INFO      defenses.mkrum — MKrum selected 9 / 10 clients: [9, 12, 22, 24, 26, 74, 78, 87, 90]  |  rejected: [42]
02:23:41  INFO      experiment.runner — Round  121/240  |  acc:  85.23%  loss: 0.5215  |  FPR: 10.0%  |  mF1: 85.2%
02:24:18  INFO      defenses.mkrum — MKrum selected 9 / 10 clients: [0, 5, 23, 31, 45, 69, 81, 86, 93]  |  rejected: [63]
02:24:58  INFO      defenses.mkrum — MKrum selected 9 / 10 clients: [0, 4, 15, 36, 50, 56, 78, 88, 98]  |  rejected: [90]
02:25:34  INFO      defenses.mkrum — MKrum selected 9 / 10 clients: [0, 1, 20, 25, 45, 60, 61, 82, 84]  |  rejected: [85]
02:26:13  INFO      defenses.mkrum — MKrum selected 9 / 10 clients: [18, 31, 41, 48, 53, 56, 71, 81, 89]  |  rejected: [30]
02:26:50  INFO      defenses.mkrum — MKrum selected 9 / 10 clients: [6, 14, 27, 37, 51, 59, 87, 94, 98]  |  rejected: [80]
02:27:30  INFO      defenses.mkrum — MKrum selected 9 / 10 clients: [28, 32, 34, 68, 72, 80, 81, 93, 98]  |  rejected: [13]
02:28:06  INFO      defenses.mkrum — MKrum selected 9 / 10 clients: [35, 39, 40, 46, 51, 55, 76, 81, 98]  |  rejected: [42]
02:28:47  INFO      defenses.mkrum — MKrum selected 9 / 10 clients: [10, 14, 25, 29, 34, 53, 57, 65, 75]  |  rejected: [44]
02:29:29  INFO      defenses.mkrum — MKrum selected 9 / 10 clients: [1, 5, 9, 14, 20, 43, 64, 91, 92]  |  rejected: [2]
02:30:09  INFO      defenses.mkrum — MKrum selected 9 / 10 clients: [1, 5, 14, 16, 21, 24, 27, 28, 35]  |  rejected: [54]
02:30:19  INFO      experiment.runner — Round  131/240  |  acc:  85.42%  loss: 0.5305  |  FPR: 10.0%  |  mF1: 85.3%
02:30:53  INFO      defenses.mkrum — MKrum selected 9 / 10 clients: [1, 27, 41, 75, 81, 83, 88, 93, 97]  |  rejected: [13]
02:31:32  INFO      defenses.mkrum — MKrum selected 9 / 10 clients: [3, 9, 20, 46, 50, 57, 70, 92, 99]  |  rejected: [84]
02:32:12  INFO      defenses.mkrum — MKrum selected 9 / 10 clients: [6, 18, 35, 49, 55, 72, 76, 78, 98]  |  rejected: [38]
02:32:49  INFO      defenses.mkrum — MKrum selected 9 / 10 clients: [0, 60, 75, 77, 80, 81, 82, 91, 98]  |  rejected: [38]
02:33:28  INFO      defenses.mkrum — MKrum selected 9 / 10 clients: [0, 14, 16, 18, 27, 37, 72, 80, 94]  |  rejected: [38]
02:34:05  INFO      defenses.mkrum — MKrum selected 9 / 10 clients: [14, 25, 44, 45, 47, 70, 81, 91, 92]  |  rejected: [52]
02:34:45  INFO      defenses.mkrum — MKrum selected 9 / 10 clients: [14, 15, 24, 32, 41, 54, 74, 93, 98]  |  rejected: [58]
02:35:21  INFO      defenses.mkrum — MKrum selected 9 / 10 clients: [1, 15, 22, 33, 42, 46, 53, 85, 90]  |  rejected: [30]
02:36:01  INFO      defenses.mkrum — MKrum selected 9 / 10 clients: [1, 4, 6, 9, 19, 35, 40, 56, 87]  |  rejected: [2]
02:36:43  INFO      defenses.mkrum — MKrum selected 9 / 10 clients: [20, 28, 31, 34, 35, 42, 67, 73, 94]  |  rejected: [38]
02:36:49  INFO      experiment.runner — Round  141/240  |  acc:  86.09%  loss: 0.5103  |  FPR: 10.0%  |  mF1: 86.0%
02:37:22  INFO      defenses.mkrum — MKrum selected 9 / 10 clients: [6, 11, 14, 50, 59, 62, 66, 68, 98]  |  rejected: [30]
02:38:04  INFO      defenses.mkrum — MKrum selected 9 / 10 clients: [5, 9, 16, 18, 28, 31, 35, 49, 66]  |  rejected: [42]
02:38:40  INFO      defenses.mkrum — MKrum selected 9 / 10 clients: [3, 22, 40, 42, 44, 48, 80, 90, 92]  |  rejected: [58]
02:39:20  INFO      defenses.mkrum — MKrum selected 9 / 10 clients: [14, 18, 19, 21, 24, 27, 40, 89, 94]  |  rejected: [10]
02:39:56  INFO      defenses.mkrum — MKrum selected 9 / 10 clients: [1, 22, 31, 56, 58, 61, 64, 74, 83]  |  rejected: [52]
02:40:37  INFO      defenses.mkrum — MKrum selected 9 / 10 clients: [1, 4, 15, 40, 42, 70, 71, 95, 97]  |  rejected: [85]
02:41:14  INFO      defenses.mkrum — MKrum selected 9 / 10 clients: [8, 18, 31, 50, 53, 59, 60, 70, 90]  |  rejected: [2]
02:41:57  INFO      defenses.mkrum — MKrum selected 9 / 10 clients: [0, 7, 8, 11, 15, 21, 25, 27, 59]  |  rejected: [2]
02:42:36  INFO      defenses.mkrum — MKrum selected 9 / 10 clients: [11, 12, 24, 31, 65, 66, 76, 81, 96]  |  rejected: [63]
02:44:11  INFO      defenses.mkrum — MKrum selected 9 / 10 clients: [13, 15, 45, 60, 73, 78, 79, 83, 84]  |  rejected: [2]
02:44:19  INFO      experiment.runner — Round  151/240  |  acc:  86.44%  loss: 0.5102  |  FPR: 10.0%  |  mF1: 86.4%
02:44:58  INFO      defenses.mkrum — MKrum selected 9 / 10 clients: [14, 23, 42, 71, 81, 87, 89, 92, 98]  |  rejected: [30]
02:45:34  INFO      defenses.mkrum — MKrum selected 9 / 10 clients: [12, 32, 41, 61, 76, 77, 91, 92, 95]  |  rejected: [29]
02:46:15  INFO      defenses.mkrum — MKrum selected 9 / 10 clients: [5, 13, 15, 27, 43, 44, 55, 66, 70]  |  rejected: [10]
02:46:53  INFO      defenses.mkrum — MKrum selected 9 / 10 clients: [8, 16, 37, 48, 51, 57, 68, 81, 83]  |  rejected: [79]
02:47:33  INFO      defenses.mkrum — MKrum selected 9 / 10 clients: [1, 3, 14, 17, 20, 22, 29, 83, 96]  |  rejected: [38]
02:48:12  INFO      defenses.mkrum — MKrum selected 9 / 10 clients: [9, 10, 35, 44, 55, 69, 70, 74, 81]  |  rejected: [52]
02:48:52  INFO      defenses.mkrum — MKrum selected 9 / 10 clients: [27, 35, 41, 47, 54, 70, 88, 90, 93]  |  rejected: [30]
02:49:28  INFO      defenses.mkrum — MKrum selected 9 / 10 clients: [15, 20, 35, 37, 47, 49, 78, 86, 95]  |  rejected: [99]
02:50:10  INFO      defenses.mkrum — MKrum selected 9 / 10 clients: [1, 2, 22, 32, 36, 42, 53, 54, 89]  |  rejected: [52]
02:50:48  INFO      defenses.mkrum — MKrum selected 9 / 10 clients: [0, 3, 25, 27, 28, 36, 61, 78, 95]  |  rejected: [84]
02:50:54  INFO      experiment.runner — Round  161/240  |  acc:  86.67%  loss: 0.4990  |  FPR: 10.0%  |  mF1: 86.6%
02:51:31  INFO      defenses.mkrum — MKrum selected 9 / 10 clients: [23, 25, 26, 46, 47, 54, 57, 62, 71]  |  rejected: [30]
02:52:11  INFO      defenses.mkrum — MKrum selected 9 / 10 clients: [3, 14, 18, 27, 65, 68, 77, 81, 87]  |  rejected: [58]
02:52:46  INFO      defenses.mkrum — MKrum selected 9 / 10 clients: [17, 19, 29, 35, 47, 60, 77, 83, 92]  |  rejected: [63]
02:53:29  INFO      defenses.mkrum — MKrum selected 9 / 10 clients: [5, 10, 23, 25, 26, 31, 37, 51, 92]  |  rejected: [39]
02:54:04  INFO      defenses.mkrum — MKrum selected 9 / 10 clients: [12, 27, 34, 63, 69, 76, 77, 82, 83]  |  rejected: [38]
02:54:39  INFO      defenses.mkrum — MKrum selected 9 / 10 clients: [5, 6, 11, 28, 29, 54, 65, 78, 98]  |  rejected: [63]
02:55:19  INFO      defenses.mkrum — MKrum selected 9 / 10 clients: [26, 28, 33, 35, 54, 64, 69, 80, 93]  |  rejected: [13]
02:55:55  INFO      defenses.mkrum — MKrum selected 9 / 10 clients: [5, 56, 57, 59, 60, 65, 71, 78, 99]  |  rejected: [30]
02:56:35  INFO      defenses.mkrum — MKrum selected 9 / 10 clients: [20, 24, 25, 36, 55, 61, 71, 77, 86]  |  rejected: [45]
02:57:11  INFO      defenses.mkrum — MKrum selected 9 / 10 clients: [21, 36, 38, 58, 65, 70, 72, 75, 84]  |  rejected: [39]
02:57:17  INFO      experiment.runner — Round  171/240  |  acc:  86.89%  loss: 0.4836  |  FPR: 10.0%  |  mF1: 86.8%
02:57:53  INFO      defenses.mkrum — MKrum selected 9 / 10 clients: [5, 31, 32, 43, 47, 56, 79, 91, 92]  |  rejected: [42]
02:58:32  INFO      defenses.mkrum — MKrum selected 9 / 10 clients: [8, 9, 11, 15, 17, 29, 36, 62, 70]  |  rejected: [85]
02:59:12  INFO      defenses.mkrum — MKrum selected 9 / 10 clients: [10, 20, 45, 49, 61, 89, 95, 97, 99]  |  rejected: [90]
02:59:51  INFO      defenses.mkrum — MKrum selected 9 / 10 clients: [1, 6, 36, 53, 82, 83, 85, 87, 93]  |  rejected: [30]
03:00:27  INFO      defenses.mkrum — MKrum selected 9 / 10 clients: [0, 6, 37, 40, 56, 64, 68, 72, 96]  |  rejected: [90]
03:01:08  INFO      defenses.mkrum — MKrum selected 9 / 10 clients: [1, 5, 35, 50, 67, 71, 78, 83, 91]  |  rejected: [23]
03:01:43  INFO      defenses.mkrum — MKrum selected 9 / 10 clients: [0, 16, 23, 24, 29, 35, 58, 59, 75]  |  rejected: [2]
03:02:24  INFO      defenses.mkrum — MKrum selected 9 / 10 clients: [1, 19, 21, 33, 61, 79, 81, 83, 86]  |  rejected: [63]
03:03:00  INFO      defenses.mkrum — MKrum selected 9 / 10 clients: [3, 14, 15, 20, 28, 29, 72, 75, 82]  |  rejected: [53]
03:03:39  INFO      defenses.mkrum — MKrum selected 9 / 10 clients: [5, 19, 23, 24, 50, 62, 70, 72, 73]  |  rejected: [13]
03:03:47  INFO      experiment.runner — Round  181/240  |  acc:  86.98%  loss: 0.5173  |  FPR: 10.0%  |  mF1: 86.9%
03:04:20  INFO      defenses.mkrum — MKrum selected 9 / 10 clients: [7, 11, 25, 35, 64, 66, 76, 77, 79]  |  rejected: [38]
03:05:01  INFO      defenses.mkrum — MKrum selected 9 / 10 clients: [14, 29, 33, 38, 47, 63, 68, 88, 95]  |  rejected: [18]
03:05:37  INFO      defenses.mkrum — MKrum selected 9 / 10 clients: [15, 24, 29, 43, 77, 87, 91, 98, 99]  |  rejected: [39]
03:06:18  INFO      defenses.mkrum — MKrum selected 9 / 10 clients: [0, 23, 31, 48, 50, 55, 63, 68, 98]  |  rejected: [2]
03:06:55  INFO      defenses.mkrum — MKrum selected 9 / 10 clients: [5, 7, 17, 47, 54, 58, 82, 84, 88]  |  rejected: [2]
03:07:35  INFO      defenses.mkrum — MKrum selected 9 / 10 clients: [13, 21, 43, 57, 60, 61, 66, 76, 91]  |  rejected: [74]
03:08:15  INFO      defenses.mkrum — MKrum selected 9 / 10 clients: [9, 42, 45, 54, 58, 59, 64, 72, 88]  |  rejected: [30]
03:08:52  INFO      defenses.mkrum — MKrum selected 9 / 10 clients: [18, 24, 32, 43, 61, 70, 83, 90, 91]  |  rejected: [53]
03:09:36  INFO      defenses.mkrum — MKrum selected 9 / 10 clients: [14, 27, 49, 60, 79, 82, 83, 89, 97]  |  rejected: [85]
03:10:13  INFO      defenses.mkrum — MKrum selected 9 / 10 clients: [1, 7, 17, 19, 27, 38, 48, 60, 97]  |  rejected: [85]
03:10:19  INFO      experiment.runner — Round  191/240  |  acc:  87.41%  loss: 0.4917  |  FPR: 10.0%  |  mF1: 87.4%
03:10:58  INFO      defenses.mkrum — MKrum selected 9 / 10 clients: [0, 34, 38, 42, 48, 72, 78, 81, 98]  |  rejected: [18]
03:11:34  INFO      defenses.mkrum — MKrum selected 9 / 10 clients: [9, 10, 18, 26, 27, 38, 62, 73, 90]  |  rejected: [44]
03:12:13  INFO      defenses.mkrum — MKrum selected 9 / 10 clients: [2, 3, 6, 24, 26, 86, 91, 93, 94]  |  rejected: [52]
03:12:54  INFO      defenses.mkrum — MKrum selected 9 / 10 clients: [0, 8, 21, 24, 32, 44, 57, 59, 69]  |  rejected: [39]
03:13:31  INFO      defenses.mkrum — MKrum selected 9 / 10 clients: [7, 8, 20, 27, 49, 57, 59, 68, 78]  |  rejected: [2]
03:14:10  INFO      defenses.mkrum — MKrum selected 9 / 10 clients: [11, 12, 21, 26, 29, 50, 55, 65, 72]  |  rejected: [39]
03:14:49  INFO      defenses.mkrum — MKrum selected 9 / 10 clients: [11, 14, 22, 23, 26, 43, 56, 83, 86]  |  rejected: [87]
03:15:30  INFO      defenses.mkrum — MKrum selected 9 / 10 clients: [1, 12, 14, 21, 24, 48, 57, 92, 96]  |  rejected: [67]
03:16:06  INFO      defenses.mkrum — MKrum selected 9 / 10 clients: [6, 9, 18, 26, 40, 47, 59, 66, 79]  |  rejected: [52]
03:16:49  INFO      defenses.mkrum — MKrum selected 9 / 10 clients: [9, 17, 21, 43, 45, 47, 58, 65, 86]  |  rejected: [38]
03:16:54  INFO      experiment.runner — Round  201/240  |  acc:  87.33%  loss: 0.4829  |  FPR: 10.0%  |  mF1: 87.3%
03:17:28  INFO      defenses.mkrum — MKrum selected 9 / 10 clients: [11, 12, 37, 46, 54, 62, 77, 84, 96]  |  rejected: [41]
03:18:09  INFO      defenses.mkrum — MKrum selected 9 / 10 clients: [15, 25, 29, 49, 56, 73, 79, 82, 98]  |  rejected: [30]
03:18:47  INFO      defenses.mkrum — MKrum selected 9 / 10 clients: [3, 21, 22, 27, 49, 54, 55, 73, 75]  |  rejected: [85]
03:19:26  INFO      defenses.mkrum — MKrum selected 9 / 10 clients: [7, 8, 11, 40, 57, 80, 89, 91, 95]  |  rejected: [4]
03:20:07  INFO      defenses.mkrum — MKrum selected 9 / 10 clients: [5, 13, 14, 17, 38, 65, 82, 83, 98]  |  rejected: [74]
03:20:44  INFO      defenses.mkrum — MKrum selected 9 / 10 clients: [0, 11, 21, 24, 67, 75, 83, 86, 88]  |  rejected: [42]
03:21:24  INFO      defenses.mkrum — MKrum selected 9 / 10 clients: [6, 20, 31, 34, 63, 77, 92, 93, 94]  |  rejected: [42]
03:22:00  INFO      defenses.mkrum — MKrum selected 9 / 10 clients: [0, 9, 29, 44, 51, 58, 68, 80, 83]  |  rejected: [30]
03:22:41  INFO      defenses.mkrum — MKrum selected 9 / 10 clients: [3, 15, 25, 34, 36, 56, 64, 92, 93]  |  rejected: [79]
03:23:18  INFO      defenses.mkrum — MKrum selected 9 / 10 clients: [3, 43, 45, 51, 73, 83, 88, 92, 98]  |  rejected: [44]
03:23:24  INFO      experiment.runner — Round  211/240  |  acc:  87.53%  loss: 0.4797  |  FPR: 10.0%  |  mF1: 87.5%
03:24:04  INFO      defenses.mkrum — MKrum selected 9 / 10 clients: [14, 23, 31, 35, 67, 79, 87, 89, 92]  |  rejected: [30]
03:25:05  INFO      defenses.mkrum — MKrum selected 9 / 10 clients: [3, 8, 25, 34, 45, 62, 64, 96, 99]  |  rejected: [53]
03:25:47  INFO      defenses.mkrum — MKrum selected 9 / 10 clients: [8, 19, 28, 32, 62, 63, 89, 94, 99]  |  rejected: [39]
03:26:29  INFO      defenses.mkrum — MKrum selected 9 / 10 clients: [17, 20, 43, 64, 65, 69, 70, 72, 84]  |  rejected: [2]
03:27:06  INFO      defenses.mkrum — MKrum selected 9 / 10 clients: [18, 20, 31, 58, 59, 61, 80, 88, 93]  |  rejected: [53]
03:27:46  INFO      defenses.mkrum — MKrum selected 9 / 10 clients: [1, 25, 43, 50, 64, 65, 71, 91, 97]  |  rejected: [90]
03:28:23  INFO      defenses.mkrum — MKrum selected 9 / 10 clients: [0, 12, 31, 38, 56, 65, 74, 78, 80]  |  rejected: [41]
03:29:03  INFO      defenses.mkrum — MKrum selected 9 / 10 clients: [9, 19, 37, 41, 44, 63, 89, 92, 97]  |  rejected: [52]
03:29:39  INFO      defenses.mkrum — MKrum selected 9 / 10 clients: [6, 10, 15, 43, 47, 72, 86, 93, 96]  |  rejected: [4]
03:30:19  INFO      defenses.mkrum — MKrum selected 9 / 10 clients: [0, 26, 31, 45, 48, 58, 67, 89, 91]  |  rejected: [52]
03:30:25  INFO      experiment.runner — Round  221/240  |  acc:  87.66%  loss: 0.4942  |  FPR: 10.0%  |  mF1: 87.7%
03:30:58  INFO      defenses.mkrum — MKrum selected 9 / 10 clients: [5, 12, 21, 34, 49, 68, 77, 93, 98]  |  rejected: [46]
03:31:43  INFO      defenses.mkrum — MKrum selected 9 / 10 clients: [1, 12, 17, 26, 29, 49, 69, 81, 96]  |  rejected: [42]
03:32:20  INFO      defenses.mkrum — MKrum selected 9 / 10 clients: [1, 12, 20, 24, 51, 70, 81, 96, 99]  |  rejected: [53]
03:33:01  INFO      defenses.mkrum — MKrum selected 9 / 10 clients: [5, 10, 15, 20, 48, 53, 75, 87, 93]  |  rejected: [52]
03:33:53  INFO      defenses.mkrum — MKrum selected 9 / 10 clients: [7, 11, 25, 26, 43, 50, 80, 82, 99]  |  rejected: [42]
03:34:35  INFO      defenses.mkrum — MKrum selected 9 / 10 clients: [17, 34, 36, 45, 54, 56, 65, 81, 90]  |  rejected: [52]
03:35:13  INFO      defenses.mkrum — MKrum selected 9 / 10 clients: [9, 21, 25, 34, 56, 58, 70, 72, 90]  |  rejected: [42]
03:35:50  INFO      defenses.mkrum — MKrum selected 9 / 10 clients: [9, 24, 39, 42, 55, 60, 64, 70, 74]  |  rejected: [52]
03:36:31  INFO      defenses.mkrum — MKrum selected 9 / 10 clients: [18, 32, 59, 60, 62, 63, 88, 91, 94]  |  rejected: [85]
03:37:10  INFO      defenses.mkrum — MKrum selected 9 / 10 clients: [0, 5, 12, 35, 38, 58, 74, 84, 92]  |  rejected: [13]
03:37:16  INFO      experiment.runner — Round  231/240  |  acc:  87.79%  loss: 0.4718  |  FPR: 10.0%  |  mF1: 87.7%
03:37:54  INFO      defenses.mkrum — MKrum selected 9 / 10 clients: [6, 11, 37, 39, 46, 71, 76, 82, 86]  |  rejected: [13]
03:38:33  INFO      defenses.mkrum — MKrum selected 9 / 10 clients: [11, 39, 48, 56, 62, 79, 82, 86, 88]  |  rejected: [30]
03:39:13  INFO      defenses.mkrum — MKrum selected 9 / 10 clients: [1, 20, 29, 42, 43, 46, 47, 51, 71]  |  rejected: [44]
03:39:52  INFO      defenses.mkrum — MKrum selected 9 / 10 clients: [6, 16, 21, 32, 42, 46, 55, 56, 96]  |  rejected: [41]
03:40:35  INFO      defenses.mkrum — MKrum selected 9 / 10 clients: [11, 15, 17, 22, 26, 38, 54, 67, 74]  |  rejected: [30]
03:41:12  INFO      defenses.mkrum — MKrum selected 9 / 10 clients: [7, 20, 25, 34, 56, 71, 76, 91, 93]  |  rejected: [41]
03:41:53  INFO      defenses.mkrum — MKrum selected 9 / 10 clients: [0, 8, 23, 24, 27, 42, 67, 70, 89]  |  rejected: [63]
03:42:36  INFO      defenses.mkrum — MKrum selected 9 / 10 clients: [11, 27, 31, 48, 60, 71, 73, 79, 83]  |  rejected: [39]
03:43:13  INFO      defenses.mkrum — MKrum selected 9 / 10 clients: [12, 17, 22, 32, 34, 48, 62, 92, 99]  |  rejected: [87]
03:43:22  INFO      experiment.runner — Round  240/240  |  acc:  87.92%  loss: 0.4787  |  FPR: 10.0%  |  mF1: 87.9%
03:43:22  INFO      experiment.runner — Final model saved to results/benchmark/cifar10_none_mkrum_seed6/final_model.pt
03:43:22  INFO      experiment.runner — Client atypicality written to results/benchmark/cifar10_none_mkrum_seed6/client_atypicality.json
03:43:22  INFO      experiment.runner — Client inclusion rates written to results/benchmark/cifar10_none_mkrum_seed6/client_inclusion.csv
03:43:22  INFO      experiment.runner — Anomaly scores written to results/benchmark/cifar10_none_mkrum_seed6/anomaly_scores.csv (2400 rows)
03:43:22  INFO      benchmark — ✓  cifar10_none_mkrum_seed6  (162.6 min)
03:43:22  INFO      benchmark — ▶  cifar10_none_mkrum_seed7
03:43:22  INFO      experiment.runner — Initialising 'cifar10_none_mkrum_seed7' | device=cuda | rounds=240 | clients=10/100 | attack=none | defense=mkrum
03:43:26  INFO      defenses.mkrum — MKrumServer initialised — f=1 Byzantine, selecting m=9 updates.
03:43:38  INFO      experiment.utils — Built 100 clients — 0 malicious, 100 benign.
03:43:38  INFO      experiment.runner — Setup complete — 100 clients (0 malicious) | backdoor eval: none

==============================================================
  Summary — 25 rounds evaluated
==============================================================
  Final clean accuracy               87.92%
  Best  clean accuracy               87.92%
  Final clean loss                   0.4787
  Macro F1                           87.89%
  Pooled FPR (all rounds)            10.00%
==============================================================

Files already downloaded and verified
Files already downloaded and verified
Files already downloaded and verified
Files already downloaded and verified
03:44:10  INFO      defenses.mkrum — MKrum selected 9 / 10 clients: [6, 9, 12, 41, 46, 50, 68, 74, 83]  |  rejected: [19]
03:44:16  INFO      experiment.runner — Round    1/240  |  acc:  13.65%  loss: 3.4536  |  FPR: 10.0%  |  mF1: 8.0%
03:44:53  INFO      defenses.mkrum — MKrum selected 9 / 10 clients: [4, 7, 8, 11, 27, 53, 55, 64, 70]  |  rejected: [30]
03:45:31  INFO      defenses.mkrum — MKrum selected 9 / 10 clients: [6, 7, 15, 50, 54, 72, 73, 74, 80]  |  rejected: [28]
03:46:11  INFO      defenses.mkrum — MKrum selected 9 / 10 clients: [5, 15, 17, 28, 37, 53, 69, 71, 73]  |  rejected: [18]
03:46:55  INFO      defenses.mkrum — MKrum selected 9 / 10 clients: [13, 23, 24, 39, 47, 71, 73, 74, 87]  |  rejected: [81]
03:47:33  INFO      defenses.mkrum — MKrum selected 9 / 10 clients: [7, 12, 26, 63, 70, 72, 79, 87, 91]  |  rejected: [8]
03:48:13  INFO      defenses.mkrum — MKrum selected 9 / 10 clients: [31, 38, 40, 46, 54, 59, 68, 74, 99]  |  rejected: [58]
03:48:49  INFO      defenses.mkrum — MKrum selected 9 / 10 clients: [10, 23, 31, 38, 63, 67, 73, 89, 99]  |  rejected: [43]
03:49:30  INFO      defenses.mkrum — MKrum selected 9 / 10 clients: [9, 15, 21, 36, 53, 57, 65, 77, 96]  |  rejected: [93]
03:50:05  INFO      defenses.mkrum — MKrum selected 9 / 10 clients: [5, 9, 19, 43, 53, 71, 73, 85, 97]  |  rejected: [62]
03:50:46  INFO      defenses.mkrum — MKrum selected 9 / 10 clients: [11, 40, 43, 44, 58, 63, 74, 76, 88]  |  rejected: [8]
03:50:54  INFO      experiment.runner — Round   11/240  |  acc:  56.00%  loss: 1.2937  |  FPR: 10.0%  |  mF1: 55.7%
03:51:26  INFO      defenses.mkrum — MKrum selected 9 / 10 clients: [8, 34, 39, 60, 73, 82, 85, 89, 93]  |  rejected: [7]
03:52:09  INFO      defenses.mkrum — MKrum selected 9 / 10 clients: [2, 36, 44, 45, 49, 57, 59, 85, 87]  |  rejected: [91]
03:52:52  INFO      defenses.mkrum — MKrum selected 9 / 10 clients: [7, 14, 16, 21, 36, 63, 78, 94, 98]  |  rejected: [27]
03:53:29  INFO      defenses.mkrum — MKrum selected 9 / 10 clients: [10, 17, 21, 31, 35, 50, 51, 57, 63]  |  rejected: [70]
03:54:11  INFO      defenses.mkrum — MKrum selected 9 / 10 clients: [19, 29, 35, 45, 48, 53, 70, 87, 90]  |  rejected: [55]
03:54:48  INFO      defenses.mkrum — MKrum selected 9 / 10 clients: [1, 10, 19, 22, 29, 33, 62, 75, 84]  |  rejected: [23]
03:55:27  INFO      defenses.mkrum — MKrum selected 9 / 10 clients: [0, 16, 18, 36, 40, 53, 68, 72, 78]  |  rejected: [47]
03:56:02  INFO      defenses.mkrum — MKrum selected 9 / 10 clients: [6, 58, 79, 83, 86, 87, 88, 94, 99]  |  rejected: [65]
03:56:42  INFO      defenses.mkrum — MKrum selected 9 / 10 clients: [7, 13, 24, 26, 50, 51, 61, 71, 81]  |  rejected: [8]
03:57:18  INFO      defenses.mkrum — MKrum selected 9 / 10 clients: [6, 13, 14, 19, 20, 43, 56, 72, 76]  |  rejected: [0]
03:57:24  INFO      experiment.runner — Round   21/240  |  acc:  66.17%  loss: 1.0478  |  FPR: 10.0%  |  mF1: 65.8%
03:58:03  INFO      defenses.mkrum — MKrum selected 9 / 10 clients: [3, 9, 19, 26, 46, 48, 68, 78, 81]  |  rejected: [12]
03:58:40  INFO      defenses.mkrum — MKrum selected 9 / 10 clients: [14, 15, 32, 44, 46, 59, 60, 61, 62]  |  rejected: [77]
03:59:23  INFO      defenses.mkrum — MKrum selected 9 / 10 clients: [10, 13, 18, 33, 43, 61, 88, 94, 95]  |  rejected: [39]
04:00:00  INFO      defenses.mkrum — MKrum selected 9 / 10 clients: [2, 3, 18, 20, 26, 46, 67, 69, 88]  |  rejected: [66]
04:00:40  INFO      defenses.mkrum — MKrum selected 9 / 10 clients: [11, 33, 38, 46, 66, 67, 82, 89, 97]  |  rejected: [21]
04:01:19  INFO      defenses.mkrum — MKrum selected 9 / 10 clients: [28, 42, 45, 64, 68, 69, 78, 81, 98]  |  rejected: [99]
04:01:56  INFO      defenses.mkrum — MKrum selected 9 / 10 clients: [24, 29, 30, 45, 51, 63, 66, 94, 97]  |  rejected: [25]
04:02:36  INFO      defenses.mkrum — MKrum selected 9 / 10 clients: [3, 24, 33, 35, 44, 57, 60, 77, 88]  |  rejected: [93]
04:03:13  INFO      defenses.mkrum — MKrum selected 9 / 10 clients: [10, 13, 28, 29, 43, 44, 46, 60, 92]  |  rejected: [25]
04:03:53  INFO      defenses.mkrum — MKrum selected 9 / 10 clients: [0, 10, 26, 44, 61, 78, 79, 82, 83]  |  rejected: [84]
04:03:59  INFO      experiment.runner — Round   31/240  |  acc:  70.94%  loss: 0.9332  |  FPR: 10.0%  |  mF1: 70.8%
04:04:35  INFO      defenses.mkrum — MKrum selected 9 / 10 clients: [15, 25, 42, 49, 55, 61, 81, 91, 96]  |  rejected: [22]
04:05:15  INFO      defenses.mkrum — MKrum selected 9 / 10 clients: [10, 11, 16, 20, 21, 50, 51, 59, 95]  |  rejected: [92]
04:05:51  INFO      defenses.mkrum — MKrum selected 9 / 10 clients: [3, 18, 59, 60, 75, 76, 78, 83, 84]  |  rejected: [19]
04:06:31  INFO      defenses.mkrum — MKrum selected 9 / 10 clients: [2, 13, 16, 19, 44, 67, 70, 83, 92]  |  rejected: [1]
04:07:10  INFO      defenses.mkrum — MKrum selected 9 / 10 clients: [3, 17, 27, 30, 32, 37, 55, 64, 95]  |  rejected: [24]
04:07:46  INFO      defenses.mkrum — MKrum selected 9 / 10 clients: [7, 16, 33, 45, 53, 69, 75, 94, 97]  |  rejected: [41]
04:08:28  INFO      defenses.mkrum — MKrum selected 9 / 10 clients: [16, 19, 53, 58, 64, 66, 67, 68, 74]  |  rejected: [84]
04:09:06  INFO      defenses.mkrum — MKrum selected 9 / 10 clients: [0, 2, 18, 19, 22, 56, 65, 77, 99]  |  rejected: [23]
04:09:48  INFO      defenses.mkrum — MKrum selected 9 / 10 clients: [7, 15, 41, 60, 66, 67, 79, 87, 92]  |  rejected: [71]
04:10:25  INFO      defenses.mkrum — MKrum selected 9 / 10 clients: [5, 7, 13, 24, 31, 35, 61, 71, 99]  |  rejected: [98]
04:10:31  INFO      experiment.runner — Round   41/240  |  acc:  74.12%  loss: 0.8455  |  FPR: 10.0%  |  mF1: 74.1%
04:11:10  INFO      defenses.mkrum — MKrum selected 9 / 10 clients: [3, 8, 41, 56, 57, 64, 71, 78, 97]  |  rejected: [12]
04:11:46  INFO      defenses.mkrum — MKrum selected 9 / 10 clients: [31, 35, 57, 61, 64, 65, 68, 77, 88]  |  rejected: [25]
04:12:26  INFO      defenses.mkrum — MKrum selected 9 / 10 clients: [15, 17, 33, 50, 53, 57, 66, 71, 89]  |  rejected: [25]
04:13:06  INFO      defenses.mkrum — MKrum selected 9 / 10 clients: [15, 27, 30, 38, 40, 54, 56, 85, 99]  |  rejected: [9]
04:13:42  INFO      defenses.mkrum — MKrum selected 9 / 10 clients: [17, 18, 19, 28, 32, 46, 59, 82, 84]  |  rejected: [91]
04:14:22  INFO      defenses.mkrum — MKrum selected 9 / 10 clients: [20, 28, 50, 55, 62, 65, 85, 90, 95]  |  rejected: [12]
04:15:00  INFO      defenses.mkrum — MKrum selected 9 / 10 clients: [2, 11, 40, 43, 45, 46, 51, 53, 92]  |  rejected: [25]
04:15:40  INFO      defenses.mkrum — MKrum selected 9 / 10 clients: [2, 42, 43, 49, 56, 58, 66, 70, 90]  |  rejected: [79]
04:16:17  INFO      defenses.mkrum — MKrum selected 9 / 10 clients: [5, 10, 13, 14, 29, 33, 34, 37, 65]  |  rejected: [8]
04:16:56  INFO      defenses.mkrum — MKrum selected 9 / 10 clients: [16, 19, 33, 34, 51, 54, 86, 96, 99]  |  rejected: [23]
04:17:03  INFO      experiment.runner — Round   51/240  |  acc:  76.18%  loss: 0.7798  |  FPR: 10.0%  |  mF1: 76.1%
04:17:36  INFO      defenses.mkrum — MKrum selected 9 / 10 clients: [7, 11, 35, 41, 63, 65, 68, 88, 89]  |  rejected: [73]
04:18:17  INFO      defenses.mkrum — MKrum selected 9 / 10 clients: [2, 10, 11, 23, 33, 34, 54, 77, 81]  |  rejected: [9]
04:18:54  INFO      defenses.mkrum — MKrum selected 9 / 10 clients: [8, 15, 28, 33, 34, 43, 53, 58, 70]  |  rejected: [1]
04:19:35  INFO      defenses.mkrum — MKrum selected 9 / 10 clients: [5, 14, 16, 20, 30, 33, 67, 79, 90]  |  rejected: [6]
04:20:18  INFO      defenses.mkrum — MKrum selected 9 / 10 clients: [23, 25, 26, 37, 57, 64, 67, 80, 97]  |  rejected: [39]
04:21:00  INFO      defenses.mkrum — MKrum selected 9 / 10 clients: [2, 4, 22, 32, 34, 44, 64, 86, 93]  |  rejected: [1]
04:21:42  INFO      defenses.mkrum — MKrum selected 9 / 10 clients: [13, 24, 31, 55, 57, 60, 65, 70, 83]  |  rejected: [84]
04:22:18  INFO      defenses.mkrum — MKrum selected 9 / 10 clients: [27, 29, 43, 50, 63, 64, 69, 84, 88]  |  rejected: [39]
04:22:59  INFO      defenses.mkrum — MKrum selected 9 / 10 clients: [6, 16, 17, 25, 44, 51, 81, 90, 93]  |  rejected: [1]
04:23:43  INFO      defenses.mkrum — MKrum selected 9 / 10 clients: [7, 10, 20, 32, 48, 55, 80, 85, 94]  |  rejected: [9]
04:23:48  INFO      experiment.runner — Round   61/240  |  acc:  78.36%  loss: 0.7290  |  FPR: 10.0%  |  mF1: 78.3%
04:24:26  INFO      defenses.mkrum — MKrum selected 9 / 10 clients: [5, 23, 31, 37, 58, 64, 76, 85, 88]  |  rejected: [36]
04:25:02  INFO      defenses.mkrum — MKrum selected 9 / 10 clients: [20, 31, 33, 34, 41, 42, 46, 57, 70]  |  rejected: [0]
04:25:48  INFO      defenses.mkrum — MKrum selected 9 / 10 clients: [0, 4, 10, 23, 27, 42, 45, 48, 60]  |  rejected: [39]
04:26:28  INFO      defenses.mkrum — MKrum selected 9 / 10 clients: [0, 11, 25, 31, 33, 35, 64, 83, 99]  |  rejected: [18]
04:27:07  INFO      defenses.mkrum — MKrum selected 9 / 10 clients: [2, 5, 10, 29, 38, 50, 51, 75, 80]  |  rejected: [74]
04:27:49  INFO      defenses.mkrum — MKrum selected 9 / 10 clients: [19, 41, 49, 67, 76, 84, 92, 96, 97]  |  rejected: [91]
04:28:25  INFO      defenses.mkrum — MKrum selected 9 / 10 clients: [5, 18, 19, 36, 63, 65, 79, 82, 92]  |  rejected: [91]
04:29:06  INFO      defenses.mkrum — MKrum selected 9 / 10 clients: [2, 17, 54, 64, 67, 80, 89, 93, 96]  |  rejected: [72]
04:29:42  INFO      defenses.mkrum — MKrum selected 9 / 10 clients: [3, 5, 10, 17, 29, 82, 87, 88, 91]  |  rejected: [74]
04:30:23  INFO      defenses.mkrum — MKrum selected 9 / 10 clients: [2, 6, 13, 46, 57, 68, 71, 80, 81]  |  rejected: [48]
04:30:29  INFO      experiment.runner — Round   71/240  |  acc:  79.92%  loss: 0.6825  |  FPR: 10.0%  |  mF1: 79.9%
04:31:02  INFO      defenses.mkrum — MKrum selected 9 / 10 clients: [0, 31, 33, 58, 62, 64, 68, 87, 95]  |  rejected: [8]
04:31:48  INFO      defenses.mkrum — MKrum selected 9 / 10 clients: [8, 11, 32, 33, 60, 67, 84, 94, 95]  |  rejected: [9]
04:32:28  INFO      defenses.mkrum — MKrum selected 9 / 10 clients: [26, 29, 30, 58, 63, 83, 93, 94, 96]  |  rejected: [48]
04:33:10  INFO      defenses.mkrum — MKrum selected 9 / 10 clients: [5, 25, 36, 61, 78, 80, 82, 87, 98]  |  rejected: [9]
04:33:46  INFO      defenses.mkrum — MKrum selected 9 / 10 clients: [18, 32, 38, 42, 76, 79, 83, 88, 95]  |  rejected: [9]
04:34:27  INFO      defenses.mkrum — MKrum selected 9 / 10 clients: [7, 12, 17, 34, 61, 62, 72, 86, 88]  |  rejected: [1]
04:35:13  INFO      defenses.mkrum — MKrum selected 9 / 10 clients: [15, 27, 36, 37, 62, 66, 86, 90, 98]  |  rejected: [59]
04:35:51  INFO      defenses.mkrum — MKrum selected 9 / 10 clients: [2, 10, 25, 37, 39, 58, 60, 64, 70]  |  rejected: [9]
04:36:31  INFO      defenses.mkrum — MKrum selected 9 / 10 clients: [11, 18, 26, 34, 49, 57, 67, 74, 95]  |  rejected: [9]
04:37:10  INFO      defenses.mkrum — MKrum selected 9 / 10 clients: [14, 16, 29, 33, 35, 46, 65, 80, 90]  |  rejected: [77]
04:37:16  INFO      experiment.runner — Round   81/240  |  acc:  81.00%  loss: 0.6681  |  FPR: 10.0%  |  mF1: 80.7%
04:37:52  INFO      defenses.mkrum — MKrum selected 9 / 10 clients: [3, 20, 38, 50, 51, 57, 62, 63, 87]  |  rejected: [0]
04:38:29  INFO      defenses.mkrum — MKrum selected 9 / 10 clients: [0, 15, 18, 40, 41, 42, 44, 53, 93]  |  rejected: [48]
04:39:08  INFO      defenses.mkrum — MKrum selected 9 / 10 clients: [15, 25, 32, 37, 43, 50, 91, 94, 96]  |  rejected: [1]
04:39:45  INFO      defenses.mkrum — MKrum selected 9 / 10 clients: [9, 35, 46, 47, 49, 50, 54, 75, 96]  |  rejected: [8]
04:40:27  INFO      defenses.mkrum — MKrum selected 9 / 10 clients: [6, 13, 19, 31, 34, 35, 36, 55, 81]  |  rejected: [84]
04:41:05  INFO      defenses.mkrum — MKrum selected 9 / 10 clients: [3, 40, 47, 51, 54, 65, 80, 97, 98]  |  rejected: [24]
04:41:43  INFO      defenses.mkrum — MKrum selected 9 / 10 clients: [6, 10, 26, 57, 70, 78, 92, 93, 96]  |  rejected: [52]
04:42:26  INFO      defenses.mkrum — MKrum selected 9 / 10 clients: [6, 16, 17, 36, 53, 60, 62, 70, 82]  |  rejected: [21]
04:43:01  INFO      defenses.mkrum — MKrum selected 9 / 10 clients: [30, 32, 33, 36, 38, 51, 61, 83, 94]  |  rejected: [43]
04:43:42  INFO      defenses.mkrum — MKrum selected 9 / 10 clients: [9, 15, 20, 26, 50, 64, 71, 82, 85]  |  rejected: [21]
04:43:48  INFO      experiment.runner — Round   91/240  |  acc:  81.84%  loss: 0.6311  |  FPR: 10.0%  |  mF1: 81.8%
04:44:22  INFO      defenses.mkrum — MKrum selected 9 / 10 clients: [17, 24, 31, 42, 54, 57, 63, 70, 97]  |  rejected: [28]
04:45:02  INFO      defenses.mkrum — MKrum selected 9 / 10 clients: [11, 25, 30, 33, 40, 43, 47, 71, 72]  |  rejected: [22]
04:45:39  INFO      defenses.mkrum — MKrum selected 9 / 10 clients: [2, 26, 34, 43, 48, 49, 67, 95, 96]  |  rejected: [52]
04:46:20  INFO      defenses.mkrum — MKrum selected 9 / 10 clients: [7, 16, 35, 46, 63, 64, 67, 80, 87]  |  rejected: [73]
04:46:57  INFO      defenses.mkrum — MKrum selected 9 / 10 clients: [11, 27, 31, 34, 49, 51, 55, 57, 82]  |  rejected: [39]
04:47:40  INFO      defenses.mkrum — MKrum selected 9 / 10 clients: [2, 4, 16, 54, 60, 62, 75, 90, 97]  |  rejected: [0]
04:48:19  INFO      defenses.mkrum — MKrum selected 9 / 10 clients: [9, 13, 19, 31, 50, 57, 59, 66, 67]  |  rejected: [28]
04:48:55  INFO      defenses.mkrum — MKrum selected 9 / 10 clients: [10, 13, 58, 70, 82, 87, 92, 97, 99]  |  rejected: [89]
04:49:37  INFO      defenses.mkrum — MKrum selected 9 / 10 clients: [0, 4, 5, 16, 29, 38, 72, 80, 82]  |  rejected: [91]
04:50:13  INFO      defenses.mkrum — MKrum selected 9 / 10 clients: [9, 14, 32, 38, 55, 67, 81, 89, 97]  |  rejected: [12]
04:50:20  INFO      experiment.runner — Round  101/240  |  acc:  82.88%  loss: 0.6085  |  FPR: 10.0%  |  mF1: 82.9%
04:50:57  INFO      defenses.mkrum — MKrum selected 9 / 10 clients: [0, 24, 28, 33, 49, 67, 68, 74, 76]  |  rejected: [1]
04:51:34  INFO      defenses.mkrum — MKrum selected 9 / 10 clients: [30, 31, 35, 38, 58, 60, 67, 70, 82]  |  rejected: [40]
04:52:15  INFO      defenses.mkrum — MKrum selected 9 / 10 clients: [2, 3, 7, 24, 31, 52, 63, 83, 90]  |  rejected: [39]
04:52:52  INFO      defenses.mkrum — MKrum selected 9 / 10 clients: [10, 29, 32, 47, 53, 54, 63, 82, 85]  |  rejected: [86]
04:53:39  INFO      defenses.mkrum — MKrum selected 9 / 10 clients: [0, 4, 25, 43, 46, 50, 53, 87, 89]  |  rejected: [91]
04:54:18  INFO      defenses.mkrum — MKrum selected 9 / 10 clients: [8, 24, 25, 26, 37, 63, 64, 94, 98]  |  rejected: [39]
04:55:30  INFO      defenses.mkrum — MKrum selected 9 / 10 clients: [13, 28, 29, 33, 37, 59, 63, 78, 97]  |  rejected: [79]
04:56:09  INFO      defenses.mkrum — MKrum selected 9 / 10 clients: [6, 7, 18, 28, 50, 53, 62, 76, 85]  |  rejected: [23]
04:56:47  INFO      defenses.mkrum — MKrum selected 9 / 10 clients: [3, 6, 7, 18, 27, 50, 53, 76, 90]  |  rejected: [23]
04:57:29  INFO      defenses.mkrum — MKrum selected 9 / 10 clients: [10, 14, 23, 24, 40, 42, 57, 91, 93]  |  rejected: [21]
04:57:36  INFO      experiment.runner — Round  111/240  |  acc:  83.14%  loss: 0.5925  |  FPR: 10.0%  |  mF1: 83.2%
04:58:23  INFO      defenses.mkrum — MKrum selected 9 / 10 clients: [4, 47, 48, 59, 67, 83, 85, 92, 95]  |  rejected: [39]
04:59:09  INFO      defenses.mkrum — MKrum selected 9 / 10 clients: [0, 10, 13, 15, 35, 42, 44, 53, 56]  |  rejected: [21]
04:59:46  INFO      defenses.mkrum — MKrum selected 9 / 10 clients: [6, 11, 26, 45, 48, 55, 71, 97, 98]  |  rejected: [39]
05:00:25  INFO      defenses.mkrum — MKrum selected 9 / 10 clients: [24, 25, 46, 47, 57, 60, 69, 90, 94]  |  rejected: [41]
05:01:02  INFO      defenses.mkrum — MKrum selected 9 / 10 clients: [3, 4, 5, 31, 48, 51, 60, 80, 98]  |  rejected: [52]
05:01:43  INFO      defenses.mkrum — MKrum selected 9 / 10 clients: [7, 24, 32, 34, 43, 46, 59, 77, 95]  |  rejected: [8]
05:02:20  INFO      defenses.mkrum — MKrum selected 9 / 10 clients: [5, 33, 35, 38, 40, 42, 78, 91, 95]  |  rejected: [88]
05:03:00  INFO      defenses.mkrum — MKrum selected 9 / 10 clients: [0, 3, 13, 29, 60, 76, 81, 92, 96]  |  rejected: [8]
05:03:44  INFO      defenses.mkrum — MKrum selected 9 / 10 clients: [16, 23, 32, 49, 55, 59, 63, 91, 99]  |  rejected: [1]
05:05:00  INFO      defenses.mkrum — MKrum selected 9 / 10 clients: [19, 30, 38, 40, 58, 77, 88, 94, 98]  |  rejected: [41]
05:05:14  INFO      experiment.runner — Round  121/240  |  acc:  84.30%  loss: 0.5728  |  FPR: 10.0%  |  mF1: 84.2%
05:05:47  INFO      defenses.mkrum — MKrum selected 9 / 10 clients: [10, 20, 25, 31, 46, 50, 65, 76, 96]  |  rejected: [52]
05:06:28  INFO      defenses.mkrum — MKrum selected 9 / 10 clients: [4, 13, 20, 41, 54, 61, 69, 70, 83]  |  rejected: [8]
05:07:08  INFO      defenses.mkrum — MKrum selected 9 / 10 clients: [9, 10, 26, 33, 53, 57, 63, 79, 90]  |  rejected: [12]
05:07:45  INFO      defenses.mkrum — MKrum selected 9 / 10 clients: [17, 29, 30, 53, 58, 68, 79, 86, 95]  |  rejected: [22]
05:08:26  INFO      defenses.mkrum — MKrum selected 9 / 10 clients: [15, 32, 34, 35, 37, 47, 85, 97, 99]  |  rejected: [72]
05:09:03  INFO      defenses.mkrum — MKrum selected 9 / 10 clients: [19, 23, 25, 30, 31, 33, 56, 74, 94]  |  rejected: [36]
05:09:43  INFO      defenses.mkrum — MKrum selected 9 / 10 clients: [24, 29, 31, 32, 41, 50, 64, 67, 83]  |  rejected: [8]
05:10:24  INFO      defenses.mkrum — MKrum selected 9 / 10 clients: [0, 4, 13, 29, 47, 57, 59, 60, 83]  |  rejected: [12]
05:11:06  INFO      defenses.mkrum — MKrum selected 9 / 10 clients: [5, 6, 15, 24, 29, 37, 47, 74, 76]  |  rejected: [9]
05:11:43  INFO      defenses.mkrum — MKrum selected 9 / 10 clients: [0, 13, 33, 57, 65, 77, 81, 85, 99]  |  rejected: [22]
05:11:49  INFO      experiment.runner — Round  131/240  |  acc:  84.39%  loss: 0.5871  |  FPR: 10.0%  |  mF1: 84.3%
05:12:27  INFO      defenses.mkrum — MKrum selected 9 / 10 clients: [4, 5, 18, 27, 43, 47, 76, 79, 90]  |  rejected: [44]
05:13:03  INFO      defenses.mkrum — MKrum selected 9 / 10 clients: [4, 26, 32, 41, 52, 76, 83, 86, 93]  |  rejected: [1]
05:13:45  INFO      defenses.mkrum — MKrum selected 9 / 10 clients: [4, 9, 23, 26, 47, 61, 63, 70, 79]  |  rejected: [39]
05:14:24  INFO      defenses.mkrum — MKrum selected 9 / 10 clients: [8, 11, 19, 50, 52, 68, 70, 81, 84]  |  rejected: [12]
05:15:02  INFO      defenses.mkrum — MKrum selected 9 / 10 clients: [20, 34, 36, 50, 52, 53, 83, 85, 89]  |  rejected: [39]
05:15:49  INFO      defenses.mkrum — MKrum selected 9 / 10 clients: [2, 6, 45, 46, 53, 72, 82, 95, 98]  |  rejected: [39]
05:16:28  INFO      defenses.mkrum — MKrum selected 9 / 10 clients: [0, 20, 25, 26, 50, 51, 54, 55, 93]  |  rejected: [14]
05:17:12  INFO      defenses.mkrum — MKrum selected 9 / 10 clients: [6, 11, 16, 20, 46, 51, 58, 73, 98]  |  rejected: [1]
05:17:49  INFO      defenses.mkrum — MKrum selected 9 / 10 clients: [11, 18, 47, 50, 64, 70, 79, 82, 94]  |  rejected: [73]
05:18:31  INFO      defenses.mkrum — MKrum selected 9 / 10 clients: [8, 13, 18, 20, 36, 44, 49, 62, 66]  |  rejected: [21]
05:18:37  INFO      experiment.runner — Round  141/240  |  acc:  84.28%  loss: 0.5898  |  FPR: 10.0%  |  mF1: 84.1%
05:19:13  INFO      defenses.mkrum — MKrum selected 9 / 10 clients: [5, 6, 16, 25, 38, 40, 61, 81, 96]  |  rejected: [77]
05:19:53  INFO      defenses.mkrum — MKrum selected 9 / 10 clients: [11, 20, 49, 51, 78, 79, 81, 88, 91]  |  rejected: [28]
05:20:31  INFO      defenses.mkrum — MKrum selected 9 / 10 clients: [5, 20, 25, 27, 49, 51, 60, 66, 72]  |  rejected: [23]
05:21:14  INFO      defenses.mkrum — MKrum selected 9 / 10 clients: [5, 15, 19, 24, 31, 45, 86, 92, 96]  |  rejected: [71]
05:21:51  INFO      defenses.mkrum — MKrum selected 9 / 10 clients: [4, 15, 41, 49, 58, 70, 76, 80, 85]  |  rejected: [99]
05:22:32  INFO      defenses.mkrum — MKrum selected 9 / 10 clients: [31, 47, 49, 53, 54, 57, 74, 83, 84]  |  rejected: [39]
05:23:12  INFO      defenses.mkrum — MKrum selected 9 / 10 clients: [0, 2, 30, 56, 57, 59, 62, 64, 79]  |  rejected: [22]
05:23:49  INFO      defenses.mkrum — MKrum selected 9 / 10 clients: [8, 13, 16, 51, 58, 60, 79, 97, 99]  |  rejected: [22]
05:24:29  INFO      defenses.mkrum — MKrum selected 9 / 10 clients: [5, 11, 45, 46, 55, 56, 64, 81, 84]  |  rejected: [65]
05:25:06  INFO      defenses.mkrum — MKrum selected 9 / 10 clients: [6, 10, 16, 40, 64, 65, 93, 96, 99]  |  rejected: [92]
05:25:12  INFO      experiment.runner — Round  151/240  |  acc:  84.46%  loss: 0.5563  |  FPR: 10.0%  |  mF1: 84.5%
05:25:50  INFO      defenses.mkrum — MKrum selected 9 / 10 clients: [3, 8, 17, 24, 48, 78, 83, 88, 93]  |  rejected: [14]
05:26:28  INFO      defenses.mkrum — MKrum selected 9 / 10 clients: [8, 16, 28, 36, 44, 62, 78, 87, 92]  |  rejected: [21]
05:27:08  INFO      defenses.mkrum — MKrum selected 9 / 10 clients: [20, 32, 35, 41, 58, 61, 64, 78, 96]  |  rejected: [18]
05:27:47  INFO      defenses.mkrum — MKrum selected 9 / 10 clients: [4, 25, 26, 30, 33, 40, 47, 64, 78]  |  rejected: [75]
05:28:28  INFO      defenses.mkrum — MKrum selected 9 / 10 clients: [20, 23, 33, 35, 41, 48, 51, 81, 86]  |  rejected: [21]
05:29:04  INFO      defenses.mkrum — MKrum selected 9 / 10 clients: [6, 14, 46, 57, 66, 67, 74, 81, 98]  |  rejected: [71]
05:29:47  INFO      defenses.mkrum — MKrum selected 9 / 10 clients: [13, 32, 33, 47, 48, 50, 80, 88, 94]  |  rejected: [68]
05:30:25  INFO      defenses.mkrum — MKrum selected 9 / 10 clients: [10, 18, 29, 42, 46, 47, 56, 73, 97]  |  rejected: [22]
05:31:00  INFO      defenses.mkrum — MKrum selected 9 / 10 clients: [6, 32, 37, 66, 74, 78, 81, 84, 95]  |  rejected: [39]
05:31:41  INFO      defenses.mkrum — MKrum selected 9 / 10 clients: [0, 4, 19, 37, 40, 78, 80, 93, 95]  |  rejected: [28]
05:31:47  INFO      experiment.runner — Round  161/240  |  acc:  85.10%  loss: 0.5471  |  FPR: 10.0%  |  mF1: 85.1%
05:32:20  INFO      defenses.mkrum — MKrum selected 9 / 10 clients: [6, 16, 29, 46, 53, 55, 65, 78, 83]  |  rejected: [62]
05:33:04  INFO      defenses.mkrum — MKrum selected 9 / 10 clients: [0, 2, 5, 6, 13, 38, 45, 66, 68]  |  rejected: [72]
05:33:40  INFO      defenses.mkrum — MKrum selected 9 / 10 clients: [17, 26, 28, 38, 46, 52, 60, 74, 79]  |  rejected: [75]
05:34:19  INFO      defenses.mkrum — MKrum selected 9 / 10 clients: [8, 12, 17, 19, 20, 31, 57, 81, 90]  |  rejected: [1]
05:34:56  INFO      defenses.mkrum — MKrum selected 9 / 10 clients: [7, 18, 33, 34, 44, 51, 71, 82, 85]  |  rejected: [1]
05:35:36  INFO      defenses.mkrum — MKrum selected 9 / 10 clients: [31, 56, 63, 66, 74, 76, 77, 82, 93]  |  rejected: [21]
05:36:15  INFO      defenses.mkrum — MKrum selected 9 / 10 clients: [0, 3, 5, 7, 20, 23, 30, 51, 68]  |  rejected: [99]
05:36:55  INFO      defenses.mkrum — MKrum selected 9 / 10 clients: [13, 18, 25, 52, 66, 70, 77, 78, 84]  |  rejected: [1]
05:37:35  INFO      defenses.mkrum — MKrum selected 9 / 10 clients: [8, 38, 39, 53, 64, 65, 78, 80, 82]  |  rejected: [22]
05:38:14  INFO      defenses.mkrum — MKrum selected 9 / 10 clients: [0, 6, 48, 59, 61, 68, 91, 92, 95]  |  rejected: [55]
05:38:20  INFO      experiment.runner — Round  171/240  |  acc:  85.57%  loss: 0.5341  |  FPR: 10.0%  |  mF1: 85.5%
05:38:58  INFO      defenses.mkrum — MKrum selected 9 / 10 clients: [10, 13, 28, 29, 33, 57, 82, 83, 94]  |  rejected: [22]
05:39:35  INFO      defenses.mkrum — MKrum selected 9 / 10 clients: [4, 6, 33, 34, 42, 81, 88, 91, 95]  |  rejected: [15]
05:40:15  INFO      defenses.mkrum — MKrum selected 9 / 10 clients: [10, 33, 37, 55, 66, 70, 82, 86, 87]  |  rejected: [27]
05:40:52  INFO      defenses.mkrum — MKrum selected 9 / 10 clients: [20, 21, 24, 25, 30, 33, 41, 64, 95]  |  rejected: [1]
05:41:34  INFO      defenses.mkrum — MKrum selected 9 / 10 clients: [30, 42, 49, 60, 68, 76, 80, 85, 88]  |  rejected: [48]
05:42:15  INFO      defenses.mkrum — MKrum selected 9 / 10 clients: [0, 3, 29, 55, 60, 67, 73, 89, 92]  |  rejected: [39]
05:42:55  INFO      defenses.mkrum — MKrum selected 9 / 10 clients: [3, 4, 18, 21, 27, 50, 72, 74, 79]  |  rejected: [9]
05:43:37  INFO      defenses.mkrum — MKrum selected 9 / 10 clients: [3, 5, 13, 17, 18, 20, 44, 79, 89]  |  rejected: [14]
05:44:14  INFO      defenses.mkrum — MKrum selected 9 / 10 clients: [5, 8, 46, 81, 82, 88, 89, 94, 97]  |  rejected: [75]
05:44:55  INFO      defenses.mkrum — MKrum selected 9 / 10 clients: [8, 13, 25, 26, 31, 49, 68, 85, 91]  |  rejected: [96]
05:45:01  INFO      experiment.runner — Round  181/240  |  acc:  86.08%  loss: 0.5245  |  FPR: 10.0%  |  mF1: 86.1%
05:45:35  INFO      defenses.mkrum — MKrum selected 9 / 10 clients: [4, 11, 12, 26, 36, 61, 80, 81, 96]  |  rejected: [14]
05:46:16  INFO      defenses.mkrum — MKrum selected 9 / 10 clients: [12, 16, 26, 33, 37, 40, 54, 82, 96]  |  rejected: [43]
05:46:53  INFO      defenses.mkrum — MKrum selected 9 / 10 clients: [2, 6, 32, 41, 44, 47, 91, 97, 98]  |  rejected: [36]
05:47:33  INFO      defenses.mkrum — MKrum selected 9 / 10 clients: [3, 36, 55, 60, 64, 66, 77, 79, 95]  |  rejected: [52]
05:48:09  INFO      defenses.mkrum — MKrum selected 9 / 10 clients: [6, 12, 44, 60, 68, 72, 90, 91, 98]  |  rejected: [27]
05:48:56  INFO      defenses.mkrum — MKrum selected 9 / 10 clients: [0, 11, 21, 25, 36, 55, 67, 96, 97]  |  rejected: [73]
05:49:33  INFO      defenses.mkrum — MKrum selected 9 / 10 clients: [0, 6, 12, 23, 44, 62, 63, 65, 88]  |  rejected: [75]
05:50:10  INFO      defenses.mkrum — MKrum selected 9 / 10 clients: [14, 20, 21, 27, 29, 33, 36, 63, 89]  |  rejected: [73]
05:50:52  INFO      defenses.mkrum — MKrum selected 9 / 10 clients: [10, 13, 41, 45, 62, 80, 81, 89, 98]  |  rejected: [71]
05:51:28  INFO      defenses.mkrum — MKrum selected 9 / 10 clients: [3, 11, 26, 47, 50, 51, 54, 82, 95]  |  rejected: [12]
05:51:34  INFO      experiment.runner — Round  191/240  |  acc:  86.27%  loss: 0.5346  |  FPR: 10.0%  |  mF1: 86.2%
05:52:11  INFO      defenses.mkrum — MKrum selected 9 / 10 clients: [21, 29, 33, 38, 48, 54, 58, 64, 80]  |  rejected: [69]
05:52:47  INFO      defenses.mkrum — MKrum selected 9 / 10 clients: [4, 16, 44, 68, 74, 76, 82, 88, 96]  |  rejected: [77]
05:53:27  INFO      defenses.mkrum — MKrum selected 9 / 10 clients: [19, 21, 41, 56, 57, 59, 66, 70, 94]  |  rejected: [84]
05:54:03  INFO      defenses.mkrum — MKrum selected 9 / 10 clients: [16, 29, 32, 59, 74, 82, 88, 89, 98]  |  rejected: [42]
05:54:47  INFO      defenses.mkrum — MKrum selected 9 / 10 clients: [19, 24, 30, 34, 38, 64, 79, 90, 96]  |  rejected: [92]
05:55:26  INFO      defenses.mkrum — MKrum selected 9 / 10 clients: [19, 20, 24, 30, 31, 41, 44, 66, 92]  |  rejected: [77]
05:56:02  INFO      defenses.mkrum — MKrum selected 9 / 10 clients: [13, 18, 19, 21, 25, 33, 38, 49, 93]  |  rejected: [84]
05:56:43  INFO      defenses.mkrum — MKrum selected 9 / 10 clients: [13, 25, 26, 38, 49, 55, 59, 81, 93]  |  rejected: [35]
05:57:19  INFO      defenses.mkrum — MKrum selected 9 / 10 clients: [4, 28, 37, 51, 55, 59, 64, 80, 88]  |  rejected: [1]
05:57:59  INFO      defenses.mkrum — MKrum selected 9 / 10 clients: [0, 2, 18, 31, 32, 51, 55, 89, 94]  |  rejected: [77]
05:58:05  INFO      experiment.runner — Round  201/240  |  acc:  86.45%  loss: 0.5226  |  FPR: 10.0%  |  mF1: 86.5%
05:58:38  INFO      defenses.mkrum — MKrum selected 9 / 10 clients: [29, 53, 75, 82, 83, 85, 92, 95, 99]  |  rejected: [73]
05:59:19  INFO      defenses.mkrum — MKrum selected 9 / 10 clients: [15, 23, 29, 40, 55, 58, 74, 82, 89]  |  rejected: [86]
05:59:57  INFO      defenses.mkrum — MKrum selected 9 / 10 clients: [20, 31, 32, 33, 51, 53, 80, 89, 91]  |  rejected: [12]
06:00:39  INFO      defenses.mkrum — MKrum selected 9 / 10 clients: [2, 23, 54, 58, 61, 66, 79, 84, 86]  |  rejected: [52]
06:01:16  INFO      defenses.mkrum — MKrum selected 9 / 10 clients: [4, 13, 32, 41, 49, 62, 69, 83, 99]  |  rejected: [1]
06:01:56  INFO      defenses.mkrum — MKrum selected 9 / 10 clients: [12, 20, 25, 27, 44, 58, 66, 69, 91]  |  rejected: [73]
06:02:37  INFO      defenses.mkrum — MKrum selected 9 / 10 clients: [2, 26, 43, 47, 60, 65, 66, 81, 91]  |  rejected: [52]
06:03:17  INFO      defenses.mkrum — MKrum selected 9 / 10 clients: [15, 23, 26, 50, 58, 65, 93, 94, 97]  |  rejected: [87]
06:03:58  INFO      defenses.mkrum — MKrum selected 9 / 10 clients: [7, 9, 32, 35, 45, 48, 51, 78, 81]  |  rejected: [1]
06:04:35  INFO      defenses.mkrum — MKrum selected 9 / 10 clients: [13, 33, 38, 45, 53, 74, 80, 86, 89]  |  rejected: [28]
06:04:42  INFO      experiment.runner — Round  211/240  |  acc:  86.60%  loss: 0.5176  |  FPR: 10.0%  |  mF1: 86.5%
06:05:23  INFO      defenses.mkrum — MKrum selected 9 / 10 clients: [16, 27, 28, 50, 51, 59, 67, 94, 99]  |  rejected: [21]
06:06:00  INFO      defenses.mkrum — MKrum selected 9 / 10 clients: [18, 24, 28, 45, 60, 71, 81, 82, 92]  |  rejected: [8]
06:06:40  INFO      defenses.mkrum — MKrum selected 9 / 10 clients: [16, 37, 59, 70, 81, 83, 85, 97, 99]  |  rejected: [52]
06:07:17  INFO      defenses.mkrum — MKrum selected 9 / 10 clients: [29, 32, 34, 45, 48, 54, 60, 86, 87]  |  rejected: [90]
06:07:57  INFO      defenses.mkrum — MKrum selected 9 / 10 clients: [23, 31, 35, 38, 41, 45, 61, 83, 92]  |  rejected: [0]
06:08:37  INFO      defenses.mkrum — MKrum selected 9 / 10 clients: [10, 19, 38, 46, 54, 61, 62, 79, 81]  |  rejected: [84]
06:09:13  INFO      defenses.mkrum — MKrum selected 9 / 10 clients: [7, 10, 17, 41, 44, 49, 67, 74, 81]  |  rejected: [72]
06:09:54  INFO      defenses.mkrum — MKrum selected 9 / 10 clients: [9, 12, 26, 32, 37, 74, 77, 83, 84]  |  rejected: [1]
06:10:33  INFO      defenses.mkrum — MKrum selected 9 / 10 clients: [18, 19, 23, 26, 29, 44, 51, 57, 99]  |  rejected: [68]
06:11:15  INFO      defenses.mkrum — MKrum selected 9 / 10 clients: [11, 21, 25, 38, 70, 78, 81, 85, 88]  |  rejected: [77]
06:11:21  INFO      experiment.runner — Round  221/240  |  acc:  87.10%  loss: 0.5205  |  FPR: 10.0%  |  mF1: 87.0%
06:11:55  INFO      defenses.mkrum — MKrum selected 9 / 10 clients: [10, 27, 56, 63, 67, 71, 85, 88, 94]  |  rejected: [14]
06:12:35  INFO      defenses.mkrum — MKrum selected 9 / 10 clients: [15, 17, 29, 33, 53, 60, 61, 63, 71]  |  rejected: [7]
06:13:11  INFO      defenses.mkrum — MKrum selected 9 / 10 clients: [18, 21, 31, 59, 62, 63, 76, 89, 94]  |  rejected: [69]
06:13:51  INFO      defenses.mkrum — MKrum selected 9 / 10 clients: [0, 20, 37, 41, 47, 59, 63, 85, 89]  |  rejected: [72]
06:14:27  INFO      defenses.mkrum — MKrum selected 9 / 10 clients: [2, 3, 23, 46, 53, 54, 81, 82, 86]  |  rejected: [9]
06:15:09  INFO      defenses.mkrum — MKrum selected 9 / 10 clients: [5, 12, 61, 62, 65, 78, 87, 94, 96]  |  rejected: [42]
06:15:50  INFO      defenses.mkrum — MKrum selected 9 / 10 clients: [4, 12, 16, 18, 27, 53, 80, 84, 91]  |  rejected: [43]
06:16:27  INFO      defenses.mkrum — MKrum selected 9 / 10 clients: [26, 43, 46, 55, 60, 67, 70, 98, 99]  |  rejected: [36]
06:17:09  INFO      defenses.mkrum — MKrum selected 9 / 10 clients: [6, 32, 37, 43, 45, 51, 54, 63, 70]  |  rejected: [42]
06:17:46  INFO      defenses.mkrum — MKrum selected 9 / 10 clients: [15, 24, 26, 34, 40, 44, 63, 64, 83]  |  rejected: [42]
06:17:52  INFO      experiment.runner — Round  231/240  |  acc:  86.89%  loss: 0.5200  |  FPR: 10.0%  |  mF1: 86.9%
06:18:29  INFO      defenses.mkrum — MKrum selected 9 / 10 clients: [5, 11, 16, 38, 51, 70, 81, 91, 92]  |  rejected: [75]
06:19:07  INFO      defenses.mkrum — MKrum selected 9 / 10 clients: [0, 5, 6, 13, 24, 38, 51, 60, 69]  |  rejected: [73]
06:19:48  INFO      defenses.mkrum — MKrum selected 9 / 10 clients: [7, 18, 48, 64, 69, 78, 80, 84, 98]  |  rejected: [77]
06:20:25  INFO      defenses.mkrum — MKrum selected 9 / 10 clients: [5, 10, 27, 81, 85, 86, 87, 88, 89]  |  rejected: [76]
06:21:11  INFO      defenses.mkrum — MKrum selected 9 / 10 clients: [4, 12, 23, 53, 58, 80, 84, 97, 99]  |  rejected: [22]
06:21:50  INFO      defenses.mkrum — MKrum selected 9 / 10 clients: [12, 17, 33, 38, 39, 47, 71, 83, 90]  |  rejected: [1]
06:22:28  INFO      defenses.mkrum — MKrum selected 9 / 10 clients: [2, 4, 6, 23, 40, 53, 55, 74, 82]  |  rejected: [72]
06:23:09  INFO      defenses.mkrum — MKrum selected 9 / 10 clients: [5, 15, 51, 53, 63, 66, 72, 89, 99]  |  rejected: [73]
06:23:46  INFO      defenses.mkrum — MKrum selected 9 / 10 clients: [8, 19, 49, 57, 60, 75, 76, 84, 87]  |  rejected: [1]
06:23:52  INFO      experiment.runner — Round  240/240  |  acc:  86.80%  loss: 0.5332  |  FPR: 10.0%  |  mF1: 86.7%
06:23:53  INFO      experiment.runner — Final model saved to results/benchmark/cifar10_none_mkrum_seed7/final_model.pt
06:23:53  INFO      experiment.runner — Client atypicality written to results/benchmark/cifar10_none_mkrum_seed7/client_atypicality.json
06:23:53  INFO      experiment.runner — Client inclusion rates written to results/benchmark/cifar10_none_mkrum_seed7/client_inclusion.csv
06:23:53  INFO      experiment.runner — Anomaly scores written to results/benchmark/cifar10_none_mkrum_seed7/anomaly_scores.csv (2400 rows)
06:23:53  INFO      benchmark — ✓  cifar10_none_mkrum_seed7  (160.5 min)
06:23:53  INFO      benchmark — ▶  cifar10_none_mkrum_seed8
06:23:53  INFO      experiment.runner — Initialising 'cifar10_none_mkrum_seed8' | device=cuda | rounds=240 | clients=10/100 | attack=none | defense=mkrum
06:23:57  INFO      defenses.mkrum — MKrumServer initialised — f=1 Byzantine, selecting m=9 updates.
06:24:10  INFO      experiment.utils — Built 100 clients — 0 malicious, 100 benign.
06:24:10  INFO      experiment.runner — Setup complete — 100 clients (0 malicious) | backdoor eval: none

==============================================================
  Summary — 25 rounds evaluated
==============================================================
  Final clean accuracy               86.80%
  Best  clean accuracy               87.10%
  Final clean loss                   0.5332
  Macro F1                           86.72%
  Pooled FPR (all rounds)            10.00%
==============================================================

Files already downloaded and verified
Files already downloaded and verified
Files already downloaded and verified
Files already downloaded and verified
06:24:42  INFO      defenses.mkrum — MKrum selected 9 / 10 clients: [5, 10, 16, 17, 24, 31, 47, 48, 90]  |  rejected: [29]
06:24:48  INFO      experiment.runner — Round    1/240  |  acc:  13.19%  loss: 4.1933  |  FPR: 10.0%  |  mF1: 7.5%
06:25:24  INFO      defenses.mkrum — MKrum selected 9 / 10 clients: [3, 26, 49, 51, 62, 63, 64, 73, 82]  |  rejected: [58]
06:26:04  INFO      defenses.mkrum — MKrum selected 9 / 10 clients: [2, 24, 29, 34, 51, 62, 66, 89, 97]  |  rejected: [11]
06:26:41  INFO      defenses.mkrum — MKrum selected 9 / 10 clients: [8, 12, 14, 33, 48, 49, 52, 84, 92]  |  rejected: [60]
06:27:20  INFO      defenses.mkrum — MKrum selected 9 / 10 clients: [11, 13, 30, 43, 48, 63, 79, 84, 88]  |  rejected: [7]
06:27:57  INFO      defenses.mkrum — MKrum selected 9 / 10 clients: [4, 8, 18, 26, 62, 66, 74, 77, 83]  |  rejected: [69]
06:28:37  INFO      defenses.mkrum — MKrum selected 9 / 10 clients: [18, 24, 45, 56, 58, 71, 74, 89, 93]  |  rejected: [36]
06:29:13  INFO      defenses.mkrum — MKrum selected 9 / 10 clients: [17, 20, 40, 54, 68, 76, 88, 89, 97]  |  rejected: [12]
06:29:54  INFO      defenses.mkrum — MKrum selected 9 / 10 clients: [19, 25, 36, 39, 45, 63, 67, 79, 82]  |  rejected: [64]
06:30:32  INFO      defenses.mkrum — MKrum selected 9 / 10 clients: [1, 9, 28, 31, 44, 64, 65, 69, 89]  |  rejected: [84]
06:31:09  INFO      defenses.mkrum — MKrum selected 9 / 10 clients: [28, 32, 34, 37, 38, 43, 48, 54, 90]  |  rejected: [4]
06:31:18  INFO      experiment.runner — Round   11/240  |  acc:  56.08%  loss: 1.2815  |  FPR: 10.0%  |  mF1: 56.1%
06:31:55  INFO      defenses.mkrum — MKrum selected 9 / 10 clients: [14, 20, 21, 22, 25, 50, 53, 84, 98]  |  rejected: [3]
06:32:31  INFO      defenses.mkrum — MKrum selected 9 / 10 clients: [1, 14, 21, 29, 38, 48, 55, 72, 97]  |  rejected: [43]
06:33:11  INFO      defenses.mkrum — MKrum selected 9 / 10 clients: [8, 10, 17, 36, 52, 53, 57, 72, 91]  |  rejected: [75]
06:33:48  INFO      defenses.mkrum — MKrum selected 9 / 10 clients: [4, 10, 12, 13, 19, 46, 66, 67, 97]  |  rejected: [84]
06:34:28  INFO      defenses.mkrum — MKrum selected 9 / 10 clients: [8, 17, 19, 24, 43, 62, 64, 77, 90]  |  rejected: [2]
06:35:04  INFO      defenses.mkrum — MKrum selected 9 / 10 clients: [0, 38, 41, 44, 46, 49, 73, 84, 95]  |  rejected: [15]
06:35:46  INFO      defenses.mkrum — MKrum selected 9 / 10 clients: [4, 7, 22, 26, 43, 63, 74, 79, 97]  |  rejected: [82]
06:36:22  INFO      defenses.mkrum — MKrum selected 9 / 10 clients: [10, 15, 19, 25, 28, 55, 56, 63, 77]  |  rejected: [60]
06:37:06  INFO      defenses.mkrum — MKrum selected 9 / 10 clients: [13, 15, 16, 48, 56, 65, 74, 82, 92]  |  rejected: [57]
06:37:49  INFO      defenses.mkrum — MKrum selected 9 / 10 clients: [6, 28, 46, 50, 58, 60, 72, 91, 92]  |  rejected: [11]
06:37:54  INFO      experiment.runner — Round   21/240  |  acc:  66.40%  loss: 1.0014  |  FPR: 10.0%  |  mF1: 66.1%
06:38:30  INFO      defenses.mkrum — MKrum selected 9 / 10 clients: [0, 6, 13, 14, 25, 27, 57, 90, 92]  |  rejected: [76]
06:39:09  INFO      defenses.mkrum — MKrum selected 9 / 10 clients: [2, 11, 46, 55, 67, 76, 78, 83, 96]  |  rejected: [95]
06:39:46  INFO      defenses.mkrum — MKrum selected 9 / 10 clients: [25, 29, 41, 49, 66, 67, 72, 90, 95]  |  rejected: [64]
06:40:26  INFO      defenses.mkrum — MKrum selected 9 / 10 clients: [0, 10, 25, 28, 37, 41, 78, 82, 95]  |  rejected: [51]
06:41:03  INFO      defenses.mkrum — MKrum selected 9 / 10 clients: [10, 37, 41, 53, 66, 70, 80, 94, 95]  |  rejected: [47]
06:41:43  INFO      defenses.mkrum — MKrum selected 9 / 10 clients: [13, 25, 37, 38, 45, 48, 62, 80, 83]  |  rejected: [47]
06:42:19  INFO      defenses.mkrum — MKrum selected 9 / 10 clients: [26, 37, 39, 49, 50, 67, 74, 78, 87]  |  rejected: [88]
06:43:00  INFO      defenses.mkrum — MKrum selected 9 / 10 clients: [25, 45, 46, 54, 62, 67, 74, 77, 86]  |  rejected: [93]
06:43:41  INFO      defenses.mkrum — MKrum selected 9 / 10 clients: [8, 10, 14, 20, 34, 53, 63, 64, 93]  |  rejected: [99]
06:44:17  INFO      defenses.mkrum — MKrum selected 9 / 10 clients: [31, 34, 35, 37, 46, 64, 79, 80, 95]  |  rejected: [52]
06:44:25  INFO      experiment.runner — Round   31/240  |  acc:  71.96%  loss: 0.8966  |  FPR: 10.0%  |  mF1: 71.6%
06:45:00  INFO      defenses.mkrum — MKrum selected 9 / 10 clients: [13, 25, 29, 31, 47, 58, 63, 67, 76]  |  rejected: [99]
06:45:36  INFO      defenses.mkrum — MKrum selected 9 / 10 clients: [5, 10, 14, 17, 21, 49, 54, 72, 83]  |  rejected: [99]
06:46:17  INFO      defenses.mkrum — MKrum selected 9 / 10 clients: [2, 11, 24, 33, 58, 59, 78, 85, 87]  |  rejected: [12]
06:46:54  INFO      defenses.mkrum — MKrum selected 9 / 10 clients: [8, 11, 16, 36, 40, 45, 72, 77, 83]  |  rejected: [4]
06:47:35  INFO      defenses.mkrum — MKrum selected 9 / 10 clients: [9, 10, 17, 29, 40, 46, 76, 83, 92]  |  rejected: [4]
06:48:10  INFO      defenses.mkrum — MKrum selected 9 / 10 clients: [8, 14, 28, 37, 41, 45, 66, 78, 92]  |  rejected: [95]
06:48:55  INFO      defenses.mkrum — MKrum selected 9 / 10 clients: [8, 12, 19, 20, 44, 49, 55, 68, 93]  |  rejected: [32]
06:49:36  INFO      defenses.mkrum — MKrum selected 9 / 10 clients: [6, 10, 13, 22, 25, 28, 37, 43, 95]  |  rejected: [7]
06:50:13  INFO      defenses.mkrum — MKrum selected 9 / 10 clients: [21, 22, 31, 37, 41, 61, 64, 71, 94]  |  rejected: [81]
06:50:54  INFO      defenses.mkrum — MKrum selected 9 / 10 clients: [10, 14, 16, 17, 27, 28, 41, 72, 95]  |  rejected: [91]
06:51:00  INFO      experiment.runner — Round   41/240  |  acc:  75.57%  loss: 0.8068  |  FPR: 10.0%  |  mF1: 75.4%
06:51:33  INFO      defenses.mkrum — MKrum selected 9 / 10 clients: [17, 21, 22, 52, 56, 57, 74, 88, 97]  |  rejected: [7]
06:52:14  INFO      defenses.mkrum — MKrum selected 9 / 10 clients: [36, 53, 55, 74, 78, 85, 87, 88, 94]  |  rejected: [47]
06:52:50  INFO      defenses.mkrum — MKrum selected 9 / 10 clients: [23, 34, 39, 46, 67, 72, 90, 94, 99]  |  rejected: [62]
06:53:30  INFO      defenses.mkrum — MKrum selected 9 / 10 clients: [16, 35, 37, 60, 63, 64, 68, 81, 87]  |  rejected: [65]
06:54:11  INFO      defenses.mkrum — MKrum selected 9 / 10 clients: [15, 17, 27, 50, 60, 62, 67, 72, 82]  |  rejected: [98]
06:54:54  INFO      defenses.mkrum — MKrum selected 9 / 10 clients: [3, 4, 37, 44, 48, 50, 64, 79, 89]  |  rejected: [47]
06:55:33  INFO      defenses.mkrum — MKrum selected 9 / 10 clients: [1, 10, 16, 18, 23, 54, 57, 74, 88]  |  rejected: [98]
06:56:11  INFO      defenses.mkrum — MKrum selected 9 / 10 clients: [5, 13, 64, 72, 74, 76, 80, 83, 91]  |  rejected: [47]
06:56:51  INFO      defenses.mkrum — MKrum selected 9 / 10 clients: [13, 21, 30, 45, 46, 47, 61, 82, 83]  |  rejected: [40]
06:57:29  INFO      defenses.mkrum — MKrum selected 9 / 10 clients: [4, 44, 47, 54, 73, 80, 85, 94, 95]  |  rejected: [96]
06:57:35  INFO      experiment.runner — Round   51/240  |  acc:  77.89%  loss: 0.7206  |  FPR: 10.0%  |  mF1: 77.6%
06:58:14  INFO      defenses.mkrum — MKrum selected 9 / 10 clients: [4, 7, 18, 29, 46, 65, 83, 84, 90]  |  rejected: [40]
06:58:51  INFO      defenses.mkrum — MKrum selected 9 / 10 clients: [2, 17, 22, 34, 46, 60, 61, 71, 82]  |  rejected: [38]
06:59:36  INFO      defenses.mkrum — MKrum selected 9 / 10 clients: [33, 36, 37, 56, 58, 63, 74, 87, 94]  |  rejected: [51]
07:00:17  INFO      defenses.mkrum — MKrum selected 9 / 10 clients: [17, 43, 56, 57, 63, 74, 80, 83, 84]  |  rejected: [11]
07:00:57  INFO      defenses.mkrum — MKrum selected 9 / 10 clients: [13, 46, 49, 58, 60, 73, 76, 85, 94]  |  rejected: [91]
07:01:35  INFO      defenses.mkrum — MKrum selected 9 / 10 clients: [4, 11, 18, 22, 26, 64, 66, 69, 90]  |  rejected: [75]
07:02:16  INFO      defenses.mkrum — MKrum selected 9 / 10 clients: [18, 25, 27, 32, 39, 70, 81, 85, 97]  |  rejected: [51]
07:02:54  INFO      defenses.mkrum — MKrum selected 9 / 10 clients: [0, 1, 3, 4, 14, 27, 56, 91, 94]  |  rejected: [40]
07:03:37  INFO      defenses.mkrum — MKrum selected 9 / 10 clients: [1, 2, 5, 16, 27, 39, 73, 81, 94]  |  rejected: [38]
07:04:16  INFO      defenses.mkrum — MKrum selected 9 / 10 clients: [0, 11, 12, 30, 40, 53, 65, 66, 87]  |  rejected: [42]
07:04:22  INFO      experiment.runner — Round   61/240  |  acc:  80.02%  loss: 0.6609  |  FPR: 10.0%  |  mF1: 79.9%
07:05:01  INFO      defenses.mkrum — MKrum selected 9 / 10 clients: [9, 14, 18, 25, 53, 54, 61, 64, 91]  |  rejected: [96]
07:05:42  INFO      defenses.mkrum — MKrum selected 9 / 10 clients: [6, 18, 32, 44, 55, 76, 84, 85, 90]  |  rejected: [99]
07:06:18  INFO      defenses.mkrum — MKrum selected 9 / 10 clients: [3, 25, 36, 40, 52, 62, 84, 88, 98]  |  rejected: [8]
07:06:59  INFO      defenses.mkrum — MKrum selected 9 / 10 clients: [7, 20, 28, 33, 35, 39, 50, 66, 88]  |  rejected: [89]
07:07:36  INFO      defenses.mkrum — MKrum selected 9 / 10 clients: [2, 14, 24, 26, 27, 51, 77, 88, 90]  |  rejected: [89]
07:08:17  INFO      defenses.mkrum — MKrum selected 9 / 10 clients: [10, 19, 30, 40, 55, 63, 83, 91, 98]  |  rejected: [99]
07:08:54  INFO      defenses.mkrum — MKrum selected 9 / 10 clients: [17, 44, 46, 63, 64, 70, 78, 79, 87]  |  rejected: [59]
07:09:38  INFO      defenses.mkrum — MKrum selected 9 / 10 clients: [20, 21, 28, 30, 43, 60, 66, 71, 78]  |  rejected: [12]
07:10:15  INFO      defenses.mkrum — MKrum selected 9 / 10 clients: [16, 25, 28, 43, 54, 72, 76, 86, 88]  |  rejected: [92]
07:10:57  INFO      defenses.mkrum — MKrum selected 9 / 10 clients: [9, 18, 30, 34, 41, 56, 73, 84, 99]  |  rejected: [92]
07:11:07  INFO      experiment.runner — Round   71/240  |  acc:  81.41%  loss: 0.6310  |  FPR: 10.0%  |  mF1: 81.4%
07:11:40  INFO      defenses.mkrum — MKrum selected 9 / 10 clients: [2, 15, 39, 40, 45, 49, 50, 51, 76]  |  rejected: [98]
07:12:15  INFO      defenses.mkrum — MKrum selected 9 / 10 clients: [1, 43, 52, 62, 70, 76, 85, 86, 91]  |  rejected: [57]
07:12:57  INFO      defenses.mkrum — MKrum selected 9 / 10 clients: [1, 2, 25, 40, 47, 64, 77, 88, 90]  |  rejected: [96]
07:13:33  INFO      defenses.mkrum — MKrum selected 9 / 10 clients: [6, 13, 14, 22, 35, 61, 74, 78, 90]  |  rejected: [56]
07:14:14  INFO      defenses.mkrum — MKrum selected 9 / 10 clients: [3, 7, 9, 10, 25, 31, 44, 70, 80]  |  rejected: [42]
07:14:51  INFO      defenses.mkrum — MKrum selected 9 / 10 clients: [7, 20, 35, 49, 62, 77, 80, 90, 94]  |  rejected: [40]
07:15:31  INFO      defenses.mkrum — MKrum selected 9 / 10 clients: [7, 31, 61, 65, 69, 74, 85, 88, 97]  |  rejected: [59]
07:16:15  INFO      defenses.mkrum — MKrum selected 9 / 10 clients: [15, 20, 51, 60, 65, 66, 83, 85, 98]  |  rejected: [57]
07:16:58  INFO      defenses.mkrum — MKrum selected 9 / 10 clients: [21, 37, 65, 69, 72, 73, 78, 89, 94]  |  rejected: [42]
07:17:35  INFO      defenses.mkrum — MKrum selected 9 / 10 clients: [14, 20, 23, 38, 45, 51, 57, 70, 79]  |  rejected: [95]
07:17:41  INFO      experiment.runner — Round   81/240  |  acc:  82.24%  loss: 0.6121  |  FPR: 10.0%  |  mF1: 82.1%
07:18:20  INFO      defenses.mkrum — MKrum selected 9 / 10 clients: [7, 9, 31, 35, 45, 51, 67, 70, 77]  |  rejected: [86]
07:18:59  INFO      defenses.mkrum — MKrum selected 9 / 10 clients: [24, 36, 56, 60, 61, 70, 88, 89, 91]  |  rejected: [8]
07:19:35  INFO      defenses.mkrum — MKrum selected 9 / 10 clients: [12, 15, 23, 37, 50, 70, 80, 83, 91]  |  rejected: [8]
07:20:16  INFO      defenses.mkrum — MKrum selected 9 / 10 clients: [24, 30, 31, 41, 56, 62, 72, 90, 98]  |  rejected: [48]
07:20:52  INFO      defenses.mkrum — MKrum selected 9 / 10 clients: [3, 15, 39, 44, 62, 66, 67, 73, 74]  |  rejected: [5]
07:21:32  INFO      defenses.mkrum — MKrum selected 9 / 10 clients: [12, 13, 24, 32, 42, 47, 54, 56, 62]  |  rejected: [93]
07:22:13  INFO      defenses.mkrum — MKrum selected 9 / 10 clients: [3, 12, 16, 42, 45, 49, 72, 85, 88]  |  rejected: [57]
07:22:55  INFO      defenses.mkrum — MKrum selected 9 / 10 clients: [14, 48, 53, 54, 60, 66, 76, 81, 88]  |  rejected: [86]
07:23:31  INFO      defenses.mkrum — MKrum selected 9 / 10 clients: [9, 16, 23, 25, 30, 35, 56, 77, 99]  |  rejected: [92]
07:24:14  INFO      defenses.mkrum — MKrum selected 9 / 10 clients: [0, 19, 21, 27, 42, 46, 66, 71, 85]  |  rejected: [11]
07:24:24  INFO      experiment.runner — Round   91/240  |  acc:  82.93%  loss: 0.5856  |  FPR: 10.0%  |  mF1: 83.0%
07:24:57  INFO      defenses.mkrum — MKrum selected 9 / 10 clients: [1, 17, 28, 38, 40, 48, 53, 64, 71]  |  rejected: [92]
07:25:36  INFO      defenses.mkrum — MKrum selected 9 / 10 clients: [8, 13, 18, 19, 20, 28, 63, 82, 98]  |  rejected: [75]
07:26:17  INFO      defenses.mkrum — MKrum selected 9 / 10 clients: [9, 11, 36, 49, 55, 56, 63, 69, 90]  |  rejected: [42]
07:26:54  INFO      defenses.mkrum — MKrum selected 9 / 10 clients: [2, 5, 13, 29, 39, 61, 71, 74, 86]  |  rejected: [93]
07:27:37  INFO      defenses.mkrum — MKrum selected 9 / 10 clients: [1, 33, 46, 47, 54, 79, 83, 89, 90]  |  rejected: [92]
07:28:15  INFO      defenses.mkrum — MKrum selected 9 / 10 clients: [5, 8, 22, 62, 64, 69, 79, 80, 83]  |  rejected: [6]
07:28:54  INFO      defenses.mkrum — MKrum selected 9 / 10 clients: [2, 6, 12, 17, 31, 40, 45, 46, 64]  |  rejected: [92]
07:29:32  INFO      defenses.mkrum — MKrum selected 9 / 10 clients: [10, 12, 24, 30, 35, 45, 65, 82, 84]  |  rejected: [68]
07:30:12  INFO      defenses.mkrum — MKrum selected 9 / 10 clients: [2, 3, 14, 18, 24, 40, 52, 53, 80]  |  rejected: [97]
07:30:50  INFO      defenses.mkrum — MKrum selected 9 / 10 clients: [7, 28, 34, 41, 45, 48, 64, 65, 67]  |  rejected: [97]
07:30:57  INFO      experiment.runner — Round  101/240  |  acc:  83.51%  loss: 0.5812  |  FPR: 10.0%  |  mF1: 83.4%
07:31:32  INFO      defenses.mkrum — MKrum selected 9 / 10 clients: [2, 20, 41, 79, 80, 81, 88, 89, 97]  |  rejected: [38]
07:32:13  INFO      defenses.mkrum — MKrum selected 9 / 10 clients: [2, 5, 18, 34, 37, 67, 70, 78, 79]  |  rejected: [93]
07:32:53  INFO      defenses.mkrum — MKrum selected 9 / 10 clients: [3, 5, 17, 26, 38, 66, 69, 76, 89]  |  rejected: [92]
07:33:33  INFO      defenses.mkrum — MKrum selected 9 / 10 clients: [16, 33, 34, 44, 45, 56, 77, 85, 97]  |  rejected: [92]
07:34:10  INFO      defenses.mkrum — MKrum selected 9 / 10 clients: [17, 46, 56, 58, 78, 87, 88, 90, 91]  |  rejected: [38]
07:34:50  INFO      defenses.mkrum — MKrum selected 9 / 10 clients: [10, 29, 33, 40, 66, 68, 69, 80, 86]  |  rejected: [96]
07:35:26  INFO      defenses.mkrum — MKrum selected 9 / 10 clients: [0, 1, 14, 34, 43, 64, 73, 85, 97]  |  rejected: [36]
07:36:07  INFO      defenses.mkrum — MKrum selected 9 / 10 clients: [0, 1, 25, 51, 67, 74, 80, 88, 89]  |  rejected: [59]
07:36:47  INFO      defenses.mkrum — MKrum selected 9 / 10 clients: [0, 6, 16, 28, 48, 71, 80, 88, 99]  |  rejected: [42]
07:37:23  INFO      defenses.mkrum — MKrum selected 9 / 10 clients: [26, 37, 51, 58, 62, 66, 71, 72, 96]  |  rejected: [92]
07:37:29  INFO      experiment.runner — Round  111/240  |  acc:  84.21%  loss: 0.5559  |  FPR: 10.0%  |  mF1: 84.2%
07:38:06  INFO      defenses.mkrum — MKrum selected 9 / 10 clients: [12, 41, 49, 54, 62, 63, 67, 69, 74]  |  rejected: [95]
07:38:45  INFO      defenses.mkrum — MKrum selected 9 / 10 clients: [7, 20, 25, 29, 48, 68, 71, 77, 85]  |  rejected: [99]
07:39:24  INFO      defenses.mkrum — MKrum selected 9 / 10 clients: [1, 31, 33, 38, 40, 43, 49, 64, 70]  |  rejected: [53]
07:40:01  INFO      defenses.mkrum — MKrum selected 9 / 10 clients: [7, 30, 33, 50, 53, 61, 62, 68, 79]  |  rejected: [42]
07:40:43  INFO      defenses.mkrum — MKrum selected 9 / 10 clients: [7, 20, 21, 22, 24, 29, 45, 73, 96]  |  rejected: [93]
07:41:20  INFO      defenses.mkrum — MKrum selected 9 / 10 clients: [12, 16, 29, 48, 66, 72, 73, 83, 85]  |  rejected: [84]
07:42:01  INFO      defenses.mkrum — MKrum selected 9 / 10 clients: [10, 12, 19, 33, 37, 46, 61, 78, 88]  |  rejected: [4]
07:42:40  INFO      defenses.mkrum — MKrum selected 9 / 10 clients: [14, 34, 65, 67, 74, 83, 85, 91, 94]  |  rejected: [99]
07:43:18  INFO      defenses.mkrum — MKrum selected 9 / 10 clients: [6, 14, 16, 35, 36, 44, 82, 84, 91]  |  rejected: [93]
07:44:01  INFO      defenses.mkrum — MKrum selected 9 / 10 clients: [7, 17, 20, 73, 81, 82, 87, 89, 96]  |  rejected: [51]
07:44:07  INFO      experiment.runner — Round  121/240  |  acc:  84.54%  loss: 0.5653  |  FPR: 10.0%  |  mF1: 84.4%
07:44:41  INFO      defenses.mkrum — MKrum selected 9 / 10 clients: [1, 3, 7, 29, 46, 47, 51, 56, 85]  |  rejected: [59]
07:45:21  INFO      defenses.mkrum — MKrum selected 9 / 10 clients: [17, 34, 38, 42, 52, 54, 59, 70, 86]  |  rejected: [75]
07:45:59  INFO      defenses.mkrum — MKrum selected 9 / 10 clients: [7, 8, 9, 24, 28, 42, 51, 67, 94]  |  rejected: [57]
07:46:43  INFO      defenses.mkrum — MKrum selected 9 / 10 clients: [0, 1, 7, 30, 35, 37, 39, 52, 54]  |  rejected: [41]
07:47:19  INFO      defenses.mkrum — MKrum selected 9 / 10 clients: [4, 10, 13, 24, 29, 60, 69, 78, 83]  |  rejected: [99]
07:48:00  INFO      defenses.mkrum — MKrum selected 9 / 10 clients: [3, 9, 17, 56, 63, 76, 78, 86, 91]  |  rejected: [23]
07:48:36  INFO      defenses.mkrum — MKrum selected 9 / 10 clients: [6, 10, 33, 34, 39, 44, 47, 64, 70]  |  rejected: [36]
07:49:19  INFO      defenses.mkrum — MKrum selected 9 / 10 clients: [6, 7, 9, 14, 29, 30, 39, 56, 68]  |  rejected: [59]
07:50:02  INFO      defenses.mkrum — MKrum selected 9 / 10 clients: [14, 17, 33, 52, 55, 70, 86, 89, 96]  |  rejected: [92]
07:50:40  INFO      defenses.mkrum — MKrum selected 9 / 10 clients: [9, 40, 44, 48, 53, 62, 65, 86, 87]  |  rejected: [92]
07:50:45  INFO      experiment.runner — Round  131/240  |  acc:  85.21%  loss: 0.5437  |  FPR: 10.0%  |  mF1: 85.2%
07:51:23  INFO      defenses.mkrum — MKrum selected 9 / 10 clients: [0, 39, 41, 43, 48, 50, 53, 57, 60]  |  rejected: [36]
07:52:00  INFO      defenses.mkrum — MKrum selected 9 / 10 clients: [6, 9, 17, 31, 33, 68, 73, 80, 94]  |  rejected: [4]
07:52:40  INFO      defenses.mkrum — MKrum selected 9 / 10 clients: [1, 13, 26, 27, 37, 57, 63, 67, 77]  |  rejected: [11]
07:53:16  INFO      defenses.mkrum — MKrum selected 9 / 10 clients: [19, 33, 36, 38, 40, 44, 57, 62, 71]  |  rejected: [79]
07:53:57  INFO      defenses.mkrum — MKrum selected 9 / 10 clients: [2, 3, 15, 23, 37, 38, 51, 89, 99]  |  rejected: [93]
07:54:36  INFO      defenses.mkrum — MKrum selected 9 / 10 clients: [17, 18, 27, 28, 52, 70, 73, 78, 88]  |  rejected: [92]
07:55:15  INFO      defenses.mkrum — MKrum selected 9 / 10 clients: [12, 22, 31, 33, 39, 48, 57, 74, 87]  |  rejected: [58]
07:55:55  INFO      defenses.mkrum — MKrum selected 9 / 10 clients: [0, 3, 13, 20, 52, 53, 78, 88, 99]  |  rejected: [58]
07:56:32  INFO      defenses.mkrum — MKrum selected 9 / 10 clients: [4, 9, 12, 15, 17, 35, 45, 57, 95]  |  rejected: [55]
07:57:14  INFO      defenses.mkrum — MKrum selected 9 / 10 clients: [5, 7, 23, 36, 41, 42, 52, 53, 81]  |  rejected: [98]
07:57:19  INFO      experiment.runner — Round  141/240  |  acc:  85.33%  loss: 0.5406  |  FPR: 10.0%  |  mF1: 85.2%
07:57:53  INFO      defenses.mkrum — MKrum selected 9 / 10 clients: [0, 16, 17, 57, 60, 64, 73, 81, 84]  |  rejected: [93]
07:58:34  INFO      defenses.mkrum — MKrum selected 9 / 10 clients: [16, 33, 34, 37, 40, 49, 60, 66, 74]  |  rejected: [95]
07:59:10  INFO      defenses.mkrum — MKrum selected 9 / 10 clients: [2, 11, 20, 23, 27, 38, 39, 43, 50]  |  rejected: [93]
07:59:52  INFO      defenses.mkrum — MKrum selected 9 / 10 clients: [5, 17, 33, 38, 54, 56, 60, 74, 79]  |  rejected: [21]
08:00:36  INFO      defenses.mkrum — MKrum selected 9 / 10 clients: [5, 19, 25, 35, 38, 40, 52, 71, 80]  |  rejected: [92]
08:01:13  INFO      defenses.mkrum — MKrum selected 9 / 10 clients: [10, 20, 25, 53, 59, 65, 72, 78, 88]  |  rejected: [97]
08:01:58  INFO      defenses.mkrum — MKrum selected 9 / 10 clients: [1, 11, 14, 16, 26, 34, 71, 84, 85]  |  rejected: [97]
08:02:34  INFO      defenses.mkrum — MKrum selected 9 / 10 clients: [4, 19, 38, 44, 53, 63, 72, 87, 96]  |  rejected: [97]
08:03:14  INFO      defenses.mkrum — MKrum selected 9 / 10 clients: [2, 3, 26, 29, 38, 51, 52, 53, 66]  |  rejected: [55]
08:03:50  INFO      defenses.mkrum — MKrum selected 9 / 10 clients: [5, 10, 15, 33, 47, 56, 58, 79, 98]  |  rejected: [59]
08:03:56  INFO      experiment.runner — Round  151/240  |  acc:  85.50%  loss: 0.5356  |  FPR: 10.0%  |  mF1: 85.5%
08:04:34  INFO      defenses.mkrum — MKrum selected 9 / 10 clients: [16, 23, 27, 40, 42, 46, 67, 84, 88]  |  rejected: [32]
08:05:09  INFO      defenses.mkrum — MKrum selected 9 / 10 clients: [2, 9, 10, 20, 41, 59, 66, 67, 79]  |  rejected: [92]
08:05:47  INFO      defenses.mkrum — MKrum selected 9 / 10 clients: [4, 5, 16, 19, 23, 44, 63, 80, 91]  |  rejected: [48]
08:06:29  INFO      defenses.mkrum — MKrum selected 9 / 10 clients: [5, 16, 20, 44, 45, 46, 70, 80, 91]  |  rejected: [71]
08:07:07  INFO      defenses.mkrum — MKrum selected 9 / 10 clients: [8, 20, 26, 42, 43, 61, 62, 66, 95]  |  rejected: [75]
08:07:47  INFO      defenses.mkrum — MKrum selected 9 / 10 clients: [18, 28, 49, 63, 74, 76, 79, 89, 98]  |  rejected: [97]
08:08:23  INFO      defenses.mkrum — MKrum selected 9 / 10 clients: [0, 14, 19, 41, 45, 51, 71, 76, 86]  |  rejected: [90]
08:09:04  INFO      defenses.mkrum — MKrum selected 9 / 10 clients: [5, 13, 15, 27, 54, 65, 71, 82, 90]  |  rejected: [95]
08:09:44  INFO      defenses.mkrum — MKrum selected 9 / 10 clients: [0, 15, 17, 23, 37, 41, 49, 73, 87]  |  rejected: [22]
08:10:27  INFO      defenses.mkrum — MKrum selected 9 / 10 clients: [1, 5, 16, 63, 68, 73, 85, 89, 90]  |  rejected: [36]
08:10:34  INFO      experiment.runner — Round  161/240  |  acc:  86.43%  loss: 0.5151  |  FPR: 10.0%  |  mF1: 86.4%
08:11:07  INFO      defenses.mkrum — MKrum selected 9 / 10 clients: [14, 22, 34, 39, 52, 53, 61, 77, 82]  |  rejected: [58]
08:11:47  INFO      defenses.mkrum — MKrum selected 9 / 10 clients: [19, 40, 44, 45, 51, 52, 60, 70, 79]  |  rejected: [8]
08:12:28  INFO      defenses.mkrum — MKrum selected 9 / 10 clients: [9, 17, 29, 41, 51, 56, 66, 68, 83]  |  rejected: [7]
08:13:05  INFO      defenses.mkrum — MKrum selected 9 / 10 clients: [4, 6, 12, 17, 18, 23, 37, 67, 68]  |  rejected: [93]
08:13:46  INFO      defenses.mkrum — MKrum selected 9 / 10 clients: [6, 8, 22, 25, 46, 47, 65, 68, 77]  |  rejected: [59]
08:14:23  INFO      defenses.mkrum — MKrum selected 9 / 10 clients: [28, 31, 39, 65, 68, 77, 81, 82, 99]  |  rejected: [30]
08:15:03  INFO      defenses.mkrum — MKrum selected 9 / 10 clients: [8, 12, 22, 31, 44, 45, 48, 67, 89]  |  rejected: [21]
08:15:39  INFO      defenses.mkrum — MKrum selected 9 / 10 clients: [6, 8, 27, 28, 34, 51, 52, 77, 86]  |  rejected: [87]
08:16:20  INFO      defenses.mkrum — MKrum selected 9 / 10 clients: [10, 17, 20, 44, 48, 55, 79, 96, 99]  |  rejected: [93]
08:16:57  INFO      defenses.mkrum — MKrum selected 9 / 10 clients: [13, 50, 63, 68, 81, 82, 85, 86, 91]  |  rejected: [32]
08:17:02  INFO      experiment.runner — Round  171/240  |  acc:  86.32%  loss: 0.5101  |  FPR: 10.0%  |  mF1: 86.3%
08:17:44  INFO      defenses.mkrum — MKrum selected 9 / 10 clients: [0, 19, 20, 39, 47, 68, 72, 79, 90]  |  rejected: [30]
08:18:20  INFO      defenses.mkrum — MKrum selected 9 / 10 clients: [2, 14, 34, 48, 60, 61, 72, 88, 90]  |  rejected: [32]
08:18:58  INFO      defenses.mkrum — MKrum selected 9 / 10 clients: [1, 18, 19, 22, 51, 56, 67, 73, 90]  |  rejected: [33]
08:19:39  INFO      defenses.mkrum — MKrum selected 9 / 10 clients: [3, 8, 9, 19, 29, 39, 63, 71, 73]  |  rejected: [94]
08:20:16  INFO      defenses.mkrum — MKrum selected 9 / 10 clients: [20, 27, 36, 40, 48, 61, 65, 80, 94]  |  rejected: [57]
08:20:56  INFO      defenses.mkrum — MKrum selected 9 / 10 clients: [0, 46, 60, 61, 67, 77, 84, 86, 91]  |  rejected: [55]
08:21:32  INFO      defenses.mkrum — MKrum selected 9 / 10 clients: [18, 19, 33, 37, 38, 67, 78, 89, 94]  |  rejected: [96]
08:22:12  INFO      defenses.mkrum — MKrum selected 9 / 10 clients: [12, 23, 25, 29, 37, 39, 68, 77, 94]  |  rejected: [87]
08:22:52  INFO      defenses.mkrum — MKrum selected 9 / 10 clients: [10, 15, 23, 33, 52, 74, 78, 86, 91]  |  rejected: [69]
08:23:33  INFO      defenses.mkrum — MKrum selected 9 / 10 clients: [7, 8, 12, 22, 30, 31, 50, 51, 60]  |  rejected: [75]
08:23:42  INFO      experiment.runner — Round  181/240  |  acc:  86.34%  loss: 0.5200  |  FPR: 10.0%  |  mF1: 86.3%
08:24:15  INFO      defenses.mkrum — MKrum selected 9 / 10 clients: [3, 17, 20, 24, 35, 53, 56, 67, 99]  |  rejected: [97]
08:24:54  INFO      defenses.mkrum — MKrum selected 9 / 10 clients: [4, 34, 35, 43, 46, 60, 71, 83, 94]  |  rejected: [42]
08:25:33  INFO      defenses.mkrum — MKrum selected 9 / 10 clients: [3, 5, 23, 24, 29, 37, 38, 41, 71]  |  rejected: [90]
08:26:11  INFO      defenses.mkrum — MKrum selected 9 / 10 clients: [9, 19, 27, 39, 73, 84, 88, 89, 91]  |  rejected: [96]
08:26:51  INFO      defenses.mkrum — MKrum selected 9 / 10 clients: [2, 8, 20, 27, 49, 64, 83, 88, 91]  |  rejected: [75]
08:27:27  INFO      defenses.mkrum — MKrum selected 9 / 10 clients: [2, 11, 16, 30, 43, 46, 77, 91, 95]  |  rejected: [59]
08:28:12  INFO      defenses.mkrum — MKrum selected 9 / 10 clients: [3, 5, 8, 15, 37, 51, 52, 78, 88]  |  rejected: [82]
08:28:53  INFO      defenses.mkrum — MKrum selected 9 / 10 clients: [28, 35, 39, 47, 69, 71, 73, 81, 88]  |  rejected: [59]
08:29:34  INFO      defenses.mkrum — MKrum selected 9 / 10 clients: [8, 13, 23, 28, 39, 71, 92, 97, 99]  |  rejected: [75]
08:30:10  INFO      defenses.mkrum — MKrum selected 9 / 10 clients: [11, 14, 18, 24, 54, 64, 83, 86, 98]  |  rejected: [32]
08:30:16  INFO      experiment.runner — Round  191/240  |  acc:  86.63%  loss: 0.5020  |  FPR: 10.0%  |  mF1: 86.6%
08:30:57  INFO      defenses.mkrum — MKrum selected 9 / 10 clients: [1, 18, 29, 31, 64, 73, 87, 92, 96]  |  rejected: [75]
08:31:34  INFO      defenses.mkrum — MKrum selected 9 / 10 clients: [28, 33, 38, 51, 61, 67, 69, 71, 76]  |  rejected: [7]
08:32:18  INFO      defenses.mkrum — MKrum selected 9 / 10 clients: [42, 43, 47, 48, 53, 68, 78, 85, 99]  |  rejected: [93]
08:32:58  INFO      defenses.mkrum — MKrum selected 9 / 10 clients: [5, 8, 14, 20, 27, 34, 81, 84, 87]  |  rejected: [96]
08:33:38  INFO      defenses.mkrum — MKrum selected 9 / 10 clients: [2, 3, 16, 30, 64, 67, 71, 83, 88]  |  rejected: [21]
08:34:22  INFO      defenses.mkrum — MKrum selected 9 / 10 clients: [7, 9, 19, 25, 46, 65, 69, 84, 99]  |  rejected: [50]
08:34:58  INFO      defenses.mkrum — MKrum selected 9 / 10 clients: [10, 13, 35, 37, 39, 69, 70, 71, 91]  |  rejected: [55]
08:35:40  INFO      defenses.mkrum — MKrum selected 9 / 10 clients: [7, 17, 39, 44, 54, 59, 65, 73, 99]  |  rejected: [92]
08:36:16  INFO      defenses.mkrum — MKrum selected 9 / 10 clients: [10, 13, 30, 37, 49, 61, 70, 94, 98]  |  rejected: [92]
08:36:59  INFO      defenses.mkrum — MKrum selected 9 / 10 clients: [1, 2, 11, 31, 50, 62, 64, 94, 97]  |  rejected: [58]
08:37:06  INFO      experiment.runner — Round  201/240  |  acc:  86.76%  loss: 0.5130  |  FPR: 10.0%  |  mF1: 86.7%
08:37:40  INFO      defenses.mkrum — MKrum selected 9 / 10 clients: [11, 27, 28, 43, 64, 76, 79, 83, 98]  |  rejected: [4]
08:38:21  INFO      defenses.mkrum — MKrum selected 9 / 10 clients: [18, 26, 28, 32, 39, 42, 45, 67, 94]  |  rejected: [93]
08:39:00  INFO      defenses.mkrum — MKrum selected 9 / 10 clients: [9, 18, 23, 33, 47, 50, 52, 56, 77]  |  rejected: [11]
08:39:39  INFO      defenses.mkrum — MKrum selected 9 / 10 clients: [2, 12, 17, 23, 27, 41, 73, 76, 96]  |  rejected: [21]
08:40:19  INFO      defenses.mkrum — MKrum selected 9 / 10 clients: [2, 3, 13, 42, 59, 77, 81, 95, 96]  |  rejected: [32]
08:40:57  INFO      defenses.mkrum — MKrum selected 9 / 10 clients: [1, 18, 22, 29, 33, 43, 44, 72, 94]  |  rejected: [54]
08:41:37  INFO      defenses.mkrum — MKrum selected 9 / 10 clients: [10, 11, 34, 37, 64, 69, 89, 95, 98]  |  rejected: [55]
08:42:14  INFO      defenses.mkrum — MKrum selected 9 / 10 clients: [5, 26, 30, 45, 47, 48, 54, 73, 94]  |  rejected: [97]
08:42:55  INFO      defenses.mkrum — MKrum selected 9 / 10 clients: [0, 4, 8, 16, 27, 50, 54, 81, 99]  |  rejected: [93]
08:43:32  INFO      defenses.mkrum — MKrum selected 9 / 10 clients: [0, 3, 11, 22, 25, 43, 63, 96, 98]  |  rejected: [85]
08:43:38  INFO      experiment.runner — Round  211/240  |  acc:  87.39%  loss: 0.4758  |  FPR: 10.0%  |  mF1: 87.4%
08:44:18  INFO      defenses.mkrum — MKrum selected 9 / 10 clients: [10, 12, 18, 25, 38, 41, 66, 70, 90]  |  rejected: [59]
08:44:56  INFO      defenses.mkrum — MKrum selected 9 / 10 clients: [0, 32, 40, 50, 53, 65, 71, 89, 97]  |  rejected: [21]
08:45:36  INFO      defenses.mkrum — MKrum selected 9 / 10 clients: [10, 15, 20, 28, 38, 42, 43, 68, 99]  |  rejected: [57]
08:46:16  INFO      defenses.mkrum — MKrum selected 9 / 10 clients: [10, 12, 46, 47, 61, 73, 85, 88, 89]  |  rejected: [59]
08:46:53  INFO      defenses.mkrum — MKrum selected 9 / 10 clients: [10, 39, 40, 41, 42, 89, 90, 91, 97]  |  rejected: [93]
08:47:33  INFO      defenses.mkrum — MKrum selected 9 / 10 clients: [39, 52, 63, 71, 77, 79, 82, 90, 98]  |  rejected: [95]
08:48:09  INFO      defenses.mkrum — MKrum selected 9 / 10 clients: [13, 16, 29, 30, 36, 46, 62, 70, 95]  |  rejected: [93]
08:48:50  INFO      defenses.mkrum — MKrum selected 9 / 10 clients: [4, 26, 28, 32, 51, 53, 66, 69, 92]  |  rejected: [75]
08:49:26  INFO      defenses.mkrum — MKrum selected 9 / 10 clients: [25, 44, 62, 69, 71, 72, 74, 84, 89]  |  rejected: [75]
08:50:09  INFO      defenses.mkrum — MKrum selected 9 / 10 clients: [24, 29, 30, 31, 34, 48, 64, 65, 88]  |  rejected: [57]
08:50:19  INFO      experiment.runner — Round  221/240  |  acc:  87.60%  loss: 0.4781  |  FPR: 10.0%  |  mF1: 87.5%
08:50:53  INFO      defenses.mkrum — MKrum selected 9 / 10 clients: [8, 12, 20, 28, 30, 63, 64, 73, 81]  |  rejected: [13]
08:51:29  INFO      defenses.mkrum — MKrum selected 9 / 10 clients: [26, 28, 34, 38, 41, 47, 63, 74, 86]  |  rejected: [4]
08:52:10  INFO      defenses.mkrum — MKrum selected 9 / 10 clients: [8, 9, 11, 24, 26, 36, 37, 64, 73]  |  rejected: [92]
08:52:46  INFO      defenses.mkrum — MKrum selected 9 / 10 clients: [10, 37, 48, 53, 62, 71, 73, 77, 83]  |  rejected: [87]
08:53:27  INFO      defenses.mkrum — MKrum selected 9 / 10 clients: [0, 66, 68, 72, 80, 83, 90, 96, 99]  |  rejected: [21]
08:54:05  INFO      defenses.mkrum — MKrum selected 9 / 10 clients: [14, 15, 30, 34, 36, 53, 64, 68, 72]  |  rejected: [95]
08:54:46  INFO      defenses.mkrum — MKrum selected 9 / 10 clients: [2, 15, 20, 47, 50, 60, 77, 78, 96]  |  rejected: [87]
08:55:25  INFO      defenses.mkrum — MKrum selected 9 / 10 clients: [5, 6, 9, 18, 23, 41, 69, 72, 74]  |  rejected: [87]
08:56:10  INFO      defenses.mkrum — MKrum selected 9 / 10 clients: [7, 12, 15, 30, 34, 37, 61, 72, 88]  |  rejected: [58]
08:56:46  INFO      defenses.mkrum — MKrum selected 9 / 10 clients: [7, 17, 23, 40, 60, 62, 67, 82, 83]  |  rejected: [93]
08:56:52  INFO      experiment.runner — Round  231/240  |  acc:  87.69%  loss: 0.4887  |  FPR: 10.0%  |  mF1: 87.7%
08:57:29  INFO      defenses.mkrum — MKrum selected 9 / 10 clients: [8, 10, 19, 24, 36, 56, 70, 81, 84]  |  rejected: [55]
08:58:09  INFO      defenses.mkrum — MKrum selected 9 / 10 clients: [17, 19, 29, 34, 37, 51, 64, 89, 90]  |  rejected: [92]
08:58:44  INFO      defenses.mkrum — MKrum selected 9 / 10 clients: [3, 5, 18, 41, 47, 52, 56, 64, 74]  |  rejected: [95]
08:59:26  INFO      defenses.mkrum — MKrum selected 9 / 10 clients: [34, 35, 53, 62, 64, 65, 66, 87, 96]  |  rejected: [58]
09:00:02  INFO      defenses.mkrum — MKrum selected 9 / 10 clients: [1, 2, 20, 38, 48, 80, 88, 91, 99]  |  rejected: [76]
09:00:43  INFO      defenses.mkrum — MKrum selected 9 / 10 clients: [0, 10, 48, 63, 72, 74, 80, 84, 99]  |  rejected: [87]
09:01:21  INFO      defenses.mkrum — MKrum selected 9 / 10 clients: [8, 13, 15, 36, 45, 49, 65, 67, 72]  |  rejected: [92]
09:02:02  INFO      defenses.mkrum — MKrum selected 9 / 10 clients: [0, 17, 43, 66, 68, 76, 78, 83, 98]  |  rejected: [85]
09:02:38  INFO      defenses.mkrum — MKrum selected 9 / 10 clients: [8, 24, 28, 37, 53, 56, 66, 67, 76]  |  rejected: [57]
09:02:44  INFO      experiment.runner — Round  240/240  |  acc:  87.16%  loss: 0.5095  |  FPR: 10.0%  |  mF1: 87.1%
09:02:45  INFO      experiment.runner — Final model saved to results/benchmark/cifar10_none_mkrum_seed8/final_model.pt
09:02:45  INFO      experiment.runner — Client atypicality written to results/benchmark/cifar10_none_mkrum_seed8/client_atypicality.json
09:02:45  INFO      experiment.runner — Client inclusion rates written to results/benchmark/cifar10_none_mkrum_seed8/client_inclusion.csv
09:02:45  INFO      experiment.runner — Anomaly scores written to results/benchmark/cifar10_none_mkrum_seed8/anomaly_scores.csv (2400 rows)
09:02:46  INFO      benchmark — ✓  cifar10_none_mkrum_seed8  (158.9 min)
09:02:46  INFO      benchmark — ▶  cifar10_none_mkrum_seed9
09:02:46  INFO      experiment.runner — Initialising 'cifar10_none_mkrum_seed9' | device=cuda | rounds=240 | clients=10/100 | attack=none | defense=mkrum
09:02:49  INFO      defenses.mkrum — MKrumServer initialised — f=1 Byzantine, selecting m=9 updates.
09:03:00  INFO      experiment.utils — Built 100 clients — 0 malicious, 100 benign.
09:03:00  INFO      experiment.runner — Setup complete — 100 clients (0 malicious) | backdoor eval: none

==============================================================
  Summary — 25 rounds evaluated
==============================================================
  Final clean accuracy               87.16%
  Best  clean accuracy               87.69%
  Final clean loss                   0.5095
  Macro F1                           87.11%
  Pooled FPR (all rounds)            10.00%
==============================================================

Files already downloaded and verified
Files already downloaded and verified
Files already downloaded and verified
Files already downloaded and verified
09:03:36  INFO      defenses.mkrum — MKrum selected 9 / 10 clients: [0, 17, 23, 34, 43, 47, 59, 64, 86]  |  rejected: [78]
09:03:43  INFO      experiment.runner — Round    1/240  |  acc:  11.92%  loss: 3.9960  |  FPR: 10.0%  |  mF1: 5.2%
09:04:16  INFO      defenses.mkrum — MKrum selected 9 / 10 clients: [5, 10, 42, 59, 70, 77, 78, 89, 93]  |  rejected: [48]
09:04:56  INFO      defenses.mkrum — MKrum selected 9 / 10 clients: [6, 14, 16, 21, 30, 54, 57, 90, 92]  |  rejected: [20]
09:05:33  INFO      defenses.mkrum — MKrum selected 9 / 10 clients: [8, 26, 37, 49, 64, 75, 88, 95, 99]  |  rejected: [13]
09:06:15  INFO      defenses.mkrum — MKrum selected 9 / 10 clients: [11, 28, 34, 35, 50, 53, 86, 92, 98]  |  rejected: [26]
09:06:58  INFO      defenses.mkrum — MKrum selected 9 / 10 clients: [0, 5, 7, 17, 25, 43, 48, 52, 62]  |  rejected: [90]
09:07:35  INFO      defenses.mkrum — MKrum selected 9 / 10 clients: [0, 3, 14, 15, 54, 74, 76, 94, 97]  |  rejected: [30]
09:08:15  INFO      defenses.mkrum — MKrum selected 9 / 10 clients: [2, 10, 17, 25, 42, 63, 64, 69, 73]  |  rejected: [1]
09:08:52  INFO      defenses.mkrum — MKrum selected 9 / 10 clients: [8, 11, 24, 25, 53, 68, 81, 89, 97]  |  rejected: [50]
09:09:32  INFO      defenses.mkrum — MKrum selected 9 / 10 clients: [5, 18, 22, 34, 71, 74, 77, 87, 92]  |  rejected: [6]
09:10:11  INFO      defenses.mkrum — MKrum selected 9 / 10 clients: [4, 15, 19, 34, 51, 73, 77, 94, 95]  |  rejected: [90]
09:10:17  INFO      experiment.runner — Round   11/240  |  acc:  56.80%  loss: 1.2618  |  FPR: 10.0%  |  mF1: 56.4%
09:10:55  INFO      defenses.mkrum — MKrum selected 9 / 10 clients: [5, 20, 30, 46, 64, 66, 78, 86, 94]  |  rejected: [75]
09:11:30  INFO      defenses.mkrum — MKrum selected 9 / 10 clients: [11, 14, 26, 44, 46, 72, 74, 88, 99]  |  rejected: [57]
09:12:15  INFO      defenses.mkrum — MKrum selected 9 / 10 clients: [0, 25, 42, 48, 51, 55, 73, 77, 95]  |  rejected: [2]
09:12:52  INFO      defenses.mkrum — MKrum selected 9 / 10 clients: [11, 14, 27, 28, 34, 36, 41, 56, 80]  |  rejected: [39]
09:13:32  INFO      defenses.mkrum — MKrum selected 9 / 10 clients: [3, 7, 13, 44, 48, 54, 63, 66, 99]  |  rejected: [71]
09:14:12  INFO      defenses.mkrum — MKrum selected 9 / 10 clients: [8, 12, 31, 54, 72, 82, 90, 94, 99]  |  rejected: [29]
09:14:48  INFO      defenses.mkrum — MKrum selected 9 / 10 clients: [17, 21, 37, 47, 51, 65, 85, 88, 97]  |  rejected: [71]
09:15:29  INFO      defenses.mkrum — MKrum selected 9 / 10 clients: [1, 3, 6, 7, 15, 21, 22, 33, 77]  |  rejected: [18]
09:16:04  INFO      defenses.mkrum — MKrum selected 9 / 10 clients: [1, 18, 26, 36, 37, 45, 49, 61, 78]  |  rejected: [57]
09:16:45  INFO      defenses.mkrum — MKrum selected 9 / 10 clients: [8, 11, 15, 17, 35, 37, 53, 89, 95]  |  rejected: [71]
09:16:52  INFO      experiment.runner — Round   21/240  |  acc:  66.46%  loss: 1.0243  |  FPR: 10.0%  |  mF1: 66.3%
09:17:27  INFO      defenses.mkrum — MKrum selected 9 / 10 clients: [18, 21, 49, 57, 71, 75, 90, 91, 97]  |  rejected: [84]
09:18:06  INFO      defenses.mkrum — MKrum selected 9 / 10 clients: [6, 16, 35, 44, 63, 67, 76, 77, 98]  |  rejected: [12]
09:18:41  INFO      defenses.mkrum — MKrum selected 9 / 10 clients: [1, 10, 20, 25, 28, 58, 60, 80, 99]  |  rejected: [22]
09:19:19  INFO      defenses.mkrum — MKrum selected 9 / 10 clients: [10, 22, 33, 49, 61, 68, 69, 71, 75]  |  rejected: [70]
09:20:00  INFO      defenses.mkrum — MKrum selected 9 / 10 clients: [3, 8, 55, 67, 68, 69, 74, 82, 83]  |  rejected: [39]
09:20:37  INFO      defenses.mkrum — MKrum selected 9 / 10 clients: [8, 12, 13, 17, 28, 38, 69, 73, 82]  |  rejected: [92]
09:21:17  INFO      defenses.mkrum — MKrum selected 9 / 10 clients: [3, 7, 58, 62, 77, 81, 86, 89, 93]  |  rejected: [6]
09:21:56  INFO      defenses.mkrum — MKrum selected 9 / 10 clients: [4, 31, 47, 58, 63, 73, 76, 79, 93]  |  rejected: [29]
09:22:42  INFO      defenses.mkrum — MKrum selected 9 / 10 clients: [4, 6, 8, 10, 24, 75, 77, 78, 86]  |  rejected: [52]
09:23:19  INFO      defenses.mkrum — MKrum selected 9 / 10 clients: [3, 8, 10, 45, 60, 68, 70, 79, 96]  |  rejected: [23]
09:23:26  INFO      experiment.runner — Round   31/240  |  acc:  71.15%  loss: 0.9282  |  FPR: 10.0%  |  mF1: 71.0%
09:24:05  INFO      defenses.mkrum — MKrum selected 9 / 10 clients: [1, 3, 9, 10, 41, 42, 59, 60, 99]  |  rejected: [90]
09:24:41  INFO      defenses.mkrum — MKrum selected 9 / 10 clients: [13, 17, 19, 44, 49, 57, 61, 75, 85]  |  rejected: [29]
09:25:20  INFO      defenses.mkrum — MKrum selected 9 / 10 clients: [6, 9, 13, 15, 16, 24, 28, 57, 99]  |  rejected: [14]
09:25:58  INFO      defenses.mkrum — MKrum selected 9 / 10 clients: [3, 10, 13, 25, 59, 66, 80, 82, 94]  |  rejected: [47]
09:26:39  INFO      defenses.mkrum — MKrum selected 9 / 10 clients: [0, 10, 25, 30, 32, 47, 66, 81, 97]  |  rejected: [87]
09:27:17  INFO      defenses.mkrum — MKrum selected 9 / 10 clients: [1, 7, 13, 32, 53, 56, 60, 66, 78]  |  rejected: [2]
09:27:58  INFO      defenses.mkrum — MKrum selected 9 / 10 clients: [4, 7, 16, 28, 35, 38, 40, 77, 81]  |  rejected: [87]
09:28:41  INFO      defenses.mkrum — MKrum selected 9 / 10 clients: [0, 3, 12, 31, 38, 40, 45, 51, 56]  |  rejected: [23]
09:29:24  INFO      defenses.mkrum — MKrum selected 9 / 10 clients: [10, 26, 44, 51, 53, 55, 62, 72, 77]  |  rejected: [41]
09:30:05  INFO      defenses.mkrum — MKrum selected 9 / 10 clients: [23, 35, 38, 42, 49, 56, 58, 59, 78]  |  rejected: [72]
09:30:12  INFO      experiment.runner — Round   41/240  |  acc:  74.01%  loss: 0.8449  |  FPR: 10.0%  |  mF1: 73.8%
09:30:50  INFO      defenses.mkrum — MKrum selected 9 / 10 clients: [3, 7, 11, 21, 24, 40, 41, 51, 69]  |  rejected: [27]
09:31:29  INFO      defenses.mkrum — MKrum selected 9 / 10 clients: [10, 17, 43, 46, 57, 76, 77, 80, 91]  |  rejected: [84]
09:32:05  INFO      defenses.mkrum — MKrum selected 9 / 10 clients: [9, 27, 42, 49, 69, 85, 89, 93, 97]  |  rejected: [98]
09:32:45  INFO      defenses.mkrum — MKrum selected 9 / 10 clients: [2, 29, 41, 53, 60, 65, 85, 93, 97]  |  rejected: [70]
09:33:23  INFO      defenses.mkrum — MKrum selected 9 / 10 clients: [0, 9, 12, 26, 28, 36, 59, 68, 91]  |  rejected: [64]
09:34:10  INFO      defenses.mkrum — MKrum selected 9 / 10 clients: [1, 5, 11, 12, 19, 20, 40, 42, 65]  |  rejected: [88]
09:34:48  INFO      defenses.mkrum — MKrum selected 9 / 10 clients: [17, 45, 49, 50, 51, 64, 65, 75, 83]  |  rejected: [88]
09:35:29  INFO      defenses.mkrum — MKrum selected 9 / 10 clients: [22, 23, 25, 41, 45, 49, 72, 78, 99]  |  rejected: [34]
09:36:08  INFO      defenses.mkrum — MKrum selected 9 / 10 clients: [1, 2, 21, 35, 39, 61, 66, 73, 87]  |  rejected: [96]
09:36:44  INFO      defenses.mkrum — MKrum selected 9 / 10 clients: [11, 34, 36, 54, 57, 61, 66, 86, 96]  |  rejected: [18]
09:36:54  INFO      experiment.runner — Round   51/240  |  acc:  75.66%  loss: 0.7944  |  FPR: 10.0%  |  mF1: 75.4%
09:37:30  INFO      defenses.mkrum — MKrum selected 9 / 10 clients: [6, 22, 29, 42, 44, 76, 86, 87, 95]  |  rejected: [18]
09:38:07  INFO      defenses.mkrum — MKrum selected 9 / 10 clients: [3, 23, 35, 44, 68, 69, 85, 97, 99]  |  rejected: [74]
09:38:48  INFO      defenses.mkrum — MKrum selected 9 / 10 clients: [12, 17, 27, 43, 54, 58, 65, 69, 95]  |  rejected: [26]
09:39:29  INFO      defenses.mkrum — MKrum selected 9 / 10 clients: [1, 6, 25, 45, 54, 72, 87, 91, 99]  |  rejected: [71]
09:40:09  INFO      defenses.mkrum — MKrum selected 9 / 10 clients: [7, 24, 47, 51, 55, 59, 63, 80, 93]  |  rejected: [71]
09:40:47  INFO      defenses.mkrum — MKrum selected 9 / 10 clients: [10, 12, 21, 31, 33, 45, 60, 67, 75]  |  rejected: [98]
09:41:28  INFO      defenses.mkrum — MKrum selected 9 / 10 clients: [1, 22, 23, 28, 42, 67, 69, 85, 97]  |  rejected: [84]
09:42:05  INFO      defenses.mkrum — MKrum selected 9 / 10 clients: [3, 7, 25, 36, 43, 74, 75, 84, 91]  |  rejected: [90]
09:42:46  INFO      defenses.mkrum — MKrum selected 9 / 10 clients: [4, 9, 16, 31, 42, 50, 51, 58, 99]  |  rejected: [38]
09:43:25  INFO      defenses.mkrum — MKrum selected 9 / 10 clients: [5, 22, 25, 40, 59, 73, 81, 88, 91]  |  rejected: [18]
09:43:33  INFO      experiment.runner — Round   61/240  |  acc:  77.48%  loss: 0.7401  |  FPR: 10.0%  |  mF1: 77.4%
09:44:10  INFO      defenses.mkrum — MKrum selected 9 / 10 clients: [4, 17, 48, 50, 64, 66, 74, 85, 96]  |  rejected: [19]
09:44:52  INFO      defenses.mkrum — MKrum selected 9 / 10 clients: [12, 23, 36, 53, 65, 78, 81, 85, 95]  |  rejected: [61]
09:45:27  INFO      defenses.mkrum — MKrum selected 9 / 10 clients: [1, 32, 33, 44, 63, 66, 68, 78, 98]  |  rejected: [47]
09:46:06  INFO      defenses.mkrum — MKrum selected 9 / 10 clients: [1, 7, 13, 25, 26, 59, 67, 82, 94]  |  rejected: [39]
09:46:41  INFO      defenses.mkrum — MKrum selected 9 / 10 clients: [1, 15, 22, 25, 28, 32, 37, 39, 59]  |  rejected: [92]
09:47:21  INFO      defenses.mkrum — MKrum selected 9 / 10 clients: [20, 34, 41, 44, 47, 53, 70, 81, 85]  |  rejected: [71]
09:47:58  INFO      defenses.mkrum — MKrum selected 9 / 10 clients: [2, 3, 6, 11, 17, 33, 87, 90, 94]  |  rejected: [26]
09:48:40  INFO      defenses.mkrum — MKrum selected 9 / 10 clients: [9, 12, 22, 45, 52, 54, 56, 90, 98]  |  rejected: [71]
09:49:21  INFO      defenses.mkrum — MKrum selected 9 / 10 clients: [7, 19, 24, 31, 46, 53, 65, 73, 89]  |  rejected: [84]
09:50:05  INFO      defenses.mkrum — MKrum selected 9 / 10 clients: [4, 20, 40, 44, 52, 65, 66, 69, 81]  |  rejected: [92]
09:50:18  INFO      experiment.runner — Round   71/240  |  acc:  79.76%  loss: 0.6859  |  FPR: 10.0%  |  mF1: 79.6%
09:50:53  INFO      defenses.mkrum — MKrum selected 9 / 10 clients: [13, 35, 36, 37, 54, 58, 68, 95, 97]  |  rejected: [55]
09:51:31  INFO      defenses.mkrum — MKrum selected 9 / 10 clients: [7, 28, 33, 45, 46, 52, 57, 87, 93]  |  rejected: [84]
09:52:11  INFO      defenses.mkrum — MKrum selected 9 / 10 clients: [8, 15, 23, 41, 52, 65, 82, 91, 93]  |  rejected: [47]
09:52:48  INFO      defenses.mkrum — MKrum selected 9 / 10 clients: [2, 10, 24, 33, 39, 49, 54, 63, 74]  |  rejected: [55]
09:53:28  INFO      defenses.mkrum — MKrum selected 9 / 10 clients: [1, 3, 15, 21, 30, 37, 60, 66, 77]  |  rejected: [90]
09:54:04  INFO      defenses.mkrum — MKrum selected 9 / 10 clients: [13, 25, 35, 48, 56, 64, 73, 75, 78]  |  rejected: [0]
09:54:45  INFO      defenses.mkrum — MKrum selected 9 / 10 clients: [9, 23, 25, 39, 53, 67, 84, 88, 95]  |  rejected: [18]
09:55:21  INFO      defenses.mkrum — MKrum selected 9 / 10 clients: [36, 39, 40, 60, 64, 82, 83, 87, 93]  |  rejected: [96]
09:56:04  INFO      defenses.mkrum — MKrum selected 9 / 10 clients: [7, 11, 59, 64, 68, 75, 81, 90, 98]  |  rejected: [61]
09:56:45  INFO      defenses.mkrum — MKrum selected 9 / 10 clients: [9, 10, 20, 43, 52, 61, 75, 96, 99]  |  rejected: [92]
09:56:51  INFO      experiment.runner — Round   81/240  |  acc:  80.75%  loss: 0.6436  |  FPR: 10.0%  |  mF1: 80.7%
09:57:28  INFO      defenses.mkrum — MKrum selected 9 / 10 clients: [19, 52, 62, 63, 68, 73, 78, 82, 89]  |  rejected: [14]
09:58:07  INFO      defenses.mkrum — MKrum selected 9 / 10 clients: [1, 10, 33, 36, 56, 65, 74, 89, 90]  |  rejected: [72]
09:58:44  INFO      defenses.mkrum — MKrum selected 9 / 10 clients: [0, 21, 35, 42, 56, 65, 66, 94, 97]  |  rejected: [71]
09:59:24  INFO      defenses.mkrum — MKrum selected 9 / 10 clients: [20, 22, 40, 41, 42, 47, 89, 90, 98]  |  rejected: [61]
10:00:00  INFO      defenses.mkrum — MKrum selected 9 / 10 clients: [7, 10, 12, 32, 36, 38, 41, 77, 89]  |  rejected: [72]
10:00:38  INFO      defenses.mkrum — MKrum selected 9 / 10 clients: [8, 37, 39, 48, 50, 52, 57, 60, 65]  |  rejected: [29]
10:01:17  INFO      defenses.mkrum — MKrum selected 9 / 10 clients: [5, 8, 10, 11, 15, 21, 73, 87, 98]  |  rejected: [26]
10:01:57  INFO      defenses.mkrum — MKrum selected 9 / 10 clients: [1, 6, 21, 36, 37, 57, 61, 93, 99]  |  rejected: [84]
10:02:33  INFO      defenses.mkrum — MKrum selected 9 / 10 clients: [11, 12, 15, 20, 32, 33, 34, 47, 97]  |  rejected: [80]
10:03:10  INFO      defenses.mkrum — MKrum selected 9 / 10 clients: [24, 25, 28, 63, 68, 72, 86, 90, 95]  |  rejected: [88]
10:03:20  INFO      experiment.runner — Round   91/240  |  acc:  81.90%  loss: 0.6243  |  FPR: 10.0%  |  mF1: 81.8%
10:03:54  INFO      defenses.mkrum — MKrum selected 9 / 10 clients: [11, 31, 32, 34, 51, 52, 59, 85, 89]  |  rejected: [91]
10:04:29  INFO      defenses.mkrum — MKrum selected 9 / 10 clients: [2, 23, 34, 48, 76, 77, 93, 94, 96]  |  rejected: [19]
10:05:09  INFO      defenses.mkrum — MKrum selected 9 / 10 clients: [13, 15, 49, 50, 58, 63, 69, 76, 78]  |  rejected: [17]
10:05:44  INFO      defenses.mkrum — MKrum selected 9 / 10 clients: [10, 13, 17, 28, 30, 42, 45, 69, 80]  |  rejected: [43]
10:06:26  INFO      defenses.mkrum — MKrum selected 9 / 10 clients: [0, 10, 28, 46, 47, 57, 59, 82, 86]  |  rejected: [72]
10:07:02  INFO      defenses.mkrum — MKrum selected 9 / 10 clients: [0, 20, 32, 57, 69, 74, 80, 83, 87]  |  rejected: [43]
10:07:41  INFO      defenses.mkrum — MKrum selected 9 / 10 clients: [3, 8, 15, 20, 34, 37, 47, 51, 78]  |  rejected: [26]
10:08:17  INFO      defenses.mkrum — MKrum selected 9 / 10 clients: [2, 9, 19, 23, 30, 78, 80, 87, 88]  |  rejected: [72]
10:08:57  INFO      defenses.mkrum — MKrum selected 9 / 10 clients: [9, 16, 35, 51, 53, 61, 75, 83, 88]  |  rejected: [91]
10:09:37  INFO      defenses.mkrum — MKrum selected 9 / 10 clients: [13, 19, 33, 35, 53, 61, 64, 67, 82]  |  rejected: [18]
10:09:43  INFO      experiment.runner — Round  101/240  |  acc:  82.77%  loss: 0.6116  |  FPR: 10.0%  |  mF1: 82.6%
10:10:18  INFO      defenses.mkrum — MKrum selected 9 / 10 clients: [0, 12, 15, 29, 36, 47, 61, 74, 82]  |  rejected: [72]
10:10:58  INFO      defenses.mkrum — MKrum selected 9 / 10 clients: [21, 25, 35, 43, 45, 66, 84, 86, 95]  |  rejected: [71]
10:11:37  INFO      defenses.mkrum — MKrum selected 9 / 10 clients: [1, 2, 10, 30, 51, 85, 90, 95, 97]  |  rejected: [24]
10:12:21  INFO      defenses.mkrum — MKrum selected 9 / 10 clients: [0, 2, 6, 24, 61, 87, 91, 93, 95]  |  rejected: [92]
10:12:57  INFO      defenses.mkrum — MKrum selected 9 / 10 clients: [9, 11, 38, 55, 65, 69, 70, 82, 86]  |  rejected: [26]
10:13:37  INFO      defenses.mkrum — MKrum selected 9 / 10 clients: [4, 10, 12, 23, 27, 58, 73, 85, 91]  |  rejected: [40]
10:14:13  INFO      defenses.mkrum — MKrum selected 9 / 10 clients: [12, 32, 34, 35, 45, 70, 75, 95, 98]  |  rejected: [84]
10:14:53  INFO      defenses.mkrum — MKrum selected 9 / 10 clients: [2, 5, 7, 10, 42, 46, 88, 89, 97]  |  rejected: [18]
10:15:28  INFO      defenses.mkrum — MKrum selected 9 / 10 clients: [0, 3, 6, 22, 30, 33, 54, 74, 90]  |  rejected: [72]
10:16:04  INFO      defenses.mkrum — MKrum selected 9 / 10 clients: [9, 16, 24, 44, 72, 82, 83, 89, 93]  |  rejected: [18]
10:16:13  INFO      experiment.runner — Round  111/240  |  acc:  83.45%  loss: 0.5803  |  FPR: 10.0%  |  mF1: 83.3%
10:16:49  INFO      defenses.mkrum — MKrum selected 9 / 10 clients: [40, 57, 58, 59, 63, 68, 75, 76, 93]  |  rejected: [88]
10:17:30  INFO      defenses.mkrum — MKrum selected 9 / 10 clients: [7, 18, 25, 28, 34, 56, 57, 60, 73]  |  rejected: [26]
10:18:10  INFO      defenses.mkrum — MKrum selected 9 / 10 clients: [20, 23, 42, 47, 54, 59, 60, 79, 95]  |  rejected: [14]
10:18:47  INFO      defenses.mkrum — MKrum selected 9 / 10 clients: [4, 8, 12, 15, 32, 33, 47, 65, 85]  |  rejected: [17]
10:19:30  INFO      defenses.mkrum — MKrum selected 9 / 10 clients: [35, 37, 40, 50, 52, 56, 64, 65, 82]  |  rejected: [27]
10:20:10  INFO      defenses.mkrum — MKrum selected 9 / 10 clients: [5, 6, 8, 19, 25, 42, 45, 58, 75]  |  rejected: [92]
10:20:51  INFO      defenses.mkrum — MKrum selected 9 / 10 clients: [2, 23, 42, 46, 53, 77, 85, 91, 95]  |  rejected: [80]
10:21:29  INFO      defenses.mkrum — MKrum selected 9 / 10 clients: [6, 7, 32, 33, 56, 58, 93, 97, 99]  |  rejected: [29]
10:22:10  INFO      defenses.mkrum — MKrum selected 9 / 10 clients: [3, 6, 7, 13, 34, 41, 50, 54, 83]  |  rejected: [26]
10:22:50  INFO      defenses.mkrum — MKrum selected 9 / 10 clients: [2, 10, 31, 37, 44, 51, 53, 66, 77]  |  rejected: [14]
10:22:58  INFO      experiment.runner — Round  121/240  |  acc:  83.95%  loss: 0.5669  |  FPR: 10.0%  |  mF1: 83.9%
10:23:34  INFO      defenses.mkrum — MKrum selected 9 / 10 clients: [6, 20, 23, 46, 50, 52, 54, 60, 90]  |  rejected: [96]
10:24:14  INFO      defenses.mkrum — MKrum selected 9 / 10 clients: [3, 37, 45, 53, 70, 80, 90, 91, 93]  |  rejected: [43]
10:24:56  INFO      defenses.mkrum — MKrum selected 9 / 10 clients: [2, 15, 24, 30, 40, 45, 61, 83, 91]  |  rejected: [48]
10:25:35  INFO      defenses.mkrum — MKrum selected 9 / 10 clients: [8, 24, 44, 49, 53, 61, 76, 80, 86]  |  rejected: [84]
10:26:18  INFO      defenses.mkrum — MKrum selected 9 / 10 clients: [8, 14, 31, 37, 46, 47, 49, 54, 75]  |  rejected: [72]
10:26:56  INFO      defenses.mkrum — MKrum selected 9 / 10 clients: [24, 26, 39, 41, 49, 55, 59, 64, 87]  |  rejected: [72]
10:27:40  INFO      defenses.mkrum — MKrum selected 9 / 10 clients: [7, 9, 23, 43, 47, 57, 69, 75, 98]  |  rejected: [96]
10:28:21  INFO      defenses.mkrum — MKrum selected 9 / 10 clients: [12, 17, 25, 28, 30, 43, 44, 74, 86]  |  rejected: [79]
10:29:04  INFO      defenses.mkrum — MKrum selected 9 / 10 clients: [7, 15, 16, 21, 37, 44, 64, 73, 76]  |  rejected: [96]
10:29:44  INFO      defenses.mkrum — MKrum selected 9 / 10 clients: [1, 2, 26, 50, 64, 82, 83, 84, 97]  |  rejected: [29]
10:29:54  INFO      experiment.runner — Round  131/240  |  acc:  84.26%  loss: 0.5706  |  FPR: 10.0%  |  mF1: 84.1%
10:30:31  INFO      defenses.mkrum — MKrum selected 9 / 10 clients: [6, 7, 12, 28, 30, 34, 39, 49, 99]  |  rejected: [92]
10:31:08  INFO      defenses.mkrum — MKrum selected 9 / 10 clients: [0, 6, 23, 28, 35, 46, 47, 57, 64]  |  rejected: [96]
10:31:50  INFO      defenses.mkrum — MKrum selected 9 / 10 clients: [0, 10, 12, 14, 21, 39, 76, 81, 83]  |  rejected: [41]
10:32:27  INFO      defenses.mkrum — MKrum selected 9 / 10 clients: [3, 28, 39, 59, 65, 83, 94, 95, 99]  |  rejected: [84]
10:33:09  INFO      defenses.mkrum — MKrum selected 9 / 10 clients: [13, 31, 40, 46, 49, 58, 65, 72, 82]  |  rejected: [18]
10:33:47  INFO      defenses.mkrum — MKrum selected 9 / 10 clients: [1, 6, 9, 64, 68, 69, 74, 80, 86]  |  rejected: [92]
10:34:28  INFO      defenses.mkrum — MKrum selected 9 / 10 clients: [0, 5, 6, 10, 13, 42, 43, 79, 90]  |  rejected: [96]
10:35:07  INFO      defenses.mkrum — MKrum selected 9 / 10 clients: [6, 7, 20, 50, 70, 77, 82, 87, 94]  |  rejected: [14]
10:35:47  INFO      defenses.mkrum — MKrum selected 9 / 10 clients: [0, 27, 33, 69, 75, 76, 86, 91, 94]  |  rejected: [92]
10:36:26  INFO      defenses.mkrum — MKrum selected 9 / 10 clients: [3, 6, 11, 21, 24, 30, 57, 70, 97]  |  rejected: [26]
10:36:32  INFO      experiment.runner — Round  141/240  |  acc:  84.49%  loss: 0.5728  |  FPR: 10.0%  |  mF1: 84.3%
10:37:10  INFO      defenses.mkrum — MKrum selected 9 / 10 clients: [1, 3, 10, 11, 32, 36, 41, 55, 63]  |  rejected: [67]
10:37:48  INFO      defenses.mkrum — MKrum selected 9 / 10 clients: [2, 9, 31, 40, 49, 77, 79, 91, 94]  |  rejected: [71]
10:38:31  INFO      defenses.mkrum — MKrum selected 9 / 10 clients: [8, 12, 15, 20, 48, 75, 84, 93, 98]  |  rejected: [96]
10:39:11  INFO      defenses.mkrum — MKrum selected 9 / 10 clients: [1, 6, 9, 24, 25, 31, 42, 60, 75]  |  rejected: [79]
10:39:53  INFO      defenses.mkrum — MKrum selected 9 / 10 clients: [27, 42, 44, 46, 53, 63, 66, 90, 94]  |  rejected: [38]
10:40:30  INFO      defenses.mkrum — MKrum selected 9 / 10 clients: [11, 13, 23, 42, 44, 46, 75, 87, 88]  |  rejected: [38]
10:41:12  INFO      defenses.mkrum — MKrum selected 9 / 10 clients: [9, 16, 19, 27, 44, 58, 63, 65, 74]  |  rejected: [92]
10:41:50  INFO      defenses.mkrum — MKrum selected 9 / 10 clients: [2, 3, 12, 20, 33, 48, 54, 68, 98]  |  rejected: [62]
10:42:32  INFO      defenses.mkrum — MKrum selected 9 / 10 clients: [9, 11, 13, 27, 30, 65, 77, 95, 98]  |  rejected: [96]
10:43:14  INFO      defenses.mkrum — MKrum selected 9 / 10 clients: [1, 4, 27, 37, 40, 52, 58, 75, 98]  |  rejected: [72]
10:43:20  INFO      experiment.runner — Round  151/240  |  acc:  85.30%  loss: 0.5421  |  FPR: 10.0%  |  mF1: 85.3%
10:44:00  INFO      defenses.mkrum — MKrum selected 9 / 10 clients: [5, 8, 11, 63, 80, 86, 87, 89, 90]  |  rejected: [18]
10:44:40  INFO      defenses.mkrum — MKrum selected 9 / 10 clients: [45, 47, 60, 63, 68, 69, 74, 87, 90]  |  rejected: [55]
10:45:22  INFO      defenses.mkrum — MKrum selected 9 / 10 clients: [16, 38, 63, 67, 81, 90, 93, 96, 99]  |  rejected: [71]
10:45:58  INFO      defenses.mkrum — MKrum selected 9 / 10 clients: [4, 8, 25, 52, 59, 67, 83, 93, 96]  |  rejected: [18]
10:46:40  INFO      defenses.mkrum — MKrum selected 9 / 10 clients: [3, 19, 20, 28, 59, 82, 90, 93, 98]  |  rejected: [18]
10:47:16  INFO      defenses.mkrum — MKrum selected 9 / 10 clients: [0, 19, 22, 34, 54, 65, 67, 68, 91]  |  rejected: [18]
10:47:57  INFO      defenses.mkrum — MKrum selected 9 / 10 clients: [1, 6, 25, 30, 52, 54, 68, 83, 90]  |  rejected: [73]
10:48:36  INFO      defenses.mkrum — MKrum selected 9 / 10 clients: [4, 13, 24, 42, 57, 64, 86, 88, 91]  |  rejected: [72]
10:49:12  INFO      defenses.mkrum — MKrum selected 9 / 10 clients: [1, 9, 13, 19, 31, 39, 51, 79, 83]  |  rejected: [38]
10:49:55  INFO      defenses.mkrum — MKrum selected 9 / 10 clients: [9, 11, 24, 31, 41, 46, 86, 90, 99]  |  rejected: [48]
10:50:01  INFO      experiment.runner — Round  161/240  |  acc:  85.47%  loss: 0.5365  |  FPR: 10.0%  |  mF1: 85.4%
10:50:36  INFO      defenses.mkrum — MKrum selected 9 / 10 clients: [15, 43, 44, 55, 57, 64, 78, 82, 94]  |  rejected: [62]
10:51:15  INFO      defenses.mkrum — MKrum selected 9 / 10 clients: [28, 45, 51, 66, 70, 77, 86, 88, 98]  |  rejected: [92]
10:51:53  INFO      defenses.mkrum — MKrum selected 9 / 10 clients: [12, 22, 34, 35, 42, 53, 58, 73, 95]  |  rejected: [18]
10:52:35  INFO      defenses.mkrum — MKrum selected 9 / 10 clients: [2, 11, 21, 35, 43, 45, 50, 73, 74]  |  rejected: [4]
10:53:12  INFO      defenses.mkrum — MKrum selected 9 / 10 clients: [0, 5, 19, 31, 55, 58, 66, 83, 96]  |  rejected: [27]
10:53:53  INFO      defenses.mkrum — MKrum selected 9 / 10 clients: [16, 31, 58, 59, 64, 84, 87, 96, 99]  |  rejected: [29]
10:54:30  INFO      defenses.mkrum — MKrum selected 9 / 10 clients: [9, 28, 45, 57, 59, 74, 76, 77, 86]  |  rejected: [85]
10:55:14  INFO      defenses.mkrum — MKrum selected 9 / 10 clients: [21, 43, 51, 54, 63, 64, 76, 78, 98]  |  rejected: [80]
10:55:54  INFO      defenses.mkrum — MKrum selected 9 / 10 clients: [11, 36, 50, 51, 57, 77, 81, 86, 88]  |  rejected: [71]
10:56:33  INFO      defenses.mkrum — MKrum selected 9 / 10 clients: [8, 21, 23, 24, 55, 56, 63, 65, 84]  |  rejected: [4]
10:56:43  INFO      experiment.runner — Round  171/240  |  acc:  85.70%  loss: 0.5395  |  FPR: 10.0%  |  mF1: 85.6%
10:57:18  INFO      defenses.mkrum — MKrum selected 9 / 10 clients: [3, 24, 42, 46, 64, 69, 86, 90, 98]  |  rejected: [80]
10:57:56  INFO      defenses.mkrum — MKrum selected 9 / 10 clients: [5, 13, 15, 30, 43, 50, 77, 78, 96]  |  rejected: [38]
10:58:39  INFO      defenses.mkrum — MKrum selected 9 / 10 clients: [13, 51, 57, 59, 69, 84, 85, 87, 95]  |  rejected: [29]
10:59:16  INFO      defenses.mkrum — MKrum selected 9 / 10 clients: [1, 35, 44, 55, 57, 68, 73, 80, 82]  |  rejected: [26]
10:59:57  INFO      defenses.mkrum — MKrum selected 9 / 10 clients: [8, 23, 26, 28, 32, 34, 47, 53, 59]  |  rejected: [14]
11:00:33  INFO      defenses.mkrum — MKrum selected 9 / 10 clients: [13, 25, 32, 55, 65, 67, 81, 84, 89]  |  rejected: [71]
11:01:18  INFO      defenses.mkrum — MKrum selected 9 / 10 clients: [5, 6, 40, 42, 43, 70, 77, 83, 87]  |  rejected: [62]
11:01:55  INFO      defenses.mkrum — MKrum selected 9 / 10 clients: [4, 8, 11, 18, 52, 54, 78, 79, 96]  |  rejected: [38]
11:02:39  INFO      defenses.mkrum — MKrum selected 9 / 10 clients: [3, 14, 24, 30, 41, 51, 53, 86, 94]  |  rejected: [72]
11:03:16  INFO      defenses.mkrum — MKrum selected 9 / 10 clients: [8, 31, 33, 49, 51, 65, 68, 81, 99]  |  rejected: [80]
11:03:22  INFO      experiment.runner — Round  181/240  |  acc:  86.22%  loss: 0.5139  |  FPR: 10.0%  |  mF1: 86.2%
11:04:02  INFO      defenses.mkrum — MKrum selected 9 / 10 clients: [30, 47, 50, 73, 84, 85, 86, 89, 95]  |  rejected: [80]
11:04:41  INFO      defenses.mkrum — MKrum selected 9 / 10 clients: [11, 13, 24, 54, 64, 84, 86, 90, 94]  |  rejected: [38]
11:05:21  INFO      defenses.mkrum — MKrum selected 9 / 10 clients: [6, 20, 30, 37, 49, 50, 55, 64, 74]  |  rejected: [92]
11:06:01  INFO      defenses.mkrum — MKrum selected 9 / 10 clients: [4, 13, 49, 56, 59, 60, 73, 74, 91]  |  rejected: [38]
11:06:42  INFO      defenses.mkrum — MKrum selected 9 / 10 clients: [5, 19, 20, 36, 65, 66, 73, 76, 77]  |  rejected: [48]
11:07:22  INFO      defenses.mkrum — MKrum selected 9 / 10 clients: [3, 4, 11, 52, 55, 60, 80, 91, 93]  |  rejected: [29]
11:07:59  INFO      defenses.mkrum — MKrum selected 9 / 10 clients: [4, 6, 14, 16, 30, 34, 39, 73, 93]  |  rejected: [72]
11:08:40  INFO      defenses.mkrum — MKrum selected 9 / 10 clients: [1, 5, 28, 39, 54, 69, 79, 80, 89]  |  rejected: [48]
11:09:17  INFO      defenses.mkrum — MKrum selected 9 / 10 clients: [6, 7, 15, 23, 33, 50, 82, 86, 99]  |  rejected: [36]
11:09:58  INFO      defenses.mkrum — MKrum selected 9 / 10 clients: [6, 19, 31, 35, 38, 57, 70, 76, 95]  |  rejected: [71]
11:10:05  INFO      experiment.runner — Round  191/240  |  acc:  86.35%  loss: 0.5139  |  FPR: 10.0%  |  mF1: 86.3%
11:10:39  INFO      defenses.mkrum — MKrum selected 9 / 10 clients: [15, 30, 47, 56, 63, 65, 69, 80, 95]  |  rejected: [22]
11:11:20  INFO      defenses.mkrum — MKrum selected 9 / 10 clients: [5, 15, 16, 25, 41, 45, 50, 61, 82]  |  rejected: [92]
11:11:59  INFO      defenses.mkrum — MKrum selected 9 / 10 clients: [9, 11, 12, 30, 46, 59, 76, 85, 89]  |  rejected: [61]
11:12:40  INFO      defenses.mkrum — MKrum selected 9 / 10 clients: [32, 49, 53, 56, 68, 73, 89, 96, 98]  |  rejected: [22]
11:13:17  INFO      defenses.mkrum — MKrum selected 9 / 10 clients: [7, 11, 15, 16, 31, 42, 70, 77, 99]  |  rejected: [60]
11:13:58  INFO      defenses.mkrum — MKrum selected 9 / 10 clients: [35, 51, 57, 66, 70, 85, 93, 97, 99]  |  rejected: [61]
11:14:40  INFO      defenses.mkrum — MKrum selected 9 / 10 clients: [23, 31, 35, 39, 51, 60, 74, 93, 94]  |  rejected: [22]
11:15:17  INFO      defenses.mkrum — MKrum selected 9 / 10 clients: [1, 12, 27, 30, 47, 73, 82, 96, 98]  |  rejected: [88]
11:15:59  INFO      defenses.mkrum — MKrum selected 9 / 10 clients: [2, 20, 22, 43, 49, 59, 62, 74, 89]  |  rejected: [18]
11:16:35  INFO      defenses.mkrum — MKrum selected 9 / 10 clients: [9, 34, 39, 53, 57, 60, 66, 96, 97]  |  rejected: [48]
11:16:41  INFO      experiment.runner — Round  201/240  |  acc:  86.79%  loss: 0.5027  |  FPR: 10.0%  |  mF1: 86.8%
11:17:23  INFO      defenses.mkrum — MKrum selected 9 / 10 clients: [7, 28, 44, 49, 50, 55, 87, 96, 97]  |  rejected: [88]
11:18:00  INFO      defenses.mkrum — MKrum selected 9 / 10 clients: [1, 10, 46, 58, 60, 69, 86, 93, 97]  |  rejected: [88]
11:18:40  INFO      defenses.mkrum — MKrum selected 9 / 10 clients: [1, 6, 15, 19, 21, 34, 49, 83, 98]  |  rejected: [78]
11:19:19  INFO      defenses.mkrum — MKrum selected 9 / 10 clients: [11, 12, 25, 31, 42, 65, 73, 80, 96]  |  rejected: [22]
11:20:00  INFO      defenses.mkrum — MKrum selected 9 / 10 clients: [11, 14, 20, 30, 41, 48, 51, 86, 94]  |  rejected: [92]
11:20:36  INFO      defenses.mkrum — MKrum selected 9 / 10 clients: [13, 22, 28, 30, 34, 45, 68, 82, 99]  |  rejected: [67]
11:21:20  INFO      defenses.mkrum — MKrum selected 9 / 10 clients: [6, 35, 37, 41, 63, 73, 74, 76, 97]  |  rejected: [71]
11:21:58  INFO      defenses.mkrum — MKrum selected 9 / 10 clients: [2, 45, 52, 65, 69, 80, 81, 84, 99]  |  rejected: [17]
11:22:38  INFO      defenses.mkrum — MKrum selected 9 / 10 clients: [19, 20, 44, 56, 69, 74, 78, 90, 99]  |  rejected: [72]
11:23:22  INFO      defenses.mkrum — MKrum selected 9 / 10 clients: [4, 18, 25, 34, 40, 66, 70, 75, 84]  |  rejected: [92]
11:23:28  INFO      experiment.runner — Round  211/240  |  acc:  86.48%  loss: 0.5327  |  FPR: 10.0%  |  mF1: 86.5%
11:24:01  INFO      defenses.mkrum — MKrum selected 9 / 10 clients: [4, 9, 10, 19, 28, 43, 71, 82, 97]  |  rejected: [29]
11:24:43  INFO      defenses.mkrum — MKrum selected 9 / 10 clients: [1, 13, 14, 27, 32, 39, 47, 50, 78]  |  rejected: [29]
11:25:19  INFO      defenses.mkrum — MKrum selected 9 / 10 clients: [1, 11, 14, 46, 60, 66, 76, 77, 85]  |  rejected: [81]
11:26:00  INFO      defenses.mkrum — MKrum selected 9 / 10 clients: [11, 40, 44, 47, 61, 76, 82, 95, 96]  |  rejected: [29]
11:26:36  INFO      defenses.mkrum — MKrum selected 9 / 10 clients: [3, 14, 34, 80, 82, 88, 92, 94, 99]  |  rejected: [62]
11:27:17  INFO      defenses.mkrum — MKrum selected 9 / 10 clients: [10, 28, 34, 46, 60, 74, 92, 94, 96]  |  rejected: [48]
11:27:54  INFO      defenses.mkrum — MKrum selected 9 / 10 clients: [27, 43, 55, 63, 75, 85, 90, 91, 95]  |  rejected: [17]
11:28:37  INFO      defenses.mkrum — MKrum selected 9 / 10 clients: [1, 10, 22, 39, 42, 46, 63, 68, 72]  |  rejected: [71]
11:29:15  INFO      defenses.mkrum — MKrum selected 9 / 10 clients: [8, 35, 40, 43, 51, 65, 88, 89, 93]  |  rejected: [0]
11:29:56  INFO      defenses.mkrum — MKrum selected 9 / 10 clients: [4, 9, 12, 24, 60, 64, 66, 83, 91]  |  rejected: [29]
11:30:05  INFO      experiment.runner — Round  221/240  |  acc:  86.63%  loss: 0.5213  |  FPR: 10.0%  |  mF1: 86.6%
11:30:40  INFO      defenses.mkrum — MKrum selected 9 / 10 clients: [8, 20, 39, 65, 68, 80, 86, 89, 95]  |  rejected: [23]
11:31:17  INFO      defenses.mkrum — MKrum selected 9 / 10 clients: [24, 36, 39, 58, 65, 66, 70, 83, 85]  |  rejected: [71]
11:31:59  INFO      defenses.mkrum — MKrum selected 9 / 10 clients: [20, 24, 45, 55, 59, 68, 82, 88, 98]  |  rejected: [61]
11:32:35  INFO      defenses.mkrum — MKrum selected 9 / 10 clients: [4, 20, 24, 30, 31, 56, 64, 73, 90]  |  rejected: [62]
11:33:16  INFO      defenses.mkrum — MKrum selected 9 / 10 clients: [3, 13, 29, 34, 35, 43, 49, 88, 94]  |  rejected: [18]
11:33:56  INFO      defenses.mkrum — MKrum selected 9 / 10 clients: [7, 10, 12, 17, 32, 61, 69, 86, 93]  |  rejected: [92]
11:34:36  INFO      defenses.mkrum — MKrum selected 9 / 10 clients: [2, 17, 25, 33, 46, 54, 69, 80, 83]  |  rejected: [67]
11:35:13  INFO      defenses.mkrum — MKrum selected 9 / 10 clients: [31, 35, 43, 46, 56, 61, 70, 74, 91]  |  rejected: [92]
11:35:53  INFO      defenses.mkrum — MKrum selected 9 / 10 clients: [4, 43, 45, 46, 49, 50, 66, 85, 86]  |  rejected: [27]
11:36:31  INFO      defenses.mkrum — MKrum selected 9 / 10 clients: [3, 21, 24, 26, 28, 37, 38, 58, 95]  |  rejected: [62]
11:36:37  INFO      experiment.runner — Round  231/240  |  acc:  86.91%  loss: 0.5075  |  FPR: 10.0%  |  mF1: 86.9%
11:37:16  INFO      defenses.mkrum — MKrum selected 9 / 10 clients: [4, 8, 39, 53, 58, 77, 81, 95, 98]  |  rejected: [72]
11:37:55  INFO      defenses.mkrum — MKrum selected 9 / 10 clients: [2, 14, 22, 28, 45, 47, 65, 73, 88]  |  rejected: [38]
11:38:33  INFO      defenses.mkrum — MKrum selected 9 / 10 clients: [0, 7, 45, 50, 56, 59, 61, 75, 80]  |  rejected: [71]
11:39:19  INFO      defenses.mkrum — MKrum selected 9 / 10 clients: [27, 58, 59, 67, 77, 82, 84, 89, 93]  |  rejected: [48]
11:39:56  INFO      defenses.mkrum — MKrum selected 9 / 10 clients: [10, 34, 40, 53, 62, 78, 87, 90, 92]  |  rejected: [72]
11:40:37  INFO      defenses.mkrum — MKrum selected 9 / 10 clients: [1, 3, 16, 22, 51, 61, 75, 95, 98]  |  rejected: [71]
11:41:15  INFO      defenses.mkrum — MKrum selected 9 / 10 clients: [20, 21, 35, 39, 52, 53, 59, 78, 90]  |  rejected: [29]
11:41:56  INFO      defenses.mkrum — MKrum selected 9 / 10 clients: [1, 16, 21, 24, 39, 55, 70, 76, 97]  |  rejected: [18]
11:42:32  INFO      defenses.mkrum — MKrum selected 9 / 10 clients: [5, 20, 21, 36, 52, 58, 62, 67, 75]  |  rejected: [29]
11:42:39  INFO      experiment.runner — Round  240/240  |  acc:  86.92%  loss: 0.5058  |  FPR: 10.0%  |  mF1: 86.8%
11:42:39  INFO      experiment.runner — Final model saved to results/benchmark/cifar10_none_mkrum_seed9/final_model.pt
11:42:39  INFO      experiment.runner — Client atypicality written to results/benchmark/cifar10_none_mkrum_seed9/client_atypicality.json
11:42:39  INFO      experiment.runner — Client inclusion rates written to results/benchmark/cifar10_none_mkrum_seed9/client_inclusion.csv
11:42:39  INFO      experiment.runner — Anomaly scores written to results/benchmark/cifar10_none_mkrum_seed9/anomaly_scores.csv (2400 rows)
11:42:39  INFO      benchmark — ✓  cifar10_none_mkrum_seed9  (159.9 min)
11:42:39  INFO      benchmark — ▶  cifar10_none_krum_seed0
11:42:39  INFO      experiment.runner — Initialising 'cifar10_none_krum_seed0' | device=cuda | rounds=240 | clients=10/100 | attack=none | defense=mkrum
11:42:43  INFO      defenses.mkrum — MKrumServer initialised — f=1 Byzantine, selecting m=1 updates.
11:42:54  INFO      experiment.utils — Built 100 clients — 0 malicious, 100 benign.
11:42:54  INFO      experiment.runner — Setup complete — 100 clients (0 malicious) | backdoor eval: none

==============================================================
  Summary — 25 rounds evaluated
==============================================================
  Final clean accuracy               86.92%
  Best  clean accuracy               86.92%
  Final clean loss                   0.5058
  Macro F1                           86.84%
  Pooled FPR (all rounds)            10.00%
==============================================================

Files already downloaded and verified
Files already downloaded and verified
Files already downloaded and verified
Files already downloaded and verified
11:43:30  INFO      defenses.mkrum — MKrum selected 1 / 10 clients: [62]  |  rejected: [5, 33, 38, 49, 51, 53, 61, 65, 97]
11:43:33  INFO      experiment.runner — Round    1/240  |  acc:  29.32%  loss: 2.0883  |  FPR: 90.0%  |  mF1: 25.5%
11:44:06  INFO      defenses.mkrum — MKrum selected 1 / 10 clients: [45]  |  rejected: [12, 17, 27, 32, 36, 64, 74, 79, 96]
11:44:47  INFO      defenses.mkrum — MKrum selected 1 / 10 clients: [87]  |  rejected: [9, 12, 18, 39, 42, 68, 77, 90, 93]
11:45:21  INFO      defenses.mkrum — MKrum selected 1 / 10 clients: [55]  |  rejected: [12, 26, 40, 45, 60, 70, 71, 78, 81]
11:45:58  INFO      defenses.mkrum — MKrum selected 1 / 10 clients: [51]  |  rejected: [1, 7, 11, 33, 56, 61, 66, 70, 92]
11:46:33  INFO      defenses.mkrum — MKrum selected 1 / 10 clients: [85]  |  rejected: [0, 31, 41, 42, 63, 78, 80, 90, 93]
11:47:06  INFO      defenses.mkrum — MKrum selected 1 / 10 clients: [69]  |  rejected: [8, 11, 18, 24, 28, 30, 57, 72, 90]
11:47:44  INFO      defenses.mkrum — MKrum selected 1 / 10 clients: [38]  |  rejected: [10, 13, 15, 37, 40, 62, 65, 70, 90]
11:48:18  INFO      defenses.mkrum — MKrum selected 1 / 10 clients: [69]  |  rejected: [11, 26, 36, 42, 56, 70, 75, 76, 77]
11:48:55  INFO      defenses.mkrum — MKrum selected 1 / 10 clients: [24]  |  rejected: [4, 23, 30, 37, 40, 49, 73, 78, 84]
11:49:29  INFO      defenses.mkrum — MKrum selected 1 / 10 clients: [10]  |  rejected: [4, 8, 11, 16, 19, 33, 60, 86, 96]
11:49:32  INFO      experiment.runner — Round   11/240  |  acc:  44.30%  loss: 1.7650  |  FPR: 90.0%  |  mF1: 42.0%
11:50:09  INFO      defenses.mkrum — MKrum selected 1 / 10 clients: [30]  |  rejected: [27, 35, 50, 66, 67, 69, 87, 89, 90]
11:50:45  INFO      defenses.mkrum — MKrum selected 1 / 10 clients: [53]  |  rejected: [35, 57, 63, 74, 75, 82, 84, 86, 89]
11:51:19  INFO      defenses.mkrum — MKrum selected 1 / 10 clients: [45]  |  rejected: [10, 14, 24, 41, 42, 62, 75, 78, 80]
11:51:56  INFO      defenses.mkrum — MKrum selected 1 / 10 clients: [21]  |  rejected: [2, 14, 28, 31, 34, 42, 47, 90, 93]
11:52:29  INFO      defenses.mkrum — MKrum selected 1 / 10 clients: [73]  |  rejected: [5, 7, 12, 18, 28, 54, 68, 81, 89]
11:53:08  INFO      defenses.mkrum — MKrum selected 1 / 10 clients: [73]  |  rejected: [3, 9, 11, 15, 24, 50, 77, 81, 87]
11:53:42  INFO      defenses.mkrum — MKrum selected 1 / 10 clients: [2]  |  rejected: [4, 14, 15, 23, 24, 47, 61, 77, 91]
11:54:16  INFO      defenses.mkrum — MKrum selected 1 / 10 clients: [2]  |  rejected: [7, 12, 26, 33, 54, 69, 79, 86, 93]
11:54:54  INFO      defenses.mkrum — MKrum selected 1 / 10 clients: [55]  |  rejected: [7, 8, 9, 23, 28, 38, 44, 64, 82]
11:55:29  INFO      defenses.mkrum — MKrum selected 1 / 10 clients: [45]  |  rejected: [5, 12, 25, 33, 50, 59, 76, 89, 93]
11:55:33  INFO      experiment.runner — Round   21/240  |  acc:  55.28%  loss: 1.4209  |  FPR: 90.0%  |  mF1: 54.6%
11:56:09  INFO      defenses.mkrum — MKrum selected 1 / 10 clients: [72]  |  rejected: [7, 20, 21, 26, 43, 60, 86, 89, 98]
11:56:43  INFO      defenses.mkrum — MKrum selected 1 / 10 clients: [76]  |  rejected: [1, 15, 22, 32, 56, 60, 67, 85, 87]
11:57:20  INFO      defenses.mkrum — MKrum selected 1 / 10 clients: [72]  |  rejected: [19, 32, 39, 45, 49, 52, 65, 83, 84]
11:57:57  INFO      defenses.mkrum — MKrum selected 1 / 10 clients: [10]  |  rejected: [1, 5, 35, 42, 58, 69, 71, 88, 94]
11:58:30  INFO      defenses.mkrum — MKrum selected 1 / 10 clients: [61]  |  rejected: [17, 30, 36, 45, 75, 78, 81, 86, 97]
11:59:08  INFO      defenses.mkrum — MKrum selected 1 / 10 clients: [10]  |  rejected: [0, 16, 39, 49, 53, 79, 83, 91, 95]
11:59:41  INFO      defenses.mkrum — MKrum selected 1 / 10 clients: [57]  |  rejected: [20, 24, 28, 30, 42, 48, 76, 81, 89]
12:00:19  INFO      defenses.mkrum — MKrum selected 1 / 10 clients: [72]  |  rejected: [4, 5, 51, 53, 84, 86, 89, 90, 98]
12:00:54  INFO      defenses.mkrum — MKrum selected 1 / 10 clients: [57]  |  rejected: [8, 20, 21, 33, 62, 67, 71, 77, 89]
12:01:32  INFO      defenses.mkrum — MKrum selected 1 / 10 clients: [53]  |  rejected: [0, 4, 6, 24, 39, 41, 59, 63, 96]
12:01:38  INFO      experiment.runner — Round   31/240  |  acc:  57.18%  loss: 1.4625  |  FPR: 90.0%  |  mF1: 56.3%
12:02:15  INFO      defenses.mkrum — MKrum selected 1 / 10 clients: [53]  |  rejected: [1, 10, 16, 40, 51, 70, 81, 86, 92]
12:02:49  INFO      defenses.mkrum — MKrum selected 1 / 10 clients: [12]  |  rejected: [0, 1, 24, 27, 67, 78, 86, 91, 96]
12:03:29  INFO      defenses.mkrum — MKrum selected 1 / 10 clients: [12]  |  rejected: [15, 23, 25, 35, 38, 60, 77, 83, 88]
12:04:03  INFO      defenses.mkrum — MKrum selected 1 / 10 clients: [57]  |  rejected: [2, 10, 14, 17, 32, 35, 50, 80, 83]
12:04:42  INFO      defenses.mkrum — MKrum selected 1 / 10 clients: [5]  |  rejected: [2, 14, 19, 26, 35, 44, 66, 82, 83]
12:05:15  INFO      defenses.mkrum — MKrum selected 1 / 10 clients: [5]  |  rejected: [33, 40, 46, 71, 72, 77, 87, 89, 95]
12:05:57  INFO      defenses.mkrum — MKrum selected 1 / 10 clients: [22]  |  rejected: [47, 55, 58, 63, 68, 81, 82, 83, 91]
12:06:32  INFO      defenses.mkrum — MKrum selected 1 / 10 clients: [34]  |  rejected: [1, 17, 19, 26, 37, 42, 43, 48, 75]
12:07:06  INFO      defenses.mkrum — MKrum selected 1 / 10 clients: [34]  |  rejected: [4, 5, 11, 20, 43, 47, 79, 91, 99]
12:07:45  INFO      defenses.mkrum — MKrum selected 1 / 10 clients: [61]  |  rejected: [14, 16, 19, 37, 46, 50, 70, 74, 93]
12:07:49  INFO      experiment.runner — Round   41/240  |  acc:  61.65%  loss: 1.2741  |  FPR: 90.0%  |  mF1: 61.3%
12:08:22  INFO      defenses.mkrum — MKrum selected 1 / 10 clients: [22]  |  rejected: [6, 9, 30, 38, 39, 42, 51, 66, 93]
12:09:00  INFO      defenses.mkrum — MKrum selected 1 / 10 clients: [61]  |  rejected: [12, 13, 14, 15, 38, 43, 53, 60, 71]
12:09:35  INFO      defenses.mkrum — MKrum selected 1 / 10 clients: [54]  |  rejected: [4, 19, 21, 38, 42, 63, 87, 89, 94]
12:10:16  INFO      defenses.mkrum — MKrum selected 1 / 10 clients: [10]  |  rejected: [8, 11, 25, 28, 48, 72, 80, 81, 95]
12:10:50  INFO      defenses.mkrum — MKrum selected 1 / 10 clients: [57]  |  rejected: [1, 7, 12, 37, 49, 50, 62, 66, 71]
12:11:25  INFO      defenses.mkrum — MKrum selected 1 / 10 clients: [10]  |  rejected: [27, 28, 33, 47, 54, 74, 86, 91, 99]
12:12:06  INFO      defenses.mkrum — MKrum selected 1 / 10 clients: [57]  |  rejected: [3, 8, 14, 21, 24, 45, 55, 67, 89]
12:12:43  INFO      defenses.mkrum — MKrum selected 1 / 10 clients: [5]  |  rejected: [15, 25, 26, 32, 50, 63, 82, 86, 96]
12:13:22  INFO      defenses.mkrum — MKrum selected 1 / 10 clients: [25]  |  rejected: [13, 18, 19, 27, 46, 48, 58, 69, 79]
12:13:57  INFO      defenses.mkrum — MKrum selected 1 / 10 clients: [54]  |  rejected: [13, 18, 51, 62, 66, 72, 76, 81, 87]
12:14:00  INFO      experiment.runner — Round   51/240  |  acc:  64.51%  loss: 1.2132  |  FPR: 90.0%  |  mF1: 64.2%
12:14:39  INFO      defenses.mkrum — MKrum selected 1 / 10 clients: [25]  |  rejected: [1, 28, 41, 63, 69, 78, 81, 85, 86]
12:15:14  INFO      defenses.mkrum — MKrum selected 1 / 10 clients: [32]  |  rejected: [4, 18, 40, 41, 43, 67, 77, 90, 95]
12:15:53  INFO      defenses.mkrum — MKrum selected 1 / 10 clients: [10]  |  rejected: [8, 19, 37, 48, 60, 66, 74, 90, 91]
12:16:28  INFO      defenses.mkrum — MKrum selected 1 / 10 clients: [57]  |  rejected: [1, 5, 8, 16, 20, 28, 38, 42, 97]
12:17:02  INFO      defenses.mkrum — MKrum selected 1 / 10 clients: [4]  |  rejected: [11, 19, 47, 48, 58, 64, 67, 73, 83]
12:17:42  INFO      defenses.mkrum — MKrum selected 1 / 10 clients: [54]  |  rejected: [9, 26, 37, 66, 76, 86, 95, 96, 97]
12:18:16  INFO      defenses.mkrum — MKrum selected 1 / 10 clients: [61]  |  rejected: [2, 29, 49, 53, 68, 75, 76, 77, 84]
12:18:53  INFO      defenses.mkrum — MKrum selected 1 / 10 clients: [32]  |  rejected: [0, 8, 23, 38, 42, 63, 64, 72, 94]
12:19:28  INFO      defenses.mkrum — MKrum selected 1 / 10 clients: [30]  |  rejected: [7, 16, 20, 33, 38, 49, 52, 82, 98]
12:20:01  INFO      defenses.mkrum — MKrum selected 1 / 10 clients: [61]  |  rejected: [4, 7, 18, 36, 42, 53, 62, 77, 93]
12:20:05  INFO      experiment.runner — Round   61/240  |  acc:  68.72%  loss: 1.1202  |  FPR: 90.0%  |  mF1: 68.3%
12:20:41  INFO      defenses.mkrum — MKrum selected 1 / 10 clients: [10]  |  rejected: [4, 19, 45, 52, 59, 78, 86, 89, 91]
12:21:13  INFO      defenses.mkrum — MKrum selected 1 / 10 clients: [76]  |  rejected: [2, 4, 6, 12, 19, 49, 58, 60, 99]
12:21:51  INFO      defenses.mkrum — MKrum selected 1 / 10 clients: [44]  |  rejected: [13, 16, 24, 41, 70, 79, 80, 83, 89]
12:22:23  INFO      defenses.mkrum — MKrum selected 1 / 10 clients: [14]  |  rejected: [7, 43, 49, 59, 62, 78, 80, 89, 99]
12:22:59  INFO      defenses.mkrum — MKrum selected 1 / 10 clients: [95]  |  rejected: [15, 16, 37, 49, 66, 79, 83, 87, 91]
12:23:37  INFO      defenses.mkrum — MKrum selected 1 / 10 clients: [9]  |  rejected: [4, 24, 45, 47, 50, 56, 58, 80, 96]
12:24:11  INFO      defenses.mkrum — MKrum selected 1 / 10 clients: [32]  |  rejected: [3, 5, 27, 29, 62, 66, 72, 73, 85]
12:24:51  INFO      defenses.mkrum — MKrum selected 1 / 10 clients: [14]  |  rejected: [11, 18, 39, 53, 64, 67, 80, 89, 99]
12:25:27  INFO      defenses.mkrum — MKrum selected 1 / 10 clients: [10]  |  rejected: [8, 12, 13, 19, 53, 54, 72, 93, 99]
12:26:07  INFO      defenses.mkrum — MKrum selected 1 / 10 clients: [10]  |  rejected: [3, 32, 41, 53, 55, 57, 63, 87, 92]
12:26:12  INFO      experiment.runner — Round   71/240  |  acc:  69.94%  loss: 1.1389  |  FPR: 90.0%  |  mF1: 69.6%
12:26:45  INFO      defenses.mkrum — MKrum selected 1 / 10 clients: [22]  |  rejected: [1, 3, 9, 15, 29, 44, 45, 46, 88]
12:27:17  INFO      defenses.mkrum — MKrum selected 1 / 10 clients: [9]  |  rejected: [0, 15, 18, 26, 76, 84, 86, 93, 95]
12:27:55  INFO      defenses.mkrum — MKrum selected 1 / 10 clients: [18]  |  rejected: [0, 3, 23, 29, 37, 47, 58, 77, 88]
12:28:31  INFO      defenses.mkrum — MKrum selected 1 / 10 clients: [61]  |  rejected: [3, 14, 16, 26, 33, 42, 44, 46, 90]
12:29:10  INFO      defenses.mkrum — MKrum selected 1 / 10 clients: [10]  |  rejected: [13, 23, 37, 41, 60, 68, 70, 75, 81]
12:29:44  INFO      defenses.mkrum — MKrum selected 1 / 10 clients: [18]  |  rejected: [16, 20, 28, 31, 39, 40, 48, 65, 74]
12:30:21  INFO      defenses.mkrum — MKrum selected 1 / 10 clients: [30]  |  rejected: [5, 16, 23, 37, 47, 53, 76, 84, 96]
12:30:56  INFO      defenses.mkrum — MKrum selected 1 / 10 clients: [18]  |  rejected: [2, 9, 16, 38, 50, 53, 70, 89, 94]
12:31:29  INFO      defenses.mkrum — MKrum selected 1 / 10 clients: [10]  |  rejected: [31, 38, 45, 47, 54, 56, 75, 80, 81]
12:32:05  INFO      defenses.mkrum — MKrum selected 1 / 10 clients: [53]  |  rejected: [1, 7, 41, 48, 52, 56, 67, 81, 93]
12:32:09  INFO      experiment.runner — Round   81/240  |  acc:  68.99%  loss: 1.1829  |  FPR: 90.0%  |  mF1: 68.3%
12:32:41  INFO      defenses.mkrum — MKrum selected 1 / 10 clients: [14]  |  rejected: [11, 13, 23, 26, 35, 37, 47, 60, 71]
12:33:22  INFO      defenses.mkrum — MKrum selected 1 / 10 clients: [53]  |  rejected: [19, 23, 51, 55, 57, 77, 88, 89, 98]
12:33:56  INFO      defenses.mkrum — MKrum selected 1 / 10 clients: [18]  |  rejected: [22, 31, 43, 45, 58, 59, 66, 80, 81]
12:34:34  INFO      defenses.mkrum — MKrum selected 1 / 10 clients: [61]  |  rejected: [0, 11, 26, 37, 57, 59, 79, 89, 96]
12:35:08  INFO      defenses.mkrum — MKrum selected 1 / 10 clients: [54]  |  rejected: [0, 14, 19, 27, 38, 69, 77, 80, 98]
12:35:41  INFO      defenses.mkrum — MKrum selected 1 / 10 clients: [29]  |  rejected: [11, 51, 60, 63, 69, 86, 90, 96, 97]
12:36:17  INFO      defenses.mkrum — MKrum selected 1 / 10 clients: [32]  |  rejected: [0, 2, 5, 15, 34, 35, 50, 80, 85]
12:36:52  INFO      defenses.mkrum — MKrum selected 1 / 10 clients: [32]  |  rejected: [13, 36, 45, 50, 56, 67, 74, 90, 95]
12:37:30  INFO      defenses.mkrum — MKrum selected 1 / 10 clients: [10]  |  rejected: [4, 9, 25, 33, 39, 68, 76, 86, 96]
12:38:04  INFO      defenses.mkrum — MKrum selected 1 / 10 clients: [53]  |  rejected: [8, 15, 20, 31, 36, 37, 43, 67, 97]
12:38:08  INFO      experiment.runner — Round   91/240  |  acc:  70.77%  loss: 1.1570  |  FPR: 90.0%  |  mF1: 70.5%
12:38:44  INFO      defenses.mkrum — MKrum selected 1 / 10 clients: [17]  |  rejected: [13, 26, 52, 66, 68, 69, 73, 80, 81]
12:39:20  INFO      defenses.mkrum — MKrum selected 1 / 10 clients: [17]  |  rejected: [35, 37, 47, 51, 56, 72, 80, 94, 99]
12:39:53  INFO      defenses.mkrum — MKrum selected 1 / 10 clients: [17]  |  rejected: [15, 20, 48, 51, 59, 71, 75, 85, 89]
12:40:30  INFO      defenses.mkrum — MKrum selected 1 / 10 clients: [61]  |  rejected: [27, 38, 45, 53, 60, 62, 80, 88, 95]
12:41:02  INFO      defenses.mkrum — MKrum selected 1 / 10 clients: [18]  |  rejected: [6, 7, 38, 40, 56, 63, 64, 83, 95]
12:41:38  INFO      defenses.mkrum — MKrum selected 1 / 10 clients: [8]  |  rejected: [1, 3, 27, 45, 50, 60, 67, 79, 87]
12:42:15  INFO      defenses.mkrum — MKrum selected 1 / 10 clients: [10]  |  rejected: [0, 5, 14, 46, 50, 79, 85, 87, 94]
12:42:47  INFO      defenses.mkrum — MKrum selected 1 / 10 clients: [18]  |  rejected: [0, 29, 34, 37, 73, 81, 89, 93, 96]
12:43:24  INFO      defenses.mkrum — MKrum selected 1 / 10 clients: [53]  |  rejected: [13, 21, 24, 36, 42, 49, 55, 58, 91]
12:44:00  INFO      defenses.mkrum — MKrum selected 1 / 10 clients: [18]  |  rejected: [16, 26, 40, 55, 57, 67, 82, 87, 90]
12:44:05  INFO      experiment.runner — Round  101/240  |  acc:  73.55%  loss: 1.1028  |  FPR: 90.0%  |  mF1: 73.5%
12:44:44  INFO      defenses.mkrum — MKrum selected 1 / 10 clients: [54]  |  rejected: [23, 25, 26, 28, 44, 49, 56, 62, 93]
12:45:18  INFO      defenses.mkrum — MKrum selected 1 / 10 clients: [10]  |  rejected: [4, 6, 23, 29, 46, 49, 75, 81, 90]
12:45:50  INFO      defenses.mkrum — MKrum selected 1 / 10 clients: [22]  |  rejected: [7, 11, 29, 38, 78, 81, 86, 90, 95]
12:46:31  INFO      defenses.mkrum — MKrum selected 1 / 10 clients: [45]  |  rejected: [6, 36, 52, 58, 65, 80, 89, 96, 98]
12:47:04  INFO      defenses.mkrum — MKrum selected 1 / 10 clients: [32]  |  rejected: [55, 58, 62, 66, 70, 74, 83, 85, 94]
12:47:42  INFO      defenses.mkrum — MKrum selected 1 / 10 clients: [5]  |  rejected: [0, 6, 20, 27, 34, 43, 44, 60, 90]
12:48:14  INFO      defenses.mkrum — MKrum selected 1 / 10 clients: [54]  |  rejected: [0, 8, 17, 28, 37, 50, 77, 83, 87]
12:48:51  INFO      defenses.mkrum — MKrum selected 1 / 10 clients: [10]  |  rejected: [13, 24, 28, 40, 41, 43, 58, 71, 77]
12:49:29  INFO      defenses.mkrum — MKrum selected 1 / 10 clients: [10]  |  rejected: [3, 5, 24, 32, 41, 47, 58, 66, 68]
12:50:01  INFO      defenses.mkrum — MKrum selected 1 / 10 clients: [32]  |  rejected: [24, 25, 26, 38, 44, 67, 86, 93, 94]
12:50:04  INFO      experiment.runner — Round  111/240  |  acc:  72.62%  loss: 1.1428  |  FPR: 90.0%  |  mF1: 72.3%
12:50:41  INFO      defenses.mkrum — MKrum selected 1 / 10 clients: [32]  |  rejected: [5, 30, 39, 44, 49, 61, 66, 70, 91]
12:51:14  INFO      defenses.mkrum — MKrum selected 1 / 10 clients: [10]  |  rejected: [1, 6, 9, 15, 52, 56, 58, 63, 92]
12:51:52  INFO      defenses.mkrum — MKrum selected 1 / 10 clients: [10]  |  rejected: [9, 12, 19, 27, 30, 52, 56, 78, 97]
12:52:25  INFO      defenses.mkrum — MKrum selected 1 / 10 clients: [54]  |  rejected: [5, 16, 23, 28, 31, 50, 62, 71, 96]
12:52:58  INFO      defenses.mkrum — MKrum selected 1 / 10 clients: [45]  |  rejected: [13, 25, 35, 36, 40, 55, 69, 71, 78]
12:53:35  INFO      defenses.mkrum — MKrum selected 1 / 10 clients: [77]  |  rejected: [33, 37, 56, 59, 65, 68, 81, 91, 99]
12:54:08  INFO      defenses.mkrum — MKrum selected 1 / 10 clients: [29]  |  rejected: [2, 12, 15, 22, 34, 53, 78, 91, 93]
12:54:50  INFO      defenses.mkrum — MKrum selected 1 / 10 clients: [31]  |  rejected: [0, 6, 27, 36, 54, 65, 68, 84, 94]
12:55:25  INFO      defenses.mkrum — MKrum selected 1 / 10 clients: [29]  |  rejected: [15, 34, 45, 49, 72, 82, 86, 91, 94]
12:55:57  INFO      defenses.mkrum — MKrum selected 1 / 10 clients: [30]  |  rejected: [8, 28, 36, 39, 66, 69, 84, 90, 94]
12:56:02  INFO      experiment.runner — Round  121/240  |  acc:  72.39%  loss: 1.0229  |  FPR: 90.0%  |  mF1: 72.4%
12:56:37  INFO      defenses.mkrum — MKrum selected 1 / 10 clients: [29]  |  rejected: [17, 21, 36, 41, 47, 61, 74, 80, 86]
12:57:10  INFO      defenses.mkrum — MKrum selected 1 / 10 clients: [74]  |  rejected: [1, 3, 16, 41, 46, 50, 64, 70, 81]
12:57:47  INFO      defenses.mkrum — MKrum selected 1 / 10 clients: [9]  |  rejected: [17, 19, 22, 26, 63, 65, 72, 97, 99]
12:58:20  INFO      defenses.mkrum — MKrum selected 1 / 10 clients: [29]  |  rejected: [16, 27, 30, 45, 49, 89, 93, 97, 98]
12:58:58  INFO      defenses.mkrum — MKrum selected 1 / 10 clients: [77]  |  rejected: [3, 13, 16, 63, 67, 75, 76, 78, 80]
12:59:32  INFO      defenses.mkrum — MKrum selected 1 / 10 clients: [45]  |  rejected: [1, 20, 28, 39, 58, 62, 71, 83, 84]
13:00:10  INFO      defenses.mkrum — MKrum selected 1 / 10 clients: [10]  |  rejected: [17, 33, 40, 61, 63, 69, 77, 90, 94]
13:00:46  INFO      defenses.mkrum — MKrum selected 1 / 10 clients: [49]  |  rejected: [4, 7, 24, 26, 37, 40, 51, 90, 92]
13:01:21  INFO      defenses.mkrum — MKrum selected 1 / 10 clients: [31]  |  rejected: [28, 33, 43, 44, 56, 84, 85, 92, 95]
13:01:58  INFO      defenses.mkrum — MKrum selected 1 / 10 clients: [45]  |  rejected: [2, 7, 20, 39, 69, 73, 80, 85, 93]
13:02:01  INFO      experiment.runner — Round  131/240  |  acc:  73.95%  loss: 0.9529  |  FPR: 90.0%  |  mF1: 73.8%
13:02:33  INFO      defenses.mkrum — MKrum selected 1 / 10 clients: [45]  |  rejected: [1, 2, 3, 5, 7, 19, 30, 62, 80]
13:03:12  INFO      defenses.mkrum — MKrum selected 1 / 10 clients: [54]  |  rejected: [7, 8, 17, 27, 28, 41, 44, 83, 84]
13:03:45  INFO      defenses.mkrum — MKrum selected 1 / 10 clients: [45]  |  rejected: [18, 22, 39, 42, 55, 57, 83, 93, 95]
13:04:18  INFO      defenses.mkrum — MKrum selected 1 / 10 clients: [68]  |  rejected: [1, 33, 48, 52, 59, 87, 90, 94, 97]
13:04:55  INFO      defenses.mkrum — MKrum selected 1 / 10 clients: [49]  |  rejected: [0, 5, 15, 17, 21, 52, 64, 72, 79]
13:05:32  INFO      defenses.mkrum — MKrum selected 1 / 10 clients: [10]  |  rejected: [18, 22, 30, 31, 42, 65, 84, 89, 93]
13:06:08  INFO      defenses.mkrum — MKrum selected 1 / 10 clients: [10]  |  rejected: [2, 13, 21, 54, 71, 76, 87, 91, 95]
13:06:42  INFO      defenses.mkrum — MKrum selected 1 / 10 clients: [32]  |  rejected: [5, 19, 43, 58, 77, 78, 79, 80, 90]
13:07:19  INFO      defenses.mkrum — MKrum selected 1 / 10 clients: [45]  |  rejected: [3, 4, 11, 37, 48, 63, 80, 93, 94]
13:07:54  INFO      defenses.mkrum — MKrum selected 1 / 10 clients: [45]  |  rejected: [19, 20, 30, 51, 58, 64, 85, 94, 96]
13:07:57  INFO      experiment.runner — Round  141/240  |  acc:  75.59%  loss: 1.0041  |  FPR: 90.0%  |  mF1: 75.6%
13:08:33  INFO      defenses.mkrum — MKrum selected 1 / 10 clients: [63]  |  rejected: [1, 34, 36, 39, 43, 50, 60, 67, 70]
13:09:10  INFO      defenses.mkrum — MKrum selected 1 / 10 clients: [4]  |  rejected: [33, 50, 58, 68, 70, 73, 87, 92, 98]
13:09:43  INFO      defenses.mkrum — MKrum selected 1 / 10 clients: [32]  |  rejected: [2, 4, 6, 15, 34, 44, 51, 63, 94]
13:10:20  INFO      defenses.mkrum — MKrum selected 1 / 10 clients: [43]  |  rejected: [26, 37, 66, 67, 74, 87, 89, 97, 99]
13:10:56  INFO      defenses.mkrum — MKrum selected 1 / 10 clients: [32]  |  rejected: [14, 26, 31, 42, 49, 72, 75, 86, 92]
13:11:30  INFO      defenses.mkrum — MKrum selected 1 / 10 clients: [45]  |  rejected: [1, 6, 19, 20, 42, 68, 74, 87, 95]
13:12:07  INFO      defenses.mkrum — MKrum selected 1 / 10 clients: [63]  |  rejected: [19, 37, 41, 44, 46, 51, 72, 76, 80]
13:12:41  INFO      defenses.mkrum — MKrum selected 1 / 10 clients: [43]  |  rejected: [0, 1, 5, 16, 18, 21, 55, 56, 72]
13:13:18  INFO      defenses.mkrum — MKrum selected 1 / 10 clients: [32]  |  rejected: [8, 24, 61, 78, 84, 85, 92, 95, 99]
13:13:52  INFO      defenses.mkrum — MKrum selected 1 / 10 clients: [54]  |  rejected: [8, 20, 21, 22, 35, 67, 70, 81, 84]
13:13:56  INFO      experiment.runner — Round  151/240  |  acc:  76.08%  loss: 0.9825  |  FPR: 90.0%  |  mF1: 76.2%
13:14:33  INFO      defenses.mkrum — MKrum selected 1 / 10 clients: [49]  |  rejected: [14, 34, 55, 64, 69, 74, 77, 80, 96]
13:15:07  INFO      defenses.mkrum — MKrum selected 1 / 10 clients: [54]  |  rejected: [1, 33, 35, 36, 39, 67, 68, 91, 99]
13:15:40  INFO      defenses.mkrum — MKrum selected 1 / 10 clients: [18]  |  rejected: [0, 24, 40, 43, 55, 65, 70, 90, 96]
13:16:20  INFO      defenses.mkrum — MKrum selected 1 / 10 clients: [49]  |  rejected: [4, 19, 46, 52, 59, 71, 72, 84, 89]
13:16:56  INFO      defenses.mkrum — MKrum selected 1 / 10 clients: [29]  |  rejected: [2, 20, 24, 46, 67, 78, 81, 87, 97]
13:17:33  INFO      defenses.mkrum — MKrum selected 1 / 10 clients: [45]  |  rejected: [2, 30, 31, 63, 73, 80, 89, 93, 94]
13:18:07  INFO      defenses.mkrum — MKrum selected 1 / 10 clients: [9]  |  rejected: [23, 30, 35, 53, 57, 73, 91, 95, 97]
13:18:44  INFO      defenses.mkrum — MKrum selected 1 / 10 clients: [54]  |  rejected: [8, 12, 21, 24, 56, 57, 65, 81, 90]
13:19:19  INFO      defenses.mkrum — MKrum selected 1 / 10 clients: [45]  |  rejected: [11, 32, 34, 41, 50, 55, 78, 96, 99]
13:19:53  INFO      defenses.mkrum — MKrum selected 1 / 10 clients: [32]  |  rejected: [1, 3, 25, 39, 49, 50, 55, 63, 97]
13:19:57  INFO      experiment.runner — Round  161/240  |  acc:  77.42%  loss: 0.9448  |  FPR: 90.0%  |  mF1: 77.4%
13:20:33  INFO      defenses.mkrum — MKrum selected 1 / 10 clients: [45]  |  rejected: [4, 49, 59, 74, 80, 81, 86, 89, 99]
13:21:07  INFO      defenses.mkrum — MKrum selected 1 / 10 clients: [17]  |  rejected: [3, 16, 35, 41, 50, 60, 66, 72, 90]
13:21:45  INFO      defenses.mkrum — MKrum selected 1 / 10 clients: [10]  |  rejected: [0, 5, 8, 14, 24, 44, 46, 72, 91]
13:22:18  INFO      defenses.mkrum — MKrum selected 1 / 10 clients: [16]  |  rejected: [3, 5, 40, 50, 60, 69, 81, 85, 97]
13:22:54  INFO      defenses.mkrum — MKrum selected 1 / 10 clients: [18]  |  rejected: [7, 20, 35, 39, 51, 52, 65, 76, 85]
13:23:31  INFO      defenses.mkrum — MKrum selected 1 / 10 clients: [16]  |  rejected: [5, 17, 61, 82, 90, 91, 92, 93, 97]
13:24:04  INFO      defenses.mkrum — MKrum selected 1 / 10 clients: [49]  |  rejected: [5, 23, 44, 66, 71, 80, 88, 89, 95]
13:24:42  INFO      defenses.mkrum — MKrum selected 1 / 10 clients: [10]  |  rejected: [22, 25, 32, 33, 41, 71, 74, 89, 90]
13:25:15  INFO      defenses.mkrum — MKrum selected 1 / 10 clients: [74]  |  rejected: [4, 19, 33, 57, 58, 66, 70, 80, 96]
13:25:54  INFO      defenses.mkrum — MKrum selected 1 / 10 clients: [9]  |  rejected: [4, 22, 24, 40, 58, 65, 78, 82, 96]
13:25:59  INFO      experiment.runner — Round  171/240  |  acc:  76.69%  loss: 0.9339  |  FPR: 90.0%  |  mF1: 76.5%
13:26:36  INFO      defenses.mkrum — MKrum selected 1 / 10 clients: [17]  |  rejected: [20, 30, 42, 58, 60, 66, 83, 90, 98]
13:27:12  INFO      defenses.mkrum — MKrum selected 1 / 10 clients: [10]  |  rejected: [0, 7, 13, 43, 54, 66, 69, 71, 99]
13:27:49  INFO      defenses.mkrum — MKrum selected 1 / 10 clients: [45]  |  rejected: [15, 42, 46, 48, 57, 65, 72, 77, 81]
13:28:26  INFO      defenses.mkrum — MKrum selected 1 / 10 clients: [17]  |  rejected: [2, 5, 16, 23, 24, 40, 43, 77, 93]
13:29:03  INFO      defenses.mkrum — MKrum selected 1 / 10 clients: [49]  |  rejected: [6, 7, 39, 52, 76, 82, 89, 91, 98]
13:29:36  INFO      defenses.mkrum — MKrum selected 1 / 10 clients: [45]  |  rejected: [6, 9, 21, 32, 52, 56, 77, 79, 96]
13:30:17  INFO      defenses.mkrum — MKrum selected 1 / 10 clients: [49]  |  rejected: [3, 23, 24, 33, 39, 52, 58, 72, 86]
13:30:49  INFO      defenses.mkrum — MKrum selected 1 / 10 clients: [45]  |  rejected: [2, 3, 8, 12, 15, 22, 44, 51, 78]
13:31:26  INFO      defenses.mkrum — MKrum selected 1 / 10 clients: [10]  |  rejected: [1, 41, 58, 60, 63, 70, 83, 88, 95]
13:32:03  INFO      defenses.mkrum — MKrum selected 1 / 10 clients: [10]  |  rejected: [3, 6, 12, 33, 42, 51, 66, 68, 82]
13:32:07  INFO      experiment.runner — Round  181/240  |  acc:  78.46%  loss: 0.9736  |  FPR: 90.0%  |  mF1: 78.4%
13:32:40  INFO      defenses.mkrum — MKrum selected 1 / 10 clients: [45]  |  rejected: [0, 4, 12, 19, 36, 48, 60, 66, 80]
13:33:22  INFO      defenses.mkrum — MKrum selected 1 / 10 clients: [18]  |  rejected: [20, 22, 31, 43, 70, 81, 87, 89, 99]
13:33:58  INFO      defenses.mkrum — MKrum selected 1 / 10 clients: [61]  |  rejected: [3, 5, 28, 30, 42, 50, 79, 80, 86]
13:34:35  INFO      defenses.mkrum — MKrum selected 1 / 10 clients: [45]  |  rejected: [20, 21, 28, 30, 36, 42, 53, 59, 81]
13:35:08  INFO      defenses.mkrum — MKrum selected 1 / 10 clients: [49]  |  rejected: [0, 1, 17, 20, 46, 72, 74, 87, 98]
13:35:46  INFO      defenses.mkrum — MKrum selected 1 / 10 clients: [49]  |  rejected: [0, 2, 3, 4, 19, 22, 41, 65, 91]
13:36:20  INFO      defenses.mkrum — MKrum selected 1 / 10 clients: [18]  |  rejected: [3, 6, 14, 19, 48, 73, 78, 86, 99]
13:36:53  INFO      defenses.mkrum — MKrum selected 1 / 10 clients: [17]  |  rejected: [31, 42, 46, 53, 55, 65, 72, 87, 91]
13:37:31  INFO      defenses.mkrum — MKrum selected 1 / 10 clients: [9]  |  rejected: [12, 16, 27, 44, 51, 52, 68, 72, 84]
13:38:04  INFO      defenses.mkrum — MKrum selected 1 / 10 clients: [61]  |  rejected: [28, 30, 31, 48, 50, 55, 60, 74, 82]
13:38:08  INFO      experiment.runner — Round  191/240  |  acc:  75.41%  loss: 1.1128  |  FPR: 90.0%  |  mF1: 75.2%
13:38:49  INFO      defenses.mkrum — MKrum selected 1 / 10 clients: [32]  |  rejected: [2, 8, 35, 47, 67, 69, 77, 78, 99]
13:39:24  INFO      defenses.mkrum — MKrum selected 1 / 10 clients: [30]  |  rejected: [5, 13, 35, 41, 50, 60, 68, 78, 80]
13:39:57  INFO      defenses.mkrum — MKrum selected 1 / 10 clients: [18]  |  rejected: [3, 6, 13, 50, 53, 55, 91, 93, 98]
13:40:34  INFO      defenses.mkrum — MKrum selected 1 / 10 clients: [77]  |  rejected: [20, 21, 43, 52, 58, 59, 60, 75, 91]
13:41:08  INFO      defenses.mkrum — MKrum selected 1 / 10 clients: [18]  |  rejected: [14, 36, 44, 45, 47, 64, 80, 97, 98]
13:41:44  INFO      defenses.mkrum — MKrum selected 1 / 10 clients: [32]  |  rejected: [6, 22, 25, 60, 66, 74, 80, 92, 96]
13:42:18  INFO      defenses.mkrum — MKrum selected 1 / 10 clients: [5]  |  rejected: [4, 37, 41, 48, 52, 55, 70, 81, 87]
13:42:54  INFO      defenses.mkrum — MKrum selected 1 / 10 clients: [45]  |  rejected: [14, 16, 17, 26, 34, 44, 48, 78, 93]
13:43:30  INFO      defenses.mkrum — MKrum selected 1 / 10 clients: [9]  |  rejected: [3, 21, 50, 55, 59, 73, 82, 87, 90]
13:44:04  INFO      defenses.mkrum — MKrum selected 1 / 10 clients: [9]  |  rejected: [17, 19, 21, 26, 54, 69, 70, 92, 99]
13:44:08  INFO      experiment.runner — Round  201/240  |  acc:  78.18%  loss: 0.9659  |  FPR: 90.0%  |  mF1: 78.0%
13:44:45  INFO      defenses.mkrum — MKrum selected 1 / 10 clients: [45]  |  rejected: [3, 17, 21, 29, 36, 63, 67, 79, 94]
13:45:18  INFO      defenses.mkrum — MKrum selected 1 / 10 clients: [43]  |  rejected: [15, 20, 33, 42, 52, 80, 87, 91, 98]
13:45:55  INFO      defenses.mkrum — MKrum selected 1 / 10 clients: [18]  |  rejected: [39, 42, 48, 64, 68, 71, 88, 94, 95]
13:46:29  INFO      defenses.mkrum — MKrum selected 1 / 10 clients: [30]  |  rejected: [12, 39, 44, 48, 49, 52, 60, 65, 87]
13:47:03  INFO      defenses.mkrum — MKrum selected 1 / 10 clients: [18]  |  rejected: [0, 13, 19, 66, 74, 76, 81, 89, 90]
13:47:40  INFO      defenses.mkrum — MKrum selected 1 / 10 clients: [77]  |  rejected: [14, 26, 34, 65, 76, 82, 88, 89, 99]
13:48:14  INFO      defenses.mkrum — MKrum selected 1 / 10 clients: [10]  |  rejected: [1, 4, 14, 21, 46, 48, 78, 92, 93]
13:48:50  INFO      defenses.mkrum — MKrum selected 1 / 10 clients: [32]  |  rejected: [13, 40, 47, 57, 61, 74, 85, 86, 89]
13:49:25  INFO      defenses.mkrum — MKrum selected 1 / 10 clients: [9]  |  rejected: [3, 20, 21, 29, 62, 65, 70, 71, 99]
13:50:04  INFO      defenses.mkrum — MKrum selected 1 / 10 clients: [77]  |  rejected: [21, 26, 52, 56, 66, 82, 84, 87, 90]
13:50:08  INFO      experiment.runner — Round  211/240  |  acc:  75.03%  loss: 1.2097  |  FPR: 90.0%  |  mF1: 74.8%
13:50:41  INFO      defenses.mkrum — MKrum selected 1 / 10 clients: [17]  |  rejected: [2, 6, 21, 33, 49, 51, 56, 72, 75]
13:51:15  INFO      defenses.mkrum — MKrum selected 1 / 10 clients: [29]  |  rejected: [5, 11, 42, 48, 51, 58, 64, 75, 82]
13:51:53  INFO      defenses.mkrum — MKrum selected 1 / 10 clients: [61]  |  rejected: [13, 34, 50, 60, 62, 64, 70, 79, 82]
13:52:26  INFO      defenses.mkrum — MKrum selected 1 / 10 clients: [18]  |  rejected: [20, 23, 29, 33, 38, 46, 58, 69, 77]
13:53:03  INFO      defenses.mkrum — MKrum selected 1 / 10 clients: [29]  |  rejected: [8, 11, 14, 33, 50, 52, 61, 71, 72]
13:53:38  INFO      defenses.mkrum — MKrum selected 1 / 10 clients: [18]  |  rejected: [7, 12, 17, 37, 46, 71, 75, 84, 85]
13:54:14  INFO      defenses.mkrum — MKrum selected 1 / 10 clients: [77]  |  rejected: [0, 4, 25, 51, 62, 71, 89, 91, 96]
13:54:51  INFO      defenses.mkrum — MKrum selected 1 / 10 clients: [43]  |  rejected: [0, 12, 13, 44, 60, 71, 87, 88, 99]
13:55:26  INFO      defenses.mkrum — MKrum selected 1 / 10 clients: [43]  |  rejected: [1, 28, 29, 30, 35, 39, 45, 63, 65]
13:56:03  INFO      defenses.mkrum — MKrum selected 1 / 10 clients: [9]  |  rejected: [11, 28, 39, 47, 48, 54, 73, 94, 97]
13:56:07  INFO      experiment.runner — Round  221/240  |  acc:  77.59%  loss: 1.0001  |  FPR: 90.0%  |  mF1: 77.3%
13:56:40  INFO      defenses.mkrum — MKrum selected 1 / 10 clients: [18]  |  rejected: [25, 29, 36, 45, 49, 61, 84, 95, 99]
13:57:19  INFO      defenses.mkrum — MKrum selected 1 / 10 clients: [29]  |  rejected: [15, 16, 45, 51, 60, 64, 78, 83, 99]
13:57:52  INFO      defenses.mkrum — MKrum selected 1 / 10 clients: [45]  |  rejected: [35, 36, 47, 51, 55, 80, 90, 91, 98]
13:58:28  INFO      defenses.mkrum — MKrum selected 1 / 10 clients: [61]  |  rejected: [13, 15, 19, 23, 31, 37, 44, 57, 95]
13:59:06  INFO      defenses.mkrum — MKrum selected 1 / 10 clients: [29]  |  rejected: [14, 43, 49, 59, 63, 65, 72, 79, 87]
13:59:40  INFO      defenses.mkrum — MKrum selected 1 / 10 clients: [29]  |  rejected: [28, 39, 40, 51, 62, 64, 66, 86, 87]
14:00:22  INFO      defenses.mkrum — MKrum selected 1 / 10 clients: [29]  |  rejected: [0, 6, 11, 40, 50, 55, 60, 73, 98]
14:00:57  INFO      defenses.mkrum — MKrum selected 1 / 10 clients: [5]  |  rejected: [11, 14, 22, 23, 25, 33, 41, 52, 92]
14:01:35  INFO      defenses.mkrum — MKrum selected 1 / 10 clients: [29]  |  rejected: [0, 1, 3, 5, 16, 46, 48, 68, 89]
14:02:10  INFO      defenses.mkrum — MKrum selected 1 / 10 clients: [10]  |  rejected: [0, 14, 25, 53, 59, 66, 77, 79, 94]
14:02:14  INFO      experiment.runner — Round  231/240  |  acc:  77.98%  loss: 1.0597  |  FPR: 90.0%  |  mF1: 78.0%
14:02:47  INFO      defenses.mkrum — MKrum selected 1 / 10 clients: [29]  |  rejected: [0, 8, 22, 26, 48, 53, 55, 60, 68]
14:03:24  INFO      defenses.mkrum — MKrum selected 1 / 10 clients: [5]  |  rejected: [3, 34, 44, 47, 48, 74, 78, 90, 97]
14:03:57  INFO      defenses.mkrum — MKrum selected 1 / 10 clients: [32]  |  rejected: [11, 13, 17, 43, 58, 66, 76, 82, 86]
14:04:34  INFO      defenses.mkrum — MKrum selected 1 / 10 clients: [18]  |  rejected: [3, 13, 17, 34, 79, 84, 88, 91, 98]
14:05:09  INFO      defenses.mkrum — MKrum selected 1 / 10 clients: [53]  |  rejected: [15, 25, 26, 40, 48, 64, 65, 73, 84]
14:05:47  INFO      defenses.mkrum — MKrum selected 1 / 10 clients: [57]  |  rejected: [13, 15, 22, 58, 60, 65, 70, 71, 88]
14:06:24  INFO      defenses.mkrum — MKrum selected 1 / 10 clients: [29]  |  rejected: [10, 16, 32, 42, 43, 48, 53, 64, 72]
14:06:57  INFO      defenses.mkrum — MKrum selected 1 / 10 clients: [61]  |  rejected: [0, 3, 31, 44, 52, 57, 58, 92, 99]
14:07:33  INFO      defenses.mkrum — MKrum selected 1 / 10 clients: [61]  |  rejected: [28, 30, 32, 51, 54, 57, 70, 97, 99]
14:07:37  INFO      experiment.runner — Round  240/240  |  acc:  78.84%  loss: 0.9481  |  FPR: 90.0%  |  mF1: 78.6%
14:07:38  INFO      experiment.runner — Final model saved to results/benchmark/cifar10_none_krum_seed0/final_model.pt
14:07:38  INFO      experiment.runner — Client atypicality written to results/benchmark/cifar10_none_krum_seed0/client_atypicality.json
14:07:38  INFO      experiment.runner — Client inclusion rates written to results/benchmark/cifar10_none_krum_seed0/client_inclusion.csv
14:07:38  INFO      experiment.runner — Anomaly scores written to results/benchmark/cifar10_none_krum_seed0/anomaly_scores.csv (2400 rows)
14:07:38  INFO      benchmark — ✓  cifar10_none_krum_seed0  (145.0 min)
14:07:38  INFO      benchmark — ▶  cifar10_none_krum_seed1
14:07:38  INFO      experiment.runner — Initialising 'cifar10_none_krum_seed1' | device=cuda | rounds=240 | clients=10/100 | attack=none | defense=mkrum
14:07:41  INFO      defenses.mkrum — MKrumServer initialised — f=1 Byzantine, selecting m=1 updates.
14:07:53  INFO      experiment.utils — Built 100 clients — 0 malicious, 100 benign.
14:07:53  INFO      experiment.runner — Setup complete — 100 clients (0 malicious) | backdoor eval: none

==============================================================
  Summary — 25 rounds evaluated
==============================================================
  Final clean accuracy               78.84%
  Best  clean accuracy               78.84%
  Final clean loss                   0.9481
  Macro F1                           78.57%
  Pooled FPR (all rounds)            90.00%
==============================================================

Files already downloaded and verified
Files already downloaded and verified
Files already downloaded and verified
Files already downloaded and verified
14:08:26  INFO      defenses.mkrum — MKrum selected 1 / 10 clients: [32]  |  rejected: [8, 15, 17, 57, 60, 63, 72, 83, 97]
14:08:30  INFO      experiment.runner — Round    1/240  |  acc:  24.94%  loss: 2.5519  |  FPR: 90.0%  |  mF1: 17.8%
14:09:06  INFO      defenses.mkrum — MKrum selected 1 / 10 clients: [98]  |  rejected: [3, 12, 26, 48, 49, 55, 62, 77, 97]
14:09:39  INFO      defenses.mkrum — MKrum selected 1 / 10 clients: [29]  |  rejected: [0, 3, 13, 34, 40, 57, 75, 89, 92]
14:10:16  INFO      defenses.mkrum — MKrum selected 1 / 10 clients: [83]  |  rejected: [1, 2, 3, 27, 48, 54, 69, 87, 92]
14:10:51  INFO      defenses.mkrum — MKrum selected 1 / 10 clients: [29]  |  rejected: [3, 28, 44, 56, 63, 67, 70, 86, 97]
14:11:30  INFO      defenses.mkrum — MKrum selected 1 / 10 clients: [12]  |  rejected: [2, 23, 28, 37, 53, 58, 71, 82, 97]
14:12:05  INFO      defenses.mkrum — MKrum selected 1 / 10 clients: [95]  |  rejected: [15, 37, 42, 54, 64, 80, 85, 91, 92]
14:12:39  INFO      defenses.mkrum — MKrum selected 1 / 10 clients: [75]  |  rejected: [4, 24, 31, 36, 38, 50, 61, 63, 64]
14:13:15  INFO      defenses.mkrum — MKrum selected 1 / 10 clients: [95]  |  rejected: [22, 46, 51, 53, 70, 85, 86, 89, 99]
14:13:48  INFO      defenses.mkrum — MKrum selected 1 / 10 clients: [13]  |  rejected: [11, 20, 47, 56, 65, 66, 84, 94, 99]
14:14:26  INFO      defenses.mkrum — MKrum selected 1 / 10 clients: [62]  |  rejected: [3, 5, 39, 47, 50, 60, 78, 90, 93]
14:14:29  INFO      experiment.runner — Round   11/240  |  acc:  45.98%  loss: 1.6569  |  FPR: 90.0%  |  mF1: 44.3%
14:15:02  INFO      defenses.mkrum — MKrum selected 1 / 10 clients: [75]  |  rejected: [1, 21, 25, 29, 50, 64, 74, 82, 98]
14:15:38  INFO      defenses.mkrum — MKrum selected 1 / 10 clients: [34]  |  rejected: [29, 44, 45, 51, 58, 65, 69, 70, 73]
14:16:14  INFO      defenses.mkrum — MKrum selected 1 / 10 clients: [65]  |  rejected: [0, 16, 49, 66, 70, 77, 84, 93, 94]
14:16:48  INFO      defenses.mkrum — MKrum selected 1 / 10 clients: [99]  |  rejected: [7, 25, 26, 46, 54, 61, 70, 71, 72]
14:17:24  INFO      defenses.mkrum — MKrum selected 1 / 10 clients: [52]  |  rejected: [0, 44, 45, 53, 62, 64, 68, 69, 79]
14:17:57  INFO      defenses.mkrum — MKrum selected 1 / 10 clients: [29]  |  rejected: [3, 22, 42, 58, 70, 74, 76, 78, 81]
14:18:37  INFO      defenses.mkrum — MKrum selected 1 / 10 clients: [10]  |  rejected: [2, 4, 9, 11, 23, 32, 57, 70, 86]
14:19:11  INFO      defenses.mkrum — MKrum selected 1 / 10 clients: [44]  |  rejected: [1, 14, 23, 31, 34, 35, 37, 79, 96]
14:19:45  INFO      defenses.mkrum — MKrum selected 1 / 10 clients: [32]  |  rejected: [8, 20, 21, 34, 37, 67, 82, 84, 91]
14:20:23  INFO      defenses.mkrum — MKrum selected 1 / 10 clients: [41]  |  rejected: [3, 14, 39, 43, 49, 58, 60, 63, 89]
14:20:27  INFO      experiment.runner — Round   21/240  |  acc:  53.83%  loss: 1.5288  |  FPR: 90.0%  |  mF1: 53.1%
14:20:59  INFO      defenses.mkrum — MKrum selected 1 / 10 clients: [32]  |  rejected: [13, 24, 26, 33, 53, 55, 65, 77, 93]
14:21:41  INFO      defenses.mkrum — MKrum selected 1 / 10 clients: [50]  |  rejected: [2, 4, 18, 20, 28, 57, 64, 90, 92]
14:22:14  INFO      defenses.mkrum — MKrum selected 1 / 10 clients: [83]  |  rejected: [28, 54, 57, 66, 67, 69, 80, 86, 88]
14:22:54  INFO      defenses.mkrum — MKrum selected 1 / 10 clients: [50]  |  rejected: [3, 7, 41, 54, 73, 80, 84, 86, 94]
14:23:30  INFO      defenses.mkrum — MKrum selected 1 / 10 clients: [38]  |  rejected: [6, 9, 16, 20, 27, 39, 53, 72, 95]
14:24:03  INFO      defenses.mkrum — MKrum selected 1 / 10 clients: [32]  |  rejected: [1, 4, 16, 21, 27, 58, 71, 72, 75]
14:24:39  INFO      defenses.mkrum — MKrum selected 1 / 10 clients: [44]  |  rejected: [4, 12, 25, 26, 48, 65, 79, 90, 99]
14:25:12  INFO      defenses.mkrum — MKrum selected 1 / 10 clients: [13]  |  rejected: [24, 37, 49, 55, 63, 73, 75, 85, 86]
14:25:49  INFO      defenses.mkrum — MKrum selected 1 / 10 clients: [51]  |  rejected: [2, 20, 25, 36, 41, 63, 64, 72, 78]
14:26:23  INFO      defenses.mkrum — MKrum selected 1 / 10 clients: [27]  |  rejected: [12, 17, 34, 43, 44, 48, 54, 70, 86]
14:26:26  INFO      experiment.runner — Round   31/240  |  acc:  59.33%  loss: 1.2757  |  FPR: 90.0%  |  mF1: 59.2%
14:27:04  INFO      defenses.mkrum — MKrum selected 1 / 10 clients: [5]  |  rejected: [8, 10, 17, 30, 62, 68, 87, 92, 98]
14:27:41  INFO      defenses.mkrum — MKrum selected 1 / 10 clients: [32]  |  rejected: [21, 27, 34, 42, 47, 64, 68, 76, 97]
14:28:13  INFO      defenses.mkrum — MKrum selected 1 / 10 clients: [14]  |  rejected: [17, 30, 37, 43, 62, 74, 77, 91, 99]
14:28:49  INFO      defenses.mkrum — MKrum selected 1 / 10 clients: [48]  |  rejected: [5, 9, 13, 16, 18, 41, 52, 70, 98]
14:29:22  INFO      defenses.mkrum — MKrum selected 1 / 10 clients: [48]  |  rejected: [9, 14, 28, 43, 70, 72, 73, 75, 78]
14:29:59  INFO      defenses.mkrum — MKrum selected 1 / 10 clients: [14]  |  rejected: [10, 13, 34, 35, 37, 46, 58, 68, 72]
14:30:33  INFO      defenses.mkrum — MKrum selected 1 / 10 clients: [14]  |  rejected: [1, 5, 11, 24, 30, 37, 52, 78, 85]
14:31:06  INFO      defenses.mkrum — MKrum selected 1 / 10 clients: [14]  |  rejected: [13, 20, 21, 30, 53, 57, 75, 87, 95]
14:31:43  INFO      defenses.mkrum — MKrum selected 1 / 10 clients: [32]  |  rejected: [12, 37, 40, 48, 55, 61, 69, 70, 91]
14:32:18  INFO      defenses.mkrum — MKrum selected 1 / 10 clients: [37]  |  rejected: [1, 3, 5, 26, 40, 57, 76, 83, 92]
14:32:22  INFO      experiment.runner — Round   41/240  |  acc:  58.79%  loss: 1.5013  |  FPR: 90.0%  |  mF1: 59.1%
14:32:58  INFO      defenses.mkrum — MKrum selected 1 / 10 clients: [32]  |  rejected: [8, 14, 27, 40, 50, 51, 58, 76, 79]
14:33:31  INFO      defenses.mkrum — MKrum selected 1 / 10 clients: [39]  |  rejected: [23, 26, 33, 45, 60, 69, 84, 88, 99]
14:34:08  INFO      defenses.mkrum — MKrum selected 1 / 10 clients: [46]  |  rejected: [10, 11, 25, 31, 35, 57, 73, 83, 96]
14:34:44  INFO      defenses.mkrum — MKrum selected 1 / 10 clients: [29]  |  rejected: [5, 23, 39, 40, 41, 43, 49, 74, 82]
14:35:17  INFO      defenses.mkrum — MKrum selected 1 / 10 clients: [28]  |  rejected: [11, 12, 31, 38, 42, 69, 74, 76, 78]
14:35:56  INFO      defenses.mkrum — MKrum selected 1 / 10 clients: [37]  |  rejected: [1, 2, 9, 31, 34, 51, 70, 81, 93]
14:36:30  INFO      defenses.mkrum — MKrum selected 1 / 10 clients: [63]  |  rejected: [9, 12, 19, 41, 45, 60, 64, 96, 99]
14:37:09  INFO      defenses.mkrum — MKrum selected 1 / 10 clients: [65]  |  rejected: [13, 18, 19, 22, 39, 40, 85, 90, 99]
14:37:46  INFO      defenses.mkrum — MKrum selected 1 / 10 clients: [65]  |  rejected: [4, 16, 18, 26, 37, 69, 77, 92, 99]
14:38:19  INFO      defenses.mkrum — MKrum selected 1 / 10 clients: [38]  |  rejected: [22, 26, 40, 55, 70, 79, 86, 88, 95]
14:38:25  INFO      experiment.runner — Round   51/240  |  acc:  64.76%  loss: 1.1638  |  FPR: 90.0%  |  mF1: 64.8%
14:39:00  INFO      defenses.mkrum — MKrum selected 1 / 10 clients: [32]  |  rejected: [6, 8, 20, 31, 68, 85, 87, 91, 99]
14:39:33  INFO      defenses.mkrum — MKrum selected 1 / 10 clients: [32]  |  rejected: [1, 50, 55, 56, 57, 58, 68, 69, 70]
14:40:10  INFO      defenses.mkrum — MKrum selected 1 / 10 clients: [82]  |  rejected: [2, 3, 7, 21, 33, 43, 53, 62, 73]
14:40:44  INFO      defenses.mkrum — MKrum selected 1 / 10 clients: [50]  |  rejected: [16, 17, 33, 35, 45, 72, 74, 75, 88]
14:41:20  INFO      defenses.mkrum — MKrum selected 1 / 10 clients: [29]  |  rejected: [0, 11, 22, 40, 51, 62, 64, 67, 78]
14:41:55  INFO      defenses.mkrum — MKrum selected 1 / 10 clients: [87]  |  rejected: [28, 30, 40, 56, 61, 63, 81, 83, 93]
14:42:31  INFO      defenses.mkrum — MKrum selected 1 / 10 clients: [82]  |  rejected: [28, 35, 43, 52, 71, 78, 83, 91, 93]
14:43:09  INFO      defenses.mkrum — MKrum selected 1 / 10 clients: [82]  |  rejected: [6, 9, 20, 26, 28, 47, 65, 97, 98]
14:43:43  INFO      defenses.mkrum — MKrum selected 1 / 10 clients: [38]  |  rejected: [21, 39, 47, 59, 70, 76, 88, 89, 94]
14:44:19  INFO      defenses.mkrum — MKrum selected 1 / 10 clients: [32]  |  rejected: [10, 15, 19, 22, 48, 54, 65, 73, 77]
14:44:23  INFO      experiment.runner — Round   61/240  |  acc:  66.82%  loss: 1.2691  |  FPR: 90.0%  |  mF1: 66.8%
14:44:59  INFO      defenses.mkrum — MKrum selected 1 / 10 clients: [50]  |  rejected: [6, 27, 63, 72, 81, 87, 91, 92, 96]
14:45:36  INFO      defenses.mkrum — MKrum selected 1 / 10 clients: [32]  |  rejected: [5, 11, 21, 44, 49, 65, 67, 69, 93]
14:46:10  INFO      defenses.mkrum — MKrum selected 1 / 10 clients: [10]  |  rejected: [12, 17, 34, 78, 80, 84, 87, 94, 99]
14:46:49  INFO      defenses.mkrum — MKrum selected 1 / 10 clients: [10]  |  rejected: [16, 21, 30, 41, 48, 50, 55, 56, 89]
14:47:23  INFO      defenses.mkrum — MKrum selected 1 / 10 clients: [37]  |  rejected: [15, 27, 52, 55, 62, 68, 76, 79, 84]
14:47:58  INFO      defenses.mkrum — MKrum selected 1 / 10 clients: [24]  |  rejected: [0, 31, 35, 48, 56, 67, 71, 74, 95]
14:48:38  INFO      defenses.mkrum — MKrum selected 1 / 10 clients: [2]  |  rejected: [3, 18, 22, 26, 31, 33, 36, 77, 80]
14:49:10  INFO      defenses.mkrum — MKrum selected 1 / 10 clients: [32]  |  rejected: [21, 25, 34, 39, 57, 69, 74, 87, 96]
14:49:51  INFO      defenses.mkrum — MKrum selected 1 / 10 clients: [53]  |  rejected: [15, 26, 36, 45, 49, 62, 69, 73, 98]
14:50:27  INFO      defenses.mkrum — MKrum selected 1 / 10 clients: [37]  |  rejected: [1, 3, 13, 15, 69, 72, 86, 95, 97]
14:50:30  INFO      experiment.runner — Round   71/240  |  acc:  69.53%  loss: 1.0552  |  FPR: 90.0%  |  mF1: 69.6%
14:51:02  INFO      defenses.mkrum — MKrum selected 1 / 10 clients: [9]  |  rejected: [17, 39, 47, 55, 64, 73, 83, 86, 92]
14:51:41  INFO      defenses.mkrum — MKrum selected 1 / 10 clients: [91]  |  rejected: [0, 15, 41, 44, 45, 56, 57, 67, 97]
14:52:14  INFO      defenses.mkrum — MKrum selected 1 / 10 clients: [63]  |  rejected: [14, 39, 43, 51, 69, 73, 82, 87, 93]
14:52:50  INFO      defenses.mkrum — MKrum selected 1 / 10 clients: [81]  |  rejected: [0, 26, 35, 48, 71, 76, 92, 93, 94]
14:53:25  INFO      defenses.mkrum — MKrum selected 1 / 10 clients: [91]  |  rejected: [25, 39, 52, 59, 65, 66, 76, 89, 95]
14:54:02  INFO      defenses.mkrum — MKrum selected 1 / 10 clients: [86]  |  rejected: [0, 21, 25, 46, 49, 57, 67, 79, 85]
14:54:40  INFO      defenses.mkrum — MKrum selected 1 / 10 clients: [63]  |  rejected: [8, 43, 51, 54, 74, 79, 89, 93, 95]
14:55:13  INFO      defenses.mkrum — MKrum selected 1 / 10 clients: [81]  |  rejected: [2, 19, 31, 37, 52, 80, 83, 92, 95]
14:55:49  INFO      defenses.mkrum — MKrum selected 1 / 10 clients: [81]  |  rejected: [1, 9, 22, 34, 44, 50, 77, 98, 99]
14:56:22  INFO      defenses.mkrum — MKrum selected 1 / 10 clients: [38]  |  rejected: [19, 21, 33, 52, 59, 62, 69, 87, 90]
14:56:25  INFO      experiment.runner — Round   81/240  |  acc:  70.44%  loss: 1.1625  |  FPR: 90.0%  |  mF1: 69.6%
14:57:02  INFO      defenses.mkrum — MKrum selected 1 / 10 clients: [59]  |  rejected: [5, 8, 12, 34, 45, 54, 65, 75, 95]
14:57:35  INFO      defenses.mkrum — MKrum selected 1 / 10 clients: [2]  |  rejected: [8, 11, 20, 21, 56, 64, 84, 88, 90]
14:58:13  INFO      defenses.mkrum — MKrum selected 1 / 10 clients: [38]  |  rejected: [26, 30, 35, 42, 51, 67, 77, 81, 88]
14:58:49  INFO      defenses.mkrum — MKrum selected 1 / 10 clients: [59]  |  rejected: [8, 9, 34, 47, 65, 66, 71, 84, 89]
14:59:22  INFO      defenses.mkrum — MKrum selected 1 / 10 clients: [38]  |  rejected: [6, 21, 34, 45, 71, 78, 83, 91, 94]
15:00:02  INFO      defenses.mkrum — MKrum selected 1 / 10 clients: [50]  |  rejected: [22, 29, 33, 42, 51, 61, 71, 78, 94]
15:00:36  INFO      defenses.mkrum — MKrum selected 1 / 10 clients: [91]  |  rejected: [3, 28, 31, 33, 51, 78, 79, 84, 90]
15:01:14  INFO      defenses.mkrum — MKrum selected 1 / 10 clients: [24]  |  rejected: [9, 21, 31, 34, 40, 55, 80, 93, 97]
15:01:48  INFO      defenses.mkrum — MKrum selected 1 / 10 clients: [56]  |  rejected: [17, 18, 20, 33, 58, 67, 74, 77, 93]
15:02:20  INFO      defenses.mkrum — MKrum selected 1 / 10 clients: [56]  |  rejected: [14, 17, 30, 39, 46, 51, 91, 96, 99]
15:02:24  INFO      experiment.runner — Round   91/240  |  acc:  72.46%  loss: 0.9877  |  FPR: 90.0%  |  mF1: 72.5%
15:03:00  INFO      defenses.mkrum — MKrum selected 1 / 10 clients: [91]  |  rejected: [8, 13, 26, 29, 39, 41, 50, 63, 87]
15:03:34  INFO      defenses.mkrum — MKrum selected 1 / 10 clients: [2]  |  rejected: [4, 5, 7, 12, 23, 27, 76, 87, 96]
15:04:11  INFO      defenses.mkrum — MKrum selected 1 / 10 clients: [63]  |  rejected: [15, 35, 43, 56, 67, 78, 84, 90, 92]
15:04:44  INFO      defenses.mkrum — MKrum selected 1 / 10 clients: [63]  |  rejected: [12, 22, 28, 29, 48, 51, 57, 78, 88]
15:05:19  INFO      defenses.mkrum — MKrum selected 1 / 10 clients: [74]  |  rejected: [21, 27, 29, 30, 36, 49, 59, 70, 96]
15:05:59  INFO      defenses.mkrum — MKrum selected 1 / 10 clients: [91]  |  rejected: [5, 10, 14, 27, 33, 42, 57, 63, 75]
15:06:32  INFO      defenses.mkrum — MKrum selected 1 / 10 clients: [74]  |  rejected: [0, 1, 20, 25, 36, 40, 49, 51, 61]
15:07:09  INFO      defenses.mkrum — MKrum selected 1 / 10 clients: [82]  |  rejected: [1, 3, 7, 18, 19, 49, 69, 85, 97]
15:07:42  INFO      defenses.mkrum — MKrum selected 1 / 10 clients: [38]  |  rejected: [1, 4, 10, 16, 32, 48, 59, 72, 83]
15:08:21  INFO      defenses.mkrum — MKrum selected 1 / 10 clients: [5]  |  rejected: [7, 11, 15, 16, 35, 55, 67, 68, 99]
15:08:26  INFO      experiment.runner — Round  101/240  |  acc:  71.43%  loss: 1.0323  |  FPR: 90.0%  |  mF1: 71.6%
15:09:00  INFO      defenses.mkrum — MKrum selected 1 / 10 clients: [63]  |  rejected: [3, 16, 24, 35, 57, 81, 84, 87, 95]
15:09:33  INFO      defenses.mkrum — MKrum selected 1 / 10 clients: [82]  |  rejected: [7, 31, 33, 34, 42, 49, 75, 80, 81]
15:10:12  INFO      defenses.mkrum — MKrum selected 1 / 10 clients: [81]  |  rejected: [7, 22, 44, 54, 66, 71, 75, 77, 89]
15:10:47  INFO      defenses.mkrum — MKrum selected 1 / 10 clients: [91]  |  rejected: [8, 25, 34, 45, 52, 54, 68, 70, 84]
15:11:25  INFO      defenses.mkrum — MKrum selected 1 / 10 clients: [22]  |  rejected: [7, 9, 12, 19, 32, 78, 92, 95, 96]
15:11:59  INFO      defenses.mkrum — MKrum selected 1 / 10 clients: [81]  |  rejected: [5, 6, 11, 26, 47, 54, 60, 64, 65]
15:12:37  INFO      defenses.mkrum — MKrum selected 1 / 10 clients: [50]  |  rejected: [4, 5, 12, 16, 40, 56, 68, 85, 97]
15:13:11  INFO      defenses.mkrum — MKrum selected 1 / 10 clients: [32]  |  rejected: [3, 10, 11, 34, 41, 57, 67, 90, 94]
15:13:45  INFO      defenses.mkrum — MKrum selected 1 / 10 clients: [38]  |  rejected: [4, 7, 16, 33, 40, 48, 49, 93, 94]
15:14:22  INFO      defenses.mkrum — MKrum selected 1 / 10 clients: [38]  |  rejected: [12, 14, 26, 31, 42, 54, 64, 71, 86]
15:14:26  INFO      experiment.runner — Round  111/240  |  acc:  75.39%  loss: 0.9972  |  FPR: 90.0%  |  mF1: 75.1%
15:14:59  INFO      defenses.mkrum — MKrum selected 1 / 10 clients: [50]  |  rejected: [13, 16, 43, 57, 61, 65, 67, 74, 83]
15:15:40  INFO      defenses.mkrum — MKrum selected 1 / 10 clients: [74]  |  rejected: [3, 20, 37, 66, 68, 71, 89, 92, 95]
15:16:15  INFO      defenses.mkrum — MKrum selected 1 / 10 clients: [73]  |  rejected: [12, 16, 25, 41, 44, 47, 49, 52, 66]
15:16:53  INFO      defenses.mkrum — MKrum selected 1 / 10 clients: [38]  |  rejected: [5, 8, 34, 40, 41, 45, 53, 68, 83]
15:17:29  INFO      defenses.mkrum — MKrum selected 1 / 10 clients: [64]  |  rejected: [1, 15, 19, 40, 41, 66, 67, 93, 95]
15:18:02  INFO      defenses.mkrum — MKrum selected 1 / 10 clients: [73]  |  rejected: [8, 35, 41, 46, 48, 57, 58, 61, 94]
15:18:40  INFO      defenses.mkrum — MKrum selected 1 / 10 clients: [73]  |  rejected: [6, 7, 10, 17, 31, 32, 62, 67, 74]
15:19:14  INFO      defenses.mkrum — MKrum selected 1 / 10 clients: [73]  |  rejected: [39, 43, 46, 47, 51, 59, 82, 89, 95]
15:19:52  INFO      defenses.mkrum — MKrum selected 1 / 10 clients: [32]  |  rejected: [3, 18, 21, 28, 43, 64, 68, 76, 87]
15:20:25  INFO      defenses.mkrum — MKrum selected 1 / 10 clients: [6]  |  rejected: [12, 14, 17, 23, 52, 72, 79, 93, 98]
15:20:29  INFO      experiment.runner — Round  121/240  |  acc:  71.15%  loss: 1.1521  |  FPR: 90.0%  |  mF1: 70.8%
15:21:07  INFO      defenses.mkrum — MKrum selected 1 / 10 clients: [73]  |  rejected: [8, 13, 26, 33, 34, 69, 80, 87, 91]
15:21:42  INFO      defenses.mkrum — MKrum selected 1 / 10 clients: [2]  |  rejected: [9, 10, 22, 27, 55, 65, 67, 75, 82]
15:22:15  INFO      defenses.mkrum — MKrum selected 1 / 10 clients: [63]  |  rejected: [25, 28, 30, 36, 47, 54, 62, 76, 90]
15:22:51  INFO      defenses.mkrum — MKrum selected 1 / 10 clients: [32]  |  rejected: [9, 24, 46, 52, 57, 61, 69, 86, 92]
15:23:24  INFO      defenses.mkrum — MKrum selected 1 / 10 clients: [48]  |  rejected: [1, 9, 25, 51, 62, 65, 68, 95, 98]
15:24:04  INFO      defenses.mkrum — MKrum selected 1 / 10 clients: [38]  |  rejected: [0, 5, 24, 45, 54, 58, 65, 74, 78]
15:24:38  INFO      defenses.mkrum — MKrum selected 1 / 10 clients: [38]  |  rejected: [0, 15, 40, 65, 69, 82, 88, 89, 95]
15:25:10  INFO      defenses.mkrum — MKrum selected 1 / 10 clients: [73]  |  rejected: [36, 52, 66, 67, 69, 70, 77, 82, 99]
15:25:49  INFO      defenses.mkrum — MKrum selected 1 / 10 clients: [38]  |  rejected: [16, 17, 39, 56, 57, 64, 74, 75, 80]
15:26:24  INFO      defenses.mkrum — MKrum selected 1 / 10 clients: [32]  |  rejected: [1, 20, 54, 70, 72, 81, 84, 94, 98]
15:26:28  INFO      experiment.runner — Round  131/240  |  acc:  75.94%  loss: 0.9883  |  FPR: 90.0%  |  mF1: 75.9%
15:27:08  INFO      defenses.mkrum — MKrum selected 1 / 10 clients: [2]  |  rejected: [4, 11, 36, 47, 51, 53, 84, 85, 96]
15:27:41  INFO      defenses.mkrum — MKrum selected 1 / 10 clients: [59]  |  rejected: [0, 11, 34, 47, 49, 61, 81, 95, 98]
15:28:18  INFO      defenses.mkrum — MKrum selected 1 / 10 clients: [2]  |  rejected: [14, 18, 22, 43, 45, 49, 53, 58, 61]
15:28:52  INFO      defenses.mkrum — MKrum selected 1 / 10 clients: [65]  |  rejected: [16, 33, 36, 47, 52, 53, 75, 88, 94]
15:29:26  INFO      defenses.mkrum — MKrum selected 1 / 10 clients: [91]  |  rejected: [11, 27, 35, 42, 51, 54, 55, 62, 99]
15:30:02  INFO      defenses.mkrum — MKrum selected 1 / 10 clients: [32]  |  rejected: [3, 8, 13, 16, 19, 26, 29, 61, 93]
15:30:35  INFO      defenses.mkrum — MKrum selected 1 / 10 clients: [99]  |  rejected: [0, 11, 12, 23, 51, 54, 78, 83, 92]
15:31:13  INFO      defenses.mkrum — MKrum selected 1 / 10 clients: [6]  |  rejected: [13, 27, 44, 54, 68, 70, 83, 86, 94]
15:31:50  INFO      defenses.mkrum — MKrum selected 1 / 10 clients: [22]  |  rejected: [15, 33, 35, 53, 61, 85, 87, 90, 94]
15:32:23  INFO      defenses.mkrum — MKrum selected 1 / 10 clients: [6]  |  rejected: [11, 15, 27, 37, 49, 57, 82, 85, 86]
15:32:27  INFO      experiment.runner — Round  141/240  |  acc:  76.14%  loss: 0.9180  |  FPR: 90.0%  |  mF1: 75.8%
15:33:02  INFO      defenses.mkrum — MKrum selected 1 / 10 clients: [50]  |  rejected: [13, 14, 19, 49, 61, 63, 65, 77, 87]
15:33:35  INFO      defenses.mkrum — MKrum selected 1 / 10 clients: [32]  |  rejected: [21, 25, 36, 53, 66, 68, 78, 89, 95]
15:34:11  INFO      defenses.mkrum — MKrum selected 1 / 10 clients: [63]  |  rejected: [1, 13, 27, 43, 62, 69, 79, 81, 97]
15:34:44  INFO      defenses.mkrum — MKrum selected 1 / 10 clients: [34]  |  rejected: [7, 44, 56, 69, 80, 84, 90, 93, 96]
15:35:21  INFO      defenses.mkrum — MKrum selected 1 / 10 clients: [38]  |  rejected: [12, 29, 31, 34, 35, 52, 65, 90, 97]
15:35:58  INFO      defenses.mkrum — MKrum selected 1 / 10 clients: [32]  |  rejected: [7, 16, 18, 24, 52, 68, 71, 76, 80]
15:36:31  INFO      defenses.mkrum — MKrum selected 1 / 10 clients: [34]  |  rejected: [19, 35, 39, 52, 61, 62, 65, 77, 89]
15:37:11  INFO      defenses.mkrum — MKrum selected 1 / 10 clients: [63]  |  rejected: [22, 27, 30, 43, 47, 60, 76, 77, 97]
15:37:45  INFO      defenses.mkrum — MKrum selected 1 / 10 clients: [74]  |  rejected: [7, 19, 23, 41, 57, 64, 68, 88, 94]
15:38:23  INFO      defenses.mkrum — MKrum selected 1 / 10 clients: [63]  |  rejected: [17, 27, 40, 61, 67, 79, 82, 88, 97]
15:38:28  INFO      experiment.runner — Round  151/240  |  acc:  77.52%  loss: 0.8598  |  FPR: 90.0%  |  mF1: 77.6%
15:39:00  INFO      defenses.mkrum — MKrum selected 1 / 10 clients: [32]  |  rejected: [11, 15, 16, 17, 28, 42, 68, 81, 89]
15:39:34  INFO      defenses.mkrum — MKrum selected 1 / 10 clients: [6]  |  rejected: [14, 22, 25, 28, 64, 72, 84, 87, 89]
15:40:10  INFO      defenses.mkrum — MKrum selected 1 / 10 clients: [2]  |  rejected: [0, 10, 28, 39, 41, 54, 78, 95, 99]
15:40:43  INFO      defenses.mkrum — MKrum selected 1 / 10 clients: [34]  |  rejected: [28, 35, 43, 48, 66, 76, 80, 87, 92]
15:41:20  INFO      defenses.mkrum — MKrum selected 1 / 10 clients: [32]  |  rejected: [2, 14, 15, 17, 18, 42, 44, 87, 98]
15:41:54  INFO      defenses.mkrum — MKrum selected 1 / 10 clients: [38]  |  rejected: [5, 9, 11, 13, 31, 40, 44, 73, 92]
15:42:35  INFO      defenses.mkrum — MKrum selected 1 / 10 clients: [6]  |  rejected: [3, 10, 17, 34, 46, 47, 51, 67, 92]
15:43:09  INFO      defenses.mkrum — MKrum selected 1 / 10 clients: [81]  |  rejected: [1, 12, 30, 35, 41, 42, 65, 86, 88]
15:43:42  INFO      defenses.mkrum — MKrum selected 1 / 10 clients: [34]  |  rejected: [11, 14, 16, 45, 51, 77, 82, 86, 92]
15:44:18  INFO      defenses.mkrum — MKrum selected 1 / 10 clients: [38]  |  rejected: [50, 53, 60, 67, 68, 72, 73, 79, 92]
15:44:22  INFO      experiment.runner — Round  161/240  |  acc:  76.67%  loss: 0.9546  |  FPR: 90.0%  |  mF1: 76.5%
15:44:54  INFO      defenses.mkrum — MKrum selected 1 / 10 clients: [38]  |  rejected: [6, 14, 17, 22, 28, 65, 70, 76, 80]
15:45:31  INFO      defenses.mkrum — MKrum selected 1 / 10 clients: [32]  |  rejected: [2, 27, 30, 34, 35, 55, 67, 68, 69]
15:46:07  INFO      defenses.mkrum — MKrum selected 1 / 10 clients: [13]  |  rejected: [8, 16, 33, 47, 51, 60, 83, 90, 95]
15:46:39  INFO      defenses.mkrum — MKrum selected 1 / 10 clients: [74]  |  rejected: [3, 39, 46, 64, 69, 71, 79, 87, 92]
15:47:16  INFO      defenses.mkrum — MKrum selected 1 / 10 clients: [74]  |  rejected: [9, 16, 18, 19, 27, 57, 61, 86, 87]
15:47:51  INFO      defenses.mkrum — MKrum selected 1 / 10 clients: [48]  |  rejected: [15, 19, 20, 37, 42, 46, 51, 56, 98]
15:48:32  INFO      defenses.mkrum — MKrum selected 1 / 10 clients: [34]  |  rejected: [1, 18, 37, 68, 76, 77, 81, 85, 87]
15:49:05  INFO      defenses.mkrum — MKrum selected 1 / 10 clients: [48]  |  rejected: [1, 3, 12, 16, 58, 71, 82, 95, 99]
15:49:44  INFO      defenses.mkrum — MKrum selected 1 / 10 clients: [59]  |  rejected: [35, 47, 51, 52, 54, 55, 76, 77, 86]
15:50:19  INFO      defenses.mkrum — MKrum selected 1 / 10 clients: [6]  |  rejected: [0, 4, 5, 12, 60, 82, 89, 90, 99]
15:50:23  INFO      experiment.runner — Round  171/240  |  acc:  76.83%  loss: 0.9202  |  FPR: 90.0%  |  mF1: 76.5%
15:50:56  INFO      defenses.mkrum — MKrum selected 1 / 10 clients: [34]  |  rejected: [14, 17, 45, 65, 67, 70, 72, 75, 97]
15:51:32  INFO      defenses.mkrum — MKrum selected 1 / 10 clients: [13]  |  rejected: [20, 30, 31, 45, 60, 71, 79, 83, 89]
15:52:05  INFO      defenses.mkrum — MKrum selected 1 / 10 clients: [32]  |  rejected: [5, 14, 40, 44, 54, 84, 90, 93, 99]
15:52:43  INFO      defenses.mkrum — MKrum selected 1 / 10 clients: [48]  |  rejected: [7, 37, 45, 53, 55, 78, 80, 96, 98]
15:53:17  INFO      defenses.mkrum — MKrum selected 1 / 10 clients: [81]  |  rejected: [7, 18, 30, 43, 56, 66, 78, 86, 89]
15:53:53  INFO      defenses.mkrum — MKrum selected 1 / 10 clients: [82]  |  rejected: [14, 22, 43, 62, 65, 69, 80, 90, 96]
15:54:29  INFO      defenses.mkrum — MKrum selected 1 / 10 clients: [2]  |  rejected: [15, 22, 26, 49, 50, 61, 74, 80, 91]
15:55:02  INFO      defenses.mkrum — MKrum selected 1 / 10 clients: [86]  |  rejected: [12, 29, 31, 42, 47, 59, 60, 84, 95]
15:55:39  INFO      defenses.mkrum — MKrum selected 1 / 10 clients: [63]  |  rejected: [24, 51, 55, 56, 69, 83, 84, 92, 98]
15:56:12  INFO      defenses.mkrum — MKrum selected 1 / 10 clients: [34]  |  rejected: [1, 13, 15, 16, 19, 48, 53, 62, 73]
15:56:15  INFO      experiment.runner — Round  181/240  |  acc:  77.54%  loss: 0.8926  |  FPR: 90.0%  |  mF1: 77.5%
15:56:55  INFO      defenses.mkrum — MKrum selected 1 / 10 clients: [48]  |  rejected: [3, 9, 23, 36, 58, 64, 83, 85, 98]
15:57:28  INFO      defenses.mkrum — MKrum selected 1 / 10 clients: [32]  |  rejected: [2, 13, 19, 50, 59, 67, 81, 90, 94]
15:58:02  INFO      defenses.mkrum — MKrum selected 1 / 10 clients: [50]  |  rejected: [0, 20, 29, 31, 54, 68, 69, 84, 89]
15:58:42  INFO      defenses.mkrum — MKrum selected 1 / 10 clients: [48]  |  rejected: [9, 20, 22, 30, 43, 68, 71, 84, 99]
15:59:16  INFO      defenses.mkrum — MKrum selected 1 / 10 clients: [2]  |  rejected: [5, 24, 27, 30, 54, 65, 66, 74, 92]
15:59:56  INFO      defenses.mkrum — MKrum selected 1 / 10 clients: [50]  |  rejected: [9, 31, 64, 68, 78, 83, 88, 89, 99]
16:00:29  INFO      defenses.mkrum — MKrum selected 1 / 10 clients: [6]  |  rejected: [11, 12, 15, 49, 59, 61, 71, 72, 82]
16:01:03  INFO      defenses.mkrum — MKrum selected 1 / 10 clients: [2]  |  rejected: [1, 5, 30, 35, 39, 59, 66, 92, 99]
16:01:40  INFO      defenses.mkrum — MKrum selected 1 / 10 clients: [81]  |  rejected: [17, 21, 40, 53, 68, 71, 76, 90, 98]
16:02:13  INFO      defenses.mkrum — MKrum selected 1 / 10 clients: [50]  |  rejected: [21, 25, 49, 53, 57, 63, 64, 70, 89]
16:02:16  INFO      experiment.runner — Round  191/240  |  acc:  76.62%  loss: 1.0452  |  FPR: 90.0%  |  mF1: 76.9%
16:02:52  INFO      defenses.mkrum — MKrum selected 1 / 10 clients: [22]  |  rejected: [10, 19, 33, 35, 46, 72, 79, 92, 99]
16:03:25  INFO      defenses.mkrum — MKrum selected 1 / 10 clients: [32]  |  rejected: [18, 33, 35, 43, 44, 46, 49, 72, 93]
16:04:03  INFO      defenses.mkrum — MKrum selected 1 / 10 clients: [32]  |  rejected: [1, 9, 16, 19, 25, 28, 59, 68, 74]
16:04:38  INFO      defenses.mkrum — MKrum selected 1 / 10 clients: [73]  |  rejected: [17, 25, 30, 54, 58, 69, 70, 79, 91]
16:05:11  INFO      defenses.mkrum — MKrum selected 1 / 10 clients: [50]  |  rejected: [3, 7, 9, 10, 19, 25, 80, 85, 91]
16:05:49  INFO      defenses.mkrum — MKrum selected 1 / 10 clients: [48]  |  rejected: [16, 17, 51, 53, 75, 76, 86, 87, 95]
16:06:22  INFO      defenses.mkrum — MKrum selected 1 / 10 clients: [48]  |  rejected: [9, 17, 25, 30, 36, 68, 69, 84, 92]
16:07:02  INFO      defenses.mkrum — MKrum selected 1 / 10 clients: [50]  |  rejected: [18, 22, 28, 38, 44, 45, 62, 90, 95]
16:07:34  INFO      defenses.mkrum — MKrum selected 1 / 10 clients: [2]  |  rejected: [11, 26, 37, 38, 59, 65, 68, 79, 90]
16:08:06  INFO      defenses.mkrum — MKrum selected 1 / 10 clients: [32]  |  rejected: [6, 7, 13, 47, 56, 75, 78, 79, 96]
16:08:12  INFO      experiment.runner — Round  201/240  |  acc:  79.71%  loss: 0.9365  |  FPR: 90.0%  |  mF1: 79.6%
16:08:53  INFO      defenses.mkrum — MKrum selected 1 / 10 clients: [81]  |  rejected: [13, 14, 16, 20, 31, 40, 55, 75, 80]
16:09:27  INFO      defenses.mkrum — MKrum selected 1 / 10 clients: [50]  |  rejected: [15, 26, 27, 49, 64, 66, 84, 90, 95]
16:10:06  INFO      defenses.mkrum — MKrum selected 1 / 10 clients: [32]  |  rejected: [0, 15, 17, 25, 72, 74, 91, 92, 97]
16:10:40  INFO      defenses.mkrum — MKrum selected 1 / 10 clients: [81]  |  rejected: [4, 21, 29, 34, 48, 61, 69, 78, 84]
16:11:17  INFO      defenses.mkrum — MKrum selected 1 / 10 clients: [64]  |  rejected: [29, 35, 51, 52, 53, 70, 84, 85, 98]
16:11:50  INFO      defenses.mkrum — MKrum selected 1 / 10 clients: [2]  |  rejected: [12, 16, 23, 34, 58, 63, 71, 85, 96]
16:12:26  INFO      defenses.mkrum — MKrum selected 1 / 10 clients: [50]  |  rejected: [5, 9, 12, 27, 31, 43, 62, 68, 93]
16:13:02  INFO      defenses.mkrum — MKrum selected 1 / 10 clients: [22]  |  rejected: [5, 24, 54, 56, 64, 65, 76, 86, 95]
16:13:35  INFO      defenses.mkrum — MKrum selected 1 / 10 clients: [99]  |  rejected: [8, 25, 29, 46, 49, 66, 75, 84, 96]
16:14:12  INFO      defenses.mkrum — MKrum selected 1 / 10 clients: [22]  |  rejected: [5, 6, 18, 36, 43, 58, 60, 74, 78]
16:14:15  INFO      experiment.runner — Round  211/240  |  acc:  77.97%  loss: 0.8982  |  FPR: 90.0%  |  mF1: 78.0%
16:14:47  INFO      defenses.mkrum — MKrum selected 1 / 10 clients: [50]  |  rejected: [8, 11, 38, 51, 64, 65, 72, 73, 82]
16:15:25  INFO      defenses.mkrum — MKrum selected 1 / 10 clients: [50]  |  rejected: [2, 6, 34, 38, 45, 54, 60, 61, 70]
16:16:01  INFO      defenses.mkrum — MKrum selected 1 / 10 clients: [99]  |  rejected: [8, 19, 35, 40, 71, 75, 76, 77, 95]
16:16:33  INFO      defenses.mkrum — MKrum selected 1 / 10 clients: [50]  |  rejected: [3, 4, 14, 46, 53, 66, 67, 73, 74]
16:17:11  INFO      defenses.mkrum — MKrum selected 1 / 10 clients: [81]  |  rejected: [1, 4, 12, 42, 43, 47, 70, 74, 96]
16:17:43  INFO      defenses.mkrum — MKrum selected 1 / 10 clients: [81]  |  rejected: [0, 9, 10, 20, 42, 57, 62, 64, 69]
16:18:22  INFO      defenses.mkrum — MKrum selected 1 / 10 clients: [74]  |  rejected: [13, 18, 27, 40, 41, 46, 51, 65, 75]
16:18:56  INFO      defenses.mkrum — MKrum selected 1 / 10 clients: [91]  |  rejected: [4, 8, 33, 43, 46, 47, 53, 77, 98]
16:19:29  INFO      defenses.mkrum — MKrum selected 1 / 10 clients: [50]  |  rejected: [10, 31, 33, 36, 70, 73, 79, 80, 96]
16:20:05  INFO      defenses.mkrum — MKrum selected 1 / 10 clients: [34]  |  rejected: [9, 10, 16, 21, 36, 52, 70, 90, 92]
16:20:09  INFO      experiment.runner — Round  221/240  |  acc:  77.13%  loss: 0.9880  |  FPR: 90.0%  |  mF1: 77.0%
16:20:43  INFO      defenses.mkrum — MKrum selected 1 / 10 clients: [6]  |  rejected: [12, 26, 30, 33, 35, 61, 82, 92, 94]
16:21:20  INFO      defenses.mkrum — MKrum selected 1 / 10 clients: [38]  |  rejected: [9, 26, 37, 40, 43, 65, 66, 69, 70]
16:21:52  INFO      defenses.mkrum — MKrum selected 1 / 10 clients: [40]  |  rejected: [3, 4, 17, 20, 46, 53, 56, 71, 95]
16:22:29  INFO      defenses.mkrum — MKrum selected 1 / 10 clients: [5]  |  rejected: [23, 25, 54, 67, 75, 80, 84, 89, 90]
16:23:04  INFO      defenses.mkrum — MKrum selected 1 / 10 clients: [34]  |  rejected: [14, 15, 16, 25, 29, 58, 64, 75, 92]
16:23:36  INFO      defenses.mkrum — MKrum selected 1 / 10 clients: [81]  |  rejected: [1, 7, 28, 42, 45, 46, 58, 78, 92]
16:24:12  INFO      defenses.mkrum — MKrum selected 1 / 10 clients: [32]  |  rejected: [1, 4, 5, 10, 21, 29, 62, 70, 97]
16:24:45  INFO      defenses.mkrum — MKrum selected 1 / 10 clients: [22]  |  rejected: [4, 25, 26, 31, 36, 56, 62, 64, 67]
16:25:23  INFO      defenses.mkrum — MKrum selected 1 / 10 clients: [50]  |  rejected: [9, 23, 24, 41, 47, 76, 79, 83, 87]
16:25:59  INFO      defenses.mkrum — MKrum selected 1 / 10 clients: [38]  |  rejected: [2, 13, 46, 54, 60, 62, 74, 78, 84]
16:26:03  INFO      experiment.runner — Round  231/240  |  acc:  78.86%  loss: 0.8999  |  FPR: 90.0%  |  mF1: 78.7%
16:26:36  INFO      defenses.mkrum — MKrum selected 1 / 10 clients: [74]  |  rejected: [9, 43, 55, 73, 79, 80, 82, 85, 90]
16:27:14  INFO      defenses.mkrum — MKrum selected 1 / 10 clients: [64]  |  rejected: [24, 53, 63, 65, 70, 72, 77, 84, 89]
16:27:47  INFO      defenses.mkrum — MKrum selected 1 / 10 clients: [73]  |  rejected: [21, 57, 60, 61, 76, 77, 87, 94, 98]
16:28:25  INFO      defenses.mkrum — MKrum selected 1 / 10 clients: [50]  |  rejected: [33, 34, 38, 67, 69, 72, 77, 86, 97]
16:28:58  INFO      defenses.mkrum — MKrum selected 1 / 10 clients: [32]  |  rejected: [1, 5, 29, 39, 45, 58, 65, 77, 96]
16:29:31  INFO      defenses.mkrum — MKrum selected 1 / 10 clients: [6]  |  rejected: [18, 26, 42, 49, 55, 56, 60, 80, 89]
16:30:08  INFO      defenses.mkrum — MKrum selected 1 / 10 clients: [32]  |  rejected: [1, 6, 14, 39, 45, 69, 82, 94, 96]
16:30:48  INFO      defenses.mkrum — MKrum selected 1 / 10 clients: [6]  |  rejected: [1, 10, 26, 39, 41, 43, 48, 75, 91]
16:31:24  INFO      defenses.mkrum — MKrum selected 1 / 10 clients: [99]  |  rejected: [8, 15, 16, 37, 42, 52, 82, 85, 88]
16:31:27  INFO      experiment.runner — Round  240/240  |  acc:  78.61%  loss: 0.9411  |  FPR: 90.0%  |  mF1: 78.3%
16:31:28  INFO      experiment.runner — Final model saved to results/benchmark/cifar10_none_krum_seed1/final_model.pt
16:31:28  INFO      experiment.runner — Client atypicality written to results/benchmark/cifar10_none_krum_seed1/client_atypicality.json
16:31:28  INFO      experiment.runner — Client inclusion rates written to results/benchmark/cifar10_none_krum_seed1/client_inclusion.csv
16:31:28  INFO      experiment.runner — Anomaly scores written to results/benchmark/cifar10_none_krum_seed1/anomaly_scores.csv (2400 rows)
16:31:28  INFO      benchmark — ✓  cifar10_none_krum_seed1  (143.8 min)
16:31:28  INFO      benchmark — ▶  cifar10_none_krum_seed2
16:31:28  INFO      experiment.runner — Initialising 'cifar10_none_krum_seed2' | device=cuda | rounds=240 | clients=10/100 | attack=none | defense=mkrum
16:31:31  INFO      defenses.mkrum — MKrumServer initialised — f=1 Byzantine, selecting m=1 updates.
16:31:43  INFO      experiment.utils — Built 100 clients — 0 malicious, 100 benign.
16:31:43  INFO      experiment.runner — Setup complete — 100 clients (0 malicious) | backdoor eval: none

==============================================================
  Summary — 25 rounds evaluated
==============================================================
  Final clean accuracy               78.61%
  Best  clean accuracy               79.71%
  Final clean loss                   0.9411
  Macro F1                           78.34%
  Pooled FPR (all rounds)            90.00%
==============================================================

Files already downloaded and verified
Files already downloaded and verified
Files already downloaded and verified
Files already downloaded and verified
16:32:16  INFO      defenses.mkrum — MKrum selected 1 / 10 clients: [21]  |  rejected: [7, 10, 11, 32, 39, 46, 77, 85, 94]
16:32:20  INFO      experiment.runner — Round    1/240  |  acc:  18.01%  loss: 2.7666  |  FPR: 90.0%  |  mF1: 14.0%
16:32:57  INFO      defenses.mkrum — MKrum selected 1 / 10 clients: [74]  |  rejected: [4, 20, 27, 50, 55, 77, 81, 87, 92]
16:33:29  INFO      defenses.mkrum — MKrum selected 1 / 10 clients: [3]  |  rejected: [4, 34, 46, 47, 56, 59, 64, 65, 69]
16:34:06  INFO      defenses.mkrum — MKrum selected 1 / 10 clients: [3]  |  rejected: [21, 22, 29, 30, 40, 48, 54, 67, 71]
16:34:38  INFO      defenses.mkrum — MKrum selected 1 / 10 clients: [17]  |  rejected: [22, 23, 41, 46, 53, 57, 65, 71, 86]
16:35:15  INFO      defenses.mkrum — MKrum selected 1 / 10 clients: [94]  |  rejected: [20, 45, 46, 51, 57, 67, 75, 96, 97]
16:35:50  INFO      defenses.mkrum — MKrum selected 1 / 10 clients: [94]  |  rejected: [31, 35, 59, 62, 63, 64, 67, 83, 91]
16:36:25  INFO      defenses.mkrum — MKrum selected 1 / 10 clients: [59]  |  rejected: [44, 45, 58, 62, 65, 71, 72, 84, 92]
16:37:02  INFO      defenses.mkrum — MKrum selected 1 / 10 clients: [78]  |  rejected: [21, 28, 34, 39, 41, 61, 84, 89, 98]
16:37:36  INFO      defenses.mkrum — MKrum selected 1 / 10 clients: [78]  |  rejected: [38, 39, 52, 64, 66, 71, 75, 83, 90]
16:38:14  INFO      defenses.mkrum — MKrum selected 1 / 10 clients: [79]  |  rejected: [9, 26, 43, 46, 62, 65, 87, 92, 93]
16:38:17  INFO      experiment.runner — Round   11/240  |  acc:  44.26%  loss: 1.7791  |  FPR: 90.0%  |  mF1: 42.6%
16:38:49  INFO      defenses.mkrum — MKrum selected 1 / 10 clients: [83]  |  rejected: [1, 6, 7, 13, 24, 34, 73, 75, 95]
16:39:27  INFO      defenses.mkrum — MKrum selected 1 / 10 clients: [17]  |  rejected: [7, 13, 26, 29, 31, 34, 66, 87, 96]
16:40:01  INFO      defenses.mkrum — MKrum selected 1 / 10 clients: [7]  |  rejected: [3, 4, 22, 31, 46, 54, 86, 91, 97]
16:40:34  INFO      defenses.mkrum — MKrum selected 1 / 10 clients: [10]  |  rejected: [2, 3, 5, 8, 14, 16, 32, 47, 93]
16:41:12  INFO      defenses.mkrum — MKrum selected 1 / 10 clients: [66]  |  rejected: [0, 5, 20, 23, 31, 49, 75, 88, 94]
16:41:47  INFO      defenses.mkrum — MKrum selected 1 / 10 clients: [36]  |  rejected: [0, 4, 14, 19, 43, 44, 78, 80, 95]
16:42:23  INFO      defenses.mkrum — MKrum selected 1 / 10 clients: [98]  |  rejected: [3, 5, 33, 39, 57, 62, 70, 77, 94]
16:42:57  INFO      defenses.mkrum — MKrum selected 1 / 10 clients: [79]  |  rejected: [11, 19, 28, 51, 60, 84, 87, 90, 96]
16:43:30  INFO      defenses.mkrum — MKrum selected 1 / 10 clients: [66]  |  rejected: [3, 13, 16, 40, 50, 57, 62, 74, 99]
16:44:07  INFO      defenses.mkrum — MKrum selected 1 / 10 clients: [65]  |  rejected: [2, 18, 33, 41, 43, 53, 77, 83, 89]
16:44:11  INFO      experiment.runner — Round   21/240  |  acc:  51.91%  loss: 1.5634  |  FPR: 90.0%  |  mF1: 50.9%
16:44:44  INFO      defenses.mkrum — MKrum selected 1 / 10 clients: [85]  |  rejected: [4, 7, 12, 16, 17, 20, 21, 32, 71]
16:45:23  INFO      defenses.mkrum — MKrum selected 1 / 10 clients: [65]  |  rejected: [4, 9, 29, 31, 56, 58, 81, 90, 91]
16:45:56  INFO      defenses.mkrum — MKrum selected 1 / 10 clients: [79]  |  rejected: [10, 29, 32, 35, 46, 54, 75, 87, 90]
16:46:33  INFO      defenses.mkrum — MKrum selected 1 / 10 clients: [65]  |  rejected: [0, 4, 14, 19, 20, 49, 52, 67, 96]
16:47:14  INFO      defenses.mkrum — MKrum selected 1 / 10 clients: [13]  |  rejected: [2, 11, 12, 23, 27, 29, 30, 92, 96]
16:47:47  INFO      defenses.mkrum — MKrum selected 1 / 10 clients: [85]  |  rejected: [3, 27, 39, 48, 58, 59, 66, 68, 82]
16:48:25  INFO      defenses.mkrum — MKrum selected 1 / 10 clients: [65]  |  rejected: [2, 26, 54, 55, 74, 75, 87, 93, 97]
16:48:58  INFO      defenses.mkrum — MKrum selected 1 / 10 clients: [12]  |  rejected: [2, 6, 23, 46, 53, 61, 67, 74, 84]
16:49:33  INFO      defenses.mkrum — MKrum selected 1 / 10 clients: [66]  |  rejected: [2, 15, 37, 39, 46, 47, 78, 87, 88]
16:50:09  INFO      defenses.mkrum — MKrum selected 1 / 10 clients: [12]  |  rejected: [2, 7, 13, 25, 39, 52, 57, 86, 99]
16:50:13  INFO      experiment.runner — Round   31/240  |  acc:  57.49%  loss: 1.4997  |  FPR: 90.0%  |  mF1: 57.2%
16:50:45  INFO      defenses.mkrum — MKrum selected 1 / 10 clients: [26]  |  rejected: [0, 9, 36, 52, 59, 62, 75, 78, 81]
16:51:22  INFO      defenses.mkrum — MKrum selected 1 / 10 clients: [3]  |  rejected: [9, 14, 24, 28, 39, 47, 62, 92, 96]
16:51:55  INFO      defenses.mkrum — MKrum selected 1 / 10 clients: [47]  |  rejected: [15, 17, 32, 44, 50, 59, 73, 91, 96]
16:52:33  INFO      defenses.mkrum — MKrum selected 1 / 10 clients: [3]  |  rejected: [10, 13, 15, 27, 42, 50, 78, 82, 88]
16:53:08  INFO      defenses.mkrum — MKrum selected 1 / 10 clients: [79]  |  rejected: [5, 37, 45, 60, 63, 84, 90, 92, 99]
16:53:43  INFO      defenses.mkrum — MKrum selected 1 / 10 clients: [47]  |  rejected: [18, 34, 53, 58, 61, 62, 67, 92, 93]
16:54:20  INFO      defenses.mkrum — MKrum selected 1 / 10 clients: [54]  |  rejected: [20, 29, 33, 37, 50, 62, 70, 76, 87]
16:54:52  INFO      defenses.mkrum — MKrum selected 1 / 10 clients: [12]  |  rejected: [9, 10, 22, 45, 73, 74, 86, 89, 93]
16:55:29  INFO      defenses.mkrum — MKrum selected 1 / 10 clients: [8]  |  rejected: [4, 11, 16, 18, 37, 53, 69, 82, 87]
16:56:02  INFO      defenses.mkrum — MKrum selected 1 / 10 clients: [85]  |  rejected: [22, 29, 36, 42, 49, 56, 67, 87, 90]
16:56:05  INFO      experiment.runner — Round   41/240  |  acc:  60.34%  loss: 1.3536  |  FPR: 90.0%  |  mF1: 59.8%
16:56:41  INFO      defenses.mkrum — MKrum selected 1 / 10 clients: [54]  |  rejected: [12, 14, 19, 31, 42, 66, 69, 91, 96]
16:57:16  INFO      defenses.mkrum — MKrum selected 1 / 10 clients: [59]  |  rejected: [20, 21, 30, 32, 45, 51, 65, 90, 97]
16:57:51  INFO      defenses.mkrum — MKrum selected 1 / 10 clients: [59]  |  rejected: [3, 18, 49, 56, 73, 76, 92, 93, 94]
16:58:28  INFO      defenses.mkrum — MKrum selected 1 / 10 clients: [65]  |  rejected: [6, 23, 32, 35, 50, 51, 61, 90, 93]
16:59:01  INFO      defenses.mkrum — MKrum selected 1 / 10 clients: [90]  |  rejected: [42, 46, 52, 60, 70, 82, 84, 91, 95]
16:59:39  INFO      defenses.mkrum — MKrum selected 1 / 10 clients: [85]  |  rejected: [10, 24, 28, 48, 51, 68, 79, 92, 97]
17:00:13  INFO      defenses.mkrum — MKrum selected 1 / 10 clients: [12]  |  rejected: [1, 2, 22, 40, 59, 67, 81, 83, 91]
17:00:46  INFO      defenses.mkrum — MKrum selected 1 / 10 clients: [12]  |  rejected: [25, 27, 49, 51, 71, 72, 77, 93, 98]
17:01:24  INFO      defenses.mkrum — MKrum selected 1 / 10 clients: [78]  |  rejected: [1, 17, 24, 35, 62, 74, 75, 86, 95]
17:01:57  INFO      defenses.mkrum — MKrum selected 1 / 10 clients: [65]  |  rejected: [22, 26, 32, 55, 59, 61, 72, 91, 97]
17:02:01  INFO      experiment.runner — Round   51/240  |  acc:  61.72%  loss: 1.4571  |  FPR: 90.0%  |  mF1: 61.1%
17:02:36  INFO      defenses.mkrum — MKrum selected 1 / 10 clients: [8]  |  rejected: [0, 9, 44, 62, 68, 75, 84, 85, 96]
17:03:10  INFO      defenses.mkrum — MKrum selected 1 / 10 clients: [78]  |  rejected: [3, 10, 34, 42, 58, 62, 64, 86, 96]
17:03:46  INFO      defenses.mkrum — MKrum selected 1 / 10 clients: [17]  |  rejected: [22, 32, 44, 51, 80, 86, 92, 96, 97]
17:04:22  INFO      defenses.mkrum — MKrum selected 1 / 10 clients: [20]  |  rejected: [1, 6, 19, 36, 37, 48, 59, 63, 86]
17:04:55  INFO      defenses.mkrum — MKrum selected 1 / 10 clients: [46]  |  rejected: [0, 4, 26, 48, 56, 59, 68, 71, 72]
17:05:35  INFO      defenses.mkrum — MKrum selected 1 / 10 clients: [91]  |  rejected: [17, 38, 39, 61, 63, 68, 83, 86, 88]
17:06:08  INFO      defenses.mkrum — MKrum selected 1 / 10 clients: [66]  |  rejected: [9, 33, 38, 39, 40, 42, 50, 82, 83]
17:06:48  INFO      defenses.mkrum — MKrum selected 1 / 10 clients: [65]  |  rejected: [11, 19, 26, 50, 64, 67, 76, 80, 81]
17:07:22  INFO      defenses.mkrum — MKrum selected 1 / 10 clients: [66]  |  rejected: [5, 7, 11, 14, 29, 35, 39, 58, 71]
17:07:54  INFO      defenses.mkrum — MKrum selected 1 / 10 clients: [86]  |  rejected: [9, 14, 27, 40, 42, 45, 46, 48, 58]
17:08:00  INFO      experiment.runner — Round   61/240  |  acc:  63.72%  loss: 1.2824  |  FPR: 90.0%  |  mF1: 63.1%
17:08:40  INFO      defenses.mkrum — MKrum selected 1 / 10 clients: [91]  |  rejected: [17, 21, 27, 37, 46, 56, 59, 63, 81]
17:09:13  INFO      defenses.mkrum — MKrum selected 1 / 10 clients: [12]  |  rejected: [20, 24, 30, 34, 41, 47, 60, 86, 96]
17:09:50  INFO      defenses.mkrum — MKrum selected 1 / 10 clients: [17]  |  rejected: [23, 29, 34, 45, 48, 51, 70, 81, 95]
17:10:22  INFO      defenses.mkrum — MKrum selected 1 / 10 clients: [92]  |  rejected: [35, 41, 43, 64, 74, 76, 88, 93, 95]
17:10:55  INFO      defenses.mkrum — MKrum selected 1 / 10 clients: [91]  |  rejected: [37, 51, 68, 79, 80, 81, 85, 90, 96]
17:11:32  INFO      defenses.mkrum — MKrum selected 1 / 10 clients: [33]  |  rejected: [9, 11, 22, 39, 45, 47, 50, 56, 61]
17:12:04  INFO      defenses.mkrum — MKrum selected 1 / 10 clients: [40]  |  rejected: [3, 9, 13, 16, 21, 23, 44, 45, 48]
17:12:41  INFO      defenses.mkrum — MKrum selected 1 / 10 clients: [76]  |  rejected: [1, 30, 41, 49, 55, 69, 83, 93, 97]
17:13:15  INFO      defenses.mkrum — MKrum selected 1 / 10 clients: [40]  |  rejected: [12, 19, 25, 36, 46, 60, 63, 69, 81]
17:13:52  INFO      defenses.mkrum — MKrum selected 1 / 10 clients: [46]  |  rejected: [11, 18, 24, 26, 31, 32, 42, 43, 53]
17:13:58  INFO      experiment.runner — Round   71/240  |  acc:  66.20%  loss: 1.2488  |  FPR: 90.0%  |  mF1: 64.8%
17:14:32  INFO      defenses.mkrum — MKrum selected 1 / 10 clients: [78]  |  rejected: [5, 7, 30, 43, 47, 82, 90, 93, 98]
17:15:06  INFO      defenses.mkrum — MKrum selected 1 / 10 clients: [8]  |  rejected: [16, 18, 22, 34, 41, 55, 56, 66, 99]
17:15:42  INFO      defenses.mkrum — MKrum selected 1 / 10 clients: [78]  |  rejected: [6, 14, 29, 43, 50, 73, 82, 90, 98]
17:16:15  INFO      defenses.mkrum — MKrum selected 1 / 10 clients: [40]  |  rejected: [11, 50, 60, 62, 69, 75, 76, 79, 98]
17:16:53  INFO      defenses.mkrum — MKrum selected 1 / 10 clients: [65]  |  rejected: [21, 49, 51, 52, 58, 63, 68, 85, 88]
17:17:28  INFO      defenses.mkrum — MKrum selected 1 / 10 clients: [75]  |  rejected: [5, 13, 15, 16, 22, 57, 64, 67, 87]
17:18:02  INFO      defenses.mkrum — MKrum selected 1 / 10 clients: [85]  |  rejected: [1, 9, 13, 32, 39, 44, 50, 58, 90]
17:18:38  INFO      defenses.mkrum — MKrum selected 1 / 10 clients: [85]  |  rejected: [3, 11, 18, 22, 28, 43, 54, 59, 83]
17:19:14  INFO      defenses.mkrum — MKrum selected 1 / 10 clients: [8]  |  rejected: [3, 6, 17, 30, 60, 61, 64, 71, 89]
17:19:51  INFO      defenses.mkrum — MKrum selected 1 / 10 clients: [66]  |  rejected: [0, 6, 7, 25, 30, 43, 67, 69, 87]
17:19:54  INFO      experiment.runner — Round   81/240  |  acc:  68.43%  loss: 1.1732  |  FPR: 90.0%  |  mF1: 68.5%
17:20:26  INFO      defenses.mkrum — MKrum selected 1 / 10 clients: [47]  |  rejected: [0, 13, 14, 16, 17, 31, 59, 62, 69]
17:21:05  INFO      defenses.mkrum — MKrum selected 1 / 10 clients: [91]  |  rejected: [6, 27, 43, 48, 50, 78, 79, 80, 82]
17:21:38  INFO      defenses.mkrum — MKrum selected 1 / 10 clients: [65]  |  rejected: [13, 19, 20, 26, 64, 67, 80, 86, 99]
17:22:11  INFO      defenses.mkrum — MKrum selected 1 / 10 clients: [50]  |  rejected: [16, 18, 22, 25, 38, 43, 48, 54, 55]
17:22:47  INFO      defenses.mkrum — MKrum selected 1 / 10 clients: [40]  |  rejected: [12, 34, 36, 38, 60, 62, 67, 71, 97]
17:23:20  INFO      defenses.mkrum — MKrum selected 1 / 10 clients: [17]  |  rejected: [3, 13, 29, 35, 53, 70, 77, 84, 89]
17:24:00  INFO      defenses.mkrum — MKrum selected 1 / 10 clients: [17]  |  rejected: [5, 24, 25, 27, 50, 70, 74, 82, 96]
17:24:38  INFO      defenses.mkrum — MKrum selected 1 / 10 clients: [33]  |  rejected: [3, 6, 60, 69, 80, 89, 92, 94, 95]
17:25:12  INFO      defenses.mkrum — MKrum selected 1 / 10 clients: [17]  |  rejected: [4, 13, 18, 25, 28, 40, 76, 88, 98]
17:25:50  INFO      defenses.mkrum — MKrum selected 1 / 10 clients: [80]  |  rejected: [11, 23, 37, 59, 69, 81, 87, 88, 97]
17:25:54  INFO      experiment.runner — Round   91/240  |  acc:  68.26%  loss: 1.1841  |  FPR: 90.0%  |  mF1: 68.0%
17:26:27  INFO      defenses.mkrum — MKrum selected 1 / 10 clients: [66]  |  rejected: [8, 20, 26, 35, 41, 52, 53, 72, 89]
17:27:05  INFO      defenses.mkrum — MKrum selected 1 / 10 clients: [85]  |  rejected: [4, 15, 38, 58, 81, 84, 89, 92, 93]
17:27:40  INFO      defenses.mkrum — MKrum selected 1 / 10 clients: [50]  |  rejected: [2, 27, 33, 34, 42, 53, 68, 75, 93]
17:28:17  INFO      defenses.mkrum — MKrum selected 1 / 10 clients: [98]  |  rejected: [16, 21, 25, 55, 57, 58, 67, 88, 95]
17:28:55  INFO      defenses.mkrum — MKrum selected 1 / 10 clients: [78]  |  rejected: [24, 32, 44, 49, 56, 60, 73, 74, 96]
17:29:29  INFO      defenses.mkrum — MKrum selected 1 / 10 clients: [98]  |  rejected: [9, 21, 28, 39, 43, 47, 60, 77, 80]
17:30:04  INFO      defenses.mkrum — MKrum selected 1 / 10 clients: [78]  |  rejected: [16, 26, 38, 39, 68, 73, 83, 84, 87]
17:30:39  INFO      defenses.mkrum — MKrum selected 1 / 10 clients: [85]  |  rejected: [1, 3, 7, 12, 25, 32, 40, 68, 92]
17:31:16  INFO      defenses.mkrum — MKrum selected 1 / 10 clients: [91]  |  rejected: [2, 9, 36, 43, 53, 56, 60, 73, 74]
17:31:48  INFO      defenses.mkrum — MKrum selected 1 / 10 clients: [98]  |  rejected: [8, 16, 19, 20, 27, 48, 77, 81, 92]
17:31:51  INFO      experiment.runner — Round  101/240  |  acc:  71.10%  loss: 1.0880  |  FPR: 90.0%  |  mF1: 71.0%
17:32:28  INFO      defenses.mkrum — MKrum selected 1 / 10 clients: [75]  |  rejected: [10, 19, 30, 35, 57, 61, 63, 72, 82]
17:33:03  INFO      defenses.mkrum — MKrum selected 1 / 10 clients: [78]  |  rejected: [25, 29, 38, 42, 50, 75, 79, 89, 90]
17:33:35  INFO      defenses.mkrum — MKrum selected 1 / 10 clients: [85]  |  rejected: [7, 27, 30, 31, 33, 52, 67, 71, 82]
17:34:12  INFO      defenses.mkrum — MKrum selected 1 / 10 clients: [50]  |  rejected: [15, 17, 36, 48, 55, 58, 60, 79, 93]
17:34:45  INFO      defenses.mkrum — MKrum selected 1 / 10 clients: [86]  |  rejected: [7, 11, 27, 28, 30, 67, 68, 69, 77]
17:35:21  INFO      defenses.mkrum — MKrum selected 1 / 10 clients: [12]  |  rejected: [0, 6, 29, 34, 49, 51, 55, 65, 90]
17:35:56  INFO      defenses.mkrum — MKrum selected 1 / 10 clients: [66]  |  rejected: [8, 46, 58, 63, 65, 74, 89, 90, 94]
17:36:32  INFO      defenses.mkrum — MKrum selected 1 / 10 clients: [5]  |  rejected: [3, 16, 18, 26, 28, 35, 41, 61, 83]
17:37:08  INFO      defenses.mkrum — MKrum selected 1 / 10 clients: [78]  |  rejected: [6, 13, 18, 30, 37, 68, 71, 82, 97]
17:37:41  INFO      defenses.mkrum — MKrum selected 1 / 10 clients: [85]  |  rejected: [4, 11, 17, 39, 55, 65, 69, 86, 90]
17:37:44  INFO      experiment.runner — Round  111/240  |  acc:  73.55%  loss: 1.0106  |  FPR: 90.0%  |  mF1: 73.2%
17:38:20  INFO      defenses.mkrum — MKrum selected 1 / 10 clients: [12]  |  rejected: [6, 34, 43, 45, 60, 71, 84, 87, 97]
17:38:54  INFO      defenses.mkrum — MKrum selected 1 / 10 clients: [65]  |  rejected: [13, 35, 36, 44, 46, 61, 76, 77, 81]
17:39:32  INFO      defenses.mkrum — MKrum selected 1 / 10 clients: [5]  |  rejected: [1, 3, 19, 43, 44, 55, 68, 81, 86]
17:40:05  INFO      defenses.mkrum — MKrum selected 1 / 10 clients: [78]  |  rejected: [6, 9, 55, 64, 69, 84, 88, 91, 98]
17:40:44  INFO      defenses.mkrum — MKrum selected 1 / 10 clients: [78]  |  rejected: [2, 5, 20, 23, 30, 53, 54, 75, 97]
17:41:21  INFO      defenses.mkrum — MKrum selected 1 / 10 clients: [5]  |  rejected: [2, 23, 28, 31, 37, 45, 72, 86, 92]
17:41:54  INFO      defenses.mkrum — MKrum selected 1 / 10 clients: [8]  |  rejected: [13, 14, 24, 29, 31, 46, 51, 70, 76]
17:42:31  INFO      defenses.mkrum — MKrum selected 1 / 10 clients: [10]  |  rejected: [0, 6, 28, 35, 51, 64, 74, 83, 88]
17:43:04  INFO      defenses.mkrum — MKrum selected 1 / 10 clients: [66]  |  rejected: [6, 16, 19, 47, 51, 54, 58, 67, 94]
17:43:42  INFO      defenses.mkrum — MKrum selected 1 / 10 clients: [66]  |  rejected: [20, 23, 55, 56, 57, 63, 73, 76, 82]
17:43:48  INFO      experiment.runner — Round  121/240  |  acc:  72.63%  loss: 1.0750  |  FPR: 90.0%  |  mF1: 72.5%
17:44:20  INFO      defenses.mkrum — MKrum selected 1 / 10 clients: [90]  |  rejected: [2, 16, 18, 19, 23, 32, 44, 76, 81]
17:44:52  INFO      defenses.mkrum — MKrum selected 1 / 10 clients: [80]  |  rejected: [24, 32, 52, 54, 55, 56, 59, 60, 72]
17:45:29  INFO      defenses.mkrum — MKrum selected 1 / 10 clients: [80]  |  rejected: [3, 4, 28, 34, 45, 50, 79, 96, 99]
17:46:04  INFO      defenses.mkrum — MKrum selected 1 / 10 clients: [33]  |  rejected: [3, 31, 34, 38, 54, 61, 70, 72, 87]
17:46:40  INFO      defenses.mkrum — MKrum selected 1 / 10 clients: [91]  |  rejected: [31, 46, 58, 59, 66, 68, 71, 79, 84]
17:47:13  INFO      defenses.mkrum — MKrum selected 1 / 10 clients: [20]  |  rejected: [14, 31, 36, 46, 53, 58, 64, 87, 96]
17:47:51  INFO      defenses.mkrum — MKrum selected 1 / 10 clients: [66]  |  rejected: [14, 49, 55, 59, 76, 79, 83, 84, 95]
17:48:28  INFO      defenses.mkrum — MKrum selected 1 / 10 clients: [91]  |  rejected: [11, 46, 49, 57, 58, 78, 89, 94, 98]
17:49:03  INFO      defenses.mkrum — MKrum selected 1 / 10 clients: [85]  |  rejected: [18, 21, 22, 29, 44, 52, 57, 71, 83]
17:49:40  INFO      defenses.mkrum — MKrum selected 1 / 10 clients: [33]  |  rejected: [22, 38, 40, 51, 52, 63, 73, 90, 92]
17:49:44  INFO      experiment.runner — Round  131/240  |  acc:  73.19%  loss: 1.0546  |  FPR: 90.0%  |  mF1: 73.4%
17:50:17  INFO      defenses.mkrum — MKrum selected 1 / 10 clients: [33]  |  rejected: [1, 5, 26, 40, 51, 75, 82, 85, 91]
17:50:54  INFO      defenses.mkrum — MKrum selected 1 / 10 clients: [40]  |  rejected: [1, 12, 14, 41, 46, 51, 58, 77, 93]
17:51:28  INFO      defenses.mkrum — MKrum selected 1 / 10 clients: [79]  |  rejected: [10, 22, 30, 41, 51, 61, 67, 76, 95]
17:52:05  INFO      defenses.mkrum — MKrum selected 1 / 10 clients: [91]  |  rejected: [2, 3, 12, 17, 38, 44, 56, 63, 77]
17:52:39  INFO      defenses.mkrum — MKrum selected 1 / 10 clients: [78]  |  rejected: [0, 1, 6, 42, 51, 61, 81, 83, 90]
17:53:12  INFO      defenses.mkrum — MKrum selected 1 / 10 clients: [78]  |  rejected: [21, 26, 28, 38, 41, 42, 73, 94, 99]
17:53:49  INFO      defenses.mkrum — MKrum selected 1 / 10 clients: [50]  |  rejected: [10, 35, 59, 62, 64, 72, 76, 92, 97]
17:54:22  INFO      defenses.mkrum — MKrum selected 1 / 10 clients: [79]  |  rejected: [23, 27, 30, 46, 47, 69, 73, 83, 92]
17:54:59  INFO      defenses.mkrum — MKrum selected 1 / 10 clients: [50]  |  rejected: [0, 20, 26, 28, 30, 34, 59, 65, 75]
17:55:32  INFO      defenses.mkrum — MKrum selected 1 / 10 clients: [98]  |  rejected: [23, 25, 46, 51, 60, 83, 86, 93, 94]
17:55:36  INFO      experiment.runner — Round  141/240  |  acc:  73.33%  loss: 1.0906  |  FPR: 90.0%  |  mF1: 73.5%
17:56:12  INFO      defenses.mkrum — MKrum selected 1 / 10 clients: [78]  |  rejected: [0, 17, 23, 26, 62, 77, 89, 90, 93]
17:56:47  INFO      defenses.mkrum — MKrum selected 1 / 10 clients: [79]  |  rejected: [0, 10, 23, 25, 27, 58, 81, 94, 99]
17:57:19  INFO      defenses.mkrum — MKrum selected 1 / 10 clients: [50]  |  rejected: [1, 2, 4, 14, 34, 39, 46, 73, 78]
17:57:56  INFO      defenses.mkrum — MKrum selected 1 / 10 clients: [98]  |  rejected: [9, 15, 18, 22, 46, 48, 58, 59, 60]
17:58:29  INFO      defenses.mkrum — MKrum selected 1 / 10 clients: [8]  |  rejected: [9, 18, 34, 37, 61, 67, 68, 82, 90]
17:59:07  INFO      defenses.mkrum — MKrum selected 1 / 10 clients: [75]  |  rejected: [3, 9, 16, 23, 26, 36, 53, 70, 71]
17:59:40  INFO      defenses.mkrum — MKrum selected 1 / 10 clients: [39]  |  rejected: [5, 7, 19, 25, 29, 43, 58, 59, 89]
18:00:17  INFO      defenses.mkrum — MKrum selected 1 / 10 clients: [39]  |  rejected: [13, 19, 24, 28, 44, 79, 81, 82, 89]
18:00:52  INFO      defenses.mkrum — MKrum selected 1 / 10 clients: [91]  |  rejected: [3, 9, 13, 15, 34, 41, 47, 64, 99]
18:01:25  INFO      defenses.mkrum — MKrum selected 1 / 10 clients: [78]  |  rejected: [16, 17, 25, 39, 44, 54, 70, 93, 95]
18:01:29  INFO      experiment.runner — Round  151/240  |  acc:  75.82%  loss: 0.9628  |  FPR: 90.0%  |  mF1: 75.8%
18:02:06  INFO      defenses.mkrum — MKrum selected 1 / 10 clients: [9]  |  rejected: [2, 6, 19, 43, 69, 81, 92, 96, 97]
18:02:39  INFO      defenses.mkrum — MKrum selected 1 / 10 clients: [17]  |  rejected: [37, 38, 45, 53, 61, 63, 84, 86, 94]
18:03:17  INFO      defenses.mkrum — MKrum selected 1 / 10 clients: [91]  |  rejected: [0, 8, 11, 14, 18, 19, 45, 80, 94]
18:03:50  INFO      defenses.mkrum — MKrum selected 1 / 10 clients: [86]  |  rejected: [11, 16, 19, 29, 38, 68, 72, 73, 99]
18:04:28  INFO      defenses.mkrum — MKrum selected 1 / 10 clients: [29]  |  rejected: [11, 23, 26, 42, 55, 85, 92, 95, 99]
18:05:02  INFO      defenses.mkrum — MKrum selected 1 / 10 clients: [54]  |  rejected: [4, 23, 42, 44, 52, 63, 71, 83, 84]
18:05:34  INFO      defenses.mkrum — MKrum selected 1 / 10 clients: [98]  |  rejected: [5, 15, 16, 18, 48, 53, 67, 84, 87]
18:06:12  INFO      defenses.mkrum — MKrum selected 1 / 10 clients: [78]  |  rejected: [11, 15, 28, 34, 69, 81, 89, 94, 97]
18:06:44  INFO      defenses.mkrum — MKrum selected 1 / 10 clients: [86]  |  rejected: [9, 22, 25, 65, 73, 79, 84, 90, 92]
18:07:25  INFO      defenses.mkrum — MKrum selected 1 / 10 clients: [86]  |  rejected: [13, 16, 29, 30, 40, 51, 58, 64, 68]
18:07:29  INFO      experiment.runner — Round  161/240  |  acc:  76.59%  loss: 0.9184  |  FPR: 90.0%  |  mF1: 76.8%
18:08:01  INFO      defenses.mkrum — MKrum selected 1 / 10 clients: [50]  |  rejected: [2, 6, 13, 14, 33, 44, 45, 72, 95]
18:08:35  INFO      defenses.mkrum — MKrum selected 1 / 10 clients: [54]  |  rejected: [5, 16, 17, 21, 29, 30, 43, 70, 93]
18:09:11  INFO      defenses.mkrum — MKrum selected 1 / 10 clients: [50]  |  rejected: [0, 13, 19, 21, 38, 54, 59, 82, 97]
18:09:46  INFO      defenses.mkrum — MKrum selected 1 / 10 clients: [54]  |  rejected: [0, 4, 12, 14, 24, 40, 48, 55, 88]
18:10:22  INFO      defenses.mkrum — MKrum selected 1 / 10 clients: [66]  |  rejected: [19, 22, 29, 32, 34, 39, 53, 63, 72]
18:10:55  INFO      defenses.mkrum — MKrum selected 1 / 10 clients: [50]  |  rejected: [22, 37, 49, 53, 58, 61, 73, 83, 98]
18:11:33  INFO      defenses.mkrum — MKrum selected 1 / 10 clients: [54]  |  rejected: [1, 9, 32, 41, 67, 69, 72, 73, 88]
18:12:06  INFO      defenses.mkrum — MKrum selected 1 / 10 clients: [74]  |  rejected: [11, 52, 58, 60, 64, 67, 69, 81, 92]
18:12:42  INFO      defenses.mkrum — MKrum selected 1 / 10 clients: [20]  |  rejected: [13, 16, 27, 28, 35, 47, 55, 65, 94]
18:13:19  INFO      defenses.mkrum — MKrum selected 1 / 10 clients: [20]  |  rejected: [9, 18, 24, 39, 49, 58, 64, 65, 96]
18:13:23  INFO      experiment.runner — Round  171/240  |  acc:  73.07%  loss: 1.0470  |  FPR: 90.0%  |  mF1: 73.3%
18:13:55  INFO      defenses.mkrum — MKrum selected 1 / 10 clients: [86]  |  rejected: [5, 11, 23, 28, 47, 55, 70, 71, 94]
18:14:35  INFO      defenses.mkrum — MKrum selected 1 / 10 clients: [50]  |  rejected: [4, 20, 28, 29, 38, 51, 69, 93, 97]
18:15:08  INFO      defenses.mkrum — MKrum selected 1 / 10 clients: [20]  |  rejected: [25, 29, 32, 33, 35, 64, 70, 73, 77]
18:15:45  INFO      defenses.mkrum — MKrum selected 1 / 10 clients: [91]  |  rejected: [3, 6, 7, 24, 51, 62, 65, 79, 82]
18:16:19  INFO      defenses.mkrum — MKrum selected 1 / 10 clients: [70]  |  rejected: [5, 23, 37, 41, 42, 57, 59, 82, 93]
18:16:55  INFO      defenses.mkrum — MKrum selected 1 / 10 clients: [86]  |  rejected: [6, 26, 32, 33, 47, 56, 64, 92, 95]
18:17:32  INFO      defenses.mkrum — MKrum selected 1 / 10 clients: [87]  |  rejected: [1, 23, 28, 41, 49, 53, 61, 83, 88]
18:18:07  INFO      defenses.mkrum — MKrum selected 1 / 10 clients: [54]  |  rejected: [6, 9, 17, 22, 37, 53, 84, 88, 97]
18:18:44  INFO      defenses.mkrum — MKrum selected 1 / 10 clients: [8]  |  rejected: [2, 3, 19, 27, 46, 68, 74, 83, 87]
18:19:17  INFO      defenses.mkrum — MKrum selected 1 / 10 clients: [78]  |  rejected: [55, 60, 68, 72, 75, 85, 88, 97, 99]
18:19:21  INFO      experiment.runner — Round  181/240  |  acc:  76.22%  loss: 0.9273  |  FPR: 90.0%  |  mF1: 76.2%
18:19:56  INFO      defenses.mkrum — MKrum selected 1 / 10 clients: [98]  |  rejected: [0, 2, 3, 9, 13, 26, 42, 67, 92]
18:20:28  INFO      defenses.mkrum — MKrum selected 1 / 10 clients: [75]  |  rejected: [2, 3, 15, 19, 32, 35, 37, 44, 82]
18:21:01  INFO      defenses.mkrum — MKrum selected 1 / 10 clients: [85]  |  rejected: [1, 13, 23, 27, 30, 49, 52, 81, 84]
18:21:39  INFO      defenses.mkrum — MKrum selected 1 / 10 clients: [91]  |  rejected: [4, 13, 20, 30, 35, 55, 69, 73, 79]
18:22:12  INFO      defenses.mkrum — MKrum selected 1 / 10 clients: [85]  |  rejected: [0, 6, 22, 27, 30, 31, 74, 79, 87]
18:22:48  INFO      defenses.mkrum — MKrum selected 1 / 10 clients: [10]  |  rejected: [15, 21, 25, 30, 36, 42, 74, 82, 88]
18:23:23  INFO      defenses.mkrum — MKrum selected 1 / 10 clients: [81]  |  rejected: [13, 16, 26, 31, 46, 62, 72, 82, 88]
18:23:59  INFO      defenses.mkrum — MKrum selected 1 / 10 clients: [10]  |  rejected: [0, 23, 26, 27, 29, 36, 39, 49, 72]
18:24:35  INFO      defenses.mkrum — MKrum selected 1 / 10 clients: [5]  |  rejected: [11, 37, 39, 47, 69, 83, 84, 97, 99]
18:25:09  INFO      defenses.mkrum — MKrum selected 1 / 10 clients: [54]  |  rejected: [17, 36, 45, 60, 64, 72, 77, 79, 84]
18:25:13  INFO      experiment.runner — Round  191/240  |  acc:  76.32%  loss: 0.9328  |  FPR: 90.0%  |  mF1: 76.5%
18:25:49  INFO      defenses.mkrum — MKrum selected 1 / 10 clients: [54]  |  rejected: [12, 23, 29, 68, 76, 77, 79, 81, 82]
18:26:21  INFO      defenses.mkrum — MKrum selected 1 / 10 clients: [10]  |  rejected: [3, 8, 16, 18, 19, 48, 59, 61, 77]
18:27:00  INFO      defenses.mkrum — MKrum selected 1 / 10 clients: [66]  |  rejected: [13, 17, 24, 25, 43, 47, 55, 61, 83]
18:27:33  INFO      defenses.mkrum — MKrum selected 1 / 10 clients: [33]  |  rejected: [0, 17, 31, 39, 41, 43, 55, 60, 75]
18:28:08  INFO      defenses.mkrum — MKrum selected 1 / 10 clients: [5]  |  rejected: [0, 7, 14, 26, 37, 56, 64, 93, 97]
18:28:49  INFO      defenses.mkrum — MKrum selected 1 / 10 clients: [3]  |  rejected: [4, 9, 14, 26, 28, 31, 49, 53, 72]
18:29:22  INFO      defenses.mkrum — MKrum selected 1 / 10 clients: [3]  |  rejected: [15, 22, 25, 54, 65, 75, 80, 95, 96]
18:30:00  INFO      defenses.mkrum — MKrum selected 1 / 10 clients: [66]  |  rejected: [10, 14, 23, 28, 34, 35, 68, 91, 98]
18:30:37  INFO      defenses.mkrum — MKrum selected 1 / 10 clients: [3]  |  rejected: [11, 22, 25, 38, 76, 77, 87, 94, 98]
18:31:15  INFO      defenses.mkrum — MKrum selected 1 / 10 clients: [85]  |  rejected: [0, 2, 13, 29, 58, 59, 75, 82, 83]
18:31:19  INFO      experiment.runner — Round  201/240  |  acc:  75.86%  loss: 0.9928  |  FPR: 90.0%  |  mF1: 76.0%
18:31:50  INFO      defenses.mkrum — MKrum selected 1 / 10 clients: [86]  |  rejected: [9, 14, 21, 30, 35, 42, 88, 89, 97]
18:32:26  INFO      defenses.mkrum — MKrum selected 1 / 10 clients: [10]  |  rejected: [14, 18, 24, 34, 35, 54, 63, 76, 79]
18:33:03  INFO      defenses.mkrum — MKrum selected 1 / 10 clients: [50]  |  rejected: [14, 25, 28, 41, 48, 56, 62, 75, 83]
18:33:36  INFO      defenses.mkrum — MKrum selected 1 / 10 clients: [85]  |  rejected: [5, 7, 40, 54, 58, 88, 90, 91, 92]
18:34:15  INFO      defenses.mkrum — MKrum selected 1 / 10 clients: [70]  |  rejected: [7, 30, 34, 51, 52, 67, 82, 84, 96]
18:34:49  INFO      defenses.mkrum — MKrum selected 1 / 10 clients: [86]  |  rejected: [15, 30, 36, 38, 53, 57, 95, 96, 97]
18:35:27  INFO      defenses.mkrum — MKrum selected 1 / 10 clients: [3]  |  rejected: [15, 16, 21, 31, 35, 68, 88, 89, 96]
18:36:02  INFO      defenses.mkrum — MKrum selected 1 / 10 clients: [86]  |  rejected: [4, 17, 49, 55, 74, 82, 87, 90, 93]
18:36:34  INFO      defenses.mkrum — MKrum selected 1 / 10 clients: [91]  |  rejected: [4, 5, 7, 20, 23, 26, 32, 68, 97]
18:37:11  INFO      defenses.mkrum — MKrum selected 1 / 10 clients: [86]  |  rejected: [10, 13, 20, 44, 55, 63, 70, 78, 90]
18:37:14  INFO      experiment.runner — Round  211/240  |  acc:  79.07%  loss: 0.8690  |  FPR: 90.0%  |  mF1: 79.1%
18:37:46  INFO      defenses.mkrum — MKrum selected 1 / 10 clients: [98]  |  rejected: [0, 7, 26, 28, 31, 34, 36, 53, 80]
18:38:23  INFO      defenses.mkrum — MKrum selected 1 / 10 clients: [87]  |  rejected: [2, 4, 27, 57, 61, 62, 67, 95, 97]
18:38:55  INFO      defenses.mkrum — MKrum selected 1 / 10 clients: [54]  |  rejected: [12, 27, 39, 52, 58, 59, 67, 79, 83]
18:39:33  INFO      defenses.mkrum — MKrum selected 1 / 10 clients: [91]  |  rejected: [18, 21, 22, 38, 67, 69, 71, 78, 84]
18:40:09  INFO      defenses.mkrum — MKrum selected 1 / 10 clients: [78]  |  rejected: [3, 6, 15, 23, 42, 66, 77, 92, 95]
18:40:42  INFO      defenses.mkrum — MKrum selected 1 / 10 clients: [50]  |  rejected: [8, 16, 31, 34, 41, 72, 73, 76, 80]
18:41:19  INFO      defenses.mkrum — MKrum selected 1 / 10 clients: [90]  |  rejected: [6, 18, 24, 27, 41, 43, 46, 74, 76]
18:41:52  INFO      defenses.mkrum — MKrum selected 1 / 10 clients: [50]  |  rejected: [1, 6, 7, 19, 62, 77, 87, 90, 98]
18:42:31  INFO      defenses.mkrum — MKrum selected 1 / 10 clients: [66]  |  rejected: [8, 13, 20, 31, 41, 53, 67, 76, 83]
18:43:05  INFO      defenses.mkrum — MKrum selected 1 / 10 clients: [86]  |  rejected: [27, 32, 33, 35, 43, 59, 63, 92, 93]
18:43:08  INFO      experiment.runner — Round  221/240  |  acc:  78.59%  loss: 0.9205  |  FPR: 90.0%  |  mF1: 78.4%
18:43:43  INFO      defenses.mkrum — MKrum selected 1 / 10 clients: [78]  |  rejected: [0, 12, 42, 52, 70, 75, 76, 94, 95]
18:44:21  INFO      defenses.mkrum — MKrum selected 1 / 10 clients: [78]  |  rejected: [0, 3, 32, 35, 53, 54, 58, 72, 97]
18:44:56  INFO      defenses.mkrum — MKrum selected 1 / 10 clients: [70]  |  rejected: [2, 11, 20, 27, 37, 44, 45, 77, 82]
18:45:32  INFO      defenses.mkrum — MKrum selected 1 / 10 clients: [86]  |  rejected: [6, 14, 18, 23, 32, 38, 43, 84, 92]
18:46:05  INFO      defenses.mkrum — MKrum selected 1 / 10 clients: [66]  |  rejected: [33, 37, 41, 62, 65, 68, 70, 72, 98]
18:46:41  INFO      defenses.mkrum — MKrum selected 1 / 10 clients: [66]  |  rejected: [10, 19, 49, 50, 55, 59, 71, 75, 97]
18:47:16  INFO      defenses.mkrum — MKrum selected 1 / 10 clients: [50]  |  rejected: [10, 13, 41, 52, 61, 74, 87, 95, 98]
18:47:49  INFO      defenses.mkrum — MKrum selected 1 / 10 clients: [70]  |  rejected: [2, 34, 46, 51, 57, 61, 63, 68, 79]
18:48:27  INFO      defenses.mkrum — MKrum selected 1 / 10 clients: [86]  |  rejected: [1, 10, 22, 25, 33, 53, 77, 80, 95]
18:49:00  INFO      defenses.mkrum — MKrum selected 1 / 10 clients: [50]  |  rejected: [3, 4, 37, 39, 54, 84, 89, 91, 99]
18:49:04  INFO      experiment.runner — Round  231/240  |  acc:  79.44%  loss: 0.9268  |  FPR: 90.0%  |  mF1: 79.3%
18:49:44  INFO      defenses.mkrum — MKrum selected 1 / 10 clients: [50]  |  rejected: [0, 31, 33, 34, 48, 55, 64, 77, 85]
18:50:20  INFO      defenses.mkrum — MKrum selected 1 / 10 clients: [41]  |  rejected: [0, 2, 23, 24, 25, 35, 36, 72, 96]
18:50:55  INFO      defenses.mkrum — MKrum selected 1 / 10 clients: [86]  |  rejected: [2, 6, 13, 16, 31, 43, 49, 75, 89]
18:51:31  INFO      defenses.mkrum — MKrum selected 1 / 10 clients: [25]  |  rejected: [4, 15, 17, 35, 39, 48, 51, 52, 84]
18:52:05  INFO      defenses.mkrum — MKrum selected 1 / 10 clients: [86]  |  rejected: [9, 18, 26, 43, 52, 53, 57, 68, 88]
18:52:43  INFO      defenses.mkrum — MKrum selected 1 / 10 clients: [54]  |  rejected: [28, 34, 51, 58, 59, 61, 79, 81, 90]
18:53:15  INFO      defenses.mkrum — MKrum selected 1 / 10 clients: [3]  |  rejected: [26, 30, 34, 48, 60, 63, 80, 81, 87]
18:53:51  INFO      defenses.mkrum — MKrum selected 1 / 10 clients: [40]  |  rejected: [6, 27, 32, 33, 38, 53, 67, 73, 81]
18:54:28  INFO      defenses.mkrum — MKrum selected 1 / 10 clients: [25]  |  rejected: [10, 12, 21, 23, 28, 36, 43, 68, 83]
18:54:31  INFO      experiment.runner — Round  240/240  |  acc:  77.30%  loss: 0.9010  |  FPR: 90.0%  |  mF1: 77.2%
18:54:32  INFO      experiment.runner — Final model saved to results/benchmark/cifar10_none_krum_seed2/final_model.pt
18:54:32  INFO      experiment.runner — Client atypicality written to results/benchmark/cifar10_none_krum_seed2/client_atypicality.json
18:54:32  INFO      experiment.runner — Client inclusion rates written to results/benchmark/cifar10_none_krum_seed2/client_inclusion.csv
18:54:32  INFO      experiment.runner — Anomaly scores written to results/benchmark/cifar10_none_krum_seed2/anomaly_scores.csv (2400 rows)
18:54:32  INFO      benchmark — ✓  cifar10_none_krum_seed2  (143.1 min)
18:54:32  INFO      benchmark — ▶  cifar10_none_krum_seed3
18:54:32  INFO      experiment.runner — Initialising 'cifar10_none_krum_seed3' | device=cuda | rounds=240 | clients=10/100 | attack=none | defense=mkrum
18:54:35  INFO      defenses.mkrum — MKrumServer initialised — f=1 Byzantine, selecting m=1 updates.
18:54:47  INFO      experiment.utils — Built 100 clients — 0 malicious, 100 benign.
18:54:47  INFO      experiment.runner — Setup complete — 100 clients (0 malicious) | backdoor eval: none

==============================================================
  Summary — 25 rounds evaluated
==============================================================
  Final clean accuracy               77.30%
  Best  clean accuracy               79.44%
  Final clean loss                   0.9010
  Macro F1                           77.18%
  Pooled FPR (all rounds)            90.00%
==============================================================

Files already downloaded and verified
Files already downloaded and verified
Files already downloaded and verified
Files already downloaded and verified
18:55:26  INFO      defenses.mkrum — MKrum selected 1 / 10 clients: [16]  |  rejected: [8, 30, 47, 60, 69, 74, 75, 77, 80]
18:55:30  INFO      experiment.runner — Round    1/240  |  acc:  24.95%  loss: 3.0712  |  FPR: 90.0%  |  mF1: 18.2%
18:56:05  INFO      defenses.mkrum — MKrum selected 1 / 10 clients: [29]  |  rejected: [1, 24, 33, 50, 60, 69, 70, 77, 91]
18:56:42  INFO      defenses.mkrum — MKrum selected 1 / 10 clients: [29]  |  rejected: [1, 8, 19, 49, 66, 81, 85, 94, 99]
18:57:18  INFO      defenses.mkrum — MKrum selected 1 / 10 clients: [99]  |  rejected: [3, 5, 20, 34, 38, 60, 75, 76, 97]
18:57:51  INFO      defenses.mkrum — MKrum selected 1 / 10 clients: [54]  |  rejected: [17, 46, 49, 50, 56, 73, 91, 92, 93]
18:58:28  INFO      defenses.mkrum — MKrum selected 1 / 10 clients: [55]  |  rejected: [4, 12, 17, 27, 33, 63, 80, 86, 99]
18:59:00  INFO      defenses.mkrum — MKrum selected 1 / 10 clients: [64]  |  rejected: [29, 38, 44, 49, 52, 53, 68, 73, 74]
18:59:38  INFO      defenses.mkrum — MKrum selected 1 / 10 clients: [43]  |  rejected: [3, 20, 35, 41, 69, 77, 85, 87, 89]
19:00:12  INFO      defenses.mkrum — MKrum selected 1 / 10 clients: [73]  |  rejected: [13, 15, 27, 34, 36, 72, 81, 83, 91]
19:00:45  INFO      defenses.mkrum — MKrum selected 1 / 10 clients: [37]  |  rejected: [2, 8, 11, 19, 44, 52, 54, 61, 81]
19:01:24  INFO      defenses.mkrum — MKrum selected 1 / 10 clients: [5]  |  rejected: [15, 48, 53, 75, 77, 78, 91, 97, 98]
19:01:28  INFO      experiment.runner — Round   11/240  |  acc:  47.09%  loss: 1.7269  |  FPR: 90.0%  |  mF1: 45.6%
19:02:00  INFO      defenses.mkrum — MKrum selected 1 / 10 clients: [4]  |  rejected: [0, 9, 13, 30, 35, 39, 42, 64, 70]
19:02:37  INFO      defenses.mkrum — MKrum selected 1 / 10 clients: [4]  |  rejected: [19, 25, 33, 37, 52, 68, 76, 78, 88]
19:03:10  INFO      defenses.mkrum — MKrum selected 1 / 10 clients: [5]  |  rejected: [17, 40, 43, 46, 48, 49, 58, 66, 82]
19:03:44  INFO      defenses.mkrum — MKrum selected 1 / 10 clients: [87]  |  rejected: [13, 34, 55, 64, 71, 76, 79, 81, 92]
19:04:21  INFO      defenses.mkrum — MKrum selected 1 / 10 clients: [1]  |  rejected: [30, 33, 38, 43, 53, 55, 66, 70, 91]
19:04:54  INFO      defenses.mkrum — MKrum selected 1 / 10 clients: [40]  |  rejected: [2, 7, 17, 48, 74, 75, 78, 80, 81]
19:05:31  INFO      defenses.mkrum — MKrum selected 1 / 10 clients: [62]  |  rejected: [35, 42, 45, 59, 77, 80, 86, 90, 94]
19:06:03  INFO      defenses.mkrum — MKrum selected 1 / 10 clients: [75]  |  rejected: [2, 7, 32, 38, 47, 58, 76, 80, 86]
19:06:41  INFO      defenses.mkrum — MKrum selected 1 / 10 clients: [40]  |  rejected: [22, 23, 33, 38, 46, 47, 48, 76, 97]
19:07:16  INFO      defenses.mkrum — MKrum selected 1 / 10 clients: [64]  |  rejected: [3, 13, 16, 28, 39, 72, 87, 94, 98]
19:07:20  INFO      experiment.runner — Round   21/240  |  acc:  50.95%  loss: 1.5532  |  FPR: 90.0%  |  mF1: 51.0%
19:07:53  INFO      defenses.mkrum — MKrum selected 1 / 10 clients: [55]  |  rejected: [12, 13, 23, 30, 34, 41, 83, 86, 89]
19:08:31  INFO      defenses.mkrum — MKrum selected 1 / 10 clients: [21]  |  rejected: [10, 28, 41, 42, 43, 56, 76, 86, 94]
19:09:05  INFO      defenses.mkrum — MKrum selected 1 / 10 clients: [15]  |  rejected: [4, 24, 27, 28, 34, 57, 67, 72, 83]
19:09:42  INFO      defenses.mkrum — MKrum selected 1 / 10 clients: [44]  |  rejected: [10, 23, 35, 40, 43, 73, 75, 79, 82]
19:10:15  INFO      defenses.mkrum — MKrum selected 1 / 10 clients: [44]  |  rejected: [16, 34, 37, 52, 53, 59, 66, 72, 81]
19:10:50  INFO      defenses.mkrum — MKrum selected 1 / 10 clients: [25]  |  rejected: [0, 4, 19, 52, 55, 61, 65, 71, 79]
19:11:26  INFO      defenses.mkrum — MKrum selected 1 / 10 clients: [36]  |  rejected: [4, 28, 58, 66, 69, 84, 91, 95, 96]
19:12:01  INFO      defenses.mkrum — MKrum selected 1 / 10 clients: [36]  |  rejected: [4, 5, 8, 15, 29, 31, 43, 75, 88]
19:12:37  INFO      defenses.mkrum — MKrum selected 1 / 10 clients: [25]  |  rejected: [1, 6, 15, 21, 55, 61, 65, 73, 95]
19:13:12  INFO      defenses.mkrum — MKrum selected 1 / 10 clients: [64]  |  rejected: [2, 6, 30, 38, 52, 67, 68, 78, 84]
19:13:15  INFO      experiment.runner — Round   31/240  |  acc:  57.61%  loss: 1.3955  |  FPR: 90.0%  |  mF1: 57.4%
19:13:53  INFO      defenses.mkrum — MKrum selected 1 / 10 clients: [25]  |  rejected: [7, 14, 16, 28, 32, 43, 45, 61, 69]
19:14:25  INFO      defenses.mkrum — MKrum selected 1 / 10 clients: [62]  |  rejected: [0, 15, 16, 21, 30, 35, 68, 73, 80]
19:15:00  INFO      defenses.mkrum — MKrum selected 1 / 10 clients: [34]  |  rejected: [6, 31, 51, 54, 60, 66, 67, 79, 96]
19:15:35  INFO      defenses.mkrum — MKrum selected 1 / 10 clients: [5]  |  rejected: [0, 6, 7, 8, 15, 16, 41, 61, 99]
19:16:08  INFO      defenses.mkrum — MKrum selected 1 / 10 clients: [62]  |  rejected: [4, 9, 11, 20, 40, 44, 64, 65, 91]
19:16:43  INFO      defenses.mkrum — MKrum selected 1 / 10 clients: [49]  |  rejected: [15, 24, 33, 38, 42, 46, 54, 75, 82]
19:17:18  INFO      defenses.mkrum — MKrum selected 1 / 10 clients: [5]  |  rejected: [0, 10, 16, 22, 48, 71, 72, 91, 92]
19:17:51  INFO      defenses.mkrum — MKrum selected 1 / 10 clients: [5]  |  rejected: [47, 48, 55, 58, 69, 77, 79, 81, 83]
19:18:27  INFO      defenses.mkrum — MKrum selected 1 / 10 clients: [40]  |  rejected: [6, 47, 53, 58, 63, 80, 88, 89, 97]
19:19:00  INFO      defenses.mkrum — MKrum selected 1 / 10 clients: [88]  |  rejected: [2, 9, 27, 28, 31, 34, 54, 68, 75]
19:19:03  INFO      experiment.runner — Round   41/240  |  acc:  61.59%  loss: 1.2827  |  FPR: 90.0%  |  mF1: 60.8%
19:19:40  INFO      defenses.mkrum — MKrum selected 1 / 10 clients: [88]  |  rejected: [3, 15, 16, 33, 41, 47, 54, 59, 71]
19:20:12  INFO      defenses.mkrum — MKrum selected 1 / 10 clients: [40]  |  rejected: [13, 15, 48, 67, 68, 72, 84, 85, 93]
19:20:50  INFO      defenses.mkrum — MKrum selected 1 / 10 clients: [5]  |  rejected: [0, 13, 18, 30, 49, 60, 75, 91, 99]
19:21:26  INFO      defenses.mkrum — MKrum selected 1 / 10 clients: [11]  |  rejected: [3, 12, 15, 22, 43, 48, 67, 72, 84]
19:22:00  INFO      defenses.mkrum — MKrum selected 1 / 10 clients: [11]  |  rejected: [3, 4, 14, 36, 38, 61, 74, 86, 89]
19:22:41  INFO      defenses.mkrum — MKrum selected 1 / 10 clients: [30]  |  rejected: [12, 13, 65, 67, 70, 72, 91, 95, 98]
19:23:13  INFO      defenses.mkrum — MKrum selected 1 / 10 clients: [30]  |  rejected: [7, 9, 23, 31, 41, 58, 70, 72, 82]
19:23:51  INFO      defenses.mkrum — MKrum selected 1 / 10 clients: [32]  |  rejected: [44, 47, 50, 53, 71, 76, 78, 89, 96]
19:24:25  INFO      defenses.mkrum — MKrum selected 1 / 10 clients: [30]  |  rejected: [10, 20, 48, 52, 53, 64, 72, 88, 95]
19:24:59  INFO      defenses.mkrum — MKrum selected 1 / 10 clients: [66]  |  rejected: [19, 20, 51, 61, 74, 82, 86, 87, 96]
19:25:03  INFO      experiment.runner — Round   51/240  |  acc:  62.33%  loss: 1.2828  |  FPR: 90.0%  |  mF1: 61.7%
19:25:39  INFO      defenses.mkrum — MKrum selected 1 / 10 clients: [66]  |  rejected: [12, 23, 56, 61, 63, 75, 89, 92, 95]
19:26:11  INFO      defenses.mkrum — MKrum selected 1 / 10 clients: [34]  |  rejected: [17, 18, 25, 29, 40, 65, 74, 88, 96]
19:26:49  INFO      defenses.mkrum — MKrum selected 1 / 10 clients: [34]  |  rejected: [27, 37, 52, 68, 74, 76, 85, 90, 99]
19:27:22  INFO      defenses.mkrum — MKrum selected 1 / 10 clients: [34]  |  rejected: [2, 22, 25, 30, 39, 46, 48, 61, 72]
19:28:04  INFO      defenses.mkrum — MKrum selected 1 / 10 clients: [59]  |  rejected: [18, 26, 41, 53, 61, 74, 76, 89, 99]
19:28:41  INFO      defenses.mkrum — MKrum selected 1 / 10 clients: [5]  |  rejected: [3, 9, 51, 59, 61, 71, 83, 92, 93]
19:29:14  INFO      defenses.mkrum — MKrum selected 1 / 10 clients: [30]  |  rejected: [8, 24, 27, 29, 32, 82, 86, 91, 99]
19:29:51  INFO      defenses.mkrum — MKrum selected 1 / 10 clients: [79]  |  rejected: [4, 17, 21, 23, 32, 33, 86, 90, 99]
19:30:25  INFO      defenses.mkrum — MKrum selected 1 / 10 clients: [5]  |  rejected: [10, 11, 15, 23, 33, 37, 40, 54, 93]
19:31:02  INFO      defenses.mkrum — MKrum selected 1 / 10 clients: [45]  |  rejected: [0, 3, 4, 42, 43, 57, 74, 86, 93]
19:31:06  INFO      experiment.runner — Round   61/240  |  acc:  66.89%  loss: 1.1161  |  FPR: 90.0%  |  mF1: 67.0%
19:31:38  INFO      defenses.mkrum — MKrum selected 1 / 10 clients: [50]  |  rejected: [9, 26, 42, 48, 55, 62, 74, 82, 95]
19:32:14  INFO      defenses.mkrum — MKrum selected 1 / 10 clients: [9]  |  rejected: [14, 15, 16, 35, 40, 55, 56, 69, 85]
19:32:50  INFO      defenses.mkrum — MKrum selected 1 / 10 clients: [86]  |  rejected: [12, 32, 37, 47, 57, 67, 89, 96, 98]
19:33:25  INFO      defenses.mkrum — MKrum selected 1 / 10 clients: [86]  |  rejected: [13, 33, 43, 68, 72, 83, 84, 85, 96]
19:34:03  INFO      defenses.mkrum — MKrum selected 1 / 10 clients: [86]  |  rejected: [7, 14, 37, 45, 63, 65, 67, 85, 91]
19:34:37  INFO      defenses.mkrum — MKrum selected 1 / 10 clients: [83]  |  rejected: [19, 22, 23, 47, 72, 80, 82, 93, 95]
19:35:15  INFO      defenses.mkrum — MKrum selected 1 / 10 clients: [83]  |  rejected: [13, 15, 18, 42, 58, 71, 76, 82, 92]
19:35:49  INFO      defenses.mkrum — MKrum selected 1 / 10 clients: [22]  |  rejected: [23, 38, 39, 53, 58, 61, 71, 82, 90]
19:36:22  INFO      defenses.mkrum — MKrum selected 1 / 10 clients: [50]  |  rejected: [8, 13, 23, 69, 70, 73, 91, 94, 96]
19:37:00  INFO      defenses.mkrum — MKrum selected 1 / 10 clients: [34]  |  rejected: [5, 6, 12, 17, 31, 45, 49, 61, 64]
19:37:03  INFO      experiment.runner — Round   71/240  |  acc:  69.34%  loss: 1.1061  |  FPR: 90.0%  |  mF1: 69.2%
19:37:35  INFO      defenses.mkrum — MKrum selected 1 / 10 clients: [45]  |  rejected: [8, 42, 51, 57, 63, 65, 69, 89, 98]
19:38:11  INFO      defenses.mkrum — MKrum selected 1 / 10 clients: [34]  |  rejected: [12, 14, 19, 23, 72, 75, 87, 93, 99]
19:38:45  INFO      defenses.mkrum — MKrum selected 1 / 10 clients: [50]  |  rejected: [16, 24, 53, 72, 75, 77, 85, 89, 95]
19:39:21  INFO      defenses.mkrum — MKrum selected 1 / 10 clients: [50]  |  rejected: [18, 21, 22, 24, 25, 32, 67, 69, 72]
19:39:57  INFO      defenses.mkrum — MKrum selected 1 / 10 clients: [47]  |  rejected: [3, 37, 39, 40, 49, 52, 56, 70, 74]
19:40:30  INFO      defenses.mkrum — MKrum selected 1 / 10 clients: [85]  |  rejected: [3, 38, 61, 63, 67, 76, 81, 87, 90]
19:41:06  INFO      defenses.mkrum — MKrum selected 1 / 10 clients: [62]  |  rejected: [0, 13, 24, 29, 81, 84, 93, 96, 98]
19:41:39  INFO      defenses.mkrum — MKrum selected 1 / 10 clients: [22]  |  rejected: [4, 24, 25, 27, 58, 64, 67, 80, 82]
19:42:16  INFO      defenses.mkrum — MKrum selected 1 / 10 clients: [36]  |  rejected: [11, 14, 17, 19, 56, 59, 72, 79, 84]
19:42:50  INFO      defenses.mkrum — MKrum selected 1 / 10 clients: [46]  |  rejected: [2, 3, 6, 9, 29, 63, 64, 68, 79]
19:42:54  INFO      experiment.runner — Round   81/240  |  acc:  70.36%  loss: 1.0124  |  FPR: 90.0%  |  mF1: 70.1%
19:43:27  INFO      defenses.mkrum — MKrum selected 1 / 10 clients: [4]  |  rejected: [10, 17, 41, 42, 43, 44, 76, 88, 99]
19:44:08  INFO      defenses.mkrum — MKrum selected 1 / 10 clients: [25]  |  rejected: [8, 10, 26, 43, 55, 89, 91, 94, 96]
19:44:41  INFO      defenses.mkrum — MKrum selected 1 / 10 clients: [25]  |  rejected: [5, 9, 13, 20, 28, 40, 52, 62, 90]
19:45:19  INFO      defenses.mkrum — MKrum selected 1 / 10 clients: [50]  |  rejected: [8, 26, 54, 60, 62, 63, 68, 83, 89]
19:45:51  INFO      defenses.mkrum — MKrum selected 1 / 10 clients: [4]  |  rejected: [2, 23, 38, 51, 56, 58, 59, 88, 96]
19:46:24  INFO      defenses.mkrum — MKrum selected 1 / 10 clients: [46]  |  rejected: [0, 28, 32, 47, 51, 57, 67, 76, 92]
19:47:00  INFO      defenses.mkrum — MKrum selected 1 / 10 clients: [47]  |  rejected: [2, 18, 20, 21, 24, 26, 33, 58, 68]
19:47:34  INFO      defenses.mkrum — MKrum selected 1 / 10 clients: [17]  |  rejected: [3, 14, 21, 51, 56, 64, 74, 77, 81]
19:48:14  INFO      defenses.mkrum — MKrum selected 1 / 10 clients: [4]  |  rejected: [2, 7, 23, 40, 51, 52, 57, 62, 90]
19:48:50  INFO      defenses.mkrum — MKrum selected 1 / 10 clients: [50]  |  rejected: [3, 5, 6, 12, 28, 30, 51, 63, 91]
19:48:54  INFO      experiment.runner — Round   91/240  |  acc:  72.19%  loss: 1.0303  |  FPR: 90.0%  |  mF1: 72.0%
19:49:29  INFO      defenses.mkrum — MKrum selected 1 / 10 clients: [79]  |  rejected: [14, 15, 21, 24, 42, 44, 49, 60, 76]
19:50:06  INFO      defenses.mkrum — MKrum selected 1 / 10 clients: [62]  |  rejected: [6, 31, 34, 35, 37, 38, 59, 71, 93]
19:50:39  INFO      defenses.mkrum — MKrum selected 1 / 10 clients: [40]  |  rejected: [3, 7, 11, 43, 44, 55, 75, 80, 87]
19:51:18  INFO      defenses.mkrum — MKrum selected 1 / 10 clients: [4]  |  rejected: [0, 2, 3, 11, 13, 21, 64, 79, 87]
19:51:51  INFO      defenses.mkrum — MKrum selected 1 / 10 clients: [83]  |  rejected: [6, 24, 25, 42, 43, 44, 61, 65, 96]
19:52:27  INFO      defenses.mkrum — MKrum selected 1 / 10 clients: [4]  |  rejected: [11, 37, 39, 48, 50, 77, 80, 84, 96]
19:53:02  INFO      defenses.mkrum — MKrum selected 1 / 10 clients: [64]  |  rejected: [14, 23, 42, 49, 52, 68, 70, 87, 99]
19:53:36  INFO      defenses.mkrum — MKrum selected 1 / 10 clients: [22]  |  rejected: [23, 45, 46, 49, 51, 53, 70, 93, 94]
19:54:13  INFO      defenses.mkrum — MKrum selected 1 / 10 clients: [64]  |  rejected: [21, 29, 34, 44, 56, 61, 89, 92, 99]
19:54:48  INFO      defenses.mkrum — MKrum selected 1 / 10 clients: [62]  |  rejected: [2, 5, 19, 21, 49, 77, 89, 90, 96]
19:54:51  INFO      experiment.runner — Round  101/240  |  acc:  74.40%  loss: 0.9300  |  FPR: 90.0%  |  mF1: 74.4%
19:55:28  INFO      defenses.mkrum — MKrum selected 1 / 10 clients: [40]  |  rejected: [11, 12, 30, 59, 76, 84, 86, 88, 97]
19:56:01  INFO      defenses.mkrum — MKrum selected 1 / 10 clients: [47]  |  rejected: [0, 6, 7, 42, 57, 59, 78, 82, 93]
19:56:34  INFO      defenses.mkrum — MKrum selected 1 / 10 clients: [57]  |  rejected: [9, 10, 13, 14, 24, 39, 43, 51, 72]
19:57:12  INFO      defenses.mkrum — MKrum selected 1 / 10 clients: [30]  |  rejected: [1, 6, 18, 19, 26, 74, 82, 83, 88]
19:57:47  INFO      defenses.mkrum — MKrum selected 1 / 10 clients: [64]  |  rejected: [14, 26, 28, 29, 36, 53, 65, 71, 99]
19:58:25  INFO      defenses.mkrum — MKrum selected 1 / 10 clients: [40]  |  rejected: [5, 10, 14, 22, 24, 59, 68, 77, 79]
19:58:58  INFO      defenses.mkrum — MKrum selected 1 / 10 clients: [59]  |  rejected: [3, 10, 12, 13, 25, 28, 32, 51, 76]
19:59:38  INFO      defenses.mkrum — MKrum selected 1 / 10 clients: [62]  |  rejected: [13, 44, 51, 78, 82, 85, 87, 89, 97]
20:00:15  INFO      defenses.mkrum — MKrum selected 1 / 10 clients: [57]  |  rejected: [14, 26, 37, 48, 56, 76, 77, 84, 99]
20:00:48  INFO      defenses.mkrum — MKrum selected 1 / 10 clients: [59]  |  rejected: [0, 9, 14, 38, 43, 44, 69, 82, 93]
20:00:52  INFO      experiment.runner — Round  111/240  |  acc:  73.85%  loss: 0.9488  |  FPR: 90.0%  |  mF1: 73.6%
20:01:28  INFO      defenses.mkrum — MKrum selected 1 / 10 clients: [62]  |  rejected: [9, 24, 46, 54, 70, 82, 87, 94, 96]
20:02:02  INFO      defenses.mkrum — MKrum selected 1 / 10 clients: [31]  |  rejected: [7, 8, 27, 30, 42, 44, 55, 66, 77]
20:02:38  INFO      defenses.mkrum — MKrum selected 1 / 10 clients: [94]  |  rejected: [10, 21, 26, 27, 32, 41, 56, 92, 95]
20:03:13  INFO      defenses.mkrum — MKrum selected 1 / 10 clients: [59]  |  rejected: [24, 47, 52, 53, 61, 68, 78, 79, 91]
20:03:46  INFO      defenses.mkrum — MKrum selected 1 / 10 clients: [12]  |  rejected: [2, 3, 4, 23, 37, 52, 60, 75, 99]
20:04:23  INFO      defenses.mkrum — MKrum selected 1 / 10 clients: [64]  |  rejected: [5, 7, 19, 24, 37, 60, 66, 81, 92]
20:05:00  INFO      defenses.mkrum — MKrum selected 1 / 10 clients: [59]  |  rejected: [4, 25, 26, 35, 44, 55, 62, 94, 95]
20:05:39  INFO      defenses.mkrum — MKrum selected 1 / 10 clients: [36]  |  rejected: [9, 13, 18, 19, 26, 38, 52, 56, 95]
20:06:12  INFO      defenses.mkrum — MKrum selected 1 / 10 clients: [36]  |  rejected: [20, 39, 47, 48, 55, 62, 81, 89, 97]
20:06:48  INFO      defenses.mkrum — MKrum selected 1 / 10 clients: [59]  |  rejected: [3, 28, 36, 45, 46, 47, 60, 67, 69]
20:06:53  INFO      experiment.runner — Round  121/240  |  acc:  75.00%  loss: 0.9480  |  FPR: 90.0%  |  mF1: 75.3%
20:07:27  INFO      defenses.mkrum — MKrum selected 1 / 10 clients: [31]  |  rejected: [1, 16, 19, 38, 66, 67, 68, 80, 95]
20:08:01  INFO      defenses.mkrum — MKrum selected 1 / 10 clients: [59]  |  rejected: [0, 2, 6, 21, 26, 45, 46, 70, 98]
20:08:39  INFO      defenses.mkrum — MKrum selected 1 / 10 clients: [62]  |  rejected: [1, 4, 6, 23, 30, 35, 43, 55, 77]
20:09:13  INFO      defenses.mkrum — MKrum selected 1 / 10 clients: [31]  |  rejected: [12, 33, 39, 53, 57, 63, 69, 86, 92]
20:09:59  INFO      defenses.mkrum — MKrum selected 1 / 10 clients: [4]  |  rejected: [3, 5, 21, 33, 43, 54, 80, 86, 97]
20:10:34  INFO      defenses.mkrum — MKrum selected 1 / 10 clients: [31]  |  rejected: [17, 43, 52, 65, 70, 72, 95, 96, 97]
20:11:10  INFO      defenses.mkrum — MKrum selected 1 / 10 clients: [62]  |  rejected: [2, 5, 7, 17, 21, 35, 58, 59, 82]
20:11:47  INFO      defenses.mkrum — MKrum selected 1 / 10 clients: [47]  |  rejected: [21, 37, 53, 65, 66, 77, 80, 85, 96]
20:12:20  INFO      defenses.mkrum — MKrum selected 1 / 10 clients: [45]  |  rejected: [9, 13, 17, 23, 52, 56, 70, 87, 99]
20:12:56  INFO      defenses.mkrum — MKrum selected 1 / 10 clients: [40]  |  rejected: [17, 19, 32, 35, 36, 57, 58, 67, 73]
20:13:00  INFO      experiment.runner — Round  131/240  |  acc:  75.99%  loss: 0.8711  |  FPR: 90.0%  |  mF1: 76.1%
20:13:34  INFO      defenses.mkrum — MKrum selected 1 / 10 clients: [62]  |  rejected: [3, 4, 29, 34, 52, 58, 66, 74, 78]
20:14:13  INFO      defenses.mkrum — MKrum selected 1 / 10 clients: [62]  |  rejected: [14, 16, 35, 40, 70, 73, 76, 90, 96]
20:14:45  INFO      defenses.mkrum — MKrum selected 1 / 10 clients: [62]  |  rejected: [4, 9, 13, 34, 47, 55, 65, 85, 96]
20:15:20  INFO      defenses.mkrum — MKrum selected 1 / 10 clients: [40]  |  rejected: [23, 24, 39, 44, 49, 50, 57, 82, 83]
20:15:56  INFO      defenses.mkrum — MKrum selected 1 / 10 clients: [40]  |  rejected: [4, 6, 16, 27, 34, 36, 50, 71, 78]
20:16:29  INFO      defenses.mkrum — MKrum selected 1 / 10 clients: [25]  |  rejected: [10, 29, 32, 52, 53, 63, 67, 89, 94]
20:17:09  INFO      defenses.mkrum — MKrum selected 1 / 10 clients: [34]  |  rejected: [0, 8, 14, 15, 36, 55, 80, 88, 95]
20:17:43  INFO      defenses.mkrum — MKrum selected 1 / 10 clients: [34]  |  rejected: [6, 22, 30, 37, 59, 61, 62, 69, 71]
20:18:19  INFO      defenses.mkrum — MKrum selected 1 / 10 clients: [59]  |  rejected: [18, 19, 21, 22, 50, 82, 86, 88, 90]
20:18:56  INFO      defenses.mkrum — MKrum selected 1 / 10 clients: [50]  |  rejected: [1, 6, 18, 22, 23, 24, 39, 80, 97]
20:18:59  INFO      experiment.runner — Round  141/240  |  acc:  75.08%  loss: 1.0080  |  FPR: 90.0%  |  mF1: 74.8%
20:19:32  INFO      defenses.mkrum — MKrum selected 1 / 10 clients: [67]  |  rejected: [6, 16, 18, 19, 27, 48, 68, 83, 99]
20:20:08  INFO      defenses.mkrum — MKrum selected 1 / 10 clients: [13]  |  rejected: [3, 14, 16, 18, 23, 35, 37, 49, 55]
20:20:42  INFO      defenses.mkrum — MKrum selected 1 / 10 clients: [47]  |  rejected: [0, 9, 16, 18, 24, 45, 49, 61, 77]
20:21:20  INFO      defenses.mkrum — MKrum selected 1 / 10 clients: [62]  |  rejected: [2, 8, 13, 31, 40, 45, 60, 69, 90]
20:21:53  INFO      defenses.mkrum — MKrum selected 1 / 10 clients: [59]  |  rejected: [39, 44, 52, 56, 67, 68, 72, 94, 95]
20:22:29  INFO      defenses.mkrum — MKrum selected 1 / 10 clients: [25]  |  rejected: [19, 37, 49, 56, 58, 68, 76, 95, 96]
20:23:07  INFO      defenses.mkrum — MKrum selected 1 / 10 clients: [25]  |  rejected: [6, 16, 21, 22, 34, 38, 40, 77, 95]
20:23:41  INFO      defenses.mkrum — MKrum selected 1 / 10 clients: [22]  |  rejected: [1, 7, 14, 15, 20, 51, 52, 73, 78]
20:24:18  INFO      defenses.mkrum — MKrum selected 1 / 10 clients: [59]  |  rejected: [11, 35, 47, 67, 69, 72, 87, 89, 98]
20:24:50  INFO      defenses.mkrum — MKrum selected 1 / 10 clients: [64]  |  rejected: [18, 27, 41, 56, 58, 72, 74, 75, 76]
20:24:54  INFO      experiment.runner — Round  151/240  |  acc:  76.11%  loss: 0.9483  |  FPR: 90.0%  |  mF1: 76.0%
20:25:31  INFO      defenses.mkrum — MKrum selected 1 / 10 clients: [40]  |  rejected: [44, 45, 47, 75, 76, 81, 89, 92, 98]
20:26:05  INFO      defenses.mkrum — MKrum selected 1 / 10 clients: [64]  |  rejected: [15, 23, 28, 34, 36, 38, 43, 77, 88]
20:26:38  INFO      defenses.mkrum — MKrum selected 1 / 10 clients: [36]  |  rejected: [16, 31, 34, 43, 55, 57, 61, 82, 93]
20:27:19  INFO      defenses.mkrum — MKrum selected 1 / 10 clients: [22]  |  rejected: [6, 8, 42, 53, 56, 66, 67, 68, 79]
20:27:52  INFO      defenses.mkrum — MKrum selected 1 / 10 clients: [30]  |  rejected: [7, 27, 37, 48, 49, 54, 70, 78, 99]
20:28:28  INFO      defenses.mkrum — MKrum selected 1 / 10 clients: [65]  |  rejected: [7, 9, 15, 27, 46, 55, 63, 70, 93]
20:29:01  INFO      defenses.mkrum — MKrum selected 1 / 10 clients: [64]  |  rejected: [1, 38, 46, 47, 49, 51, 56, 71, 91]
20:29:34  INFO      defenses.mkrum — MKrum selected 1 / 10 clients: [47]  |  rejected: [0, 13, 18, 28, 41, 63, 74, 83, 87]
20:30:12  INFO      defenses.mkrum — MKrum selected 1 / 10 clients: [47]  |  rejected: [0, 8, 10, 17, 26, 36, 41, 55, 78]
20:30:48  INFO      defenses.mkrum — MKrum selected 1 / 10 clients: [40]  |  rejected: [3, 25, 27, 46, 56, 68, 92, 93, 94]
20:30:52  INFO      experiment.runner — Round  161/240  |  acc:  77.20%  loss: 0.9049  |  FPR: 90.0%  |  mF1: 77.2%
20:31:28  INFO      defenses.mkrum — MKrum selected 1 / 10 clients: [65]  |  rejected: [15, 17, 28, 43, 48, 56, 60, 74, 87]
20:32:01  INFO      defenses.mkrum — MKrum selected 1 / 10 clients: [36]  |  rejected: [3, 10, 15, 22, 24, 39, 55, 70, 76]
20:32:43  INFO      defenses.mkrum — MKrum selected 1 / 10 clients: [62]  |  rejected: [0, 17, 23, 26, 35, 44, 48, 49, 60]
20:33:17  INFO      defenses.mkrum — MKrum selected 1 / 10 clients: [65]  |  rejected: [12, 36, 38, 55, 75, 80, 81, 84, 95]
20:33:50  INFO      defenses.mkrum — MKrum selected 1 / 10 clients: [41]  |  rejected: [1, 8, 10, 54, 56, 61, 88, 95, 96]
20:34:28  INFO      defenses.mkrum — MKrum selected 1 / 10 clients: [41]  |  rejected: [12, 25, 28, 42, 53, 74, 80, 82, 84]
20:35:02  INFO      defenses.mkrum — MKrum selected 1 / 10 clients: [65]  |  rejected: [3, 6, 11, 30, 50, 66, 67, 73, 82]
20:35:38  INFO      defenses.mkrum — MKrum selected 1 / 10 clients: [36]  |  rejected: [10, 23, 29, 44, 50, 58, 60, 68, 84]
20:36:11  INFO      defenses.mkrum — MKrum selected 1 / 10 clients: [25]  |  rejected: [17, 29, 38, 43, 67, 68, 73, 74, 75]
20:36:47  INFO      defenses.mkrum — MKrum selected 1 / 10 clients: [40]  |  rejected: [45, 46, 66, 67, 74, 79, 92, 94, 98]
20:36:53  INFO      experiment.runner — Round  171/240  |  acc:  76.15%  loss: 1.0129  |  FPR: 90.0%  |  mF1: 76.1%
20:37:27  INFO      defenses.mkrum — MKrum selected 1 / 10 clients: [57]  |  rejected: [7, 24, 26, 27, 39, 55, 63, 80, 92]
20:38:04  INFO      defenses.mkrum — MKrum selected 1 / 10 clients: [40]  |  rejected: [4, 13, 15, 23, 27, 50, 58, 64, 96]
20:38:42  INFO      defenses.mkrum — MKrum selected 1 / 10 clients: [30]  |  rejected: [7, 31, 41, 46, 49, 51, 63, 87, 93]
20:39:15  INFO      defenses.mkrum — MKrum selected 1 / 10 clients: [36]  |  rejected: [6, 22, 28, 32, 33, 43, 44, 49, 88]
20:39:52  INFO      defenses.mkrum — MKrum selected 1 / 10 clients: [31]  |  rejected: [14, 21, 22, 26, 28, 38, 56, 72, 93]
20:40:26  INFO      defenses.mkrum — MKrum selected 1 / 10 clients: [46]  |  rejected: [22, 26, 27, 29, 61, 77, 85, 87, 89]
20:41:03  INFO      defenses.mkrum — MKrum selected 1 / 10 clients: [50]  |  rejected: [22, 38, 54, 56, 67, 69, 76, 80, 96]
20:41:39  INFO      defenses.mkrum — MKrum selected 1 / 10 clients: [62]  |  rejected: [2, 7, 10, 22, 34, 47, 58, 68, 74]
20:42:12  INFO      defenses.mkrum — MKrum selected 1 / 10 clients: [62]  |  rejected: [28, 44, 49, 51, 53, 63, 64, 66, 87]
20:42:49  INFO      defenses.mkrum — MKrum selected 1 / 10 clients: [22]  |  rejected: [14, 18, 43, 53, 61, 79, 91, 93, 97]
20:42:52  INFO      experiment.runner — Round  181/240  |  acc:  75.88%  loss: 1.0639  |  FPR: 90.0%  |  mF1: 75.4%
20:43:26  INFO      defenses.mkrum — MKrum selected 1 / 10 clients: [41]  |  rejected: [13, 18, 38, 44, 61, 67, 69, 74, 80]
20:44:03  INFO      defenses.mkrum — MKrum selected 1 / 10 clients: [25]  |  rejected: [5, 19, 44, 47, 57, 63, 74, 79, 81]
20:44:38  INFO      defenses.mkrum — MKrum selected 1 / 10 clients: [36]  |  rejected: [11, 38, 69, 70, 74, 75, 86, 89, 97]
20:45:11  INFO      defenses.mkrum — MKrum selected 1 / 10 clients: [41]  |  rejected: [1, 37, 52, 54, 71, 83, 86, 94, 95]
20:45:48  INFO      defenses.mkrum — MKrum selected 1 / 10 clients: [47]  |  rejected: [23, 31, 37, 44, 54, 61, 72, 89, 97]
20:46:20  INFO      defenses.mkrum — MKrum selected 1 / 10 clients: [40]  |  rejected: [14, 20, 24, 41, 49, 70, 72, 91, 92]
20:47:00  INFO      defenses.mkrum — MKrum selected 1 / 10 clients: [62]  |  rejected: [22, 25, 46, 50, 52, 59, 69, 70, 73]
20:47:33  INFO      defenses.mkrum — MKrum selected 1 / 10 clients: [25]  |  rejected: [7, 13, 21, 61, 64, 77, 85, 89, 92]
20:48:05  INFO      defenses.mkrum — MKrum selected 1 / 10 clients: [40]  |  rejected: [12, 15, 21, 49, 50, 65, 68, 70, 71]
20:48:45  INFO      defenses.mkrum — MKrum selected 1 / 10 clients: [40]  |  rejected: [8, 14, 15, 27, 29, 33, 35, 61, 87]
20:48:49  INFO      experiment.runner — Round  191/240  |  acc:  78.75%  loss: 0.9379  |  FPR: 90.0%  |  mF1: 78.6%
20:49:21  INFO      defenses.mkrum — MKrum selected 1 / 10 clients: [47]  |  rejected: [18, 23, 33, 55, 61, 65, 73, 87, 99]
20:49:57  INFO      defenses.mkrum — MKrum selected 1 / 10 clients: [25]  |  rejected: [12, 13, 28, 31, 33, 43, 44, 85, 93]
20:50:31  INFO      defenses.mkrum — MKrum selected 1 / 10 clients: [28]  |  rejected: [10, 14, 17, 41, 42, 58, 90, 96, 97]
20:51:10  INFO      defenses.mkrum — MKrum selected 1 / 10 clients: [62]  |  rejected: [5, 17, 18, 21, 34, 47, 56, 65, 85]
20:51:45  INFO      defenses.mkrum — MKrum selected 1 / 10 clients: [64]  |  rejected: [32, 37, 54, 55, 69, 72, 73, 87, 95]
20:52:18  INFO      defenses.mkrum — MKrum selected 1 / 10 clients: [4]  |  rejected: [0, 5, 19, 21, 34, 49, 55, 74, 81]
20:52:57  INFO      defenses.mkrum — MKrum selected 1 / 10 clients: [64]  |  rejected: [16, 26, 27, 32, 47, 82, 89, 93, 97]
20:53:30  INFO      defenses.mkrum — MKrum selected 1 / 10 clients: [25]  |  rejected: [5, 15, 20, 27, 45, 71, 72, 80, 95]
20:54:11  INFO      defenses.mkrum — MKrum selected 1 / 10 clients: [62]  |  rejected: [9, 14, 19, 36, 43, 54, 69, 85, 94]
20:54:45  INFO      defenses.mkrum — MKrum selected 1 / 10 clients: [11]  |  rejected: [10, 12, 17, 20, 33, 77, 79, 87, 93]
20:54:49  INFO      experiment.runner — Round  201/240  |  acc:  75.23%  loss: 1.0063  |  FPR: 90.0%  |  mF1: 75.2%
20:55:25  INFO      defenses.mkrum — MKrum selected 1 / 10 clients: [50]  |  rejected: [0, 10, 58, 66, 70, 80, 84, 89, 90]
20:56:01  INFO      defenses.mkrum — MKrum selected 1 / 10 clients: [36]  |  rejected: [0, 8, 22, 33, 53, 56, 78, 87, 89]
20:56:34  INFO      defenses.mkrum — MKrum selected 1 / 10 clients: [4]  |  rejected: [0, 5, 13, 21, 41, 43, 46, 66, 92]
20:57:10  INFO      defenses.mkrum — MKrum selected 1 / 10 clients: [41]  |  rejected: [1, 27, 28, 49, 56, 68, 80, 85, 92]
20:57:43  INFO      defenses.mkrum — MKrum selected 1 / 10 clients: [50]  |  rejected: [0, 20, 27, 29, 30, 44, 53, 56, 57]
20:58:20  INFO      defenses.mkrum — MKrum selected 1 / 10 clients: [50]  |  rejected: [12, 14, 31, 37, 40, 69, 73, 76, 85]
20:58:55  INFO      defenses.mkrum — MKrum selected 1 / 10 clients: [25]  |  rejected: [3, 12, 28, 43, 51, 58, 65, 72, 75]
20:59:29  INFO      defenses.mkrum — MKrum selected 1 / 10 clients: [75]  |  rejected: [26, 33, 48, 66, 76, 81, 84, 94, 97]
21:00:06  INFO      defenses.mkrum — MKrum selected 1 / 10 clients: [36]  |  rejected: [8, 12, 22, 39, 54, 57, 64, 67, 81]
21:00:39  INFO      defenses.mkrum — MKrum selected 1 / 10 clients: [28]  |  rejected: [16, 18, 21, 39, 46, 56, 66, 74, 79]
21:00:42  INFO      experiment.runner — Round  211/240  |  acc:  76.72%  loss: 0.9835  |  FPR: 90.0%  |  mF1: 76.4%
21:01:19  INFO      defenses.mkrum — MKrum selected 1 / 10 clients: [31]  |  rejected: [8, 9, 15, 37, 61, 63, 67, 94, 98]
21:01:54  INFO      defenses.mkrum — MKrum selected 1 / 10 clients: [65]  |  rejected: [0, 1, 2, 7, 53, 60, 61, 79, 90]
21:02:30  INFO      defenses.mkrum — MKrum selected 1 / 10 clients: [62]  |  rejected: [1, 6, 37, 38, 39, 44, 60, 86, 99]
21:03:07  INFO      defenses.mkrum — MKrum selected 1 / 10 clients: [11]  |  rejected: [5, 14, 16, 39, 51, 72, 80, 83, 87]
21:03:40  INFO      defenses.mkrum — MKrum selected 1 / 10 clients: [50]  |  rejected: [10, 20, 24, 30, 65, 67, 92, 95, 98]
21:04:17  INFO      defenses.mkrum — MKrum selected 1 / 10 clients: [65]  |  rejected: [0, 8, 10, 17, 21, 38, 63, 80, 86]
21:04:53  INFO      defenses.mkrum — MKrum selected 1 / 10 clients: [50]  |  rejected: [10, 42, 46, 53, 63, 71, 85, 86, 91]
21:05:31  INFO      defenses.mkrum — MKrum selected 1 / 10 clients: [59]  |  rejected: [3, 39, 41, 43, 55, 61, 77, 81, 94]
21:06:06  INFO      defenses.mkrum — MKrum selected 1 / 10 clients: [61]  |  rejected: [12, 26, 32, 33, 45, 53, 60, 83, 95]
21:06:39  INFO      defenses.mkrum — MKrum selected 1 / 10 clients: [61]  |  rejected: [7, 25, 30, 43, 74, 76, 84, 92, 96]
21:06:42  INFO      experiment.runner — Round  221/240  |  acc:  75.96%  loss: 1.0056  |  FPR: 90.0%  |  mF1: 75.7%
21:07:19  INFO      defenses.mkrum — MKrum selected 1 / 10 clients: [40]  |  rejected: [6, 12, 22, 23, 30, 49, 51, 78, 83]
21:07:52  INFO      defenses.mkrum — MKrum selected 1 / 10 clients: [64]  |  rejected: [5, 32, 43, 48, 53, 55, 57, 72, 73]
21:08:30  INFO      defenses.mkrum — MKrum selected 1 / 10 clients: [50]  |  rejected: [17, 28, 29, 34, 46, 67, 92, 93, 96]
21:09:03  INFO      defenses.mkrum — MKrum selected 1 / 10 clients: [25]  |  rejected: [3, 13, 51, 52, 61, 77, 82, 93, 98]
21:09:38  INFO      defenses.mkrum — MKrum selected 1 / 10 clients: [25]  |  rejected: [7, 48, 50, 55, 60, 61, 64, 71, 78]
21:10:17  INFO      defenses.mkrum — MKrum selected 1 / 10 clients: [12]  |  rejected: [2, 17, 20, 24, 71, 72, 82, 87, 91]
21:10:50  INFO      defenses.mkrum — MKrum selected 1 / 10 clients: [50]  |  rejected: [13, 14, 15, 27, 37, 65, 70, 76, 99]
21:11:26  INFO      defenses.mkrum — MKrum selected 1 / 10 clients: [40]  |  rejected: [16, 18, 20, 27, 54, 55, 63, 80, 88]
21:12:00  INFO      defenses.mkrum — MKrum selected 1 / 10 clients: [40]  |  rejected: [2, 3, 32, 43, 56, 65, 70, 75, 80]
21:12:38  INFO      defenses.mkrum — MKrum selected 1 / 10 clients: [25]  |  rejected: [10, 15, 26, 27, 28, 31, 36, 49, 70]
21:12:43  INFO      experiment.runner — Round  231/240  |  acc:  79.64%  loss: 0.8646  |  FPR: 90.0%  |  mF1: 79.5%
21:13:16  INFO      defenses.mkrum — MKrum selected 1 / 10 clients: [11]  |  rejected: [26, 27, 29, 38, 42, 69, 71, 94, 99]
21:13:49  INFO      defenses.mkrum — MKrum selected 1 / 10 clients: [50]  |  rejected: [0, 18, 30, 38, 64, 71, 82, 93, 96]
21:14:27  INFO      defenses.mkrum — MKrum selected 1 / 10 clients: [25]  |  rejected: [9, 19, 26, 27, 32, 35, 37, 44, 74]
21:15:02  INFO      defenses.mkrum — MKrum selected 1 / 10 clients: [50]  |  rejected: [7, 14, 32, 33, 54, 58, 68, 71, 80]
21:15:41  INFO      defenses.mkrum — MKrum selected 1 / 10 clients: [25]  |  rejected: [11, 26, 36, 39, 44, 57, 67, 74, 85]
21:16:14  INFO      defenses.mkrum — MKrum selected 1 / 10 clients: [75]  |  rejected: [13, 30, 44, 51, 53, 83, 91, 98, 99]
21:16:52  INFO      defenses.mkrum — MKrum selected 1 / 10 clients: [40]  |  rejected: [3, 15, 22, 32, 44, 73, 76, 77, 95]
21:17:26  INFO      defenses.mkrum — MKrum selected 1 / 10 clients: [40]  |  rejected: [6, 8, 14, 21, 28, 41, 69, 77, 99]
21:17:59  INFO      defenses.mkrum — MKrum selected 1 / 10 clients: [62]  |  rejected: [2, 37, 42, 52, 56, 71, 90, 98, 99]
21:18:03  INFO      experiment.runner — Round  240/240  |  acc:  79.56%  loss: 0.8907  |  FPR: 90.0%  |  mF1: 79.7%
21:18:03  INFO      experiment.runner — Final model saved to results/benchmark/cifar10_none_krum_seed3/final_model.pt
21:18:03  INFO      experiment.runner — Client atypicality written to results/benchmark/cifar10_none_krum_seed3/client_atypicality.json
21:18:03  INFO      experiment.runner — Client inclusion rates written to results/benchmark/cifar10_none_krum_seed3/client_inclusion.csv
21:18:03  INFO      experiment.runner — Anomaly scores written to results/benchmark/cifar10_none_krum_seed3/anomaly_scores.csv (2400 rows)
21:18:04  INFO      benchmark — ✓  cifar10_none_krum_seed3  (143.5 min)
21:18:04  INFO      benchmark — ▶  cifar10_none_krum_seed4
21:18:04  INFO      experiment.runner — Initialising 'cifar10_none_krum_seed4' | device=cuda | rounds=240 | clients=10/100 | attack=none | defense=mkrum
21:18:07  INFO      defenses.mkrum — MKrumServer initialised — f=1 Byzantine, selecting m=1 updates.
21:18:20  INFO      experiment.utils — Built 100 clients — 0 malicious, 100 benign.
21:18:20  INFO      experiment.runner — Setup complete — 100 clients (0 malicious) | backdoor eval: none

==============================================================
  Summary — 25 rounds evaluated
==============================================================
  Final clean accuracy               79.56%
  Best  clean accuracy               79.64%
  Final clean loss                   0.8907
  Macro F1                           79.68%
  Pooled FPR (all rounds)            90.00%
==============================================================

Files already downloaded and verified
Files already downloaded and verified
Files already downloaded and verified
Files already downloaded and verified
21:18:52  INFO      defenses.mkrum — MKrum selected 1 / 10 clients: [61]  |  rejected: [2, 8, 11, 13, 19, 30, 38, 50, 92]
21:18:55  INFO      experiment.runner — Round    1/240  |  acc:  22.13%  loss: 3.2904  |  FPR: 90.0%  |  mF1: 16.9%
21:19:29  INFO      defenses.mkrum — MKrum selected 1 / 10 clients: [70]  |  rejected: [7, 28, 35, 37, 46, 51, 66, 68, 97]
21:20:06  INFO      defenses.mkrum — MKrum selected 1 / 10 clients: [24]  |  rejected: [3, 13, 21, 22, 27, 33, 34, 82, 99]
21:20:41  INFO      defenses.mkrum — MKrum selected 1 / 10 clients: [85]  |  rejected: [11, 37, 39, 43, 47, 49, 77, 80, 93]
21:21:18  INFO      defenses.mkrum — MKrum selected 1 / 10 clients: [35]  |  rejected: [0, 11, 22, 31, 37, 38, 60, 64, 70]
21:21:50  INFO      defenses.mkrum — MKrum selected 1 / 10 clients: [36]  |  rejected: [24, 39, 52, 54, 65, 73, 76, 90, 97]
21:22:28  INFO      defenses.mkrum — MKrum selected 1 / 10 clients: [33]  |  rejected: [5, 10, 20, 29, 39, 55, 57, 59, 80]
21:23:03  INFO      defenses.mkrum — MKrum selected 1 / 10 clients: [35]  |  rejected: [18, 25, 43, 60, 66, 68, 82, 86, 89]
21:23:36  INFO      defenses.mkrum — MKrum selected 1 / 10 clients: [35]  |  rejected: [8, 23, 25, 45, 52, 55, 56, 80, 81]
21:24:13  INFO      defenses.mkrum — MKrum selected 1 / 10 clients: [12]  |  rejected: [7, 25, 29, 41, 71, 75, 81, 90, 95]
21:24:47  INFO      defenses.mkrum — MKrum selected 1 / 10 clients: [35]  |  rejected: [15, 22, 30, 37, 42, 58, 74, 78, 97]
21:24:50  INFO      experiment.runner — Round   11/240  |  acc:  43.45%  loss: 2.0382  |  FPR: 90.0%  |  mF1: 41.8%
21:25:27  INFO      defenses.mkrum — MKrum selected 1 / 10 clients: [89]  |  rejected: [2, 3, 5, 10, 36, 41, 45, 86, 94]
21:26:01  INFO      defenses.mkrum — MKrum selected 1 / 10 clients: [83]  |  rejected: [9, 19, 36, 37, 41, 52, 79, 87, 99]
21:26:34  INFO      defenses.mkrum — MKrum selected 1 / 10 clients: [32]  |  rejected: [17, 20, 24, 37, 42, 48, 56, 76, 79]
21:27:10  INFO      defenses.mkrum — MKrum selected 1 / 10 clients: [12]  |  rejected: [1, 5, 21, 26, 37, 46, 56, 58, 73]
21:27:43  INFO      defenses.mkrum — MKrum selected 1 / 10 clients: [14]  |  rejected: [7, 19, 21, 26, 54, 76, 77, 86, 94]
21:28:21  INFO      defenses.mkrum — MKrum selected 1 / 10 clients: [4]  |  rejected: [5, 15, 31, 37, 41, 62, 67, 69, 74]
21:28:54  INFO      defenses.mkrum — MKrum selected 1 / 10 clients: [4]  |  rejected: [25, 28, 30, 52, 56, 61, 62, 83, 99]
21:29:36  INFO      defenses.mkrum — MKrum selected 1 / 10 clients: [4]  |  rejected: [24, 27, 31, 32, 53, 54, 56, 63, 82]
21:30:12  INFO      defenses.mkrum — MKrum selected 1 / 10 clients: [32]  |  rejected: [18, 26, 29, 31, 33, 41, 53, 67, 98]
21:30:46  INFO      defenses.mkrum — MKrum selected 1 / 10 clients: [14]  |  rejected: [5, 6, 40, 51, 63, 72, 83, 91, 95]
21:30:50  INFO      experiment.runner — Round   21/240  |  acc:  49.73%  loss: 1.8496  |  FPR: 90.0%  |  mF1: 48.5%
21:31:28  INFO      defenses.mkrum — MKrum selected 1 / 10 clients: [21]  |  rejected: [11, 26, 37, 43, 49, 55, 60, 73, 84]
21:32:02  INFO      defenses.mkrum — MKrum selected 1 / 10 clients: [82]  |  rejected: [27, 34, 40, 43, 50, 53, 67, 83, 87]
21:32:42  INFO      defenses.mkrum — MKrum selected 1 / 10 clients: [85]  |  rejected: [5, 9, 16, 24, 35, 50, 63, 79, 80]
21:33:16  INFO      defenses.mkrum — MKrum selected 1 / 10 clients: [85]  |  rejected: [7, 21, 34, 59, 60, 72, 81, 88, 98]
21:33:51  INFO      defenses.mkrum — MKrum selected 1 / 10 clients: [14]  |  rejected: [0, 1, 20, 27, 32, 49, 51, 78, 95]
21:34:27  INFO      defenses.mkrum — MKrum selected 1 / 10 clients: [85]  |  rejected: [6, 20, 25, 28, 48, 50, 70, 77, 98]
21:35:01  INFO      defenses.mkrum — MKrum selected 1 / 10 clients: [4]  |  rejected: [3, 10, 42, 56, 60, 67, 71, 89, 99]
21:35:38  INFO      defenses.mkrum — MKrum selected 1 / 10 clients: [14]  |  rejected: [5, 17, 32, 46, 62, 71, 76, 77, 99]
21:36:11  INFO      defenses.mkrum — MKrum selected 1 / 10 clients: [10]  |  rejected: [1, 9, 38, 44, 48, 58, 66, 69, 98]
21:36:50  INFO      defenses.mkrum — MKrum selected 1 / 10 clients: [14]  |  rejected: [9, 12, 26, 29, 39, 49, 51, 62, 97]
21:36:54  INFO      experiment.runner — Round   31/240  |  acc:  58.00%  loss: 1.5361  |  FPR: 90.0%  |  mF1: 57.8%
21:37:29  INFO      defenses.mkrum — MKrum selected 1 / 10 clients: [65]  |  rejected: [8, 46, 53, 55, 56, 79, 80, 91, 99]
21:38:04  INFO      defenses.mkrum — MKrum selected 1 / 10 clients: [61]  |  rejected: [15, 20, 21, 25, 38, 47, 54, 71, 81]
21:38:40  INFO      defenses.mkrum — MKrum selected 1 / 10 clients: [90]  |  rejected: [0, 19, 21, 22, 33, 41, 43, 63, 69]
21:39:14  INFO      defenses.mkrum — MKrum selected 1 / 10 clients: [14]  |  rejected: [0, 15, 39, 61, 62, 69, 76, 82, 91]
21:39:50  INFO      defenses.mkrum — MKrum selected 1 / 10 clients: [29]  |  rejected: [9, 23, 31, 37, 45, 52, 66, 67, 98]
21:40:23  INFO      defenses.mkrum — MKrum selected 1 / 10 clients: [69]  |  rejected: [0, 6, 39, 40, 59, 72, 78, 80, 86]
21:40:59  INFO      defenses.mkrum — MKrum selected 1 / 10 clients: [78]  |  rejected: [18, 32, 46, 50, 56, 64, 76, 79, 98]
21:41:35  INFO      defenses.mkrum — MKrum selected 1 / 10 clients: [10]  |  rejected: [17, 18, 22, 43, 55, 77, 79, 84, 86]
21:42:08  INFO      defenses.mkrum — MKrum selected 1 / 10 clients: [86]  |  rejected: [9, 11, 25, 36, 44, 47, 51, 73, 79]
21:42:50  INFO      defenses.mkrum — MKrum selected 1 / 10 clients: [47]  |  rejected: [2, 22, 38, 41, 42, 67, 77, 82, 83]
21:42:53  INFO      experiment.runner — Round   41/240  |  acc:  61.84%  loss: 1.2336  |  FPR: 90.0%  |  mF1: 61.2%
21:43:26  INFO      defenses.mkrum — MKrum selected 1 / 10 clients: [84]  |  rejected: [11, 12, 20, 23, 45, 63, 73, 74, 96]
21:44:04  INFO      defenses.mkrum — MKrum selected 1 / 10 clients: [14]  |  rejected: [9, 22, 28, 61, 79, 83, 86, 95, 97]
21:44:39  INFO      defenses.mkrum — MKrum selected 1 / 10 clients: [84]  |  rejected: [28, 30, 38, 39, 51, 62, 76, 88, 90]
21:45:12  INFO      defenses.mkrum — MKrum selected 1 / 10 clients: [47]  |  rejected: [29, 41, 51, 57, 64, 67, 68, 80, 95]
21:45:49  INFO      defenses.mkrum — MKrum selected 1 / 10 clients: [69]  |  rejected: [1, 23, 32, 36, 40, 51, 52, 56, 75]
21:46:23  INFO      defenses.mkrum — MKrum selected 1 / 10 clients: [78]  |  rejected: [3, 19, 46, 49, 51, 58, 71, 79, 88]
21:47:01  INFO      defenses.mkrum — MKrum selected 1 / 10 clients: [58]  |  rejected: [8, 11, 33, 39, 44, 65, 77, 80, 96]
21:47:35  INFO      defenses.mkrum — MKrum selected 1 / 10 clients: [61]  |  rejected: [8, 16, 19, 28, 30, 38, 77, 81, 99]
21:48:12  INFO      defenses.mkrum — MKrum selected 1 / 10 clients: [87]  |  rejected: [6, 20, 33, 50, 68, 70, 74, 79, 91]
21:48:49  INFO      defenses.mkrum — MKrum selected 1 / 10 clients: [10]  |  rejected: [2, 4, 12, 20, 26, 31, 40, 67, 96]
21:48:52  INFO      experiment.runner — Round   51/240  |  acc:  63.61%  loss: 1.2951  |  FPR: 90.0%  |  mF1: 63.7%
21:49:26  INFO      defenses.mkrum — MKrum selected 1 / 10 clients: [78]  |  rejected: [7, 15, 22, 34, 36, 80, 82, 89, 93]
21:50:06  INFO      defenses.mkrum — MKrum selected 1 / 10 clients: [10]  |  rejected: [16, 19, 46, 53, 71, 83, 88, 90, 92]
21:50:39  INFO      defenses.mkrum — MKrum selected 1 / 10 clients: [61]  |  rejected: [0, 8, 19, 27, 38, 52, 64, 70, 92]
21:51:15  INFO      defenses.mkrum — MKrum selected 1 / 10 clients: [87]  |  rejected: [20, 21, 32, 38, 48, 50, 51, 65, 68]
21:51:48  INFO      defenses.mkrum — MKrum selected 1 / 10 clients: [86]  |  rejected: [2, 3, 7, 21, 35, 38, 42, 49, 54]
21:52:24  INFO      defenses.mkrum — MKrum selected 1 / 10 clients: [61]  |  rejected: [1, 10, 14, 19, 20, 29, 70, 77, 91]
21:53:03  INFO      defenses.mkrum — MKrum selected 1 / 10 clients: [87]  |  rejected: [22, 23, 43, 48, 57, 68, 89, 90, 93]
21:53:38  INFO      defenses.mkrum — MKrum selected 1 / 10 clients: [67]  |  rejected: [13, 24, 39, 45, 52, 60, 75, 79, 82]
21:54:15  INFO      defenses.mkrum — MKrum selected 1 / 10 clients: [84]  |  rejected: [4, 27, 32, 39, 74, 75, 76, 80, 94]
21:54:49  INFO      defenses.mkrum — MKrum selected 1 / 10 clients: [84]  |  rejected: [4, 10, 13, 30, 40, 43, 61, 80, 89]
21:54:53  INFO      experiment.runner — Round   61/240  |  acc:  66.95%  loss: 1.2294  |  FPR: 90.0%  |  mF1: 67.1%
21:55:29  INFO      defenses.mkrum — MKrum selected 1 / 10 clients: [67]  |  rejected: [5, 10, 22, 41, 45, 60, 63, 77, 91]
21:56:04  INFO      defenses.mkrum — MKrum selected 1 / 10 clients: [86]  |  rejected: [4, 9, 25, 31, 43, 66, 69, 76, 91]
21:56:37  INFO      defenses.mkrum — MKrum selected 1 / 10 clients: [14]  |  rejected: [0, 9, 17, 28, 39, 64, 65, 77, 89]
21:57:14  INFO      defenses.mkrum — MKrum selected 1 / 10 clients: [61]  |  rejected: [1, 2, 4, 18, 27, 35, 79, 89, 93]
21:57:48  INFO      defenses.mkrum — MKrum selected 1 / 10 clients: [44]  |  rejected: [31, 38, 46, 49, 51, 77, 80, 94, 95]
21:58:28  INFO      defenses.mkrum — MKrum selected 1 / 10 clients: [88]  |  rejected: [4, 8, 22, 38, 52, 63, 65, 71, 96]
21:59:03  INFO      defenses.mkrum — MKrum selected 1 / 10 clients: [61]  |  rejected: [2, 22, 26, 27, 35, 36, 41, 55, 90]
21:59:35  INFO      defenses.mkrum — MKrum selected 1 / 10 clients: [79]  |  rejected: [26, 32, 35, 41, 42, 52, 65, 80, 96]
22:00:12  INFO      defenses.mkrum — MKrum selected 1 / 10 clients: [86]  |  rejected: [3, 11, 16, 33, 36, 51, 77, 78, 82]
22:00:46  INFO      defenses.mkrum — MKrum selected 1 / 10 clients: [79]  |  rejected: [11, 21, 27, 32, 40, 82, 85, 89, 97]
22:00:50  INFO      experiment.runner — Round   71/240  |  acc:  68.57%  loss: 1.1426  |  FPR: 90.0%  |  mF1: 68.8%
22:01:25  INFO      defenses.mkrum — MKrum selected 1 / 10 clients: [14]  |  rejected: [1, 21, 26, 43, 58, 63, 72, 82, 97]
22:01:59  INFO      defenses.mkrum — MKrum selected 1 / 10 clients: [14]  |  rejected: [11, 12, 31, 37, 40, 66, 72, 74, 84]
22:02:36  INFO      defenses.mkrum — MKrum selected 1 / 10 clients: [84]  |  rejected: [3, 9, 19, 22, 23, 91, 95, 96, 98]
22:03:11  INFO      defenses.mkrum — MKrum selected 1 / 10 clients: [86]  |  rejected: [4, 26, 33, 41, 42, 75, 80, 94, 98]
22:03:48  INFO      defenses.mkrum — MKrum selected 1 / 10 clients: [86]  |  rejected: [6, 7, 20, 21, 27, 46, 77, 87, 96]
22:04:25  INFO      defenses.mkrum — MKrum selected 1 / 10 clients: [61]  |  rejected: [13, 17, 25, 33, 50, 63, 76, 85, 90]
22:04:58  INFO      defenses.mkrum — MKrum selected 1 / 10 clients: [4]  |  rejected: [23, 41, 46, 51, 55, 63, 69, 95, 97]
22:05:34  INFO      defenses.mkrum — MKrum selected 1 / 10 clients: [86]  |  rejected: [19, 24, 28, 30, 37, 45, 46, 73, 79]
22:06:06  INFO      defenses.mkrum — MKrum selected 1 / 10 clients: [14]  |  rejected: [23, 24, 27, 28, 44, 46, 49, 68, 90]
22:06:41  INFO      defenses.mkrum — MKrum selected 1 / 10 clients: [69]  |  rejected: [2, 3, 15, 24, 37, 41, 63, 88, 93]
22:06:47  INFO      experiment.runner — Round   81/240  |  acc:  67.56%  loss: 1.3287  |  FPR: 90.0%  |  mF1: 67.6%
22:07:20  INFO      defenses.mkrum — MKrum selected 1 / 10 clients: [79]  |  rejected: [5, 17, 20, 39, 44, 48, 50, 59, 92]
22:07:52  INFO      defenses.mkrum — MKrum selected 1 / 10 clients: [17]  |  rejected: [0, 3, 45, 53, 57, 89, 91, 93, 95]
22:08:27  INFO      defenses.mkrum — MKrum selected 1 / 10 clients: [14]  |  rejected: [6, 10, 20, 27, 37, 42, 61, 71, 76]
22:09:01  INFO      defenses.mkrum — MKrum selected 1 / 10 clients: [86]  |  rejected: [2, 7, 23, 30, 42, 67, 76, 78, 92]
22:09:37  INFO      defenses.mkrum — MKrum selected 1 / 10 clients: [79]  |  rejected: [2, 5, 17, 23, 29, 48, 55, 74, 84]
22:10:14  INFO      defenses.mkrum — MKrum selected 1 / 10 clients: [69]  |  rejected: [21, 29, 36, 40, 47, 55, 77, 81, 94]
22:10:47  INFO      defenses.mkrum — MKrum selected 1 / 10 clients: [69]  |  rejected: [33, 42, 44, 68, 73, 76, 84, 86, 93]
22:11:25  INFO      defenses.mkrum — MKrum selected 1 / 10 clients: [69]  |  rejected: [4, 9, 15, 19, 25, 46, 60, 63, 73]
22:12:02  INFO      defenses.mkrum — MKrum selected 1 / 10 clients: [17]  |  rejected: [6, 18, 20, 25, 68, 70, 76, 80, 91]
22:12:40  INFO      defenses.mkrum — MKrum selected 1 / 10 clients: [69]  |  rejected: [6, 10, 19, 22, 33, 44, 77, 79, 90]
22:12:44  INFO      experiment.runner — Round   91/240  |  acc:  70.11%  loss: 1.2755  |  FPR: 90.0%  |  mF1: 70.1%
22:13:17  INFO      defenses.mkrum — MKrum selected 1 / 10 clients: [67]  |  rejected: [7, 26, 35, 36, 37, 60, 82, 88, 97]
22:13:50  INFO      defenses.mkrum — MKrum selected 1 / 10 clients: [67]  |  rejected: [0, 5, 7, 17, 36, 44, 53, 77, 96]
22:14:29  INFO      defenses.mkrum — MKrum selected 1 / 10 clients: [86]  |  rejected: [4, 9, 10, 22, 25, 36, 46, 54, 55]
22:15:02  INFO      defenses.mkrum — MKrum selected 1 / 10 clients: [67]  |  rejected: [0, 1, 10, 11, 25, 37, 66, 91, 95]
22:15:39  INFO      defenses.mkrum — MKrum selected 1 / 10 clients: [81]  |  rejected: [8, 11, 21, 25, 43, 54, 66, 80, 85]
22:16:11  INFO      defenses.mkrum — MKrum selected 1 / 10 clients: [17]  |  rejected: [7, 8, 13, 55, 65, 66, 70, 88, 97]
22:16:49  INFO      defenses.mkrum — MKrum selected 1 / 10 clients: [17]  |  rejected: [15, 35, 41, 43, 65, 74, 75, 82, 85]
22:17:25  INFO      defenses.mkrum — MKrum selected 1 / 10 clients: [69]  |  rejected: [0, 5, 9, 20, 34, 77, 79, 82, 98]
22:17:59  INFO      defenses.mkrum — MKrum selected 1 / 10 clients: [67]  |  rejected: [19, 38, 45, 46, 54, 68, 75, 97, 99]
22:18:36  INFO      defenses.mkrum — MKrum selected 1 / 10 clients: [69]  |  rejected: [3, 21, 31, 57, 58, 61, 74, 79, 83]
22:18:40  INFO      experiment.runner — Round  101/240  |  acc:  71.16%  loss: 1.2397  |  FPR: 90.0%  |  mF1: 70.9%
22:19:12  INFO      defenses.mkrum — MKrum selected 1 / 10 clients: [87]  |  rejected: [24, 33, 71, 72, 73, 74, 75, 76, 92]
22:19:54  INFO      defenses.mkrum — MKrum selected 1 / 10 clients: [61]  |  rejected: [20, 26, 38, 40, 42, 57, 68, 89, 90]
22:20:26  INFO      defenses.mkrum — MKrum selected 1 / 10 clients: [79]  |  rejected: [12, 21, 29, 34, 37, 40, 42, 47, 84]
22:21:00  INFO      defenses.mkrum — MKrum selected 1 / 10 clients: [81]  |  rejected: [0, 4, 5, 12, 22, 24, 39, 56, 66]
22:21:35  INFO      defenses.mkrum — MKrum selected 1 / 10 clients: [87]  |  rejected: [0, 22, 28, 31, 47, 50, 71, 82, 83]
22:22:08  INFO      defenses.mkrum — MKrum selected 1 / 10 clients: [11]  |  rejected: [30, 37, 43, 49, 55, 56, 64, 80, 93]
22:22:43  INFO      defenses.mkrum — MKrum selected 1 / 10 clients: [87]  |  rejected: [0, 5, 7, 12, 20, 23, 50, 52, 55]
22:23:17  INFO      defenses.mkrum — MKrum selected 1 / 10 clients: [87]  |  rejected: [5, 16, 28, 43, 44, 47, 65, 71, 94]
22:23:49  INFO      defenses.mkrum — MKrum selected 1 / 10 clients: [44]  |  rejected: [0, 12, 27, 45, 46, 48, 62, 73, 97]
22:24:27  INFO      defenses.mkrum — MKrum selected 1 / 10 clients: [67]  |  rejected: [11, 20, 49, 50, 55, 57, 70, 73, 93]
22:24:30  INFO      experiment.runner — Round  111/240  |  acc:  71.58%  loss: 1.0676  |  FPR: 90.0%  |  mF1: 71.9%
22:25:05  INFO      defenses.mkrum — MKrum selected 1 / 10 clients: [11]  |  rejected: [3, 12, 16, 26, 36, 56, 58, 94, 96]
22:25:41  INFO      defenses.mkrum — MKrum selected 1 / 10 clients: [44]  |  rejected: [13, 39, 40, 50, 51, 52, 85, 93, 97]
22:26:14  INFO      defenses.mkrum — MKrum selected 1 / 10 clients: [62]  |  rejected: [9, 29, 43, 47, 48, 55, 65, 90, 91]
22:26:51  INFO      defenses.mkrum — MKrum selected 1 / 10 clients: [79]  |  rejected: [4, 15, 20, 36, 42, 54, 66, 68, 73]
22:27:26  INFO      defenses.mkrum — MKrum selected 1 / 10 clients: [87]  |  rejected: [23, 29, 30, 61, 66, 78, 80, 86, 99]
22:27:59  INFO      defenses.mkrum — MKrum selected 1 / 10 clients: [68]  |  rejected: [1, 15, 45, 53, 54, 56, 63, 85, 89]
22:28:36  INFO      defenses.mkrum — MKrum selected 1 / 10 clients: [95]  |  rejected: [18, 25, 35, 42, 45, 55, 60, 94, 97]
22:29:08  INFO      defenses.mkrum — MKrum selected 1 / 10 clients: [69]  |  rejected: [19, 33, 46, 61, 72, 76, 84, 91, 98]
22:29:45  INFO      defenses.mkrum — MKrum selected 1 / 10 clients: [79]  |  rejected: [4, 17, 44, 49, 61, 62, 65, 94, 96]
22:30:20  INFO      defenses.mkrum — MKrum selected 1 / 10 clients: [79]  |  rejected: [23, 32, 55, 68, 75, 82, 85, 88, 95]
22:30:23  INFO      experiment.runner — Round  121/240  |  acc:  75.34%  loss: 0.9855  |  FPR: 90.0%  |  mF1: 75.4%
22:31:01  INFO      defenses.mkrum — MKrum selected 1 / 10 clients: [87]  |  rejected: [0, 2, 5, 16, 22, 29, 39, 58, 73]
22:31:35  INFO      defenses.mkrum — MKrum selected 1 / 10 clients: [43]  |  rejected: [7, 19, 29, 35, 40, 41, 57, 73, 98]
22:32:10  INFO      defenses.mkrum — MKrum selected 1 / 10 clients: [81]  |  rejected: [4, 8, 14, 28, 31, 56, 85, 92, 94]
22:32:49  INFO      defenses.mkrum — MKrum selected 1 / 10 clients: [69]  |  rejected: [0, 8, 20, 22, 24, 25, 60, 68, 78]
22:33:22  INFO      defenses.mkrum — MKrum selected 1 / 10 clients: [61]  |  rejected: [1, 24, 28, 33, 41, 44, 64, 65, 73]
22:33:59  INFO      defenses.mkrum — MKrum selected 1 / 10 clients: [81]  |  rejected: [15, 16, 43, 51, 73, 84, 89, 90, 96]
22:34:31  INFO      defenses.mkrum — MKrum selected 1 / 10 clients: [7]  |  rejected: [8, 12, 32, 33, 43, 49, 78, 90, 99]
22:35:09  INFO      defenses.mkrum — MKrum selected 1 / 10 clients: [62]  |  rejected: [6, 8, 26, 31, 46, 49, 91, 93, 97]
22:35:45  INFO      defenses.mkrum — MKrum selected 1 / 10 clients: [81]  |  rejected: [10, 18, 54, 57, 65, 90, 91, 92, 93]
22:36:18  INFO      defenses.mkrum — MKrum selected 1 / 10 clients: [67]  |  rejected: [4, 13, 18, 21, 48, 58, 68, 80, 89]
22:36:21  INFO      experiment.runner — Round  131/240  |  acc:  74.91%  loss: 0.9573  |  FPR: 90.0%  |  mF1: 75.0%
22:36:56  INFO      defenses.mkrum — MKrum selected 1 / 10 clients: [81]  |  rejected: [31, 32, 34, 46, 55, 56, 60, 72, 73]
22:37:29  INFO      defenses.mkrum — MKrum selected 1 / 10 clients: [72]  |  rejected: [0, 15, 34, 36, 42, 50, 88, 89, 90]
22:38:06  INFO      defenses.mkrum — MKrum selected 1 / 10 clients: [69]  |  rejected: [16, 20, 24, 49, 65, 83, 84, 88, 99]
22:38:40  INFO      defenses.mkrum — MKrum selected 1 / 10 clients: [69]  |  rejected: [3, 9, 10, 23, 24, 39, 71, 78, 95]
22:39:13  INFO      defenses.mkrum — MKrum selected 1 / 10 clients: [67]  |  rejected: [0, 12, 25, 33, 35, 58, 64, 82, 86]
22:39:49  INFO      defenses.mkrum — MKrum selected 1 / 10 clients: [67]  |  rejected: [0, 14, 24, 32, 34, 51, 74, 97, 98]
22:40:22  INFO      defenses.mkrum — MKrum selected 1 / 10 clients: [62]  |  rejected: [13, 20, 43, 46, 51, 76, 90, 92, 94]
22:41:05  INFO      defenses.mkrum — MKrum selected 1 / 10 clients: [62]  |  rejected: [4, 21, 24, 26, 31, 42, 93, 95, 97]
22:41:38  INFO      defenses.mkrum — MKrum selected 1 / 10 clients: [67]  |  rejected: [16, 21, 24, 41, 46, 59, 68, 78, 93]
22:42:10  INFO      defenses.mkrum — MKrum selected 1 / 10 clients: [95]  |  rejected: [41, 46, 55, 57, 65, 74, 88, 96, 97]
22:42:15  INFO      experiment.runner — Round  141/240  |  acc:  71.22%  loss: 1.2015  |  FPR: 90.0%  |  mF1: 70.9%
22:42:49  INFO      defenses.mkrum — MKrum selected 1 / 10 clients: [62]  |  rejected: [9, 14, 19, 32, 33, 34, 58, 84, 90]
22:43:23  INFO      defenses.mkrum — MKrum selected 1 / 10 clients: [62]  |  rejected: [10, 34, 56, 58, 64, 76, 83, 89, 95]
22:43:59  INFO      defenses.mkrum — MKrum selected 1 / 10 clients: [69]  |  rejected: [1, 12, 20, 38, 47, 49, 77, 78, 95]
22:44:32  INFO      defenses.mkrum — MKrum selected 1 / 10 clients: [61]  |  rejected: [4, 22, 28, 31, 40, 49, 65, 80, 86]
22:45:11  INFO      defenses.mkrum — MKrum selected 1 / 10 clients: [58]  |  rejected: [21, 24, 38, 49, 51, 60, 68, 85, 91]
22:45:45  INFO      defenses.mkrum — MKrum selected 1 / 10 clients: [86]  |  rejected: [4, 26, 34, 42, 55, 73, 82, 89, 94]
22:46:20  INFO      defenses.mkrum — MKrum selected 1 / 10 clients: [67]  |  rejected: [4, 7, 24, 32, 42, 63, 70, 95, 99]
22:46:56  INFO      defenses.mkrum — MKrum selected 1 / 10 clients: [7]  |  rejected: [6, 16, 47, 51, 90, 93, 97, 98, 99]
22:47:27  INFO      defenses.mkrum — MKrum selected 1 / 10 clients: [44]  |  rejected: [3, 31, 46, 47, 49, 50, 53, 56, 73]
22:48:04  INFO      defenses.mkrum — MKrum selected 1 / 10 clients: [17]  |  rejected: [16, 21, 32, 52, 60, 91, 93, 94, 98]
22:48:08  INFO      experiment.runner — Round  151/240  |  acc:  73.67%  loss: 1.0655  |  FPR: 90.0%  |  mF1: 73.6%
22:48:41  INFO      defenses.mkrum — MKrum selected 1 / 10 clients: [67]  |  rejected: [13, 18, 23, 38, 46, 47, 56, 72, 98]
22:49:18  INFO      defenses.mkrum — MKrum selected 1 / 10 clients: [79]  |  rejected: [8, 19, 63, 65, 71, 84, 85, 90, 98]
22:49:53  INFO      defenses.mkrum — MKrum selected 1 / 10 clients: [79]  |  rejected: [0, 4, 25, 35, 55, 87, 91, 95, 98]
22:50:26  INFO      defenses.mkrum — MKrum selected 1 / 10 clients: [17]  |  rejected: [3, 13, 21, 34, 35, 52, 57, 63, 71]
22:51:06  INFO      defenses.mkrum — MKrum selected 1 / 10 clients: [69]  |  rejected: [9, 21, 33, 41, 56, 81, 91, 94, 99]
22:51:40  INFO      defenses.mkrum — MKrum selected 1 / 10 clients: [7]  |  rejected: [2, 22, 32, 33, 43, 49, 54, 73, 78]
22:52:18  INFO      defenses.mkrum — MKrum selected 1 / 10 clients: [72]  |  rejected: [12, 13, 30, 33, 35, 52, 63, 73, 76]
22:52:54  INFO      defenses.mkrum — MKrum selected 1 / 10 clients: [73]  |  rejected: [15, 49, 55, 57, 59, 66, 80, 93, 99]
22:53:27  INFO      defenses.mkrum — MKrum selected 1 / 10 clients: [86]  |  rejected: [9, 20, 22, 35, 36, 44, 60, 65, 80]
22:54:05  INFO      defenses.mkrum — MKrum selected 1 / 10 clients: [67]  |  rejected: [24, 37, 56, 66, 76, 83, 87, 89, 93]
22:54:08  INFO      experiment.runner — Round  161/240  |  acc:  77.09%  loss: 0.8945  |  FPR: 90.0%  |  mF1: 77.2%
22:54:40  INFO      defenses.mkrum — MKrum selected 1 / 10 clients: [67]  |  rejected: [33, 42, 49, 59, 68, 85, 88, 90, 96]
22:55:18  INFO      defenses.mkrum — MKrum selected 1 / 10 clients: [79]  |  rejected: [7, 18, 28, 29, 41, 44, 47, 59, 70]
22:55:52  INFO      defenses.mkrum — MKrum selected 1 / 10 clients: [9]  |  rejected: [33, 36, 47, 53, 57, 64, 76, 78, 83]
22:56:29  INFO      defenses.mkrum — MKrum selected 1 / 10 clients: [17]  |  rejected: [21, 28, 36, 40, 49, 51, 75, 91, 95]
22:57:03  INFO      defenses.mkrum — MKrum selected 1 / 10 clients: [61]  |  rejected: [12, 20, 25, 27, 32, 56, 63, 75, 82]
22:57:38  INFO      defenses.mkrum — MKrum selected 1 / 10 clients: [40]  |  rejected: [2, 8, 19, 32, 42, 46, 50, 77, 95]
22:58:14  INFO      defenses.mkrum — MKrum selected 1 / 10 clients: [17]  |  rejected: [7, 10, 20, 44, 47, 59, 65, 76, 92]
22:58:47  INFO      defenses.mkrum — MKrum selected 1 / 10 clients: [95]  |  rejected: [11, 13, 45, 46, 56, 59, 65, 71, 85]
22:59:24  INFO      defenses.mkrum — MKrum selected 1 / 10 clients: [95]  |  rejected: [16, 23, 40, 52, 62, 64, 77, 83, 88]
22:59:57  INFO      defenses.mkrum — MKrum selected 1 / 10 clients: [69]  |  rejected: [16, 21, 22, 38, 59, 73, 80, 83, 90]
23:00:00  INFO      experiment.runner — Round  171/240  |  acc:  76.68%  loss: 0.9478  |  FPR: 90.0%  |  mF1: 76.6%
23:00:36  INFO      defenses.mkrum — MKrum selected 1 / 10 clients: [69]  |  rejected: [3, 16, 24, 28, 39, 52, 56, 81, 92]
23:01:11  INFO      defenses.mkrum — MKrum selected 1 / 10 clients: [69]  |  rejected: [19, 20, 29, 30, 40, 42, 64, 76, 84]
23:01:44  INFO      defenses.mkrum — MKrum selected 1 / 10 clients: [44]  |  rejected: [5, 12, 21, 38, 54, 56, 65, 88, 94]
23:02:20  INFO      defenses.mkrum — MKrum selected 1 / 10 clients: [67]  |  rejected: [8, 12, 21, 26, 36, 78, 80, 93, 94]
23:02:54  INFO      defenses.mkrum — MKrum selected 1 / 10 clients: [17]  |  rejected: [3, 9, 11, 22, 33, 40, 73, 78, 87]
23:03:33  INFO      defenses.mkrum — MKrum selected 1 / 10 clients: [87]  |  rejected: [6, 19, 21, 34, 40, 43, 59, 60, 82]
23:04:05  INFO      defenses.mkrum — MKrum selected 1 / 10 clients: [14]  |  rejected: [32, 37, 39, 40, 64, 76, 83, 84, 94]
23:04:38  INFO      defenses.mkrum — MKrum selected 1 / 10 clients: [67]  |  rejected: [0, 7, 8, 33, 46, 56, 66, 68, 85]
23:05:16  INFO      defenses.mkrum — MKrum selected 1 / 10 clients: [7]  |  rejected: [33, 56, 68, 71, 76, 82, 90, 93, 99]
23:05:48  INFO      defenses.mkrum — MKrum selected 1 / 10 clients: [61]  |  rejected: [8, 53, 59, 60, 62, 64, 71, 85, 95]
23:05:52  INFO      experiment.runner — Round  181/240  |  acc:  77.44%  loss: 0.9896  |  FPR: 90.0%  |  mF1: 77.4%
23:06:29  INFO      defenses.mkrum — MKrum selected 1 / 10 clients: [86]  |  rejected: [5, 21, 27, 41, 50, 66, 72, 74, 84]
23:07:01  INFO      defenses.mkrum — MKrum selected 1 / 10 clients: [62]  |  rejected: [4, 18, 34, 36, 45, 53, 74, 77, 91]
23:07:33  INFO      defenses.mkrum — MKrum selected 1 / 10 clients: [68]  |  rejected: [13, 27, 31, 33, 47, 53, 74, 90, 93]
23:08:13  INFO      defenses.mkrum — MKrum selected 1 / 10 clients: [95]  |  rejected: [14, 15, 23, 57, 74, 84, 85, 91, 92]
23:08:46  INFO      defenses.mkrum — MKrum selected 1 / 10 clients: [61]  |  rejected: [9, 12, 18, 29, 51, 72, 86, 92, 93]
23:09:23  INFO      defenses.mkrum — MKrum selected 1 / 10 clients: [95]  |  rejected: [8, 16, 21, 29, 34, 71, 72, 90, 96]
23:09:56  INFO      defenses.mkrum — MKrum selected 1 / 10 clients: [72]  |  rejected: [10, 11, 27, 33, 38, 50, 54, 58, 91]
23:10:30  INFO      defenses.mkrum — MKrum selected 1 / 10 clients: [9]  |  rejected: [27, 36, 49, 50, 56, 58, 66, 80, 96]
23:11:06  INFO      defenses.mkrum — MKrum selected 1 / 10 clients: [61]  |  rejected: [24, 34, 35, 38, 45, 62, 65, 89, 95]
23:11:39  INFO      defenses.mkrum — MKrum selected 1 / 10 clients: [62]  |  rejected: [18, 24, 28, 41, 47, 55, 63, 70, 93]
23:11:43  INFO      experiment.runner — Round  191/240  |  acc:  77.07%  loss: 0.9801  |  FPR: 90.0%  |  mF1: 77.0%
23:12:18  INFO      defenses.mkrum — MKrum selected 1 / 10 clients: [67]  |  rejected: [3, 19, 28, 30, 33, 60, 70, 76, 81]
23:12:50  INFO      defenses.mkrum — MKrum selected 1 / 10 clients: [67]  |  rejected: [7, 44, 50, 59, 66, 79, 80, 84, 99]
23:13:28  INFO      defenses.mkrum — MKrum selected 1 / 10 clients: [79]  |  rejected: [3, 8, 19, 24, 29, 39, 74, 91, 97]
23:14:02  INFO      defenses.mkrum — MKrum selected 1 / 10 clients: [14]  |  rejected: [4, 16, 20, 21, 25, 37, 54, 60, 99]
23:14:38  INFO      defenses.mkrum — MKrum selected 1 / 10 clients: [44]  |  rejected: [18, 26, 34, 48, 65, 73, 83, 91, 96]
23:15:15  INFO      defenses.mkrum — MKrum selected 1 / 10 clients: [17]  |  rejected: [2, 15, 20, 27, 38, 42, 48, 50, 54]
23:15:50  INFO      defenses.mkrum — MKrum selected 1 / 10 clients: [12]  |  rejected: [13, 23, 24, 30, 33, 34, 50, 92, 96]
23:16:28  INFO      defenses.mkrum — MKrum selected 1 / 10 clients: [95]  |  rejected: [3, 8, 32, 40, 65, 72, 76, 81, 93]
23:17:03  INFO      defenses.mkrum — MKrum selected 1 / 10 clients: [81]  |  rejected: [28, 36, 46, 50, 58, 65, 92, 93, 97]
23:17:42  INFO      defenses.mkrum — MKrum selected 1 / 10 clients: [62]  |  rejected: [8, 37, 43, 51, 55, 76, 86, 87, 94]
23:17:47  INFO      experiment.runner — Round  201/240  |  acc:  76.88%  loss: 1.0074  |  FPR: 90.0%  |  mF1: 77.0%
23:18:23  INFO      defenses.mkrum — MKrum selected 1 / 10 clients: [81]  |  rejected: [2, 3, 16, 45, 63, 68, 80, 85, 99]
23:19:00  INFO      defenses.mkrum — MKrum selected 1 / 10 clients: [69]  |  rejected: [16, 26, 28, 37, 41, 46, 53, 61, 77]
23:19:38  INFO      defenses.mkrum — MKrum selected 1 / 10 clients: [44]  |  rejected: [9, 18, 25, 29, 31, 34, 49, 71, 92]
23:20:12  INFO      defenses.mkrum — MKrum selected 1 / 10 clients: [17]  |  rejected: [12, 13, 23, 34, 53, 61, 77, 83, 94]
23:20:48  INFO      defenses.mkrum — MKrum selected 1 / 10 clients: [14]  |  rejected: [1, 10, 12, 13, 16, 54, 64, 84, 93]
23:21:20  INFO      defenses.mkrum — MKrum selected 1 / 10 clients: [12]  |  rejected: [16, 20, 26, 38, 47, 55, 85, 88, 91]
23:21:57  INFO      defenses.mkrum — MKrum selected 1 / 10 clients: [62]  |  rejected: [3, 22, 28, 36, 52, 58, 63, 72, 74]
23:22:32  INFO      defenses.mkrum — MKrum selected 1 / 10 clients: [67]  |  rejected: [1, 28, 32, 49, 60, 76, 80, 88, 93]
23:23:04  INFO      defenses.mkrum — MKrum selected 1 / 10 clients: [62]  |  rejected: [7, 8, 14, 22, 34, 72, 77, 91, 96]
23:23:43  INFO      defenses.mkrum — MKrum selected 1 / 10 clients: [67]  |  rejected: [20, 30, 43, 54, 65, 68, 73, 96, 97]
23:23:47  INFO      experiment.runner — Round  211/240  |  acc:  79.22%  loss: 0.9332  |  FPR: 90.0%  |  mF1: 79.2%
23:24:19  INFO      defenses.mkrum — MKrum selected 1 / 10 clients: [67]  |  rejected: [12, 18, 37, 52, 56, 60, 81, 85, 86]
23:24:55  INFO      defenses.mkrum — MKrum selected 1 / 10 clients: [62]  |  rejected: [16, 17, 23, 41, 56, 85, 87, 89, 98]
23:25:28  INFO      defenses.mkrum — MKrum selected 1 / 10 clients: [12]  |  rejected: [7, 27, 28, 32, 35, 48, 50, 95, 96]
23:26:03  INFO      defenses.mkrum — MKrum selected 1 / 10 clients: [81]  |  rejected: [0, 7, 43, 47, 56, 60, 63, 84, 98]
23:26:40  INFO      defenses.mkrum — MKrum selected 1 / 10 clients: [87]  |  rejected: [19, 21, 22, 44, 53, 54, 72, 93, 96]
23:27:12  INFO      defenses.mkrum — MKrum selected 1 / 10 clients: [86]  |  rejected: [35, 37, 53, 63, 64, 65, 76, 78, 99]
23:27:49  INFO      defenses.mkrum — MKrum selected 1 / 10 clients: [95]  |  rejected: [12, 20, 21, 26, 50, 53, 80, 85, 97]
23:28:22  INFO      defenses.mkrum — MKrum selected 1 / 10 clients: [86]  |  rejected: [6, 19, 44, 46, 57, 58, 65, 74, 88]
23:29:02  INFO      defenses.mkrum — MKrum selected 1 / 10 clients: [86]  |  rejected: [1, 25, 46, 54, 67, 90, 95, 97, 98]
23:29:37  INFO      defenses.mkrum — MKrum selected 1 / 10 clients: [17]  |  rejected: [0, 12, 16, 18, 38, 48, 49, 67, 78]
23:29:40  INFO      experiment.runner — Round  221/240  |  acc:  77.50%  loss: 1.0384  |  FPR: 90.0%  |  mF1: 77.7%
23:30:13  INFO      defenses.mkrum — MKrum selected 1 / 10 clients: [61]  |  rejected: [6, 7, 37, 42, 63, 65, 75, 82, 91]
23:30:50  INFO      defenses.mkrum — MKrum selected 1 / 10 clients: [67]  |  rejected: [3, 15, 22, 25, 38, 55, 56, 71, 91]
23:31:22  INFO      defenses.mkrum — MKrum selected 1 / 10 clients: [61]  |  rejected: [8, 16, 27, 30, 32, 38, 40, 66, 74]
23:32:00  INFO      defenses.mkrum — MKrum selected 1 / 10 clients: [72]  |  rejected: [6, 27, 28, 37, 64, 71, 74, 76, 80]
23:32:33  INFO      defenses.mkrum — MKrum selected 1 / 10 clients: [87]  |  rejected: [4, 5, 22, 29, 31, 41, 73, 88, 96]
23:33:06  INFO      defenses.mkrum — MKrum selected 1 / 10 clients: [87]  |  rejected: [6, 16, 20, 36, 42, 43, 48, 74, 76]
23:33:43  INFO      defenses.mkrum — MKrum selected 1 / 10 clients: [62]  |  rejected: [2, 23, 33, 34, 47, 58, 63, 81, 89]
23:34:18  INFO      defenses.mkrum — MKrum selected 1 / 10 clients: [9]  |  rejected: [3, 22, 26, 29, 30, 43, 65, 78, 99]
23:34:55  INFO      defenses.mkrum — MKrum selected 1 / 10 clients: [5]  |  rejected: [10, 19, 37, 45, 58, 82, 90, 92, 99]
23:35:29  INFO      defenses.mkrum — MKrum selected 1 / 10 clients: [69]  |  rejected: [4, 17, 23, 24, 55, 62, 75, 81, 94]
23:35:33  INFO      experiment.runner — Round  231/240  |  acc:  76.86%  loss: 1.0210  |  FPR: 90.0%  |  mF1: 76.7%
23:36:09  INFO      defenses.mkrum — MKrum selected 1 / 10 clients: [86]  |  rejected: [7, 16, 32, 40, 41, 80, 83, 84, 97]
23:36:45  INFO      defenses.mkrum — MKrum selected 1 / 10 clients: [14]  |  rejected: [1, 21, 26, 40, 51, 68, 91, 98, 99]
23:37:18  INFO      defenses.mkrum — MKrum selected 1 / 10 clients: [61]  |  rejected: [1, 5, 8, 24, 40, 51, 73, 78, 97]
23:37:54  INFO      defenses.mkrum — MKrum selected 1 / 10 clients: [81]  |  rejected: [3, 7, 35, 48, 52, 55, 63, 64, 93]
23:38:26  INFO      defenses.mkrum — MKrum selected 1 / 10 clients: [9]  |  rejected: [16, 24, 37, 48, 55, 63, 66, 82, 97]
23:39:05  INFO      defenses.mkrum — MKrum selected 1 / 10 clients: [67]  |  rejected: [18, 25, 31, 35, 55, 57, 59, 77, 88]
23:39:40  INFO      defenses.mkrum — MKrum selected 1 / 10 clients: [86]  |  rejected: [8, 10, 12, 16, 23, 46, 59, 66, 99]
23:40:12  INFO      defenses.mkrum — MKrum selected 1 / 10 clients: [95]  |  rejected: [22, 33, 37, 40, 46, 47, 66, 80, 84]
23:40:49  INFO      defenses.mkrum — MKrum selected 1 / 10 clients: [86]  |  rejected: [2, 10, 27, 32, 37, 64, 72, 73, 74]
23:40:52  INFO      experiment.runner — Round  240/240  |  acc:  79.42%  loss: 0.9230  |  FPR: 90.0%  |  mF1: 79.4%
23:40:53  INFO      experiment.runner — Final model saved to results/benchmark/cifar10_none_krum_seed4/final_model.pt
23:40:53  INFO      experiment.runner — Client atypicality written to results/benchmark/cifar10_none_krum_seed4/client_atypicality.json
23:40:53  INFO      experiment.runner — Client inclusion rates written to results/benchmark/cifar10_none_krum_seed4/client_inclusion.csv
23:40:53  INFO      experiment.runner — Anomaly scores written to results/benchmark/cifar10_none_krum_seed4/anomaly_scores.csv (2400 rows)
23:40:53  INFO      benchmark — ✓  cifar10_none_krum_seed4  (142.8 min)
23:40:53  INFO      benchmark — ▶  cifar10_none_krum_seed5
23:40:53  INFO      experiment.runner — Initialising 'cifar10_none_krum_seed5' | device=cuda | rounds=240 | clients=10/100 | attack=none | defense=mkrum
23:40:57  INFO      defenses.mkrum — MKrumServer initialised — f=1 Byzantine, selecting m=1 updates.
23:41:08  INFO      experiment.utils — Built 100 clients — 0 malicious, 100 benign.
23:41:08  INFO      experiment.runner — Setup complete — 100 clients (0 malicious) | backdoor eval: none

==============================================================
  Summary — 25 rounds evaluated
==============================================================
  Final clean accuracy               79.42%
  Best  clean accuracy               79.42%
  Final clean loss                   0.9230
  Macro F1                           79.41%
  Pooled FPR (all rounds)            90.00%
==============================================================

Files already downloaded and verified
Files already downloaded and verified
Files already downloaded and verified
Files already downloaded and verified
23:41:40  INFO      defenses.mkrum — MKrum selected 1 / 10 clients: [83]  |  rejected: [3, 32, 45, 59, 67, 79, 88, 94, 99]
23:41:45  INFO      experiment.runner — Round    1/240  |  acc:  18.50%  loss: 5.2546  |  FPR: 90.0%  |  mF1: 13.4%
23:42:19  INFO      defenses.mkrum — MKrum selected 1 / 10 clients: [83]  |  rejected: [6, 13, 14, 20, 31, 47, 48, 60, 69]
23:42:51  INFO      defenses.mkrum — MKrum selected 1 / 10 clients: [98]  |  rejected: [1, 23, 27, 31, 35, 49, 52, 73, 93]
23:43:27  INFO      defenses.mkrum — MKrum selected 1 / 10 clients: [56]  |  rejected: [0, 9, 16, 17, 20, 26, 79, 97, 99]
23:43:59  INFO      defenses.mkrum — MKrum selected 1 / 10 clients: [25]  |  rejected: [21, 23, 26, 27, 37, 40, 69, 80, 86]
23:44:37  INFO      defenses.mkrum — MKrum selected 1 / 10 clients: [25]  |  rejected: [2, 18, 21, 33, 38, 46, 49, 53, 88]
23:45:14  INFO      defenses.mkrum — MKrum selected 1 / 10 clients: [76]  |  rejected: [0, 8, 38, 42, 43, 75, 77, 86, 90]
23:45:47  INFO      defenses.mkrum — MKrum selected 1 / 10 clients: [40]  |  rejected: [8, 22, 23, 39, 45, 60, 61, 89, 90]
23:46:23  INFO      defenses.mkrum — MKrum selected 1 / 10 clients: [45]  |  rejected: [2, 7, 32, 46, 48, 51, 53, 70, 95]
23:46:55  INFO      defenses.mkrum — MKrum selected 1 / 10 clients: [1]  |  rejected: [5, 15, 23, 25, 57, 74, 79, 90, 96]
23:47:32  INFO      defenses.mkrum — MKrum selected 1 / 10 clients: [45]  |  rejected: [13, 31, 32, 44, 59, 65, 67, 75, 99]
23:47:37  INFO      experiment.runner — Round   11/240  |  acc:  43.80%  loss: 1.8652  |  FPR: 90.0%  |  mF1: 41.6%
23:48:09  INFO      defenses.mkrum — MKrum selected 1 / 10 clients: [55]  |  rejected: [4, 11, 26, 37, 43, 47, 65, 95, 99]
23:48:41  INFO      defenses.mkrum — MKrum selected 1 / 10 clients: [11]  |  rejected: [18, 35, 39, 43, 46, 69, 78, 87, 89]
23:49:17  INFO      defenses.mkrum — MKrum selected 1 / 10 clients: [20]  |  rejected: [10, 19, 22, 39, 40, 61, 80, 88, 92]
23:49:52  INFO      defenses.mkrum — MKrum selected 1 / 10 clients: [30]  |  rejected: [4, 6, 10, 44, 51, 68, 76, 92, 94]
23:50:31  INFO      defenses.mkrum — MKrum selected 1 / 10 clients: [63]  |  rejected: [4, 7, 18, 32, 42, 53, 58, 81, 83]
23:51:05  INFO      defenses.mkrum — MKrum selected 1 / 10 clients: [80]  |  rejected: [13, 16, 21, 26, 47, 52, 55, 72, 93]
23:51:40  INFO      defenses.mkrum — MKrum selected 1 / 10 clients: [21]  |  rejected: [7, 18, 19, 37, 53, 58, 62, 66, 79]
23:52:16  INFO      defenses.mkrum — MKrum selected 1 / 10 clients: [51]  |  rejected: [14, 18, 35, 37, 40, 60, 61, 88, 93]
23:52:48  INFO      defenses.mkrum — MKrum selected 1 / 10 clients: [80]  |  rejected: [11, 22, 23, 34, 43, 48, 62, 63, 68]
23:53:25  INFO      defenses.mkrum — MKrum selected 1 / 10 clients: [88]  |  rejected: [8, 45, 46, 64, 65, 70, 75, 84, 99]
23:53:29  INFO      experiment.runner — Round   21/240  |  acc:  57.37%  loss: 1.3387  |  FPR: 90.0%  |  mF1: 56.8%
23:54:03  INFO      defenses.mkrum — MKrum selected 1 / 10 clients: [33]  |  rejected: [4, 35, 39, 46, 62, 71, 85, 90, 97]
23:54:40  INFO      defenses.mkrum — MKrum selected 1 / 10 clients: [88]  |  rejected: [1, 22, 37, 43, 60, 74, 83, 91, 98]
23:55:20  INFO      defenses.mkrum — MKrum selected 1 / 10 clients: [70]  |  rejected: [32, 35, 36, 41, 59, 64, 82, 85, 99]
23:56:01  INFO      defenses.mkrum — MKrum selected 1 / 10 clients: [88]  |  rejected: [22, 35, 44, 45, 52, 57, 82, 86, 94]
23:56:35  INFO      defenses.mkrum — MKrum selected 1 / 10 clients: [88]  |  rejected: [18, 21, 25, 36, 42, 46, 61, 66, 67]
23:57:11  INFO      defenses.mkrum — MKrum selected 1 / 10 clients: [21]  |  rejected: [10, 53, 66, 74, 78, 85, 92, 93, 99]
23:57:49  INFO      defenses.mkrum — MKrum selected 1 / 10 clients: [53]  |  rejected: [3, 34, 38, 70, 79, 81, 85, 92, 99]
23:58:23  INFO      defenses.mkrum — MKrum selected 1 / 10 clients: [20]  |  rejected: [23, 25, 28, 56, 75, 79, 83, 87, 97]
23:59:02  INFO      defenses.mkrum — MKrum selected 1 / 10 clients: [21]  |  rejected: [5, 6, 14, 17, 23, 28, 60, 80, 91]
23:59:36  INFO      defenses.mkrum — MKrum selected 1 / 10 clients: [53]  |  rejected: [4, 23, 24, 40, 44, 48, 59, 61, 70]
23:59:40  INFO      experiment.runner — Round   31/240  |  acc:  57.52%  loss: 1.5039  |  FPR: 90.0%  |  mF1: 55.8%
00:00:17  INFO      defenses.mkrum — MKrum selected 1 / 10 clients: [30]  |  rejected: [0, 9, 26, 44, 47, 75, 78, 84, 91]
00:00:53  INFO      defenses.mkrum — MKrum selected 1 / 10 clients: [88]  |  rejected: [4, 14, 35, 38, 47, 51, 52, 70, 78]
00:01:33  INFO      defenses.mkrum — MKrum selected 1 / 10 clients: [53]  |  rejected: [12, 16, 37, 43, 45, 52, 65, 69, 74]
00:02:07  INFO      defenses.mkrum — MKrum selected 1 / 10 clients: [20]  |  rejected: [18, 47, 48, 59, 61, 68, 72, 76, 82]
00:02:41  INFO      defenses.mkrum — MKrum selected 1 / 10 clients: [11]  |  rejected: [0, 13, 17, 25, 41, 44, 48, 77, 84]
00:03:20  INFO      defenses.mkrum — MKrum selected 1 / 10 clients: [80]  |  rejected: [18, 28, 41, 48, 54, 55, 69, 72, 78]
00:03:54  INFO      defenses.mkrum — MKrum selected 1 / 10 clients: [20]  |  rejected: [33, 37, 48, 49, 61, 63, 76, 90, 94]
00:04:32  INFO      defenses.mkrum — MKrum selected 1 / 10 clients: [53]  |  rejected: [2, 18, 32, 36, 38, 39, 40, 62, 63]
00:05:07  INFO      defenses.mkrum — MKrum selected 1 / 10 clients: [56]  |  rejected: [3, 5, 15, 17, 31, 37, 61, 79, 84]
00:05:47  INFO      defenses.mkrum — MKrum selected 1 / 10 clients: [50]  |  rejected: [1, 4, 31, 35, 60, 61, 62, 68, 71]
00:05:53  INFO      experiment.runner — Round   41/240  |  acc:  62.15%  loss: 1.2660  |  FPR: 90.0%  |  mF1: 61.9%
00:06:26  INFO      defenses.mkrum — MKrum selected 1 / 10 clients: [36]  |  rejected: [19, 34, 37, 60, 63, 66, 77, 82, 92]
00:07:07  INFO      defenses.mkrum — MKrum selected 1 / 10 clients: [36]  |  rejected: [2, 15, 16, 38, 68, 77, 90, 95, 97]
00:07:41  INFO      defenses.mkrum — MKrum selected 1 / 10 clients: [87]  |  rejected: [3, 37, 43, 44, 46, 59, 67, 78, 93]
00:08:19  INFO      defenses.mkrum — MKrum selected 1 / 10 clients: [87]  |  rejected: [0, 4, 13, 16, 32, 58, 70, 75, 95]
00:08:58  INFO      defenses.mkrum — MKrum selected 1 / 10 clients: [87]  |  rejected: [1, 24, 54, 69, 73, 76, 88, 90, 99]
00:09:32  INFO      defenses.mkrum — MKrum selected 1 / 10 clients: [87]  |  rejected: [25, 37, 49, 50, 60, 61, 80, 83, 92]
00:10:10  INFO      defenses.mkrum — MKrum selected 1 / 10 clients: [36]  |  rejected: [0, 8, 38, 55, 59, 74, 88, 97, 99]
00:10:46  INFO      defenses.mkrum — MKrum selected 1 / 10 clients: [88]  |  rejected: [18, 21, 39, 60, 61, 63, 70, 82, 99]
00:11:27  INFO      defenses.mkrum — MKrum selected 1 / 10 clients: [93]  |  rejected: [6, 8, 19, 29, 42, 54, 68, 69, 74]
00:12:06  INFO      defenses.mkrum — MKrum selected 1 / 10 clients: [34]  |  rejected: [3, 8, 10, 42, 51, 54, 84, 89, 92]
00:12:11  INFO      experiment.runner — Round   51/240  |  acc:  64.77%  loss: 1.2053  |  FPR: 90.0%  |  mF1: 65.1%
00:12:51  INFO      defenses.mkrum — MKrum selected 1 / 10 clients: [82]  |  rejected: [6, 14, 15, 17, 28, 37, 62, 78, 91]
00:13:26  INFO      defenses.mkrum — MKrum selected 1 / 10 clients: [56]  |  rejected: [8, 19, 20, 23, 27, 52, 78, 79, 90]
00:14:05  INFO      defenses.mkrum — MKrum selected 1 / 10 clients: [13]  |  rejected: [5, 7, 9, 35, 48, 71, 73, 84, 95]
00:14:39  INFO      defenses.mkrum — MKrum selected 1 / 10 clients: [15]  |  rejected: [1, 11, 17, 40, 51, 55, 73, 79, 95]
00:15:19  INFO      defenses.mkrum — MKrum selected 1 / 10 clients: [62]  |  rejected: [7, 17, 37, 45, 47, 76, 83, 87, 89]
00:15:56  INFO      defenses.mkrum — MKrum selected 1 / 10 clients: [71]  |  rejected: [19, 28, 37, 64, 70, 72, 79, 80, 86]
00:16:30  INFO      defenses.mkrum — MKrum selected 1 / 10 clients: [96]  |  rejected: [8, 17, 30, 32, 33, 36, 47, 66, 70]
00:17:12  INFO      defenses.mkrum — MKrum selected 1 / 10 clients: [58]  |  rejected: [2, 10, 16, 22, 43, 49, 83, 91, 94]
00:17:46  INFO      defenses.mkrum — MKrum selected 1 / 10 clients: [58]  |  rejected: [4, 11, 15, 30, 49, 64, 73, 76, 85]
00:18:25  INFO      defenses.mkrum — MKrum selected 1 / 10 clients: [13]  |  rejected: [3, 6, 41, 49, 59, 61, 67, 69, 92]
00:18:29  INFO      experiment.runner — Round   61/240  |  acc:  68.48%  loss: 1.1001  |  FPR: 90.0%  |  mF1: 68.4%
00:19:02  INFO      defenses.mkrum — MKrum selected 1 / 10 clients: [62]  |  rejected: [10, 14, 19, 27, 28, 54, 85, 87, 95]
00:19:41  INFO      defenses.mkrum — MKrum selected 1 / 10 clients: [30]  |  rejected: [17, 37, 42, 45, 48, 78, 79, 89, 90]
00:20:15  INFO      defenses.mkrum — MKrum selected 1 / 10 clients: [55]  |  rejected: [17, 37, 44, 45, 48, 49, 80, 82, 92]
00:20:54  INFO      defenses.mkrum — MKrum selected 1 / 10 clients: [23]  |  rejected: [4, 8, 27, 46, 50, 66, 73, 75, 94]
00:21:32  INFO      defenses.mkrum — MKrum selected 1 / 10 clients: [23]  |  rejected: [4, 5, 12, 25, 44, 61, 62, 84, 97]
00:22:11  INFO      defenses.mkrum — MKrum selected 1 / 10 clients: [12]  |  rejected: [0, 19, 24, 38, 41, 54, 59, 60, 79]
00:22:53  INFO      defenses.mkrum — MKrum selected 1 / 10 clients: [20]  |  rejected: [9, 14, 19, 32, 47, 49, 60, 70, 83]
00:23:27  INFO      defenses.mkrum — MKrum selected 1 / 10 clients: [20]  |  rejected: [4, 30, 35, 36, 44, 47, 61, 86, 96]
00:24:06  INFO      defenses.mkrum — MKrum selected 1 / 10 clients: [88]  |  rejected: [2, 7, 15, 19, 40, 58, 60, 85, 86]
00:24:41  INFO      defenses.mkrum — MKrum selected 1 / 10 clients: [20]  |  rejected: [4, 25, 30, 37, 41, 58, 86, 91, 93]
00:24:45  INFO      experiment.runner — Round   71/240  |  acc:  68.75%  loss: 1.2355  |  FPR: 90.0%  |  mF1: 68.7%
00:25:23  INFO      defenses.mkrum — MKrum selected 1 / 10 clients: [29]  |  rejected: [3, 10, 46, 51, 73, 79, 84, 87, 90]
00:25:58  INFO      defenses.mkrum — MKrum selected 1 / 10 clients: [20]  |  rejected: [8, 23, 36, 39, 46, 59, 91, 93, 99]
00:26:37  INFO      defenses.mkrum — MKrum selected 1 / 10 clients: [30]  |  rejected: [5, 22, 26, 34, 55, 77, 82, 86, 92]
00:27:14  INFO      defenses.mkrum — MKrum selected 1 / 10 clients: [7]  |  rejected: [0, 4, 5, 21, 52, 57, 59, 87, 99]
00:27:52  INFO      defenses.mkrum — MKrum selected 1 / 10 clients: [30]  |  rejected: [9, 11, 12, 44, 62, 66, 70, 72, 91]
00:28:30  INFO      defenses.mkrum — MKrum selected 1 / 10 clients: [7]  |  rejected: [6, 31, 32, 50, 52, 60, 63, 82, 87]
00:29:05  INFO      defenses.mkrum — MKrum selected 1 / 10 clients: [65]  |  rejected: [4, 6, 22, 24, 39, 51, 57, 81, 89]
00:29:45  INFO      defenses.mkrum — MKrum selected 1 / 10 clients: [20]  |  rejected: [10, 11, 13, 24, 29, 40, 68, 69, 76]
00:30:19  INFO      defenses.mkrum — MKrum selected 1 / 10 clients: [54]  |  rejected: [2, 9, 27, 45, 56, 62, 69, 79, 93]
00:30:56  INFO      defenses.mkrum — MKrum selected 1 / 10 clients: [96]  |  rejected: [1, 16, 39, 48, 66, 73, 80, 92, 98]
00:31:02  INFO      experiment.runner — Round   81/240  |  acc:  72.86%  loss: 0.9367  |  FPR: 90.0%  |  mF1: 72.8%
00:31:37  INFO      defenses.mkrum — MKrum selected 1 / 10 clients: [88]  |  rejected: [11, 14, 17, 28, 39, 57, 61, 70, 99]
00:32:14  INFO      defenses.mkrum — MKrum selected 1 / 10 clients: [33]  |  rejected: [10, 16, 31, 40, 51, 60, 68, 89, 98]
00:32:58  INFO      defenses.mkrum — MKrum selected 1 / 10 clients: [54]  |  rejected: [6, 7, 10, 31, 35, 63, 73, 85, 89]
00:33:32  INFO      defenses.mkrum — MKrum selected 1 / 10 clients: [36]  |  rejected: [9, 12, 25, 40, 47, 48, 53, 90, 98]
00:34:14  INFO      defenses.mkrum — MKrum selected 1 / 10 clients: [36]  |  rejected: [0, 3, 16, 71, 73, 83, 96, 97, 98]
00:34:48  INFO      defenses.mkrum — MKrum selected 1 / 10 clients: [88]  |  rejected: [2, 6, 18, 34, 54, 56, 83, 89, 93]
00:35:27  INFO      defenses.mkrum — MKrum selected 1 / 10 clients: [33]  |  rejected: [8, 13, 16, 17, 21, 39, 41, 48, 71]
00:36:01  INFO      defenses.mkrum — MKrum selected 1 / 10 clients: [36]  |  rejected: [4, 8, 41, 63, 69, 71, 86, 94, 97]
00:36:40  INFO      defenses.mkrum — MKrum selected 1 / 10 clients: [33]  |  rejected: [2, 3, 6, 15, 16, 29, 45, 55, 78]
00:37:13  INFO      defenses.mkrum — MKrum selected 1 / 10 clients: [20]  |  rejected: [1, 16, 25, 42, 45, 46, 54, 67, 74]
00:37:17  INFO      experiment.runner — Round   91/240  |  acc:  72.36%  loss: 1.1874  |  FPR: 90.0%  |  mF1: 72.3%
00:38:00  INFO      defenses.mkrum — MKrum selected 1 / 10 clients: [20]  |  rejected: [12, 21, 34, 67, 77, 79, 80, 90, 93]
00:38:36  INFO      defenses.mkrum — MKrum selected 1 / 10 clients: [54]  |  rejected: [15, 18, 29, 40, 42, 55, 57, 59, 97]
00:39:17  INFO      defenses.mkrum — MKrum selected 1 / 10 clients: [20]  |  rejected: [6, 21, 55, 56, 60, 68, 76, 85, 98]
00:39:52  INFO      defenses.mkrum — MKrum selected 1 / 10 clients: [53]  |  rejected: [0, 4, 6, 13, 16, 26, 62, 76, 87]
00:40:31  INFO      defenses.mkrum — MKrum selected 1 / 10 clients: [30]  |  rejected: [25, 27, 35, 45, 50, 59, 61, 73, 90]
00:41:08  INFO      defenses.mkrum — MKrum selected 1 / 10 clients: [30]  |  rejected: [25, 31, 38, 45, 46, 66, 71, 96, 97]
00:41:42  INFO      defenses.mkrum — MKrum selected 1 / 10 clients: [30]  |  rejected: [7, 18, 44, 48, 51, 62, 63, 79, 84]
00:42:20  INFO      defenses.mkrum — MKrum selected 1 / 10 clients: [36]  |  rejected: [4, 12, 21, 25, 41, 50, 61, 91, 96]
00:43:00  INFO      defenses.mkrum — MKrum selected 1 / 10 clients: [88]  |  rejected: [1, 11, 13, 25, 48, 60, 68, 79, 87]
00:43:39  INFO      defenses.mkrum — MKrum selected 1 / 10 clients: [23]  |  rejected: [2, 3, 40, 49, 65, 75, 77, 79, 86]
00:43:43  INFO      experiment.runner — Round  101/240  |  acc:  69.41%  loss: 1.2247  |  FPR: 90.0%  |  mF1: 69.6%
00:44:16  INFO      defenses.mkrum — MKrum selected 1 / 10 clients: [88]  |  rejected: [39, 49, 51, 60, 64, 65, 69, 78, 90]
00:44:54  INFO      defenses.mkrum — MKrum selected 1 / 10 clients: [88]  |  rejected: [7, 18, 46, 53, 57, 68, 71, 74, 85]
00:45:27  INFO      defenses.mkrum — MKrum selected 1 / 10 clients: [36]  |  rejected: [2, 3, 9, 11, 26, 66, 75, 86, 98]
00:46:07  INFO      defenses.mkrum — MKrum selected 1 / 10 clients: [74]  |  rejected: [1, 35, 39, 45, 52, 78, 91, 97, 99]
00:46:41  INFO      defenses.mkrum — MKrum selected 1 / 10 clients: [88]  |  rejected: [4, 9, 11, 30, 38, 44, 85, 91, 96]
00:47:17  INFO      defenses.mkrum — MKrum selected 1 / 10 clients: [30]  |  rejected: [11, 15, 26, 61, 66, 71, 77, 78, 94]
00:47:53  INFO      defenses.mkrum — MKrum selected 1 / 10 clients: [96]  |  rejected: [0, 22, 43, 48, 49, 50, 54, 69, 85]
00:48:28  INFO      defenses.mkrum — MKrum selected 1 / 10 clients: [88]  |  rejected: [13, 26, 41, 49, 67, 70, 78, 83, 86]
00:49:05  INFO      defenses.mkrum — MKrum selected 1 / 10 clients: [88]  |  rejected: [12, 27, 31, 34, 37, 39, 47, 79, 91]
00:49:38  INFO      defenses.mkrum — MKrum selected 1 / 10 clients: [23]  |  rejected: [8, 9, 21, 28, 52, 72, 80, 83, 98]
00:49:42  INFO      experiment.runner — Round  111/240  |  acc:  72.64%  loss: 1.0798  |  FPR: 90.0%  |  mF1: 72.7%
00:50:18  INFO      defenses.mkrum — MKrum selected 1 / 10 clients: [54]  |  rejected: [29, 52, 53, 61, 69, 72, 80, 81, 93]
00:50:51  INFO      defenses.mkrum — MKrum selected 1 / 10 clients: [23]  |  rejected: [10, 31, 35, 38, 42, 53, 67, 76, 77]
00:51:30  INFO      defenses.mkrum — MKrum selected 1 / 10 clients: [23]  |  rejected: [3, 14, 19, 37, 53, 55, 71, 72, 77]
00:52:03  INFO      defenses.mkrum — MKrum selected 1 / 10 clients: [88]  |  rejected: [7, 9, 13, 24, 41, 42, 76, 82, 93]
00:52:37  INFO      defenses.mkrum — MKrum selected 1 / 10 clients: [29]  |  rejected: [9, 17, 24, 40, 49, 59, 62, 66, 82]
00:53:13  INFO      defenses.mkrum — MKrum selected 1 / 10 clients: [20]  |  rejected: [0, 11, 12, 14, 24, 61, 78, 86, 89]
00:53:48  INFO      defenses.mkrum — MKrum selected 1 / 10 clients: [13]  |  rejected: [19, 41, 42, 47, 56, 73, 78, 94, 97]
00:54:24  INFO      defenses.mkrum — MKrum selected 1 / 10 clients: [13]  |  rejected: [8, 23, 25, 46, 70, 74, 80, 91, 98]
00:54:57  INFO      defenses.mkrum — MKrum selected 1 / 10 clients: [58]  |  rejected: [10, 22, 26, 31, 41, 47, 87, 95, 97]
00:55:39  INFO      defenses.mkrum — MKrum selected 1 / 10 clients: [51]  |  rejected: [0, 15, 16, 47, 48, 59, 69, 76, 87]
00:55:42  INFO      experiment.runner — Round  121/240  |  acc:  73.96%  loss: 0.9177  |  FPR: 90.0%  |  mF1: 73.9%
00:56:14  INFO      defenses.mkrum — MKrum selected 1 / 10 clients: [62]  |  rejected: [0, 9, 43, 48, 63, 91, 92, 95, 97]
00:56:53  INFO      defenses.mkrum — MKrum selected 1 / 10 clients: [96]  |  rejected: [2, 14, 25, 37, 43, 45, 48, 61, 94]
00:57:28  INFO      defenses.mkrum — MKrum selected 1 / 10 clients: [11]  |  rejected: [14, 18, 37, 52, 63, 73, 82, 89, 98]
00:58:01  INFO      defenses.mkrum — MKrum selected 1 / 10 clients: [30]  |  rejected: [6, 8, 28, 34, 43, 53, 55, 66, 85]
00:58:38  INFO      defenses.mkrum — MKrum selected 1 / 10 clients: [23]  |  rejected: [9, 12, 18, 34, 55, 61, 69, 70, 92]
00:59:15  INFO      defenses.mkrum — MKrum selected 1 / 10 clients: [11]  |  rejected: [0, 10, 16, 18, 31, 45, 49, 57, 98]
00:59:51  INFO      defenses.mkrum — MKrum selected 1 / 10 clients: [58]  |  rejected: [2, 6, 10, 27, 32, 46, 49, 66, 71]
01:00:25  INFO      defenses.mkrum — MKrum selected 1 / 10 clients: [65]  |  rejected: [1, 10, 24, 35, 56, 60, 66, 76, 87]
01:01:04  INFO      defenses.mkrum — MKrum selected 1 / 10 clients: [20]  |  rejected: [2, 6, 50, 55, 64, 75, 84, 98, 99]
01:01:39  INFO      defenses.mkrum — MKrum selected 1 / 10 clients: [53]  |  rejected: [3, 4, 27, 75, 79, 81, 82, 92, 98]
01:01:43  INFO      experiment.runner — Round  131/240  |  acc:  73.74%  loss: 1.0276  |  FPR: 90.0%  |  mF1: 73.2%
01:02:18  INFO      defenses.mkrum — MKrum selected 1 / 10 clients: [96]  |  rejected: [1, 18, 21, 38, 43, 48, 52, 55, 99]
01:02:55  INFO      defenses.mkrum — MKrum selected 1 / 10 clients: [53]  |  rejected: [9, 17, 24, 27, 34, 47, 50, 54, 60]
01:03:28  INFO      defenses.mkrum — MKrum selected 1 / 10 clients: [36]  |  rejected: [0, 15, 21, 46, 58, 81, 85, 97, 98]
01:04:07  INFO      defenses.mkrum — MKrum selected 1 / 10 clients: [82]  |  rejected: [2, 4, 9, 19, 25, 48, 52, 87, 95]
01:04:41  INFO      defenses.mkrum — MKrum selected 1 / 10 clients: [30]  |  rejected: [9, 17, 40, 46, 58, 59, 63, 76, 79]
01:05:19  INFO      defenses.mkrum — MKrum selected 1 / 10 clients: [23]  |  rejected: [1, 3, 10, 16, 34, 47, 54, 83, 96]
01:05:52  INFO      defenses.mkrum — MKrum selected 1 / 10 clients: [36]  |  rejected: [11, 19, 27, 37, 42, 66, 71, 89, 99]
01:06:31  INFO      defenses.mkrum — MKrum selected 1 / 10 clients: [82]  |  rejected: [13, 14, 38, 47, 51, 56, 61, 70, 74]
01:07:08  INFO      defenses.mkrum — MKrum selected 1 / 10 clients: [30]  |  rejected: [1, 2, 17, 33, 49, 61, 69, 72, 93]
01:07:44  INFO      defenses.mkrum — MKrum selected 1 / 10 clients: [53]  |  rejected: [1, 7, 27, 29, 64, 85, 90, 91, 98]
01:07:50  INFO      experiment.runner — Round  141/240  |  acc:  74.69%  loss: 1.1197  |  FPR: 90.0%  |  mF1: 74.5%
01:08:26  INFO      defenses.mkrum — MKrum selected 1 / 10 clients: [30]  |  rejected: [4, 7, 39, 44, 49, 64, 78, 88, 99]
01:09:05  INFO      defenses.mkrum — MKrum selected 1 / 10 clients: [13]  |  rejected: [2, 15, 38, 47, 56, 57, 71, 72, 83]
01:09:47  INFO      defenses.mkrum — MKrum selected 1 / 10 clients: [74]  |  rejected: [21, 35, 38, 48, 49, 67, 75, 76, 91]
01:10:22  INFO      defenses.mkrum — MKrum selected 1 / 10 clients: [82]  |  rejected: [7, 9, 27, 49, 57, 67, 79, 87, 94]
01:11:00  INFO      defenses.mkrum — MKrum selected 1 / 10 clients: [58]  |  rejected: [8, 12, 17, 38, 44, 47, 52, 65, 70]
01:11:34  INFO      defenses.mkrum — MKrum selected 1 / 10 clients: [58]  |  rejected: [0, 5, 7, 11, 14, 26, 63, 72, 94]
01:12:14  INFO      defenses.mkrum — MKrum selected 1 / 10 clients: [33]  |  rejected: [3, 15, 18, 32, 35, 43, 47, 61, 94]
01:12:48  INFO      defenses.mkrum — MKrum selected 1 / 10 clients: [33]  |  rejected: [21, 22, 31, 32, 49, 56, 75, 80, 89]
01:13:25  INFO      defenses.mkrum — MKrum selected 1 / 10 clients: [58]  |  rejected: [1, 6, 15, 17, 45, 71, 72, 76, 94]
01:14:04  INFO      defenses.mkrum — MKrum selected 1 / 10 clients: [88]  |  rejected: [3, 5, 15, 52, 63, 75, 78, 83, 86]
01:14:08  INFO      experiment.runner — Round  151/240  |  acc:  75.87%  loss: 1.0629  |  FPR: 90.0%  |  mF1: 75.6%
01:14:42  INFO      defenses.mkrum — MKrum selected 1 / 10 clients: [68]  |  rejected: [14, 28, 52, 56, 67, 73, 78, 89, 92]
01:15:20  INFO      defenses.mkrum — MKrum selected 1 / 10 clients: [58]  |  rejected: [5, 8, 11, 38, 75, 87, 90, 91, 92]
01:15:55  INFO      defenses.mkrum — MKrum selected 1 / 10 clients: [82]  |  rejected: [8, 15, 34, 51, 67, 69, 83, 87, 92]
01:16:33  INFO      defenses.mkrum — MKrum selected 1 / 10 clients: [58]  |  rejected: [0, 33, 38, 39, 41, 66, 84, 96, 97]
01:17:11  INFO      defenses.mkrum — MKrum selected 1 / 10 clients: [33]  |  rejected: [19, 26, 27, 40, 48, 59, 63, 78, 83]
01:17:51  INFO      defenses.mkrum — MKrum selected 1 / 10 clients: [58]  |  rejected: [10, 11, 19, 45, 54, 56, 66, 79, 81]
01:18:25  INFO      defenses.mkrum — MKrum selected 1 / 10 clients: [62]  |  rejected: [17, 21, 22, 25, 50, 57, 64, 83, 87]
01:19:04  INFO      defenses.mkrum — MKrum selected 1 / 10 clients: [68]  |  rejected: [2, 18, 34, 44, 55, 63, 64, 72, 73]
01:19:40  INFO      defenses.mkrum — MKrum selected 1 / 10 clients: [53]  |  rejected: [21, 27, 30, 32, 37, 40, 70, 71, 84]
01:20:21  INFO      defenses.mkrum — MKrum selected 1 / 10 clients: [62]  |  rejected: [13, 25, 33, 45, 54, 66, 78, 80, 90]
01:20:26  INFO      experiment.runner — Round  161/240  |  acc:  74.71%  loss: 1.0722  |  FPR: 90.0%  |  mF1: 75.1%
01:21:00  INFO      defenses.mkrum — MKrum selected 1 / 10 clients: [36]  |  rejected: [11, 12, 13, 14, 43, 80, 82, 88, 98]
01:21:39  INFO      defenses.mkrum — MKrum selected 1 / 10 clients: [96]  |  rejected: [6, 22, 42, 49, 69, 74, 81, 92, 99]
01:22:16  INFO      defenses.mkrum — MKrum selected 1 / 10 clients: [33]  |  rejected: [8, 12, 37, 39, 42, 43, 52, 91, 98]
01:22:50  INFO      defenses.mkrum — MKrum selected 1 / 10 clients: [13]  |  rejected: [5, 8, 12, 23, 38, 52, 59, 64, 94]
01:23:29  INFO      defenses.mkrum — MKrum selected 1 / 10 clients: [13]  |  rejected: [3, 9, 28, 37, 53, 69, 72, 83, 87]
01:24:03  INFO      defenses.mkrum — MKrum selected 1 / 10 clients: [13]  |  rejected: [9, 21, 31, 41, 46, 48, 59, 65, 98]
01:24:45  INFO      defenses.mkrum — MKrum selected 1 / 10 clients: [68]  |  rejected: [10, 12, 14, 48, 55, 69, 78, 83, 84]
01:25:20  INFO      defenses.mkrum — MKrum selected 1 / 10 clients: [58]  |  rejected: [5, 14, 17, 26, 34, 39, 54, 65, 70]
01:26:00  INFO      defenses.mkrum — MKrum selected 1 / 10 clients: [23]  |  rejected: [9, 17, 24, 41, 48, 67, 81, 84, 91]
01:26:34  INFO      defenses.mkrum — MKrum selected 1 / 10 clients: [82]  |  rejected: [6, 32, 39, 56, 59, 64, 70, 73, 81]
01:26:38  INFO      experiment.runner — Round  171/240  |  acc:  76.24%  loss: 1.0539  |  FPR: 90.0%  |  mF1: 76.4%
01:27:18  INFO      defenses.mkrum — MKrum selected 1 / 10 clients: [58]  |  rejected: [21, 32, 36, 51, 60, 80, 90, 95, 97]
01:27:54  INFO      defenses.mkrum — MKrum selected 1 / 10 clients: [58]  |  rejected: [12, 13, 17, 25, 76, 77, 88, 93, 98]
01:28:30  INFO      defenses.mkrum — MKrum selected 1 / 10 clients: [82]  |  rejected: [11, 17, 21, 29, 31, 32, 56, 57, 92]
01:29:08  INFO      defenses.mkrum — MKrum selected 1 / 10 clients: [13]  |  rejected: [20, 32, 38, 59, 61, 74, 79, 86, 89]
01:29:45  INFO      defenses.mkrum — MKrum selected 1 / 10 clients: [80]  |  rejected: [6, 15, 26, 45, 69, 71, 89, 92, 97]
01:30:27  INFO      defenses.mkrum — MKrum selected 1 / 10 clients: [36]  |  rejected: [3, 43, 61, 62, 66, 73, 75, 77, 81]
01:31:05  INFO      defenses.mkrum — MKrum selected 1 / 10 clients: [36]  |  rejected: [7, 17, 37, 42, 47, 53, 67, 77, 98]
01:31:44  INFO      defenses.mkrum — MKrum selected 1 / 10 clients: [96]  |  rejected: [0, 4, 16, 20, 24, 37, 62, 83, 93]
01:32:18  INFO      defenses.mkrum — MKrum selected 1 / 10 clients: [36]  |  rejected: [39, 43, 53, 59, 67, 75, 84, 86, 93]
01:32:57  INFO      defenses.mkrum — MKrum selected 1 / 10 clients: [88]  |  rejected: [1, 20, 41, 63, 64, 73, 78, 83, 91]
01:33:01  INFO      experiment.runner — Round  181/240  |  acc:  76.33%  loss: 1.0419  |  FPR: 90.0%  |  mF1: 76.5%
01:33:35  INFO      defenses.mkrum — MKrum selected 1 / 10 clients: [68]  |  rejected: [0, 5, 15, 29, 47, 59, 61, 94, 98]
01:34:16  INFO      defenses.mkrum — MKrum selected 1 / 10 clients: [13]  |  rejected: [21, 25, 30, 49, 51, 53, 64, 83, 85]
01:34:51  INFO      defenses.mkrum — MKrum selected 1 / 10 clients: [82]  |  rejected: [1, 8, 26, 29, 30, 35, 74, 84, 95]
01:35:31  INFO      defenses.mkrum — MKrum selected 1 / 10 clients: [74]  |  rejected: [12, 28, 39, 47, 55, 64, 71, 76, 94]
01:36:11  INFO      defenses.mkrum — MKrum selected 1 / 10 clients: [33]  |  rejected: [0, 7, 18, 56, 67, 70, 87, 93, 96]
01:36:44  INFO      defenses.mkrum — MKrum selected 1 / 10 clients: [13]  |  rejected: [1, 7, 22, 24, 54, 56, 58, 59, 98]
01:37:23  INFO      defenses.mkrum — MKrum selected 1 / 10 clients: [60]  |  rejected: [3, 9, 37, 61, 66, 78, 79, 89, 98]
01:37:57  INFO      defenses.mkrum — MKrum selected 1 / 10 clients: [83]  |  rejected: [2, 26, 56, 59, 64, 77, 78, 79, 91]
01:38:37  INFO      defenses.mkrum — MKrum selected 1 / 10 clients: [68]  |  rejected: [8, 11, 12, 22, 25, 28, 43, 47, 89]
01:39:14  INFO      defenses.mkrum — MKrum selected 1 / 10 clients: [7]  |  rejected: [0, 4, 21, 24, 38, 49, 50, 54, 93]
01:39:17  INFO      experiment.runner — Round  191/240  |  acc:  75.09%  loss: 0.9900  |  FPR: 90.0%  |  mF1: 74.9%
01:39:55  INFO      defenses.mkrum — MKrum selected 1 / 10 clients: [88]  |  rejected: [14, 16, 18, 24, 27, 49, 51, 57, 98]
01:40:28  INFO      defenses.mkrum — MKrum selected 1 / 10 clients: [88]  |  rejected: [3, 25, 34, 35, 52, 58, 67, 87, 98]
01:41:14  INFO      defenses.mkrum — MKrum selected 1 / 10 clients: [53]  |  rejected: [11, 29, 54, 56, 71, 84, 91, 94, 97]
01:41:49  INFO      defenses.mkrum — MKrum selected 1 / 10 clients: [74]  |  rejected: [5, 24, 25, 32, 41, 87, 91, 93, 98]
01:42:27  INFO      defenses.mkrum — MKrum selected 1 / 10 clients: [20]  |  rejected: [12, 18, 24, 46, 55, 68, 77, 81, 90]
01:43:05  INFO      defenses.mkrum — MKrum selected 1 / 10 clients: [36]  |  rejected: [0, 13, 19, 23, 54, 69, 80, 90, 95]
01:43:40  INFO      defenses.mkrum — MKrum selected 1 / 10 clients: [62]  |  rejected: [0, 10, 19, 41, 47, 59, 70, 89, 92]
01:44:19  INFO      defenses.mkrum — MKrum selected 1 / 10 clients: [33]  |  rejected: [0, 7, 47, 57, 61, 73, 77, 92, 96]
01:44:53  INFO      defenses.mkrum — MKrum selected 1 / 10 clients: [68]  |  rejected: [2, 21, 42, 50, 52, 54, 56, 71, 77]
01:45:32  INFO      defenses.mkrum — MKrum selected 1 / 10 clients: [68]  |  rejected: [9, 10, 13, 28, 29, 37, 61, 65, 99]
01:45:36  INFO      experiment.runner — Round  201/240  |  acc:  78.82%  loss: 0.8548  |  FPR: 90.0%  |  mF1: 78.7%
01:46:10  INFO      defenses.mkrum — MKrum selected 1 / 10 clients: [83]  |  rejected: [10, 12, 22, 40, 41, 52, 76, 85, 93]
01:46:50  INFO      defenses.mkrum — MKrum selected 1 / 10 clients: [15]  |  rejected: [5, 39, 41, 44, 66, 80, 86, 98, 99]
01:47:24  INFO      defenses.mkrum — MKrum selected 1 / 10 clients: [82]  |  rejected: [5, 10, 27, 60, 62, 65, 81, 87, 97]
01:48:02  INFO      defenses.mkrum — MKrum selected 1 / 10 clients: [54]  |  rejected: [9, 19, 35, 38, 56, 57, 73, 78, 86]
01:48:35  INFO      defenses.mkrum — MKrum selected 1 / 10 clients: [11]  |  rejected: [9, 12, 31, 37, 38, 48, 52, 66, 75]
01:49:11  INFO      defenses.mkrum — MKrum selected 1 / 10 clients: [11]  |  rejected: [13, 20, 26, 43, 44, 45, 54, 80, 87]
01:49:48  INFO      defenses.mkrum — MKrum selected 1 / 10 clients: [7]  |  rejected: [4, 12, 41, 57, 59, 63, 76, 87, 89]
01:50:21  INFO      defenses.mkrum — MKrum selected 1 / 10 clients: [33]  |  rejected: [11, 29, 36, 39, 44, 58, 64, 65, 67]
01:50:58  INFO      defenses.mkrum — MKrum selected 1 / 10 clients: [54]  |  rejected: [25, 51, 52, 57, 65, 72, 78, 84, 93]
01:51:35  INFO      defenses.mkrum — MKrum selected 1 / 10 clients: [15]  |  rejected: [4, 8, 16, 39, 41, 46, 53, 56, 77]
01:51:39  INFO      experiment.runner — Round  211/240  |  acc:  76.87%  loss: 0.9527  |  FPR: 90.0%  |  mF1: 76.9%
01:52:14  INFO      defenses.mkrum — MKrum selected 1 / 10 clients: [13]  |  rejected: [1, 5, 18, 22, 39, 57, 72, 75, 93]
01:52:48  INFO      defenses.mkrum — MKrum selected 1 / 10 clients: [13]  |  rejected: [6, 8, 10, 36, 37, 75, 80, 89, 96]
01:53:23  INFO      defenses.mkrum — MKrum selected 1 / 10 clients: [20]  |  rejected: [4, 29, 37, 42, 55, 58, 67, 84, 88]
01:54:00  INFO      defenses.mkrum — MKrum selected 1 / 10 clients: [88]  |  rejected: [4, 22, 46, 50, 59, 60, 65, 72, 79]
01:54:35  INFO      defenses.mkrum — MKrum selected 1 / 10 clients: [11]  |  rejected: [14, 34, 40, 43, 47, 49, 56, 79, 80]
01:55:12  INFO      defenses.mkrum — MKrum selected 1 / 10 clients: [33]  |  rejected: [16, 18, 45, 51, 57, 58, 69, 93, 95]
01:55:46  INFO      defenses.mkrum — MKrum selected 1 / 10 clients: [23]  |  rejected: [1, 22, 24, 32, 35, 40, 51, 52, 87]
01:56:25  INFO      defenses.mkrum — MKrum selected 1 / 10 clients: [36]  |  rejected: [4, 15, 19, 48, 55, 58, 66, 78, 79]
01:57:01  INFO      defenses.mkrum — MKrum selected 1 / 10 clients: [88]  |  rejected: [3, 24, 31, 51, 63, 64, 74, 84, 85]
01:57:38  INFO      defenses.mkrum — MKrum selected 1 / 10 clients: [20]  |  rejected: [1, 12, 14, 39, 43, 44, 70, 78, 99]
01:57:43  INFO      experiment.runner — Round  221/240  |  acc:  78.57%  loss: 0.9898  |  FPR: 90.0%  |  mF1: 78.4%
01:58:19  INFO      defenses.mkrum — MKrum selected 1 / 10 clients: [60]  |  rejected: [4, 5, 25, 26, 28, 34, 42, 63, 67]
01:58:52  INFO      defenses.mkrum — MKrum selected 1 / 10 clients: [58]  |  rejected: [2, 4, 15, 24, 28, 40, 47, 89, 97]
01:59:30  INFO      defenses.mkrum — MKrum selected 1 / 10 clients: [88]  |  rejected: [8, 13, 14, 15, 31, 39, 81, 94, 98]
02:00:02  INFO      defenses.mkrum — MKrum selected 1 / 10 clients: [74]  |  rejected: [8, 21, 32, 34, 39, 43, 44, 52, 99]
02:00:39  INFO      defenses.mkrum — MKrum selected 1 / 10 clients: [30]  |  rejected: [1, 22, 29, 39, 50, 60, 62, 92, 98]
02:01:14  INFO      defenses.mkrum — MKrum selected 1 / 10 clients: [96]  |  rejected: [7, 12, 27, 49, 71, 73, 85, 93, 95]
02:01:51  INFO      defenses.mkrum — MKrum selected 1 / 10 clients: [88]  |  rejected: [0, 4, 15, 18, 33, 36, 58, 62, 94]
02:02:29  INFO      defenses.mkrum — MKrum selected 1 / 10 clients: [30]  |  rejected: [0, 10, 31, 40, 47, 62, 78, 89, 95]
02:03:03  INFO      defenses.mkrum — MKrum selected 1 / 10 clients: [34]  |  rejected: [0, 27, 40, 41, 45, 50, 66, 75, 81]
02:03:40  INFO      defenses.mkrum — MKrum selected 1 / 10 clients: [74]  |  rejected: [0, 1, 19, 25, 29, 37, 57, 75, 87]
02:03:44  INFO      experiment.runner — Round  231/240  |  acc:  77.93%  loss: 0.9234  |  FPR: 90.0%  |  mF1: 77.9%
02:04:16  INFO      defenses.mkrum — MKrum selected 1 / 10 clients: [74]  |  rejected: [11, 26, 29, 30, 38, 49, 72, 82, 85]
02:04:54  INFO      defenses.mkrum — MKrum selected 1 / 10 clients: [36]  |  rejected: [15, 17, 21, 26, 27, 75, 77, 93, 97]
02:05:27  INFO      defenses.mkrum — MKrum selected 1 / 10 clients: [88]  |  rejected: [28, 39, 56, 62, 76, 78, 80, 90, 93]
02:06:05  INFO      defenses.mkrum — MKrum selected 1 / 10 clients: [23]  |  rejected: [10, 12, 32, 59, 69, 75, 76, 83, 86]
02:06:40  INFO      defenses.mkrum — MKrum selected 1 / 10 clients: [21]  |  rejected: [1, 38, 44, 60, 66, 71, 72, 81, 94]
02:07:17  INFO      defenses.mkrum — MKrum selected 1 / 10 clients: [20]  |  rejected: [35, 39, 43, 48, 60, 76, 77, 82, 83]
02:07:53  INFO      defenses.mkrum — MKrum selected 1 / 10 clients: [13]  |  rejected: [2, 17, 24, 57, 70, 71, 78, 80, 94]
02:08:27  INFO      defenses.mkrum — MKrum selected 1 / 10 clients: [20]  |  rejected: [3, 23, 25, 34, 35, 37, 63, 69, 91]
02:09:07  INFO      defenses.mkrum — MKrum selected 1 / 10 clients: [88]  |  rejected: [10, 14, 31, 34, 39, 45, 51, 79, 81]
02:09:11  INFO      experiment.runner — Round  240/240  |  acc:  79.66%  loss: 0.8634  |  FPR: 90.0%  |  mF1: 79.7%
02:09:11  INFO      experiment.runner — Final model saved to results/benchmark/cifar10_none_krum_seed5/final_model.pt
02:09:11  INFO      experiment.runner — Client atypicality written to results/benchmark/cifar10_none_krum_seed5/client_atypicality.json
02:09:11  INFO      experiment.runner — Client inclusion rates written to results/benchmark/cifar10_none_krum_seed5/client_inclusion.csv
02:09:11  INFO      experiment.runner — Anomaly scores written to results/benchmark/cifar10_none_krum_seed5/anomaly_scores.csv (2400 rows)
02:09:11  INFO      benchmark — ✓  cifar10_none_krum_seed5  (148.3 min)
02:09:11  INFO      benchmark — ▶  cifar10_none_krum_seed6
02:09:11  INFO      experiment.runner — Initialising 'cifar10_none_krum_seed6' | device=cuda | rounds=240 | clients=10/100 | attack=none | defense=mkrum
02:09:15  INFO      defenses.mkrum — MKrumServer initialised — f=1 Byzantine, selecting m=1 updates.
02:09:26  INFO      experiment.utils — Built 100 clients — 0 malicious, 100 benign.
02:09:26  INFO      experiment.runner — Setup complete — 100 clients (0 malicious) | backdoor eval: none

==============================================================
  Summary — 25 rounds evaluated
==============================================================
  Final clean accuracy               79.66%
  Best  clean accuracy               79.66%
  Final clean loss                   0.8634
  Macro F1                           79.71%
  Pooled FPR (all rounds)            90.00%
==============================================================

Files already downloaded and verified
Files already downloaded and verified
Files already downloaded and verified
Files already downloaded and verified
02:09:59  INFO      defenses.mkrum — MKrum selected 1 / 10 clients: [73]  |  rejected: [0, 4, 10, 18, 33, 62, 75, 84, 97]
02:10:02  INFO      experiment.runner — Round    1/240  |  acc:  25.85%  loss: 2.2137  |  FPR: 90.0%  |  mF1: 23.1%
02:10:38  INFO      defenses.mkrum — MKrum selected 1 / 10 clients: [97]  |  rejected: [2, 25, 34, 40, 47, 60, 62, 94, 98]
02:11:10  INFO      defenses.mkrum — MKrum selected 1 / 10 clients: [12]  |  rejected: [24, 52, 68, 69, 70, 72, 87, 89, 93]
02:11:50  INFO      defenses.mkrum — MKrum selected 1 / 10 clients: [78]  |  rejected: [11, 33, 42, 46, 52, 54, 84, 87, 93]
02:12:30  INFO      defenses.mkrum — MKrum selected 1 / 10 clients: [56]  |  rejected: [5, 12, 25, 32, 37, 75, 81, 89, 96]
02:13:09  INFO      defenses.mkrum — MKrum selected 1 / 10 clients: [25]  |  rejected: [24, 46, 62, 64, 65, 73, 82, 83, 89]
02:13:46  INFO      defenses.mkrum — MKrum selected 1 / 10 clients: [31]  |  rejected: [3, 15, 38, 45, 46, 55, 75, 77, 81]
02:14:21  INFO      defenses.mkrum — MKrum selected 1 / 10 clients: [25]  |  rejected: [11, 14, 34, 39, 64, 67, 77, 84, 86]
02:14:59  INFO      defenses.mkrum — MKrum selected 1 / 10 clients: [25]  |  rejected: [17, 26, 28, 48, 61, 66, 76, 89, 92]
02:15:34  INFO      defenses.mkrum — MKrum selected 1 / 10 clients: [85]  |  rejected: [1, 2, 21, 24, 42, 71, 79, 82, 99]
02:16:14  INFO      defenses.mkrum — MKrum selected 1 / 10 clients: [67]  |  rejected: [16, 37, 39, 47, 48, 49, 62, 79, 86]
02:16:17  INFO      experiment.runner — Round   11/240  |  acc:  47.23%  loss: 1.6874  |  FPR: 90.0%  |  mF1: 46.2%
02:16:51  INFO      defenses.mkrum — MKrum selected 1 / 10 clients: [12]  |  rejected: [6, 11, 23, 31, 50, 54, 56, 76, 95]
02:17:30  INFO      defenses.mkrum — MKrum selected 1 / 10 clients: [48]  |  rejected: [9, 38, 54, 57, 60, 66, 77, 85, 90]
02:18:06  INFO      defenses.mkrum — MKrum selected 1 / 10 clients: [10]  |  rejected: [22, 24, 34, 52, 57, 62, 87, 92, 95]
02:18:47  INFO      defenses.mkrum — MKrum selected 1 / 10 clients: [64]  |  rejected: [2, 15, 24, 32, 42, 46, 57, 68, 75]
02:19:22  INFO      defenses.mkrum — MKrum selected 1 / 10 clients: [78]  |  rejected: [32, 34, 52, 53, 60, 62, 66, 77, 84]
02:19:57  INFO      defenses.mkrum — MKrum selected 1 / 10 clients: [92]  |  rejected: [18, 39, 41, 48, 59, 61, 62, 63, 81]
02:20:35  INFO      defenses.mkrum — MKrum selected 1 / 10 clients: [46]  |  rejected: [20, 34, 40, 48, 77, 79, 82, 84, 88]
02:21:09  INFO      defenses.mkrum — MKrum selected 1 / 10 clients: [79]  |  rejected: [0, 7, 20, 37, 50, 57, 62, 71, 93]
02:21:48  INFO      defenses.mkrum — MKrum selected 1 / 10 clients: [78]  |  rejected: [3, 14, 23, 46, 47, 72, 87, 91, 99]
02:22:22  INFO      defenses.mkrum — MKrum selected 1 / 10 clients: [78]  |  rejected: [1, 7, 19, 24, 34, 54, 63, 67, 75]
02:22:26  INFO      experiment.runner — Round   21/240  |  acc:  48.25%  loss: 1.9928  |  FPR: 90.0%  |  mF1: 46.5%
02:23:08  INFO      defenses.mkrum — MKrum selected 1 / 10 clients: [47]  |  rejected: [9, 12, 18, 29, 46, 60, 62, 80, 87]
02:23:42  INFO      defenses.mkrum — MKrum selected 1 / 10 clients: [4]  |  rejected: [12, 13, 18, 31, 40, 77, 80, 85, 91]
02:24:16  INFO      defenses.mkrum — MKrum selected 1 / 10 clients: [89]  |  rejected: [3, 5, 8, 59, 61, 70, 80, 82, 92]
02:24:53  INFO      defenses.mkrum — MKrum selected 1 / 10 clients: [83]  |  rejected: [10, 16, 20, 33, 57, 63, 78, 79, 80]
02:25:27  INFO      defenses.mkrum — MKrum selected 1 / 10 clients: [99]  |  rejected: [2, 17, 24, 56, 57, 61, 71, 81, 88]
02:26:03  INFO      defenses.mkrum — MKrum selected 1 / 10 clients: [10]  |  rejected: [4, 8, 35, 36, 37, 46, 61, 74, 91]
02:26:37  INFO      defenses.mkrum — MKrum selected 1 / 10 clients: [10]  |  rejected: [4, 31, 35, 47, 55, 56, 60, 64, 91]
02:27:16  INFO      defenses.mkrum — MKrum selected 1 / 10 clients: [4]  |  rejected: [22, 30, 43, 47, 68, 77, 81, 94, 95]
02:27:50  INFO      defenses.mkrum — MKrum selected 1 / 10 clients: [4]  |  rejected: [6, 9, 26, 43, 55, 89, 94, 96, 97]
02:28:27  INFO      defenses.mkrum — MKrum selected 1 / 10 clients: [70]  |  rejected: [14, 17, 20, 51, 59, 63, 86, 93, 95]
02:28:33  INFO      experiment.runner — Round   31/240  |  acc:  54.44%  loss: 1.4885  |  FPR: 90.0%  |  mF1: 54.3%
02:29:07  INFO      defenses.mkrum — MKrum selected 1 / 10 clients: [66]  |  rejected: [3, 9, 16, 19, 23, 44, 67, 81, 90]
02:29:41  INFO      defenses.mkrum — MKrum selected 1 / 10 clients: [94]  |  rejected: [19, 23, 28, 36, 49, 64, 72, 89, 91]
02:30:19  INFO      defenses.mkrum — MKrum selected 1 / 10 clients: [53]  |  rejected: [0, 16, 20, 30, 40, 71, 73, 88, 96]
02:30:53  INFO      defenses.mkrum — MKrum selected 1 / 10 clients: [48]  |  rejected: [1, 24, 41, 49, 50, 56, 67, 72, 97]
02:31:29  INFO      defenses.mkrum — MKrum selected 1 / 10 clients: [17]  |  rejected: [29, 47, 67, 69, 70, 82, 84, 91, 95]
02:32:02  INFO      defenses.mkrum — MKrum selected 1 / 10 clients: [17]  |  rejected: [9, 19, 21, 23, 34, 49, 80, 85, 88]
02:32:39  INFO      defenses.mkrum — MKrum selected 1 / 10 clients: [12]  |  rejected: [1, 5, 7, 14, 60, 69, 83, 91, 97]
02:33:14  INFO      defenses.mkrum — MKrum selected 1 / 10 clients: [4]  |  rejected: [7, 28, 47, 52, 69, 72, 76, 86, 97]
02:33:50  INFO      defenses.mkrum — MKrum selected 1 / 10 clients: [73]  |  rejected: [7, 9, 11, 21, 37, 60, 84, 88, 92]
02:34:26  INFO      defenses.mkrum — MKrum selected 1 / 10 clients: [96]  |  rejected: [3, 6, 14, 15, 22, 56, 86, 87, 89]
02:34:30  INFO      experiment.runner — Round   41/240  |  acc:  60.37%  loss: 1.2463  |  FPR: 90.0%  |  mF1: 60.7%
02:35:03  INFO      defenses.mkrum — MKrum selected 1 / 10 clients: [83]  |  rejected: [25, 29, 32, 36, 54, 56, 90, 93, 99]
02:35:39  INFO      defenses.mkrum — MKrum selected 1 / 10 clients: [67]  |  rejected: [1, 27, 32, 35, 68, 75, 82, 93, 95]
02:36:15  INFO      defenses.mkrum — MKrum selected 1 / 10 clients: [66]  |  rejected: [4, 11, 42, 74, 76, 82, 87, 90, 99]
02:36:54  INFO      defenses.mkrum — MKrum selected 1 / 10 clients: [55]  |  rejected: [3, 6, 14, 28, 43, 46, 87, 88, 97]
02:37:30  INFO      defenses.mkrum — MKrum selected 1 / 10 clients: [17]  |  rejected: [0, 1, 3, 8, 33, 43, 44, 59, 62]
02:38:03  INFO      defenses.mkrum — MKrum selected 1 / 10 clients: [11]  |  rejected: [16, 23, 29, 34, 53, 69, 75, 78, 86]
02:38:41  INFO      defenses.mkrum — MKrum selected 1 / 10 clients: [66]  |  rejected: [31, 34, 49, 54, 61, 72, 76, 80, 84]
02:39:15  INFO      defenses.mkrum — MKrum selected 1 / 10 clients: [17]  |  rejected: [4, 13, 22, 24, 32, 38, 57, 73, 97]
02:39:53  INFO      defenses.mkrum — MKrum selected 1 / 10 clients: [19]  |  rejected: [0, 13, 15, 20, 50, 60, 62, 65, 75]
02:40:27  INFO      defenses.mkrum — MKrum selected 1 / 10 clients: [19]  |  rejected: [27, 49, 58, 60, 67, 69, 82, 88, 98]
02:40:31  INFO      experiment.runner — Round   51/240  |  acc:  63.97%  loss: 1.3594  |  FPR: 90.0%  |  mF1: 63.1%
02:41:08  INFO      defenses.mkrum — MKrum selected 1 / 10 clients: [17]  |  rejected: [1, 32, 36, 40, 43, 47, 53, 75, 86]
02:41:44  INFO      defenses.mkrum — MKrum selected 1 / 10 clients: [79]  |  rejected: [0, 10, 22, 28, 39, 46, 52, 98, 99]
02:42:17  INFO      defenses.mkrum — MKrum selected 1 / 10 clients: [66]  |  rejected: [11, 16, 18, 24, 29, 48, 52, 82, 96]
02:42:56  INFO      defenses.mkrum — MKrum selected 1 / 10 clients: [66]  |  rejected: [6, 42, 46, 49, 62, 67, 75, 91, 99]
02:43:30  INFO      defenses.mkrum — MKrum selected 1 / 10 clients: [83]  |  rejected: [5, 8, 14, 16, 33, 34, 75, 77, 84]
02:44:10  INFO      defenses.mkrum — MKrum selected 1 / 10 clients: [11]  |  rejected: [14, 19, 64, 78, 85, 88, 92, 97, 99]
02:44:44  INFO      defenses.mkrum — MKrum selected 1 / 10 clients: [20]  |  rejected: [15, 22, 23, 27, 31, 43, 44, 93, 96]
02:45:24  INFO      defenses.mkrum — MKrum selected 1 / 10 clients: [78]  |  rejected: [14, 16, 28, 58, 61, 79, 80, 92, 94]
02:45:57  INFO      defenses.mkrum — MKrum selected 1 / 10 clients: [73]  |  rejected: [17, 18, 25, 33, 42, 47, 58, 80, 93]
02:46:35  INFO      defenses.mkrum — MKrum selected 1 / 10 clients: [83]  |  rejected: [0, 3, 7, 8, 35, 58, 61, 80, 96]
02:46:41  INFO      experiment.runner — Round   61/240  |  acc:  66.35%  loss: 1.1298  |  FPR: 90.0%  |  mF1: 66.5%
02:47:15  INFO      defenses.mkrum — MKrum selected 1 / 10 clients: [12]  |  rejected: [1, 7, 13, 35, 40, 43, 49, 79, 92]
02:47:48  INFO      defenses.mkrum — MKrum selected 1 / 10 clients: [96]  |  rejected: [2, 18, 47, 51, 60, 85, 94, 95, 97]
02:48:28  INFO      defenses.mkrum — MKrum selected 1 / 10 clients: [47]  |  rejected: [1, 13, 16, 19, 57, 61, 68, 70, 86]
02:49:04  INFO      defenses.mkrum — MKrum selected 1 / 10 clients: [25]  |  rejected: [9, 15, 21, 33, 51, 56, 61, 69, 90]
02:49:40  INFO      defenses.mkrum — MKrum selected 1 / 10 clients: [88]  |  rejected: [32, 34, 37, 42, 44, 57, 69, 71, 99]
02:50:16  INFO      defenses.mkrum — MKrum selected 1 / 10 clients: [79]  |  rejected: [0, 5, 31, 64, 67, 84, 91, 95, 98]
02:50:52  INFO      defenses.mkrum — MKrum selected 1 / 10 clients: [73]  |  rejected: [1, 4, 21, 26, 32, 41, 63, 68, 71]
02:51:28  INFO      defenses.mkrum — MKrum selected 1 / 10 clients: [27]  |  rejected: [7, 19, 24, 34, 35, 38, 47, 89, 93]
02:52:01  INFO      defenses.mkrum — MKrum selected 1 / 10 clients: [11]  |  rejected: [0, 21, 23, 44, 45, 73, 76, 90, 93]
02:52:37  INFO      defenses.mkrum — MKrum selected 1 / 10 clients: [79]  |  rejected: [15, 23, 28, 45, 49, 60, 61, 70, 81]
02:52:41  INFO      experiment.runner — Round   71/240  |  acc:  69.12%  loss: 1.0308  |  FPR: 90.0%  |  mF1: 69.4%
02:53:14  INFO      defenses.mkrum — MKrum selected 1 / 10 clients: [11]  |  rejected: [6, 26, 55, 56, 74, 77, 79, 83, 93]
02:53:51  INFO      defenses.mkrum — MKrum selected 1 / 10 clients: [61]  |  rejected: [7, 28, 32, 34, 64, 67, 81, 82, 84]
02:54:24  INFO      defenses.mkrum — MKrum selected 1 / 10 clients: [47]  |  rejected: [12, 34, 38, 46, 54, 66, 81, 95, 97]
02:55:12  INFO      defenses.mkrum — MKrum selected 1 / 10 clients: [83]  |  rejected: [7, 20, 35, 40, 53, 64, 69, 82, 84]
02:55:48  INFO      defenses.mkrum — MKrum selected 1 / 10 clients: [11]  |  rejected: [7, 10, 14, 22, 55, 56, 64, 68, 85]
02:56:26  INFO      defenses.mkrum — MKrum selected 1 / 10 clients: [91]  |  rejected: [0, 8, 33, 34, 39, 44, 45, 49, 87]
02:57:04  INFO      defenses.mkrum — MKrum selected 1 / 10 clients: [91]  |  rejected: [9, 14, 36, 51, 57, 63, 75, 90, 94]
02:57:38  INFO      defenses.mkrum — MKrum selected 1 / 10 clients: [1]  |  rejected: [6, 30, 32, 39, 65, 69, 93, 98, 99]
02:58:19  INFO      defenses.mkrum — MKrum selected 1 / 10 clients: [83]  |  rejected: [1, 13, 19, 28, 33, 37, 48, 82, 95]
02:58:52  INFO      defenses.mkrum — MKrum selected 1 / 10 clients: [17]  |  rejected: [3, 8, 15, 27, 32, 51, 62, 71, 93]
02:58:56  INFO      experiment.runner — Round   81/240  |  acc:  70.14%  loss: 1.1822  |  FPR: 90.0%  |  mF1: 69.8%
02:59:35  INFO      defenses.mkrum — MKrum selected 1 / 10 clients: [17]  |  rejected: [3, 12, 19, 22, 27, 35, 41, 76, 97]
03:00:13  INFO      defenses.mkrum — MKrum selected 1 / 10 clients: [88]  |  rejected: [24, 41, 53, 57, 58, 60, 62, 73, 78]
03:00:52  INFO      defenses.mkrum — MKrum selected 1 / 10 clients: [17]  |  rejected: [14, 22, 28, 45, 50, 59, 68, 75, 85]
03:01:26  INFO      defenses.mkrum — MKrum selected 1 / 10 clients: [35]  |  rejected: [3, 24, 28, 72, 75, 76, 82, 94, 98]
03:02:04  INFO      defenses.mkrum — MKrum selected 1 / 10 clients: [73]  |  rejected: [4, 15, 31, 40, 46, 50, 52, 82, 95]
03:02:38  INFO      defenses.mkrum — MKrum selected 1 / 10 clients: [91]  |  rejected: [32, 38, 46, 48, 55, 63, 67, 75, 82]
03:03:18  INFO      defenses.mkrum — MKrum selected 1 / 10 clients: [47]  |  rejected: [7, 23, 37, 39, 52, 74, 75, 81, 85]
03:03:56  INFO      defenses.mkrum — MKrum selected 1 / 10 clients: [73]  |  rejected: [13, 20, 30, 46, 54, 58, 59, 60, 86]
03:04:29  INFO      defenses.mkrum — MKrum selected 1 / 10 clients: [1]  |  rejected: [8, 9, 13, 41, 55, 58, 61, 62, 77]
03:05:11  INFO      defenses.mkrum — MKrum selected 1 / 10 clients: [55]  |  rejected: [3, 7, 20, 44, 46, 65, 67, 81, 93]
03:05:17  INFO      experiment.runner — Round   91/240  |  acc:  71.99%  loss: 1.0296  |  FPR: 90.0%  |  mF1: 71.2%
03:05:51  INFO      defenses.mkrum — MKrum selected 1 / 10 clients: [61]  |  rejected: [3, 9, 14, 22, 44, 51, 68, 75, 76]
03:06:28  INFO      defenses.mkrum — MKrum selected 1 / 10 clients: [83]  |  rejected: [29, 32, 33, 49, 66, 68, 77, 78, 94]
03:07:02  INFO      defenses.mkrum — MKrum selected 1 / 10 clients: [79]  |  rejected: [0, 22, 38, 44, 45, 46, 53, 63, 90]
03:07:40  INFO      defenses.mkrum — MKrum selected 1 / 10 clients: [4]  |  rejected: [0, 2, 3, 5, 26, 60, 69, 82, 99]
03:08:14  INFO      defenses.mkrum — MKrum selected 1 / 10 clients: [61]  |  rejected: [13, 18, 25, 26, 41, 47, 53, 60, 71]
03:08:55  INFO      defenses.mkrum — MKrum selected 1 / 10 clients: [47]  |  rejected: [6, 14, 19, 27, 28, 34, 45, 53, 60]
03:09:30  INFO      defenses.mkrum — MKrum selected 1 / 10 clients: [47]  |  rejected: [7, 24, 35, 71, 81, 88, 92, 95, 96]
03:10:10  INFO      defenses.mkrum — MKrum selected 1 / 10 clients: [25]  |  rejected: [3, 5, 9, 51, 54, 64, 67, 81, 86]
03:10:49  INFO      defenses.mkrum — MKrum selected 1 / 10 clients: [96]  |  rejected: [10, 12, 15, 24, 64, 77, 85, 86, 93]
03:11:25  INFO      defenses.mkrum — MKrum selected 1 / 10 clients: [61]  |  rejected: [1, 23, 26, 42, 56, 66, 72, 85, 98]
03:11:32  INFO      experiment.runner — Round  101/240  |  acc:  72.22%  loss: 0.9820  |  FPR: 90.0%  |  mF1: 72.5%
03:12:08  INFO      defenses.mkrum — MKrum selected 1 / 10 clients: [0]  |  rejected: [3, 19, 27, 28, 37, 41, 69, 72, 76]
03:12:43  INFO      defenses.mkrum — MKrum selected 1 / 10 clients: [27]  |  rejected: [13, 26, 37, 51, 52, 65, 71, 85, 93]
03:13:21  INFO      defenses.mkrum — MKrum selected 1 / 10 clients: [83]  |  rejected: [11, 17, 21, 55, 63, 69, 76, 85, 96]
03:13:55  INFO      defenses.mkrum — MKrum selected 1 / 10 clients: [25]  |  rejected: [4, 36, 38, 51, 53, 77, 80, 84, 89]
03:14:33  INFO      defenses.mkrum — MKrum selected 1 / 10 clients: [25]  |  rejected: [6, 27, 29, 38, 46, 55, 56, 94, 96]
03:15:06  INFO      defenses.mkrum — MKrum selected 1 / 10 clients: [83]  |  rejected: [36, 40, 45, 46, 51, 52, 55, 67, 92]
03:15:49  INFO      defenses.mkrum — MKrum selected 1 / 10 clients: [83]  |  rejected: [19, 22, 25, 32, 59, 64, 76, 77, 78]
03:16:24  INFO      defenses.mkrum — MKrum selected 1 / 10 clients: [70]  |  rejected: [0, 8, 19, 28, 32, 59, 68, 77, 80]
03:17:02  INFO      defenses.mkrum — MKrum selected 1 / 10 clients: [27]  |  rejected: [1, 5, 7, 15, 39, 49, 62, 69, 71]
03:17:40  INFO      defenses.mkrum — MKrum selected 1 / 10 clients: [17]  |  rejected: [0, 16, 34, 37, 41, 44, 69, 74, 99]
03:17:43  INFO      experiment.runner — Round  111/240  |  acc:  73.33%  loss: 1.0503  |  FPR: 90.0%  |  mF1: 73.4%
03:18:18  INFO      defenses.mkrum — MKrum selected 1 / 10 clients: [11]  |  rejected: [15, 34, 41, 44, 67, 76, 80, 82, 95]
03:18:56  INFO      defenses.mkrum — MKrum selected 1 / 10 clients: [79]  |  rejected: [0, 3, 8, 26, 31, 39, 55, 74, 77]
03:19:31  INFO      defenses.mkrum — MKrum selected 1 / 10 clients: [25]  |  rejected: [40, 45, 48, 52, 72, 73, 78, 95, 96]
03:20:10  INFO      defenses.mkrum — MKrum selected 1 / 10 clients: [83]  |  rejected: [6, 7, 23, 30, 31, 37, 67, 71, 77]
03:20:50  INFO      defenses.mkrum — MKrum selected 1 / 10 clients: [20]  |  rejected: [21, 22, 28, 32, 36, 45, 72, 77, 99]
03:21:28  INFO      defenses.mkrum — MKrum selected 1 / 10 clients: [70]  |  rejected: [5, 7, 9, 10, 14, 16, 57, 71, 73]
03:22:02  INFO      defenses.mkrum — MKrum selected 1 / 10 clients: [47]  |  rejected: [30, 35, 45, 51, 53, 57, 66, 75, 97]
03:22:42  INFO      defenses.mkrum — MKrum selected 1 / 10 clients: [69]  |  rejected: [31, 41, 48, 54, 57, 71, 74, 76, 81]
03:23:15  INFO      defenses.mkrum — MKrum selected 1 / 10 clients: [11]  |  rejected: [6, 13, 50, 54, 57, 65, 78, 84, 93]
03:23:50  INFO      defenses.mkrum — MKrum selected 1 / 10 clients: [12]  |  rejected: [9, 22, 24, 26, 42, 74, 78, 87, 90]
03:23:55  INFO      experiment.runner — Round  121/240  |  acc:  72.91%  loss: 0.9994  |  FPR: 90.0%  |  mF1: 73.3%
03:24:31  INFO      defenses.mkrum — MKrum selected 1 / 10 clients: [69]  |  rejected: [0, 5, 23, 31, 45, 63, 81, 86, 93]
03:25:05  INFO      defenses.mkrum — MKrum selected 1 / 10 clients: [4]  |  rejected: [0, 15, 36, 50, 56, 78, 88, 90, 98]
03:25:42  INFO      defenses.mkrum — MKrum selected 1 / 10 clients: [25]  |  rejected: [0, 1, 20, 45, 60, 61, 82, 84, 85]
03:26:17  INFO      defenses.mkrum — MKrum selected 1 / 10 clients: [31]  |  rejected: [18, 30, 41, 48, 53, 56, 71, 81, 89]
03:26:56  INFO      defenses.mkrum — MKrum selected 1 / 10 clients: [59]  |  rejected: [6, 14, 27, 37, 51, 80, 87, 94, 98]
03:27:30  INFO      defenses.mkrum — MKrum selected 1 / 10 clients: [93]  |  rejected: [13, 28, 32, 34, 68, 72, 80, 81, 98]
03:28:10  INFO      defenses.mkrum — MKrum selected 1 / 10 clients: [46]  |  rejected: [35, 39, 40, 42, 51, 55, 76, 81, 98]
03:28:44  INFO      defenses.mkrum — MKrum selected 1 / 10 clients: [25]  |  rejected: [10, 14, 29, 34, 44, 53, 57, 65, 75]
03:29:17  INFO      defenses.mkrum — MKrum selected 1 / 10 clients: [1]  |  rejected: [2, 5, 9, 14, 20, 43, 64, 91, 92]
03:29:55  INFO      defenses.mkrum — MKrum selected 1 / 10 clients: [1]  |  rejected: [5, 14, 16, 21, 24, 27, 28, 35, 54]
03:29:59  INFO      experiment.runner — Round  131/240  |  acc:  76.16%  loss: 0.9164  |  FPR: 90.0%  |  mF1: 76.3%
03:30:31  INFO      defenses.mkrum — MKrum selected 1 / 10 clients: [1]  |  rejected: [13, 27, 41, 75, 81, 83, 88, 93, 97]
03:31:08  INFO      defenses.mkrum — MKrum selected 1 / 10 clients: [46]  |  rejected: [3, 9, 20, 50, 57, 70, 84, 92, 99]
03:31:43  INFO      defenses.mkrum — MKrum selected 1 / 10 clients: [55]  |  rejected: [6, 18, 35, 38, 49, 72, 76, 78, 98]
03:32:21  INFO      defenses.mkrum — MKrum selected 1 / 10 clients: [91]  |  rejected: [0, 38, 60, 75, 77, 80, 81, 82, 98]
03:32:55  INFO      defenses.mkrum — MKrum selected 1 / 10 clients: [27]  |  rejected: [0, 14, 16, 18, 37, 38, 72, 80, 94]
03:33:28  INFO      defenses.mkrum — MKrum selected 1 / 10 clients: [25]  |  rejected: [14, 44, 45, 47, 52, 70, 81, 91, 92]
03:34:05  INFO      defenses.mkrum — MKrum selected 1 / 10 clients: [93]  |  rejected: [14, 15, 24, 32, 41, 54, 58, 74, 98]
03:34:38  INFO      defenses.mkrum — MKrum selected 1 / 10 clients: [46]  |  rejected: [1, 15, 22, 30, 33, 42, 53, 85, 90]
03:35:16  INFO      defenses.mkrum — MKrum selected 1 / 10 clients: [1]  |  rejected: [2, 4, 6, 9, 19, 35, 40, 56, 87]
03:35:49  INFO      defenses.mkrum — MKrum selected 1 / 10 clients: [73]  |  rejected: [20, 28, 31, 34, 35, 38, 42, 67, 94]
03:35:52  INFO      experiment.runner — Round  141/240  |  acc:  75.22%  loss: 0.9962  |  FPR: 90.0%  |  mF1: 74.8%
03:36:35  INFO      defenses.mkrum — MKrum selected 1 / 10 clients: [11]  |  rejected: [6, 14, 30, 50, 59, 62, 66, 68, 98]
03:37:09  INFO      defenses.mkrum — MKrum selected 1 / 10 clients: [66]  |  rejected: [5, 9, 16, 18, 28, 31, 35, 42, 49]
03:37:44  INFO      defenses.mkrum — MKrum selected 1 / 10 clients: [40]  |  rejected: [3, 22, 42, 44, 48, 58, 80, 90, 92]
03:38:21  INFO      defenses.mkrum — MKrum selected 1 / 10 clients: [40]  |  rejected: [10, 14, 18, 19, 21, 24, 27, 89, 94]
03:38:56  INFO      defenses.mkrum — MKrum selected 1 / 10 clients: [83]  |  rejected: [1, 22, 31, 52, 56, 58, 61, 64, 74]
03:39:34  INFO      defenses.mkrum — MKrum selected 1 / 10 clients: [40]  |  rejected: [1, 4, 15, 42, 70, 71, 85, 95, 97]
03:40:07  INFO      defenses.mkrum — MKrum selected 1 / 10 clients: [70]  |  rejected: [2, 8, 18, 31, 50, 53, 59, 60, 90]
03:40:46  INFO      defenses.mkrum — MKrum selected 1 / 10 clients: [25]  |  rejected: [0, 2, 7, 8, 11, 15, 21, 27, 59]
03:41:19  INFO      defenses.mkrum — MKrum selected 1 / 10 clients: [11]  |  rejected: [12, 24, 31, 63, 65, 66, 76, 81, 96]
03:41:58  INFO      defenses.mkrum — MKrum selected 1 / 10 clients: [83]  |  rejected: [2, 13, 15, 45, 60, 73, 78, 79, 84]
03:42:03  INFO      experiment.runner — Round  151/240  |  acc:  77.55%  loss: 0.8868  |  FPR: 90.0%  |  mF1: 77.6%
03:42:38  INFO      defenses.mkrum — MKrum selected 1 / 10 clients: [87]  |  rejected: [14, 23, 30, 42, 71, 81, 89, 92, 98]
03:43:11  INFO      defenses.mkrum — MKrum selected 1 / 10 clients: [61]  |  rejected: [12, 29, 32, 41, 76, 77, 91, 92, 95]
03:43:48  INFO      defenses.mkrum — MKrum selected 1 / 10 clients: [70]  |  rejected: [5, 10, 13, 15, 27, 43, 44, 55, 66]
03:44:21  INFO      defenses.mkrum — MKrum selected 1 / 10 clients: [83]  |  rejected: [8, 16, 37, 48, 51, 57, 68, 79, 81]
03:45:01  INFO      defenses.mkrum — MKrum selected 1 / 10 clients: [83]  |  rejected: [1, 3, 14, 17, 20, 22, 29, 38, 96]
03:45:35  INFO      defenses.mkrum — MKrum selected 1 / 10 clients: [70]  |  rejected: [9, 10, 35, 44, 52, 55, 69, 74, 81]
03:46:08  INFO      defenses.mkrum — MKrum selected 1 / 10 clients: [70]  |  rejected: [27, 30, 35, 41, 47, 54, 88, 90, 93]
03:46:46  INFO      defenses.mkrum — MKrum selected 1 / 10 clients: [47]  |  rejected: [15, 20, 35, 37, 49, 78, 86, 95, 99]
03:47:21  INFO      defenses.mkrum — MKrum selected 1 / 10 clients: [1]  |  rejected: [2, 22, 32, 36, 42, 52, 53, 54, 89]
03:47:59  INFO      defenses.mkrum — MKrum selected 1 / 10 clients: [61]  |  rejected: [0, 3, 25, 27, 28, 36, 78, 84, 95]
03:48:03  INFO      experiment.runner — Round  161/240  |  acc:  75.74%  loss: 1.0426  |  FPR: 90.0%  |  mF1: 75.5%
03:48:37  INFO      defenses.mkrum — MKrum selected 1 / 10 clients: [25]  |  rejected: [23, 26, 30, 46, 47, 54, 57, 62, 71]
03:49:16  INFO      defenses.mkrum — MKrum selected 1 / 10 clients: [87]  |  rejected: [3, 14, 18, 27, 58, 65, 68, 77, 81]
03:49:50  INFO      defenses.mkrum — MKrum selected 1 / 10 clients: [83]  |  rejected: [17, 19, 29, 35, 47, 60, 63, 77, 92]
03:50:32  INFO      defenses.mkrum — MKrum selected 1 / 10 clients: [25]  |  rejected: [5, 10, 23, 26, 31, 37, 39, 51, 92]
03:51:05  INFO      defenses.mkrum — MKrum selected 1 / 10 clients: [83]  |  rejected: [12, 27, 34, 38, 63, 69, 76, 77, 82]
03:51:43  INFO      defenses.mkrum — MKrum selected 1 / 10 clients: [11]  |  rejected: [5, 6, 28, 29, 54, 63, 65, 78, 98]
03:52:23  INFO      defenses.mkrum — MKrum selected 1 / 10 clients: [93]  |  rejected: [13, 26, 28, 33, 35, 54, 64, 69, 80]
03:52:59  INFO      defenses.mkrum — MKrum selected 1 / 10 clients: [59]  |  rejected: [5, 30, 56, 57, 60, 65, 71, 78, 99]
03:53:37  INFO      defenses.mkrum — MKrum selected 1 / 10 clients: [25]  |  rejected: [20, 24, 36, 45, 55, 61, 71, 77, 86]
03:54:12  INFO      defenses.mkrum — MKrum selected 1 / 10 clients: [70]  |  rejected: [21, 36, 38, 39, 58, 65, 72, 75, 84]
03:54:16  INFO      experiment.runner — Round  171/240  |  acc:  75.96%  loss: 0.9711  |  FPR: 90.0%  |  mF1: 76.2%
03:54:54  INFO      defenses.mkrum — MKrum selected 1 / 10 clients: [47]  |  rejected: [5, 31, 32, 42, 43, 56, 79, 91, 92]
03:55:28  INFO      defenses.mkrum — MKrum selected 1 / 10 clients: [70]  |  rejected: [8, 9, 11, 15, 17, 29, 36, 62, 85]
03:56:07  INFO      defenses.mkrum — MKrum selected 1 / 10 clients: [61]  |  rejected: [10, 20, 45, 49, 89, 90, 95, 97, 99]
03:56:41  INFO      defenses.mkrum — MKrum selected 1 / 10 clients: [83]  |  rejected: [1, 6, 30, 36, 53, 82, 85, 87, 93]
03:57:22  INFO      defenses.mkrum — MKrum selected 1 / 10 clients: [40]  |  rejected: [0, 6, 37, 56, 64, 68, 72, 90, 96]
03:57:58  INFO      defenses.mkrum — MKrum selected 1 / 10 clients: [83]  |  rejected: [1, 5, 23, 35, 50, 67, 71, 78, 91]
03:58:33  INFO      defenses.mkrum — MKrum selected 1 / 10 clients: [59]  |  rejected: [0, 2, 16, 23, 24, 29, 35, 58, 75]
03:59:12  INFO      defenses.mkrum — MKrum selected 1 / 10 clients: [83]  |  rejected: [1, 19, 21, 33, 61, 63, 79, 81, 86]
03:59:46  INFO      defenses.mkrum — MKrum selected 1 / 10 clients: [15]  |  rejected: [3, 14, 20, 28, 29, 53, 72, 75, 82]
04:00:27  INFO      defenses.mkrum — MKrum selected 1 / 10 clients: [70]  |  rejected: [5, 13, 19, 23, 24, 50, 62, 72, 73]
04:00:30  INFO      experiment.runner — Round  181/240  |  acc:  76.92%  loss: 0.9360  |  FPR: 90.0%  |  mF1: 76.8%
04:01:04  INFO      defenses.mkrum — MKrum selected 1 / 10 clients: [11]  |  rejected: [7, 25, 35, 38, 64, 66, 76, 77, 79]
04:01:42  INFO      defenses.mkrum — MKrum selected 1 / 10 clients: [47]  |  rejected: [14, 18, 29, 33, 38, 63, 68, 88, 95]
04:02:19  INFO      defenses.mkrum — MKrum selected 1 / 10 clients: [87]  |  rejected: [15, 24, 29, 39, 43, 77, 91, 98, 99]
04:03:00  INFO      defenses.mkrum — MKrum selected 1 / 10 clients: [55]  |  rejected: [0, 2, 23, 31, 48, 50, 63, 68, 98]
04:03:34  INFO      defenses.mkrum — MKrum selected 1 / 10 clients: [47]  |  rejected: [2, 5, 7, 17, 54, 58, 82, 84, 88]
04:04:11  INFO      defenses.mkrum — MKrum selected 1 / 10 clients: [61]  |  rejected: [13, 21, 43, 57, 60, 66, 74, 76, 91]
04:04:48  INFO      defenses.mkrum — MKrum selected 1 / 10 clients: [59]  |  rejected: [9, 30, 42, 45, 54, 58, 64, 72, 88]
04:05:23  INFO      defenses.mkrum — MKrum selected 1 / 10 clients: [83]  |  rejected: [18, 24, 32, 43, 53, 61, 70, 90, 91]
04:06:00  INFO      defenses.mkrum — MKrum selected 1 / 10 clients: [83]  |  rejected: [14, 27, 49, 60, 79, 82, 85, 89, 97]
04:06:33  INFO      defenses.mkrum — MKrum selected 1 / 10 clients: [17]  |  rejected: [1, 7, 19, 27, 38, 48, 60, 85, 97]
04:06:36  INFO      experiment.runner — Round  191/240  |  acc:  77.20%  loss: 1.0063  |  FPR: 90.0%  |  mF1: 77.3%
04:07:12  INFO      defenses.mkrum — MKrum selected 1 / 10 clients: [48]  |  rejected: [0, 18, 34, 38, 42, 72, 78, 81, 98]
04:07:50  INFO      defenses.mkrum — MKrum selected 1 / 10 clients: [27]  |  rejected: [9, 10, 18, 26, 38, 44, 62, 73, 90]
04:08:29  INFO      defenses.mkrum — MKrum selected 1 / 10 clients: [93]  |  rejected: [2, 3, 6, 24, 26, 52, 86, 91, 94]
04:09:04  INFO      defenses.mkrum — MKrum selected 1 / 10 clients: [59]  |  rejected: [0, 8, 21, 24, 32, 39, 44, 57, 69]
04:09:41  INFO      defenses.mkrum — MKrum selected 1 / 10 clients: [59]  |  rejected: [2, 7, 8, 20, 27, 49, 57, 68, 78]
04:10:17  INFO      defenses.mkrum — MKrum selected 1 / 10 clients: [11]  |  rejected: [12, 21, 26, 29, 39, 50, 55, 65, 72]
04:10:51  INFO      defenses.mkrum — MKrum selected 1 / 10 clients: [11]  |  rejected: [14, 22, 23, 26, 43, 56, 83, 86, 87]
04:11:28  INFO      defenses.mkrum — MKrum selected 1 / 10 clients: [1]  |  rejected: [12, 14, 21, 24, 48, 57, 67, 92, 96]
04:12:02  INFO      defenses.mkrum — MKrum selected 1 / 10 clients: [47]  |  rejected: [6, 9, 18, 26, 40, 52, 59, 66, 79]
04:12:41  INFO      defenses.mkrum — MKrum selected 1 / 10 clients: [47]  |  rejected: [9, 17, 21, 38, 43, 45, 58, 65, 86]
04:12:46  INFO      experiment.runner — Round  201/240  |  acc:  79.50%  loss: 0.9237  |  FPR: 90.0%  |  mF1: 79.5%
04:13:20  INFO      defenses.mkrum — MKrum selected 1 / 10 clients: [11]  |  rejected: [12, 37, 41, 46, 54, 62, 77, 84, 96]
04:14:01  INFO      defenses.mkrum — MKrum selected 1 / 10 clients: [25]  |  rejected: [15, 29, 30, 49, 56, 73, 79, 82, 98]
04:14:39  INFO      defenses.mkrum — MKrum selected 1 / 10 clients: [55]  |  rejected: [3, 21, 22, 27, 49, 54, 73, 75, 85]
04:15:12  INFO      defenses.mkrum — MKrum selected 1 / 10 clients: [11]  |  rejected: [4, 7, 8, 40, 57, 80, 89, 91, 95]
04:15:48  INFO      defenses.mkrum — MKrum selected 1 / 10 clients: [83]  |  rejected: [5, 13, 14, 17, 38, 65, 74, 82, 98]
04:16:21  INFO      defenses.mkrum — MKrum selected 1 / 10 clients: [11]  |  rejected: [0, 21, 24, 42, 67, 75, 83, 86, 88]
04:17:00  INFO      defenses.mkrum — MKrum selected 1 / 10 clients: [93]  |  rejected: [6, 20, 31, 34, 42, 63, 77, 92, 94]
04:17:34  INFO      defenses.mkrum — MKrum selected 1 / 10 clients: [83]  |  rejected: [0, 9, 29, 30, 44, 51, 58, 68, 80]
04:18:10  INFO      defenses.mkrum — MKrum selected 1 / 10 clients: [25]  |  rejected: [3, 15, 34, 36, 56, 64, 79, 92, 93]
04:18:47  INFO      defenses.mkrum — MKrum selected 1 / 10 clients: [83]  |  rejected: [3, 43, 44, 45, 51, 73, 88, 92, 98]
04:18:50  INFO      experiment.runner — Round  211/240  |  acc:  79.53%  loss: 0.9254  |  FPR: 90.0%  |  mF1: 79.6%
04:19:25  INFO      defenses.mkrum — MKrum selected 1 / 10 clients: [87]  |  rejected: [14, 23, 30, 31, 35, 67, 79, 89, 92]
04:20:01  INFO      defenses.mkrum — MKrum selected 1 / 10 clients: [25]  |  rejected: [3, 8, 34, 45, 53, 62, 64, 96, 99]
04:20:33  INFO      defenses.mkrum — MKrum selected 1 / 10 clients: [19]  |  rejected: [8, 28, 32, 39, 62, 63, 89, 94, 99]
04:21:11  INFO      defenses.mkrum — MKrum selected 1 / 10 clients: [70]  |  rejected: [2, 17, 20, 43, 64, 65, 69, 72, 84]
04:21:45  INFO      defenses.mkrum — MKrum selected 1 / 10 clients: [93]  |  rejected: [18, 20, 31, 53, 58, 59, 61, 80, 88]
04:22:23  INFO      defenses.mkrum — MKrum selected 1 / 10 clients: [25]  |  rejected: [1, 43, 50, 64, 65, 71, 90, 91, 97]
04:22:58  INFO      defenses.mkrum — MKrum selected 1 / 10 clients: [78]  |  rejected: [0, 12, 31, 38, 41, 56, 65, 74, 80]
04:23:32  INFO      defenses.mkrum — MKrum selected 1 / 10 clients: [19]  |  rejected: [9, 37, 41, 44, 52, 63, 89, 92, 97]
04:24:13  INFO      defenses.mkrum — MKrum selected 1 / 10 clients: [93]  |  rejected: [4, 6, 10, 15, 43, 47, 72, 86, 96]
04:24:48  INFO      defenses.mkrum — MKrum selected 1 / 10 clients: [48]  |  rejected: [0, 26, 31, 45, 52, 58, 67, 89, 91]
04:24:51  INFO      experiment.runner — Round  221/240  |  acc:  76.42%  loss: 1.0110  |  FPR: 90.0%  |  mF1: 76.5%
04:25:28  INFO      defenses.mkrum — MKrum selected 1 / 10 clients: [93]  |  rejected: [5, 12, 21, 34, 46, 49, 68, 77, 98]
04:26:02  INFO      defenses.mkrum — MKrum selected 1 / 10 clients: [17]  |  rejected: [1, 12, 26, 29, 42, 49, 69, 81, 96]
04:26:41  INFO      defenses.mkrum — MKrum selected 1 / 10 clients: [70]  |  rejected: [1, 12, 20, 24, 51, 53, 81, 96, 99]
04:27:15  INFO      defenses.mkrum — MKrum selected 1 / 10 clients: [93]  |  rejected: [5, 10, 15, 20, 48, 52, 53, 75, 87]
04:27:52  INFO      defenses.mkrum — MKrum selected 1 / 10 clients: [11]  |  rejected: [7, 25, 26, 42, 43, 50, 80, 82, 99]
04:28:29  INFO      defenses.mkrum — MKrum selected 1 / 10 clients: [17]  |  rejected: [34, 36, 45, 52, 54, 56, 65, 81, 90]
04:29:03  INFO      defenses.mkrum — MKrum selected 1 / 10 clients: [25]  |  rejected: [9, 21, 34, 42, 56, 58, 70, 72, 90]
04:29:42  INFO      defenses.mkrum — MKrum selected 1 / 10 clients: [70]  |  rejected: [9, 24, 39, 42, 52, 55, 60, 64, 74]
04:30:16  INFO      defenses.mkrum — MKrum selected 1 / 10 clients: [59]  |  rejected: [18, 32, 60, 62, 63, 85, 88, 91, 94]
04:30:52  INFO      defenses.mkrum — MKrum selected 1 / 10 clients: [12]  |  rejected: [0, 5, 13, 35, 38, 58, 74, 84, 92]
04:30:56  INFO      experiment.runner — Round  231/240  |  acc:  76.02%  loss: 1.0485  |  FPR: 90.0%  |  mF1: 76.1%
04:31:28  INFO      defenses.mkrum — MKrum selected 1 / 10 clients: [11]  |  rejected: [6, 13, 37, 39, 46, 71, 76, 82, 86]
04:32:05  INFO      defenses.mkrum — MKrum selected 1 / 10 clients: [11]  |  rejected: [30, 39, 48, 56, 62, 79, 82, 86, 88]
04:32:40  INFO      defenses.mkrum — MKrum selected 1 / 10 clients: [47]  |  rejected: [1, 20, 29, 42, 43, 44, 46, 51, 71]
04:33:14  INFO      defenses.mkrum — MKrum selected 1 / 10 clients: [55]  |  rejected: [6, 16, 21, 32, 41, 42, 46, 56, 96]
04:33:52  INFO      defenses.mkrum — MKrum selected 1 / 10 clients: [11]  |  rejected: [15, 17, 22, 26, 30, 38, 54, 67, 74]
04:34:26  INFO      defenses.mkrum — MKrum selected 1 / 10 clients: [25]  |  rejected: [7, 20, 34, 41, 56, 71, 76, 91, 93]
04:35:06  INFO      defenses.mkrum — MKrum selected 1 / 10 clients: [70]  |  rejected: [0, 8, 23, 24, 27, 42, 63, 67, 89]
04:35:41  INFO      defenses.mkrum — MKrum selected 1 / 10 clients: [11]  |  rejected: [27, 31, 39, 48, 60, 71, 73, 79, 83]
04:36:22  INFO      defenses.mkrum — MKrum selected 1 / 10 clients: [17]  |  rejected: [12, 22, 32, 34, 48, 62, 87, 92, 99]
04:36:26  INFO      experiment.runner — Round  240/240  |  acc:  78.83%  loss: 0.9829  |  FPR: 90.0%  |  mF1: 78.9%
04:36:27  INFO      experiment.runner — Final model saved to results/benchmark/cifar10_none_krum_seed6/final_model.pt
04:36:27  INFO      experiment.runner — Client atypicality written to results/benchmark/cifar10_none_krum_seed6/client_atypicality.json
04:36:27  INFO      experiment.runner — Client inclusion rates written to results/benchmark/cifar10_none_krum_seed6/client_inclusion.csv
04:36:27  INFO      experiment.runner — Anomaly scores written to results/benchmark/cifar10_none_krum_seed6/anomaly_scores.csv (2400 rows)
04:36:27  INFO      benchmark — ✓  cifar10_none_krum_seed6  (147.3 min)
04:36:27  INFO      benchmark — ▶  cifar10_none_krum_seed7
04:36:27  INFO      experiment.runner — Initialising 'cifar10_none_krum_seed7' | device=cuda | rounds=240 | clients=10/100 | attack=none | defense=mkrum
04:36:30  INFO      defenses.mkrum — MKrumServer initialised — f=1 Byzantine, selecting m=1 updates.
04:36:42  INFO      experiment.utils — Built 100 clients — 0 malicious, 100 benign.
04:36:42  INFO      experiment.runner — Setup complete — 100 clients (0 malicious) | backdoor eval: none

==============================================================
  Summary — 25 rounds evaluated
==============================================================
  Final clean accuracy               78.83%
  Best  clean accuracy               79.53%
  Final clean loss                   0.9829
  Macro F1                           78.94%
  Pooled FPR (all rounds)            90.00%
==============================================================

Files already downloaded and verified
Files already downloaded and verified
Files already downloaded and verified
Files already downloaded and verified
04:37:15  INFO      defenses.mkrum — MKrum selected 1 / 10 clients: [74]  |  rejected: [6, 9, 12, 19, 41, 46, 50, 68, 83]
04:37:19  INFO      experiment.runner — Round    1/240  |  acc:  24.90%  loss: 2.5514  |  FPR: 90.0%  |  mF1: 22.0%
04:37:56  INFO      defenses.mkrum — MKrum selected 1 / 10 clients: [64]  |  rejected: [4, 7, 8, 11, 27, 30, 53, 55, 70]
04:38:30  INFO      defenses.mkrum — MKrum selected 1 / 10 clients: [28]  |  rejected: [6, 7, 15, 50, 54, 72, 73, 74, 80]
04:39:10  INFO      defenses.mkrum — MKrum selected 1 / 10 clients: [28]  |  rejected: [5, 15, 17, 18, 37, 53, 69, 71, 73]
04:39:44  INFO      defenses.mkrum — MKrum selected 1 / 10 clients: [74]  |  rejected: [13, 23, 24, 39, 47, 71, 73, 81, 87]
04:40:22  INFO      defenses.mkrum — MKrum selected 1 / 10 clients: [91]  |  rejected: [7, 8, 12, 26, 63, 70, 72, 79, 87]
04:41:01  INFO      defenses.mkrum — MKrum selected 1 / 10 clients: [68]  |  rejected: [31, 38, 40, 46, 54, 58, 59, 74, 99]
04:41:35  INFO      defenses.mkrum — MKrum selected 1 / 10 clients: [89]  |  rejected: [10, 23, 31, 38, 43, 63, 67, 73, 99]
04:42:13  INFO      defenses.mkrum — MKrum selected 1 / 10 clients: [9]  |  rejected: [15, 21, 36, 53, 57, 65, 77, 93, 96]
04:42:47  INFO      defenses.mkrum — MKrum selected 1 / 10 clients: [9]  |  rejected: [5, 19, 43, 53, 62, 71, 73, 85, 97]
04:43:26  INFO      defenses.mkrum — MKrum selected 1 / 10 clients: [74]  |  rejected: [8, 11, 40, 43, 44, 58, 63, 76, 88]
04:43:30  INFO      experiment.runner — Round   11/240  |  acc:  47.14%  loss: 1.6160  |  FPR: 90.0%  |  mF1: 45.7%
04:44:04  INFO      defenses.mkrum — MKrum selected 1 / 10 clients: [93]  |  rejected: [7, 8, 34, 39, 60, 73, 82, 85, 89]
04:44:45  INFO      defenses.mkrum — MKrum selected 1 / 10 clients: [36]  |  rejected: [2, 44, 45, 49, 57, 59, 85, 87, 91]
04:45:22  INFO      defenses.mkrum — MKrum selected 1 / 10 clients: [36]  |  rejected: [7, 14, 16, 21, 27, 63, 78, 94, 98]
04:45:59  INFO      defenses.mkrum — MKrum selected 1 / 10 clients: [35]  |  rejected: [10, 17, 21, 31, 50, 51, 57, 63, 70]
04:46:38  INFO      defenses.mkrum — MKrum selected 1 / 10 clients: [35]  |  rejected: [19, 29, 45, 48, 53, 55, 70, 87, 90]
04:47:14  INFO      defenses.mkrum — MKrum selected 1 / 10 clients: [10]  |  rejected: [1, 19, 22, 23, 29, 33, 62, 75, 84]
04:47:52  INFO      defenses.mkrum — MKrum selected 1 / 10 clients: [68]  |  rejected: [0, 16, 18, 36, 40, 47, 53, 72, 78]
04:48:27  INFO      defenses.mkrum — MKrum selected 1 / 10 clients: [79]  |  rejected: [6, 58, 65, 83, 86, 87, 88, 94, 99]
04:49:05  INFO      defenses.mkrum — MKrum selected 1 / 10 clients: [81]  |  rejected: [7, 8, 13, 24, 26, 50, 51, 61, 71]
04:49:41  INFO      defenses.mkrum — MKrum selected 1 / 10 clients: [72]  |  rejected: [0, 6, 13, 14, 19, 20, 43, 56, 76]
04:49:44  INFO      experiment.runner — Round   21/240  |  acc:  53.51%  loss: 1.4652  |  FPR: 90.0%  |  mF1: 51.7%
04:50:26  INFO      defenses.mkrum — MKrum selected 1 / 10 clients: [81]  |  rejected: [3, 9, 12, 19, 26, 46, 48, 68, 78]
04:51:00  INFO      defenses.mkrum — MKrum selected 1 / 10 clients: [32]  |  rejected: [14, 15, 44, 46, 59, 60, 61, 62, 77]
04:51:39  INFO      defenses.mkrum — MKrum selected 1 / 10 clients: [33]  |  rejected: [10, 13, 18, 39, 43, 61, 88, 94, 95]
04:52:14  INFO      defenses.mkrum — MKrum selected 1 / 10 clients: [66]  |  rejected: [2, 3, 18, 20, 26, 46, 67, 69, 88]
04:52:48  INFO      defenses.mkrum — MKrum selected 1 / 10 clients: [33]  |  rejected: [11, 21, 38, 46, 66, 67, 82, 89, 97]
04:53:25  INFO      defenses.mkrum — MKrum selected 1 / 10 clients: [81]  |  rejected: [28, 42, 45, 64, 68, 69, 78, 98, 99]
04:53:59  INFO      defenses.mkrum — MKrum selected 1 / 10 clients: [30]  |  rejected: [24, 25, 29, 45, 51, 63, 66, 94, 97]
04:54:36  INFO      defenses.mkrum — MKrum selected 1 / 10 clients: [3]  |  rejected: [24, 33, 35, 44, 57, 60, 77, 88, 93]
04:55:10  INFO      defenses.mkrum — MKrum selected 1 / 10 clients: [60]  |  rejected: [10, 13, 25, 28, 29, 43, 44, 46, 92]
04:55:51  INFO      defenses.mkrum — MKrum selected 1 / 10 clients: [61]  |  rejected: [0, 10, 26, 44, 78, 79, 82, 83, 84]
04:55:56  INFO      experiment.runner — Round   31/240  |  acc:  57.44%  loss: 1.3036  |  FPR: 90.0%  |  mF1: 57.3%
04:56:28  INFO      defenses.mkrum — MKrum selected 1 / 10 clients: [61]  |  rejected: [15, 22, 25, 42, 49, 55, 81, 91, 96]
04:57:02  INFO      defenses.mkrum — MKrum selected 1 / 10 clients: [16]  |  rejected: [10, 11, 20, 21, 50, 51, 59, 92, 95]
04:57:40  INFO      defenses.mkrum — MKrum selected 1 / 10 clients: [3]  |  rejected: [18, 19, 59, 60, 75, 76, 78, 83, 84]
04:58:13  INFO      defenses.mkrum — MKrum selected 1 / 10 clients: [16]  |  rejected: [1, 2, 13, 19, 44, 67, 70, 83, 92]
04:58:50  INFO      defenses.mkrum — MKrum selected 1 / 10 clients: [32]  |  rejected: [3, 17, 24, 27, 30, 37, 55, 64, 95]
04:59:26  INFO      defenses.mkrum — MKrum selected 1 / 10 clients: [16]  |  rejected: [7, 33, 41, 45, 53, 69, 75, 94, 97]
05:00:04  INFO      defenses.mkrum — MKrum selected 1 / 10 clients: [16]  |  rejected: [19, 53, 58, 64, 66, 67, 68, 74, 84]
05:00:38  INFO      defenses.mkrum — MKrum selected 1 / 10 clients: [19]  |  rejected: [0, 2, 18, 22, 23, 56, 65, 77, 99]
05:01:19  INFO      defenses.mkrum — MKrum selected 1 / 10 clients: [66]  |  rejected: [7, 15, 41, 60, 67, 71, 79, 87, 92]
05:01:56  INFO      defenses.mkrum — MKrum selected 1 / 10 clients: [61]  |  rejected: [5, 7, 13, 24, 31, 35, 71, 98, 99]
05:01:59  INFO      experiment.runner — Round   41/240  |  acc:  62.37%  loss: 1.2894  |  FPR: 90.0%  |  mF1: 62.0%
05:02:33  INFO      defenses.mkrum — MKrum selected 1 / 10 clients: [78]  |  rejected: [3, 8, 12, 41, 56, 57, 64, 71, 97]
05:03:09  INFO      defenses.mkrum — MKrum selected 1 / 10 clients: [61]  |  rejected: [25, 31, 35, 57, 64, 65, 68, 77, 88]
05:03:43  INFO      defenses.mkrum — MKrum selected 1 / 10 clients: [66]  |  rejected: [15, 17, 25, 33, 50, 53, 57, 71, 89]
05:04:20  INFO      defenses.mkrum — MKrum selected 1 / 10 clients: [30]  |  rejected: [9, 15, 27, 38, 40, 54, 56, 85, 99]
05:04:53  INFO      defenses.mkrum — MKrum selected 1 / 10 clients: [32]  |  rejected: [17, 18, 19, 28, 46, 59, 82, 84, 91]
05:05:33  INFO      defenses.mkrum — MKrum selected 1 / 10 clients: [20]  |  rejected: [12, 28, 50, 55, 62, 65, 85, 90, 95]
05:06:09  INFO      defenses.mkrum — MKrum selected 1 / 10 clients: [11]  |  rejected: [2, 25, 40, 43, 45, 46, 51, 53, 92]
05:06:43  INFO      defenses.mkrum — MKrum selected 1 / 10 clients: [56]  |  rejected: [2, 42, 43, 49, 58, 66, 70, 79, 90]
05:07:21  INFO      defenses.mkrum — MKrum selected 1 / 10 clients: [5]  |  rejected: [8, 10, 13, 14, 29, 33, 34, 37, 65]
05:07:55  INFO      defenses.mkrum — MKrum selected 1 / 10 clients: [16]  |  rejected: [19, 23, 33, 34, 51, 54, 86, 96, 99]
05:07:58  INFO      experiment.runner — Round   51/240  |  acc:  63.95%  loss: 1.2148  |  FPR: 90.0%  |  mF1: 64.1%
05:08:35  INFO      defenses.mkrum — MKrum selected 1 / 10 clients: [11]  |  rejected: [7, 35, 41, 63, 65, 68, 73, 88, 89]
05:09:09  INFO      defenses.mkrum — MKrum selected 1 / 10 clients: [11]  |  rejected: [2, 9, 10, 23, 33, 34, 54, 77, 81]
05:09:46  INFO      defenses.mkrum — MKrum selected 1 / 10 clients: [15]  |  rejected: [1, 8, 28, 33, 34, 43, 53, 58, 70]
05:10:22  INFO      defenses.mkrum — MKrum selected 1 / 10 clients: [5]  |  rejected: [6, 14, 16, 20, 30, 33, 67, 79, 90]
05:10:55  INFO      defenses.mkrum — MKrum selected 1 / 10 clients: [67]  |  rejected: [23, 25, 26, 37, 39, 57, 64, 80, 97]
05:11:35  INFO      defenses.mkrum — MKrum selected 1 / 10 clients: [32]  |  rejected: [1, 2, 4, 22, 34, 44, 64, 86, 93]
05:12:09  INFO      defenses.mkrum — MKrum selected 1 / 10 clients: [70]  |  rejected: [13, 24, 31, 55, 57, 60, 65, 83, 84]
05:12:47  INFO      defenses.mkrum — MKrum selected 1 / 10 clients: [63]  |  rejected: [27, 29, 39, 43, 50, 64, 69, 84, 88]
05:13:20  INFO      defenses.mkrum — MKrum selected 1 / 10 clients: [93]  |  rejected: [1, 6, 16, 17, 25, 44, 51, 81, 90]
05:14:00  INFO      defenses.mkrum — MKrum selected 1 / 10 clients: [94]  |  rejected: [7, 9, 10, 20, 32, 48, 55, 80, 85]
05:14:05  INFO      experiment.runner — Round   61/240  |  acc:  66.15%  loss: 1.1250  |  FPR: 90.0%  |  mF1: 66.3%
05:14:39  INFO      defenses.mkrum — MKrum selected 1 / 10 clients: [5]  |  rejected: [23, 31, 36, 37, 58, 64, 76, 85, 88]
05:15:18  INFO      defenses.mkrum — MKrum selected 1 / 10 clients: [41]  |  rejected: [0, 20, 31, 33, 34, 42, 46, 57, 70]
05:15:56  INFO      defenses.mkrum — MKrum selected 1 / 10 clients: [27]  |  rejected: [0, 4, 10, 23, 39, 42, 45, 48, 60]
05:16:36  INFO      defenses.mkrum — MKrum selected 1 / 10 clients: [11]  |  rejected: [0, 18, 25, 31, 33, 35, 64, 83, 99]
05:17:15  INFO      defenses.mkrum — MKrum selected 1 / 10 clients: [5]  |  rejected: [2, 10, 29, 38, 50, 51, 74, 75, 80]
05:17:50  INFO      defenses.mkrum — MKrum selected 1 / 10 clients: [41]  |  rejected: [19, 49, 67, 76, 84, 91, 92, 96, 97]
05:18:29  INFO      defenses.mkrum — MKrum selected 1 / 10 clients: [5]  |  rejected: [18, 19, 36, 63, 65, 79, 82, 91, 92]
05:19:03  INFO      defenses.mkrum — MKrum selected 1 / 10 clients: [67]  |  rejected: [2, 17, 54, 64, 72, 80, 89, 93, 96]
05:19:41  INFO      defenses.mkrum — MKrum selected 1 / 10 clients: [5]  |  rejected: [3, 10, 17, 29, 74, 82, 87, 88, 91]
05:20:15  INFO      defenses.mkrum — MKrum selected 1 / 10 clients: [68]  |  rejected: [2, 6, 13, 46, 48, 57, 71, 80, 81]
05:20:18  INFO      experiment.runner — Round   71/240  |  acc:  68.67%  loss: 1.0883  |  FPR: 90.0%  |  mF1: 69.0%
05:20:58  INFO      defenses.mkrum — MKrum selected 1 / 10 clients: [68]  |  rejected: [0, 8, 31, 33, 58, 62, 64, 87, 95]
05:21:33  INFO      defenses.mkrum — MKrum selected 1 / 10 clients: [11]  |  rejected: [8, 9, 32, 33, 60, 67, 84, 94, 95]
05:22:09  INFO      defenses.mkrum — MKrum selected 1 / 10 clients: [94]  |  rejected: [26, 29, 30, 48, 58, 63, 83, 93, 96]
05:22:48  INFO      defenses.mkrum — MKrum selected 1 / 10 clients: [5]  |  rejected: [9, 25, 36, 61, 78, 80, 82, 87, 98]
05:23:23  INFO      defenses.mkrum — MKrum selected 1 / 10 clients: [32]  |  rejected: [9, 18, 38, 42, 76, 79, 83, 88, 95]
05:24:02  INFO      defenses.mkrum — MKrum selected 1 / 10 clients: [61]  |  rejected: [1, 7, 12, 17, 34, 62, 72, 86, 88]
05:24:36  INFO      defenses.mkrum — MKrum selected 1 / 10 clients: [15]  |  rejected: [27, 36, 37, 59, 62, 66, 86, 90, 98]
05:25:18  INFO      defenses.mkrum — MKrum selected 1 / 10 clients: [70]  |  rejected: [2, 9, 10, 25, 37, 39, 58, 60, 64]
05:25:52  INFO      defenses.mkrum — MKrum selected 1 / 10 clients: [11]  |  rejected: [9, 18, 26, 34, 49, 57, 67, 74, 95]
05:26:35  INFO      defenses.mkrum — MKrum selected 1 / 10 clients: [14]  |  rejected: [16, 29, 33, 35, 46, 65, 77, 80, 90]
05:26:42  INFO      experiment.runner — Round   81/240  |  acc:  68.96%  loss: 1.0966  |  FPR: 90.0%  |  mF1: 68.7%
05:27:21  INFO      defenses.mkrum — MKrum selected 1 / 10 clients: [20]  |  rejected: [0, 3, 38, 50, 51, 57, 62, 63, 87]
05:27:58  INFO      defenses.mkrum — MKrum selected 1 / 10 clients: [15]  |  rejected: [0, 18, 40, 41, 42, 44, 48, 53, 93]
05:28:43  INFO      defenses.mkrum — MKrum selected 1 / 10 clients: [15]  |  rejected: [1, 25, 32, 37, 43, 50, 91, 94, 96]
05:29:17  INFO      defenses.mkrum — MKrum selected 1 / 10 clients: [75]  |  rejected: [8, 9, 35, 46, 47, 49, 50, 54, 96]
05:29:56  INFO      defenses.mkrum — MKrum selected 1 / 10 clients: [35]  |  rejected: [6, 13, 19, 31, 34, 36, 55, 81, 84]
05:30:31  INFO      defenses.mkrum — MKrum selected 1 / 10 clients: [97]  |  rejected: [3, 24, 40, 47, 51, 54, 65, 80, 98]
05:31:10  INFO      defenses.mkrum — MKrum selected 1 / 10 clients: [70]  |  rejected: [6, 10, 26, 52, 57, 78, 92, 93, 96]
05:31:44  INFO      defenses.mkrum — MKrum selected 1 / 10 clients: [70]  |  rejected: [6, 16, 17, 21, 36, 53, 60, 62, 82]
05:32:24  INFO      defenses.mkrum — MKrum selected 1 / 10 clients: [61]  |  rejected: [30, 32, 33, 36, 38, 43, 51, 83, 94]
05:33:00  INFO      defenses.mkrum — MKrum selected 1 / 10 clients: [20]  |  rejected: [9, 15, 21, 26, 50, 64, 71, 82, 85]
05:33:04  INFO      experiment.runner — Round   91/240  |  acc:  69.69%  loss: 1.1034  |  FPR: 90.0%  |  mF1: 70.0%
05:33:44  INFO      defenses.mkrum — MKrum selected 1 / 10 clients: [70]  |  rejected: [17, 24, 28, 31, 42, 54, 57, 63, 97]
05:34:22  INFO      defenses.mkrum — MKrum selected 1 / 10 clients: [11]  |  rejected: [22, 25, 30, 33, 40, 43, 47, 71, 72]
05:34:57  INFO      defenses.mkrum — MKrum selected 1 / 10 clients: [49]  |  rejected: [2, 26, 34, 43, 48, 52, 67, 95, 96]
05:35:36  INFO      defenses.mkrum — MKrum selected 1 / 10 clients: [63]  |  rejected: [7, 16, 35, 46, 64, 67, 73, 80, 87]
05:36:11  INFO      defenses.mkrum — MKrum selected 1 / 10 clients: [11]  |  rejected: [27, 31, 34, 39, 49, 51, 55, 57, 82]
05:36:49  INFO      defenses.mkrum — MKrum selected 1 / 10 clients: [97]  |  rejected: [0, 2, 4, 16, 54, 60, 62, 75, 90]
05:37:24  INFO      defenses.mkrum — MKrum selected 1 / 10 clients: [66]  |  rejected: [9, 13, 19, 28, 31, 50, 57, 59, 67]
05:38:05  INFO      defenses.mkrum — MKrum selected 1 / 10 clients: [70]  |  rejected: [10, 13, 58, 82, 87, 89, 92, 97, 99]
05:38:43  INFO      defenses.mkrum — MKrum selected 1 / 10 clients: [5]  |  rejected: [0, 4, 16, 29, 38, 72, 80, 82, 91]
05:39:21  INFO      defenses.mkrum — MKrum selected 1 / 10 clients: [97]  |  rejected: [9, 12, 14, 32, 38, 55, 67, 81, 89]
05:39:28  INFO      experiment.runner — Round  101/240  |  acc:  73.43%  loss: 1.0124  |  FPR: 90.0%  |  mF1: 73.4%
05:40:05  INFO      defenses.mkrum — MKrum selected 1 / 10 clients: [49]  |  rejected: [0, 1, 24, 28, 33, 67, 68, 74, 76]
05:40:38  INFO      defenses.mkrum — MKrum selected 1 / 10 clients: [70]  |  rejected: [30, 31, 35, 38, 40, 58, 60, 67, 82]
05:41:19  INFO      defenses.mkrum — MKrum selected 1 / 10 clients: [63]  |  rejected: [2, 3, 7, 24, 31, 39, 52, 83, 90]
05:41:53  INFO      defenses.mkrum — MKrum selected 1 / 10 clients: [63]  |  rejected: [10, 29, 32, 47, 53, 54, 82, 85, 86]
05:42:34  INFO      defenses.mkrum — MKrum selected 1 / 10 clients: [53]  |  rejected: [0, 4, 25, 43, 46, 50, 87, 89, 91]
05:43:09  INFO      defenses.mkrum — MKrum selected 1 / 10 clients: [63]  |  rejected: [8, 24, 25, 26, 37, 39, 64, 94, 98]
05:43:52  INFO      defenses.mkrum — MKrum selected 1 / 10 clients: [63]  |  rejected: [13, 28, 29, 33, 37, 59, 78, 79, 97]
05:44:26  INFO      defenses.mkrum — MKrum selected 1 / 10 clients: [53]  |  rejected: [6, 7, 18, 23, 28, 50, 62, 76, 85]
05:45:07  INFO      defenses.mkrum — MKrum selected 1 / 10 clients: [53]  |  rejected: [3, 6, 7, 18, 23, 27, 50, 76, 90]
05:45:43  INFO      defenses.mkrum — MKrum selected 1 / 10 clients: [10]  |  rejected: [14, 21, 23, 24, 40, 42, 57, 91, 93]
05:45:46  INFO      experiment.runner — Round  111/240  |  acc:  66.70%  loss: 1.3150  |  FPR: 90.0%  |  mF1: 67.1%
05:46:24  INFO      defenses.mkrum — MKrum selected 1 / 10 clients: [67]  |  rejected: [4, 39, 47, 48, 59, 83, 85, 92, 95]
05:47:01  INFO      defenses.mkrum — MKrum selected 1 / 10 clients: [53]  |  rejected: [0, 10, 13, 15, 21, 35, 42, 44, 56]
05:47:35  INFO      defenses.mkrum — MKrum selected 1 / 10 clients: [11]  |  rejected: [6, 26, 39, 45, 48, 55, 71, 97, 98]
05:48:14  INFO      defenses.mkrum — MKrum selected 1 / 10 clients: [94]  |  rejected: [24, 25, 41, 46, 47, 57, 60, 69, 90]
05:48:51  INFO      defenses.mkrum — MKrum selected 1 / 10 clients: [5]  |  rejected: [3, 4, 31, 48, 51, 52, 60, 80, 98]
05:49:30  INFO      defenses.mkrum — MKrum selected 1 / 10 clients: [32]  |  rejected: [7, 8, 24, 34, 43, 46, 59, 77, 95]
05:50:04  INFO      defenses.mkrum — MKrum selected 1 / 10 clients: [5]  |  rejected: [33, 35, 38, 40, 42, 78, 88, 91, 95]
05:50:39  INFO      defenses.mkrum — MKrum selected 1 / 10 clients: [3]  |  rejected: [0, 8, 13, 29, 60, 76, 81, 92, 96]
05:51:18  INFO      defenses.mkrum — MKrum selected 1 / 10 clients: [32]  |  rejected: [1, 16, 23, 49, 55, 59, 63, 91, 99]
05:51:52  INFO      defenses.mkrum — MKrum selected 1 / 10 clients: [94]  |  rejected: [19, 30, 38, 40, 41, 58, 77, 88, 98]
05:51:55  INFO      experiment.runner — Round  121/240  |  acc:  72.98%  loss: 1.1008  |  FPR: 90.0%  |  mF1: 73.0%
05:52:32  INFO      defenses.mkrum — MKrum selected 1 / 10 clients: [20]  |  rejected: [10, 25, 31, 46, 50, 52, 65, 76, 96]
05:53:06  INFO      defenses.mkrum — MKrum selected 1 / 10 clients: [20]  |  rejected: [4, 8, 13, 41, 54, 61, 69, 70, 83]
05:53:43  INFO      defenses.mkrum — MKrum selected 1 / 10 clients: [63]  |  rejected: [9, 10, 12, 26, 33, 53, 57, 79, 90]
05:54:16  INFO      defenses.mkrum — MKrum selected 1 / 10 clients: [53]  |  rejected: [17, 22, 29, 30, 58, 68, 79, 86, 95]
05:54:56  INFO      defenses.mkrum — MKrum selected 1 / 10 clients: [32]  |  rejected: [15, 34, 35, 37, 47, 72, 85, 97, 99]
05:55:33  INFO      defenses.mkrum — MKrum selected 1 / 10 clients: [94]  |  rejected: [19, 23, 25, 30, 31, 33, 36, 56, 74]
05:56:07  INFO      defenses.mkrum — MKrum selected 1 / 10 clients: [32]  |  rejected: [8, 24, 29, 31, 41, 50, 64, 67, 83]
05:56:46  INFO      defenses.mkrum — MKrum selected 1 / 10 clients: [57]  |  rejected: [0, 4, 12, 13, 29, 47, 59, 60, 83]
05:57:20  INFO      defenses.mkrum — MKrum selected 1 / 10 clients: [5]  |  rejected: [6, 9, 15, 24, 29, 37, 47, 74, 76]
05:57:57  INFO      defenses.mkrum — MKrum selected 1 / 10 clients: [57]  |  rejected: [0, 13, 22, 33, 65, 77, 81, 85, 99]
05:58:01  INFO      experiment.runner — Round  131/240  |  acc:  73.37%  loss: 1.0530  |  FPR: 90.0%  |  mF1: 73.0%
05:58:35  INFO      defenses.mkrum — MKrum selected 1 / 10 clients: [5]  |  rejected: [4, 18, 27, 43, 44, 47, 76, 79, 90]
05:59:17  INFO      defenses.mkrum — MKrum selected 1 / 10 clients: [32]  |  rejected: [1, 4, 26, 41, 52, 76, 83, 86, 93]
05:59:52  INFO      defenses.mkrum — MKrum selected 1 / 10 clients: [63]  |  rejected: [4, 9, 23, 26, 39, 47, 61, 70, 79]
06:00:31  INFO      defenses.mkrum — MKrum selected 1 / 10 clients: [11]  |  rejected: [8, 12, 19, 50, 52, 68, 70, 81, 84]
06:01:08  INFO      defenses.mkrum — MKrum selected 1 / 10 clients: [53]  |  rejected: [20, 34, 36, 39, 50, 52, 83, 85, 89]
06:01:42  INFO      defenses.mkrum — MKrum selected 1 / 10 clients: [53]  |  rejected: [2, 6, 39, 45, 46, 72, 82, 95, 98]
06:02:20  INFO      defenses.mkrum — MKrum selected 1 / 10 clients: [20]  |  rejected: [0, 14, 25, 26, 50, 51, 54, 55, 93]
06:02:53  INFO      defenses.mkrum — MKrum selected 1 / 10 clients: [20]  |  rejected: [1, 6, 11, 16, 46, 51, 58, 73, 98]
06:03:31  INFO      defenses.mkrum — MKrum selected 1 / 10 clients: [11]  |  rejected: [18, 47, 50, 64, 70, 73, 79, 82, 94]
06:04:13  INFO      defenses.mkrum — MKrum selected 1 / 10 clients: [20]  |  rejected: [8, 13, 18, 21, 36, 44, 49, 62, 66]
06:04:18  INFO      experiment.runner — Round  141/240  |  acc:  74.31%  loss: 1.1373  |  FPR: 90.0%  |  mF1: 74.4%
06:04:56  INFO      defenses.mkrum — MKrum selected 1 / 10 clients: [5]  |  rejected: [6, 16, 25, 38, 40, 61, 77, 81, 96]
06:05:30  INFO      defenses.mkrum — MKrum selected 1 / 10 clients: [11]  |  rejected: [20, 28, 49, 51, 78, 79, 81, 88, 91]
06:06:08  INFO      defenses.mkrum — MKrum selected 1 / 10 clients: [5]  |  rejected: [20, 23, 25, 27, 49, 51, 60, 66, 72]
06:06:45  INFO      defenses.mkrum — MKrum selected 1 / 10 clients: [5]  |  rejected: [15, 19, 24, 31, 45, 71, 86, 92, 96]
06:07:20  INFO      defenses.mkrum — MKrum selected 1 / 10 clients: [70]  |  rejected: [4, 15, 41, 49, 58, 76, 80, 85, 99]
06:07:58  INFO      defenses.mkrum — MKrum selected 1 / 10 clients: [53]  |  rejected: [31, 39, 47, 49, 54, 57, 74, 83, 84]
06:08:32  INFO      defenses.mkrum — MKrum selected 1 / 10 clients: [57]  |  rejected: [0, 2, 22, 30, 56, 59, 62, 64, 79]
06:09:10  INFO      defenses.mkrum — MKrum selected 1 / 10 clients: [97]  |  rejected: [8, 13, 16, 22, 51, 58, 60, 79, 99]
06:09:46  INFO      defenses.mkrum — MKrum selected 1 / 10 clients: [11]  |  rejected: [5, 45, 46, 55, 56, 64, 65, 81, 84]
06:10:24  INFO      defenses.mkrum — MKrum selected 1 / 10 clients: [10]  |  rejected: [6, 16, 40, 64, 65, 92, 93, 96, 99]
06:10:30  INFO      experiment.runner — Round  151/240  |  acc:  72.41%  loss: 1.1988  |  FPR: 90.0%  |  mF1: 72.3%
06:11:02  INFO      defenses.mkrum — MKrum selected 1 / 10 clients: [78]  |  rejected: [3, 8, 14, 17, 24, 48, 83, 88, 93]
06:11:36  INFO      defenses.mkrum — MKrum selected 1 / 10 clients: [78]  |  rejected: [8, 16, 21, 28, 36, 44, 62, 87, 92]
06:12:13  INFO      defenses.mkrum — MKrum selected 1 / 10 clients: [78]  |  rejected: [18, 20, 32, 35, 41, 58, 61, 64, 96]
06:12:47  INFO      defenses.mkrum — MKrum selected 1 / 10 clients: [78]  |  rejected: [4, 25, 26, 30, 33, 40, 47, 64, 75]
06:13:25  INFO      defenses.mkrum — MKrum selected 1 / 10 clients: [41]  |  rejected: [20, 21, 23, 33, 35, 48, 51, 81, 86]
06:13:59  INFO      defenses.mkrum — MKrum selected 1 / 10 clients: [57]  |  rejected: [6, 14, 46, 66, 67, 71, 74, 81, 98]
06:14:45  INFO      defenses.mkrum — MKrum selected 1 / 10 clients: [32]  |  rejected: [13, 33, 47, 48, 50, 68, 80, 88, 94]
06:15:22  INFO      defenses.mkrum — MKrum selected 1 / 10 clients: [10]  |  rejected: [18, 22, 29, 42, 46, 47, 56, 73, 97]
06:15:56  INFO      defenses.mkrum — MKrum selected 1 / 10 clients: [78]  |  rejected: [6, 32, 37, 39, 66, 74, 81, 84, 95]
06:16:35  INFO      defenses.mkrum — MKrum selected 1 / 10 clients: [78]  |  rejected: [0, 4, 19, 28, 37, 40, 80, 93, 95]
06:16:39  INFO      experiment.runner — Round  161/240  |  acc:  76.03%  loss: 1.0258  |  FPR: 90.0%  |  mF1: 75.9%
06:17:12  INFO      defenses.mkrum — MKrum selected 1 / 10 clients: [78]  |  rejected: [6, 16, 29, 46, 53, 55, 62, 65, 83]
06:17:51  INFO      defenses.mkrum — MKrum selected 1 / 10 clients: [5]  |  rejected: [0, 2, 6, 13, 38, 45, 66, 68, 72]
06:18:26  INFO      defenses.mkrum — MKrum selected 1 / 10 clients: [75]  |  rejected: [17, 26, 28, 38, 46, 52, 60, 74, 79]
06:19:06  INFO      defenses.mkrum — MKrum selected 1 / 10 clients: [20]  |  rejected: [1, 8, 12, 17, 19, 31, 57, 81, 90]
06:19:41  INFO      defenses.mkrum — MKrum selected 1 / 10 clients: [82]  |  rejected: [1, 7, 18, 33, 34, 44, 51, 71, 85]
06:20:22  INFO      defenses.mkrum — MKrum selected 1 / 10 clients: [82]  |  rejected: [21, 31, 56, 63, 66, 74, 76, 77, 93]
06:21:01  INFO      defenses.mkrum — MKrum selected 1 / 10 clients: [5]  |  rejected: [0, 3, 7, 20, 23, 30, 51, 68, 99]
06:21:35  INFO      defenses.mkrum — MKrum selected 1 / 10 clients: [70]  |  rejected: [1, 13, 18, 25, 52, 66, 77, 78, 84]
06:22:14  INFO      defenses.mkrum — MKrum selected 1 / 10 clients: [82]  |  rejected: [8, 22, 38, 39, 53, 64, 65, 78, 80]
06:22:49  INFO      defenses.mkrum — MKrum selected 1 / 10 clients: [61]  |  rejected: [0, 6, 48, 55, 59, 68, 91, 92, 95]
06:22:53  INFO      experiment.runner — Round  171/240  |  acc:  75.81%  loss: 1.0281  |  FPR: 90.0%  |  mF1: 75.6%
06:23:31  INFO      defenses.mkrum — MKrum selected 1 / 10 clients: [82]  |  rejected: [10, 13, 22, 28, 29, 33, 57, 83, 94]
06:24:06  INFO      defenses.mkrum — MKrum selected 1 / 10 clients: [15]  |  rejected: [4, 6, 33, 34, 42, 81, 88, 91, 95]
06:24:44  INFO      defenses.mkrum — MKrum selected 1 / 10 clients: [82]  |  rejected: [10, 27, 33, 37, 55, 66, 70, 86, 87]
06:25:20  INFO      defenses.mkrum — MKrum selected 1 / 10 clients: [20]  |  rejected: [1, 21, 24, 25, 30, 33, 41, 64, 95]
06:26:02  INFO      defenses.mkrum — MKrum selected 1 / 10 clients: [49]  |  rejected: [30, 42, 48, 60, 68, 76, 80, 85, 88]
06:26:36  INFO      defenses.mkrum — MKrum selected 1 / 10 clients: [3]  |  rejected: [0, 29, 39, 55, 60, 67, 73, 89, 92]
06:27:10  INFO      defenses.mkrum — MKrum selected 1 / 10 clients: [3]  |  rejected: [4, 9, 18, 21, 27, 50, 72, 74, 79]
06:27:49  INFO      defenses.mkrum — MKrum selected 1 / 10 clients: [3]  |  rejected: [5, 13, 14, 17, 18, 20, 44, 79, 89]
06:28:22  INFO      defenses.mkrum — MKrum selected 1 / 10 clients: [5]  |  rejected: [8, 46, 75, 81, 82, 88, 89, 94, 97]
06:28:59  INFO      defenses.mkrum — MKrum selected 1 / 10 clients: [49]  |  rejected: [8, 13, 25, 26, 31, 68, 85, 91, 96]
06:29:02  INFO      experiment.runner — Round  181/240  |  acc:  76.11%  loss: 1.0098  |  FPR: 90.0%  |  mF1: 76.1%
06:29:34  INFO      defenses.mkrum — MKrum selected 1 / 10 clients: [61]  |  rejected: [4, 11, 12, 14, 26, 36, 80, 81, 96]
06:30:13  INFO      defenses.mkrum — MKrum selected 1 / 10 clients: [82]  |  rejected: [12, 16, 26, 33, 37, 40, 43, 54, 96]
06:30:49  INFO      defenses.mkrum — MKrum selected 1 / 10 clients: [32]  |  rejected: [2, 6, 36, 41, 44, 47, 91, 97, 98]
06:31:22  INFO      defenses.mkrum — MKrum selected 1 / 10 clients: [3]  |  rejected: [36, 52, 55, 60, 64, 66, 77, 79, 95]
06:32:01  INFO      defenses.mkrum — MKrum selected 1 / 10 clients: [68]  |  rejected: [6, 12, 27, 44, 60, 72, 90, 91, 98]
06:32:35  INFO      defenses.mkrum — MKrum selected 1 / 10 clients: [11]  |  rejected: [0, 21, 25, 36, 55, 67, 73, 96, 97]
06:33:13  INFO      defenses.mkrum — MKrum selected 1 / 10 clients: [63]  |  rejected: [0, 6, 12, 23, 44, 62, 65, 75, 88]
06:33:48  INFO      defenses.mkrum — MKrum selected 1 / 10 clients: [63]  |  rejected: [14, 20, 21, 27, 29, 33, 36, 73, 89]
06:34:29  INFO      defenses.mkrum — MKrum selected 1 / 10 clients: [41]  |  rejected: [10, 13, 45, 62, 71, 80, 81, 89, 98]
06:35:04  INFO      defenses.mkrum — MKrum selected 1 / 10 clients: [11]  |  rejected: [3, 12, 26, 47, 50, 51, 54, 82, 95]
06:35:07  INFO      experiment.runner — Round  191/240  |  acc:  76.59%  loss: 1.0070  |  FPR: 90.0%  |  mF1: 76.3%
06:35:46  INFO      defenses.mkrum — MKrum selected 1 / 10 clients: [21]  |  rejected: [29, 33, 38, 48, 54, 58, 64, 69, 80]
06:36:24  INFO      defenses.mkrum — MKrum selected 1 / 10 clients: [82]  |  rejected: [4, 16, 44, 68, 74, 76, 77, 88, 96]
06:36:58  INFO      defenses.mkrum — MKrum selected 1 / 10 clients: [94]  |  rejected: [19, 21, 41, 56, 57, 59, 66, 70, 84]
06:37:37  INFO      defenses.mkrum — MKrum selected 1 / 10 clients: [82]  |  rejected: [16, 29, 32, 42, 59, 74, 88, 89, 98]
06:38:12  INFO      defenses.mkrum — MKrum selected 1 / 10 clients: [38]  |  rejected: [19, 24, 30, 34, 64, 79, 90, 92, 96]
06:38:51  INFO      defenses.mkrum — MKrum selected 1 / 10 clients: [20]  |  rejected: [19, 24, 30, 31, 41, 44, 66, 77, 92]
06:39:26  INFO      defenses.mkrum — MKrum selected 1 / 10 clients: [49]  |  rejected: [13, 18, 19, 21, 25, 33, 38, 84, 93]
06:40:06  INFO      defenses.mkrum — MKrum selected 1 / 10 clients: [49]  |  rejected: [13, 25, 26, 35, 38, 55, 59, 81, 93]
06:40:45  INFO      defenses.mkrum — MKrum selected 1 / 10 clients: [4]  |  rejected: [1, 28, 37, 51, 55, 59, 64, 80, 88]
06:41:19  INFO      defenses.mkrum — MKrum selected 1 / 10 clients: [94]  |  rejected: [0, 2, 18, 31, 32, 51, 55, 77, 89]
06:41:25  INFO      experiment.runner — Round  201/240  |  acc:  77.77%  loss: 0.8839  |  FPR: 90.0%  |  mF1: 77.8%
06:42:02  INFO      defenses.mkrum — MKrum selected 1 / 10 clients: [82]  |  rejected: [29, 53, 73, 75, 83, 85, 92, 95, 99]
06:42:37  INFO      defenses.mkrum — MKrum selected 1 / 10 clients: [82]  |  rejected: [15, 23, 29, 40, 55, 58, 74, 86, 89]
06:43:15  INFO      defenses.mkrum — MKrum selected 1 / 10 clients: [20]  |  rejected: [12, 31, 32, 33, 51, 53, 80, 89, 91]
06:43:49  INFO      defenses.mkrum — MKrum selected 1 / 10 clients: [61]  |  rejected: [2, 23, 52, 54, 58, 66, 79, 84, 86]
06:44:25  INFO      defenses.mkrum — MKrum selected 1 / 10 clients: [49]  |  rejected: [1, 4, 13, 32, 41, 62, 69, 83, 99]
06:44:59  INFO      defenses.mkrum — MKrum selected 1 / 10 clients: [20]  |  rejected: [12, 25, 27, 44, 58, 66, 69, 73, 91]
06:45:41  INFO      defenses.mkrum — MKrum selected 1 / 10 clients: [65]  |  rejected: [2, 26, 43, 47, 52, 60, 66, 81, 91]
06:46:17  INFO      defenses.mkrum — MKrum selected 1 / 10 clients: [94]  |  rejected: [15, 23, 26, 50, 58, 65, 87, 93, 97]
06:46:55  INFO      defenses.mkrum — MKrum selected 1 / 10 clients: [32]  |  rejected: [1, 7, 9, 35, 45, 48, 51, 78, 81]
06:47:38  INFO      defenses.mkrum — MKrum selected 1 / 10 clients: [53]  |  rejected: [13, 28, 33, 38, 45, 74, 80, 86, 89]
06:47:41  INFO      experiment.runner — Round  211/240  |  acc:  78.27%  loss: 0.8954  |  FPR: 90.0%  |  mF1: 78.2%
06:48:15  INFO      defenses.mkrum — MKrum selected 1 / 10 clients: [94]  |  rejected: [16, 21, 27, 28, 50, 51, 59, 67, 99]
06:48:54  INFO      defenses.mkrum — MKrum selected 1 / 10 clients: [82]  |  rejected: [8, 18, 24, 28, 45, 60, 71, 81, 92]
06:49:28  INFO      defenses.mkrum — MKrum selected 1 / 10 clients: [70]  |  rejected: [16, 37, 52, 59, 81, 83, 85, 97, 99]
06:50:06  INFO      defenses.mkrum — MKrum selected 1 / 10 clients: [32]  |  rejected: [29, 34, 45, 48, 54, 60, 86, 87, 90]
06:50:40  INFO      defenses.mkrum — MKrum selected 1 / 10 clients: [61]  |  rejected: [0, 23, 31, 35, 38, 41, 45, 83, 92]
06:51:20  INFO      defenses.mkrum — MKrum selected 1 / 10 clients: [61]  |  rejected: [10, 19, 38, 46, 54, 62, 79, 81, 84]
06:51:56  INFO      defenses.mkrum — MKrum selected 1 / 10 clients: [49]  |  rejected: [7, 10, 17, 41, 44, 67, 72, 74, 81]
06:52:32  INFO      defenses.mkrum — MKrum selected 1 / 10 clients: [32]  |  rejected: [1, 9, 12, 26, 37, 74, 77, 83, 84]
06:53:09  INFO      defenses.mkrum — MKrum selected 1 / 10 clients: [68]  |  rejected: [18, 19, 23, 26, 29, 44, 51, 57, 99]
06:53:43  INFO      defenses.mkrum — MKrum selected 1 / 10 clients: [70]  |  rejected: [11, 21, 25, 38, 77, 78, 81, 85, 88]
06:53:48  INFO      experiment.runner — Round  221/240  |  acc:  78.91%  loss: 0.9001  |  FPR: 90.0%  |  mF1: 78.6%
06:54:24  INFO      defenses.mkrum — MKrum selected 1 / 10 clients: [94]  |  rejected: [10, 14, 27, 56, 63, 67, 71, 85, 88]
06:54:57  INFO      defenses.mkrum — MKrum selected 1 / 10 clients: [61]  |  rejected: [7, 15, 17, 29, 33, 53, 60, 63, 71]
06:55:36  INFO      defenses.mkrum — MKrum selected 1 / 10 clients: [94]  |  rejected: [18, 21, 31, 59, 62, 63, 69, 76, 89]
06:56:09  INFO      defenses.mkrum — MKrum selected 1 / 10 clients: [20]  |  rejected: [0, 37, 41, 47, 59, 63, 72, 85, 89]
06:56:45  INFO      defenses.mkrum — MKrum selected 1 / 10 clients: [82]  |  rejected: [2, 3, 9, 23, 46, 53, 54, 81, 86]
06:57:26  INFO      defenses.mkrum — MKrum selected 1 / 10 clients: [94]  |  rejected: [5, 12, 42, 61, 62, 65, 78, 87, 96]
06:57:59  INFO      defenses.mkrum — MKrum selected 1 / 10 clients: [53]  |  rejected: [4, 12, 16, 18, 27, 43, 80, 84, 91]
06:58:38  INFO      defenses.mkrum — MKrum selected 1 / 10 clients: [70]  |  rejected: [26, 36, 43, 46, 55, 60, 67, 98, 99]
06:59:12  INFO      defenses.mkrum — MKrum selected 1 / 10 clients: [70]  |  rejected: [6, 32, 37, 42, 43, 45, 51, 54, 63]
06:59:52  INFO      defenses.mkrum — MKrum selected 1 / 10 clients: [63]  |  rejected: [15, 24, 26, 34, 40, 42, 44, 64, 83]
06:59:57  INFO      experiment.runner — Round  231/240  |  acc:  75.13%  loss: 1.1685  |  FPR: 90.0%  |  mF1: 74.9%
07:00:31  INFO      defenses.mkrum — MKrum selected 1 / 10 clients: [70]  |  rejected: [5, 11, 16, 38, 51, 75, 81, 91, 92]
07:01:06  INFO      defenses.mkrum — MKrum selected 1 / 10 clients: [5]  |  rejected: [0, 6, 13, 24, 38, 51, 60, 69, 73]
07:01:45  INFO      defenses.mkrum — MKrum selected 1 / 10 clients: [78]  |  rejected: [7, 18, 48, 64, 69, 77, 80, 84, 98]
07:02:23  INFO      defenses.mkrum — MKrum selected 1 / 10 clients: [5]  |  rejected: [10, 27, 76, 81, 85, 86, 87, 88, 89]
07:03:01  INFO      defenses.mkrum — MKrum selected 1 / 10 clients: [53]  |  rejected: [4, 12, 22, 23, 58, 80, 84, 97, 99]
07:03:38  INFO      defenses.mkrum — MKrum selected 1 / 10 clients: [17]  |  rejected: [1, 12, 33, 38, 39, 47, 71, 83, 90]
07:04:16  INFO      defenses.mkrum — MKrum selected 1 / 10 clients: [53]  |  rejected: [2, 4, 6, 23, 40, 55, 72, 74, 82]
07:04:51  INFO      defenses.mkrum — MKrum selected 1 / 10 clients: [53]  |  rejected: [5, 15, 51, 63, 66, 72, 73, 89, 99]
07:05:32  INFO      defenses.mkrum — MKrum selected 1 / 10 clients: [49]  |  rejected: [1, 8, 19, 57, 60, 75, 76, 84, 87]
07:05:37  INFO      experiment.runner — Round  240/240  |  acc:  78.11%  loss: 0.9539  |  FPR: 90.0%  |  mF1: 77.9%
07:05:38  INFO      experiment.runner — Final model saved to results/benchmark/cifar10_none_krum_seed7/final_model.pt
07:05:38  INFO      experiment.runner — Client atypicality written to results/benchmark/cifar10_none_krum_seed7/client_atypicality.json
07:05:38  INFO      experiment.runner — Client inclusion rates written to results/benchmark/cifar10_none_krum_seed7/client_inclusion.csv
07:05:38  INFO      experiment.runner — Anomaly scores written to results/benchmark/cifar10_none_krum_seed7/anomaly_scores.csv (2400 rows)
07:05:38  INFO      benchmark — ✓  cifar10_none_krum_seed7  (149.2 min)
07:05:38  INFO      benchmark — ▶  cifar10_none_krum_seed8
07:05:38  INFO      experiment.runner — Initialising 'cifar10_none_krum_seed8' | device=cuda | rounds=240 | clients=10/100 | attack=none | defense=mkrum
07:05:42  INFO      defenses.mkrum — MKrumServer initialised — f=1 Byzantine, selecting m=1 updates.
07:05:54  INFO      experiment.utils — Built 100 clients — 0 malicious, 100 benign.
07:05:54  INFO      experiment.runner — Setup complete — 100 clients (0 malicious) | backdoor eval: none

==============================================================
  Summary — 25 rounds evaluated
==============================================================
  Final clean accuracy               78.11%
  Best  clean accuracy               78.91%
  Final clean loss                   0.9539
  Macro F1                           77.87%
  Pooled FPR (all rounds)            90.00%
==============================================================

Files already downloaded and verified
Files already downloaded and verified
Files already downloaded and verified
Files already downloaded and verified
07:06:28  INFO      defenses.mkrum — MKrum selected 1 / 10 clients: [10]  |  rejected: [5, 16, 17, 24, 29, 31, 47, 48, 90]
07:06:31  INFO      experiment.runner — Round    1/240  |  acc:  22.16%  loss: 2.7671  |  FPR: 90.0%  |  mF1: 16.8%
07:07:12  INFO      defenses.mkrum — MKrum selected 1 / 10 clients: [63]  |  rejected: [3, 26, 49, 51, 58, 62, 64, 73, 82]
07:07:48  INFO      defenses.mkrum — MKrum selected 1 / 10 clients: [62]  |  rejected: [2, 11, 24, 29, 34, 51, 66, 89, 97]
07:08:28  INFO      defenses.mkrum — MKrum selected 1 / 10 clients: [33]  |  rejected: [8, 12, 14, 48, 49, 52, 60, 84, 92]
07:09:03  INFO      defenses.mkrum — MKrum selected 1 / 10 clients: [63]  |  rejected: [7, 11, 13, 30, 43, 48, 79, 84, 88]
07:09:45  INFO      defenses.mkrum — MKrum selected 1 / 10 clients: [83]  |  rejected: [4, 8, 18, 26, 62, 66, 69, 74, 77]
07:10:20  INFO      defenses.mkrum — MKrum selected 1 / 10 clients: [18]  |  rejected: [24, 36, 45, 56, 58, 71, 74, 89, 93]
07:10:57  INFO      defenses.mkrum — MKrum selected 1 / 10 clients: [68]  |  rejected: [12, 17, 20, 40, 54, 76, 88, 89, 97]
07:11:37  INFO      defenses.mkrum — MKrum selected 1 / 10 clients: [19]  |  rejected: [25, 36, 39, 45, 63, 64, 67, 79, 82]
07:12:12  INFO      defenses.mkrum — MKrum selected 1 / 10 clients: [89]  |  rejected: [1, 9, 28, 31, 44, 64, 65, 69, 84]
07:12:55  INFO      defenses.mkrum — MKrum selected 1 / 10 clients: [34]  |  rejected: [4, 28, 32, 37, 38, 43, 48, 54, 90]
07:12:59  INFO      experiment.runner — Round   11/240  |  acc:  45.41%  loss: 1.7182  |  FPR: 90.0%  |  mF1: 43.7%
07:13:33  INFO      defenses.mkrum — MKrum selected 1 / 10 clients: [20]  |  rejected: [3, 14, 21, 22, 25, 50, 53, 84, 98]
07:14:12  INFO      defenses.mkrum — MKrum selected 1 / 10 clients: [72]  |  rejected: [1, 14, 21, 29, 38, 43, 48, 55, 97]
07:14:48  INFO      defenses.mkrum — MKrum selected 1 / 10 clients: [72]  |  rejected: [8, 10, 17, 36, 52, 53, 57, 75, 91]
07:15:25  INFO      defenses.mkrum — MKrum selected 1 / 10 clients: [19]  |  rejected: [4, 10, 12, 13, 46, 66, 67, 84, 97]
07:16:03  INFO      defenses.mkrum — MKrum selected 1 / 10 clients: [19]  |  rejected: [2, 8, 17, 24, 43, 62, 64, 77, 90]
07:16:39  INFO      defenses.mkrum — MKrum selected 1 / 10 clients: [38]  |  rejected: [0, 15, 41, 44, 46, 49, 73, 84, 95]
07:17:18  INFO      defenses.mkrum — MKrum selected 1 / 10 clients: [26]  |  rejected: [4, 7, 22, 43, 63, 74, 79, 82, 97]
07:17:55  INFO      defenses.mkrum — MKrum selected 1 / 10 clients: [56]  |  rejected: [10, 15, 19, 25, 28, 55, 60, 63, 77]
07:18:34  INFO      defenses.mkrum — MKrum selected 1 / 10 clients: [65]  |  rejected: [13, 15, 16, 48, 56, 57, 74, 82, 92]
07:19:11  INFO      defenses.mkrum — MKrum selected 1 / 10 clients: [46]  |  rejected: [6, 11, 28, 50, 58, 60, 72, 91, 92]
07:19:15  INFO      experiment.runner — Round   21/240  |  acc:  53.87%  loss: 1.4507  |  FPR: 90.0%  |  mF1: 52.3%
07:19:54  INFO      defenses.mkrum — MKrum selected 1 / 10 clients: [6]  |  rejected: [0, 13, 14, 25, 27, 57, 76, 90, 92]
07:20:29  INFO      defenses.mkrum — MKrum selected 1 / 10 clients: [46]  |  rejected: [2, 11, 55, 67, 76, 78, 83, 95, 96]
07:21:09  INFO      defenses.mkrum — MKrum selected 1 / 10 clients: [90]  |  rejected: [25, 29, 41, 49, 64, 66, 67, 72, 95]
07:21:45  INFO      defenses.mkrum — MKrum selected 1 / 10 clients: [78]  |  rejected: [0, 10, 25, 28, 37, 41, 51, 82, 95]
07:22:20  INFO      defenses.mkrum — MKrum selected 1 / 10 clients: [94]  |  rejected: [10, 37, 41, 47, 53, 66, 70, 80, 95]
07:23:03  INFO      defenses.mkrum — MKrum selected 1 / 10 clients: [37]  |  rejected: [13, 25, 38, 45, 47, 48, 62, 80, 83]
07:23:40  INFO      defenses.mkrum — MKrum selected 1 / 10 clients: [37]  |  rejected: [26, 39, 49, 50, 67, 74, 78, 87, 88]
07:24:18  INFO      defenses.mkrum — MKrum selected 1 / 10 clients: [46]  |  rejected: [25, 45, 54, 62, 67, 74, 77, 86, 93]
07:24:53  INFO      defenses.mkrum — MKrum selected 1 / 10 clients: [63]  |  rejected: [8, 10, 14, 20, 34, 53, 64, 93, 99]
07:25:33  INFO      defenses.mkrum — MKrum selected 1 / 10 clients: [46]  |  rejected: [31, 34, 35, 37, 52, 64, 79, 80, 95]
07:25:36  INFO      experiment.runner — Round   31/240  |  acc:  60.51%  loss: 1.3611  |  FPR: 90.0%  |  mF1: 60.2%
07:26:10  INFO      defenses.mkrum — MKrum selected 1 / 10 clients: [63]  |  rejected: [13, 25, 29, 31, 47, 58, 67, 76, 99]
07:26:48  INFO      defenses.mkrum — MKrum selected 1 / 10 clients: [17]  |  rejected: [5, 10, 14, 21, 49, 54, 72, 83, 99]
07:27:22  INFO      defenses.mkrum — MKrum selected 1 / 10 clients: [78]  |  rejected: [2, 11, 12, 24, 33, 58, 59, 85, 87]
07:27:57  INFO      defenses.mkrum — MKrum selected 1 / 10 clients: [72]  |  rejected: [4, 8, 11, 16, 36, 40, 45, 77, 83]
07:28:35  INFO      defenses.mkrum — MKrum selected 1 / 10 clients: [46]  |  rejected: [4, 9, 10, 17, 29, 40, 76, 83, 92]
07:29:10  INFO      defenses.mkrum — MKrum selected 1 / 10 clients: [78]  |  rejected: [8, 14, 28, 37, 41, 45, 66, 92, 95]
07:29:46  INFO      defenses.mkrum — MKrum selected 1 / 10 clients: [12]  |  rejected: [8, 19, 20, 32, 44, 49, 55, 68, 93]
07:30:20  INFO      defenses.mkrum — MKrum selected 1 / 10 clients: [6]  |  rejected: [7, 10, 13, 22, 25, 28, 37, 43, 95]
07:30:56  INFO      defenses.mkrum — MKrum selected 1 / 10 clients: [94]  |  rejected: [21, 22, 31, 37, 41, 61, 64, 71, 81]
07:31:31  INFO      defenses.mkrum — MKrum selected 1 / 10 clients: [17]  |  rejected: [10, 14, 16, 27, 28, 41, 72, 91, 95]
07:31:35  INFO      experiment.runner — Round   41/240  |  acc:  61.75%  loss: 1.2735  |  FPR: 90.0%  |  mF1: 60.6%
07:32:10  INFO      defenses.mkrum — MKrum selected 1 / 10 clients: [17]  |  rejected: [7, 21, 22, 52, 56, 57, 74, 88, 97]
07:32:45  INFO      defenses.mkrum — MKrum selected 1 / 10 clients: [78]  |  rejected: [36, 47, 53, 55, 74, 85, 87, 88, 94]
07:33:23  INFO      defenses.mkrum — MKrum selected 1 / 10 clients: [46]  |  rejected: [23, 34, 39, 62, 67, 72, 90, 94, 99]
07:33:58  INFO      defenses.mkrum — MKrum selected 1 / 10 clients: [63]  |  rejected: [16, 35, 37, 60, 64, 65, 68, 81, 87]
07:34:34  INFO      defenses.mkrum — MKrum selected 1 / 10 clients: [72]  |  rejected: [15, 17, 27, 50, 60, 62, 67, 82, 98]
07:35:13  INFO      defenses.mkrum — MKrum selected 1 / 10 clients: [37]  |  rejected: [3, 4, 44, 47, 48, 50, 64, 79, 89]
07:35:49  INFO      defenses.mkrum — MKrum selected 1 / 10 clients: [23]  |  rejected: [1, 10, 16, 18, 54, 57, 74, 88, 98]
07:36:26  INFO      defenses.mkrum — MKrum selected 1 / 10 clients: [72]  |  rejected: [5, 13, 47, 64, 74, 76, 80, 83, 91]
07:37:01  INFO      defenses.mkrum — MKrum selected 1 / 10 clients: [46]  |  rejected: [13, 21, 30, 40, 45, 47, 61, 82, 83]
07:37:37  INFO      defenses.mkrum — MKrum selected 1 / 10 clients: [94]  |  rejected: [4, 44, 47, 54, 73, 80, 85, 95, 96]
07:37:41  INFO      experiment.runner — Round   51/240  |  acc:  65.28%  loss: 1.2298  |  FPR: 90.0%  |  mF1: 65.1%
07:38:17  INFO      defenses.mkrum — MKrum selected 1 / 10 clients: [46]  |  rejected: [4, 7, 18, 29, 40, 65, 83, 84, 90]
07:38:54  INFO      defenses.mkrum — MKrum selected 1 / 10 clients: [46]  |  rejected: [2, 17, 22, 34, 38, 60, 61, 71, 82]
07:39:28  INFO      defenses.mkrum — MKrum selected 1 / 10 clients: [94]  |  rejected: [33, 36, 37, 51, 56, 58, 63, 74, 87]
07:40:04  INFO      defenses.mkrum — MKrum selected 1 / 10 clients: [63]  |  rejected: [11, 17, 43, 56, 57, 74, 80, 83, 84]
07:40:39  INFO      defenses.mkrum — MKrum selected 1 / 10 clients: [46]  |  rejected: [13, 49, 58, 60, 73, 76, 85, 91, 94]
07:41:17  INFO      defenses.mkrum — MKrum selected 1 / 10 clients: [69]  |  rejected: [4, 11, 18, 22, 26, 64, 66, 75, 90]
07:41:52  INFO      defenses.mkrum — MKrum selected 1 / 10 clients: [18]  |  rejected: [25, 27, 32, 39, 51, 70, 81, 85, 97]
07:42:29  INFO      defenses.mkrum — MKrum selected 1 / 10 clients: [1]  |  rejected: [0, 3, 4, 14, 27, 40, 56, 91, 94]
07:43:09  INFO      defenses.mkrum — MKrum selected 1 / 10 clients: [1]  |  rejected: [2, 5, 16, 27, 38, 39, 73, 81, 94]
07:43:45  INFO      defenses.mkrum — MKrum selected 1 / 10 clients: [42]  |  rejected: [0, 11, 12, 30, 40, 53, 65, 66, 87]
07:43:49  INFO      experiment.runner — Round   61/240  |  acc:  64.32%  loss: 1.2448  |  FPR: 90.0%  |  mF1: 63.2%
07:44:23  INFO      defenses.mkrum — MKrum selected 1 / 10 clients: [9]  |  rejected: [14, 18, 25, 53, 54, 61, 64, 91, 96]
07:44:58  INFO      defenses.mkrum — MKrum selected 1 / 10 clients: [6]  |  rejected: [18, 32, 44, 55, 76, 84, 85, 90, 99]
07:45:34  INFO      defenses.mkrum — MKrum selected 1 / 10 clients: [52]  |  rejected: [3, 8, 25, 36, 40, 62, 84, 88, 98]
07:46:10  INFO      defenses.mkrum — MKrum selected 1 / 10 clients: [33]  |  rejected: [7, 20, 28, 35, 39, 50, 66, 88, 89]
07:46:45  INFO      defenses.mkrum — MKrum selected 1 / 10 clients: [26]  |  rejected: [2, 14, 24, 27, 51, 77, 88, 89, 90]
07:47:21  INFO      defenses.mkrum — MKrum selected 1 / 10 clients: [63]  |  rejected: [10, 19, 30, 40, 55, 83, 91, 98, 99]
07:47:56  INFO      defenses.mkrum — MKrum selected 1 / 10 clients: [63]  |  rejected: [17, 44, 46, 59, 64, 70, 78, 79, 87]
07:48:35  INFO      defenses.mkrum — MKrum selected 1 / 10 clients: [28]  |  rejected: [12, 20, 21, 30, 43, 60, 66, 71, 78]
07:49:10  INFO      defenses.mkrum — MKrum selected 1 / 10 clients: [28]  |  rejected: [16, 25, 43, 54, 72, 76, 86, 88, 92]
07:49:48  INFO      defenses.mkrum — MKrum selected 1 / 10 clients: [9]  |  rejected: [18, 30, 34, 41, 56, 73, 84, 92, 99]
07:49:51  INFO      experiment.runner — Round   71/240  |  acc:  66.79%  loss: 1.2822  |  FPR: 90.0%  |  mF1: 66.8%
07:50:30  INFO      defenses.mkrum — MKrum selected 1 / 10 clients: [50]  |  rejected: [2, 15, 39, 40, 45, 49, 51, 76, 98]
07:51:05  INFO      defenses.mkrum — MKrum selected 1 / 10 clients: [1]  |  rejected: [43, 52, 57, 62, 70, 76, 85, 86, 91]
07:51:43  INFO      defenses.mkrum — MKrum selected 1 / 10 clients: [1]  |  rejected: [2, 25, 40, 47, 64, 77, 88, 90, 96]
07:52:18  INFO      defenses.mkrum — MKrum selected 1 / 10 clients: [6]  |  rejected: [13, 14, 22, 35, 56, 61, 74, 78, 90]
07:52:53  INFO      defenses.mkrum — MKrum selected 1 / 10 clients: [9]  |  rejected: [3, 7, 10, 25, 31, 42, 44, 70, 80]
07:53:31  INFO      defenses.mkrum — MKrum selected 1 / 10 clients: [77]  |  rejected: [7, 20, 35, 40, 49, 62, 80, 90, 94]
07:54:05  INFO      defenses.mkrum — MKrum selected 1 / 10 clients: [69]  |  rejected: [7, 31, 59, 61, 65, 74, 85, 88, 97]
07:54:41  INFO      defenses.mkrum — MKrum selected 1 / 10 clients: [15]  |  rejected: [20, 51, 57, 60, 65, 66, 83, 85, 98]
07:55:16  INFO      defenses.mkrum — MKrum selected 1 / 10 clients: [69]  |  rejected: [21, 37, 42, 65, 72, 73, 78, 89, 94]
07:55:52  INFO      defenses.mkrum — MKrum selected 1 / 10 clients: [70]  |  rejected: [14, 20, 23, 38, 45, 51, 57, 79, 95]
07:55:55  INFO      experiment.runner — Round   81/240  |  acc:  70.92%  loss: 0.9495  |  FPR: 90.0%  |  mF1: 70.7%
07:56:33  INFO      defenses.mkrum — MKrum selected 1 / 10 clients: [70]  |  rejected: [7, 9, 31, 35, 45, 51, 67, 77, 86]
07:57:08  INFO      defenses.mkrum — MKrum selected 1 / 10 clients: [70]  |  rejected: [8, 24, 36, 56, 60, 61, 88, 89, 91]
07:57:45  INFO      defenses.mkrum — MKrum selected 1 / 10 clients: [70]  |  rejected: [8, 12, 15, 23, 37, 50, 80, 83, 91]
07:58:23  INFO      defenses.mkrum — MKrum selected 1 / 10 clients: [24]  |  rejected: [30, 31, 41, 48, 56, 62, 72, 90, 98]
07:58:59  INFO      defenses.mkrum — MKrum selected 1 / 10 clients: [62]  |  rejected: [3, 5, 15, 39, 44, 66, 67, 73, 74]
07:59:34  INFO      defenses.mkrum — MKrum selected 1 / 10 clients: [62]  |  rejected: [12, 13, 24, 32, 42, 47, 54, 56, 93]
08:00:10  INFO      defenses.mkrum — MKrum selected 1 / 10 clients: [49]  |  rejected: [3, 12, 16, 42, 45, 57, 72, 85, 88]
08:00:45  INFO      defenses.mkrum — MKrum selected 1 / 10 clients: [81]  |  rejected: [14, 48, 53, 54, 60, 66, 76, 86, 88]
08:01:21  INFO      defenses.mkrum — MKrum selected 1 / 10 clients: [77]  |  rejected: [9, 16, 23, 25, 30, 35, 56, 92, 99]
08:01:56  INFO      defenses.mkrum — MKrum selected 1 / 10 clients: [46]  |  rejected: [0, 11, 19, 21, 27, 42, 66, 71, 85]
08:01:59  INFO      experiment.runner — Round   91/240  |  acc:  72.29%  loss: 0.9037  |  FPR: 90.0%  |  mF1: 72.2%
08:02:34  INFO      defenses.mkrum — MKrum selected 1 / 10 clients: [1]  |  rejected: [17, 28, 38, 40, 48, 53, 64, 71, 92]
08:03:15  INFO      defenses.mkrum — MKrum selected 1 / 10 clients: [63]  |  rejected: [8, 13, 18, 19, 20, 28, 75, 82, 98]
08:03:51  INFO      defenses.mkrum — MKrum selected 1 / 10 clients: [63]  |  rejected: [9, 11, 36, 42, 49, 55, 56, 69, 90]
08:04:28  INFO      defenses.mkrum — MKrum selected 1 / 10 clients: [61]  |  rejected: [2, 5, 13, 29, 39, 71, 74, 86, 93]
08:05:05  INFO      defenses.mkrum — MKrum selected 1 / 10 clients: [1]  |  rejected: [33, 46, 47, 54, 79, 83, 89, 90, 92]
08:05:40  INFO      defenses.mkrum — MKrum selected 1 / 10 clients: [69]  |  rejected: [5, 6, 8, 22, 62, 64, 79, 80, 83]
08:06:15  INFO      defenses.mkrum — MKrum selected 1 / 10 clients: [46]  |  rejected: [2, 6, 12, 17, 31, 40, 45, 64, 92]
08:06:49  INFO      defenses.mkrum — MKrum selected 1 / 10 clients: [24]  |  rejected: [10, 12, 30, 35, 45, 65, 68, 82, 84]
08:07:26  INFO      defenses.mkrum — MKrum selected 1 / 10 clients: [24]  |  rejected: [2, 3, 14, 18, 40, 52, 53, 80, 97]
08:08:01  INFO      defenses.mkrum — MKrum selected 1 / 10 clients: [34]  |  rejected: [7, 28, 41, 45, 48, 64, 65, 67, 97]
08:08:04  INFO      experiment.runner — Round  101/240  |  acc:  70.92%  loss: 1.1592  |  FPR: 90.0%  |  mF1: 70.7%
08:08:40  INFO      defenses.mkrum — MKrum selected 1 / 10 clients: [41]  |  rejected: [2, 20, 38, 79, 80, 81, 88, 89, 97]
08:09:16  INFO      defenses.mkrum — MKrum selected 1 / 10 clients: [34]  |  rejected: [2, 5, 18, 37, 67, 70, 78, 79, 93]
08:09:52  INFO      defenses.mkrum — MKrum selected 1 / 10 clients: [69]  |  rejected: [3, 5, 17, 26, 38, 66, 76, 89, 92]
08:10:26  INFO      defenses.mkrum — MKrum selected 1 / 10 clients: [77]  |  rejected: [16, 33, 34, 44, 45, 56, 85, 92, 97]
08:11:03  INFO      defenses.mkrum — MKrum selected 1 / 10 clients: [46]  |  rejected: [17, 38, 56, 58, 78, 87, 88, 90, 91]
08:11:37  INFO      defenses.mkrum — MKrum selected 1 / 10 clients: [69]  |  rejected: [10, 29, 33, 40, 66, 68, 80, 86, 96]
08:12:13  INFO      defenses.mkrum — MKrum selected 1 / 10 clients: [34]  |  rejected: [0, 1, 14, 36, 43, 64, 73, 85, 97]
08:12:48  INFO      defenses.mkrum — MKrum selected 1 / 10 clients: [1]  |  rejected: [0, 25, 51, 59, 67, 74, 80, 88, 89]
08:13:24  INFO      defenses.mkrum — MKrum selected 1 / 10 clients: [28]  |  rejected: [0, 6, 16, 42, 48, 71, 80, 88, 99]
08:14:01  INFO      defenses.mkrum — MKrum selected 1 / 10 clients: [62]  |  rejected: [26, 37, 51, 58, 66, 71, 72, 92, 96]
08:14:05  INFO      experiment.runner — Round  111/240  |  acc:  72.09%  loss: 1.0976  |  FPR: 90.0%  |  mF1: 71.6%
08:14:40  INFO      defenses.mkrum — MKrum selected 1 / 10 clients: [62]  |  rejected: [12, 41, 49, 54, 63, 67, 69, 74, 95]
08:15:15  INFO      defenses.mkrum — MKrum selected 1 / 10 clients: [77]  |  rejected: [7, 20, 25, 29, 48, 68, 71, 85, 99]
08:15:50  INFO      defenses.mkrum — MKrum selected 1 / 10 clients: [1]  |  rejected: [31, 33, 38, 40, 43, 49, 53, 64, 70]
08:16:25  INFO      defenses.mkrum — MKrum selected 1 / 10 clients: [62]  |  rejected: [7, 30, 33, 42, 50, 53, 61, 68, 79]
08:17:02  INFO      defenses.mkrum — MKrum selected 1 / 10 clients: [24]  |  rejected: [7, 20, 21, 22, 29, 45, 73, 93, 96]
08:17:37  INFO      defenses.mkrum — MKrum selected 1 / 10 clients: [85]  |  rejected: [12, 16, 29, 48, 66, 72, 73, 83, 84]
08:18:14  INFO      defenses.mkrum — MKrum selected 1 / 10 clients: [46]  |  rejected: [4, 10, 12, 19, 33, 37, 61, 78, 88]
08:18:50  INFO      defenses.mkrum — MKrum selected 1 / 10 clients: [85]  |  rejected: [14, 34, 65, 67, 74, 83, 91, 94, 99]
08:19:26  INFO      defenses.mkrum — MKrum selected 1 / 10 clients: [6]  |  rejected: [14, 16, 35, 36, 44, 82, 84, 91, 93]
08:20:01  INFO      defenses.mkrum — MKrum selected 1 / 10 clients: [20]  |  rejected: [7, 17, 51, 73, 81, 82, 87, 89, 96]
08:20:05  INFO      experiment.runner — Round  121/240  |  acc:  70.98%  loss: 1.0591  |  FPR: 90.0%  |  mF1: 71.2%
08:20:40  INFO      defenses.mkrum — MKrum selected 1 / 10 clients: [1]  |  rejected: [3, 7, 29, 46, 47, 51, 56, 59, 85]
08:21:15  INFO      defenses.mkrum — MKrum selected 1 / 10 clients: [34]  |  rejected: [17, 38, 42, 52, 54, 59, 70, 75, 86]
08:21:51  INFO      defenses.mkrum — MKrum selected 1 / 10 clients: [24]  |  rejected: [7, 8, 9, 28, 42, 51, 57, 67, 94]
08:22:25  INFO      defenses.mkrum — MKrum selected 1 / 10 clients: [1]  |  rejected: [0, 7, 30, 35, 37, 39, 41, 52, 54]
08:23:02  INFO      defenses.mkrum — MKrum selected 1 / 10 clients: [24]  |  rejected: [4, 10, 13, 29, 60, 69, 78, 83, 99]
08:23:40  INFO      defenses.mkrum — MKrum selected 1 / 10 clients: [63]  |  rejected: [3, 9, 17, 23, 56, 76, 78, 86, 91]
08:24:19  INFO      defenses.mkrum — MKrum selected 1 / 10 clients: [6]  |  rejected: [10, 33, 34, 36, 39, 44, 47, 64, 70]
08:24:54  INFO      defenses.mkrum — MKrum selected 1 / 10 clients: [6]  |  rejected: [7, 9, 14, 29, 30, 39, 56, 59, 68]
08:25:30  INFO      defenses.mkrum — MKrum selected 1 / 10 clients: [33]  |  rejected: [14, 17, 52, 55, 70, 86, 89, 92, 96]
08:26:04  INFO      defenses.mkrum — MKrum selected 1 / 10 clients: [62]  |  rejected: [9, 40, 44, 48, 53, 65, 86, 87, 92]
08:26:08  INFO      experiment.runner — Round  131/240  |  acc:  74.12%  loss: 0.9627  |  FPR: 90.0%  |  mF1: 74.2%
08:26:44  INFO      defenses.mkrum — MKrum selected 1 / 10 clients: [0]  |  rejected: [36, 39, 41, 43, 48, 50, 53, 57, 60]
08:27:17  INFO      defenses.mkrum — MKrum selected 1 / 10 clients: [33]  |  rejected: [4, 6, 9, 17, 31, 68, 73, 80, 94]
08:27:53  INFO      defenses.mkrum — MKrum selected 1 / 10 clients: [1]  |  rejected: [11, 13, 26, 27, 37, 57, 63, 67, 77]
08:28:30  INFO      defenses.mkrum — MKrum selected 1 / 10 clients: [33]  |  rejected: [19, 36, 38, 40, 44, 57, 62, 71, 79]
08:29:07  INFO      defenses.mkrum — MKrum selected 1 / 10 clients: [15]  |  rejected: [2, 3, 23, 37, 38, 51, 89, 93, 99]
08:29:42  INFO      defenses.mkrum — MKrum selected 1 / 10 clients: [18]  |  rejected: [17, 27, 28, 52, 70, 73, 78, 88, 92]
08:30:19  INFO      defenses.mkrum — MKrum selected 1 / 10 clients: [33]  |  rejected: [12, 22, 31, 39, 48, 57, 58, 74, 87]
08:30:54  INFO      defenses.mkrum — MKrum selected 1 / 10 clients: [0]  |  rejected: [3, 13, 20, 52, 53, 58, 78, 88, 99]
08:31:30  INFO      defenses.mkrum — MKrum selected 1 / 10 clients: [15]  |  rejected: [4, 9, 12, 17, 35, 45, 55, 57, 95]
08:32:06  INFO      defenses.mkrum — MKrum selected 1 / 10 clients: [98]  |  rejected: [5, 7, 23, 36, 41, 42, 52, 53, 81]
08:32:11  INFO      experiment.runner — Round  141/240  |  acc:  74.49%  loss: 0.9925  |  FPR: 90.0%  |  mF1: 74.2%
08:32:47  INFO      defenses.mkrum — MKrum selected 1 / 10 clients: [0]  |  rejected: [16, 17, 57, 60, 64, 73, 81, 84, 93]
08:33:27  INFO      defenses.mkrum — MKrum selected 1 / 10 clients: [33]  |  rejected: [16, 34, 37, 40, 49, 60, 66, 74, 95]
08:34:04  INFO      defenses.mkrum — MKrum selected 1 / 10 clients: [20]  |  rejected: [2, 11, 23, 27, 38, 39, 43, 50, 93]
08:34:40  INFO      defenses.mkrum — MKrum selected 1 / 10 clients: [33]  |  rejected: [5, 17, 21, 38, 54, 56, 60, 74, 79]
08:35:18  INFO      defenses.mkrum — MKrum selected 1 / 10 clients: [52]  |  rejected: [5, 19, 25, 35, 38, 40, 71, 80, 92]
08:35:54  INFO      defenses.mkrum — MKrum selected 1 / 10 clients: [20]  |  rejected: [10, 25, 53, 59, 65, 72, 78, 88, 97]
08:36:30  INFO      defenses.mkrum — MKrum selected 1 / 10 clients: [1]  |  rejected: [11, 14, 16, 26, 34, 71, 84, 85, 97]
08:37:05  INFO      defenses.mkrum — MKrum selected 1 / 10 clients: [63]  |  rejected: [4, 19, 38, 44, 53, 72, 87, 96, 97]
08:37:41  INFO      defenses.mkrum — MKrum selected 1 / 10 clients: [52]  |  rejected: [2, 3, 26, 29, 38, 51, 53, 55, 66]
08:38:15  INFO      defenses.mkrum — MKrum selected 1 / 10 clients: [15]  |  rejected: [5, 10, 33, 47, 56, 58, 59, 79, 98]
08:38:21  INFO      experiment.runner — Round  151/240  |  acc:  75.95%  loss: 0.9337  |  FPR: 90.0%  |  mF1: 76.0%
08:38:57  INFO      defenses.mkrum — MKrum selected 1 / 10 clients: [46]  |  rejected: [16, 23, 27, 32, 40, 42, 67, 84, 88]
08:39:31  INFO      defenses.mkrum — MKrum selected 1 / 10 clients: [20]  |  rejected: [2, 9, 10, 41, 59, 66, 67, 79, 92]
08:40:07  INFO      defenses.mkrum — MKrum selected 1 / 10 clients: [63]  |  rejected: [4, 5, 16, 19, 23, 44, 48, 80, 91]
08:40:41  INFO      defenses.mkrum — MKrum selected 1 / 10 clients: [46]  |  rejected: [5, 16, 20, 44, 45, 70, 71, 80, 91]
08:41:18  INFO      defenses.mkrum — MKrum selected 1 / 10 clients: [20]  |  rejected: [8, 26, 42, 43, 61, 62, 66, 75, 95]
08:41:52  INFO      defenses.mkrum — MKrum selected 1 / 10 clients: [63]  |  rejected: [18, 28, 49, 74, 76, 79, 89, 97, 98]
08:42:27  INFO      defenses.mkrum — MKrum selected 1 / 10 clients: [0]  |  rejected: [14, 19, 41, 45, 51, 71, 76, 86, 90]
08:43:02  INFO      defenses.mkrum — MKrum selected 1 / 10 clients: [15]  |  rejected: [5, 13, 27, 54, 65, 71, 82, 90, 95]
08:43:44  INFO      defenses.mkrum — MKrum selected 1 / 10 clients: [15]  |  rejected: [0, 17, 22, 23, 37, 41, 49, 73, 87]
08:44:18  INFO      defenses.mkrum — MKrum selected 1 / 10 clients: [63]  |  rejected: [1, 5, 16, 36, 68, 73, 85, 89, 90]
08:44:21  INFO      experiment.runner — Round  161/240  |  acc:  76.45%  loss: 1.0130  |  FPR: 90.0%  |  mF1: 76.5%
08:44:56  INFO      defenses.mkrum — MKrum selected 1 / 10 clients: [34]  |  rejected: [14, 22, 39, 52, 53, 58, 61, 77, 82]
08:45:30  INFO      defenses.mkrum — MKrum selected 1 / 10 clients: [52]  |  rejected: [8, 19, 40, 44, 45, 51, 60, 70, 79]
08:46:05  INFO      defenses.mkrum — MKrum selected 1 / 10 clients: [83]  |  rejected: [7, 9, 17, 29, 41, 51, 56, 66, 68]
08:46:41  INFO      defenses.mkrum — MKrum selected 1 / 10 clients: [6]  |  rejected: [4, 12, 17, 18, 23, 37, 67, 68, 93]
08:47:18  INFO      defenses.mkrum — MKrum selected 1 / 10 clients: [6]  |  rejected: [8, 22, 25, 46, 47, 59, 65, 68, 77]
08:47:53  INFO      defenses.mkrum — MKrum selected 1 / 10 clients: [77]  |  rejected: [28, 30, 31, 39, 65, 68, 81, 82, 99]
08:48:29  INFO      defenses.mkrum — MKrum selected 1 / 10 clients: [45]  |  rejected: [8, 12, 21, 22, 31, 44, 48, 67, 89]
08:49:06  INFO      defenses.mkrum — MKrum selected 1 / 10 clients: [6]  |  rejected: [8, 27, 28, 34, 51, 52, 77, 86, 87]
08:49:43  INFO      defenses.mkrum — MKrum selected 1 / 10 clients: [20]  |  rejected: [10, 17, 44, 48, 55, 79, 93, 96, 99]
08:50:18  INFO      defenses.mkrum — MKrum selected 1 / 10 clients: [63]  |  rejected: [13, 32, 50, 68, 81, 82, 85, 86, 91]
08:50:22  INFO      experiment.runner — Round  171/240  |  acc:  77.52%  loss: 0.8464  |  FPR: 90.0%  |  mF1: 77.7%
08:50:57  INFO      defenses.mkrum — MKrum selected 1 / 10 clients: [20]  |  rejected: [0, 19, 30, 39, 47, 68, 72, 79, 90]
08:51:33  INFO      defenses.mkrum — MKrum selected 1 / 10 clients: [34]  |  rejected: [2, 14, 32, 48, 60, 61, 72, 88, 90]
08:52:09  INFO      defenses.mkrum — MKrum selected 1 / 10 clients: [33]  |  rejected: [1, 18, 19, 22, 51, 56, 67, 73, 90]
08:52:44  INFO      defenses.mkrum — MKrum selected 1 / 10 clients: [63]  |  rejected: [3, 8, 9, 19, 29, 39, 71, 73, 94]
08:53:20  INFO      defenses.mkrum — MKrum selected 1 / 10 clients: [20]  |  rejected: [27, 36, 40, 48, 57, 61, 65, 80, 94]
08:53:57  INFO      defenses.mkrum — MKrum selected 1 / 10 clients: [46]  |  rejected: [0, 55, 60, 61, 67, 77, 84, 86, 91]
08:54:33  INFO      defenses.mkrum — MKrum selected 1 / 10 clients: [33]  |  rejected: [18, 19, 37, 38, 67, 78, 89, 94, 96]
08:55:08  INFO      defenses.mkrum — MKrum selected 1 / 10 clients: [77]  |  rejected: [12, 23, 25, 29, 37, 39, 68, 87, 94]
08:55:45  INFO      defenses.mkrum — MKrum selected 1 / 10 clients: [33]  |  rejected: [10, 15, 23, 52, 69, 74, 78, 86, 91]
08:56:19  INFO      defenses.mkrum — MKrum selected 1 / 10 clients: [22]  |  rejected: [7, 8, 12, 30, 31, 50, 51, 60, 75]
08:56:23  INFO      experiment.runner — Round  181/240  |  acc:  73.25%  loss: 1.1561  |  FPR: 90.0%  |  mF1: 73.1%
08:56:58  INFO      defenses.mkrum — MKrum selected 1 / 10 clients: [20]  |  rejected: [3, 17, 24, 35, 53, 56, 67, 97, 99]
08:57:33  INFO      defenses.mkrum — MKrum selected 1 / 10 clients: [46]  |  rejected: [4, 34, 35, 42, 43, 60, 71, 83, 94]
08:58:10  INFO      defenses.mkrum — MKrum selected 1 / 10 clients: [5]  |  rejected: [3, 23, 24, 29, 37, 38, 41, 71, 90]
08:58:48  INFO      defenses.mkrum — MKrum selected 1 / 10 clients: [9]  |  rejected: [19, 27, 39, 73, 84, 88, 89, 91, 96]
08:59:23  INFO      defenses.mkrum — MKrum selected 1 / 10 clients: [20]  |  rejected: [2, 8, 27, 49, 64, 75, 83, 88, 91]
08:59:57  INFO      defenses.mkrum — MKrum selected 1 / 10 clients: [46]  |  rejected: [2, 11, 16, 30, 43, 59, 77, 91, 95]
09:00:34  INFO      defenses.mkrum — MKrum selected 1 / 10 clients: [15]  |  rejected: [3, 5, 8, 37, 51, 52, 78, 82, 88]
09:01:09  INFO      defenses.mkrum — MKrum selected 1 / 10 clients: [28]  |  rejected: [35, 39, 47, 59, 69, 71, 73, 81, 88]
09:01:45  INFO      defenses.mkrum — MKrum selected 1 / 10 clients: [28]  |  rejected: [8, 13, 23, 39, 71, 75, 92, 97, 99]
09:02:19  INFO      defenses.mkrum — MKrum selected 1 / 10 clients: [83]  |  rejected: [11, 14, 18, 24, 32, 54, 64, 86, 98]
09:02:23  INFO      experiment.runner — Round  191/240  |  acc:  76.81%  loss: 0.9061  |  FPR: 90.0%  |  mF1: 76.8%
09:02:58  INFO      defenses.mkrum — MKrum selected 1 / 10 clients: [1]  |  rejected: [18, 29, 31, 64, 73, 75, 87, 92, 96]
09:03:33  INFO      defenses.mkrum — MKrum selected 1 / 10 clients: [33]  |  rejected: [7, 28, 38, 51, 61, 67, 69, 71, 76]
09:04:11  INFO      defenses.mkrum — MKrum selected 1 / 10 clients: [85]  |  rejected: [42, 43, 47, 48, 53, 68, 78, 93, 99]
09:04:45  INFO      defenses.mkrum — MKrum selected 1 / 10 clients: [20]  |  rejected: [5, 8, 14, 27, 34, 81, 84, 87, 96]
09:05:23  INFO      defenses.mkrum — MKrum selected 1 / 10 clients: [83]  |  rejected: [2, 3, 16, 21, 30, 64, 67, 71, 88]
09:05:58  INFO      defenses.mkrum — MKrum selected 1 / 10 clients: [46]  |  rejected: [7, 9, 19, 25, 50, 65, 69, 84, 99]
09:06:35  INFO      defenses.mkrum — MKrum selected 1 / 10 clients: [69]  |  rejected: [10, 13, 35, 37, 39, 55, 70, 71, 91]
09:07:10  INFO      defenses.mkrum — MKrum selected 1 / 10 clients: [73]  |  rejected: [7, 17, 39, 44, 54, 59, 65, 92, 99]
09:07:46  INFO      defenses.mkrum — MKrum selected 1 / 10 clients: [61]  |  rejected: [10, 13, 30, 37, 49, 70, 92, 94, 98]
09:08:20  INFO      defenses.mkrum — MKrum selected 1 / 10 clients: [1]  |  rejected: [2, 11, 31, 50, 58, 62, 64, 94, 97]
09:08:24  INFO      experiment.runner — Round  201/240  |  acc:  78.55%  loss: 0.8398  |  FPR: 90.0%  |  mF1: 78.5%
09:09:02  INFO      defenses.mkrum — MKrum selected 1 / 10 clients: [83]  |  rejected: [4, 11, 27, 28, 43, 64, 76, 79, 98]
09:09:39  INFO      defenses.mkrum — MKrum selected 1 / 10 clients: [28]  |  rejected: [18, 26, 32, 39, 42, 45, 67, 93, 94]
09:10:17  INFO      defenses.mkrum — MKrum selected 1 / 10 clients: [33]  |  rejected: [9, 11, 18, 23, 47, 50, 52, 56, 77]
09:10:52  INFO      defenses.mkrum — MKrum selected 1 / 10 clients: [73]  |  rejected: [2, 12, 17, 21, 23, 27, 41, 76, 96]
09:11:27  INFO      defenses.mkrum — MKrum selected 1 / 10 clients: [77]  |  rejected: [2, 3, 13, 32, 42, 59, 81, 95, 96]
09:12:01  INFO      defenses.mkrum — MKrum selected 1 / 10 clients: [1]  |  rejected: [18, 22, 29, 33, 43, 44, 54, 72, 94]
09:12:37  INFO      defenses.mkrum — MKrum selected 1 / 10 clients: [34]  |  rejected: [10, 11, 37, 55, 64, 69, 89, 95, 98]
09:13:13  INFO      defenses.mkrum — MKrum selected 1 / 10 clients: [73]  |  rejected: [5, 26, 30, 45, 47, 48, 54, 94, 97]
09:13:52  INFO      defenses.mkrum — MKrum selected 1 / 10 clients: [0]  |  rejected: [4, 8, 16, 27, 50, 54, 81, 93, 99]
09:14:31  INFO      defenses.mkrum — MKrum selected 1 / 10 clients: [0]  |  rejected: [3, 11, 22, 25, 43, 63, 85, 96, 98]
09:14:35  INFO      experiment.runner — Round  211/240  |  acc:  79.58%  loss: 0.8531  |  FPR: 90.0%  |  mF1: 79.5%
09:15:10  INFO      defenses.mkrum — MKrum selected 1 / 10 clients: [18]  |  rejected: [10, 12, 25, 38, 41, 59, 66, 70, 90]
09:15:43  INFO      defenses.mkrum — MKrum selected 1 / 10 clients: [0]  |  rejected: [21, 32, 40, 50, 53, 65, 71, 89, 97]
09:16:20  INFO      defenses.mkrum — MKrum selected 1 / 10 clients: [20]  |  rejected: [10, 15, 28, 38, 42, 43, 57, 68, 99]
09:16:54  INFO      defenses.mkrum — MKrum selected 1 / 10 clients: [46]  |  rejected: [10, 12, 47, 59, 61, 73, 85, 88, 89]
09:17:30  INFO      defenses.mkrum — MKrum selected 1 / 10 clients: [10]  |  rejected: [39, 40, 41, 42, 89, 90, 91, 93, 97]
09:18:05  INFO      defenses.mkrum — MKrum selected 1 / 10 clients: [77]  |  rejected: [39, 52, 63, 71, 79, 82, 90, 95, 98]
09:18:43  INFO      defenses.mkrum — MKrum selected 1 / 10 clients: [46]  |  rejected: [13, 16, 29, 30, 36, 62, 70, 93, 95]
09:19:20  INFO      defenses.mkrum — MKrum selected 1 / 10 clients: [28]  |  rejected: [4, 26, 32, 51, 53, 66, 69, 75, 92]
09:19:58  INFO      defenses.mkrum — MKrum selected 1 / 10 clients: [62]  |  rejected: [25, 44, 69, 71, 72, 74, 75, 84, 89]
09:20:33  INFO      defenses.mkrum — MKrum selected 1 / 10 clients: [34]  |  rejected: [24, 29, 30, 31, 48, 57, 64, 65, 88]
09:20:37  INFO      experiment.runner — Round  221/240  |  acc:  78.05%  loss: 0.9410  |  FPR: 90.0%  |  mF1: 77.8%
09:21:12  INFO      defenses.mkrum — MKrum selected 1 / 10 clients: [20]  |  rejected: [8, 12, 13, 28, 30, 63, 64, 73, 81]
09:21:47  INFO      defenses.mkrum — MKrum selected 1 / 10 clients: [34]  |  rejected: [4, 26, 28, 38, 41, 47, 63, 74, 86]
09:22:23  INFO      defenses.mkrum — MKrum selected 1 / 10 clients: [73]  |  rejected: [8, 9, 11, 24, 26, 36, 37, 64, 92]
09:22:58  INFO      defenses.mkrum — MKrum selected 1 / 10 clients: [73]  |  rejected: [10, 37, 48, 53, 62, 71, 77, 83, 87]
09:23:33  INFO      defenses.mkrum — MKrum selected 1 / 10 clients: [83]  |  rejected: [0, 21, 66, 68, 72, 80, 90, 96, 99]
09:24:06  INFO      defenses.mkrum — MKrum selected 1 / 10 clients: [34]  |  rejected: [14, 15, 30, 36, 53, 64, 68, 72, 95]
09:24:43  INFO      defenses.mkrum — MKrum selected 1 / 10 clients: [20]  |  rejected: [2, 15, 47, 50, 60, 77, 78, 87, 96]
09:25:19  INFO      defenses.mkrum — MKrum selected 1 / 10 clients: [18]  |  rejected: [5, 6, 9, 23, 41, 69, 72, 74, 87]
09:25:56  INFO      defenses.mkrum — MKrum selected 1 / 10 clients: [34]  |  rejected: [7, 12, 15, 30, 37, 58, 61, 72, 88]
09:26:33  INFO      defenses.mkrum — MKrum selected 1 / 10 clients: [83]  |  rejected: [7, 17, 23, 40, 60, 62, 67, 82, 93]
09:26:37  INFO      experiment.runner — Round  231/240  |  acc:  79.85%  loss: 0.9007  |  FPR: 90.0%  |  mF1: 80.0%
09:27:13  INFO      defenses.mkrum — MKrum selected 1 / 10 clients: [10]  |  rejected: [8, 19, 24, 36, 55, 56, 70, 81, 84]
09:27:47  INFO      defenses.mkrum — MKrum selected 1 / 10 clients: [34]  |  rejected: [17, 19, 29, 37, 51, 64, 89, 90, 92]
09:28:22  INFO      defenses.mkrum — MKrum selected 1 / 10 clients: [18]  |  rejected: [3, 5, 41, 47, 52, 56, 64, 74, 95]
09:28:57  INFO      defenses.mkrum — MKrum selected 1 / 10 clients: [34]  |  rejected: [35, 53, 58, 62, 64, 65, 66, 87, 96]
09:29:34  INFO      defenses.mkrum — MKrum selected 1 / 10 clients: [20]  |  rejected: [1, 2, 38, 48, 76, 80, 88, 91, 99]
09:30:11  INFO      defenses.mkrum — MKrum selected 1 / 10 clients: [10]  |  rejected: [0, 48, 63, 72, 74, 80, 84, 87, 99]
09:30:49  INFO      defenses.mkrum — MKrum selected 1 / 10 clients: [15]  |  rejected: [8, 13, 36, 45, 49, 65, 67, 72, 92]
09:31:23  INFO      defenses.mkrum — MKrum selected 1 / 10 clients: [83]  |  rejected: [0, 17, 43, 66, 68, 76, 78, 85, 98]
09:32:00  INFO      defenses.mkrum — MKrum selected 1 / 10 clients: [28]  |  rejected: [8, 24, 37, 53, 56, 57, 66, 67, 76]
09:32:03  INFO      experiment.runner — Round  240/240  |  acc:  77.63%  loss: 1.0361  |  FPR: 90.0%  |  mF1: 77.9%
09:32:04  INFO      experiment.runner — Final model saved to results/benchmark/cifar10_none_krum_seed8/final_model.pt
09:32:04  INFO      experiment.runner — Client atypicality written to results/benchmark/cifar10_none_krum_seed8/client_atypicality.json
09:32:04  INFO      experiment.runner — Client inclusion rates written to results/benchmark/cifar10_none_krum_seed8/client_inclusion.csv
09:32:04  INFO      experiment.runner — Anomaly scores written to results/benchmark/cifar10_none_krum_seed8/anomaly_scores.csv (2400 rows)
09:32:04  INFO      benchmark — ✓  cifar10_none_krum_seed8  (146.4 min)
09:32:04  INFO      benchmark — ▶  cifar10_none_krum_seed9
09:32:04  INFO      experiment.runner — Initialising 'cifar10_none_krum_seed9' | device=cuda | rounds=240 | clients=10/100 | attack=none | defense=mkrum
09:32:07  INFO      defenses.mkrum — MKrumServer initialised — f=1 Byzantine, selecting m=1 updates.
09:32:19  INFO      experiment.utils — Built 100 clients — 0 malicious, 100 benign.
09:32:19  INFO      experiment.runner — Setup complete — 100 clients (0 malicious) | backdoor eval: none

==============================================================
  Summary — 25 rounds evaluated
==============================================================
  Final clean accuracy               77.63%
  Best  clean accuracy               79.85%
  Final clean loss                   1.0361
  Macro F1                           77.87%
  Pooled FPR (all rounds)            90.00%
==============================================================

Files already downloaded and verified
Files already downloaded and verified
Files already downloaded and verified
Files already downloaded and verified
09:32:57  INFO      defenses.mkrum — MKrum selected 1 / 10 clients: [86]  |  rejected: [0, 17, 23, 34, 43, 47, 59, 64, 78]
09:33:01  INFO      experiment.runner — Round    1/240  |  acc:  23.58%  loss: 2.6275  |  FPR: 90.0%  |  mF1: 18.9%
09:33:34  INFO      defenses.mkrum — MKrum selected 1 / 10 clients: [5]  |  rejected: [10, 42, 48, 59, 70, 77, 78, 89, 93]
09:34:13  INFO      defenses.mkrum — MKrum selected 1 / 10 clients: [14]  |  rejected: [6, 16, 20, 21, 30, 54, 57, 90, 92]
09:34:50  INFO      defenses.mkrum — MKrum selected 1 / 10 clients: [13]  |  rejected: [8, 26, 37, 49, 64, 75, 88, 95, 99]
09:35:28  INFO      defenses.mkrum — MKrum selected 1 / 10 clients: [86]  |  rejected: [11, 26, 28, 34, 35, 50, 53, 92, 98]
09:36:02  INFO      defenses.mkrum — MKrum selected 1 / 10 clients: [17]  |  rejected: [0, 5, 7, 25, 43, 48, 52, 62, 90]
09:36:38  INFO      defenses.mkrum — MKrum selected 1 / 10 clients: [14]  |  rejected: [0, 3, 15, 30, 54, 74, 76, 94, 97]
09:37:13  INFO      defenses.mkrum — MKrum selected 1 / 10 clients: [17]  |  rejected: [1, 2, 10, 25, 42, 63, 64, 69, 73]
09:37:49  INFO      defenses.mkrum — MKrum selected 1 / 10 clients: [81]  |  rejected: [8, 11, 24, 25, 50, 53, 68, 89, 97]
09:38:23  INFO      defenses.mkrum — MKrum selected 1 / 10 clients: [77]  |  rejected: [5, 6, 18, 22, 34, 71, 74, 87, 92]
09:39:00  INFO      defenses.mkrum — MKrum selected 1 / 10 clients: [77]  |  rejected: [4, 15, 19, 34, 51, 73, 90, 94, 95]
09:39:03  INFO      experiment.runner — Round   11/240  |  acc:  43.93%  loss: 1.9550  |  FPR: 90.0%  |  mF1: 41.5%
09:39:41  INFO      defenses.mkrum — MKrum selected 1 / 10 clients: [86]  |  rejected: [5, 20, 30, 46, 64, 66, 75, 78, 94]
09:40:16  INFO      defenses.mkrum — MKrum selected 1 / 10 clients: [11]  |  rejected: [14, 26, 44, 46, 57, 72, 74, 88, 99]
09:40:50  INFO      defenses.mkrum — MKrum selected 1 / 10 clients: [51]  |  rejected: [0, 2, 25, 42, 48, 55, 73, 77, 95]
09:41:27  INFO      defenses.mkrum — MKrum selected 1 / 10 clients: [11]  |  rejected: [14, 27, 28, 34, 36, 39, 41, 56, 80]
09:42:00  INFO      defenses.mkrum — MKrum selected 1 / 10 clients: [63]  |  rejected: [3, 7, 13, 44, 48, 54, 66, 71, 99]
09:42:36  INFO      defenses.mkrum — MKrum selected 1 / 10 clients: [94]  |  rejected: [8, 12, 29, 31, 54, 72, 82, 90, 99]
09:43:10  INFO      defenses.mkrum — MKrum selected 1 / 10 clients: [65]  |  rejected: [17, 21, 37, 47, 51, 71, 85, 88, 97]
09:43:48  INFO      defenses.mkrum — MKrum selected 1 / 10 clients: [7]  |  rejected: [1, 3, 6, 15, 18, 21, 22, 33, 77]
09:44:24  INFO      defenses.mkrum — MKrum selected 1 / 10 clients: [49]  |  rejected: [1, 18, 26, 36, 37, 45, 57, 61, 78]
09:45:04  INFO      defenses.mkrum — MKrum selected 1 / 10 clients: [95]  |  rejected: [8, 11, 15, 17, 35, 37, 53, 71, 89]
09:45:09  INFO      experiment.runner — Round   21/240  |  acc:  52.52%  loss: 1.4674  |  FPR: 90.0%  |  mF1: 51.5%
09:45:42  INFO      defenses.mkrum — MKrum selected 1 / 10 clients: [49]  |  rejected: [18, 21, 57, 71, 75, 84, 90, 91, 97]
09:46:20  INFO      defenses.mkrum — MKrum selected 1 / 10 clients: [63]  |  rejected: [6, 12, 16, 35, 44, 67, 76, 77, 98]
09:46:55  INFO      defenses.mkrum — MKrum selected 1 / 10 clients: [20]  |  rejected: [1, 10, 22, 25, 28, 58, 60, 80, 99]
09:47:32  INFO      defenses.mkrum — MKrum selected 1 / 10 clients: [61]  |  rejected: [10, 22, 33, 49, 68, 69, 70, 71, 75]
09:48:07  INFO      defenses.mkrum — MKrum selected 1 / 10 clients: [82]  |  rejected: [3, 8, 39, 55, 67, 68, 69, 74, 83]
09:48:45  INFO      defenses.mkrum — MKrum selected 1 / 10 clients: [82]  |  rejected: [8, 12, 13, 17, 28, 38, 69, 73, 92]
09:49:20  INFO      defenses.mkrum — MKrum selected 1 / 10 clients: [81]  |  rejected: [3, 6, 7, 58, 62, 77, 86, 89, 93]
09:49:57  INFO      defenses.mkrum — MKrum selected 1 / 10 clients: [73]  |  rejected: [4, 29, 31, 47, 58, 63, 76, 79, 93]
09:50:32  INFO      defenses.mkrum — MKrum selected 1 / 10 clients: [24]  |  rejected: [4, 6, 8, 10, 52, 75, 77, 78, 86]
09:51:07  INFO      defenses.mkrum — MKrum selected 1 / 10 clients: [10]  |  rejected: [3, 8, 23, 45, 60, 68, 70, 79, 96]
09:51:12  INFO      experiment.runner — Round   31/240  |  acc:  59.38%  loss: 1.2760  |  FPR: 90.0%  |  mF1: 58.9%
09:51:45  INFO      defenses.mkrum — MKrum selected 1 / 10 clients: [10]  |  rejected: [1, 3, 9, 41, 42, 59, 60, 90, 99]
09:52:20  INFO      defenses.mkrum — MKrum selected 1 / 10 clients: [44]  |  rejected: [13, 17, 19, 29, 49, 57, 61, 75, 85]
09:52:55  INFO      defenses.mkrum — MKrum selected 1 / 10 clients: [24]  |  rejected: [6, 9, 13, 14, 15, 16, 28, 57, 99]
09:53:30  INFO      defenses.mkrum — MKrum selected 1 / 10 clients: [82]  |  rejected: [3, 10, 13, 25, 47, 59, 66, 80, 94]
09:54:05  INFO      defenses.mkrum — MKrum selected 1 / 10 clients: [10]  |  rejected: [0, 25, 30, 32, 47, 66, 81, 87, 97]
09:54:40  INFO      defenses.mkrum — MKrum selected 1 / 10 clients: [66]  |  rejected: [1, 2, 7, 13, 32, 53, 56, 60, 78]
09:55:19  INFO      defenses.mkrum — MKrum selected 1 / 10 clients: [81]  |  rejected: [4, 7, 16, 28, 35, 38, 40, 77, 87]
09:55:52  INFO      defenses.mkrum — MKrum selected 1 / 10 clients: [51]  |  rejected: [0, 3, 12, 23, 31, 38, 40, 45, 56]
09:56:26  INFO      defenses.mkrum — MKrum selected 1 / 10 clients: [51]  |  rejected: [10, 26, 41, 44, 53, 55, 62, 72, 77]
09:57:00  INFO      defenses.mkrum — MKrum selected 1 / 10 clients: [23]  |  rejected: [35, 38, 42, 49, 56, 58, 59, 72, 78]
09:57:03  INFO      experiment.runner — Round   41/240  |  acc:  61.76%  loss: 1.3183  |  FPR: 90.0%  |  mF1: 62.0%
09:57:38  INFO      defenses.mkrum — MKrum selected 1 / 10 clients: [24]  |  rejected: [3, 7, 11, 21, 27, 40, 41, 51, 69]
09:58:11  INFO      defenses.mkrum — MKrum selected 1 / 10 clients: [17]  |  rejected: [10, 43, 46, 57, 76, 77, 80, 84, 91]
09:58:46  INFO      defenses.mkrum — MKrum selected 1 / 10 clients: [89]  |  rejected: [9, 27, 42, 49, 69, 85, 93, 97, 98]
09:59:19  INFO      defenses.mkrum — MKrum selected 1 / 10 clients: [85]  |  rejected: [2, 29, 41, 53, 60, 65, 70, 93, 97]
09:59:53  INFO      defenses.mkrum — MKrum selected 1 / 10 clients: [91]  |  rejected: [0, 9, 12, 26, 28, 36, 59, 64, 68]
10:00:28  INFO      defenses.mkrum — MKrum selected 1 / 10 clients: [20]  |  rejected: [1, 5, 11, 12, 19, 40, 42, 65, 88]
10:01:03  INFO      defenses.mkrum — MKrum selected 1 / 10 clients: [17]  |  rejected: [45, 49, 50, 51, 64, 65, 75, 83, 88]
10:01:36  INFO      defenses.mkrum — MKrum selected 1 / 10 clients: [49]  |  rejected: [22, 23, 25, 34, 41, 45, 72, 78, 99]
10:02:11  INFO      defenses.mkrum — MKrum selected 1 / 10 clients: [35]  |  rejected: [1, 2, 21, 39, 61, 66, 73, 87, 96]
10:02:46  INFO      defenses.mkrum — MKrum selected 1 / 10 clients: [66]  |  rejected: [11, 18, 34, 36, 54, 57, 61, 86, 96]
10:02:50  INFO      experiment.runner — Round   51/240  |  acc:  66.24%  loss: 1.1198  |  FPR: 90.0%  |  mF1: 66.1%
10:03:25  INFO      defenses.mkrum — MKrum selected 1 / 10 clients: [44]  |  rejected: [6, 18, 22, 29, 42, 76, 86, 87, 95]
10:03:59  INFO      defenses.mkrum — MKrum selected 1 / 10 clients: [44]  |  rejected: [3, 23, 35, 68, 69, 74, 85, 97, 99]
10:04:34  INFO      defenses.mkrum — MKrum selected 1 / 10 clients: [17]  |  rejected: [12, 26, 27, 43, 54, 58, 65, 69, 95]
10:05:11  INFO      defenses.mkrum — MKrum selected 1 / 10 clients: [91]  |  rejected: [1, 6, 25, 45, 54, 71, 72, 87, 99]
10:05:46  INFO      defenses.mkrum — MKrum selected 1 / 10 clients: [24]  |  rejected: [7, 47, 51, 55, 59, 63, 71, 80, 93]
10:06:21  INFO      defenses.mkrum — MKrum selected 1 / 10 clients: [21]  |  rejected: [10, 12, 31, 33, 45, 60, 67, 75, 98]
10:06:54  INFO      defenses.mkrum — MKrum selected 1 / 10 clients: [85]  |  rejected: [1, 22, 23, 28, 42, 67, 69, 84, 97]
10:07:28  INFO      defenses.mkrum — MKrum selected 1 / 10 clients: [91]  |  rejected: [3, 7, 25, 36, 43, 74, 75, 84, 90]
10:08:03  INFO      defenses.mkrum — MKrum selected 1 / 10 clients: [38]  |  rejected: [4, 9, 16, 31, 42, 50, 51, 58, 99]
10:08:38  INFO      defenses.mkrum — MKrum selected 1 / 10 clients: [81]  |  rejected: [5, 18, 22, 25, 40, 59, 73, 88, 91]
10:08:41  INFO      experiment.runner — Round   61/240  |  acc:  66.18%  loss: 1.1378  |  FPR: 90.0%  |  mF1: 66.1%
10:09:15  INFO      defenses.mkrum — MKrum selected 1 / 10 clients: [85]  |  rejected: [4, 17, 19, 48, 50, 64, 66, 74, 96]
10:09:50  INFO      defenses.mkrum — MKrum selected 1 / 10 clients: [85]  |  rejected: [12, 23, 36, 53, 61, 65, 78, 81, 95]
10:10:28  INFO      defenses.mkrum — MKrum selected 1 / 10 clients: [44]  |  rejected: [1, 32, 33, 47, 63, 66, 68, 78, 98]
10:11:02  INFO      defenses.mkrum — MKrum selected 1 / 10 clients: [94]  |  rejected: [1, 7, 13, 25, 26, 39, 59, 67, 82]
10:11:35  INFO      defenses.mkrum — MKrum selected 1 / 10 clients: [1]  |  rejected: [15, 22, 25, 28, 32, 37, 39, 59, 92]
10:12:11  INFO      defenses.mkrum — MKrum selected 1 / 10 clients: [81]  |  rejected: [20, 34, 41, 44, 47, 53, 70, 71, 85]
10:12:44  INFO      defenses.mkrum — MKrum selected 1 / 10 clients: [94]  |  rejected: [2, 3, 6, 11, 17, 26, 33, 87, 90]
10:13:20  INFO      defenses.mkrum — MKrum selected 1 / 10 clients: [56]  |  rejected: [9, 12, 22, 45, 52, 54, 71, 90, 98]
10:13:54  INFO      defenses.mkrum — MKrum selected 1 / 10 clients: [24]  |  rejected: [7, 19, 31, 46, 53, 65, 73, 84, 89]
10:14:30  INFO      defenses.mkrum — MKrum selected 1 / 10 clients: [81]  |  rejected: [4, 20, 40, 44, 52, 65, 66, 69, 92]
10:14:34  INFO      experiment.runner — Round   71/240  |  acc:  68.59%  loss: 1.1214  |  FPR: 90.0%  |  mF1: 68.5%
10:15:14  INFO      defenses.mkrum — MKrum selected 1 / 10 clients: [35]  |  rejected: [13, 36, 37, 54, 55, 58, 68, 95, 97]
10:15:48  INFO      defenses.mkrum — MKrum selected 1 / 10 clients: [7]  |  rejected: [28, 33, 45, 46, 52, 57, 84, 87, 93]
10:16:21  INFO      defenses.mkrum — MKrum selected 1 / 10 clients: [91]  |  rejected: [8, 15, 23, 41, 47, 52, 65, 82, 93]
10:16:56  INFO      defenses.mkrum — MKrum selected 1 / 10 clients: [24]  |  rejected: [2, 10, 33, 39, 49, 54, 55, 63, 74]
10:17:29  INFO      defenses.mkrum — MKrum selected 1 / 10 clients: [21]  |  rejected: [1, 3, 15, 30, 37, 60, 66, 77, 90]
10:18:03  INFO      defenses.mkrum — MKrum selected 1 / 10 clients: [35]  |  rejected: [0, 13, 25, 48, 56, 64, 73, 75, 78]
10:18:37  INFO      defenses.mkrum — MKrum selected 1 / 10 clients: [23]  |  rejected: [9, 18, 25, 39, 53, 67, 84, 88, 95]
10:19:11  INFO      defenses.mkrum — MKrum selected 1 / 10 clients: [82]  |  rejected: [36, 39, 40, 60, 64, 83, 87, 93, 96]
10:19:45  INFO      defenses.mkrum — MKrum selected 1 / 10 clients: [81]  |  rejected: [7, 11, 59, 61, 64, 68, 75, 90, 98]
10:20:25  INFO      defenses.mkrum — MKrum selected 1 / 10 clients: [99]  |  rejected: [9, 10, 20, 43, 52, 61, 75, 92, 96]
10:20:29  INFO      experiment.runner — Round   81/240  |  acc:  67.92%  loss: 1.1593  |  FPR: 90.0%  |  mF1: 67.1%
10:21:01  INFO      defenses.mkrum — MKrum selected 1 / 10 clients: [89]  |  rejected: [14, 19, 52, 62, 63, 68, 73, 78, 82]
10:21:37  INFO      defenses.mkrum — MKrum selected 1 / 10 clients: [89]  |  rejected: [1, 10, 33, 36, 56, 65, 72, 74, 90]
10:22:13  INFO      defenses.mkrum — MKrum selected 1 / 10 clients: [35]  |  rejected: [0, 21, 42, 56, 65, 66, 71, 94, 97]
10:22:52  INFO      defenses.mkrum — MKrum selected 1 / 10 clients: [89]  |  rejected: [20, 22, 40, 41, 42, 47, 61, 90, 98]
10:23:28  INFO      defenses.mkrum — MKrum selected 1 / 10 clients: [89]  |  rejected: [7, 10, 12, 32, 36, 38, 41, 72, 77]
10:24:04  INFO      defenses.mkrum — MKrum selected 1 / 10 clients: [50]  |  rejected: [8, 29, 37, 39, 48, 52, 57, 60, 65]
10:24:39  INFO      defenses.mkrum — MKrum selected 1 / 10 clients: [73]  |  rejected: [5, 8, 10, 11, 15, 21, 26, 87, 98]
10:25:19  INFO      defenses.mkrum — MKrum selected 1 / 10 clients: [99]  |  rejected: [1, 6, 21, 36, 37, 57, 61, 84, 93]
10:25:54  INFO      defenses.mkrum — MKrum selected 1 / 10 clients: [97]  |  rejected: [11, 12, 15, 20, 32, 33, 34, 47, 80]
10:26:30  INFO      defenses.mkrum — MKrum selected 1 / 10 clients: [24]  |  rejected: [25, 28, 63, 68, 72, 86, 88, 90, 95]
10:26:34  INFO      experiment.runner — Round   91/240  |  acc:  72.67%  loss: 0.9564  |  FPR: 90.0%  |  mF1: 72.8%
10:27:07  INFO      defenses.mkrum — MKrum selected 1 / 10 clients: [91]  |  rejected: [11, 31, 32, 34, 51, 52, 59, 85, 89]
10:27:42  INFO      defenses.mkrum — MKrum selected 1 / 10 clients: [94]  |  rejected: [2, 19, 23, 34, 48, 76, 77, 93, 96]
10:28:16  INFO      defenses.mkrum — MKrum selected 1 / 10 clients: [50]  |  rejected: [13, 15, 17, 49, 58, 63, 69, 76, 78]
10:28:51  INFO      defenses.mkrum — MKrum selected 1 / 10 clients: [30]  |  rejected: [10, 13, 17, 28, 42, 43, 45, 69, 80]
10:29:25  INFO      defenses.mkrum — MKrum selected 1 / 10 clients: [82]  |  rejected: [0, 10, 28, 46, 47, 57, 59, 72, 86]
10:29:59  INFO      defenses.mkrum — MKrum selected 1 / 10 clients: [20]  |  rejected: [0, 32, 43, 57, 69, 74, 80, 83, 87]
10:30:36  INFO      defenses.mkrum — MKrum selected 1 / 10 clients: [20]  |  rejected: [3, 8, 15, 26, 34, 37, 47, 51, 78]
10:31:10  INFO      defenses.mkrum — MKrum selected 1 / 10 clients: [30]  |  rejected: [2, 9, 19, 23, 72, 78, 80, 87, 88]
10:31:45  INFO      defenses.mkrum — MKrum selected 1 / 10 clients: [35]  |  rejected: [9, 16, 51, 53, 61, 75, 83, 88, 91]
10:32:19  INFO      defenses.mkrum — MKrum selected 1 / 10 clients: [35]  |  rejected: [13, 18, 19, 33, 53, 61, 64, 67, 82]
10:32:22  INFO      experiment.runner — Round  101/240  |  acc:  72.86%  loss: 1.0648  |  FPR: 90.0%  |  mF1: 72.9%
10:32:56  INFO      defenses.mkrum — MKrum selected 1 / 10 clients: [82]  |  rejected: [0, 12, 15, 29, 36, 47, 61, 72, 74]
10:33:30  INFO      defenses.mkrum — MKrum selected 1 / 10 clients: [35]  |  rejected: [21, 25, 43, 45, 66, 71, 84, 86, 95]
10:34:04  INFO      defenses.mkrum — MKrum selected 1 / 10 clients: [30]  |  rejected: [1, 2, 10, 24, 51, 85, 90, 95, 97]
10:34:38  INFO      defenses.mkrum — MKrum selected 1 / 10 clients: [24]  |  rejected: [0, 2, 6, 61, 87, 91, 92, 93, 95]
10:35:15  INFO      defenses.mkrum — MKrum selected 1 / 10 clients: [82]  |  rejected: [9, 11, 26, 38, 55, 65, 69, 70, 86]
10:35:49  INFO      defenses.mkrum — MKrum selected 1 / 10 clients: [73]  |  rejected: [4, 10, 12, 23, 27, 40, 58, 85, 91]
10:36:25  INFO      defenses.mkrum — MKrum selected 1 / 10 clients: [35]  |  rejected: [12, 32, 34, 45, 70, 75, 84, 95, 98]
10:36:59  INFO      defenses.mkrum — MKrum selected 1 / 10 clients: [97]  |  rejected: [2, 5, 7, 10, 18, 42, 46, 88, 89]
10:37:34  INFO      defenses.mkrum — MKrum selected 1 / 10 clients: [30]  |  rejected: [0, 3, 6, 22, 33, 54, 72, 74, 90]
10:38:08  INFO      defenses.mkrum — MKrum selected 1 / 10 clients: [82]  |  rejected: [9, 16, 18, 24, 44, 72, 83, 89, 93]
10:38:11  INFO      experiment.runner — Round  111/240  |  acc:  74.05%  loss: 1.0071  |  FPR: 90.0%  |  mF1: 74.0%
10:38:46  INFO      defenses.mkrum — MKrum selected 1 / 10 clients: [76]  |  rejected: [40, 57, 58, 59, 63, 68, 75, 88, 93]
10:39:21  INFO      defenses.mkrum — MKrum selected 1 / 10 clients: [73]  |  rejected: [7, 18, 25, 26, 28, 34, 56, 57, 60]
10:39:57  INFO      defenses.mkrum — MKrum selected 1 / 10 clients: [20]  |  rejected: [14, 23, 42, 47, 54, 59, 60, 79, 95]
10:40:31  INFO      defenses.mkrum — MKrum selected 1 / 10 clients: [85]  |  rejected: [4, 8, 12, 15, 17, 32, 33, 47, 65]
10:41:07  INFO      defenses.mkrum — MKrum selected 1 / 10 clients: [82]  |  rejected: [27, 35, 37, 40, 50, 52, 56, 64, 65]
10:41:45  INFO      defenses.mkrum — MKrum selected 1 / 10 clients: [25]  |  rejected: [5, 6, 8, 19, 42, 45, 58, 75, 92]
10:42:24  INFO      defenses.mkrum — MKrum selected 1 / 10 clients: [85]  |  rejected: [2, 23, 42, 46, 53, 77, 80, 91, 95]
10:42:58  INFO      defenses.mkrum — MKrum selected 1 / 10 clients: [97]  |  rejected: [6, 7, 29, 32, 33, 56, 58, 93, 99]
10:43:35  INFO      defenses.mkrum — MKrum selected 1 / 10 clients: [50]  |  rejected: [3, 6, 7, 13, 26, 34, 41, 54, 83]
10:44:10  INFO      defenses.mkrum — MKrum selected 1 / 10 clients: [44]  |  rejected: [2, 10, 14, 31, 37, 51, 53, 66, 77]
10:44:13  INFO      experiment.runner — Round  121/240  |  acc:  74.20%  loss: 0.9646  |  FPR: 90.0%  |  mF1: 74.4%
10:44:50  INFO      defenses.mkrum — MKrum selected 1 / 10 clients: [50]  |  rejected: [6, 20, 23, 46, 52, 54, 60, 90, 96]
10:45:25  INFO      defenses.mkrum — MKrum selected 1 / 10 clients: [91]  |  rejected: [3, 37, 43, 45, 53, 70, 80, 90, 93]
10:46:01  INFO      defenses.mkrum — MKrum selected 1 / 10 clients: [91]  |  rejected: [2, 15, 24, 30, 40, 45, 48, 61, 83]
10:46:36  INFO      defenses.mkrum — MKrum selected 1 / 10 clients: [44]  |  rejected: [8, 24, 49, 53, 61, 76, 80, 84, 86]
10:47:12  INFO      defenses.mkrum — MKrum selected 1 / 10 clients: [14]  |  rejected: [8, 31, 37, 46, 47, 49, 54, 72, 75]
10:47:46  INFO      defenses.mkrum — MKrum selected 1 / 10 clients: [24]  |  rejected: [26, 39, 41, 49, 55, 59, 64, 72, 87]
10:48:21  INFO      defenses.mkrum — MKrum selected 1 / 10 clients: [7]  |  rejected: [9, 23, 43, 47, 57, 69, 75, 96, 98]
10:48:56  INFO      defenses.mkrum — MKrum selected 1 / 10 clients: [44]  |  rejected: [12, 17, 25, 28, 30, 43, 74, 79, 86]
10:49:32  INFO      defenses.mkrum — MKrum selected 1 / 10 clients: [44]  |  rejected: [7, 15, 16, 21, 37, 64, 73, 76, 96]
10:50:06  INFO      defenses.mkrum — MKrum selected 1 / 10 clients: [82]  |  rejected: [1, 2, 26, 29, 50, 64, 83, 84, 97]
10:50:10  INFO      experiment.runner — Round  131/240  |  acc:  76.01%  loss: 0.9331  |  FPR: 90.0%  |  mF1: 76.0%
10:50:44  INFO      defenses.mkrum — MKrum selected 1 / 10 clients: [99]  |  rejected: [6, 7, 12, 28, 30, 34, 39, 49, 92]
10:51:19  INFO      defenses.mkrum — MKrum selected 1 / 10 clients: [35]  |  rejected: [0, 6, 23, 28, 46, 47, 57, 64, 96]
10:51:57  INFO      defenses.mkrum — MKrum selected 1 / 10 clients: [81]  |  rejected: [0, 10, 12, 14, 21, 39, 41, 76, 83]
10:52:33  INFO      defenses.mkrum — MKrum selected 1 / 10 clients: [99]  |  rejected: [3, 28, 39, 59, 65, 83, 84, 94, 95]
10:53:10  INFO      defenses.mkrum — MKrum selected 1 / 10 clients: [82]  |  rejected: [13, 18, 31, 40, 46, 49, 58, 65, 72]
10:53:47  INFO      defenses.mkrum — MKrum selected 1 / 10 clients: [80]  |  rejected: [1, 6, 9, 64, 68, 69, 74, 86, 92]
10:54:24  INFO      defenses.mkrum — MKrum selected 1 / 10 clients: [13]  |  rejected: [0, 5, 6, 10, 42, 43, 79, 90, 96]
10:55:01  INFO      defenses.mkrum — MKrum selected 1 / 10 clients: [82]  |  rejected: [6, 7, 14, 20, 50, 70, 77, 87, 94]
10:55:39  INFO      defenses.mkrum — MKrum selected 1 / 10 clients: [91]  |  rejected: [0, 27, 33, 69, 75, 76, 86, 92, 94]
10:56:17  INFO      defenses.mkrum — MKrum selected 1 / 10 clients: [24]  |  rejected: [3, 6, 11, 21, 26, 30, 57, 70, 97]
10:56:21  INFO      experiment.runner — Round  141/240  |  acc:  75.99%  loss: 0.9325  |  FPR: 90.0%  |  mF1: 76.0%
10:56:58  INFO      defenses.mkrum — MKrum selected 1 / 10 clients: [3]  |  rejected: [1, 10, 11, 32, 36, 41, 55, 63, 67]
10:57:35  INFO      defenses.mkrum — MKrum selected 1 / 10 clients: [91]  |  rejected: [2, 9, 31, 40, 49, 71, 77, 79, 94]
10:58:13  INFO      defenses.mkrum — MKrum selected 1 / 10 clients: [20]  |  rejected: [8, 12, 15, 48, 75, 84, 93, 96, 98]
10:58:50  INFO      defenses.mkrum — MKrum selected 1 / 10 clients: [24]  |  rejected: [1, 6, 9, 25, 31, 42, 60, 75, 79]
10:59:28  INFO      defenses.mkrum — MKrum selected 1 / 10 clients: [44]  |  rejected: [27, 38, 42, 46, 53, 63, 66, 90, 94]
11:00:05  INFO      defenses.mkrum — MKrum selected 1 / 10 clients: [44]  |  rejected: [11, 13, 23, 38, 42, 46, 75, 87, 88]
11:00:43  INFO      defenses.mkrum — MKrum selected 1 / 10 clients: [44]  |  rejected: [9, 16, 19, 27, 58, 63, 65, 74, 92]
11:01:21  INFO      defenses.mkrum — MKrum selected 1 / 10 clients: [20]  |  rejected: [2, 3, 12, 33, 48, 54, 62, 68, 98]
11:01:59  INFO      defenses.mkrum — MKrum selected 1 / 10 clients: [13]  |  rejected: [9, 11, 27, 30, 65, 77, 95, 96, 98]
11:02:34  INFO      defenses.mkrum — MKrum selected 1 / 10 clients: [1]  |  rejected: [4, 27, 37, 40, 52, 58, 72, 75, 98]
11:02:38  INFO      experiment.runner — Round  151/240  |  acc:  72.36%  loss: 1.1325  |  FPR: 90.0%  |  mF1: 72.0%
11:03:15  INFO      defenses.mkrum — MKrum selected 1 / 10 clients: [89]  |  rejected: [5, 8, 11, 18, 63, 80, 86, 87, 90]
11:03:51  INFO      defenses.mkrum — MKrum selected 1 / 10 clients: [45]  |  rejected: [47, 55, 60, 63, 68, 69, 74, 87, 90]
11:04:29  INFO      defenses.mkrum — MKrum selected 1 / 10 clients: [99]  |  rejected: [16, 38, 63, 67, 71, 81, 90, 93, 96]
11:05:05  INFO      defenses.mkrum — MKrum selected 1 / 10 clients: [25]  |  rejected: [4, 8, 18, 52, 59, 67, 83, 93, 96]
11:05:42  INFO      defenses.mkrum — MKrum selected 1 / 10 clients: [82]  |  rejected: [3, 18, 19, 20, 28, 59, 90, 93, 98]
11:06:20  INFO      defenses.mkrum — MKrum selected 1 / 10 clients: [91]  |  rejected: [0, 18, 19, 22, 34, 54, 65, 67, 68]
11:06:57  INFO      defenses.mkrum — MKrum selected 1 / 10 clients: [25]  |  rejected: [1, 6, 30, 52, 54, 68, 73, 83, 90]
11:07:32  INFO      defenses.mkrum — MKrum selected 1 / 10 clients: [91]  |  rejected: [4, 13, 24, 42, 57, 64, 72, 86, 88]
11:08:08  INFO      defenses.mkrum — MKrum selected 1 / 10 clients: [13]  |  rejected: [1, 9, 19, 31, 38, 39, 51, 79, 83]
11:08:43  INFO      defenses.mkrum — MKrum selected 1 / 10 clients: [99]  |  rejected: [9, 11, 24, 31, 41, 46, 48, 86, 90]
11:08:47  INFO      experiment.runner — Round  161/240  |  acc:  77.50%  loss: 0.9083  |  FPR: 90.0%  |  mF1: 76.9%
11:09:22  INFO      defenses.mkrum — MKrum selected 1 / 10 clients: [82]  |  rejected: [15, 43, 44, 55, 57, 62, 64, 78, 94]
11:09:57  INFO      defenses.mkrum — MKrum selected 1 / 10 clients: [45]  |  rejected: [28, 51, 66, 70, 77, 86, 88, 92, 98]
11:10:32  INFO      defenses.mkrum — MKrum selected 1 / 10 clients: [73]  |  rejected: [12, 18, 22, 34, 35, 42, 53, 58, 95]
11:11:08  INFO      defenses.mkrum — MKrum selected 1 / 10 clients: [73]  |  rejected: [2, 4, 11, 21, 35, 43, 45, 50, 74]
11:11:44  INFO      defenses.mkrum — MKrum selected 1 / 10 clients: [83]  |  rejected: [0, 5, 19, 27, 31, 55, 58, 66, 96]
11:12:19  INFO      defenses.mkrum — MKrum selected 1 / 10 clients: [99]  |  rejected: [16, 29, 31, 58, 59, 64, 84, 87, 96]
11:12:56  INFO      defenses.mkrum — MKrum selected 1 / 10 clients: [45]  |  rejected: [9, 28, 57, 59, 74, 76, 77, 85, 86]
11:13:32  INFO      defenses.mkrum — MKrum selected 1 / 10 clients: [80]  |  rejected: [21, 43, 51, 54, 63, 64, 76, 78, 98]
11:14:09  INFO      defenses.mkrum — MKrum selected 1 / 10 clients: [81]  |  rejected: [11, 36, 50, 51, 57, 71, 77, 86, 88]
11:14:44  INFO      defenses.mkrum — MKrum selected 1 / 10 clients: [24]  |  rejected: [4, 8, 21, 23, 55, 56, 63, 65, 84]
11:14:48  INFO      experiment.runner — Round  171/240  |  acc:  77.68%  loss: 0.8422  |  FPR: 90.0%  |  mF1: 77.9%
11:15:25  INFO      defenses.mkrum — MKrum selected 1 / 10 clients: [24]  |  rejected: [3, 42, 46, 64, 69, 80, 86, 90, 98]
11:16:02  INFO      defenses.mkrum — MKrum selected 1 / 10 clients: [13]  |  rejected: [5, 15, 30, 38, 43, 50, 77, 78, 96]
11:16:42  INFO      defenses.mkrum — MKrum selected 1 / 10 clients: [13]  |  rejected: [29, 51, 57, 59, 69, 84, 85, 87, 95]
11:17:18  INFO      defenses.mkrum — MKrum selected 1 / 10 clients: [82]  |  rejected: [1, 26, 35, 44, 55, 57, 68, 73, 80]
11:17:54  INFO      defenses.mkrum — MKrum selected 1 / 10 clients: [23]  |  rejected: [8, 14, 26, 28, 32, 34, 47, 53, 59]
11:18:30  INFO      defenses.mkrum — MKrum selected 1 / 10 clients: [13]  |  rejected: [25, 32, 55, 65, 67, 71, 81, 84, 89]
11:19:06  INFO      defenses.mkrum — MKrum selected 1 / 10 clients: [70]  |  rejected: [5, 6, 40, 42, 43, 62, 77, 83, 87]
11:19:40  INFO      defenses.mkrum — MKrum selected 1 / 10 clients: [11]  |  rejected: [4, 8, 18, 38, 52, 54, 78, 79, 96]
11:20:16  INFO      defenses.mkrum — MKrum selected 1 / 10 clients: [24]  |  rejected: [3, 14, 30, 41, 51, 53, 72, 86, 94]
11:20:50  INFO      defenses.mkrum — MKrum selected 1 / 10 clients: [99]  |  rejected: [8, 31, 33, 49, 51, 65, 68, 80, 81]
11:20:54  INFO      experiment.runner — Round  181/240  |  acc:  79.31%  loss: 0.7752  |  FPR: 90.0%  |  mF1: 79.2%
11:21:31  INFO      defenses.mkrum — MKrum selected 1 / 10 clients: [73]  |  rejected: [30, 47, 50, 80, 84, 85, 86, 89, 95]
11:22:05  INFO      defenses.mkrum — MKrum selected 1 / 10 clients: [24]  |  rejected: [11, 13, 38, 54, 64, 84, 86, 90, 94]
11:22:42  INFO      defenses.mkrum — MKrum selected 1 / 10 clients: [20]  |  rejected: [6, 30, 37, 49, 50, 55, 64, 74, 92]
11:23:17  INFO      defenses.mkrum — MKrum selected 1 / 10 clients: [73]  |  rejected: [4, 13, 38, 49, 56, 59, 60, 74, 91]
11:23:54  INFO      defenses.mkrum — MKrum selected 1 / 10 clients: [73]  |  rejected: [5, 19, 20, 36, 48, 65, 66, 76, 77]
11:24:30  INFO      defenses.mkrum — MKrum selected 1 / 10 clients: [91]  |  rejected: [3, 4, 11, 29, 52, 55, 60, 80, 93]
11:25:07  INFO      defenses.mkrum — MKrum selected 1 / 10 clients: [73]  |  rejected: [4, 6, 14, 16, 30, 34, 39, 72, 93]
11:25:44  INFO      defenses.mkrum — MKrum selected 1 / 10 clients: [80]  |  rejected: [1, 5, 28, 39, 48, 54, 69, 79, 89]
11:26:23  INFO      defenses.mkrum — MKrum selected 1 / 10 clients: [99]  |  rejected: [6, 7, 15, 23, 33, 36, 50, 82, 86]
11:26:59  INFO      defenses.mkrum — MKrum selected 1 / 10 clients: [35]  |  rejected: [6, 19, 31, 38, 57, 70, 71, 76, 95]
11:27:03  INFO      experiment.runner — Round  191/240  |  acc:  76.43%  loss: 0.9827  |  FPR: 90.0%  |  mF1: 76.7%
11:27:39  INFO      defenses.mkrum — MKrum selected 1 / 10 clients: [80]  |  rejected: [15, 22, 30, 47, 56, 63, 65, 69, 95]
11:28:14  INFO      defenses.mkrum — MKrum selected 1 / 10 clients: [82]  |  rejected: [5, 15, 16, 25, 41, 45, 50, 61, 92]
11:28:51  INFO      defenses.mkrum — MKrum selected 1 / 10 clients: [30]  |  rejected: [9, 11, 12, 46, 59, 61, 76, 85, 89]
11:29:27  INFO      defenses.mkrum — MKrum selected 1 / 10 clients: [73]  |  rejected: [22, 32, 49, 53, 56, 68, 89, 96, 98]
11:30:03  INFO      defenses.mkrum — MKrum selected 1 / 10 clients: [99]  |  rejected: [7, 11, 15, 16, 31, 42, 60, 70, 77]
11:30:37  INFO      defenses.mkrum — MKrum selected 1 / 10 clients: [99]  |  rejected: [35, 51, 57, 61, 66, 70, 85, 93, 97]
11:31:20  INFO      defenses.mkrum — MKrum selected 1 / 10 clients: [35]  |  rejected: [22, 23, 31, 39, 51, 60, 74, 93, 94]
11:31:56  INFO      defenses.mkrum — MKrum selected 1 / 10 clients: [73]  |  rejected: [1, 12, 27, 30, 47, 82, 88, 96, 98]
11:32:34  INFO      defenses.mkrum — MKrum selected 1 / 10 clients: [20]  |  rejected: [2, 18, 22, 43, 49, 59, 62, 74, 89]
11:33:09  INFO      defenses.mkrum — MKrum selected 1 / 10 clients: [97]  |  rejected: [9, 34, 39, 48, 53, 57, 60, 66, 96]
11:33:13  INFO      experiment.runner — Round  201/240  |  acc:  77.28%  loss: 0.9682  |  FPR: 90.0%  |  mF1: 77.5%
11:33:49  INFO      defenses.mkrum — MKrum selected 1 / 10 clients: [97]  |  rejected: [7, 28, 44, 49, 50, 55, 87, 88, 96]
11:34:24  INFO      defenses.mkrum — MKrum selected 1 / 10 clients: [97]  |  rejected: [1, 10, 46, 58, 60, 69, 86, 88, 93]
11:35:00  INFO      defenses.mkrum — MKrum selected 1 / 10 clients: [21]  |  rejected: [1, 6, 15, 19, 34, 49, 78, 83, 98]
11:35:35  INFO      defenses.mkrum — MKrum selected 1 / 10 clients: [73]  |  rejected: [11, 12, 22, 25, 31, 42, 65, 80, 96]
11:36:11  INFO      defenses.mkrum — MKrum selected 1 / 10 clients: [20]  |  rejected: [11, 14, 30, 41, 48, 51, 86, 92, 94]
11:36:48  INFO      defenses.mkrum — MKrum selected 1 / 10 clients: [99]  |  rejected: [13, 22, 28, 30, 34, 45, 67, 68, 82]
11:37:24  INFO      defenses.mkrum — MKrum selected 1 / 10 clients: [73]  |  rejected: [6, 35, 37, 41, 63, 71, 74, 76, 97]
11:37:59  INFO      defenses.mkrum — MKrum selected 1 / 10 clients: [99]  |  rejected: [2, 17, 45, 52, 65, 69, 80, 81, 84]
11:38:35  INFO      defenses.mkrum — MKrum selected 1 / 10 clients: [99]  |  rejected: [19, 20, 44, 56, 69, 72, 74, 78, 90]
11:39:10  INFO      defenses.mkrum — MKrum selected 1 / 10 clients: [25]  |  rejected: [4, 18, 34, 40, 66, 70, 75, 84, 92]
11:39:14  INFO      experiment.runner — Round  211/240  |  acc:  76.80%  loss: 1.0609  |  FPR: 90.0%  |  mF1: 76.7%
11:39:50  INFO      defenses.mkrum — MKrum selected 1 / 10 clients: [82]  |  rejected: [4, 9, 10, 19, 28, 29, 43, 71, 97]
11:40:26  INFO      defenses.mkrum — MKrum selected 1 / 10 clients: [13]  |  rejected: [1, 14, 27, 29, 32, 39, 47, 50, 78]
11:41:02  INFO      defenses.mkrum — MKrum selected 1 / 10 clients: [81]  |  rejected: [1, 11, 14, 46, 60, 66, 76, 77, 85]
11:41:39  INFO      defenses.mkrum — MKrum selected 1 / 10 clients: [82]  |  rejected: [11, 29, 40, 44, 47, 61, 76, 95, 96]
11:42:15  INFO      defenses.mkrum — MKrum selected 1 / 10 clients: [82]  |  rejected: [3, 14, 34, 62, 80, 88, 92, 94, 99]
11:42:51  INFO      defenses.mkrum — MKrum selected 1 / 10 clients: [10]  |  rejected: [28, 34, 46, 48, 60, 74, 92, 94, 96]
11:43:28  INFO      defenses.mkrum — MKrum selected 1 / 10 clients: [91]  |  rejected: [17, 27, 43, 55, 63, 75, 85, 90, 95]
11:44:04  INFO      defenses.mkrum — MKrum selected 1 / 10 clients: [10]  |  rejected: [1, 22, 39, 42, 46, 63, 68, 71, 72]
11:44:40  INFO      defenses.mkrum — MKrum selected 1 / 10 clients: [35]  |  rejected: [0, 8, 40, 43, 51, 65, 88, 89, 93]
11:45:14  INFO      defenses.mkrum — MKrum selected 1 / 10 clients: [91]  |  rejected: [4, 9, 12, 24, 29, 60, 64, 66, 83]
11:45:18  INFO      experiment.runner — Round  221/240  |  acc:  78.27%  loss: 0.9470  |  FPR: 90.0%  |  mF1: 78.2%
11:45:55  INFO      defenses.mkrum — MKrum selected 1 / 10 clients: [20]  |  rejected: [8, 23, 39, 65, 68, 80, 86, 89, 95]
11:46:33  INFO      defenses.mkrum — MKrum selected 1 / 10 clients: [24]  |  rejected: [36, 39, 58, 65, 66, 70, 71, 83, 85]
11:47:10  INFO      defenses.mkrum — MKrum selected 1 / 10 clients: [24]  |  rejected: [20, 45, 55, 59, 61, 68, 82, 88, 98]
11:47:53  INFO      defenses.mkrum — MKrum selected 1 / 10 clients: [24]  |  rejected: [4, 20, 30, 31, 56, 62, 64, 73, 90]
11:48:30  INFO      defenses.mkrum — MKrum selected 1 / 10 clients: [35]  |  rejected: [3, 13, 18, 29, 34, 43, 49, 88, 94]
11:49:09  INFO      defenses.mkrum — MKrum selected 1 / 10 clients: [10]  |  rejected: [7, 12, 17, 32, 61, 69, 86, 92, 93]
11:49:44  INFO      defenses.mkrum — MKrum selected 1 / 10 clients: [25]  |  rejected: [2, 17, 33, 46, 54, 67, 69, 80, 83]
11:50:22  INFO      defenses.mkrum — MKrum selected 1 / 10 clients: [35]  |  rejected: [31, 43, 46, 56, 61, 70, 74, 91, 92]
11:51:01  INFO      defenses.mkrum — MKrum selected 1 / 10 clients: [85]  |  rejected: [4, 27, 43, 45, 46, 49, 50, 66, 86]
11:51:37  INFO      defenses.mkrum — MKrum selected 1 / 10 clients: [24]  |  rejected: [3, 21, 26, 28, 37, 38, 58, 62, 95]
11:51:41  INFO      experiment.runner — Round  231/240  |  acc:  76.94%  loss: 1.0164  |  FPR: 90.0%  |  mF1: 77.0%
11:52:20  INFO      defenses.mkrum — MKrum selected 1 / 10 clients: [81]  |  rejected: [4, 8, 39, 53, 58, 72, 77, 95, 98]
11:52:56  INFO      defenses.mkrum — MKrum selected 1 / 10 clients: [73]  |  rejected: [2, 14, 22, 28, 38, 45, 47, 65, 88]
11:53:30  INFO      defenses.mkrum — MKrum selected 1 / 10 clients: [80]  |  rejected: [0, 7, 45, 50, 56, 59, 61, 71, 75]
11:54:07  INFO      defenses.mkrum — MKrum selected 1 / 10 clients: [82]  |  rejected: [27, 48, 58, 59, 67, 77, 84, 89, 93]
11:54:41  INFO      defenses.mkrum — MKrum selected 1 / 10 clients: [10]  |  rejected: [34, 40, 53, 62, 72, 78, 87, 90, 92]
11:55:18  INFO      defenses.mkrum — MKrum selected 1 / 10 clients: [51]  |  rejected: [1, 3, 16, 22, 61, 71, 75, 95, 98]
11:55:54  INFO      defenses.mkrum — MKrum selected 1 / 10 clients: [35]  |  rejected: [20, 21, 29, 39, 52, 53, 59, 78, 90]
11:56:30  INFO      defenses.mkrum — MKrum selected 1 / 10 clients: [24]  |  rejected: [1, 16, 18, 21, 39, 55, 70, 76, 97]
11:57:05  INFO      defenses.mkrum — MKrum selected 1 / 10 clients: [20]  |  rejected: [5, 21, 29, 36, 52, 58, 62, 67, 75]
11:57:10  INFO      experiment.runner — Round  240/240  |  acc:  79.08%  loss: 0.9197  |  FPR: 90.0%  |  mF1: 79.0%
11:57:11  INFO      experiment.runner — Final model saved to results/benchmark/cifar10_none_krum_seed9/final_model.pt
11:57:11  INFO      experiment.runner — Client atypicality written to results/benchmark/cifar10_none_krum_seed9/client_atypicality.json
11:57:11  INFO      experiment.runner — Client inclusion rates written to results/benchmark/cifar10_none_krum_seed9/client_inclusion.csv
11:57:12  INFO      experiment.runner — Anomaly scores written to results/benchmark/cifar10_none_krum_seed9/anomaly_scores.csv (2400 rows)
11:57:12  INFO      benchmark — ✓  cifar10_none_krum_seed9  (145.1 min)
11:57:12  INFO      benchmark — ▶  cifar10_none_nnm_krum_seed0
11:57:12  INFO      experiment.runner — Initialising 'cifar10_none_nnm_krum_seed0' | device=cuda | rounds=240 | clients=10/100 | attack=none | defense=nnm
11:57:15  INFO      defenses.nnm — NNMServer — f=1  base_rule=krum
11:57:26  INFO      experiment.utils — Built 100 clients — 0 malicious, 100 benign.
11:57:26  INFO      experiment.runner — Setup complete — 100 clients (0 malicious) | backdoor eval: none

==============================================================
  Summary — 25 rounds evaluated
==============================================================
  Final clean accuracy               79.08%
  Best  clean accuracy               79.31%
  Final clean loss                   0.9197
  Macro F1                           79.02%
  Pooled FPR (all rounds)            90.00%
==============================================================

Files already downloaded and verified
Files already downloaded and verified
Files already downloaded and verified
Files already downloaded and verified
11:58:05  INFO      experiment.runner — Round    1/240  |  acc:  15.17%  loss: 3.0672  |  mF1: 10.2%
12:04:33  INFO      experiment.runner — Round   11/240  |  acc:  55.91%  loss: 1.2775  |  mF1: 55.5%
12:10:33  INFO      experiment.runner — Round   21/240  |  acc:  63.89%  loss: 1.1521  |  mF1: 63.2%
12:16:33  INFO      experiment.runner — Round   31/240  |  acc:  68.06%  loss: 1.0532  |  mF1: 68.1%
12:22:57  INFO      experiment.runner — Round   41/240  |  acc:  72.25%  loss: 0.8676  |  mF1: 72.2%
12:29:15  INFO      experiment.runner — Round   51/240  |  acc:  74.49%  loss: 0.8504  |  mF1: 74.4%
12:35:24  INFO      experiment.runner — Round   61/240  |  acc:  75.46%  loss: 0.8312  |  mF1: 75.5%
12:41:28  INFO      experiment.runner — Round   71/240  |  acc:  77.91%  loss: 0.7838  |  mF1: 77.8%
12:47:37  INFO      experiment.runner — Round   81/240  |  acc:  79.31%  loss: 0.7370  |  mF1: 79.2%
12:53:51  INFO      experiment.runner — Round   91/240  |  acc:  80.05%  loss: 0.7004  |  mF1: 79.9%
13:00:09  INFO      experiment.runner — Round  101/240  |  acc:  81.47%  loss: 0.6717  |  mF1: 81.5%
13:06:42  INFO      experiment.runner — Round  111/240  |  acc:  81.51%  loss: 0.6788  |  mF1: 81.5%
13:13:00  INFO      experiment.runner — Round  121/240  |  acc:  81.92%  loss: 0.6790  |  mF1: 81.7%
13:19:20  INFO      experiment.runner — Round  131/240  |  acc:  82.81%  loss: 0.6273  |  mF1: 82.6%
13:25:40  INFO      experiment.runner — Round  141/240  |  acc:  83.78%  loss: 0.5976  |  mF1: 83.7%
13:32:05  INFO      experiment.runner — Round  151/240  |  acc:  83.00%  loss: 0.6420  |  mF1: 82.9%
13:38:30  INFO      experiment.runner — Round  161/240  |  acc:  83.68%  loss: 0.6172  |  mF1: 83.7%
13:44:45  INFO      experiment.runner — Round  171/240  |  acc:  84.15%  loss: 0.6251  |  mF1: 84.0%
13:51:12  INFO      experiment.runner — Round  181/240  |  acc:  85.31%  loss: 0.5696  |  mF1: 85.3%
13:57:53  INFO      experiment.runner — Round  191/240  |  acc:  84.85%  loss: 0.5811  |  mF1: 84.9%
14:04:24  INFO      experiment.runner — Round  201/240  |  acc:  85.62%  loss: 0.5642  |  mF1: 85.5%
14:10:57  INFO      experiment.runner — Round  211/240  |  acc:  85.32%  loss: 0.5868  |  mF1: 85.3%
14:17:24  INFO      experiment.runner — Round  221/240  |  acc:  84.51%  loss: 0.6334  |  mF1: 84.3%
14:24:01  INFO      experiment.runner — Round  231/240  |  acc:  86.11%  loss: 0.5761  |  mF1: 86.0%
14:29:52  INFO      experiment.runner — Round  240/240  |  acc:  86.24%  loss: 0.5399  |  mF1: 86.2%
14:29:53  INFO      experiment.runner — Final model saved to results/benchmark/cifar10_none_nnm_krum_seed0/final_model.pt
14:29:53  INFO      experiment.runner — Client atypicality written to results/benchmark/cifar10_none_nnm_krum_seed0/client_atypicality.json
14:29:53  INFO      experiment.runner — Client inclusion rates written to results/benchmark/cifar10_none_nnm_krum_seed0/client_inclusion.csv
14:29:53  INFO      benchmark — ✓  cifar10_none_nnm_krum_seed0  (152.7 min)
14:29:53  INFO      benchmark — ▶  cifar10_none_nnm_krum_seed1
14:29:53  INFO      experiment.runner — Initialising 'cifar10_none_nnm_krum_seed1' | device=cuda | rounds=240 | clients=10/100 | attack=none | defense=nnm
14:29:56  INFO      defenses.nnm — NNMServer — f=1  base_rule=krum
14:30:09  INFO      experiment.utils — Built 100 clients — 0 malicious, 100 benign.
14:30:09  INFO      experiment.runner — Setup complete — 100 clients (0 malicious) | backdoor eval: none

==============================================================
  Summary — 25 rounds evaluated
==============================================================
  Final clean accuracy               86.24%
  Best  clean accuracy               86.24%
  Final clean loss                   0.5399
  Macro F1                           86.20%
==============================================================

Files already downloaded and verified
Files already downloaded and verified
Files already downloaded and verified
Files already downloaded and verified
14:30:46  INFO      experiment.runner — Round    1/240  |  acc:  11.62%  loss: 4.2021  |  mF1: 4.8%
14:36:54  INFO      experiment.runner — Round   11/240  |  acc:  57.66%  loss: 1.2437  |  mF1: 57.5%
14:43:13  INFO      experiment.runner — Round   21/240  |  acc:  65.59%  loss: 1.0414  |  mF1: 65.5%
14:49:30  INFO      experiment.runner — Round   31/240  |  acc:  69.37%  loss: 1.0223  |  mF1: 69.4%
14:55:45  INFO      experiment.runner — Round   41/240  |  acc:  72.41%  loss: 0.9255  |  mF1: 72.1%
15:02:08  INFO      experiment.runner — Round   51/240  |  acc:  75.41%  loss: 0.8658  |  mF1: 75.1%
15:08:44  INFO      experiment.runner — Round   61/240  |  acc:  78.26%  loss: 0.7476  |  mF1: 78.2%
15:15:18  INFO      experiment.runner — Round   71/240  |  acc:  78.37%  loss: 0.7664  |  mF1: 78.3%
15:21:56  INFO      experiment.runner — Round   81/240  |  acc:  79.94%  loss: 0.7044  |  mF1: 79.9%
15:28:29  INFO      experiment.runner — Round   91/240  |  acc:  81.74%  loss: 0.6429  |  mF1: 81.7%
15:35:19  INFO      experiment.runner — Round  101/240  |  acc:  81.53%  loss: 0.6840  |  mF1: 81.4%
15:42:07  INFO      experiment.runner — Round  111/240  |  acc:  82.79%  loss: 0.6112  |  mF1: 82.7%
15:49:02  INFO      experiment.runner — Round  121/240  |  acc:  83.23%  loss: 0.5844  |  mF1: 83.1%
15:56:01  INFO      experiment.runner — Round  131/240  |  acc:  84.08%  loss: 0.5636  |  mF1: 84.1%
16:03:01  INFO      experiment.runner — Round  141/240  |  acc:  84.42%  loss: 0.5954  |  mF1: 84.3%
16:09:44  INFO      experiment.runner — Round  151/240  |  acc:  83.85%  loss: 0.6172  |  mF1: 83.8%
16:16:17  INFO      experiment.runner — Round  161/240  |  acc:  85.26%  loss: 0.5661  |  mF1: 85.2%
16:22:52  INFO      experiment.runner — Round  171/240  |  acc:  85.08%  loss: 0.5697  |  mF1: 84.9%
16:29:22  INFO      experiment.runner — Round  181/240  |  acc:  85.13%  loss: 0.5826  |  mF1: 85.0%
16:36:01  INFO      experiment.runner — Round  191/240  |  acc:  86.26%  loss: 0.5307  |  mF1: 86.2%
16:42:26  INFO      experiment.runner — Round  201/240  |  acc:  86.62%  loss: 0.5125  |  mF1: 86.6%
16:49:51  INFO      experiment.runner — Round  211/240  |  acc:  86.09%  loss: 0.5393  |  mF1: 86.0%
16:56:33  INFO      experiment.runner — Round  221/240  |  acc:  85.74%  loss: 0.5459  |  mF1: 85.7%
17:03:08  INFO      experiment.runner — Round  231/240  |  acc:  86.59%  loss: 0.5104  |  mF1: 86.6%
17:09:08  INFO      experiment.runner — Round  240/240  |  acc:  86.68%  loss: 0.5091  |  mF1: 86.6%
17:09:09  INFO      experiment.runner — Final model saved to results/benchmark/cifar10_none_nnm_krum_seed1/final_model.pt
17:09:09  INFO      experiment.runner — Client atypicality written to results/benchmark/cifar10_none_nnm_krum_seed1/client_atypicality.json
17:09:09  INFO      experiment.runner — Client inclusion rates written to results/benchmark/cifar10_none_nnm_krum_seed1/client_inclusion.csv
17:09:09  INFO      benchmark — ✓  cifar10_none_nnm_krum_seed1  (159.3 min)
17:09:09  INFO      benchmark — ▶  cifar10_none_nnm_krum_seed2
17:09:09  INFO      experiment.runner — Initialising 'cifar10_none_nnm_krum_seed2' | device=cuda | rounds=240 | clients=10/100 | attack=none | defense=nnm
17:09:13  INFO      defenses.nnm — NNMServer — f=1  base_rule=krum
17:09:25  INFO      experiment.utils — Built 100 clients — 0 malicious, 100 benign.
17:09:25  INFO      experiment.runner — Setup complete — 100 clients (0 malicious) | backdoor eval: none

==============================================================
  Summary — 25 rounds evaluated
==============================================================
  Final clean accuracy               86.68%
  Best  clean accuracy               86.68%
  Final clean loss                   0.5091
  Macro F1                           86.63%
==============================================================

Files already downloaded and verified
Files already downloaded and verified
Files already downloaded and verified
Files already downloaded and verified
17:10:07  INFO      experiment.runner — Round    1/240  |  acc:  14.41%  loss: 3.0095  |  mF1: 9.5%
17:16:47  INFO      experiment.runner — Round   11/240  |  acc:  56.45%  loss: 1.2875  |  mF1: 55.8%
17:23:38  INFO      experiment.runner — Round   21/240  |  acc:  64.41%  loss: 1.0885  |  mF1: 64.1%
17:30:26  INFO      experiment.runner — Round   31/240  |  acc:  67.90%  loss: 1.0598  |  mF1: 67.6%
17:37:26  INFO      experiment.runner — Round   41/240  |  acc:  70.69%  loss: 1.0151  |  mF1: 70.6%
17:44:22  INFO      experiment.runner — Round   51/240  |  acc:  73.66%  loss: 0.8997  |  mF1: 73.4%
17:51:26  INFO      experiment.runner — Round   61/240  |  acc:  74.32%  loss: 0.8880  |  mF1: 74.3%
17:58:28  INFO      experiment.runner — Round   71/240  |  acc:  77.06%  loss: 0.7934  |  mF1: 77.0%
18:05:19  INFO      experiment.runner — Round   81/240  |  acc:  77.27%  loss: 0.8081  |  mF1: 77.1%
18:12:15  INFO      experiment.runner — Round   91/240  |  acc:  79.17%  loss: 0.7423  |  mF1: 79.1%
18:19:10  INFO      experiment.runner — Round  101/240  |  acc:  80.84%  loss: 0.6711  |  mF1: 80.9%
18:26:04  INFO      experiment.runner — Round  111/240  |  acc:  81.92%  loss: 0.6596  |  mF1: 81.9%
18:32:55  INFO      experiment.runner — Round  121/240  |  acc:  81.37%  loss: 0.6811  |  mF1: 81.4%
18:39:53  INFO      experiment.runner — Round  131/240  |  acc:  82.52%  loss: 0.6399  |  mF1: 82.4%
18:46:59  INFO      experiment.runner — Round  141/240  |  acc:  83.11%  loss: 0.6271  |  mF1: 83.1%
18:53:59  INFO      experiment.runner — Round  151/240  |  acc:  82.91%  loss: 0.6308  |  mF1: 82.9%
19:00:57  INFO      experiment.runner — Round  161/240  |  acc:  83.62%  loss: 0.6147  |  mF1: 83.7%
19:07:53  INFO      experiment.runner — Round  171/240  |  acc:  83.88%  loss: 0.6217  |  mF1: 83.8%
19:14:46  INFO      experiment.runner — Round  181/240  |  acc:  84.03%  loss: 0.6035  |  mF1: 84.0%
19:21:54  INFO      experiment.runner — Round  191/240  |  acc:  84.18%  loss: 0.6011  |  mF1: 84.0%
19:29:03  INFO      experiment.runner — Round  201/240  |  acc:  84.84%  loss: 0.5900  |  mF1: 84.8%
19:35:49  INFO      experiment.runner — Round  211/240  |  acc:  85.71%  loss: 0.5543  |  mF1: 85.6%
19:42:23  INFO      experiment.runner — Round  221/240  |  acc:  85.26%  loss: 0.6047  |  mF1: 85.1%
19:49:02  INFO      experiment.runner — Round  231/240  |  acc:  86.06%  loss: 0.5299  |  mF1: 86.0%
19:55:16  INFO      experiment.runner — Round  240/240  |  acc:  86.61%  loss: 0.5422  |  mF1: 86.5%
19:55:17  INFO      experiment.runner — Final model saved to results/benchmark/cifar10_none_nnm_krum_seed2/final_model.pt
19:55:17  INFO      experiment.runner — Client atypicality written to results/benchmark/cifar10_none_nnm_krum_seed2/client_atypicality.json
19:55:17  INFO      experiment.runner — Client inclusion rates written to results/benchmark/cifar10_none_nnm_krum_seed2/client_inclusion.csv
19:55:17  INFO      benchmark — ✓  cifar10_none_nnm_krum_seed2  (166.1 min)
19:55:17  INFO      benchmark — ▶  cifar10_none_nnm_krum_seed3
19:55:17  INFO      experiment.runner — Initialising 'cifar10_none_nnm_krum_seed3' | device=cuda | rounds=240 | clients=10/100 | attack=none | defense=nnm
19:55:21  INFO      defenses.nnm — NNMServer — f=1  base_rule=krum
19:55:32  INFO      experiment.utils — Built 100 clients — 0 malicious, 100 benign.
19:55:32  INFO      experiment.runner — Setup complete — 100 clients (0 malicious) | backdoor eval: none

==============================================================
  Summary — 25 rounds evaluated
==============================================================
  Final clean accuracy               86.61%
  Best  clean accuracy               86.61%
  Final clean loss                   0.5422
  Macro F1                           86.54%
==============================================================

Files already downloaded and verified
Files already downloaded and verified
Files already downloaded and verified
Files already downloaded and verified
19:56:16  INFO      experiment.runner — Round    1/240  |  acc:  12.62%  loss: 4.3307  |  mF1: 6.2%
20:02:44  INFO      experiment.runner — Round   11/240  |  acc:  56.42%  loss: 1.2669  |  mF1: 56.5%
20:09:15  INFO      experiment.runner — Round   21/240  |  acc:  65.89%  loss: 1.0349  |  mF1: 65.9%
20:15:53  INFO      experiment.runner — Round   31/240  |  acc:  69.10%  loss: 0.9782  |  mF1: 69.0%
20:22:29  INFO      experiment.runner — Round   41/240  |  acc:  72.08%  loss: 0.9579  |  mF1: 72.1%
20:29:06  INFO      experiment.runner — Round   51/240  |  acc:  75.11%  loss: 0.8175  |  mF1: 75.2%
20:35:45  INFO      experiment.runner — Round   61/240  |  acc:  77.54%  loss: 0.7826  |  mF1: 77.6%
20:42:28  INFO      experiment.runner — Round   71/240  |  acc:  78.55%  loss: 0.7507  |  mF1: 78.6%
20:49:23  INFO      experiment.runner — Round   81/240  |  acc:  79.60%  loss: 0.7366  |  mF1: 79.6%
20:56:06  INFO      experiment.runner — Round   91/240  |  acc:  80.39%  loss: 0.7100  |  mF1: 80.3%
21:02:51  INFO      experiment.runner — Round  101/240  |  acc:  81.38%  loss: 0.6858  |  mF1: 81.4%
21:09:30  INFO      experiment.runner — Round  111/240  |  acc:  81.46%  loss: 0.6811  |  mF1: 81.3%
21:16:12  INFO      experiment.runner — Round  121/240  |  acc:  83.01%  loss: 0.6294  |  mF1: 83.0%
21:23:05  INFO      experiment.runner — Round  131/240  |  acc:  84.08%  loss: 0.6001  |  mF1: 84.0%
21:30:13  INFO      experiment.runner — Round  141/240  |  acc:  83.07%  loss: 0.6435  |  mF1: 82.9%
21:37:08  INFO      experiment.runner — Round  151/240  |  acc:  84.20%  loss: 0.5882  |  mF1: 84.1%
21:43:54  INFO      experiment.runner — Round  161/240  |  acc:  85.24%  loss: 0.5608  |  mF1: 85.2%
21:50:28  INFO      experiment.runner — Round  171/240  |  acc:  84.99%  loss: 0.5812  |  mF1: 84.9%
21:57:18  INFO      experiment.runner — Round  181/240  |  acc:  85.20%  loss: 0.5625  |  mF1: 85.2%
22:04:13  INFO      experiment.runner — Round  191/240  |  acc:  86.36%  loss: 0.5287  |  mF1: 86.3%
22:11:01  INFO      experiment.runner — Round  201/240  |  acc:  85.08%  loss: 0.5776  |  mF1: 85.0%
22:17:41  INFO      experiment.runner — Round  211/240  |  acc:  85.83%  loss: 0.5409  |  mF1: 85.8%
22:24:16  INFO      experiment.runner — Round  221/240  |  acc:  86.49%  loss: 0.5218  |  mF1: 86.5%
22:31:08  INFO      experiment.runner — Round  231/240  |  acc:  86.48%  loss: 0.5351  |  mF1: 86.4%
22:37:07  INFO      experiment.runner — Round  240/240  |  acc:  86.66%  loss: 0.5346  |  mF1: 86.7%
22:37:07  INFO      experiment.runner — Final model saved to results/benchmark/cifar10_none_nnm_krum_seed3/final_model.pt
22:37:07  INFO      experiment.runner — Client atypicality written to results/benchmark/cifar10_none_nnm_krum_seed3/client_atypicality.json
22:37:07  INFO      experiment.runner — Client inclusion rates written to results/benchmark/cifar10_none_nnm_krum_seed3/client_inclusion.csv
22:37:07  INFO      benchmark — ✓  cifar10_none_nnm_krum_seed3  (161.8 min)
22:37:07  INFO      benchmark — ▶  cifar10_none_nnm_krum_seed4
22:37:07  INFO      experiment.runner — Initialising 'cifar10_none_nnm_krum_seed4' | device=cuda | rounds=240 | clients=10/100 | attack=none | defense=nnm
22:37:11  INFO      defenses.nnm — NNMServer — f=1  base_rule=krum
22:37:22  INFO      experiment.utils — Built 100 clients — 0 malicious, 100 benign.
22:37:22  INFO      experiment.runner — Setup complete — 100 clients (0 malicious) | backdoor eval: none

==============================================================
  Summary — 25 rounds evaluated
==============================================================
  Final clean accuracy               86.66%
  Best  clean accuracy               86.66%
  Final clean loss                   0.5346
  Macro F1                           86.66%
==============================================================

Files already downloaded and verified
Files already downloaded and verified
Files already downloaded and verified
Files already downloaded and verified
22:38:03  INFO      experiment.runner — Round    1/240  |  acc:  12.48%  loss: 3.4938  |  mF1: 6.0%
22:44:40  INFO      experiment.runner — Round   11/240  |  acc:  57.75%  loss: 1.2255  |  mF1: 57.5%
22:51:30  INFO      experiment.runner — Round   21/240  |  acc:  64.99%  loss: 1.0848  |  mF1: 64.7%
22:58:05  INFO      experiment.runner — Round   31/240  |  acc:  69.53%  loss: 0.9681  |  mF1: 69.6%
23:04:41  INFO      experiment.runner — Round   41/240  |  acc:  72.89%  loss: 0.9047  |  mF1: 72.9%
23:11:14  INFO      experiment.runner — Round   51/240  |  acc:  74.64%  loss: 0.8591  |  mF1: 74.7%
23:17:56  INFO      experiment.runner — Round   61/240  |  acc:  77.59%  loss: 0.7758  |  mF1: 77.4%
23:24:38  INFO      experiment.runner — Round   71/240  |  acc:  79.37%  loss: 0.7021  |  mF1: 79.2%
23:31:15  INFO      experiment.runner — Round   81/240  |  acc:  79.61%  loss: 0.7379  |  mF1: 79.6%
23:37:52  INFO      experiment.runner — Round   91/240  |  acc:  81.08%  loss: 0.6869  |  mF1: 81.1%
23:44:32  INFO      experiment.runner — Round  101/240  |  acc:  81.98%  loss: 0.6591  |  mF1: 82.0%
23:51:10  INFO      experiment.runner — Round  111/240  |  acc:  82.31%  loss: 0.6389  |  mF1: 82.1%
23:57:54  INFO      experiment.runner — Round  121/240  |  acc:  82.94%  loss: 0.6296  |  mF1: 82.9%
00:04:21  INFO      experiment.runner — Round  131/240  |  acc:  83.95%  loss: 0.5972  |  mF1: 83.7%
00:11:12  INFO      experiment.runner — Round  141/240  |  acc:  82.63%  loss: 0.6448  |  mF1: 82.6%
00:17:50  INFO      experiment.runner — Round  151/240  |  acc:  84.25%  loss: 0.5954  |  mF1: 84.2%
00:24:26  INFO      experiment.runner — Round  161/240  |  acc:  85.19%  loss: 0.5728  |  mF1: 85.1%
00:31:03  INFO      experiment.runner — Round  171/240  |  acc:  84.62%  loss: 0.5836  |  mF1: 84.5%
00:37:55  INFO      experiment.runner — Round  181/240  |  acc:  85.26%  loss: 0.5634  |  mF1: 85.2%
00:44:33  INFO      experiment.runner — Round  191/240  |  acc:  85.68%  loss: 0.5559  |  mF1: 85.6%
00:51:11  INFO      experiment.runner — Round  201/240  |  acc:  85.75%  loss: 0.5611  |  mF1: 85.6%
00:57:51  INFO      experiment.runner — Round  211/240  |  acc:  86.46%  loss: 0.5339  |  mF1: 86.4%
01:04:32  INFO      experiment.runner — Round  221/240  |  acc:  86.49%  loss: 0.5281  |  mF1: 86.5%
01:11:13  INFO      experiment.runner — Round  231/240  |  acc:  86.45%  loss: 0.5367  |  mF1: 86.3%
01:17:20  INFO      experiment.runner — Round  240/240  |  acc:  86.27%  loss: 0.5316  |  mF1: 86.3%
01:17:21  INFO      experiment.runner — Final model saved to results/benchmark/cifar10_none_nnm_krum_seed4/final_model.pt
01:17:21  INFO      experiment.runner — Client atypicality written to results/benchmark/cifar10_none_nnm_krum_seed4/client_atypicality.json
01:17:21  INFO      experiment.runner — Client inclusion rates written to results/benchmark/cifar10_none_nnm_krum_seed4/client_inclusion.csv
01:17:21  INFO      benchmark — ✓  cifar10_none_nnm_krum_seed4  (160.2 min)
01:17:21  INFO      benchmark — ▶  cifar10_none_nnm_krum_seed5
01:17:21  INFO      experiment.runner — Initialising 'cifar10_none_nnm_krum_seed5' | device=cuda | rounds=240 | clients=10/100 | attack=none | defense=nnm
01:17:25  INFO      defenses.nnm — NNMServer — f=1  base_rule=krum
01:17:37  INFO      experiment.utils — Built 100 clients — 0 malicious, 100 benign.
01:17:37  INFO      experiment.runner — Setup complete — 100 clients (0 malicious) | backdoor eval: none

==============================================================
  Summary — 25 rounds evaluated
==============================================================
  Final clean accuracy               86.27%
  Best  clean accuracy               86.49%
  Final clean loss                   0.5316
  Macro F1                           86.32%
==============================================================

Files already downloaded and verified
Files already downloaded and verified
Files already downloaded and verified
Files already downloaded and verified
01:18:20  INFO      experiment.runner — Round    1/240  |  acc:  12.64%  loss: 3.0434  |  mF1: 6.0%
01:25:02  INFO      experiment.runner — Round   11/240  |  acc:  51.68%  loss: 1.5027  |  mF1: 50.4%
01:31:37  INFO      experiment.runner — Round   21/240  |  acc:  64.84%  loss: 1.1343  |  mF1: 64.3%
01:38:11  INFO      experiment.runner — Round   31/240  |  acc:  68.56%  loss: 1.0248  |  mF1: 68.2%
01:44:44  INFO      experiment.runner — Round   41/240  |  acc:  73.26%  loss: 0.8838  |  mF1: 73.2%
01:51:27  INFO      experiment.runner — Round   51/240  |  acc:  74.83%  loss: 0.8406  |  mF1: 74.7%
01:57:53  INFO      experiment.runner — Round   61/240  |  acc:  77.83%  loss: 0.7551  |  mF1: 77.7%
02:04:19  INFO      experiment.runner — Round   71/240  |  acc:  78.60%  loss: 0.7816  |  mF1: 78.3%
02:11:05  INFO      experiment.runner — Round   81/240  |  acc:  79.74%  loss: 0.7211  |  mF1: 79.6%
02:17:44  INFO      experiment.runner — Round   91/240  |  acc:  80.80%  loss: 0.7158  |  mF1: 80.7%
02:24:27  INFO      experiment.runner — Round  101/240  |  acc:  81.78%  loss: 0.6528  |  mF1: 81.7%
02:31:14  INFO      experiment.runner — Round  111/240  |  acc:  82.34%  loss: 0.6474  |  mF1: 82.3%
02:38:07  INFO      experiment.runner — Round  121/240  |  acc:  82.55%  loss: 0.6372  |  mF1: 82.4%
02:44:49  INFO      experiment.runner — Round  131/240  |  acc:  83.68%  loss: 0.6309  |  mF1: 83.6%
02:51:36  INFO      experiment.runner — Round  141/240  |  acc:  82.94%  loss: 0.6797  |  mF1: 82.9%
02:58:25  INFO      experiment.runner — Round  151/240  |  acc:  84.12%  loss: 0.6083  |  mF1: 84.0%
03:05:08  INFO      experiment.runner — Round  161/240  |  acc:  84.71%  loss: 0.5949  |  mF1: 84.6%
03:12:06  INFO      experiment.runner — Round  171/240  |  acc:  85.25%  loss: 0.5737  |  mF1: 85.2%
03:19:01  INFO      experiment.runner — Round  181/240  |  acc:  85.28%  loss: 0.5837  |  mF1: 85.2%
03:26:02  INFO      experiment.runner — Round  191/240  |  acc:  85.31%  loss: 0.5663  |  mF1: 85.2%
03:32:58  INFO      experiment.runner — Round  201/240  |  acc:  86.41%  loss: 0.5318  |  mF1: 86.3%
03:40:11  INFO      experiment.runner — Round  211/240  |  acc:  85.95%  loss: 0.5571  |  mF1: 85.9%
03:47:14  INFO      experiment.runner — Round  221/240  |  acc:  86.57%  loss: 0.5399  |  mF1: 86.5%
03:54:28  INFO      experiment.runner — Round  231/240  |  acc:  86.47%  loss: 0.5437  |  mF1: 86.5%
04:00:58  INFO      experiment.runner — Round  240/240  |  acc:  87.17%  loss: 0.5142  |  mF1: 87.2%
04:00:58  INFO      experiment.runner — Final model saved to results/benchmark/cifar10_none_nnm_krum_seed5/final_model.pt
04:00:58  INFO      experiment.runner — Client atypicality written to results/benchmark/cifar10_none_nnm_krum_seed5/client_atypicality.json
04:00:58  INFO      experiment.runner — Client inclusion rates written to results/benchmark/cifar10_none_nnm_krum_seed5/client_inclusion.csv
04:00:59  INFO      benchmark — ✓  cifar10_none_nnm_krum_seed5  (163.6 min)
04:00:59  INFO      benchmark — ▶  cifar10_none_nnm_krum_seed6
04:00:59  INFO      experiment.runner — Initialising 'cifar10_none_nnm_krum_seed6' | device=cuda | rounds=240 | clients=10/100 | attack=none | defense=nnm
04:01:02  INFO      defenses.nnm — NNMServer — f=1  base_rule=krum
04:01:14  INFO      experiment.utils — Built 100 clients — 0 malicious, 100 benign.
04:01:14  INFO      experiment.runner — Setup complete — 100 clients (0 malicious) | backdoor eval: none

==============================================================
  Summary — 25 rounds evaluated
==============================================================
  Final clean accuracy               87.17%
  Best  clean accuracy               87.17%
  Final clean loss                   0.5142
  Macro F1                           87.17%
==============================================================

Files already downloaded and verified
Files already downloaded and verified
Files already downloaded and verified
Files already downloaded and verified
04:01:53  INFO      experiment.runner — Round    1/240  |  acc:  12.31%  loss: 3.6516  |  mF1: 6.0%
04:07:56  INFO      experiment.runner — Round   11/240  |  acc:  56.50%  loss: 1.2761  |  mF1: 56.5%
04:13:59  INFO      experiment.runner — Round   21/240  |  acc:  61.53%  loss: 1.2190  |  mF1: 61.5%
04:20:15  INFO      experiment.runner — Round   31/240  |  acc:  69.57%  loss: 0.9436  |  mF1: 69.7%
04:26:29  INFO      experiment.runner — Round   41/240  |  acc:  71.77%  loss: 0.9540  |  mF1: 71.5%
04:32:45  INFO      experiment.runner — Round   51/240  |  acc:  74.27%  loss: 0.8439  |  mF1: 74.2%
04:38:50  INFO      experiment.runner — Round   61/240  |  acc:  76.00%  loss: 0.8282  |  mF1: 76.2%
04:45:04  INFO      experiment.runner — Round   71/240  |  acc:  78.42%  loss: 0.7305  |  mF1: 78.3%
04:51:32  INFO      experiment.runner — Round   81/240  |  acc:  79.03%  loss: 0.7559  |  mF1: 78.9%
04:58:20  INFO      experiment.runner — Round   91/240  |  acc:  80.02%  loss: 0.7092  |  mF1: 80.0%
05:04:59  INFO      experiment.runner — Round  101/240  |  acc:  81.36%  loss: 0.6641  |  mF1: 81.3%
05:11:30  INFO      experiment.runner — Round  111/240  |  acc:  81.89%  loss: 0.6507  |  mF1: 81.9%
05:18:06  INFO      experiment.runner — Round  121/240  |  acc:  81.88%  loss: 0.6592  |  mF1: 81.9%
05:24:26  INFO      experiment.runner — Round  131/240  |  acc:  83.92%  loss: 0.5871  |  mF1: 83.8%
05:30:38  INFO      experiment.runner — Round  141/240  |  acc:  82.78%  loss: 0.6318  |  mF1: 82.6%
05:36:59  INFO      experiment.runner — Round  151/240  |  acc:  83.80%  loss: 0.6043  |  mF1: 83.8%
05:43:29  INFO      experiment.runner — Round  161/240  |  acc:  84.10%  loss: 0.6016  |  mF1: 84.1%
05:49:56  INFO      experiment.runner — Round  171/240  |  acc:  83.54%  loss: 0.6363  |  mF1: 83.4%
05:56:22  INFO      experiment.runner — Round  181/240  |  acc:  84.43%  loss: 0.5921  |  mF1: 84.4%
06:02:51  INFO      experiment.runner — Round  191/240  |  acc:  85.57%  loss: 0.5455  |  mF1: 85.5%
06:09:38  INFO      experiment.runner — Round  201/240  |  acc:  85.60%  loss: 0.5504  |  mF1: 85.6%
06:16:27  INFO      experiment.runner — Round  211/240  |  acc:  85.86%  loss: 0.5467  |  mF1: 85.8%
06:23:20  INFO      experiment.runner — Round  221/240  |  acc:  85.71%  loss: 0.5622  |  mF1: 85.7%
06:30:21  INFO      experiment.runner — Round  231/240  |  acc:  86.01%  loss: 0.5668  |  mF1: 86.0%
06:36:36  INFO      experiment.runner — Round  240/240  |  acc:  85.82%  loss: 0.5543  |  mF1: 85.9%
06:36:36  INFO      experiment.runner — Final model saved to results/benchmark/cifar10_none_nnm_krum_seed6/final_model.pt
06:36:36  INFO      experiment.runner — Client atypicality written to results/benchmark/cifar10_none_nnm_krum_seed6/client_atypicality.json
06:36:36  INFO      experiment.runner — Client inclusion rates written to results/benchmark/cifar10_none_nnm_krum_seed6/client_inclusion.csv
06:36:36  INFO      benchmark — ✓  cifar10_none_nnm_krum_seed6  (155.6 min)
06:36:36  INFO      benchmark — ▶  cifar10_none_nnm_krum_seed7
06:36:36  INFO      experiment.runner — Initialising 'cifar10_none_nnm_krum_seed7' | device=cuda | rounds=240 | clients=10/100 | attack=none | defense=nnm
06:36:40  INFO      defenses.nnm — NNMServer — f=1  base_rule=krum
06:36:52  INFO      experiment.utils — Built 100 clients — 0 malicious, 100 benign.
06:36:52  INFO      experiment.runner — Setup complete — 100 clients (0 malicious) | backdoor eval: none

==============================================================
  Summary — 25 rounds evaluated
==============================================================
  Final clean accuracy               85.82%
  Best  clean accuracy               86.01%
  Final clean loss                   0.5543
  Macro F1                           85.88%
==============================================================

Files already downloaded and verified
Files already downloaded and verified
Files already downloaded and verified
Files already downloaded and verified
06:37:33  INFO      experiment.runner — Round    1/240  |  acc:  16.30%  loss: 3.0475  |  mF1: 12.2%
06:43:47  INFO      experiment.runner — Round   11/240  |  acc:  54.73%  loss: 1.3433  |  mF1: 54.3%
06:50:32  INFO      experiment.runner — Round   21/240  |  acc:  64.82%  loss: 1.0950  |  mF1: 64.8%
06:57:15  INFO      experiment.runner — Round   31/240  |  acc:  68.07%  loss: 1.0455  |  mF1: 68.1%
07:04:07  INFO      experiment.runner — Round   41/240  |  acc:  71.90%  loss: 0.9581  |  mF1: 71.6%
07:11:07  INFO      experiment.runner — Round   51/240  |  acc:  74.68%  loss: 0.8360  |  mF1: 74.5%
07:18:02  INFO      experiment.runner — Round   61/240  |  acc:  76.48%  loss: 0.7836  |  mF1: 76.6%
07:24:54  INFO      experiment.runner — Round   71/240  |  acc:  78.84%  loss: 0.7285  |  mF1: 78.7%
07:32:07  INFO      experiment.runner — Round   81/240  |  acc:  78.82%  loss: 0.7503  |  mF1: 78.4%
07:39:02  INFO      experiment.runner — Round   91/240  |  acc:  80.70%  loss: 0.6736  |  mF1: 80.7%
07:46:01  INFO      experiment.runner — Round  101/240  |  acc:  80.83%  loss: 0.6766  |  mF1: 80.7%
07:52:55  INFO      experiment.runner — Round  111/240  |  acc:  82.33%  loss: 0.6646  |  mF1: 82.3%
08:00:14  INFO      experiment.runner — Round  121/240  |  acc:  81.91%  loss: 0.6700  |  mF1: 81.9%
08:07:22  INFO      experiment.runner — Round  131/240  |  acc:  83.28%  loss: 0.6286  |  mF1: 83.1%
08:14:32  INFO      experiment.runner — Round  141/240  |  acc:  82.41%  loss: 0.6944  |  mF1: 82.4%
08:21:44  INFO      experiment.runner — Round  151/240  |  acc:  83.72%  loss: 0.6319  |  mF1: 83.7%
08:29:02  INFO      experiment.runner — Round  161/240  |  acc:  84.37%  loss: 0.5942  |  mF1: 84.4%
08:36:27  INFO      experiment.runner — Round  171/240  |  acc:  83.74%  loss: 0.6339  |  mF1: 83.8%
08:43:51  INFO      experiment.runner — Round  181/240  |  acc:  84.39%  loss: 0.5971  |  mF1: 84.4%
08:51:13  INFO      experiment.runner — Round  191/240  |  acc:  84.34%  loss: 0.6086  |  mF1: 84.3%
08:58:39  INFO      experiment.runner — Round  201/240  |  acc:  84.59%  loss: 0.5869  |  mF1: 84.6%
09:06:15  INFO      experiment.runner — Round  211/240  |  acc:  85.95%  loss: 0.5434  |  mF1: 85.9%
09:13:59  INFO      experiment.runner — Round  221/240  |  acc:  85.65%  loss: 0.5791  |  mF1: 85.6%
09:21:29  INFO      experiment.runner — Round  231/240  |  acc:  86.44%  loss: 0.5481  |  mF1: 86.4%
09:28:18  INFO      experiment.runner — Round  240/240  |  acc:  86.35%  loss: 0.5508  |  mF1: 86.2%
09:28:19  INFO      experiment.runner — Final model saved to results/benchmark/cifar10_none_nnm_krum_seed7/final_model.pt
09:28:19  INFO      experiment.runner — Client atypicality written to results/benchmark/cifar10_none_nnm_krum_seed7/client_atypicality.json
09:28:19  INFO      experiment.runner — Client inclusion rates written to results/benchmark/cifar10_none_nnm_krum_seed7/client_inclusion.csv
09:28:20  INFO      benchmark — ✓  cifar10_none_nnm_krum_seed7  (171.7 min)
09:28:20  INFO      benchmark — ▶  cifar10_none_nnm_krum_seed8
09:28:20  INFO      experiment.runner — Initialising 'cifar10_none_nnm_krum_seed8' | device=cuda | rounds=240 | clients=10/100 | attack=none | defense=nnm
09:28:23  INFO      defenses.nnm — NNMServer — f=1  base_rule=krum
09:28:35  INFO      experiment.utils — Built 100 clients — 0 malicious, 100 benign.
09:28:35  INFO      experiment.runner — Setup complete — 100 clients (0 malicious) | backdoor eval: none

==============================================================
  Summary — 25 rounds evaluated
==============================================================
  Final clean accuracy               86.35%
  Best  clean accuracy               86.44%
  Final clean loss                   0.5508
  Macro F1                           86.24%
==============================================================

Files already downloaded and verified
Files already downloaded and verified
Files already downloaded and verified
Files already downloaded and verified
09:29:18  INFO      experiment.runner — Round    1/240  |  acc:  12.14%  loss: 3.9676  |  mF1: 7.3%
09:35:32  INFO      experiment.runner — Round   11/240  |  acc:  54.53%  loss: 1.3818  |  mF1: 54.3%
09:41:51  INFO      experiment.runner — Round   21/240  |  acc:  65.21%  loss: 1.0897  |  mF1: 64.3%
09:48:22  INFO      experiment.runner — Round   31/240  |  acc:  68.47%  loss: 1.0568  |  mF1: 67.6%
09:54:51  INFO      experiment.runner — Round   41/240  |  acc:  71.22%  loss: 0.9919  |  mF1: 70.4%
10:01:39  INFO      experiment.runner — Round   51/240  |  acc:  73.19%  loss: 0.9404  |  mF1: 73.0%
10:08:27  INFO      experiment.runner — Round   61/240  |  acc:  76.37%  loss: 0.7847  |  mF1: 76.1%
10:15:09  INFO      experiment.runner — Round   71/240  |  acc:  77.80%  loss: 0.7762  |  mF1: 77.6%
10:21:53  INFO      experiment.runner — Round   81/240  |  acc:  78.62%  loss: 0.7379  |  mF1: 78.6%
10:28:28  INFO      experiment.runner — Round   91/240  |  acc:  80.54%  loss: 0.6824  |  mF1: 80.5%
10:35:22  INFO      experiment.runner — Round  101/240  |  acc:  81.08%  loss: 0.6707  |  mF1: 80.9%
10:42:00  INFO      experiment.runner — Round  111/240  |  acc:  81.89%  loss: 0.6753  |  mF1: 81.9%
10:48:45  INFO      experiment.runner — Round  121/240  |  acc:  81.87%  loss: 0.6935  |  mF1: 81.6%
10:55:39  INFO      experiment.runner — Round  131/240  |  acc:  82.73%  loss: 0.6352  |  mF1: 82.7%
11:02:19  INFO      experiment.runner — Round  141/240  |  acc:  83.50%  loss: 0.6233  |  mF1: 83.5%
11:08:49  INFO      experiment.runner — Round  151/240  |  acc:  84.05%  loss: 0.6105  |  mF1: 84.0%
11:15:31  INFO      experiment.runner — Round  161/240  |  acc:  83.92%  loss: 0.6256  |  mF1: 83.7%
11:22:17  INFO      experiment.runner — Round  171/240  |  acc:  84.45%  loss: 0.5889  |  mF1: 84.4%
11:29:03  INFO      experiment.runner — Round  181/240  |  acc:  84.98%  loss: 0.5593  |  mF1: 84.9%
11:35:52  INFO      experiment.runner — Round  191/240  |  acc:  85.16%  loss: 0.5638  |  mF1: 85.1%
11:42:45  INFO      experiment.runner — Round  201/240  |  acc:  85.26%  loss: 0.5835  |  mF1: 85.2%
11:49:44  INFO      experiment.runner — Round  211/240  |  acc:  85.31%  loss: 0.5675  |  mF1: 85.3%
11:55:16  WARNING   benchmark — SIGTERM received — will stop after the current run.
