18:45:21  INFO      benchmark — Matrix: 1 datasets × 4 attacks × 4 defenses × 10 seeds = 160 runs
18:45:21  INFO      benchmark — Status — complete: 113  partial/incomplete: 0  not started: 47
18:45:21  INFO      benchmark — Time budget: 98.0 h
18:45:21  INFO      benchmark — ▶  gtsrb_neurotoxin_nnm_krum_seed3
18:45:21  INFO      experiment.runner — Initialising 'gtsrb_neurotoxin_nnm_krum_seed3' | device=cuda | rounds=200 | clients=10/100 | attack=neurotoxin | defense=nnm
18:45:26  INFO      defenses.nnm — NNMServer — f=1  base_rule=krum
18:45:28  INFO      experiment.utils — Built 100 clients — 10 malicious, 90 benign.
18:45:28  INFO      datasets.backdoor — BackdoorDataset: 12570 / 12570 samples poisoned (target=0, fraction=1.000, seed=0).
18:45:28  INFO      experiment.runner — Setup complete — 100 clients (10 malicious) | backdoor eval: static-trigger
18:45:55  INFO      experiment.runner — Round    1/200  |  acc:   7.37%  loss: 3.5337  |  ASR:   0.00%  asr_loss: 4.5123  |  mF1: 1.2%
18:49:55  INFO      experiment.runner — Round   11/200  |  acc:  44.32%  loss: 1.8914  |  ASR:   0.18%  asr_loss: 9.2589  |  mF1: 26.8%
18:54:17  INFO      experiment.runner — Round   21/200  |  acc:  66.18%  loss: 1.1559  |  ASR:   0.14%  asr_loss: 14.8233  |  mF1: 54.9%
18:58:47  INFO      experiment.runner — Round   31/200  |  acc:  74.59%  loss: 0.9268  |  ASR:   0.09%  asr_loss: 20.4447  |  mF1: 66.3%
19:03:19  INFO      experiment.runner — Round   41/200  |  acc:  80.27%  loss: 0.7431  |  ASR:   0.44%  asr_loss: 23.1511  |  mF1: 76.0%
19:07:30  INFO      datasets.backdoor — BackdoorDataset: 131 / 266 samples poisoned (target=0, fraction=0.500, seed=127).
19:07:34  INFO      attacks.neurotoxin_client — Neurotoxin client [74] round 50: poisoned 131/266 samples (target=0, masked=True).
19:08:04  INFO      experiment.runner — Round   51/200  |  acc:  82.98%  loss: 0.6261  |  ASR:   0.10%  asr_loss: 22.1043  |  mF1: 78.2%
19:08:22  INFO      datasets.backdoor — BackdoorDataset: 131 / 266 samples poisoned (target=0, fraction=0.500, seed=129).
19:08:27  INFO      attacks.neurotoxin_client — Neurotoxin client [75] round 51: poisoned 131/266 samples (target=0, masked=True).
19:08:53  INFO      datasets.backdoor — BackdoorDataset: 131 / 266 samples poisoned (target=0, fraction=0.500, seed=129).
19:08:55  INFO      attacks.neurotoxin_client — Neurotoxin client [74] round 52: poisoned 131/266 samples (target=0, masked=True).
19:09:23  INFO      datasets.backdoor — BackdoorDataset: 131 / 266 samples poisoned (target=0, fraction=0.500, seed=130).
19:09:26  INFO      attacks.neurotoxin_client — Neurotoxin client [74] round 53: poisoned 131/266 samples (target=0, masked=True).
19:09:57  INFO      datasets.backdoor — BackdoorDataset: 132 / 267 samples poisoned (target=0, fraction=0.500, seed=87).
19:10:01  INFO      attacks.neurotoxin_client — Neurotoxin client [30] round 54: poisoned 132/267 samples (target=0, masked=True).
19:10:26  INFO      datasets.backdoor — BackdoorDataset: 131 / 266 samples poisoned (target=0, fraction=0.500, seed=132).
19:10:30  INFO      attacks.neurotoxin_client — Neurotoxin client [74] round 55: poisoned 131/266 samples (target=0, masked=True).
19:11:01  INFO      datasets.backdoor — BackdoorDataset: 132 / 267 samples poisoned (target=0, fraction=0.500, seed=90).
19:11:04  INFO      attacks.neurotoxin_client — Neurotoxin client [30] round 57: poisoned 132/267 samples (target=0, masked=True).
19:11:16  INFO      datasets.backdoor — BackdoorDataset: 133 / 267 samples poisoned (target=0, fraction=0.500, seed=68).
19:11:21  INFO      attacks.neurotoxin_client — Neurotoxin client [8] round 57: poisoned 133/267 samples (target=0, masked=True).
19:12:44  INFO      datasets.backdoor — BackdoorDataset: 131 / 266 samples poisoned (target=0, fraction=0.500, seed=137).
19:12:47  INFO      attacks.neurotoxin_client — Neurotoxin client [74] round 60: poisoned 131/266 samples (target=0, masked=True).
19:13:22  INFO      experiment.runner — Round   61/200  |  acc:  85.78%  loss: 0.5029  |  ASR:   0.18%  asr_loss: 20.1175  |  mF1: 81.9%
19:13:40  INFO      datasets.backdoor — BackdoorDataset: 131 / 266 samples poisoned (target=0, fraction=0.500, seed=138).
19:13:42  INFO      attacks.neurotoxin_client — Neurotoxin client [74] round 61: poisoned 131/266 samples (target=0, masked=True).
19:13:48  INFO      datasets.backdoor — BackdoorDataset: 132 / 267 samples poisoned (target=0, fraction=0.500, seed=81).
19:13:51  INFO      attacks.neurotoxin_client — Neurotoxin client [16] round 62: poisoned 132/267 samples (target=0, masked=True).
19:13:51  INFO      datasets.backdoor — BackdoorDataset: 131 / 266 samples poisoned (target=0, fraction=0.500, seed=134).
19:13:54  INFO      attacks.neurotoxin_client — Neurotoxin client [69] round 62: poisoned 131/266 samples (target=0, masked=True).
19:14:27  INFO      datasets.backdoor — BackdoorDataset: 133 / 266 samples poisoned (target=0, fraction=0.500, seed=113).
19:14:30  INFO      attacks.neurotoxin_client — Neurotoxin client [47] round 63: poisoned 133/266 samples (target=0, masked=True).
19:15:55  INFO      datasets.backdoor — BackdoorDataset: 133 / 266 samples poisoned (target=0, fraction=0.500, seed=149).
19:15:57  INFO      attacks.neurotoxin_client — Neurotoxin client [80] round 66: poisoned 133/266 samples (target=0, masked=True).
19:16:03  INFO      datasets.backdoor — BackdoorDataset: 133 / 266 samples poisoned (target=0, fraction=0.500, seed=116).
19:16:05  INFO      attacks.neurotoxin_client — Neurotoxin client [47] round 66: poisoned 133/266 samples (target=0, masked=True).
19:17:06  INFO      datasets.backdoor — BackdoorDataset: 133 / 267 samples poisoned (target=0, fraction=0.500, seed=80).
19:17:09  INFO      attacks.neurotoxin_client — Neurotoxin client [8] round 69: poisoned 133/267 samples (target=0, masked=True).
19:17:22  INFO      datasets.backdoor — BackdoorDataset: 131 / 266 samples poisoned (target=0, fraction=0.500, seed=141).
19:17:25  INFO      attacks.neurotoxin_client — Neurotoxin client [69] round 69: poisoned 131/266 samples (target=0, masked=True).
19:18:09  INFO      experiment.runner — Round   71/200  |  acc:  87.70%  loss: 0.4433  |  ASR:   0.08%  asr_loss: 22.3965  |  mF1: 84.1%
19:18:30  INFO      datasets.backdoor — BackdoorDataset: 131 / 266 samples poisoned (target=0, fraction=0.500, seed=143).
19:18:32  INFO      attacks.neurotoxin_client — Neurotoxin client [69] round 71: poisoned 131/266 samples (target=0, masked=True).
19:18:32  INFO      datasets.backdoor — BackdoorDataset: 133 / 267 samples poisoned (target=0, fraction=0.500, seed=82).
19:18:35  INFO      attacks.neurotoxin_client — Neurotoxin client [8] round 71: poisoned 133/267 samples (target=0, masked=True).
19:18:46  INFO      datasets.backdoor — BackdoorDataset: 131 / 266 samples poisoned (target=0, fraction=0.500, seed=150).
19:18:49  INFO      attacks.neurotoxin_client — Neurotoxin client [75] round 72: poisoned 131/266 samples (target=0, masked=True).
19:19:27  INFO      datasets.backdoor — BackdoorDataset: 132 / 267 samples poisoned (target=0, fraction=0.500, seed=92).
19:19:30  INFO      attacks.neurotoxin_client — Neurotoxin client [16] round 73: poisoned 132/267 samples (target=0, masked=True).
19:19:31  INFO      datasets.backdoor — BackdoorDataset: 131 / 266 samples poisoned (target=0, fraction=0.500, seed=151).
19:19:34  INFO      attacks.neurotoxin_client — Neurotoxin client [75] round 73: poisoned 131/266 samples (target=0, masked=True).
19:19:34  INFO      datasets.backdoor — BackdoorDataset: 133 / 266 samples poisoned (target=0, fraction=0.500, seed=153).
19:19:37  INFO      attacks.neurotoxin_client — Neurotoxin client [77] round 73: poisoned 133/266 samples (target=0, masked=True).
19:19:45  INFO      datasets.backdoor — BackdoorDataset: 131 / 266 samples poisoned (target=0, fraction=0.500, seed=146).
19:19:47  INFO      attacks.neurotoxin_client — Neurotoxin client [69] round 74: poisoned 131/266 samples (target=0, masked=True).
19:20:05  INFO      datasets.backdoor — BackdoorDataset: 133 / 266 samples poisoned (target=0, fraction=0.500, seed=125).
19:20:07  INFO      attacks.neurotoxin_client — Neurotoxin client [47] round 75: poisoned 133/266 samples (target=0, masked=True).
19:20:30  INFO      datasets.backdoor — BackdoorDataset: 131 / 266 samples poisoned (target=0, fraction=0.500, seed=152).
19:20:33  INFO      attacks.neurotoxin_client — Neurotoxin client [74] round 75: poisoned 131/266 samples (target=0, masked=True).
19:21:38  INFO      datasets.backdoor — BackdoorDataset: 133 / 266 samples poisoned (target=0, fraction=0.500, seed=161).
19:21:41  INFO      attacks.neurotoxin_client — Neurotoxin client [80] round 78: poisoned 133/266 samples (target=0, masked=True).
19:23:09  INFO      experiment.runner — Round   81/200  |  acc:  88.16%  loss: 0.4365  |  ASR:   0.04%  asr_loss: 20.6272  |  mF1: 83.6%
19:23:47  INFO      datasets.backdoor — BackdoorDataset: 133 / 267 samples poisoned (target=0, fraction=0.500, seed=93).
19:23:49  INFO      attacks.neurotoxin_client — Neurotoxin client [8] round 82: poisoned 133/267 samples (target=0, masked=True).
19:24:35  INFO      datasets.backdoor — BackdoorDataset: 131 / 266 samples poisoned (target=0, fraction=0.500, seed=147).
19:24:37  INFO      attacks.neurotoxin_client — Neurotoxin client [60] round 84: poisoned 131/266 samples (target=0, masked=True).
19:24:40  INFO      datasets.backdoor — BackdoorDataset: 133 / 267 samples poisoned (target=0, fraction=0.500, seed=95).
19:24:43  INFO      attacks.neurotoxin_client — Neurotoxin client [8] round 84: poisoned 133/267 samples (target=0, masked=True).
19:25:36  INFO      datasets.backdoor — BackdoorDataset: 133 / 266 samples poisoned (target=0, fraction=0.500, seed=136).
19:25:39  INFO      attacks.neurotoxin_client — Neurotoxin client [47] round 86: poisoned 133/266 samples (target=0, masked=True).
19:26:00  INFO      datasets.backdoor — BackdoorDataset: 133 / 266 samples poisoned (target=0, fraction=0.500, seed=137).
19:26:02  INFO      attacks.neurotoxin_client — Neurotoxin client [47] round 87: poisoned 133/266 samples (target=0, masked=True).
19:26:27  INFO      datasets.backdoor — BackdoorDataset: 131 / 266 samples poisoned (target=0, fraction=0.500, seed=165).
19:26:30  INFO      attacks.neurotoxin_client — Neurotoxin client [74] round 88: poisoned 131/266 samples (target=0, masked=True).
19:26:48  INFO      datasets.backdoor — BackdoorDataset: 133 / 266 samples poisoned (target=0, fraction=0.500, seed=168).
19:26:51  INFO      attacks.neurotoxin_client — Neurotoxin client [77] round 88: poisoned 133/266 samples (target=0, masked=True).
19:27:28  INFO      datasets.backdoor — BackdoorDataset: 132 / 267 samples poisoned (target=0, fraction=0.500, seed=123).
19:27:31  INFO      attacks.neurotoxin_client — Neurotoxin client [30] round 90: poisoned 132/267 samples (target=0, masked=True).
19:27:56  INFO      experiment.runner — Round   91/200  |  acc:  89.54%  loss: 0.3855  |  ASR:   0.06%  asr_loss: 20.9720  |  mF1: 86.2%
19:28:00  INFO      datasets.backdoor — BackdoorDataset: 131 / 266 samples poisoned (target=0, fraction=0.500, seed=154).
19:28:05  INFO      attacks.neurotoxin_client — Neurotoxin client [60] round 91: poisoned 131/266 samples (target=0, masked=True).
19:29:01  INFO      datasets.backdoor — BackdoorDataset: 133 / 266 samples poisoned (target=0, fraction=0.500, seed=176).
19:29:05  INFO      attacks.neurotoxin_client — Neurotoxin client [80] round 93: poisoned 133/266 samples (target=0, masked=True).
19:29:22  INFO      datasets.backdoor — BackdoorDataset: 131 / 266 samples poisoned (target=0, fraction=0.500, seed=171).
19:29:25  INFO      attacks.neurotoxin_client — Neurotoxin client [75] round 93: poisoned 131/266 samples (target=0, masked=True).
19:30:33  INFO      datasets.backdoor — BackdoorDataset: 133 / 266 samples poisoned (target=0, fraction=0.500, seed=176).
19:30:36  INFO      attacks.neurotoxin_client — Neurotoxin client [77] round 96: poisoned 133/266 samples (target=0, masked=True).
19:30:36  INFO      datasets.backdoor — BackdoorDataset: 133 / 266 samples poisoned (target=0, fraction=0.500, seed=179).
19:30:40  INFO      attacks.neurotoxin_client — Neurotoxin client [80] round 96: poisoned 133/266 samples (target=0, masked=True).
19:32:18  INFO      datasets.backdoor — BackdoorDataset: 133 / 266 samples poisoned (target=0, fraction=0.500, seed=180).
19:32:21  INFO      attacks.neurotoxin_client — Neurotoxin client [77] round 100: poisoned 133/266 samples (target=0, masked=True).
19:32:54  INFO      experiment.runner — Round  101/200  |  acc:  89.53%  loss: 0.4101  |  ASR:   0.08%  asr_loss: 22.5812  |  mF1: 86.0%
19:33:17  INFO      datasets.backdoor — BackdoorDataset: 132 / 267 samples poisoned (target=0, fraction=0.500, seed=134).
19:33:21  INFO      attacks.neurotoxin_client — Neurotoxin client [30] round 101: poisoned 132/267 samples (target=0, masked=True).
19:33:44  INFO      datasets.backdoor — BackdoorDataset: 133 / 266 samples poisoned (target=0, fraction=0.500, seed=152).
19:33:47  INFO      attacks.neurotoxin_client — Neurotoxin client [47] round 102: poisoned 133/266 samples (target=0, masked=True).
19:34:25  INFO      datasets.backdoor — BackdoorDataset: 132 / 267 samples poisoned (target=0, fraction=0.500, seed=137).
19:34:28  INFO      attacks.neurotoxin_client — Neurotoxin client [30] round 104: poisoned 132/267 samples (target=0, masked=True).
19:34:44  INFO      datasets.backdoor — BackdoorDataset: 131 / 266 samples poisoned (target=0, fraction=0.500, seed=181).
19:34:46  INFO      attacks.neurotoxin_client — Neurotoxin client [74] round 104: poisoned 131/266 samples (target=0, masked=True).
19:35:17  INFO      datasets.backdoor — BackdoorDataset: 133 / 266 samples poisoned (target=0, fraction=0.500, seed=186).
19:35:20  INFO      attacks.neurotoxin_client — Neurotoxin client [77] round 106: poisoned 133/266 samples (target=0, masked=True).
19:36:39  INFO      datasets.backdoor — BackdoorDataset: 133 / 266 samples poisoned (target=0, fraction=0.500, seed=189).
19:36:41  INFO      attacks.neurotoxin_client — Neurotoxin client [77] round 109: poisoned 133/266 samples (target=0, masked=True).
19:37:14  INFO      datasets.backdoor — BackdoorDataset: 131 / 266 samples poisoned (target=0, fraction=0.500, seed=182).
19:37:18  INFO      attacks.neurotoxin_client — Neurotoxin client [69] round 110: poisoned 131/266 samples (target=0, masked=True).
19:37:48  INFO      experiment.runner — Round  111/200  |  acc:  90.98%  loss: 0.3459  |  ASR:   0.10%  asr_loss: 22.4016  |  mF1: 87.9%
19:38:17  INFO      datasets.backdoor — BackdoorDataset: 133 / 267 samples poisoned (target=0, fraction=0.500, seed=123).
19:38:21  INFO      attacks.neurotoxin_client — Neurotoxin client [8] round 112: poisoned 133/267 samples (target=0, masked=True).
19:38:22  INFO      datasets.backdoor — BackdoorDataset: 133 / 266 samples poisoned (target=0, fraction=0.500, seed=192).
19:38:25  INFO      attacks.neurotoxin_client — Neurotoxin client [77] round 112: poisoned 133/266 samples (target=0, masked=True).
19:38:41  INFO      datasets.backdoor — BackdoorDataset: 132 / 267 samples poisoned (target=0, fraction=0.500, seed=145).
19:38:44  INFO      attacks.neurotoxin_client — Neurotoxin client [30] round 112: poisoned 132/267 samples (target=0, masked=True).
19:39:28  INFO      datasets.backdoor — BackdoorDataset: 133 / 266 samples poisoned (target=0, fraction=0.500, seed=164).
19:39:31  INFO      attacks.neurotoxin_client — Neurotoxin client [47] round 114: poisoned 133/266 samples (target=0, masked=True).
19:39:49  INFO      datasets.backdoor — BackdoorDataset: 131 / 266 samples poisoned (target=0, fraction=0.500, seed=178).
19:39:53  INFO      attacks.neurotoxin_client — Neurotoxin client [60] round 115: poisoned 131/266 samples (target=0, masked=True).
19:39:54  INFO      datasets.backdoor — BackdoorDataset: 131 / 266 samples poisoned (target=0, fraction=0.500, seed=193).
19:39:58  INFO      attacks.neurotoxin_client — Neurotoxin client [75] round 115: poisoned 131/266 samples (target=0, masked=True).
19:40:34  INFO      datasets.backdoor — BackdoorDataset: 131 / 266 samples poisoned (target=0, fraction=0.500, seed=179).
19:40:36  INFO      attacks.neurotoxin_client — Neurotoxin client [60] round 116: poisoned 131/266 samples (target=0, masked=True).
19:41:55  INFO      datasets.backdoor — BackdoorDataset: 133 / 266 samples poisoned (target=0, fraction=0.500, seed=169).
19:41:58  INFO      attacks.neurotoxin_client — Neurotoxin client [47] round 119: poisoned 133/266 samples (target=0, masked=True).
19:42:09  INFO      datasets.backdoor — BackdoorDataset: 131 / 266 samples poisoned (target=0, fraction=0.500, seed=183).
19:42:12  INFO      attacks.neurotoxin_client — Neurotoxin client [60] round 120: poisoned 131/266 samples (target=0, masked=True).
19:42:15  INFO      datasets.backdoor — BackdoorDataset: 131 / 266 samples poisoned (target=0, fraction=0.500, seed=192).
19:42:17  INFO      attacks.neurotoxin_client — Neurotoxin client [69] round 120: poisoned 131/266 samples (target=0, masked=True).
19:42:29  INFO      datasets.backdoor — BackdoorDataset: 133 / 266 samples poisoned (target=0, fraction=0.500, seed=170).
19:42:32  INFO      attacks.neurotoxin_client — Neurotoxin client [47] round 120: poisoned 133/266 samples (target=0, masked=True).
19:42:46  INFO      experiment.runner — Round  121/200  |  acc:  91.00%  loss: 0.3434  |  ASR:   0.56%  asr_loss: 20.1397  |  mF1: 87.9%
19:42:59  INFO      datasets.backdoor — BackdoorDataset: 132 / 267 samples poisoned (target=0, fraction=0.500, seed=140).
19:43:02  INFO      attacks.neurotoxin_client — Neurotoxin client [16] round 121: poisoned 132/267 samples (target=0, masked=True).
19:43:03  INFO      datasets.backdoor — BackdoorDataset: 133 / 266 samples poisoned (target=0, fraction=0.500, seed=204).
19:43:05  INFO      attacks.neurotoxin_client — Neurotoxin client [80] round 121: poisoned 133/266 samples (target=0, masked=True).
19:43:51  INFO      datasets.backdoor — BackdoorDataset: 132 / 267 samples poisoned (target=0, fraction=0.500, seed=156).
19:43:54  INFO      attacks.neurotoxin_client — Neurotoxin client [30] round 123: poisoned 132/267 samples (target=0, masked=True).
19:44:10  INFO      datasets.backdoor — BackdoorDataset: 133 / 266 samples poisoned (target=0, fraction=0.500, seed=203).
19:44:13  INFO      attacks.neurotoxin_client — Neurotoxin client [77] round 123: poisoned 133/266 samples (target=0, masked=True).
19:44:14  INFO      datasets.backdoor — BackdoorDataset: 131 / 266 samples poisoned (target=0, fraction=0.500, seed=196).
19:44:17  INFO      attacks.neurotoxin_client — Neurotoxin client [69] round 124: poisoned 131/266 samples (target=0, masked=True).
19:44:58  INFO      datasets.backdoor — BackdoorDataset: 133 / 266 samples poisoned (target=0, fraction=0.500, seed=208).
19:45:02  INFO      attacks.neurotoxin_client — Neurotoxin client [80] round 125: poisoned 133/266 samples (target=0, masked=True).
19:46:16  INFO      datasets.backdoor — BackdoorDataset: 133 / 266 samples poisoned (target=0, fraction=0.500, seed=208).
19:46:20  INFO      attacks.neurotoxin_client — Neurotoxin client [77] round 128: poisoned 133/266 samples (target=0, masked=True).
19:46:26  INFO      datasets.backdoor — BackdoorDataset: 133 / 266 samples poisoned (target=0, fraction=0.500, seed=178).
19:46:29  INFO      attacks.neurotoxin_client — Neurotoxin client [47] round 128: poisoned 133/266 samples (target=0, masked=True).
19:46:29  INFO      datasets.backdoor — BackdoorDataset: 133 / 266 samples poisoned (target=0, fraction=0.500, seed=211).
19:46:32  INFO      attacks.neurotoxin_client — Neurotoxin client [80] round 128: poisoned 133/266 samples (target=0, masked=True).
19:47:47  INFO      experiment.runner — Round  131/200  |  acc:  91.53%  loss: 0.3484  |  ASR:   1.63%  asr_loss: 21.0426  |  mF1: 89.0%
19:48:04  INFO      datasets.backdoor — BackdoorDataset: 131 / 266 samples poisoned (target=0, fraction=0.500, seed=208).
19:48:06  INFO      attacks.neurotoxin_client — Neurotoxin client [74] round 131: poisoned 131/266 samples (target=0, masked=True).
19:48:31  INFO      datasets.backdoor — BackdoorDataset: 132 / 267 samples poisoned (target=0, fraction=0.500, seed=151).
19:48:34  INFO      attacks.neurotoxin_client — Neurotoxin client [16] round 132: poisoned 132/267 samples (target=0, masked=True).
19:48:59  INFO      datasets.backdoor — BackdoorDataset: 133 / 266 samples poisoned (target=0, fraction=0.500, seed=183).
19:49:02  INFO      attacks.neurotoxin_client — Neurotoxin client [47] round 133: poisoned 133/266 samples (target=0, masked=True).
19:50:07  INFO      datasets.backdoor — BackdoorDataset: 132 / 267 samples poisoned (target=0, fraction=0.500, seed=154).
19:50:10  INFO      attacks.neurotoxin_client — Neurotoxin client [16] round 135: poisoned 132/267 samples (target=0, masked=True).
19:50:46  INFO      datasets.backdoor — BackdoorDataset: 133 / 266 samples poisoned (target=0, fraction=0.500, seed=220).
19:50:48  INFO      attacks.neurotoxin_client — Neurotoxin client [80] round 137: poisoned 133/266 samples (target=0, masked=True).
19:50:58  INFO      datasets.backdoor — BackdoorDataset: 133 / 267 samples poisoned (target=0, fraction=0.500, seed=148).
19:51:01  INFO      attacks.neurotoxin_client — Neurotoxin client [8] round 137: poisoned 133/267 samples (target=0, masked=True).
19:51:19  INFO      datasets.backdoor — BackdoorDataset: 131 / 266 samples poisoned (target=0, fraction=0.500, seed=210).
19:51:22  INFO      attacks.neurotoxin_client — Neurotoxin client [69] round 138: poisoned 131/266 samples (target=0, masked=True).
19:51:33  INFO      datasets.backdoor — BackdoorDataset: 132 / 267 samples poisoned (target=0, fraction=0.500, seed=171).
19:51:36  INFO      attacks.neurotoxin_client — Neurotoxin client [30] round 138: poisoned 132/267 samples (target=0, masked=True).
19:52:24  INFO      datasets.backdoor — BackdoorDataset: 133 / 266 samples poisoned (target=0, fraction=0.500, seed=223).
19:52:27  INFO      attacks.neurotoxin_client — Neurotoxin client [80] round 140: poisoned 133/266 samples (target=0, masked=True).
19:52:43  INFO      experiment.runner — Round  141/200  |  acc:  91.29%  loss: 0.3462  |  ASR:   1.75%  asr_loss: 20.6783  |  mF1: 88.0%
19:52:46  INFO      datasets.backdoor — BackdoorDataset: 132 / 267 samples poisoned (target=0, fraction=0.500, seed=160).
19:52:49  INFO      attacks.neurotoxin_client — Neurotoxin client [16] round 141: poisoned 132/267 samples (target=0, masked=True).
19:53:27  INFO      datasets.backdoor — BackdoorDataset: 132 / 267 samples poisoned (target=0, fraction=0.500, seed=161).
19:53:29  INFO      attacks.neurotoxin_client — Neurotoxin client [16] round 142: poisoned 132/267 samples (target=0, masked=True).
19:53:41  INFO      datasets.backdoor — BackdoorDataset: 132 / 267 samples poisoned (target=0, fraction=0.500, seed=162).
19:53:44  INFO      attacks.neurotoxin_client — Neurotoxin client [16] round 143: poisoned 132/267 samples (target=0, masked=True).
19:53:49  INFO      datasets.backdoor — BackdoorDataset: 133 / 266 samples poisoned (target=0, fraction=0.500, seed=223).
19:53:52  INFO      attacks.neurotoxin_client — Neurotoxin client [77] round 143: poisoned 133/266 samples (target=0, masked=True).
19:54:00  INFO      datasets.backdoor — BackdoorDataset: 133 / 266 samples poisoned (target=0, fraction=0.500, seed=193).
19:54:03  INFO      attacks.neurotoxin_client — Neurotoxin client [47] round 143: poisoned 133/266 samples (target=0, masked=True).
19:54:12  INFO      datasets.backdoor — BackdoorDataset: 133 / 267 samples poisoned (target=0, fraction=0.500, seed=155).
19:54:15  INFO      attacks.neurotoxin_client — Neurotoxin client [8] round 144: poisoned 133/267 samples (target=0, masked=True).
19:54:18  INFO      datasets.backdoor — BackdoorDataset: 131 / 266 samples poisoned (target=0, fraction=0.500, seed=216).
19:54:21  INFO      attacks.neurotoxin_client — Neurotoxin client [69] round 144: poisoned 131/266 samples (target=0, masked=True).
19:54:35  INFO      datasets.backdoor — BackdoorDataset: 131 / 266 samples poisoned (target=0, fraction=0.500, seed=207).
19:54:38  INFO      attacks.neurotoxin_client — Neurotoxin client [60] round 144: poisoned 131/266 samples (target=0, masked=True).
19:56:02  INFO      datasets.backdoor — BackdoorDataset: 132 / 267 samples poisoned (target=0, fraction=0.500, seed=166).
19:56:05  INFO      attacks.neurotoxin_client — Neurotoxin client [16] round 147: poisoned 132/267 samples (target=0, masked=True).
19:56:07  INFO      datasets.backdoor — BackdoorDataset: 133 / 266 samples poisoned (target=0, fraction=0.500, seed=227).
19:56:10  INFO      attacks.neurotoxin_client — Neurotoxin client [77] round 147: poisoned 133/266 samples (target=0, masked=True).
19:56:48  INFO      datasets.backdoor — BackdoorDataset: 133 / 266 samples poisoned (target=0, fraction=0.500, seed=199).
19:56:51  INFO      attacks.neurotoxin_client — Neurotoxin client [47] round 149: poisoned 133/266 samples (target=0, masked=True).
19:57:07  INFO      datasets.backdoor — BackdoorDataset: 131 / 266 samples poisoned (target=0, fraction=0.500, seed=221).
19:57:09  INFO      attacks.neurotoxin_client — Neurotoxin client [69] round 149: poisoned 131/266 samples (target=0, masked=True).
19:57:10  INFO      datasets.backdoor — BackdoorDataset: 131 / 266 samples poisoned (target=0, fraction=0.500, seed=227).
19:57:13  INFO      attacks.neurotoxin_client — Neurotoxin client [74] round 150: poisoned 131/266 samples (target=0, masked=True).
19:57:23  INFO      datasets.backdoor — BackdoorDataset: 131 / 266 samples poisoned (target=0, fraction=0.500, seed=228).
19:57:27  INFO      attacks.neurotoxin_client — Neurotoxin client [75] round 150: poisoned 131/266 samples (target=0, masked=True).
19:57:49  INFO      experiment.runner — Round  151/200  |  acc:  91.82%  loss: 0.3282  |  ASR:   7.79%  asr_loss: 16.8366  |  mF1: 88.4%
19:57:49  INFO      datasets.backdoor — BackdoorDataset: 133 / 266 samples poisoned (target=0, fraction=0.500, seed=201).
19:57:52  INFO      attacks.neurotoxin_client — Neurotoxin client [47] round 151: poisoned 133/266 samples (target=0, masked=True).
19:57:58  INFO      datasets.backdoor — BackdoorDataset: 131 / 266 samples poisoned (target=0, fraction=0.500, seed=229).
19:58:01  INFO      attacks.neurotoxin_client — Neurotoxin client [75] round 151: poisoned 131/266 samples (target=0, masked=True).
19:58:40  INFO      datasets.backdoor — BackdoorDataset: 133 / 266 samples poisoned (target=0, fraction=0.500, seed=232).
19:58:43  INFO      attacks.neurotoxin_client — Neurotoxin client [77] round 152: poisoned 133/266 samples (target=0, masked=True).
19:59:13  INFO      datasets.backdoor — BackdoorDataset: 132 / 267 samples poisoned (target=0, fraction=0.500, seed=172).
19:59:17  INFO      attacks.neurotoxin_client — Neurotoxin client [16] round 153: poisoned 132/267 samples (target=0, masked=True).
19:59:45  INFO      datasets.backdoor — BackdoorDataset: 133 / 267 samples poisoned (target=0, fraction=0.500, seed=165).
19:59:48  INFO      attacks.neurotoxin_client — Neurotoxin client [8] round 154: poisoned 133/267 samples (target=0, masked=True).
20:00:08  INFO      datasets.backdoor — BackdoorDataset: 132 / 267 samples poisoned (target=0, fraction=0.500, seed=188).
20:00:12  INFO      attacks.neurotoxin_client — Neurotoxin client [30] round 155: poisoned 132/267 samples (target=0, masked=True).
20:01:07  INFO      datasets.backdoor — BackdoorDataset: 133 / 266 samples poisoned (target=0, fraction=0.500, seed=207).
20:01:11  INFO      attacks.neurotoxin_client — Neurotoxin client [47] round 157: poisoned 133/266 samples (target=0, masked=True).
20:01:23  INFO      datasets.backdoor — BackdoorDataset: 133 / 266 samples poisoned (target=0, fraction=0.500, seed=208).
20:01:26  INFO      attacks.neurotoxin_client — Neurotoxin client [47] round 158: poisoned 133/266 samples (target=0, masked=True).
20:01:34  INFO      datasets.backdoor — BackdoorDataset: 131 / 266 samples poisoned (target=0, fraction=0.500, seed=235).
20:01:37  INFO      attacks.neurotoxin_client — Neurotoxin client [74] round 158: poisoned 131/266 samples (target=0, masked=True).
20:01:50  INFO      datasets.backdoor — BackdoorDataset: 133 / 266 samples poisoned (target=0, fraction=0.500, seed=209).
20:01:53  INFO      attacks.neurotoxin_client — Neurotoxin client [47] round 159: poisoned 133/266 samples (target=0, masked=True).
20:01:53  INFO      datasets.backdoor — BackdoorDataset: 133 / 267 samples poisoned (target=0, fraction=0.500, seed=170).
20:01:56  INFO      attacks.neurotoxin_client — Neurotoxin client [8] round 159: poisoned 133/267 samples (target=0, masked=True).
20:02:57  INFO      experiment.runner — Round  161/200  |  acc:  91.82%  loss: 0.3361  |  ASR:   6.61%  asr_loss: 18.2986  |  mF1: 88.3%
20:03:06  INFO      datasets.backdoor — BackdoorDataset: 131 / 266 samples poisoned (target=0, fraction=0.500, seed=238).
20:03:09  INFO      attacks.neurotoxin_client — Neurotoxin client [74] round 161: poisoned 131/266 samples (target=0, masked=True).
20:03:22  INFO      datasets.backdoor — BackdoorDataset: 131 / 266 samples poisoned (target=0, fraction=0.500, seed=224).
20:03:24  INFO      attacks.neurotoxin_client — Neurotoxin client [60] round 161: poisoned 131/266 samples (target=0, masked=True).
20:04:13  INFO      datasets.backdoor — BackdoorDataset: 131 / 266 samples poisoned (target=0, fraction=0.500, seed=226).
20:04:16  INFO      attacks.neurotoxin_client — Neurotoxin client [60] round 163: poisoned 131/266 samples (target=0, masked=True).
20:04:37  INFO      datasets.backdoor — BackdoorDataset: 131 / 266 samples poisoned (target=0, fraction=0.500, seed=242).
20:04:41  INFO      attacks.neurotoxin_client — Neurotoxin client [75] round 164: poisoned 131/266 samples (target=0, masked=True).
20:04:41  INFO      datasets.backdoor — BackdoorDataset: 133 / 266 samples poisoned (target=0, fraction=0.500, seed=247).
20:04:45  INFO      attacks.neurotoxin_client — Neurotoxin client [80] round 164: poisoned 133/266 samples (target=0, masked=True).
20:05:06  INFO      datasets.backdoor — BackdoorDataset: 133 / 267 samples poisoned (target=0, fraction=0.500, seed=176).
20:05:09  INFO      attacks.neurotoxin_client — Neurotoxin client [8] round 165: poisoned 133/267 samples (target=0, masked=True).
20:05:28  INFO      datasets.backdoor — BackdoorDataset: 133 / 266 samples poisoned (target=0, fraction=0.500, seed=249).
20:05:30  INFO      attacks.neurotoxin_client — Neurotoxin client [80] round 166: poisoned 133/266 samples (target=0, masked=True).
20:05:45  INFO      datasets.backdoor — BackdoorDataset: 131 / 266 samples poisoned (target=0, fraction=0.500, seed=243).
20:05:48  INFO      attacks.neurotoxin_client — Neurotoxin client [74] round 166: poisoned 131/266 samples (target=0, masked=True).
20:06:21  INFO      datasets.backdoor — BackdoorDataset: 132 / 267 samples poisoned (target=0, fraction=0.500, seed=200).
20:06:24  INFO      attacks.neurotoxin_client — Neurotoxin client [30] round 167: poisoned 132/267 samples (target=0, masked=True).
20:06:34  INFO      datasets.backdoor — BackdoorDataset: 131 / 266 samples poisoned (target=0, fraction=0.500, seed=231).
20:06:37  INFO      attacks.neurotoxin_client — Neurotoxin client [60] round 168: poisoned 131/266 samples (target=0, masked=True).
20:07:13  INFO      datasets.backdoor — BackdoorDataset: 131 / 266 samples poisoned (target=0, fraction=0.500, seed=247).
20:07:16  INFO      attacks.neurotoxin_client — Neurotoxin client [75] round 169: poisoned 131/266 samples (target=0, masked=True).
20:07:19  INFO      datasets.backdoor — BackdoorDataset: 131 / 266 samples poisoned (target=0, fraction=0.500, seed=246).
20:07:22  INFO      attacks.neurotoxin_client — Neurotoxin client [74] round 169: poisoned 131/266 samples (target=0, masked=True).
20:07:40  INFO      datasets.backdoor — BackdoorDataset: 131 / 266 samples poisoned (target=0, fraction=0.500, seed=247).
20:07:44  INFO      attacks.neurotoxin_client — Neurotoxin client [74] round 170: poisoned 131/266 samples (target=0, masked=True).
20:08:04  INFO      experiment.runner — Round  171/200  |  acc:  91.92%  loss: 0.3187  |  ASR:  11.64%  asr_loss: 16.8028  |  mF1: 89.0%
20:08:20  INFO      datasets.backdoor — BackdoorDataset: 133 / 266 samples poisoned (target=0, fraction=0.500, seed=254).
20:08:22  INFO      attacks.neurotoxin_client — Neurotoxin client [80] round 171: poisoned 133/266 samples (target=0, masked=True).
20:09:19  INFO      datasets.backdoor — BackdoorDataset: 132 / 267 samples poisoned (target=0, fraction=0.500, seed=206).
20:09:22  INFO      attacks.neurotoxin_client — Neurotoxin client [30] round 173: poisoned 132/267 samples (target=0, masked=True).
20:10:43  INFO      datasets.backdoor — BackdoorDataset: 133 / 266 samples poisoned (target=0, fraction=0.500, seed=256).
20:10:46  INFO      attacks.neurotoxin_client — Neurotoxin client [77] round 176: poisoned 133/266 samples (target=0, masked=True).
20:11:08  INFO      datasets.backdoor — BackdoorDataset: 131 / 266 samples poisoned (target=0, fraction=0.500, seed=249).
20:11:11  INFO      attacks.neurotoxin_client — Neurotoxin client [69] round 177: poisoned 131/266 samples (target=0, masked=True).
20:11:17  INFO      datasets.backdoor — BackdoorDataset: 133 / 266 samples poisoned (target=0, fraction=0.500, seed=260).
20:11:20  INFO      attacks.neurotoxin_client — Neurotoxin client [80] round 177: poisoned 133/266 samples (target=0, masked=True).
20:11:26  INFO      datasets.backdoor — BackdoorDataset: 133 / 266 samples poisoned (target=0, fraction=0.500, seed=228).
20:11:29  INFO      attacks.neurotoxin_client — Neurotoxin client [47] round 178: poisoned 133/266 samples (target=0, masked=True).
20:11:45  INFO      datasets.backdoor — BackdoorDataset: 131 / 266 samples poisoned (target=0, fraction=0.500, seed=255).
20:11:48  INFO      attacks.neurotoxin_client — Neurotoxin client [74] round 178: poisoned 131/266 samples (target=0, masked=True).
20:13:02  INFO      experiment.runner — Round  181/200  |  acc:  92.41%  loss: 0.3146  |  ASR:  10.64%  asr_loss: 17.9882  |  mF1: 89.6%
20:13:02  INFO      datasets.backdoor — BackdoorDataset: 131 / 266 samples poisoned (target=0, fraction=0.500, seed=258).
20:13:05  INFO      attacks.neurotoxin_client — Neurotoxin client [74] round 181: poisoned 131/266 samples (target=0, masked=True).
20:13:24  INFO      datasets.backdoor — BackdoorDataset: 133 / 266 samples poisoned (target=0, fraction=0.500, seed=264).
20:13:27  INFO      attacks.neurotoxin_client — Neurotoxin client [80] round 181: poisoned 133/266 samples (target=0, masked=True).
20:13:27  INFO      datasets.backdoor — BackdoorDataset: 131 / 266 samples poisoned (target=0, fraction=0.500, seed=253).
20:13:31  INFO      attacks.neurotoxin_client — Neurotoxin client [69] round 181: poisoned 131/266 samples (target=0, masked=True).
20:13:40  INFO      datasets.backdoor — BackdoorDataset: 133 / 266 samples poisoned (target=0, fraction=0.500, seed=232).
20:13:43  INFO      attacks.neurotoxin_client — Neurotoxin client [47] round 182: poisoned 133/266 samples (target=0, masked=True).
20:13:49  INFO      datasets.backdoor — BackdoorDataset: 131 / 266 samples poisoned (target=0, fraction=0.500, seed=259).
20:13:52  INFO      attacks.neurotoxin_client — Neurotoxin client [74] round 182: poisoned 131/266 samples (target=0, masked=True).
20:14:14  INFO      datasets.backdoor — BackdoorDataset: 131 / 266 samples poisoned (target=0, fraction=0.500, seed=261).
20:14:18  INFO      attacks.neurotoxin_client — Neurotoxin client [75] round 183: poisoned 131/266 samples (target=0, masked=True).
20:14:21  INFO      datasets.backdoor — BackdoorDataset: 131 / 266 samples poisoned (target=0, fraction=0.500, seed=260).
20:14:24  INFO      attacks.neurotoxin_client — Neurotoxin client [74] round 183: poisoned 131/266 samples (target=0, masked=True).
20:14:30  INFO      datasets.backdoor — BackdoorDataset: 131 / 266 samples poisoned (target=0, fraction=0.500, seed=255).
20:14:32  INFO      attacks.neurotoxin_client — Neurotoxin client [69] round 183: poisoned 131/266 samples (target=0, masked=True).
20:15:11  INFO      datasets.backdoor — BackdoorDataset: 133 / 266 samples poisoned (target=0, fraction=0.500, seed=235).
20:15:15  INFO      attacks.neurotoxin_client — Neurotoxin client [47] round 185: poisoned 133/266 samples (target=0, masked=True).
20:15:59  INFO      datasets.backdoor — BackdoorDataset: 131 / 266 samples poisoned (target=0, fraction=0.500, seed=259).
20:16:04  INFO      attacks.neurotoxin_client — Neurotoxin client [69] round 187: poisoned 131/266 samples (target=0, masked=True).
20:16:35  INFO      datasets.backdoor — BackdoorDataset: 133 / 266 samples poisoned (target=0, fraction=0.500, seed=268).
20:16:37  INFO      attacks.neurotoxin_client — Neurotoxin client [77] round 188: poisoned 133/266 samples (target=0, masked=True).
20:17:28  INFO      datasets.backdoor — BackdoorDataset: 133 / 267 samples poisoned (target=0, fraction=0.500, seed=201).
20:17:31  INFO      attacks.neurotoxin_client — Neurotoxin client [8] round 190: poisoned 133/267 samples (target=0, masked=True).
20:18:00  INFO      experiment.runner — Round  191/200  |  acc:  92.30%  loss: 0.3153  |  ASR:  15.30%  asr_loss: 15.8992  |  mF1: 89.4%
20:18:03  INFO      datasets.backdoor — BackdoorDataset: 133 / 266 samples poisoned (target=0, fraction=0.500, seed=241).
20:18:05  INFO      attacks.neurotoxin_client — Neurotoxin client [47] round 191: poisoned 133/266 samples (target=0, masked=True).
20:19:46  INFO      datasets.backdoor — BackdoorDataset: 133 / 266 samples poisoned (target=0, fraction=0.500, seed=244).
20:19:49  INFO      attacks.neurotoxin_client — Neurotoxin client [47] round 194: poisoned 133/266 samples (target=0, masked=True).
20:20:21  INFO      datasets.backdoor — BackdoorDataset: 131 / 266 samples poisoned (target=0, fraction=0.500, seed=267).
20:20:23  INFO      attacks.neurotoxin_client — Neurotoxin client [69] round 195: poisoned 131/266 samples (target=0, masked=True).
20:20:26  INFO      datasets.backdoor — BackdoorDataset: 131 / 266 samples poisoned (target=0, fraction=0.500, seed=273).
20:20:29  INFO      attacks.neurotoxin_client — Neurotoxin client [74] round 196: poisoned 131/266 samples (target=0, masked=True).
20:20:56  INFO      datasets.backdoor — BackdoorDataset: 132 / 267 samples poisoned (target=0, fraction=0.500, seed=216).
20:20:59  INFO      attacks.neurotoxin_client — Neurotoxin client [16] round 197: poisoned 132/267 samples (target=0, masked=True).
20:21:16  INFO      datasets.backdoor — BackdoorDataset: 133 / 266 samples poisoned (target=0, fraction=0.500, seed=247).
20:21:19  INFO      attacks.neurotoxin_client — Neurotoxin client [47] round 197: poisoned 133/266 samples (target=0, masked=True).
20:21:25  INFO      datasets.backdoor — BackdoorDataset: 133 / 266 samples poisoned (target=0, fraction=0.500, seed=281).
20:21:27  INFO      attacks.neurotoxin_client — Neurotoxin client [80] round 198: poisoned 133/266 samples (target=0, masked=True).
20:22:09  INFO      datasets.backdoor — BackdoorDataset: 131 / 266 samples poisoned (target=0, fraction=0.500, seed=271).
20:22:12  INFO      attacks.neurotoxin_client — Neurotoxin client [69] round 199: poisoned 131/266 samples (target=0, masked=True).
20:22:27  INFO      experiment.runner — Round  200/200  |  acc:  92.51%  loss: 0.3187  |  ASR:  13.21%  asr_loss: 16.7749  |  mF1: 89.6%
20:22:27  INFO      experiment.runner — Final model saved to results/benchmark/gtsrb_neurotoxin_nnm_krum_seed3/final_model.pt
20:22:27  INFO      experiment.runner — Client atypicality written to results/benchmark/gtsrb_neurotoxin_nnm_krum_seed3/client_atypicality.json
20:22:27  INFO      experiment.runner — Client inclusion rates written to results/benchmark/gtsrb_neurotoxin_nnm_krum_seed3/client_inclusion.csv
20:22:27  INFO      benchmark — ✓  gtsrb_neurotoxin_nnm_krum_seed3  (97.1 min)
20:22:27  INFO      benchmark — ▶  gtsrb_neurotoxin_nnm_krum_seed4
20:22:27  INFO      experiment.runner — Initialising 'gtsrb_neurotoxin_nnm_krum_seed4' | device=cuda | rounds=200 | clients=10/100 | attack=neurotoxin | defense=nnm
20:22:28  INFO      defenses.nnm — NNMServer — f=1  base_rule=krum
20:22:30  INFO      experiment.utils — Built 100 clients — 10 malicious, 90 benign.
20:22:30  INFO      datasets.backdoor — BackdoorDataset: 12570 / 12570 samples poisoned (target=0, fraction=1.000, seed=0).
20:22:30  INFO      experiment.runner — Setup complete — 100 clients (10 malicious) | backdoor eval: static-trigger

==============================================================
  Summary — 21 rounds evaluated
==============================================================
  Final clean accuracy               92.51%
  Best  clean accuracy               92.51%
  Final clean loss                   0.3187
  Macro F1                           89.60%
  Final ASR                          13.21%
  Mean ASR (attack window)            4.61%
  Max  ASR (attack window)           15.30%
==============================================================

20:23:07  INFO      experiment.runner — Round    1/200  |  acc:   7.70%  loss: 3.5105  |  ASR:   0.00%  asr_loss: 4.5129  |  mF1: 1.5%
20:28:04  INFO      experiment.runner — Round   11/200  |  acc:  51.78%  loss: 1.6709  |  ASR:   0.00%  asr_loss: 10.1711  |  mF1: 33.9%
20:33:09  INFO      experiment.runner — Round   21/200  |  acc:  69.71%  loss: 1.0150  |  ASR:   0.46%  asr_loss: 11.8371  |  mF1: 60.1%
20:38:28  INFO      experiment.runner — Round   31/200  |  acc:  77.47%  loss: 0.7867  |  ASR:   0.49%  asr_loss: 14.5987  |  mF1: 69.3%
20:43:49  INFO      experiment.runner — Round   41/200  |  acc:  82.15%  loss: 0.6930  |  ASR:   0.00%  asr_loss: 27.3024  |  mF1: 76.2%
20:48:24  INFO      datasets.backdoor — BackdoorDataset: 133 / 267 samples poisoned (target=0, fraction=0.500, seed=56).
20:48:27  INFO      attacks.neurotoxin_client — Neurotoxin client [2] round 50: poisoned 133/267 samples (target=0, masked=True).
20:49:10  INFO      experiment.runner — Round   51/200  |  acc:  85.17%  loss: 0.5286  |  ASR:   0.34%  asr_loss: 20.6388  |  mF1: 79.5%
20:49:41  INFO      datasets.backdoor — BackdoorDataset: 132 / 267 samples poisoned (target=0, fraction=0.500, seed=75).
20:49:44  INFO      attacks.neurotoxin_client — Neurotoxin client [19] round 52: poisoned 132/267 samples (target=0, masked=True).
20:49:56  INFO      datasets.backdoor — BackdoorDataset: 133 / 266 samples poisoned (target=0, fraction=0.500, seed=148).
20:49:59  INFO      attacks.neurotoxin_client — Neurotoxin client [92] round 52: poisoned 133/266 samples (target=0, masked=True).
20:50:19  INFO      datasets.backdoor — BackdoorDataset: 133 / 266 samples poisoned (target=0, fraction=0.500, seed=149).
20:50:22  INFO      attacks.neurotoxin_client — Neurotoxin client [92] round 53: poisoned 133/266 samples (target=0, masked=True).
20:50:26  INFO      datasets.backdoor — BackdoorDataset: 132 / 267 samples poisoned (target=0, fraction=0.500, seed=76).
20:50:28  INFO      attacks.neurotoxin_client — Neurotoxin client [19] round 53: poisoned 132/267 samples (target=0, masked=True).
20:50:37  INFO      datasets.backdoor — BackdoorDataset: 133 / 267 samples poisoned (target=0, fraction=0.500, seed=95).
20:50:40  INFO      attacks.neurotoxin_client — Neurotoxin client [38] round 53: poisoned 133/267 samples (target=0, masked=True).
20:50:41  INFO      datasets.backdoor — BackdoorDataset: 131 / 266 samples poisoned (target=0, fraction=0.500, seed=118).
20:50:44  INFO      attacks.neurotoxin_client — Neurotoxin client [61] round 53: poisoned 131/266 samples (target=0, masked=True).
20:50:44  INFO      datasets.backdoor — BackdoorDataset: 133 / 267 samples poisoned (target=0, fraction=0.500, seed=65).
20:50:47  INFO      attacks.neurotoxin_client — Neurotoxin client [8] round 53: poisoned 133/267 samples (target=0, masked=True).
20:51:04  INFO      datasets.backdoor — BackdoorDataset: 132 / 266 samples poisoned (target=0, fraction=0.500, seed=108).
20:51:08  INFO      attacks.neurotoxin_client — Neurotoxin client [50] round 54: poisoned 132/266 samples (target=0, masked=True).
20:51:14  INFO      datasets.backdoor — BackdoorDataset: 133 / 267 samples poisoned (target=0, fraction=0.500, seed=96).
20:51:17  INFO      attacks.neurotoxin_client — Neurotoxin client [38] round 54: poisoned 133/267 samples (target=0, masked=True).
20:51:45  INFO      datasets.backdoor — BackdoorDataset: 133 / 267 samples poisoned (target=0, fraction=0.500, seed=61).
20:51:48  INFO      attacks.neurotoxin_client — Neurotoxin client [2] round 55: poisoned 133/267 samples (target=0, masked=True).
20:51:48  INFO      datasets.backdoor — BackdoorDataset: 133 / 267 samples poisoned (target=0, fraction=0.500, seed=97).
20:51:51  INFO      attacks.neurotoxin_client — Neurotoxin client [38] round 55: poisoned 133/267 samples (target=0, masked=True).
20:51:52  INFO      datasets.backdoor — BackdoorDataset: 132 / 267 samples poisoned (target=0, fraction=0.500, seed=79).
20:51:55  INFO      attacks.neurotoxin_client — Neurotoxin client [19] round 56: poisoned 132/267 samples (target=0, masked=True).
20:52:17  INFO      datasets.backdoor — BackdoorDataset: 131 / 266 samples poisoned (target=0, fraction=0.500, seed=121).
20:52:21  INFO      attacks.neurotoxin_client — Neurotoxin client [61] round 56: poisoned 131/266 samples (target=0, masked=True).
20:53:07  INFO      datasets.backdoor — BackdoorDataset: 132 / 267 samples poisoned (target=0, fraction=0.500, seed=75).
20:53:10  INFO      attacks.neurotoxin_client — Neurotoxin client [13] round 58: poisoned 132/267 samples (target=0, masked=True).
20:54:04  INFO      datasets.backdoor — BackdoorDataset: 131 / 266 samples poisoned (target=0, fraction=0.500, seed=125).
20:54:07  INFO      attacks.neurotoxin_client — Neurotoxin client [61] round 60: poisoned 131/266 samples (target=0, masked=True).
20:54:18  INFO      datasets.backdoor — BackdoorDataset: 133 / 267 samples poisoned (target=0, fraction=0.500, seed=94).
20:54:21  INFO      attacks.neurotoxin_client — Neurotoxin client [30] round 60: poisoned 133/267 samples (target=0, masked=True).
20:54:25  INFO      datasets.backdoor — BackdoorDataset: 132 / 267 samples poisoned (target=0, fraction=0.500, seed=77).
20:54:28  INFO      attacks.neurotoxin_client — Neurotoxin client [13] round 60: poisoned 132/267 samples (target=0, masked=True).
20:54:45  INFO      experiment.runner — Round   61/200  |  acc:  87.01%  loss: 0.4684  |  ASR:   0.49%  asr_loss: 18.3458  |  mF1: 82.8%
20:56:26  INFO      datasets.backdoor — BackdoorDataset: 133 / 267 samples poisoned (target=0, fraction=0.500, seed=70).
20:56:29  INFO      attacks.neurotoxin_client — Neurotoxin client [2] round 64: poisoned 133/267 samples (target=0, masked=True).
20:56:40  INFO      datasets.backdoor — BackdoorDataset: 131 / 266 samples poisoned (target=0, fraction=0.500, seed=129).
20:56:43  INFO      attacks.neurotoxin_client — Neurotoxin client [61] round 64: poisoned 131/266 samples (target=0, masked=True).
20:57:08  INFO      datasets.backdoor — BackdoorDataset: 133 / 267 samples poisoned (target=0, fraction=0.500, seed=107).
20:57:11  INFO      attacks.neurotoxin_client — Neurotoxin client [38] round 65: poisoned 133/267 samples (target=0, masked=True).
20:57:37  INFO      datasets.backdoor — BackdoorDataset: 133 / 267 samples poisoned (target=0, fraction=0.500, seed=78).
20:57:41  INFO      attacks.neurotoxin_client — Neurotoxin client [8] round 66: poisoned 133/267 samples (target=0, masked=True).
20:57:48  INFO      datasets.backdoor — BackdoorDataset: 133 / 267 samples poisoned (target=0, fraction=0.500, seed=108).
20:57:51  INFO      attacks.neurotoxin_client — Neurotoxin client [38] round 66: poisoned 133/267 samples (target=0, masked=True).
20:58:19  INFO      datasets.backdoor — BackdoorDataset: 133 / 267 samples poisoned (target=0, fraction=0.500, seed=73).
20:58:22  INFO      attacks.neurotoxin_client — Neurotoxin client [2] round 67: poisoned 133/267 samples (target=0, masked=True).
20:58:22  INFO      datasets.backdoor — BackdoorDataset: 131 / 266 samples poisoned (target=0, fraction=0.500, seed=132).
20:58:25  INFO      attacks.neurotoxin_client — Neurotoxin client [61] round 67: poisoned 131/266 samples (target=0, masked=True).
20:59:03  INFO      datasets.backdoor — BackdoorDataset: 132 / 267 samples poisoned (target=0, fraction=0.500, seed=84).
20:59:06  INFO      attacks.neurotoxin_client — Neurotoxin client [11] round 69: poisoned 132/267 samples (target=0, masked=True).
20:59:39  INFO      datasets.backdoor — BackdoorDataset: 132 / 267 samples poisoned (target=0, fraction=0.500, seed=85).
20:59:42  INFO      attacks.neurotoxin_client — Neurotoxin client [11] round 70: poisoned 132/267 samples (target=0, masked=True).
21:00:15  INFO      experiment.runner — Round   71/200  |  acc:  89.53%  loss: 0.4110  |  ASR:   0.14%  asr_loss: 21.1628  |  mF1: 84.7%
21:00:45  INFO      datasets.backdoor — BackdoorDataset: 132 / 267 samples poisoned (target=0, fraction=0.500, seed=87).
21:00:48  INFO      attacks.neurotoxin_client — Neurotoxin client [11] round 72: poisoned 132/267 samples (target=0, masked=True).
21:01:19  INFO      datasets.backdoor — BackdoorDataset: 132 / 267 samples poisoned (target=0, fraction=0.500, seed=96).
21:01:23  INFO      attacks.neurotoxin_client — Neurotoxin client [19] round 73: poisoned 132/267 samples (target=0, masked=True).
21:03:09  INFO      datasets.backdoor — BackdoorDataset: 132 / 267 samples poisoned (target=0, fraction=0.500, seed=93).
21:03:11  INFO      attacks.neurotoxin_client — Neurotoxin client [13] round 76: poisoned 132/267 samples (target=0, masked=True).
21:03:17  INFO      datasets.backdoor — BackdoorDataset: 132 / 266 samples poisoned (target=0, fraction=0.500, seed=130).
21:03:20  INFO      attacks.neurotoxin_client — Neurotoxin client [50] round 76: poisoned 132/266 samples (target=0, masked=True).
21:03:21  INFO      datasets.backdoor — BackdoorDataset: 131 / 266 samples poisoned (target=0, fraction=0.500, seed=141).
21:03:24  INFO      attacks.neurotoxin_client — Neurotoxin client [61] round 76: poisoned 131/266 samples (target=0, masked=True).
21:03:59  INFO      datasets.backdoor — BackdoorDataset: 132 / 267 samples poisoned (target=0, fraction=0.500, seed=101).
21:04:03  INFO      attacks.neurotoxin_client — Neurotoxin client [19] round 78: poisoned 132/267 samples (target=0, masked=True).
21:04:14  INFO      datasets.backdoor — BackdoorDataset: 133 / 267 samples poisoned (target=0, fraction=0.500, seed=112).
21:04:18  INFO      attacks.neurotoxin_client — Neurotoxin client [30] round 78: poisoned 133/267 samples (target=0, masked=True).
21:05:06  INFO      datasets.backdoor — BackdoorDataset: 133 / 267 samples poisoned (target=0, fraction=0.500, seed=86).
21:05:09  INFO      attacks.neurotoxin_client — Neurotoxin client [2] round 80: poisoned 133/267 samples (target=0, masked=True).
21:05:45  INFO      experiment.runner — Round   81/200  |  acc:  90.52%  loss: 0.3926  |  ASR:   0.10%  asr_loss: 21.3631  |  mF1: 86.9%
21:05:51  INFO      datasets.backdoor — BackdoorDataset: 133 / 266 samples poisoned (target=0, fraction=0.500, seed=177).
21:05:54  INFO      attacks.neurotoxin_client — Neurotoxin client [92] round 81: poisoned 133/266 samples (target=0, masked=True).
21:05:55  INFO      datasets.backdoor — BackdoorDataset: 132 / 266 samples poisoned (target=0, fraction=0.500, seed=135).
21:05:58  INFO      attacks.neurotoxin_client — Neurotoxin client [50] round 81: poisoned 132/266 samples (target=0, masked=True).
21:07:12  INFO      datasets.backdoor — BackdoorDataset: 131 / 266 samples poisoned (target=0, fraction=0.500, seed=148).
21:07:15  INFO      attacks.neurotoxin_client — Neurotoxin client [61] round 83: poisoned 131/266 samples (target=0, masked=True).
21:07:36  INFO      datasets.backdoor — BackdoorDataset: 133 / 267 samples poisoned (target=0, fraction=0.500, seed=118).
21:07:39  INFO      attacks.neurotoxin_client — Neurotoxin client [30] round 84: poisoned 133/267 samples (target=0, masked=True).
21:07:45  INFO      datasets.backdoor — BackdoorDataset: 133 / 267 samples poisoned (target=0, fraction=0.500, seed=90).
21:07:48  INFO      attacks.neurotoxin_client — Neurotoxin client [2] round 84: poisoned 133/267 samples (target=0, masked=True).
21:07:49  INFO      datasets.backdoor — BackdoorDataset: 133 / 266 samples poisoned (target=0, fraction=0.500, seed=180).
21:07:52  INFO      attacks.neurotoxin_client — Neurotoxin client [92] round 84: poisoned 133/266 samples (target=0, masked=True).
21:07:56  INFO      datasets.backdoor — BackdoorDataset: 133 / 267 samples poisoned (target=0, fraction=0.500, seed=91).
21:07:59  INFO      attacks.neurotoxin_client — Neurotoxin client [2] round 85: poisoned 133/267 samples (target=0, masked=True).
21:09:35  INFO      datasets.backdoor — BackdoorDataset: 132 / 267 samples poisoned (target=0, fraction=0.500, seed=111).
21:09:38  INFO      attacks.neurotoxin_client — Neurotoxin client [19] round 88: poisoned 132/267 samples (target=0, masked=True).
21:10:49  INFO      datasets.backdoor — BackdoorDataset: 132 / 267 samples poisoned (target=0, fraction=0.500, seed=113).
21:10:52  INFO      attacks.neurotoxin_client — Neurotoxin client [19] round 90: poisoned 132/267 samples (target=0, masked=True).
21:11:13  INFO      experiment.runner — Round   91/200  |  acc:  90.77%  loss: 0.3805  |  ASR:   0.22%  asr_loss: 21.1038  |  mF1: 86.2%
21:13:05  INFO      datasets.backdoor — BackdoorDataset: 132 / 267 samples poisoned (target=0, fraction=0.500, seed=109).
21:13:08  INFO      attacks.neurotoxin_client — Neurotoxin client [11] round 94: poisoned 132/267 samples (target=0, masked=True).
21:13:27  INFO      datasets.backdoor — BackdoorDataset: 133 / 267 samples poisoned (target=0, fraction=0.500, seed=107).
21:13:31  INFO      attacks.neurotoxin_client — Neurotoxin client [8] round 95: poisoned 133/267 samples (target=0, masked=True).
21:13:31  INFO      datasets.backdoor — BackdoorDataset: 132 / 267 samples poisoned (target=0, fraction=0.500, seed=110).
21:13:35  INFO      attacks.neurotoxin_client — Neurotoxin client [11] round 95: poisoned 132/267 samples (target=0, masked=True).
21:14:08  INFO      datasets.backdoor — BackdoorDataset: 133 / 267 samples poisoned (target=0, fraction=0.500, seed=108).
21:14:11  INFO      attacks.neurotoxin_client — Neurotoxin client [8] round 96: poisoned 133/267 samples (target=0, masked=True).
21:14:17  INFO      datasets.backdoor — BackdoorDataset: 132 / 267 samples poisoned (target=0, fraction=0.500, seed=113).
21:14:22  INFO      attacks.neurotoxin_client — Neurotoxin client [13] round 96: poisoned 132/267 samples (target=0, masked=True).
21:15:42  INFO      datasets.backdoor — BackdoorDataset: 133 / 267 samples poisoned (target=0, fraction=0.500, seed=141).
21:15:46  INFO      attacks.neurotoxin_client — Neurotoxin client [38] round 99: poisoned 133/267 samples (target=0, masked=True).
21:15:56  INFO      datasets.backdoor — BackdoorDataset: 132 / 267 samples poisoned (target=0, fraction=0.500, seed=122).
21:15:59  INFO      attacks.neurotoxin_client — Neurotoxin client [19] round 99: poisoned 132/267 samples (target=0, masked=True).
21:16:24  INFO      datasets.backdoor — BackdoorDataset: 131 / 266 samples poisoned (target=0, fraction=0.500, seed=165).
21:16:27  INFO      attacks.neurotoxin_client — Neurotoxin client [61] round 100: poisoned 131/266 samples (target=0, masked=True).
21:16:47  INFO      experiment.runner — Round  101/200  |  acc:  90.86%  loss: 0.3670  |  ASR:   0.41%  asr_loss: 20.4088  |  mF1: 86.4%
21:17:14  INFO      datasets.backdoor — BackdoorDataset: 133 / 266 samples poisoned (target=0, fraction=0.500, seed=197).
21:17:17  INFO      attacks.neurotoxin_client — Neurotoxin client [92] round 101: poisoned 133/266 samples (target=0, masked=True).
21:17:34  INFO      datasets.backdoor — BackdoorDataset: 133 / 267 samples poisoned (target=0, fraction=0.500, seed=144).
21:17:37  INFO      attacks.neurotoxin_client — Neurotoxin client [38] round 102: poisoned 133/267 samples (target=0, masked=True).
21:17:48  INFO      datasets.backdoor — BackdoorDataset: 131 / 266 samples poisoned (target=0, fraction=0.500, seed=167).
21:17:52  INFO      attacks.neurotoxin_client — Neurotoxin client [61] round 102: poisoned 131/266 samples (target=0, masked=True).
21:19:27  INFO      datasets.backdoor — BackdoorDataset: 132 / 266 samples poisoned (target=0, fraction=0.500, seed=159).
21:19:31  INFO      attacks.neurotoxin_client — Neurotoxin client [50] round 105: poisoned 132/266 samples (target=0, masked=True).
21:19:35  INFO      datasets.backdoor — BackdoorDataset: 133 / 267 samples poisoned (target=0, fraction=0.500, seed=140).
21:19:38  INFO      attacks.neurotoxin_client — Neurotoxin client [30] round 106: poisoned 133/267 samples (target=0, masked=True).
21:19:56  INFO      datasets.backdoor — BackdoorDataset: 132 / 267 samples poisoned (target=0, fraction=0.500, seed=121).
21:20:00  INFO      attacks.neurotoxin_client — Neurotoxin client [11] round 106: poisoned 132/267 samples (target=0, masked=True).
21:20:27  INFO      datasets.backdoor — BackdoorDataset: 132 / 266 samples poisoned (target=0, fraction=0.500, seed=161).
21:20:29  INFO      attacks.neurotoxin_client — Neurotoxin client [50] round 107: poisoned 132/266 samples (target=0, masked=True).
21:21:56  INFO      datasets.backdoor — BackdoorDataset: 132 / 267 samples poisoned (target=0, fraction=0.500, seed=125).
21:21:59  INFO      attacks.neurotoxin_client — Neurotoxin client [11] round 110: poisoned 132/267 samples (target=0, masked=True).
21:22:00  INFO      datasets.backdoor — BackdoorDataset: 132 / 266 samples poisoned (target=0, fraction=0.500, seed=164).
21:22:04  INFO      attacks.neurotoxin_client — Neurotoxin client [50] round 110: poisoned 132/266 samples (target=0, masked=True).
21:22:26  INFO      experiment.runner — Round  111/200  |  acc:  91.03%  loss: 0.3561  |  ASR:   1.75%  asr_loss: 19.6870  |  mF1: 87.7%
21:22:35  INFO      datasets.backdoor — BackdoorDataset: 132 / 267 samples poisoned (target=0, fraction=0.500, seed=126).
21:22:38  INFO      attacks.neurotoxin_client — Neurotoxin client [11] round 111: poisoned 132/267 samples (target=0, masked=True).
21:23:23  INFO      datasets.backdoor — BackdoorDataset: 132 / 266 samples poisoned (target=0, fraction=0.500, seed=166).
21:23:26  INFO      attacks.neurotoxin_client — Neurotoxin client [50] round 112: poisoned 132/266 samples (target=0, masked=True).
21:23:29  INFO      datasets.backdoor — BackdoorDataset: 132 / 267 samples poisoned (target=0, fraction=0.500, seed=129).
21:23:32  INFO      attacks.neurotoxin_client — Neurotoxin client [13] round 112: poisoned 132/267 samples (target=0, masked=True).
21:24:49  INFO      datasets.backdoor — BackdoorDataset: 133 / 267 samples poisoned (target=0, fraction=0.500, seed=149).
21:24:53  INFO      attacks.neurotoxin_client — Neurotoxin client [30] round 115: poisoned 133/267 samples (target=0, masked=True).
21:25:00  INFO      datasets.backdoor — BackdoorDataset: 131 / 266 samples poisoned (target=0, fraction=0.500, seed=180).
21:25:03  INFO      attacks.neurotoxin_client — Neurotoxin client [61] round 115: poisoned 131/266 samples (target=0, masked=True).
21:26:15  INFO      datasets.backdoor — BackdoorDataset: 132 / 267 samples poisoned (target=0, fraction=0.500, seed=141).
21:26:18  INFO      attacks.neurotoxin_client — Neurotoxin client [19] round 118: poisoned 132/267 samples (target=0, masked=True).
21:26:33  INFO      datasets.backdoor — BackdoorDataset: 131 / 266 samples poisoned (target=0, fraction=0.500, seed=183).
21:26:36  INFO      attacks.neurotoxin_client — Neurotoxin client [61] round 118: poisoned 131/266 samples (target=0, masked=True).
21:26:54  INFO      datasets.backdoor — BackdoorDataset: 131 / 266 samples poisoned (target=0, fraction=0.500, seed=184).
21:26:57  INFO      attacks.neurotoxin_client — Neurotoxin client [61] round 119: poisoned 131/266 samples (target=0, masked=True).
21:27:56  INFO      experiment.runner — Round  121/200  |  acc:  90.15%  loss: 0.4021  |  ASR:   4.17%  asr_loss: 20.0424  |  mF1: 85.7%
21:28:00  INFO      datasets.backdoor — BackdoorDataset: 133 / 267 samples poisoned (target=0, fraction=0.500, seed=127).
21:28:03  INFO      attacks.neurotoxin_client — Neurotoxin client [2] round 121: poisoned 133/267 samples (target=0, masked=True).
21:28:37  INFO      datasets.backdoor — BackdoorDataset: 132 / 267 samples poisoned (target=0, fraction=0.500, seed=145).
21:28:40  INFO      attacks.neurotoxin_client — Neurotoxin client [19] round 122: poisoned 132/267 samples (target=0, masked=True).
21:29:05  INFO      datasets.backdoor — BackdoorDataset: 133 / 267 samples poisoned (target=0, fraction=0.500, seed=135).
21:29:08  INFO      attacks.neurotoxin_client — Neurotoxin client [8] round 123: poisoned 133/267 samples (target=0, masked=True).
21:29:18  INFO      datasets.backdoor — BackdoorDataset: 133 / 266 samples poisoned (target=0, fraction=0.500, seed=219).
21:29:21  INFO      attacks.neurotoxin_client — Neurotoxin client [92] round 123: poisoned 133/266 samples (target=0, masked=True).
21:29:45  INFO      datasets.backdoor — BackdoorDataset: 133 / 267 samples poisoned (target=0, fraction=0.500, seed=136).
21:29:48  INFO      attacks.neurotoxin_client — Neurotoxin client [8] round 124: poisoned 133/267 samples (target=0, masked=True).
21:30:24  INFO      datasets.backdoor — BackdoorDataset: 131 / 266 samples poisoned (target=0, fraction=0.500, seed=190).
21:30:27  INFO      attacks.neurotoxin_client — Neurotoxin client [61] round 125: poisoned 131/266 samples (target=0, masked=True).
21:31:42  INFO      datasets.backdoor — BackdoorDataset: 133 / 267 samples poisoned (target=0, fraction=0.500, seed=139).
21:31:45  INFO      attacks.neurotoxin_client — Neurotoxin client [8] round 127: poisoned 133/267 samples (target=0, masked=True).
21:32:10  INFO      datasets.backdoor — BackdoorDataset: 133 / 267 samples poisoned (target=0, fraction=0.500, seed=140).
21:32:13  INFO      attacks.neurotoxin_client — Neurotoxin client [8] round 128: poisoned 133/267 samples (target=0, masked=True).
21:32:33  INFO      datasets.backdoor — BackdoorDataset: 133 / 266 samples poisoned (target=0, fraction=0.500, seed=225).
21:32:36  INFO      attacks.neurotoxin_client — Neurotoxin client [92] round 129: poisoned 133/266 samples (target=0, masked=True).
21:32:58  INFO      datasets.backdoor — BackdoorDataset: 132 / 267 samples poisoned (target=0, fraction=0.500, seed=147).
21:33:01  INFO      attacks.neurotoxin_client — Neurotoxin client [13] round 130: poisoned 132/267 samples (target=0, masked=True).
21:33:36  INFO      experiment.runner — Round  131/200  |  acc:  91.58%  loss: 0.3686  |  ASR:   1.72%  asr_loss: 20.3642  |  mF1: 87.5%
21:34:14  INFO      datasets.backdoor — BackdoorDataset: 132 / 266 samples poisoned (target=0, fraction=0.500, seed=186).
21:34:18  INFO      attacks.neurotoxin_client — Neurotoxin client [50] round 132: poisoned 132/266 samples (target=0, masked=True).
21:36:50  INFO      datasets.backdoor — BackdoorDataset: 132 / 267 samples poisoned (target=0, fraction=0.500, seed=154).
21:36:53  INFO      attacks.neurotoxin_client — Neurotoxin client [13] round 137: poisoned 132/267 samples (target=0, masked=True).
21:37:11  INFO      datasets.backdoor — BackdoorDataset: 133 / 266 samples poisoned (target=0, fraction=0.500, seed=233).
21:37:14  INFO      attacks.neurotoxin_client — Neurotoxin client [92] round 137: poisoned 133/266 samples (target=0, masked=True).
21:39:08  INFO      experiment.runner — Round  141/200  |  acc:  91.65%  loss: 0.3669  |  ASR:   2.86%  asr_loss: 21.3609  |  mF1: 87.3%
21:39:24  INFO      datasets.backdoor — BackdoorDataset: 132 / 267 samples poisoned (target=0, fraction=0.500, seed=164).
21:39:27  INFO      attacks.neurotoxin_client — Neurotoxin client [19] round 141: poisoned 132/267 samples (target=0, masked=True).
21:40:30  INFO      datasets.backdoor — BackdoorDataset: 133 / 267 samples poisoned (target=0, fraction=0.500, seed=185).
21:40:33  INFO      attacks.neurotoxin_client — Neurotoxin client [38] round 143: poisoned 133/267 samples (target=0, masked=True).
21:41:00  INFO      datasets.backdoor — BackdoorDataset: 131 / 266 samples poisoned (target=0, fraction=0.500, seed=209).
21:41:03  INFO      attacks.neurotoxin_client — Neurotoxin client [61] round 144: poisoned 131/266 samples (target=0, masked=True).
21:41:43  INFO      datasets.backdoor — BackdoorDataset: 133 / 267 samples poisoned (target=0, fraction=0.500, seed=187).
21:41:46  INFO      attacks.neurotoxin_client — Neurotoxin client [38] round 145: poisoned 133/267 samples (target=0, masked=True).
21:43:49  INFO      datasets.backdoor — BackdoorDataset: 132 / 266 samples poisoned (target=0, fraction=0.500, seed=203).
21:43:53  INFO      attacks.neurotoxin_client — Neurotoxin client [50] round 149: poisoned 132/266 samples (target=0, masked=True).
21:44:43  INFO      experiment.runner — Round  151/200  |  acc:  92.03%  loss: 0.3389  |  ASR:   1.56%  asr_loss: 21.8602  |  mF1: 87.7%
21:44:59  INFO      datasets.backdoor — BackdoorDataset: 132 / 267 samples poisoned (target=0, fraction=0.500, seed=168).
21:45:03  INFO      attacks.neurotoxin_client — Neurotoxin client [13] round 151: poisoned 132/267 samples (target=0, masked=True).
21:45:15  INFO      datasets.backdoor — BackdoorDataset: 133 / 267 samples poisoned (target=0, fraction=0.500, seed=193).
21:45:20  INFO      attacks.neurotoxin_client — Neurotoxin client [38] round 151: poisoned 133/267 samples (target=0, masked=True).
21:45:35  INFO      datasets.backdoor — BackdoorDataset: 132 / 267 samples poisoned (target=0, fraction=0.500, seed=175).
21:45:38  INFO      attacks.neurotoxin_client — Neurotoxin client [19] round 152: poisoned 132/267 samples (target=0, masked=True).
21:45:38  INFO      datasets.backdoor — BackdoorDataset: 133 / 267 samples poisoned (target=0, fraction=0.500, seed=164).
21:45:41  INFO      attacks.neurotoxin_client — Neurotoxin client [8] round 152: poisoned 133/267 samples (target=0, masked=True).
21:46:42  INFO      datasets.backdoor — BackdoorDataset: 132 / 267 samples poisoned (target=0, fraction=0.500, seed=171).
21:46:45  INFO      attacks.neurotoxin_client — Neurotoxin client [13] round 154: poisoned 132/267 samples (target=0, masked=True).
21:47:31  INFO      datasets.backdoor — BackdoorDataset: 133 / 267 samples poisoned (target=0, fraction=0.500, seed=162).
21:47:34  INFO      attacks.neurotoxin_client — Neurotoxin client [2] round 156: poisoned 133/267 samples (target=0, masked=True).
21:48:10  INFO      datasets.backdoor — BackdoorDataset: 133 / 267 samples poisoned (target=0, fraction=0.500, seed=191).
21:48:13  INFO      attacks.neurotoxin_client — Neurotoxin client [30] round 157: poisoned 133/267 samples (target=0, masked=True).
21:48:17  INFO      datasets.backdoor — BackdoorDataset: 132 / 267 samples poisoned (target=0, fraction=0.500, seed=174).
21:48:20  INFO      attacks.neurotoxin_client — Neurotoxin client [13] round 157: poisoned 132/267 samples (target=0, masked=True).
21:50:17  INFO      experiment.runner — Round  161/200  |  acc:  92.09%  loss: 0.3515  |  ASR:   4.19%  asr_loss: 21.3798  |  mF1: 88.4%
21:52:42  INFO      datasets.backdoor — BackdoorDataset: 131 / 266 samples poisoned (target=0, fraction=0.500, seed=230).
21:52:45  INFO      attacks.neurotoxin_client — Neurotoxin client [61] round 165: poisoned 131/266 samples (target=0, masked=True).
21:53:01  INFO      datasets.backdoor — BackdoorDataset: 133 / 267 samples poisoned (target=0, fraction=0.500, seed=178).
21:53:04  INFO      attacks.neurotoxin_client — Neurotoxin client [8] round 166: poisoned 133/267 samples (target=0, masked=True).
21:53:10  INFO      datasets.backdoor — BackdoorDataset: 133 / 267 samples poisoned (target=0, fraction=0.500, seed=172).
21:53:13  INFO      attacks.neurotoxin_client — Neurotoxin client [2] round 166: poisoned 133/267 samples (target=0, masked=True).
21:53:13  INFO      datasets.backdoor — BackdoorDataset: 132 / 267 samples poisoned (target=0, fraction=0.500, seed=189).
21:53:17  INFO      attacks.neurotoxin_client — Neurotoxin client [19] round 166: poisoned 132/267 samples (target=0, masked=True).
21:53:21  INFO      datasets.backdoor — BackdoorDataset: 132 / 266 samples poisoned (target=0, fraction=0.500, seed=220).
21:53:24  INFO      attacks.neurotoxin_client — Neurotoxin client [50] round 166: poisoned 132/266 samples (target=0, masked=True).
21:54:00  INFO      datasets.backdoor — BackdoorDataset: 133 / 266 samples poisoned (target=0, fraction=0.500, seed=263).
21:54:03  INFO      attacks.neurotoxin_client — Neurotoxin client [92] round 167: poisoned 133/266 samples (target=0, masked=True).
21:54:13  INFO      datasets.backdoor — BackdoorDataset: 132 / 267 samples poisoned (target=0, fraction=0.500, seed=183).
21:54:16  INFO      attacks.neurotoxin_client — Neurotoxin client [11] round 168: poisoned 132/267 samples (target=0, masked=True).
21:54:27  INFO      datasets.backdoor — BackdoorDataset: 132 / 267 samples poisoned (target=0, fraction=0.500, seed=185).
21:54:30  INFO      attacks.neurotoxin_client — Neurotoxin client [13] round 168: poisoned 132/267 samples (target=0, masked=True).
21:55:19  INFO      datasets.backdoor — BackdoorDataset: 133 / 267 samples poisoned (target=0, fraction=0.500, seed=212).
21:55:24  INFO      attacks.neurotoxin_client — Neurotoxin client [38] round 170: poisoned 133/267 samples (target=0, masked=True).
21:55:56  INFO      experiment.runner — Round  171/200  |  acc:  92.10%  loss: 0.3360  |  ASR:  12.61%  asr_loss: 18.3490  |  mF1: 88.1%
21:56:00  INFO      datasets.backdoor — BackdoorDataset: 133 / 266 samples poisoned (target=0, fraction=0.500, seed=267).
21:56:03  INFO      attacks.neurotoxin_client — Neurotoxin client [92] round 171: poisoned 133/266 samples (target=0, masked=True).
21:56:36  INFO      datasets.backdoor — BackdoorDataset: 133 / 267 samples poisoned (target=0, fraction=0.500, seed=206).
21:56:39  INFO      attacks.neurotoxin_client — Neurotoxin client [30] round 172: poisoned 133/267 samples (target=0, masked=True).
21:56:46  INFO      datasets.backdoor — BackdoorDataset: 132 / 267 samples poisoned (target=0, fraction=0.500, seed=195).
21:56:49  INFO      attacks.neurotoxin_client — Neurotoxin client [19] round 172: poisoned 132/267 samples (target=0, masked=True).
21:57:24  INFO      datasets.backdoor — BackdoorDataset: 133 / 267 samples poisoned (target=0, fraction=0.500, seed=215).
21:57:28  INFO      attacks.neurotoxin_client — Neurotoxin client [38] round 173: poisoned 133/267 samples (target=0, masked=True).
21:57:55  INFO      datasets.backdoor — BackdoorDataset: 133 / 267 samples poisoned (target=0, fraction=0.500, seed=186).
21:57:59  INFO      attacks.neurotoxin_client — Neurotoxin client [8] round 174: poisoned 133/267 samples (target=0, masked=True).
21:58:12  INFO      datasets.backdoor — BackdoorDataset: 132 / 267 samples poisoned (target=0, fraction=0.500, seed=190).
21:58:15  INFO      attacks.neurotoxin_client — Neurotoxin client [11] round 175: poisoned 132/267 samples (target=0, masked=True).
21:59:06  INFO      datasets.backdoor — BackdoorDataset: 132 / 267 samples poisoned (target=0, fraction=0.500, seed=199).
21:59:09  INFO      attacks.neurotoxin_client — Neurotoxin client [19] round 176: poisoned 132/267 samples (target=0, masked=True).
22:00:10  INFO      datasets.backdoor — BackdoorDataset: 133 / 267 samples poisoned (target=0, fraction=0.500, seed=190).
22:00:13  INFO      attacks.neurotoxin_client — Neurotoxin client [8] round 178: poisoned 133/267 samples (target=0, masked=True).
22:00:49  INFO      datasets.backdoor — BackdoorDataset: 133 / 267 samples poisoned (target=0, fraction=0.500, seed=192).
22:00:55  INFO      attacks.neurotoxin_client — Neurotoxin client [8] round 180: poisoned 133/267 samples (target=0, masked=True).
22:00:55  INFO      datasets.backdoor — BackdoorDataset: 131 / 266 samples poisoned (target=0, fraction=0.500, seed=245).
22:00:59  INFO      attacks.neurotoxin_client — Neurotoxin client [61] round 180: poisoned 131/266 samples (target=0, masked=True).
22:01:31  INFO      experiment.runner — Round  181/200  |  acc:  91.98%  loss: 0.3380  |  ASR:  15.84%  asr_loss: 17.4312  |  mF1: 88.1%
22:01:59  INFO      datasets.backdoor — BackdoorDataset: 132 / 266 samples poisoned (target=0, fraction=0.500, seed=235).
22:02:03  INFO      attacks.neurotoxin_client — Neurotoxin client [50] round 181: poisoned 132/266 samples (target=0, masked=True).
22:02:48  INFO      datasets.backdoor — BackdoorDataset: 132 / 267 samples poisoned (target=0, fraction=0.500, seed=200).
22:02:51  INFO      attacks.neurotoxin_client — Neurotoxin client [13] round 183: poisoned 132/267 samples (target=0, masked=True).
22:03:31  INFO      datasets.backdoor — BackdoorDataset: 133 / 266 samples poisoned (target=0, fraction=0.500, seed=280).
22:03:34  INFO      attacks.neurotoxin_client — Neurotoxin client [92] round 184: poisoned 133/266 samples (target=0, masked=True).
22:03:45  INFO      datasets.backdoor — BackdoorDataset: 133 / 266 samples poisoned (target=0, fraction=0.500, seed=281).
22:03:49  INFO      attacks.neurotoxin_client — Neurotoxin client [92] round 185: poisoned 133/266 samples (target=0, masked=True).
22:03:57  INFO      datasets.backdoor — BackdoorDataset: 131 / 266 samples poisoned (target=0, fraction=0.500, seed=250).
22:04:01  INFO      attacks.neurotoxin_client — Neurotoxin client [61] round 185: poisoned 131/266 samples (target=0, masked=True).
22:04:33  INFO      datasets.backdoor — BackdoorDataset: 133 / 267 samples poisoned (target=0, fraction=0.500, seed=198).
22:04:36  INFO      attacks.neurotoxin_client — Neurotoxin client [8] round 186: poisoned 133/267 samples (target=0, masked=True).
22:04:56  INFO      datasets.backdoor — BackdoorDataset: 133 / 267 samples poisoned (target=0, fraction=0.500, seed=229).
22:05:00  INFO      attacks.neurotoxin_client — Neurotoxin client [38] round 187: poisoned 133/267 samples (target=0, masked=True).
22:05:11  INFO      datasets.backdoor — BackdoorDataset: 132 / 267 samples poisoned (target=0, fraction=0.500, seed=202).
22:05:14  INFO      attacks.neurotoxin_client — Neurotoxin client [11] round 187: poisoned 132/267 samples (target=0, masked=True).
22:05:17  INFO      datasets.backdoor — BackdoorDataset: 132 / 266 samples poisoned (target=0, fraction=0.500, seed=241).
22:05:20  INFO      attacks.neurotoxin_client — Neurotoxin client [50] round 187: poisoned 132/266 samples (target=0, masked=True).
22:05:32  INFO      datasets.backdoor — BackdoorDataset: 132 / 266 samples poisoned (target=0, fraction=0.500, seed=242).
22:05:36  INFO      attacks.neurotoxin_client — Neurotoxin client [50] round 188: poisoned 132/266 samples (target=0, masked=True).
22:06:03  INFO      datasets.backdoor — BackdoorDataset: 131 / 266 samples poisoned (target=0, fraction=0.500, seed=254).
22:06:06  INFO      attacks.neurotoxin_client — Neurotoxin client [61] round 189: poisoned 131/266 samples (target=0, masked=True).
22:06:13  INFO      datasets.backdoor — BackdoorDataset: 133 / 267 samples poisoned (target=0, fraction=0.500, seed=231).
22:06:16  INFO      attacks.neurotoxin_client — Neurotoxin client [38] round 189: poisoned 133/267 samples (target=0, masked=True).
22:07:20  INFO      experiment.runner — Round  191/200  |  acc:  92.49%  loss: 0.3274  |  ASR:  19.80%  asr_loss: 15.5785  |  mF1: 88.8%
22:07:26  INFO      datasets.backdoor — BackdoorDataset: 133 / 267 samples poisoned (target=0, fraction=0.500, seed=225).
22:07:29  INFO      attacks.neurotoxin_client — Neurotoxin client [30] round 191: poisoned 133/267 samples (target=0, masked=True).
22:07:38  INFO      datasets.backdoor — BackdoorDataset: 132 / 267 samples poisoned (target=0, fraction=0.500, seed=214).
22:07:41  INFO      attacks.neurotoxin_client — Neurotoxin client [19] round 191: poisoned 132/267 samples (target=0, masked=True).
22:08:20  INFO      datasets.backdoor — BackdoorDataset: 132 / 266 samples poisoned (target=0, fraction=0.500, seed=246).
22:08:23  INFO      attacks.neurotoxin_client — Neurotoxin client [50] round 192: poisoned 132/266 samples (target=0, masked=True).
22:08:47  INFO      datasets.backdoor — BackdoorDataset: 132 / 267 samples poisoned (target=0, fraction=0.500, seed=216).
22:08:50  INFO      attacks.neurotoxin_client — Neurotoxin client [19] round 193: poisoned 132/267 samples (target=0, masked=True).
22:08:50  INFO      datasets.backdoor — BackdoorDataset: 133 / 267 samples poisoned (target=0, fraction=0.500, seed=205).
22:08:53  INFO      attacks.neurotoxin_client — Neurotoxin client [8] round 193: poisoned 133/267 samples (target=0, masked=True).
22:10:04  INFO      datasets.backdoor — BackdoorDataset: 133 / 267 samples poisoned (target=0, fraction=0.500, seed=202).
22:10:07  INFO      attacks.neurotoxin_client — Neurotoxin client [2] round 196: poisoned 133/267 samples (target=0, masked=True).
22:10:16  INFO      datasets.backdoor — BackdoorDataset: 132 / 266 samples poisoned (target=0, fraction=0.500, seed=250).
22:10:19  INFO      attacks.neurotoxin_client — Neurotoxin client [50] round 196: poisoned 132/266 samples (target=0, masked=True).
22:10:19  INFO      datasets.backdoor — BackdoorDataset: 133 / 267 samples poisoned (target=0, fraction=0.500, seed=238).
22:10:23  INFO      attacks.neurotoxin_client — Neurotoxin client [38] round 196: poisoned 133/267 samples (target=0, masked=True).
22:10:37  INFO      datasets.backdoor — BackdoorDataset: 132 / 267 samples poisoned (target=0, fraction=0.500, seed=214).
22:10:41  INFO      attacks.neurotoxin_client — Neurotoxin client [13] round 197: poisoned 132/267 samples (target=0, masked=True).
22:10:41  INFO      datasets.backdoor — BackdoorDataset: 133 / 267 samples poisoned (target=0, fraction=0.500, seed=231).
22:10:45  INFO      attacks.neurotoxin_client — Neurotoxin client [30] round 197: poisoned 133/267 samples (target=0, masked=True).
22:10:52  INFO      datasets.backdoor — BackdoorDataset: 132 / 266 samples poisoned (target=0, fraction=0.500, seed=251).
22:10:55  INFO      attacks.neurotoxin_client — Neurotoxin client [50] round 197: poisoned 132/266 samples (target=0, masked=True).
22:10:58  INFO      datasets.backdoor — BackdoorDataset: 133 / 266 samples poisoned (target=0, fraction=0.500, seed=293).
22:11:01  INFO      attacks.neurotoxin_client — Neurotoxin client [92] round 197: poisoned 133/266 samples (target=0, masked=True).
22:11:19  INFO      datasets.backdoor — BackdoorDataset: 133 / 267 samples poisoned (target=0, fraction=0.500, seed=210).
22:11:22  INFO      attacks.neurotoxin_client — Neurotoxin client [8] round 198: poisoned 133/267 samples (target=0, masked=True).
22:12:06  INFO      datasets.backdoor — BackdoorDataset: 133 / 266 samples poisoned (target=0, fraction=0.500, seed=295).
22:12:09  INFO      attacks.neurotoxin_client — Neurotoxin client [92] round 199: poisoned 133/266 samples (target=0, masked=True).
22:12:10  INFO      datasets.backdoor — BackdoorDataset: 132 / 266 samples poisoned (target=0, fraction=0.500, seed=253).
22:12:13  INFO      attacks.neurotoxin_client — Neurotoxin client [50] round 199: poisoned 132/266 samples (target=0, masked=True).
22:12:24  INFO      experiment.runner — Round  200/200  |  acc:  92.73%  loss: 0.3172  |  ASR:  33.29%  asr_loss: 12.2385  |  mF1: 89.1%
22:12:24  INFO      experiment.runner — Final model saved to results/benchmark/gtsrb_neurotoxin_nnm_krum_seed4/final_model.pt
22:12:24  INFO      experiment.runner — Client atypicality written to results/benchmark/gtsrb_neurotoxin_nnm_krum_seed4/client_atypicality.json
22:12:24  INFO      experiment.runner — Client inclusion rates written to results/benchmark/gtsrb_neurotoxin_nnm_krum_seed4/client_inclusion.csv
22:12:24  INFO      benchmark — ✓  gtsrb_neurotoxin_nnm_krum_seed4  (110.0 min)
22:12:24  INFO      benchmark — ▶  gtsrb_neurotoxin_nnm_krum_seed5
22:12:24  INFO      experiment.runner — Initialising 'gtsrb_neurotoxin_nnm_krum_seed5' | device=cuda | rounds=200 | clients=10/100 | attack=neurotoxin | defense=nnm
22:12:24  INFO      defenses.nnm — NNMServer — f=1  base_rule=krum
22:12:27  INFO      experiment.utils — Built 100 clients — 10 malicious, 90 benign.
22:12:27  INFO      datasets.backdoor — BackdoorDataset: 12570 / 12570 samples poisoned (target=0, fraction=1.000, seed=0).
22:12:27  INFO      experiment.runner — Setup complete — 100 clients (10 malicious) | backdoor eval: static-trigger

==============================================================
  Summary — 21 rounds evaluated
==============================================================
  Final clean accuracy               92.73%
  Best  clean accuracy               92.73%
  Final clean loss                   0.3172
  Macro F1                           89.13%
  Final ASR                          33.29%
  Mean ASR (attack window)            6.08%
  Max  ASR (attack window)           33.29%
==============================================================

22:13:14  INFO      experiment.runner — Round    1/200  |  acc:   5.75%  loss: 3.5421  |  ASR:   0.00%  asr_loss: 4.5279  |  mF1: 1.0%
22:18:52  INFO      experiment.runner — Round   11/200  |  acc:  42.52%  loss: 2.1146  |  ASR:   0.00%  asr_loss: 12.9113  |  mF1: 28.5%
22:24:31  INFO      experiment.runner — Round   21/200  |  acc:  63.28%  loss: 1.2761  |  ASR:   0.30%  asr_loss: 18.4019  |  mF1: 55.1%
22:30:19  INFO      experiment.runner — Round   31/200  |  acc:  75.12%  loss: 0.9224  |  ASR:   0.04%  asr_loss: 22.3229  |  mF1: 68.7%
22:35:55  INFO      experiment.runner — Round   41/200  |  acc:  80.66%  loss: 0.6820  |  ASR:   0.54%  asr_loss: 18.0638  |  mF1: 74.1%
22:41:00  INFO      datasets.backdoor — BackdoorDataset: 133 / 267 samples poisoned (target=0, fraction=0.500, seed=58).
22:41:05  INFO      attacks.neurotoxin_client — Neurotoxin client [3] round 50: poisoned 133/267 samples (target=0, masked=True).
22:41:29  INFO      experiment.runner — Round   51/200  |  acc:  84.07%  loss: 0.5965  |  ASR:   0.10%  asr_loss: 22.7057  |  mF1: 78.7%
22:42:27  INFO      datasets.backdoor — BackdoorDataset: 131 / 266 samples poisoned (target=0, fraction=0.500, seed=136).
22:42:30  INFO      attacks.neurotoxin_client — Neurotoxin client [79] round 52: poisoned 131/266 samples (target=0, masked=True).
22:43:18  INFO      datasets.backdoor — BackdoorDataset: 131 / 266 samples poisoned (target=0, fraction=0.500, seed=138).
22:43:22  INFO      attacks.neurotoxin_client — Neurotoxin client [79] round 54: poisoned 131/266 samples (target=0, masked=True).
22:43:49  INFO      datasets.backdoor — BackdoorDataset: 131 / 266 samples poisoned (target=0, fraction=0.500, seed=105).
22:43:52  INFO      attacks.neurotoxin_client — Neurotoxin client [45] round 55: poisoned 131/266 samples (target=0, masked=True).
22:43:53  INFO      datasets.backdoor — BackdoorDataset: 132 / 266 samples poisoned (target=0, fraction=0.500, seed=143).
22:43:56  INFO      attacks.neurotoxin_client — Neurotoxin client [83] round 55: poisoned 132/266 samples (target=0, masked=True).
22:44:42  INFO      datasets.backdoor — BackdoorDataset: 131 / 266 samples poisoned (target=0, fraction=0.500, seed=140).
22:44:45  INFO      attacks.neurotoxin_client — Neurotoxin client [79] round 56: poisoned 131/266 samples (target=0, masked=True).
22:45:01  INFO      datasets.backdoor — BackdoorDataset: 133 / 267 samples poisoned (target=0, fraction=0.500, seed=94).
22:45:04  INFO      attacks.neurotoxin_client — Neurotoxin client [32] round 57: poisoned 133/267 samples (target=0, masked=True).
22:45:25  INFO      datasets.backdoor — BackdoorDataset: 132 / 266 samples poisoned (target=0, fraction=0.500, seed=157).
22:45:29  INFO      attacks.neurotoxin_client — Neurotoxin client [94] round 58: poisoned 132/266 samples (target=0, masked=True).
22:45:44  INFO      datasets.backdoor — BackdoorDataset: 132 / 266 samples poisoned (target=0, fraction=0.500, seed=146).
22:45:47  INFO      attacks.neurotoxin_client — Neurotoxin client [83] round 58: poisoned 132/266 samples (target=0, masked=True).
22:46:28  INFO      datasets.backdoor — BackdoorDataset: 133 / 266 samples poisoned (target=0, fraction=0.500, seed=124).
22:46:31  INFO      attacks.neurotoxin_client — Neurotoxin client [59] round 60: poisoned 133/266 samples (target=0, masked=True).
22:46:41  INFO      datasets.backdoor — BackdoorDataset: 132 / 266 samples poisoned (target=0, fraction=0.500, seed=132).
22:46:44  INFO      attacks.neurotoxin_client — Neurotoxin client [67] round 60: poisoned 132/266 samples (target=0, masked=True).
22:46:44  INFO      datasets.backdoor — BackdoorDataset: 133 / 267 samples poisoned (target=0, fraction=0.500, seed=68).
22:46:47  INFO      attacks.neurotoxin_client — Neurotoxin client [3] round 60: poisoned 133/267 samples (target=0, masked=True).
22:47:12  INFO      experiment.runner — Round   61/200  |  acc:  87.19%  loss: 0.4841  |  ASR:   0.18%  asr_loss: 19.2823  |  mF1: 82.9%
22:47:53  INFO      datasets.backdoor — BackdoorDataset: 131 / 266 samples poisoned (target=0, fraction=0.500, seed=146).
22:47:56  INFO      attacks.neurotoxin_client — Neurotoxin client [79] round 62: poisoned 131/266 samples (target=0, masked=True).
22:48:00  INFO      datasets.backdoor — BackdoorDataset: 131 / 266 samples poisoned (target=0, fraction=0.500, seed=112).
22:48:03  INFO      attacks.neurotoxin_client — Neurotoxin client [45] round 62: poisoned 131/266 samples (target=0, masked=True).
22:48:37  INFO      datasets.backdoor — BackdoorDataset: 131 / 266 samples poisoned (target=0, fraction=0.500, seed=113).
22:48:40  INFO      attacks.neurotoxin_client — Neurotoxin client [45] round 63: poisoned 131/266 samples (target=0, masked=True).
22:49:12  INFO      datasets.backdoor — BackdoorDataset: 132 / 266 samples poisoned (target=0, fraction=0.500, seed=163).
22:49:15  INFO      attacks.neurotoxin_client — Neurotoxin client [94] round 64: poisoned 132/266 samples (target=0, masked=True).
22:50:11  INFO      datasets.backdoor — BackdoorDataset: 131 / 266 samples poisoned (target=0, fraction=0.500, seed=150).
22:50:15  INFO      attacks.neurotoxin_client — Neurotoxin client [79] round 66: poisoned 131/266 samples (target=0, masked=True).
22:50:19  INFO      datasets.backdoor — BackdoorDataset: 133 / 266 samples poisoned (target=0, fraction=0.500, seed=130).
22:50:22  INFO      attacks.neurotoxin_client — Neurotoxin client [59] round 66: poisoned 133/266 samples (target=0, masked=True).
22:50:33  INFO      datasets.backdoor — BackdoorDataset: 132 / 266 samples poisoned (target=0, fraction=0.500, seed=155).
22:50:38  INFO      attacks.neurotoxin_client — Neurotoxin client [83] round 67: poisoned 132/266 samples (target=0, masked=True).
22:51:02  INFO      datasets.backdoor — BackdoorDataset: 133 / 267 samples poisoned (target=0, fraction=0.500, seed=104).
22:51:05  INFO      attacks.neurotoxin_client — Neurotoxin client [32] round 67: poisoned 133/267 samples (target=0, masked=True).
22:51:47  INFO      datasets.backdoor — BackdoorDataset: 133 / 266 samples poisoned (target=0, fraction=0.500, seed=162).
22:51:50  INFO      attacks.neurotoxin_client — Neurotoxin client [88] round 69: poisoned 133/266 samples (target=0, masked=True).
22:52:52  INFO      experiment.runner — Round   71/200  |  acc:  87.85%  loss: 0.4647  |  ASR:   0.05%  asr_loss: 21.4904  |  mF1: 83.2%
22:52:53  INFO      datasets.backdoor — BackdoorDataset: 133 / 267 samples poisoned (target=0, fraction=0.500, seed=79).
22:52:56  INFO      attacks.neurotoxin_client — Neurotoxin client [3] round 71: poisoned 133/267 samples (target=0, masked=True).
22:53:09  INFO      datasets.backdoor — BackdoorDataset: 131 / 266 samples poisoned (target=0, fraction=0.500, seed=155).
22:53:12  INFO      attacks.neurotoxin_client — Neurotoxin client [79] round 71: poisoned 131/266 samples (target=0, masked=True).
22:53:31  INFO      datasets.backdoor — BackdoorDataset: 133 / 266 samples poisoned (target=0, fraction=0.500, seed=136).
22:53:35  INFO      attacks.neurotoxin_client — Neurotoxin client [59] round 72: poisoned 133/266 samples (target=0, masked=True).
22:53:56  INFO      datasets.backdoor — BackdoorDataset: 132 / 266 samples poisoned (target=0, fraction=0.500, seed=176).
22:54:00  INFO      attacks.neurotoxin_client — Neurotoxin client [99] round 72: poisoned 132/266 samples (target=0, masked=True).
22:54:34  INFO      datasets.backdoor — BackdoorDataset: 133 / 266 samples poisoned (target=0, fraction=0.500, seed=138).
22:54:38  INFO      attacks.neurotoxin_client — Neurotoxin client [59] round 74: poisoned 133/266 samples (target=0, masked=True).
22:54:45  INFO      datasets.backdoor — BackdoorDataset: 132 / 266 samples poisoned (target=0, fraction=0.500, seed=178).
22:54:49  INFO      attacks.neurotoxin_client — Neurotoxin client [99] round 74: poisoned 132/266 samples (target=0, masked=True).
22:56:04  INFO      datasets.backdoor — BackdoorDataset: 133 / 267 samples poisoned (target=0, fraction=0.500, seed=113).
22:56:08  INFO      attacks.neurotoxin_client — Neurotoxin client [32] round 76: poisoned 133/267 samples (target=0, masked=True).
22:57:25  INFO      datasets.backdoor — BackdoorDataset: 131 / 266 samples poisoned (target=0, fraction=0.500, seed=163).
22:57:28  INFO      attacks.neurotoxin_client — Neurotoxin client [79] round 79: poisoned 131/266 samples (target=0, masked=True).
22:57:38  INFO      datasets.backdoor — BackdoorDataset: 131 / 266 samples poisoned (target=0, fraction=0.500, seed=129).
22:57:41  INFO      attacks.neurotoxin_client — Neurotoxin client [45] round 79: poisoned 131/266 samples (target=0, masked=True).
22:58:30  INFO      experiment.runner — Round   81/200  |  acc:  89.35%  loss: 0.4234  |  ASR:   0.18%  asr_loss: 20.1268  |  mF1: 85.3%
22:58:30  INFO      datasets.backdoor — BackdoorDataset: 133 / 266 samples poisoned (target=0, fraction=0.500, seed=174).
22:58:33  INFO      attacks.neurotoxin_client — Neurotoxin client [88] round 81: poisoned 133/266 samples (target=0, masked=True).
22:59:02  INFO      datasets.backdoor — BackdoorDataset: 132 / 266 samples poisoned (target=0, fraction=0.500, seed=185).
22:59:05  INFO      attacks.neurotoxin_client — Neurotoxin client [99] round 81: poisoned 132/266 samples (target=0, masked=True).
23:00:59  INFO      datasets.backdoor — BackdoorDataset: 132 / 266 samples poisoned (target=0, fraction=0.500, seed=173).
23:01:02  INFO      attacks.neurotoxin_client — Neurotoxin client [83] round 85: poisoned 132/266 samples (target=0, masked=True).
23:01:11  INFO      datasets.backdoor — BackdoorDataset: 133 / 267 samples poisoned (target=0, fraction=0.500, seed=93).
23:01:14  INFO      attacks.neurotoxin_client — Neurotoxin client [3] round 85: poisoned 133/267 samples (target=0, masked=True).
23:01:21  INFO      datasets.backdoor — BackdoorDataset: 133 / 266 samples poisoned (target=0, fraction=0.500, seed=179).
23:01:24  INFO      attacks.neurotoxin_client — Neurotoxin client [88] round 86: poisoned 133/266 samples (target=0, masked=True).
23:01:25  INFO      datasets.backdoor — BackdoorDataset: 132 / 266 samples poisoned (target=0, fraction=0.500, seed=174).
23:01:28  INFO      attacks.neurotoxin_client — Neurotoxin client [83] round 86: poisoned 132/266 samples (target=0, masked=True).
23:02:46  INFO      datasets.backdoor — BackdoorDataset: 132 / 266 samples poisoned (target=0, fraction=0.500, seed=187).
23:02:50  INFO      attacks.neurotoxin_client — Neurotoxin client [94] round 88: poisoned 132/266 samples (target=0, masked=True).
23:02:54  INFO      datasets.backdoor — BackdoorDataset: 133 / 267 samples poisoned (target=0, fraction=0.500, seed=97).
23:02:57  INFO      attacks.neurotoxin_client — Neurotoxin client [3] round 89: poisoned 133/267 samples (target=0, masked=True).
23:03:06  INFO      datasets.backdoor — BackdoorDataset: 131 / 266 samples poisoned (target=0, fraction=0.500, seed=139).
23:03:09  INFO      attacks.neurotoxin_client — Neurotoxin client [45] round 89: poisoned 131/266 samples (target=0, masked=True).
23:03:25  INFO      datasets.backdoor — BackdoorDataset: 132 / 266 samples poisoned (target=0, fraction=0.500, seed=162).
23:03:28  INFO      attacks.neurotoxin_client — Neurotoxin client [67] round 90: poisoned 132/266 samples (target=0, masked=True).
23:03:48  INFO      datasets.backdoor — BackdoorDataset: 131 / 266 samples poisoned (target=0, fraction=0.500, seed=140).
23:03:51  INFO      attacks.neurotoxin_client — Neurotoxin client [45] round 90: poisoned 131/266 samples (target=0, masked=True).
23:04:12  INFO      experiment.runner — Round   91/200  |  acc:  89.38%  loss: 0.4105  |  ASR:   0.13%  asr_loss: 21.7968  |  mF1: 85.1%
23:04:12  INFO      datasets.backdoor — BackdoorDataset: 131 / 266 samples poisoned (target=0, fraction=0.500, seed=175).
23:04:16  INFO      attacks.neurotoxin_client — Neurotoxin client [79] round 91: poisoned 131/266 samples (target=0, masked=True).
23:04:28  INFO      datasets.backdoor — BackdoorDataset: 132 / 266 samples poisoned (target=0, fraction=0.500, seed=163).
23:04:32  INFO      attacks.neurotoxin_client — Neurotoxin client [67] round 91: poisoned 132/266 samples (target=0, masked=True).
23:05:15  INFO      datasets.backdoor — BackdoorDataset: 133 / 266 samples poisoned (target=0, fraction=0.500, seed=156).
23:05:19  INFO      attacks.neurotoxin_client — Neurotoxin client [59] round 92: poisoned 133/266 samples (target=0, masked=True).
23:06:35  INFO      datasets.backdoor — BackdoorDataset: 131 / 266 samples poisoned (target=0, fraction=0.500, seed=145).
23:06:38  INFO      attacks.neurotoxin_client — Neurotoxin client [45] round 95: poisoned 131/266 samples (target=0, masked=True).
23:06:41  INFO      datasets.backdoor — BackdoorDataset: 133 / 266 samples poisoned (target=0, fraction=0.500, seed=159).
23:06:45  INFO      attacks.neurotoxin_client — Neurotoxin client [59] round 95: poisoned 133/266 samples (target=0, masked=True).
23:07:08  INFO      datasets.backdoor — BackdoorDataset: 131 / 266 samples poisoned (target=0, fraction=0.500, seed=146).
23:07:12  INFO      attacks.neurotoxin_client — Neurotoxin client [45] round 96: poisoned 131/266 samples (target=0, masked=True).
23:07:34  INFO      datasets.backdoor — BackdoorDataset: 131 / 266 samples poisoned (target=0, fraction=0.500, seed=181).
23:07:37  INFO      attacks.neurotoxin_client — Neurotoxin client [79] round 97: poisoned 131/266 samples (target=0, masked=True).
23:08:42  INFO      datasets.backdoor — BackdoorDataset: 131 / 266 samples poisoned (target=0, fraction=0.500, seed=183).
23:08:45  INFO      attacks.neurotoxin_client — Neurotoxin client [79] round 99: poisoned 131/266 samples (target=0, masked=True).
23:08:54  INFO      datasets.backdoor — BackdoorDataset: 133 / 266 samples poisoned (target=0, fraction=0.500, seed=192).
23:08:58  INFO      attacks.neurotoxin_client — Neurotoxin client [88] round 99: poisoned 133/266 samples (target=0, masked=True).
23:09:16  INFO      datasets.backdoor — BackdoorDataset: 131 / 266 samples poisoned (target=0, fraction=0.500, seed=184).
23:09:19  INFO      attacks.neurotoxin_client — Neurotoxin client [79] round 100: poisoned 131/266 samples (target=0, masked=True).
23:09:34  INFO      datasets.backdoor — BackdoorDataset: 133 / 267 samples poisoned (target=0, fraction=0.500, seed=108).
23:09:38  INFO      attacks.neurotoxin_client — Neurotoxin client [3] round 100: poisoned 133/267 samples (target=0, masked=True).
23:09:48  INFO      experiment.runner — Round  101/200  |  acc:  90.13%  loss: 0.3996  |  ASR:   0.39%  asr_loss: 21.7505  |  mF1: 86.1%
23:10:17  INFO      datasets.backdoor — BackdoorDataset: 133 / 266 samples poisoned (target=0, fraction=0.500, seed=194).
23:10:20  INFO      attacks.neurotoxin_client — Neurotoxin client [88] round 101: poisoned 133/266 samples (target=0, masked=True).
23:10:30  INFO      datasets.backdoor — BackdoorDataset: 133 / 266 samples poisoned (target=0, fraction=0.500, seed=195).
23:10:33  INFO      attacks.neurotoxin_client — Neurotoxin client [88] round 102: poisoned 133/266 samples (target=0, masked=True).
23:11:24  INFO      datasets.backdoor — BackdoorDataset: 133 / 267 samples poisoned (target=0, fraction=0.500, seed=111).
23:11:28  INFO      attacks.neurotoxin_client — Neurotoxin client [3] round 103: poisoned 133/267 samples (target=0, masked=True).
23:11:32  INFO      datasets.backdoor — BackdoorDataset: 132 / 266 samples poisoned (target=0, fraction=0.500, seed=208).
23:11:35  INFO      attacks.neurotoxin_client — Neurotoxin client [99] round 104: poisoned 132/266 samples (target=0, masked=True).
23:11:35  INFO      datasets.backdoor — BackdoorDataset: 131 / 266 samples poisoned (target=0, fraction=0.500, seed=154).
23:11:38  INFO      attacks.neurotoxin_client — Neurotoxin client [45] round 104: poisoned 131/266 samples (target=0, masked=True).
23:12:31  INFO      datasets.backdoor — BackdoorDataset: 133 / 266 samples poisoned (target=0, fraction=0.500, seed=198).
23:12:34  INFO      attacks.neurotoxin_client — Neurotoxin client [88] round 105: poisoned 133/266 samples (target=0, masked=True).
23:12:35  INFO      datasets.backdoor — BackdoorDataset: 132 / 266 samples poisoned (target=0, fraction=0.500, seed=205).
23:12:38  INFO      attacks.neurotoxin_client — Neurotoxin client [94] round 106: poisoned 132/266 samples (target=0, masked=True).
23:13:39  INFO      datasets.backdoor — BackdoorDataset: 132 / 266 samples poisoned (target=0, fraction=0.500, seed=196).
23:13:41  INFO      attacks.neurotoxin_client — Neurotoxin client [83] round 108: poisoned 132/266 samples (target=0, masked=True).
23:13:42  INFO      datasets.backdoor — BackdoorDataset: 132 / 266 samples poisoned (target=0, fraction=0.500, seed=180).
23:13:45  INFO      attacks.neurotoxin_client — Neurotoxin client [67] round 108: poisoned 132/266 samples (target=0, masked=True).
23:14:02  INFO      datasets.backdoor — BackdoorDataset: 133 / 266 samples poisoned (target=0, fraction=0.500, seed=201).
23:14:06  INFO      attacks.neurotoxin_client — Neurotoxin client [88] round 108: poisoned 133/266 samples (target=0, masked=True).
23:14:10  INFO      datasets.backdoor — BackdoorDataset: 133 / 266 samples poisoned (target=0, fraction=0.500, seed=202).
23:14:14  INFO      attacks.neurotoxin_client — Neurotoxin client [88] round 109: poisoned 133/266 samples (target=0, masked=True).
23:14:41  INFO      datasets.backdoor — BackdoorDataset: 131 / 266 samples poisoned (target=0, fraction=0.500, seed=193).
23:14:44  INFO      attacks.neurotoxin_client — Neurotoxin client [79] round 109: poisoned 131/266 samples (target=0, masked=True).
23:15:06  INFO      datasets.backdoor — BackdoorDataset: 132 / 266 samples poisoned (target=0, fraction=0.500, seed=198).
23:15:09  INFO      attacks.neurotoxin_client — Neurotoxin client [83] round 110: poisoned 132/266 samples (target=0, masked=True).
23:15:26  INFO      experiment.runner — Round  111/200  |  acc:  90.10%  loss: 0.3914  |  ASR:   1.46%  asr_loss: 20.2733  |  mF1: 86.6%
23:16:01  INFO      datasets.backdoor — BackdoorDataset: 132 / 266 samples poisoned (target=0, fraction=0.500, seed=184).
23:16:04  INFO      attacks.neurotoxin_client — Neurotoxin client [67] round 112: poisoned 132/266 samples (target=0, masked=True).
23:16:36  INFO      datasets.backdoor — BackdoorDataset: 133 / 267 samples poisoned (target=0, fraction=0.500, seed=121).
23:16:40  INFO      attacks.neurotoxin_client — Neurotoxin client [3] round 113: poisoned 133/267 samples (target=0, masked=True).
23:17:19  INFO      datasets.backdoor — BackdoorDataset: 133 / 266 samples poisoned (target=0, fraction=0.500, seed=207).
23:17:22  INFO      attacks.neurotoxin_client — Neurotoxin client [88] round 114: poisoned 133/266 samples (target=0, masked=True).
23:17:58  INFO      datasets.backdoor — BackdoorDataset: 133 / 266 samples poisoned (target=0, fraction=0.500, seed=179).
23:18:01  INFO      attacks.neurotoxin_client — Neurotoxin client [59] round 115: poisoned 133/266 samples (target=0, masked=True).
23:19:06  INFO      datasets.backdoor — BackdoorDataset: 132 / 266 samples poisoned (target=0, fraction=0.500, seed=216).
23:19:10  INFO      attacks.neurotoxin_client — Neurotoxin client [94] round 117: poisoned 132/266 samples (target=0, masked=True).
23:20:24  INFO      datasets.backdoor — BackdoorDataset: 133 / 266 samples poisoned (target=0, fraction=0.500, seed=184).
23:20:29  INFO      attacks.neurotoxin_client — Neurotoxin client [59] round 120: poisoned 133/266 samples (target=0, masked=True).
23:21:06  INFO      experiment.runner — Round  121/200  |  acc:  90.55%  loss: 0.3855  |  ASR:   0.68%  asr_loss: 22.6462  |  mF1: 86.9%
23:21:50  INFO      datasets.backdoor — BackdoorDataset: 131 / 266 samples poisoned (target=0, fraction=0.500, seed=172).
23:21:54  INFO      attacks.neurotoxin_client — Neurotoxin client [45] round 122: poisoned 131/266 samples (target=0, masked=True).
23:21:57  INFO      datasets.backdoor — BackdoorDataset: 132 / 266 samples poisoned (target=0, fraction=0.500, seed=221).
23:22:00  INFO      attacks.neurotoxin_client — Neurotoxin client [94] round 122: poisoned 132/266 samples (target=0, masked=True).
23:23:59  INFO      datasets.backdoor — BackdoorDataset: 131 / 266 samples poisoned (target=0, fraction=0.500, seed=176).
23:24:02  INFO      attacks.neurotoxin_client — Neurotoxin client [45] round 126: poisoned 131/266 samples (target=0, masked=True).
23:24:24  INFO      datasets.backdoor — BackdoorDataset: 133 / 267 samples poisoned (target=0, fraction=0.500, seed=164).
23:24:27  INFO      attacks.neurotoxin_client — Neurotoxin client [32] round 127: poisoned 133/267 samples (target=0, masked=True).
23:25:40  INFO      datasets.backdoor — BackdoorDataset: 132 / 266 samples poisoned (target=0, fraction=0.500, seed=233).
23:25:43  INFO      attacks.neurotoxin_client — Neurotoxin client [99] round 129: poisoned 132/266 samples (target=0, masked=True).
23:26:01  INFO      datasets.backdoor — BackdoorDataset: 131 / 266 samples poisoned (target=0, fraction=0.500, seed=214).
23:26:05  INFO      attacks.neurotoxin_client — Neurotoxin client [79] round 130: poisoned 131/266 samples (target=0, masked=True).
23:26:19  INFO      datasets.backdoor — BackdoorDataset: 133 / 267 samples poisoned (target=0, fraction=0.500, seed=138).
23:26:22  INFO      attacks.neurotoxin_client — Neurotoxin client [3] round 130: poisoned 133/267 samples (target=0, masked=True).
23:26:41  INFO      experiment.runner — Round  131/200  |  acc:  90.79%  loss: 0.3712  |  ASR:   1.59%  asr_loss: 23.0105  |  mF1: 87.9%
23:27:10  INFO      datasets.backdoor — BackdoorDataset: 132 / 266 samples poisoned (target=0, fraction=0.500, seed=235).
23:27:14  INFO      attacks.neurotoxin_client — Neurotoxin client [99] round 131: poisoned 132/266 samples (target=0, masked=True).
23:29:09  INFO      datasets.backdoor — BackdoorDataset: 133 / 266 samples poisoned (target=0, fraction=0.500, seed=199).
23:29:12  INFO      attacks.neurotoxin_client — Neurotoxin client [59] round 135: poisoned 133/266 samples (target=0, masked=True).
23:29:24  INFO      datasets.backdoor — BackdoorDataset: 131 / 266 samples poisoned (target=0, fraction=0.500, seed=219).
23:29:27  INFO      attacks.neurotoxin_client — Neurotoxin client [79] round 135: poisoned 131/266 samples (target=0, masked=True).
23:29:27  INFO      datasets.backdoor — BackdoorDataset: 133 / 267 samples poisoned (target=0, fraction=0.500, seed=144).
23:29:30  INFO      attacks.neurotoxin_client — Neurotoxin client [3] round 136: poisoned 133/267 samples (target=0, masked=True).
23:29:51  INFO      datasets.backdoor — BackdoorDataset: 132 / 266 samples poisoned (target=0, fraction=0.500, seed=224).
23:29:55  INFO      attacks.neurotoxin_client — Neurotoxin client [83] round 136: poisoned 132/266 samples (target=0, masked=True).
23:30:02  INFO      datasets.backdoor — BackdoorDataset: 132 / 266 samples poisoned (target=0, fraction=0.500, seed=241).
23:30:07  INFO      attacks.neurotoxin_client — Neurotoxin client [99] round 137: poisoned 132/266 samples (target=0, masked=True).
23:32:25  INFO      experiment.runner — Round  141/200  |  acc:  91.60%  loss: 0.3378  |  ASR:   2.24%  asr_loss: 21.5003  |  mF1: 88.3%
23:32:43  INFO      datasets.backdoor — BackdoorDataset: 133 / 266 samples poisoned (target=0, fraction=0.500, seed=234).
23:32:46  INFO      attacks.neurotoxin_client — Neurotoxin client [88] round 141: poisoned 133/266 samples (target=0, masked=True).
23:32:52  INFO      datasets.backdoor — BackdoorDataset: 132 / 266 samples poisoned (target=0, fraction=0.500, seed=245).
23:32:56  INFO      attacks.neurotoxin_client — Neurotoxin client [99] round 141: poisoned 132/266 samples (target=0, masked=True).
23:33:16  INFO      datasets.backdoor — BackdoorDataset: 132 / 266 samples poisoned (target=0, fraction=0.500, seed=230).
23:33:19  INFO      attacks.neurotoxin_client — Neurotoxin client [83] round 142: poisoned 132/266 samples (target=0, masked=True).
23:33:29  INFO      datasets.backdoor — BackdoorDataset: 132 / 266 samples poisoned (target=0, fraction=0.500, seed=215).
23:33:33  INFO      attacks.neurotoxin_client — Neurotoxin client [67] round 143: poisoned 132/266 samples (target=0, masked=True).
23:34:20  INFO      datasets.backdoor — BackdoorDataset: 132 / 266 samples poisoned (target=0, fraction=0.500, seed=243).
23:34:23  INFO      attacks.neurotoxin_client — Neurotoxin client [94] round 144: poisoned 132/266 samples (target=0, masked=True).
23:34:26  INFO      datasets.backdoor — BackdoorDataset: 132 / 266 samples poisoned (target=0, fraction=0.500, seed=216).
23:34:29  INFO      attacks.neurotoxin_client — Neurotoxin client [67] round 144: poisoned 132/266 samples (target=0, masked=True).
23:34:30  INFO      datasets.backdoor — BackdoorDataset: 131 / 266 samples poisoned (target=0, fraction=0.500, seed=228).
23:34:33  INFO      attacks.neurotoxin_client — Neurotoxin client [79] round 144: poisoned 131/266 samples (target=0, masked=True).
23:35:30  INFO      datasets.backdoor — BackdoorDataset: 132 / 266 samples poisoned (target=0, fraction=0.500, seed=245).
23:35:34  INFO      attacks.neurotoxin_client — Neurotoxin client [94] round 146: poisoned 132/266 samples (target=0, masked=True).
23:36:00  INFO      datasets.backdoor — BackdoorDataset: 132 / 266 samples poisoned (target=0, fraction=0.500, seed=246).
23:36:03  INFO      attacks.neurotoxin_client — Neurotoxin client [94] round 147: poisoned 132/266 samples (target=0, masked=True).
23:36:07  INFO      datasets.backdoor — BackdoorDataset: 133 / 267 samples poisoned (target=0, fraction=0.500, seed=184).
23:36:10  INFO      attacks.neurotoxin_client — Neurotoxin client [32] round 147: poisoned 133/267 samples (target=0, masked=True).
23:36:10  INFO      datasets.backdoor — BackdoorDataset: 133 / 267 samples poisoned (target=0, fraction=0.500, seed=155).
23:36:14  INFO      attacks.neurotoxin_client — Neurotoxin client [3] round 147: poisoned 133/267 samples (target=0, masked=True).
23:36:17  INFO      datasets.backdoor — BackdoorDataset: 133 / 267 samples poisoned (target=0, fraction=0.500, seed=185).
23:36:20  INFO      attacks.neurotoxin_client — Neurotoxin client [32] round 148: poisoned 133/267 samples (target=0, masked=True).
23:37:08  INFO      datasets.backdoor — BackdoorDataset: 132 / 266 samples poisoned (target=0, fraction=0.500, seed=248).
23:37:11  INFO      attacks.neurotoxin_client — Neurotoxin client [94] round 149: poisoned 132/266 samples (target=0, masked=True).
23:37:11  INFO      datasets.backdoor — BackdoorDataset: 131 / 266 samples poisoned (target=0, fraction=0.500, seed=199).
23:37:14  INFO      attacks.neurotoxin_client — Neurotoxin client [45] round 149: poisoned 131/266 samples (target=0, masked=True).
23:37:31  INFO      datasets.backdoor — BackdoorDataset: 133 / 266 samples poisoned (target=0, fraction=0.500, seed=243).
23:37:34  INFO      attacks.neurotoxin_client — Neurotoxin client [88] round 150: poisoned 133/266 samples (target=0, masked=True).
23:37:44  INFO      datasets.backdoor — BackdoorDataset: 132 / 266 samples poisoned (target=0, fraction=0.500, seed=238).
23:37:47  INFO      attacks.neurotoxin_client — Neurotoxin client [83] round 150: poisoned 132/266 samples (target=0, masked=True).
23:37:48  INFO      datasets.backdoor — BackdoorDataset: 133 / 267 samples poisoned (target=0, fraction=0.500, seed=158).
23:37:52  INFO      attacks.neurotoxin_client — Neurotoxin client [3] round 150: poisoned 133/267 samples (target=0, masked=True).
23:38:13  INFO      experiment.runner — Round  151/200  |  acc:  91.24%  loss: 0.3704  |  ASR:  11.44%  asr_loss: 18.1177  |  mF1: 87.7%
23:38:19  INFO      datasets.backdoor — BackdoorDataset: 132 / 266 samples poisoned (target=0, fraction=0.500, seed=223).
23:38:22  INFO      attacks.neurotoxin_client — Neurotoxin client [67] round 151: poisoned 132/266 samples (target=0, masked=True).
23:39:17  INFO      datasets.backdoor — BackdoorDataset: 132 / 266 samples poisoned (target=0, fraction=0.500, seed=241).
23:39:20  INFO      attacks.neurotoxin_client — Neurotoxin client [83] round 153: poisoned 132/266 samples (target=0, masked=True).
23:39:20  INFO      datasets.backdoor — BackdoorDataset: 132 / 266 samples poisoned (target=0, fraction=0.500, seed=225).
23:39:23  INFO      attacks.neurotoxin_client — Neurotoxin client [67] round 153: poisoned 132/266 samples (target=0, masked=True).
23:40:25  INFO      datasets.backdoor — BackdoorDataset: 133 / 266 samples poisoned (target=0, fraction=0.500, seed=219).
23:40:28  INFO      attacks.neurotoxin_client — Neurotoxin client [59] round 155: poisoned 133/266 samples (target=0, masked=True).
23:40:35  INFO      datasets.backdoor — BackdoorDataset: 132 / 266 samples poisoned (target=0, fraction=0.500, seed=243).
23:40:38  INFO      attacks.neurotoxin_client — Neurotoxin client [83] round 155: poisoned 132/266 samples (target=0, masked=True).
23:41:07  INFO      datasets.backdoor — BackdoorDataset: 131 / 266 samples poisoned (target=0, fraction=0.500, seed=206).
23:41:10  INFO      attacks.neurotoxin_client — Neurotoxin client [45] round 156: poisoned 131/266 samples (target=0, masked=True).
23:41:22  INFO      datasets.backdoor — BackdoorDataset: 131 / 266 samples poisoned (target=0, fraction=0.500, seed=240).
23:41:25  INFO      attacks.neurotoxin_client — Neurotoxin client [79] round 156: poisoned 131/266 samples (target=0, masked=True).
23:41:29  INFO      datasets.backdoor — BackdoorDataset: 132 / 266 samples poisoned (target=0, fraction=0.500, seed=245).
23:41:32  INFO      attacks.neurotoxin_client — Neurotoxin client [83] round 157: poisoned 132/266 samples (target=0, masked=True).
23:42:58  INFO      datasets.backdoor — BackdoorDataset: 133 / 267 samples poisoned (target=0, fraction=0.500, seed=196).
23:43:02  INFO      attacks.neurotoxin_client — Neurotoxin client [32] round 159: poisoned 133/267 samples (target=0, masked=True).
23:43:24  INFO      datasets.backdoor — BackdoorDataset: 131 / 266 samples poisoned (target=0, fraction=0.500, seed=210).
23:43:27  INFO      attacks.neurotoxin_client — Neurotoxin client [45] round 160: poisoned 131/266 samples (target=0, masked=True).
23:43:52  INFO      experiment.runner — Round  161/200  |  acc:  91.80%  loss: 0.3388  |  ASR:  12.08%  asr_loss: 18.5091  |  mF1: 88.5%
23:44:02  INFO      datasets.backdoor — BackdoorDataset: 133 / 266 samples poisoned (target=0, fraction=0.500, seed=254).
23:44:05  INFO      attacks.neurotoxin_client — Neurotoxin client [88] round 161: poisoned 133/266 samples (target=0, masked=True).
23:44:38  INFO      datasets.backdoor — BackdoorDataset: 132 / 266 samples poisoned (target=0, fraction=0.500, seed=266).
23:44:42  INFO      attacks.neurotoxin_client — Neurotoxin client [99] round 162: poisoned 132/266 samples (target=0, masked=True).
23:45:49  INFO      datasets.backdoor — BackdoorDataset: 132 / 266 samples poisoned (target=0, fraction=0.500, seed=263).
23:45:52  INFO      attacks.neurotoxin_client — Neurotoxin client [94] round 164: poisoned 132/266 samples (target=0, masked=True).
23:45:58  INFO      datasets.backdoor — BackdoorDataset: 133 / 266 samples poisoned (target=0, fraction=0.500, seed=228).
23:46:01  INFO      attacks.neurotoxin_client — Neurotoxin client [59] round 164: poisoned 133/266 samples (target=0, masked=True).
23:46:13  INFO      datasets.backdoor — BackdoorDataset: 133 / 267 samples poisoned (target=0, fraction=0.500, seed=173).
23:46:17  INFO      attacks.neurotoxin_client — Neurotoxin client [3] round 165: poisoned 133/267 samples (target=0, masked=True).
23:46:26  INFO      datasets.backdoor — BackdoorDataset: 132 / 266 samples poisoned (target=0, fraction=0.500, seed=253).
23:46:30  INFO      attacks.neurotoxin_client — Neurotoxin client [83] round 165: poisoned 132/266 samples (target=0, masked=True).
23:46:49  INFO      datasets.backdoor — BackdoorDataset: 133 / 266 samples poisoned (target=0, fraction=0.500, seed=230).
23:46:54  INFO      attacks.neurotoxin_client — Neurotoxin client [59] round 166: poisoned 133/266 samples (target=0, masked=True).
23:47:29  INFO      datasets.backdoor — BackdoorDataset: 132 / 266 samples poisoned (target=0, fraction=0.500, seed=255).
23:47:32  INFO      attacks.neurotoxin_client — Neurotoxin client [83] round 167: poisoned 132/266 samples (target=0, masked=True).
23:48:41  INFO      datasets.backdoor — BackdoorDataset: 132 / 266 samples poisoned (target=0, fraction=0.500, seed=241).
23:48:45  INFO      attacks.neurotoxin_client — Neurotoxin client [67] round 169: poisoned 132/266 samples (target=0, masked=True).
23:49:01  INFO      datasets.backdoor — BackdoorDataset: 133 / 266 samples poisoned (target=0, fraction=0.500, seed=234).
23:49:04  INFO      attacks.neurotoxin_client — Neurotoxin client [59] round 170: poisoned 133/266 samples (target=0, masked=True).
23:49:21  INFO      datasets.backdoor — BackdoorDataset: 133 / 267 samples poisoned (target=0, fraction=0.500, seed=207).
23:49:25  INFO      attacks.neurotoxin_client — Neurotoxin client [32] round 170: poisoned 133/267 samples (target=0, masked=True).
23:49:34  INFO      experiment.runner — Round  171/200  |  acc:  91.86%  loss: 0.3383  |  ASR:  16.71%  asr_loss: 18.1226  |  mF1: 88.3%
23:49:46  INFO      datasets.backdoor — BackdoorDataset: 133 / 267 samples poisoned (target=0, fraction=0.500, seed=208).
23:49:49  INFO      attacks.neurotoxin_client — Neurotoxin client [32] round 171: poisoned 133/267 samples (target=0, masked=True).
23:50:28  INFO      datasets.backdoor — BackdoorDataset: 133 / 266 samples poisoned (target=0, fraction=0.500, seed=265).
23:50:31  INFO      attacks.neurotoxin_client — Neurotoxin client [88] round 172: poisoned 133/266 samples (target=0, masked=True).
23:51:07  INFO      datasets.backdoor — BackdoorDataset: 133 / 267 samples poisoned (target=0, fraction=0.500, seed=210).
23:51:10  INFO      attacks.neurotoxin_client — Neurotoxin client [32] round 173: poisoned 133/267 samples (target=0, masked=True).
23:51:11  INFO      datasets.backdoor — BackdoorDataset: 131 / 266 samples poisoned (target=0, fraction=0.500, seed=258).
23:51:15  INFO      attacks.neurotoxin_client — Neurotoxin client [79] round 174: poisoned 131/266 samples (target=0, masked=True).
23:51:16  INFO      datasets.backdoor — BackdoorDataset: 133 / 266 samples poisoned (target=0, fraction=0.500, seed=238).
23:51:19  INFO      attacks.neurotoxin_client — Neurotoxin client [59] round 174: poisoned 133/266 samples (target=0, masked=True).
23:51:43  INFO      datasets.backdoor — BackdoorDataset: 133 / 267 samples poisoned (target=0, fraction=0.500, seed=211).
23:51:46  INFO      attacks.neurotoxin_client — Neurotoxin client [32] round 174: poisoned 133/267 samples (target=0, masked=True).
23:51:50  INFO      datasets.backdoor — BackdoorDataset: 131 / 266 samples poisoned (target=0, fraction=0.500, seed=225).
23:51:54  INFO      attacks.neurotoxin_client — Neurotoxin client [45] round 175: poisoned 131/266 samples (target=0, masked=True).
23:52:20  INFO      datasets.backdoor — BackdoorDataset: 133 / 267 samples poisoned (target=0, fraction=0.500, seed=184).
23:52:24  INFO      attacks.neurotoxin_client — Neurotoxin client [3] round 176: poisoned 133/267 samples (target=0, masked=True).
23:53:07  INFO      datasets.backdoor — BackdoorDataset: 132 / 266 samples poisoned (target=0, fraction=0.500, seed=249).
23:53:12  INFO      attacks.neurotoxin_client — Neurotoxin client [67] round 177: poisoned 132/266 samples (target=0, masked=True).
23:53:36  INFO      datasets.backdoor — BackdoorDataset: 132 / 266 samples poisoned (target=0, fraction=0.500, seed=266).
23:53:39  INFO      attacks.neurotoxin_client — Neurotoxin client [83] round 178: poisoned 132/266 samples (target=0, masked=True).
23:54:23  INFO      datasets.backdoor — BackdoorDataset: 133 / 266 samples poisoned (target=0, fraction=0.500, seed=243).
23:54:27  INFO      attacks.neurotoxin_client — Neurotoxin client [59] round 179: poisoned 133/266 samples (target=0, masked=True).
23:54:35  INFO      datasets.backdoor — BackdoorDataset: 132 / 266 samples poisoned (target=0, fraction=0.500, seed=251).
23:54:38  INFO      attacks.neurotoxin_client — Neurotoxin client [67] round 179: poisoned 132/266 samples (target=0, masked=True).
23:54:47  INFO      datasets.backdoor — BackdoorDataset: 133 / 266 samples poisoned (target=0, fraction=0.500, seed=273).
23:54:50  INFO      attacks.neurotoxin_client — Neurotoxin client [88] round 180: poisoned 133/266 samples (target=0, masked=True).
23:55:05  INFO      datasets.backdoor — BackdoorDataset: 132 / 266 samples poisoned (target=0, fraction=0.500, seed=268).
23:55:09  INFO      attacks.neurotoxin_client — Neurotoxin client [83] round 180: poisoned 132/266 samples (target=0, masked=True).
23:55:19  INFO      experiment.runner — Round  181/200  |  acc:  91.98%  loss: 0.3353  |  ASR:  22.03%  asr_loss: 16.2854  |  mF1: 88.4%
23:55:36  INFO      datasets.backdoor — BackdoorDataset: 133 / 266 samples poisoned (target=0, fraction=0.500, seed=245).
23:55:39  INFO      attacks.neurotoxin_client — Neurotoxin client [59] round 181: poisoned 133/266 samples (target=0, masked=True).
23:55:51  INFO      datasets.backdoor — BackdoorDataset: 132 / 266 samples poisoned (target=0, fraction=0.500, seed=280).
23:55:54  INFO      attacks.neurotoxin_client — Neurotoxin client [94] round 181: poisoned 132/266 samples (target=0, masked=True).
23:56:13  INFO      datasets.backdoor — BackdoorDataset: 132 / 266 samples poisoned (target=0, fraction=0.500, seed=270).
23:56:16  INFO      attacks.neurotoxin_client — Neurotoxin client [83] round 182: poisoned 132/266 samples (target=0, masked=True).
23:57:20  INFO      datasets.backdoor — BackdoorDataset: 132 / 266 samples poisoned (target=0, fraction=0.500, seed=283).
23:57:23  INFO      attacks.neurotoxin_client — Neurotoxin client [94] round 184: poisoned 132/266 samples (target=0, masked=True).
23:57:55  INFO      datasets.backdoor — BackdoorDataset: 132 / 266 samples poisoned (target=0, fraction=0.500, seed=257).
23:57:59  INFO      attacks.neurotoxin_client — Neurotoxin client [67] round 185: poisoned 132/266 samples (target=0, masked=True).
23:58:13  INFO      datasets.backdoor — BackdoorDataset: 133 / 266 samples poisoned (target=0, fraction=0.500, seed=250).
23:58:16  INFO      attacks.neurotoxin_client — Neurotoxin client [59] round 186: poisoned 133/266 samples (target=0, masked=True).
23:58:55  INFO      datasets.backdoor — BackdoorDataset: 133 / 267 samples poisoned (target=0, fraction=0.500, seed=195).
23:58:58  INFO      attacks.neurotoxin_client — Neurotoxin client [3] round 187: poisoned 133/267 samples (target=0, masked=True).
23:59:10  INFO      datasets.backdoor — BackdoorDataset: 131 / 266 samples poisoned (target=0, fraction=0.500, seed=271).
23:59:13  INFO      attacks.neurotoxin_client — Neurotoxin client [79] round 187: poisoned 131/266 samples (target=0, masked=True).
23:59:14  INFO      datasets.backdoor — BackdoorDataset: 133 / 266 samples poisoned (target=0, fraction=0.500, seed=252).
23:59:17  INFO      attacks.neurotoxin_client — Neurotoxin client [59] round 188: poisoned 133/266 samples (target=0, masked=True).
23:59:18  INFO      datasets.backdoor — BackdoorDataset: 131 / 266 samples poisoned (target=0, fraction=0.500, seed=272).
23:59:21  INFO      attacks.neurotoxin_client — Neurotoxin client [79] round 188: poisoned 131/266 samples (target=0, masked=True).
23:59:36  INFO      datasets.backdoor — BackdoorDataset: 132 / 266 samples poisoned (target=0, fraction=0.500, seed=276).
23:59:39  INFO      attacks.neurotoxin_client — Neurotoxin client [83] round 188: poisoned 132/266 samples (target=0, masked=True).
00:01:02  INFO      experiment.runner — Round  191/200  |  acc:  92.65%  loss: 0.3198  |  ASR:  22.53%  asr_loss: 15.8115  |  mF1: 89.4%
00:01:16  INFO      datasets.backdoor — BackdoorDataset: 133 / 266 samples poisoned (target=0, fraction=0.500, seed=284).
00:01:20  INFO      attacks.neurotoxin_client — Neurotoxin client [88] round 191: poisoned 133/266 samples (target=0, masked=True).
00:01:41  INFO      datasets.backdoor — BackdoorDataset: 133 / 267 samples poisoned (target=0, fraction=0.500, seed=200).
00:01:45  INFO      attacks.neurotoxin_client — Neurotoxin client [3] round 192: poisoned 133/267 samples (target=0, masked=True).
00:01:51  INFO      datasets.backdoor — BackdoorDataset: 132 / 266 samples poisoned (target=0, fraction=0.500, seed=264).
00:01:54  INFO      attacks.neurotoxin_client — Neurotoxin client [67] round 192: poisoned 132/266 samples (target=0, masked=True).
00:02:01  INFO      datasets.backdoor — BackdoorDataset: 133 / 266 samples poisoned (target=0, fraction=0.500, seed=285).
00:02:04  INFO      attacks.neurotoxin_client — Neurotoxin client [88] round 192: poisoned 133/266 samples (target=0, masked=True).
00:02:38  INFO      datasets.backdoor — BackdoorDataset: 132 / 266 samples poisoned (target=0, fraction=0.500, seed=292).
00:02:41  INFO      attacks.neurotoxin_client — Neurotoxin client [94] round 193: poisoned 132/266 samples (target=0, masked=True).
00:03:00  INFO      datasets.backdoor — BackdoorDataset: 133 / 267 samples poisoned (target=0, fraction=0.500, seed=231).
00:03:03  INFO      attacks.neurotoxin_client — Neurotoxin client [32] round 194: poisoned 133/267 samples (target=0, masked=True).
00:04:32  INFO      datasets.backdoor — BackdoorDataset: 133 / 266 samples poisoned (target=0, fraction=0.500, seed=261).
00:04:35  INFO      attacks.neurotoxin_client — Neurotoxin client [59] round 197: poisoned 133/266 samples (target=0, masked=True).
00:06:15  INFO      experiment.runner — Round  200/200  |  acc:  92.49%  loss: 0.3198  |  ASR:  23.40%  asr_loss: 15.7971  |  mF1: 89.0%
00:06:15  INFO      experiment.runner — Final model saved to results/benchmark/gtsrb_neurotoxin_nnm_krum_seed5/final_model.pt
00:06:15  INFO      experiment.runner — Client atypicality written to results/benchmark/gtsrb_neurotoxin_nnm_krum_seed5/client_atypicality.json
00:06:15  INFO      experiment.runner — Client inclusion rates written to results/benchmark/gtsrb_neurotoxin_nnm_krum_seed5/client_inclusion.csv
00:06:15  INFO      benchmark — ✓  gtsrb_neurotoxin_nnm_krum_seed5  (113.8 min)
00:06:15  INFO      benchmark — ▶  gtsrb_neurotoxin_nnm_krum_seed6
00:06:15  INFO      experiment.runner — Initialising 'gtsrb_neurotoxin_nnm_krum_seed6' | device=cuda | rounds=200 | clients=10/100 | attack=neurotoxin | defense=nnm
00:06:15  INFO      defenses.nnm — NNMServer — f=1  base_rule=krum
00:06:18  INFO      experiment.utils — Built 100 clients — 10 malicious, 90 benign.
00:06:18  INFO      datasets.backdoor — BackdoorDataset: 12570 / 12570 samples poisoned (target=0, fraction=1.000, seed=0).
00:06:18  INFO      experiment.runner — Setup complete — 100 clients (10 malicious) | backdoor eval: static-trigger

==============================================================
  Summary — 21 rounds evaluated
==============================================================
  Final clean accuracy               92.49%
  Best  clean accuracy               92.65%
  Final clean loss                   0.3198
  Macro F1                           88.98%
  Final ASR                          23.40%
  Mean ASR (attack window)            6.07%
  Max  ASR (attack window)           22.03%
==============================================================

00:06:56  INFO      experiment.runner — Round    1/200  |  acc:   5.97%  loss: 3.5326  |  ASR:   0.00%  asr_loss: 4.7511  |  mF1: 0.7%
00:12:33  INFO      experiment.runner — Round   11/200  |  acc:  42.72%  loss: 1.9251  |  ASR:   0.00%  asr_loss: 9.0829  |  mF1: 24.1%
00:18:16  INFO      experiment.runner — Round   21/200  |  acc:  61.98%  loss: 1.2545  |  ASR:   0.52%  asr_loss: 14.9222  |  mF1: 52.0%
00:23:47  INFO      experiment.runner — Round   31/200  |  acc:  72.71%  loss: 0.8752  |  ASR:   0.80%  asr_loss: 15.0377  |  mF1: 66.4%
00:29:15  INFO      experiment.runner — Round   41/200  |  acc:  80.84%  loss: 0.6654  |  ASR:   0.06%  asr_loss: 21.0911  |  mF1: 74.9%
00:34:37  INFO      experiment.runner — Round   51/200  |  acc:  83.79%  loss: 0.5928  |  ASR:   0.05%  asr_loss: 23.9753  |  mF1: 80.5%
00:35:02  INFO      datasets.backdoor — BackdoorDataset: 131 / 266 samples poisoned (target=0, fraction=0.500, seed=132).
00:35:05  INFO      attacks.neurotoxin_client — Neurotoxin client [75] round 51: poisoned 131/266 samples (target=0, masked=True).
00:35:15  INFO      datasets.backdoor — BackdoorDataset: 133 / 267 samples poisoned (target=0, fraction=0.500, seed=58).
00:35:18  INFO      attacks.neurotoxin_client — Neurotoxin client [0] round 52: poisoned 133/267 samples (target=0, masked=True).
00:35:28  INFO      datasets.backdoor — BackdoorDataset: 132 / 267 samples poisoned (target=0, fraction=0.500, seed=68).
00:35:31  INFO      attacks.neurotoxin_client — Neurotoxin client [10] round 52: poisoned 132/267 samples (target=0, masked=True).
00:36:06  INFO      datasets.backdoor — BackdoorDataset: 131 / 267 samples poisoned (target=0, fraction=0.500, seed=77).
00:36:09  INFO      attacks.neurotoxin_client — Neurotoxin client [18] round 53: poisoned 131/267 samples (target=0, masked=True).
00:36:25  INFO      datasets.backdoor — BackdoorDataset: 132 / 266 samples poisoned (target=0, fraction=0.500, seed=122).
00:36:28  INFO      attacks.neurotoxin_client — Neurotoxin client [62] round 54: poisoned 132/266 samples (target=0, masked=True).
00:36:40  INFO      datasets.backdoor — BackdoorDataset: 131 / 266 samples poisoned (target=0, fraction=0.500, seed=135).
00:36:44  INFO      attacks.neurotoxin_client — Neurotoxin client [75] round 54: poisoned 131/266 samples (target=0, masked=True).
00:36:55  INFO      datasets.backdoor — BackdoorDataset: 132 / 266 samples poisoned (target=0, fraction=0.500, seed=145).
00:36:59  INFO      attacks.neurotoxin_client — Neurotoxin client [84] round 55: poisoned 132/266 samples (target=0, masked=True).
00:37:02  INFO      datasets.backdoor — BackdoorDataset: 133 / 267 samples poisoned (target=0, fraction=0.500, seed=94).
00:37:05  INFO      attacks.neurotoxin_client — Neurotoxin client [33] round 55: poisoned 133/267 samples (target=0, masked=True).
00:37:14  INFO      datasets.backdoor — BackdoorDataset: 131 / 266 samples poisoned (target=0, fraction=0.500, seed=136).
00:37:17  INFO      attacks.neurotoxin_client — Neurotoxin client [75] round 55: poisoned 131/266 samples (target=0, masked=True).
00:37:40  INFO      datasets.backdoor — BackdoorDataset: 133 / 266 samples poisoned (target=0, fraction=0.500, seed=159).
00:37:44  INFO      attacks.neurotoxin_client — Neurotoxin client [97] round 56: poisoned 133/266 samples (target=0, masked=True).
00:39:06  INFO      datasets.backdoor — BackdoorDataset: 133 / 266 samples poisoned (target=0, fraction=0.500, seed=138).
00:39:08  INFO      attacks.neurotoxin_client — Neurotoxin client [73] round 59: poisoned 133/266 samples (target=0, masked=True).
00:39:17  INFO      datasets.backdoor — BackdoorDataset: 131 / 267 samples poisoned (target=0, fraction=0.500, seed=83).
00:39:20  INFO      attacks.neurotoxin_client — Neurotoxin client [18] round 59: poisoned 131/267 samples (target=0, masked=True).
00:39:28  INFO      datasets.backdoor — BackdoorDataset: 133 / 267 samples poisoned (target=0, fraction=0.500, seed=98).
00:39:30  INFO      attacks.neurotoxin_client — Neurotoxin client [33] round 59: poisoned 133/267 samples (target=0, masked=True).
00:39:41  INFO      datasets.backdoor — BackdoorDataset: 133 / 267 samples poisoned (target=0, fraction=0.500, seed=66).
00:39:44  INFO      attacks.neurotoxin_client — Neurotoxin client [0] round 60: poisoned 133/267 samples (target=0, masked=True).
00:40:11  INFO      experiment.runner — Round   61/200  |  acc:  86.59%  loss: 0.4830  |  ASR:   0.06%  asr_loss: 22.6962  |  mF1: 83.7%
00:40:49  INFO      datasets.backdoor — BackdoorDataset: 131 / 267 samples poisoned (target=0, fraction=0.500, seed=86).
00:40:52  INFO      attacks.neurotoxin_client — Neurotoxin client [18] round 62: poisoned 131/267 samples (target=0, masked=True).
00:40:59  INFO      datasets.backdoor — BackdoorDataset: 133 / 266 samples poisoned (target=0, fraction=0.500, seed=165).
00:41:03  INFO      attacks.neurotoxin_client — Neurotoxin client [97] round 62: poisoned 133/266 samples (target=0, masked=True).
00:41:48  INFO      datasets.backdoor — BackdoorDataset: 133 / 267 samples poisoned (target=0, fraction=0.500, seed=103).
00:41:51  INFO      attacks.neurotoxin_client — Neurotoxin client [33] round 64: poisoned 133/267 samples (target=0, masked=True).
00:43:09  INFO      datasets.backdoor — BackdoorDataset: 132 / 266 samples poisoned (target=0, fraction=0.500, seed=156).
00:43:13  INFO      attacks.neurotoxin_client — Neurotoxin client [84] round 66: poisoned 132/266 samples (target=0, masked=True).
00:43:17  INFO      datasets.backdoor — BackdoorDataset: 133 / 267 samples poisoned (target=0, fraction=0.500, seed=72).
00:43:21  INFO      attacks.neurotoxin_client — Neurotoxin client [0] round 66: poisoned 133/267 samples (target=0, masked=True).
00:43:40  INFO      datasets.backdoor — BackdoorDataset: 132 / 267 samples poisoned (target=0, fraction=0.500, seed=77).
00:43:43  INFO      attacks.neurotoxin_client — Neurotoxin client [4] round 67: poisoned 132/267 samples (target=0, masked=True).
00:43:52  INFO      datasets.backdoor — BackdoorDataset: 133 / 266 samples poisoned (target=0, fraction=0.500, seed=146).
00:43:55  INFO      attacks.neurotoxin_client — Neurotoxin client [73] round 67: poisoned 133/266 samples (target=0, masked=True).
00:44:46  INFO      datasets.backdoor — BackdoorDataset: 133 / 267 samples poisoned (target=0, fraction=0.500, seed=75).
00:44:49  INFO      attacks.neurotoxin_client — Neurotoxin client [0] round 69: poisoned 133/267 samples (target=0, masked=True).
00:44:55  INFO      datasets.backdoor — BackdoorDataset: 133 / 266 samples poisoned (target=0, fraction=0.500, seed=148).
00:44:58  INFO      attacks.neurotoxin_client — Neurotoxin client [73] round 69: poisoned 133/266 samples (target=0, masked=True).
00:45:48  INFO      experiment.runner — Round   71/200  |  acc:  88.44%  loss: 0.4232  |  ASR:   0.01%  asr_loss: 23.2422  |  mF1: 85.3%
00:46:36  INFO      datasets.backdoor — BackdoorDataset: 132 / 266 samples poisoned (target=0, fraction=0.500, seed=162).
00:46:39  INFO      attacks.neurotoxin_client — Neurotoxin client [84] round 72: poisoned 132/266 samples (target=0, masked=True).
00:47:19  INFO      datasets.backdoor — BackdoorDataset: 133 / 266 samples poisoned (target=0, fraction=0.500, seed=176).
00:47:23  INFO      attacks.neurotoxin_client — Neurotoxin client [97] round 73: poisoned 133/266 samples (target=0, masked=True).
00:47:52  INFO      datasets.backdoor — BackdoorDataset: 132 / 266 samples poisoned (target=0, fraction=0.500, seed=164).
00:47:56  INFO      attacks.neurotoxin_client — Neurotoxin client [84] round 74: poisoned 132/266 samples (target=0, masked=True).
00:48:02  INFO      datasets.backdoor — BackdoorDataset: 132 / 267 samples poisoned (target=0, fraction=0.500, seed=91).
00:48:05  INFO      attacks.neurotoxin_client — Neurotoxin client [10] round 75: poisoned 132/267 samples (target=0, masked=True).
00:48:34  INFO      datasets.backdoor — BackdoorDataset: 133 / 267 samples poisoned (target=0, fraction=0.500, seed=115).
00:48:38  INFO      attacks.neurotoxin_client — Neurotoxin client [33] round 76: poisoned 133/267 samples (target=0, masked=True).
00:48:42  INFO      datasets.backdoor — BackdoorDataset: 133 / 267 samples poisoned (target=0, fraction=0.500, seed=82).
00:48:45  INFO      attacks.neurotoxin_client — Neurotoxin client [0] round 76: poisoned 133/267 samples (target=0, masked=True).
00:49:06  INFO      datasets.backdoor — BackdoorDataset: 131 / 266 samples poisoned (target=0, fraction=0.500, seed=158).
00:49:09  INFO      attacks.neurotoxin_client — Neurotoxin client [75] round 77: poisoned 131/266 samples (target=0, masked=True).
00:50:35  INFO      datasets.backdoor — BackdoorDataset: 133 / 267 samples poisoned (target=0, fraction=0.500, seed=118).
00:50:39  INFO      attacks.neurotoxin_client — Neurotoxin client [33] round 79: poisoned 133/267 samples (target=0, masked=True).
00:50:58  INFO      datasets.backdoor — BackdoorDataset: 132 / 266 samples poisoned (target=0, fraction=0.500, seed=148).
00:51:02  INFO      attacks.neurotoxin_client — Neurotoxin client [62] round 80: poisoned 132/266 samples (target=0, masked=True).
00:51:20  INFO      experiment.runner — Round   81/200  |  acc:  89.21%  loss: 0.4025  |  ASR:   0.02%  asr_loss: 24.1089  |  mF1: 85.8%
00:51:24  INFO      datasets.backdoor — BackdoorDataset: 133 / 266 samples poisoned (target=0, fraction=0.500, seed=184).
00:51:27  INFO      attacks.neurotoxin_client — Neurotoxin client [97] round 81: poisoned 133/266 samples (target=0, masked=True).
00:52:08  INFO      datasets.backdoor — BackdoorDataset: 133 / 266 samples poisoned (target=0, fraction=0.500, seed=161).
00:52:11  INFO      attacks.neurotoxin_client — Neurotoxin client [73] round 82: poisoned 133/266 samples (target=0, masked=True).
00:52:11  INFO      datasets.backdoor — BackdoorDataset: 132 / 266 samples poisoned (target=0, fraction=0.500, seed=150).
00:52:14  INFO      attacks.neurotoxin_client — Neurotoxin client [62] round 82: poisoned 132/266 samples (target=0, masked=True).
00:52:47  INFO      datasets.backdoor — BackdoorDataset: 131 / 266 samples poisoned (target=0, fraction=0.500, seed=164).
00:52:50  INFO      attacks.neurotoxin_client — Neurotoxin client [75] round 83: poisoned 131/266 samples (target=0, masked=True).
00:53:16  INFO      datasets.backdoor — BackdoorDataset: 131 / 266 samples poisoned (target=0, fraction=0.500, seed=165).
00:53:21  INFO      attacks.neurotoxin_client — Neurotoxin client [75] round 84: poisoned 131/266 samples (target=0, masked=True).
00:53:45  INFO      datasets.backdoor — BackdoorDataset: 133 / 266 samples poisoned (target=0, fraction=0.500, seed=164).
00:53:48  INFO      attacks.neurotoxin_client — Neurotoxin client [73] round 85: poisoned 133/266 samples (target=0, masked=True).
00:53:58  INFO      datasets.backdoor — BackdoorDataset: 132 / 267 samples poisoned (target=0, fraction=0.500, seed=95).
00:54:01  INFO      attacks.neurotoxin_client — Neurotoxin client [4] round 85: poisoned 132/267 samples (target=0, masked=True).
00:54:36  INFO      datasets.backdoor — BackdoorDataset: 131 / 266 samples poisoned (target=0, fraction=0.500, seed=167).
00:54:39  INFO      attacks.neurotoxin_client — Neurotoxin client [75] round 86: poisoned 131/266 samples (target=0, masked=True).
00:54:56  INFO      datasets.backdoor — BackdoorDataset: 131 / 266 samples poisoned (target=0, fraction=0.500, seed=168).
00:54:59  INFO      attacks.neurotoxin_client — Neurotoxin client [75] round 87: poisoned 131/266 samples (target=0, masked=True).
00:55:27  INFO      datasets.backdoor — BackdoorDataset: 133 / 266 samples poisoned (target=0, fraction=0.500, seed=167).
00:55:30  INFO      attacks.neurotoxin_client — Neurotoxin client [73] round 88: poisoned 133/266 samples (target=0, masked=True).
00:55:58  INFO      datasets.backdoor — BackdoorDataset: 132 / 266 samples poisoned (target=0, fraction=0.500, seed=157).
00:56:01  INFO      attacks.neurotoxin_client — Neurotoxin client [62] round 89: poisoned 132/266 samples (target=0, masked=True).
00:57:04  INFO      experiment.runner — Round   91/200  |  acc:  90.39%  loss: 0.3776  |  ASR:   0.10%  asr_loss: 23.4950  |  mF1: 86.8%
00:57:20  INFO      datasets.backdoor — BackdoorDataset: 131 / 266 samples poisoned (target=0, fraction=0.500, seed=172).
00:57:25  INFO      attacks.neurotoxin_client — Neurotoxin client [75] round 91: poisoned 131/266 samples (target=0, masked=True).
00:58:03  INFO      datasets.backdoor — BackdoorDataset: 133 / 267 samples poisoned (target=0, fraction=0.500, seed=131).
00:58:06  INFO      attacks.neurotoxin_client — Neurotoxin client [33] round 92: poisoned 133/267 samples (target=0, masked=True).
00:58:17  INFO      datasets.backdoor — BackdoorDataset: 133 / 267 samples poisoned (target=0, fraction=0.500, seed=99).
00:58:21  INFO      attacks.neurotoxin_client — Neurotoxin client [0] round 93: poisoned 133/267 samples (target=0, masked=True).
00:58:44  INFO      datasets.backdoor — BackdoorDataset: 132 / 267 samples poisoned (target=0, fraction=0.500, seed=104).
00:58:47  INFO      attacks.neurotoxin_client — Neurotoxin client [4] round 94: poisoned 132/267 samples (target=0, masked=True).
00:58:56  INFO      datasets.backdoor — BackdoorDataset: 133 / 267 samples poisoned (target=0, fraction=0.500, seed=100).
00:58:59  INFO      attacks.neurotoxin_client — Neurotoxin client [0] round 94: poisoned 133/267 samples (target=0, masked=True).
00:59:47  INFO      datasets.backdoor — BackdoorDataset: 131 / 267 samples poisoned (target=0, fraction=0.500, seed=119).
00:59:50  INFO      attacks.neurotoxin_client — Neurotoxin client [18] round 95: poisoned 131/267 samples (target=0, masked=True).
01:01:29  INFO      datasets.backdoor — BackdoorDataset: 132 / 267 samples poisoned (target=0, fraction=0.500, seed=115).
01:01:32  INFO      attacks.neurotoxin_client — Neurotoxin client [10] round 99: poisoned 132/267 samples (target=0, masked=True).
01:02:38  INFO      experiment.runner — Round  101/200  |  acc:  90.59%  loss: 0.3737  |  ASR:   0.06%  asr_loss: 26.1236  |  mF1: 87.7%
01:03:04  INFO      datasets.backdoor — BackdoorDataset: 133 / 267 samples poisoned (target=0, fraction=0.500, seed=107).
01:03:08  INFO      attacks.neurotoxin_client — Neurotoxin client [0] round 101: poisoned 133/267 samples (target=0, masked=True).
01:04:36  INFO      datasets.backdoor — BackdoorDataset: 132 / 266 samples poisoned (target=0, fraction=0.500, seed=194).
01:04:39  INFO      attacks.neurotoxin_client — Neurotoxin client [84] round 104: poisoned 132/266 samples (target=0, masked=True).
01:04:40  INFO      datasets.backdoor — BackdoorDataset: 132 / 267 samples poisoned (target=0, fraction=0.500, seed=114).
01:04:43  INFO      attacks.neurotoxin_client — Neurotoxin client [4] round 104: poisoned 132/267 samples (target=0, masked=True).
01:06:29  INFO      datasets.backdoor — BackdoorDataset: 133 / 267 samples poisoned (target=0, fraction=0.500, seed=114).
01:06:32  INFO      attacks.neurotoxin_client — Neurotoxin client [0] round 108: poisoned 133/267 samples (target=0, masked=True).
01:07:19  INFO      datasets.backdoor — BackdoorDataset: 132 / 266 samples poisoned (target=0, fraction=0.500, seed=177).
01:07:22  INFO      attacks.neurotoxin_client — Neurotoxin client [62] round 109: poisoned 132/266 samples (target=0, masked=True).
01:07:45  INFO      datasets.backdoor — BackdoorDataset: 133 / 267 samples poisoned (target=0, fraction=0.500, seed=116).
01:07:47  INFO      attacks.neurotoxin_client — Neurotoxin client [0] round 110: poisoned 133/267 samples (target=0, masked=True).
01:08:08  INFO      experiment.runner — Round  111/200  |  acc:  90.84%  loss: 0.3446  |  ASR:   0.06%  asr_loss: 25.8573  |  mF1: 88.3%
01:08:48  INFO      datasets.backdoor — BackdoorDataset: 133 / 267 samples poisoned (target=0, fraction=0.500, seed=118).
01:08:51  INFO      attacks.neurotoxin_client — Neurotoxin client [0] round 112: poisoned 133/267 samples (target=0, masked=True).
01:09:25  INFO      datasets.backdoor — BackdoorDataset: 133 / 266 samples poisoned (target=0, fraction=0.500, seed=192).
01:09:28  INFO      attacks.neurotoxin_client — Neurotoxin client [73] round 113: poisoned 133/266 samples (target=0, masked=True).
01:10:55  INFO      datasets.backdoor — BackdoorDataset: 133 / 266 samples poisoned (target=0, fraction=0.500, seed=195).
01:10:58  INFO      attacks.neurotoxin_client — Neurotoxin client [73] round 116: poisoned 133/266 samples (target=0, masked=True).
01:11:09  INFO      datasets.backdoor — BackdoorDataset: 132 / 267 samples poisoned (target=0, fraction=0.500, seed=132).
01:11:13  INFO      attacks.neurotoxin_client — Neurotoxin client [10] round 116: poisoned 132/267 samples (target=0, masked=True).
01:11:39  INFO      datasets.backdoor — BackdoorDataset: 133 / 266 samples poisoned (target=0, fraction=0.500, seed=220).
01:11:42  INFO      attacks.neurotoxin_client — Neurotoxin client [97] round 117: poisoned 133/266 samples (target=0, masked=True).
01:11:50  INFO      datasets.backdoor — BackdoorDataset: 131 / 266 samples poisoned (target=0, fraction=0.500, seed=198).
01:11:53  INFO      attacks.neurotoxin_client — Neurotoxin client [75] round 117: poisoned 131/266 samples (target=0, masked=True).
01:12:38  INFO      datasets.backdoor — BackdoorDataset: 132 / 266 samples poisoned (target=0, fraction=0.500, seed=209).
01:12:42  INFO      attacks.neurotoxin_client — Neurotoxin client [84] round 119: poisoned 132/266 samples (target=0, masked=True).
01:13:37  INFO      experiment.runner — Round  121/200  |  acc:  90.93%  loss: 0.3381  |  ASR:   0.18%  asr_loss: 25.1190  |  mF1: 87.4%
01:13:52  INFO      datasets.backdoor — BackdoorDataset: 133 / 267 samples poisoned (target=0, fraction=0.500, seed=127).
01:13:55  INFO      attacks.neurotoxin_client — Neurotoxin client [0] round 121: poisoned 133/267 samples (target=0, masked=True).
01:14:09  INFO      datasets.backdoor — BackdoorDataset: 132 / 267 samples poisoned (target=0, fraction=0.500, seed=132).
01:14:13  INFO      attacks.neurotoxin_client — Neurotoxin client [4] round 122: poisoned 132/267 samples (target=0, masked=True).
01:14:17  INFO      datasets.backdoor — BackdoorDataset: 133 / 267 samples poisoned (target=0, fraction=0.500, seed=128).
01:14:20  INFO      attacks.neurotoxin_client — Neurotoxin client [0] round 122: poisoned 133/267 samples (target=0, masked=True).
01:14:51  INFO      datasets.backdoor — BackdoorDataset: 133 / 267 samples poisoned (target=0, fraction=0.500, seed=129).
01:14:54  INFO      attacks.neurotoxin_client — Neurotoxin client [0] round 123: poisoned 133/267 samples (target=0, masked=True).
01:15:01  INFO      datasets.backdoor — BackdoorDataset: 132 / 266 samples poisoned (target=0, fraction=0.500, seed=213).
01:15:04  INFO      attacks.neurotoxin_client — Neurotoxin client [84] round 123: poisoned 132/266 samples (target=0, masked=True).
01:15:18  INFO      datasets.backdoor — BackdoorDataset: 131 / 267 samples poisoned (target=0, fraction=0.500, seed=148).
01:15:22  INFO      attacks.neurotoxin_client — Neurotoxin client [18] round 124: poisoned 131/267 samples (target=0, masked=True).
01:17:35  INFO      datasets.backdoor — BackdoorDataset: 131 / 266 samples poisoned (target=0, fraction=0.500, seed=209).
01:17:39  INFO      attacks.neurotoxin_client — Neurotoxin client [75] round 128: poisoned 131/266 samples (target=0, masked=True).
01:17:48  INFO      datasets.backdoor — BackdoorDataset: 132 / 267 samples poisoned (target=0, fraction=0.500, seed=144).
01:17:52  INFO      attacks.neurotoxin_client — Neurotoxin client [10] round 128: poisoned 132/267 samples (target=0, masked=True).
01:19:10  INFO      experiment.runner — Round  131/200  |  acc:  91.38%  loss: 0.3489  |  ASR:   0.01%  asr_loss: 25.8378  |  mF1: 87.7%
01:19:11  INFO      datasets.backdoor — BackdoorDataset: 133 / 266 samples poisoned (target=0, fraction=0.500, seed=234).
01:19:14  INFO      attacks.neurotoxin_client — Neurotoxin client [97] round 131: poisoned 133/266 samples (target=0, masked=True).
01:19:18  INFO      datasets.backdoor — BackdoorDataset: 131 / 266 samples poisoned (target=0, fraction=0.500, seed=212).
01:19:21  INFO      attacks.neurotoxin_client — Neurotoxin client [75] round 131: poisoned 131/266 samples (target=0, masked=True).
01:20:06  INFO      datasets.backdoor — BackdoorDataset: 132 / 266 samples poisoned (target=0, fraction=0.500, seed=222).
01:20:09  INFO      attacks.neurotoxin_client — Neurotoxin client [84] round 132: poisoned 132/266 samples (target=0, masked=True).
01:20:17  INFO      datasets.backdoor — BackdoorDataset: 131 / 267 samples poisoned (target=0, fraction=0.500, seed=157).
01:20:20  INFO      attacks.neurotoxin_client — Neurotoxin client [18] round 133: poisoned 131/267 samples (target=0, masked=True).
01:21:10  INFO      datasets.backdoor — BackdoorDataset: 131 / 266 samples poisoned (target=0, fraction=0.500, seed=215).
01:21:13  INFO      attacks.neurotoxin_client — Neurotoxin client [75] round 134: poisoned 131/266 samples (target=0, masked=True).
01:21:13  INFO      datasets.backdoor — BackdoorDataset: 133 / 267 samples poisoned (target=0, fraction=0.500, seed=140).
01:21:16  INFO      attacks.neurotoxin_client — Neurotoxin client [0] round 134: poisoned 133/267 samples (target=0, masked=True).
01:21:24  INFO      datasets.backdoor — BackdoorDataset: 131 / 267 samples poisoned (target=0, fraction=0.500, seed=159).
01:21:27  INFO      attacks.neurotoxin_client — Neurotoxin client [18] round 135: poisoned 131/267 samples (target=0, masked=True).
01:21:27  INFO      datasets.backdoor — BackdoorDataset: 133 / 267 samples poisoned (target=0, fraction=0.500, seed=141).
01:21:30  INFO      attacks.neurotoxin_client — Neurotoxin client [0] round 135: poisoned 133/267 samples (target=0, masked=True).
01:23:24  INFO      datasets.backdoor — BackdoorDataset: 133 / 267 samples poisoned (target=0, fraction=0.500, seed=177).
01:23:27  INFO      attacks.neurotoxin_client — Neurotoxin client [33] round 138: poisoned 133/267 samples (target=0, masked=True).
01:23:37  INFO      datasets.backdoor — BackdoorDataset: 132 / 267 samples poisoned (target=0, fraction=0.500, seed=149).
01:23:40  INFO      attacks.neurotoxin_client — Neurotoxin client [4] round 139: poisoned 132/267 samples (target=0, masked=True).
01:24:28  INFO      datasets.backdoor — BackdoorDataset: 133 / 266 samples poisoned (target=0, fraction=0.500, seed=219).
01:24:31  INFO      attacks.neurotoxin_client — Neurotoxin client [73] round 140: poisoned 133/266 samples (target=0, masked=True).
01:24:50  INFO      experiment.runner — Round  141/200  |  acc:  91.58%  loss: 0.3383  |  ASR:   0.45%  asr_loss: 25.1040  |  mF1: 88.1%
01:25:18  INFO      datasets.backdoor — BackdoorDataset: 132 / 266 samples poisoned (target=0, fraction=0.500, seed=209).
01:25:21  INFO      attacks.neurotoxin_client — Neurotoxin client [62] round 141: poisoned 132/266 samples (target=0, masked=True).
01:25:37  INFO      datasets.backdoor — BackdoorDataset: 131 / 267 samples poisoned (target=0, fraction=0.500, seed=166).
01:25:40  INFO      attacks.neurotoxin_client — Neurotoxin client [18] round 142: poisoned 131/267 samples (target=0, masked=True).
01:26:46  INFO      datasets.backdoor — BackdoorDataset: 131 / 267 samples poisoned (target=0, fraction=0.500, seed=168).
01:26:50  INFO      attacks.neurotoxin_client — Neurotoxin client [18] round 144: poisoned 131/267 samples (target=0, masked=True).
01:26:56  INFO      datasets.backdoor — BackdoorDataset: 132 / 267 samples poisoned (target=0, fraction=0.500, seed=160).
01:26:59  INFO      attacks.neurotoxin_client — Neurotoxin client [10] round 144: poisoned 132/267 samples (target=0, masked=True).
01:27:39  INFO      datasets.backdoor — BackdoorDataset: 132 / 267 samples poisoned (target=0, fraction=0.500, seed=156).
01:27:43  INFO      attacks.neurotoxin_client — Neurotoxin client [4] round 146: poisoned 132/267 samples (target=0, masked=True).
01:27:43  INFO      datasets.backdoor — BackdoorDataset: 133 / 266 samples poisoned (target=0, fraction=0.500, seed=249).
01:27:47  INFO      attacks.neurotoxin_client — Neurotoxin client [97] round 146: poisoned 133/266 samples (target=0, masked=True).
01:28:31  INFO      datasets.backdoor — BackdoorDataset: 131 / 267 samples poisoned (target=0, fraction=0.500, seed=171).
01:28:34  INFO      attacks.neurotoxin_client — Neurotoxin client [18] round 147: poisoned 131/267 samples (target=0, masked=True).
01:28:44  INFO      datasets.backdoor — BackdoorDataset: 133 / 267 samples poisoned (target=0, fraction=0.500, seed=154).
01:28:47  INFO      attacks.neurotoxin_client — Neurotoxin client [0] round 148: poisoned 133/267 samples (target=0, masked=True).
01:29:42  INFO      datasets.backdoor — BackdoorDataset: 133 / 266 samples poisoned (target=0, fraction=0.500, seed=229).
01:29:45  INFO      attacks.neurotoxin_client — Neurotoxin client [73] round 150: poisoned 133/266 samples (target=0, masked=True).
01:29:52  INFO      datasets.backdoor — BackdoorDataset: 132 / 266 samples poisoned (target=0, fraction=0.500, seed=240).
01:29:55  INFO      attacks.neurotoxin_client — Neurotoxin client [84] round 150: poisoned 132/266 samples (target=0, masked=True).
01:30:24  INFO      experiment.runner — Round  151/200  |  acc:  91.69%  loss: 0.3301  |  ASR:   1.29%  asr_loss: 21.9292  |  mF1: 88.7%
01:31:46  INFO      datasets.backdoor — BackdoorDataset: 132 / 267 samples poisoned (target=0, fraction=0.500, seed=169).
01:31:49  INFO      attacks.neurotoxin_client — Neurotoxin client [10] round 153: poisoned 132/267 samples (target=0, masked=True).
01:33:24  INFO      datasets.backdoor — BackdoorDataset: 132 / 267 samples poisoned (target=0, fraction=0.500, seed=172).
01:33:27  INFO      attacks.neurotoxin_client — Neurotoxin client [10] round 156: poisoned 132/267 samples (target=0, masked=True).
01:35:19  INFO      datasets.backdoor — BackdoorDataset: 132 / 266 samples poisoned (target=0, fraction=0.500, seed=250).
01:35:22  INFO      attacks.neurotoxin_client — Neurotoxin client [84] round 160: poisoned 132/266 samples (target=0, masked=True).
01:35:39  INFO      datasets.backdoor — BackdoorDataset: 133 / 267 samples poisoned (target=0, fraction=0.500, seed=166).
01:35:42  INFO      attacks.neurotoxin_client — Neurotoxin client [0] round 160: poisoned 133/267 samples (target=0, masked=True).
01:35:57  INFO      experiment.runner — Round  161/200  |  acc:  91.79%  loss: 0.3069  |  ASR:   1.09%  asr_loss: 23.1171  |  mF1: 88.6%
01:36:15  INFO      datasets.backdoor — BackdoorDataset: 132 / 266 samples poisoned (target=0, fraction=0.500, seed=229).
01:36:19  INFO      attacks.neurotoxin_client — Neurotoxin client [62] round 161: poisoned 132/266 samples (target=0, masked=True).
01:36:41  INFO      datasets.backdoor — BackdoorDataset: 131 / 267 samples poisoned (target=0, fraction=0.500, seed=186).
01:36:45  INFO      attacks.neurotoxin_client — Neurotoxin client [18] round 162: poisoned 131/267 samples (target=0, masked=True).
01:37:39  INFO      datasets.backdoor — BackdoorDataset: 132 / 267 samples poisoned (target=0, fraction=0.500, seed=180).
01:37:42  INFO      attacks.neurotoxin_client — Neurotoxin client [10] round 164: poisoned 132/267 samples (target=0, masked=True).
01:39:24  INFO      datasets.backdoor — BackdoorDataset: 133 / 267 samples poisoned (target=0, fraction=0.500, seed=206).
01:39:27  INFO      attacks.neurotoxin_client — Neurotoxin client [33] round 167: poisoned 133/267 samples (target=0, masked=True).
01:41:06  INFO      datasets.backdoor — BackdoorDataset: 132 / 266 samples poisoned (target=0, fraction=0.500, seed=260).
01:41:09  INFO      attacks.neurotoxin_client — Neurotoxin client [84] round 170: poisoned 132/266 samples (target=0, masked=True).
01:41:21  INFO      datasets.backdoor — BackdoorDataset: 131 / 266 samples poisoned (target=0, fraction=0.500, seed=251).
01:41:24  INFO      attacks.neurotoxin_client — Neurotoxin client [75] round 170: poisoned 131/266 samples (target=0, masked=True).
01:41:33  INFO      experiment.runner — Round  171/200  |  acc:  92.12%  loss: 0.3068  |  ASR:   1.21%  asr_loss: 23.5458  |  mF1: 89.0%
01:42:14  INFO      datasets.backdoor — BackdoorDataset: 132 / 266 samples poisoned (target=0, fraction=0.500, seed=240).
01:42:17  INFO      attacks.neurotoxin_client — Neurotoxin client [62] round 172: poisoned 132/266 samples (target=0, masked=True).
01:42:52  INFO      datasets.backdoor — BackdoorDataset: 132 / 267 samples poisoned (target=0, fraction=0.500, seed=189).
01:42:56  INFO      attacks.neurotoxin_client — Neurotoxin client [10] round 173: poisoned 132/267 samples (target=0, masked=True).
01:43:01  INFO      datasets.backdoor — BackdoorDataset: 133 / 266 samples poisoned (target=0, fraction=0.500, seed=276).
01:43:04  INFO      attacks.neurotoxin_client — Neurotoxin client [97] round 173: poisoned 133/266 samples (target=0, masked=True).
01:43:47  INFO      datasets.backdoor — BackdoorDataset: 133 / 267 samples poisoned (target=0, fraction=0.500, seed=181).
01:43:50  INFO      attacks.neurotoxin_client — Neurotoxin client [0] round 175: poisoned 133/267 samples (target=0, masked=True).
01:44:56  INFO      datasets.backdoor — BackdoorDataset: 131 / 266 samples poisoned (target=0, fraction=0.500, seed=258).
01:44:59  INFO      attacks.neurotoxin_client — Neurotoxin client [75] round 177: poisoned 131/266 samples (target=0, masked=True).
01:45:00  INFO      datasets.backdoor — BackdoorDataset: 133 / 267 samples poisoned (target=0, fraction=0.500, seed=183).
01:45:03  INFO      attacks.neurotoxin_client — Neurotoxin client [0] round 177: poisoned 133/267 samples (target=0, masked=True).
01:45:24  INFO      datasets.backdoor — BackdoorDataset: 133 / 267 samples poisoned (target=0, fraction=0.500, seed=217).
01:45:27  INFO      attacks.neurotoxin_client — Neurotoxin client [33] round 178: poisoned 133/267 samples (target=0, masked=True).
01:46:06  INFO      datasets.backdoor — BackdoorDataset: 131 / 266 samples poisoned (target=0, fraction=0.500, seed=260).
01:46:09  INFO      attacks.neurotoxin_client — Neurotoxin client [75] round 179: poisoned 131/266 samples (target=0, masked=True).
01:46:28  INFO      datasets.backdoor — BackdoorDataset: 133 / 266 samples poisoned (target=0, fraction=0.500, seed=259).
01:46:31  INFO      attacks.neurotoxin_client — Neurotoxin client [73] round 180: poisoned 133/266 samples (target=0, masked=True).
01:46:52  INFO      datasets.backdoor — BackdoorDataset: 132 / 266 samples poisoned (target=0, fraction=0.500, seed=248).
01:46:55  INFO      attacks.neurotoxin_client — Neurotoxin client [62] round 180: poisoned 132/266 samples (target=0, masked=True).
01:47:09  INFO      experiment.runner — Round  181/200  |  acc:  92.17%  loss: 0.3180  |  ASR:   3.94%  asr_loss: 22.5141  |  mF1: 89.1%
01:47:47  INFO      datasets.backdoor — BackdoorDataset: 133 / 267 samples poisoned (target=0, fraction=0.500, seed=221).
01:47:51  INFO      attacks.neurotoxin_client — Neurotoxin client [33] round 182: poisoned 133/267 samples (target=0, masked=True).
01:47:51  INFO      datasets.backdoor — BackdoorDataset: 131 / 267 samples poisoned (target=0, fraction=0.500, seed=206).
01:47:55  INFO      attacks.neurotoxin_client — Neurotoxin client [18] round 182: poisoned 131/267 samples (target=0, masked=True).
01:48:50  INFO      datasets.backdoor — BackdoorDataset: 133 / 267 samples poisoned (target=0, fraction=0.500, seed=190).
01:48:54  INFO      attacks.neurotoxin_client — Neurotoxin client [0] round 184: poisoned 133/267 samples (target=0, masked=True).
01:49:48  INFO      datasets.backdoor — BackdoorDataset: 132 / 266 samples poisoned (target=0, fraction=0.500, seed=275).
01:49:51  INFO      attacks.neurotoxin_client — Neurotoxin client [84] round 185: poisoned 132/266 samples (target=0, masked=True).
01:51:19  INFO      datasets.backdoor — BackdoorDataset: 131 / 267 samples poisoned (target=0, fraction=0.500, seed=212).
01:51:22  INFO      attacks.neurotoxin_client — Neurotoxin client [18] round 188: poisoned 131/267 samples (target=0, masked=True).
01:51:35  INFO      datasets.backdoor — BackdoorDataset: 133 / 266 samples poisoned (target=0, fraction=0.500, seed=292).
01:51:38  INFO      attacks.neurotoxin_client — Neurotoxin client [97] round 189: poisoned 133/266 samples (target=0, masked=True).
01:52:21  INFO      datasets.backdoor — BackdoorDataset: 133 / 266 samples poisoned (target=0, fraction=0.500, seed=293).
01:52:24  INFO      attacks.neurotoxin_client — Neurotoxin client [97] round 190: poisoned 133/266 samples (target=0, masked=True).
01:52:52  INFO      experiment.runner — Round  191/200  |  acc:  92.02%  loss: 0.3140  |  ASR:   2.48%  asr_loss: 23.0107  |  mF1: 88.7%
01:53:05  INFO      datasets.backdoor — BackdoorDataset: 133 / 267 samples poisoned (target=0, fraction=0.500, seed=197).
01:53:08  INFO      attacks.neurotoxin_client — Neurotoxin client [0] round 191: poisoned 133/267 samples (target=0, masked=True).
01:53:18  INFO      datasets.backdoor — BackdoorDataset: 131 / 267 samples poisoned (target=0, fraction=0.500, seed=215).
01:53:22  INFO      attacks.neurotoxin_client — Neurotoxin client [18] round 191: poisoned 131/267 samples (target=0, masked=True).
01:53:35  INFO      datasets.backdoor — BackdoorDataset: 133 / 266 samples poisoned (target=0, fraction=0.500, seed=271).
01:53:38  INFO      attacks.neurotoxin_client — Neurotoxin client [73] round 192: poisoned 133/266 samples (target=0, masked=True).
01:53:44  INFO      datasets.backdoor — BackdoorDataset: 132 / 266 samples poisoned (target=0, fraction=0.500, seed=260).
01:53:47  INFO      attacks.neurotoxin_client — Neurotoxin client [62] round 192: poisoned 132/266 samples (target=0, masked=True).
01:53:48  INFO      datasets.backdoor — BackdoorDataset: 132 / 267 samples poisoned (target=0, fraction=0.500, seed=208).
01:53:51  INFO      attacks.neurotoxin_client — Neurotoxin client [10] round 192: poisoned 132/267 samples (target=0, masked=True).
01:53:52  INFO      datasets.backdoor — BackdoorDataset: 131 / 267 samples poisoned (target=0, fraction=0.500, seed=216).
01:53:56  INFO      attacks.neurotoxin_client — Neurotoxin client [18] round 192: poisoned 131/267 samples (target=0, masked=True).
01:54:49  INFO      datasets.backdoor — BackdoorDataset: 133 / 267 samples poisoned (target=0, fraction=0.500, seed=200).
01:54:52  INFO      attacks.neurotoxin_client — Neurotoxin client [0] round 194: poisoned 133/267 samples (target=0, masked=True).
01:57:28  INFO      datasets.backdoor — BackdoorDataset: 131 / 267 samples poisoned (target=0, fraction=0.500, seed=223).
01:57:31  INFO      attacks.neurotoxin_client — Neurotoxin client [18] round 199: poisoned 131/267 samples (target=0, masked=True).
01:57:52  INFO      experiment.runner — Round  200/200  |  acc:  92.22%  loss: 0.3082  |  ASR:   9.03%  asr_loss: 20.6686  |  mF1: 88.8%
01:57:52  INFO      experiment.runner — Final model saved to results/benchmark/gtsrb_neurotoxin_nnm_krum_seed6/final_model.pt
01:57:52  INFO      experiment.runner — Client atypicality written to results/benchmark/gtsrb_neurotoxin_nnm_krum_seed6/client_atypicality.json
01:57:52  INFO      experiment.runner — Client inclusion rates written to results/benchmark/gtsrb_neurotoxin_nnm_krum_seed6/client_inclusion.csv
01:57:52  INFO      benchmark — ✓  gtsrb_neurotoxin_nnm_krum_seed6  (111.6 min)
01:57:52  INFO      benchmark — ▶  gtsrb_neurotoxin_nnm_krum_seed7
01:57:52  INFO      experiment.runner — Initialising 'gtsrb_neurotoxin_nnm_krum_seed7' | device=cuda | rounds=200 | clients=10/100 | attack=neurotoxin | defense=nnm
01:57:53  INFO      defenses.nnm — NNMServer — f=1  base_rule=krum
01:57:57  INFO      experiment.utils — Built 100 clients — 10 malicious, 90 benign.
01:57:57  INFO      datasets.backdoor — BackdoorDataset: 12570 / 12570 samples poisoned (target=0, fraction=1.000, seed=0).
01:57:57  INFO      experiment.runner — Setup complete — 100 clients (10 malicious) | backdoor eval: static-trigger

==============================================================
  Summary — 21 rounds evaluated
==============================================================
  Final clean accuracy               92.22%
  Best  clean accuracy               92.22%
  Final clean loss                   0.3082
  Macro F1                           88.78%
  Final ASR                           9.03%
  Mean ASR (attack window)            1.96%
  Max  ASR (attack window)            9.03%
==============================================================

01:58:35  INFO      experiment.runner — Round    1/200  |  acc:   9.34%  loss: 3.5698  |  ASR:   0.00%  asr_loss: 4.2123  |  mF1: 1.7%
02:04:18  INFO      experiment.runner — Round   11/200  |  acc:  46.03%  loss: 1.8506  |  ASR:   0.00%  asr_loss: 10.2301  |  mF1: 25.1%
02:09:52  INFO      experiment.runner — Round   21/200  |  acc:  64.91%  loss: 1.2204  |  ASR:   0.01%  asr_loss: 18.7176  |  mF1: 54.2%
02:15:17  INFO      experiment.runner — Round   31/200  |  acc:  77.46%  loss: 0.8001  |  ASR:   0.24%  asr_loss: 19.6617  |  mF1: 69.4%
02:20:42  INFO      experiment.runner — Round   41/200  |  acc:  80.67%  loss: 0.6828  |  ASR:   0.31%  asr_loss: 17.2894  |  mF1: 74.1%
02:26:03  INFO      datasets.backdoor — BackdoorDataset: 133 / 267 samples poisoned (target=0, fraction=0.500, seed=76).
02:26:07  INFO      attacks.neurotoxin_client — Neurotoxin client [19] round 50: poisoned 133/267 samples (target=0, masked=True).
02:26:18  INFO      experiment.runner — Round   51/200  |  acc:  85.11%  loss: 0.5563  |  ASR:   0.10%  asr_loss: 24.2433  |  mF1: 79.1%
02:26:18  INFO      datasets.backdoor — BackdoorDataset: 133 / 266 samples poisoned (target=0, fraction=0.500, seed=126).
02:26:21  INFO      attacks.neurotoxin_client — Neurotoxin client [68] round 51: poisoned 133/266 samples (target=0, masked=True).
02:26:34  INFO      datasets.backdoor — BackdoorDataset: 132 / 266 samples poisoned (target=0, fraction=0.500, seed=99).
02:26:37  INFO      attacks.neurotoxin_client — Neurotoxin client [41] round 51: poisoned 132/266 samples (target=0, masked=True).
02:26:57  INFO      datasets.backdoor — BackdoorDataset: 133 / 267 samples poisoned (target=0, fraction=0.500, seed=68).
02:27:01  INFO      attacks.neurotoxin_client — Neurotoxin client [9] round 52: poisoned 133/267 samples (target=0, masked=True).
02:28:29  INFO      datasets.backdoor — BackdoorDataset: 132 / 267 samples poisoned (target=0, fraction=0.500, seed=67).
02:28:32  INFO      attacks.neurotoxin_client — Neurotoxin client [6] round 54: poisoned 132/267 samples (target=0, masked=True).
02:30:03  INFO      datasets.backdoor — BackdoorDataset: 132 / 266 samples poisoned (target=0, fraction=0.500, seed=147).
02:30:06  INFO      attacks.neurotoxin_client — Neurotoxin client [83] round 57: poisoned 132/266 samples (target=0, masked=True).
02:30:19  INFO      datasets.backdoor — BackdoorDataset: 132 / 266 samples poisoned (target=0, fraction=0.500, seed=115).
02:30:22  INFO      attacks.neurotoxin_client — Neurotoxin client [50] round 58: poisoned 132/266 samples (target=0, masked=True).
02:31:10  INFO      datasets.backdoor — BackdoorDataset: 132 / 267 samples poisoned (target=0, fraction=0.500, seed=72).
02:31:13  INFO      attacks.neurotoxin_client — Neurotoxin client [6] round 59: poisoned 132/267 samples (target=0, masked=True).
02:31:20  INFO      datasets.backdoor — BackdoorDataset: 133 / 267 samples poisoned (target=0, fraction=0.500, seed=76).
02:31:23  INFO      attacks.neurotoxin_client — Neurotoxin client [9] round 60: poisoned 133/267 samples (target=0, masked=True).
02:32:01  INFO      experiment.runner — Round   61/200  |  acc:  88.04%  loss: 0.4626  |  ASR:   0.06%  asr_loss: 24.2490  |  mF1: 82.9%
02:32:49  INFO      datasets.backdoor — BackdoorDataset: 132 / 266 samples poisoned (target=0, fraction=0.500, seed=115).
02:32:52  INFO      attacks.neurotoxin_client — Neurotoxin client [46] round 62: poisoned 132/266 samples (target=0, masked=True).
02:33:00  INFO      datasets.backdoor — BackdoorDataset: 132 / 266 samples poisoned (target=0, fraction=0.500, seed=110).
02:33:03  INFO      attacks.neurotoxin_client — Neurotoxin client [41] round 62: poisoned 132/266 samples (target=0, masked=True).
02:33:45  INFO      datasets.backdoor — BackdoorDataset: 132 / 266 samples poisoned (target=0, fraction=0.500, seed=154).
02:33:49  INFO      attacks.neurotoxin_client — Neurotoxin client [83] round 64: poisoned 132/266 samples (target=0, masked=True).
02:34:21  INFO      datasets.backdoor — BackdoorDataset: 132 / 266 samples poisoned (target=0, fraction=0.500, seed=122).
02:34:24  INFO      attacks.neurotoxin_client — Neurotoxin client [50] round 65: poisoned 132/266 samples (target=0, masked=True).
02:34:41  INFO      datasets.backdoor — BackdoorDataset: 133 / 266 samples poisoned (target=0, fraction=0.500, seed=146).
02:34:45  INFO      attacks.neurotoxin_client — Neurotoxin client [74] round 65: poisoned 133/266 samples (target=0, masked=True).
02:34:54  INFO      datasets.backdoor — BackdoorDataset: 133 / 267 samples poisoned (target=0, fraction=0.500, seed=92).
02:34:58  INFO      attacks.neurotoxin_client — Neurotoxin client [19] round 66: poisoned 133/267 samples (target=0, masked=True).
02:35:14  INFO      datasets.backdoor — BackdoorDataset: 132 / 266 samples poisoned (target=0, fraction=0.500, seed=114).
02:35:17  INFO      attacks.neurotoxin_client — Neurotoxin client [41] round 66: poisoned 132/266 samples (target=0, masked=True).
02:35:23  INFO      datasets.backdoor — BackdoorDataset: 133 / 267 samples poisoned (target=0, fraction=0.500, seed=93).
02:35:26  INFO      attacks.neurotoxin_client — Neurotoxin client [19] round 67: poisoned 133/267 samples (target=0, masked=True).
02:36:31  INFO      datasets.backdoor — BackdoorDataset: 133 / 266 samples poisoned (target=0, fraction=0.500, seed=150).
02:36:34  INFO      attacks.neurotoxin_client — Neurotoxin client [74] round 69: poisoned 133/266 samples (target=0, masked=True).
02:37:03  INFO      datasets.backdoor — BackdoorDataset: 132 / 266 samples poisoned (target=0, fraction=0.500, seed=123).
02:37:07  INFO      attacks.neurotoxin_client — Neurotoxin client [46] round 70: poisoned 132/266 samples (target=0, masked=True).
02:37:20  INFO      datasets.backdoor — BackdoorDataset: 132 / 267 samples poisoned (target=0, fraction=0.500, seed=83).
02:37:24  INFO      attacks.neurotoxin_client — Neurotoxin client [6] round 70: poisoned 132/267 samples (target=0, masked=True).
02:37:30  INFO      datasets.backdoor — BackdoorDataset: 133 / 266 samples poisoned (target=0, fraction=0.500, seed=145).
02:37:33  INFO      attacks.neurotoxin_client — Neurotoxin client [68] round 70: poisoned 133/266 samples (target=0, masked=True).
02:37:41  INFO      experiment.runner — Round   71/200  |  acc:  89.12%  loss: 0.4153  |  ASR:   0.08%  asr_loss: 22.6964  |  mF1: 84.7%
02:38:11  INFO      datasets.backdoor — BackdoorDataset: 133 / 266 samples poisoned (target=0, fraction=0.500, seed=146).
02:38:14  INFO      attacks.neurotoxin_client — Neurotoxin client [68] round 71: poisoned 133/266 samples (target=0, masked=True).
02:38:38  INFO      datasets.backdoor — BackdoorDataset: 133 / 267 samples poisoned (target=0, fraction=0.500, seed=88).
02:38:42  INFO      attacks.neurotoxin_client — Neurotoxin client [9] round 72: poisoned 133/267 samples (target=0, masked=True).
02:39:06  INFO      datasets.backdoor — BackdoorDataset: 132 / 266 samples poisoned (target=0, fraction=0.500, seed=163).
02:39:10  INFO      attacks.neurotoxin_client — Neurotoxin client [83] round 73: poisoned 132/266 samples (target=0, masked=True).
02:39:19  INFO      datasets.backdoor — BackdoorDataset: 133 / 267 samples poisoned (target=0, fraction=0.500, seed=90).
02:39:23  INFO      attacks.neurotoxin_client — Neurotoxin client [9] round 74: poisoned 133/267 samples (target=0, masked=True).
02:39:50  INFO      datasets.backdoor — BackdoorDataset: 133 / 267 samples poisoned (target=0, fraction=0.500, seed=91).
02:39:53  INFO      attacks.neurotoxin_client — Neurotoxin client [9] round 75: poisoned 133/267 samples (target=0, masked=True).
02:40:10  INFO      datasets.backdoor — BackdoorDataset: 132 / 266 samples poisoned (target=0, fraction=0.500, seed=165).
02:40:14  INFO      attacks.neurotoxin_client — Neurotoxin client [83] round 75: poisoned 132/266 samples (target=0, masked=True).
02:40:51  INFO      datasets.backdoor — BackdoorDataset: 133 / 267 samples poisoned (target=0, fraction=0.500, seed=95).
02:40:54  INFO      attacks.neurotoxin_client — Neurotoxin client [12] round 76: poisoned 133/267 samples (target=0, masked=True).
02:41:57  INFO      datasets.backdoor — BackdoorDataset: 133 / 267 samples poisoned (target=0, fraction=0.500, seed=94).
02:42:00  INFO      attacks.neurotoxin_client — Neurotoxin client [9] round 78: poisoned 133/267 samples (target=0, masked=True).
02:42:15  INFO      datasets.backdoor — BackdoorDataset: 133 / 267 samples poisoned (target=0, fraction=0.500, seed=95).
02:42:18  INFO      attacks.neurotoxin_client — Neurotoxin client [9] round 79: poisoned 133/267 samples (target=0, masked=True).
02:42:19  INFO      datasets.backdoor — BackdoorDataset: 133 / 266 samples poisoned (target=0, fraction=0.500, seed=160).
02:42:22  INFO      attacks.neurotoxin_client — Neurotoxin client [74] round 79: poisoned 133/266 samples (target=0, masked=True).
02:42:46  INFO      datasets.backdoor — BackdoorDataset: 132 / 266 samples poisoned (target=0, fraction=0.500, seed=133).
02:42:50  INFO      attacks.neurotoxin_client — Neurotoxin client [46] round 80: poisoned 132/266 samples (target=0, masked=True).
02:43:22  INFO      experiment.runner — Round   81/200  |  acc:  88.84%  loss: 0.4193  |  ASR:   0.03%  asr_loss: 22.7856  |  mF1: 84.5%
02:43:29  INFO      datasets.backdoor — BackdoorDataset: 132 / 266 samples poisoned (target=0, fraction=0.500, seed=138).
02:43:32  INFO      attacks.neurotoxin_client — Neurotoxin client [50] round 81: poisoned 132/266 samples (target=0, masked=True).
02:44:23  INFO      datasets.backdoor — BackdoorDataset: 132 / 266 samples poisoned (target=0, fraction=0.500, seed=130).
02:44:26  INFO      attacks.neurotoxin_client — Neurotoxin client [41] round 82: poisoned 132/266 samples (target=0, masked=True).
02:44:34  INFO      datasets.backdoor — BackdoorDataset: 132 / 266 samples poisoned (target=0, fraction=0.500, seed=140).
02:44:38  INFO      attacks.neurotoxin_client — Neurotoxin client [50] round 83: poisoned 132/266 samples (target=0, masked=True).
02:45:09  INFO      datasets.backdoor — BackdoorDataset: 132 / 266 samples poisoned (target=0, fraction=0.500, seed=141).
02:45:12  INFO      attacks.neurotoxin_client — Neurotoxin client [50] round 84: poisoned 132/266 samples (target=0, masked=True).
02:45:19  INFO      datasets.backdoor — BackdoorDataset: 133 / 267 samples poisoned (target=0, fraction=0.500, seed=100).
02:45:22  INFO      attacks.neurotoxin_client — Neurotoxin client [9] round 84: poisoned 133/267 samples (target=0, masked=True).
02:45:23  INFO      datasets.backdoor — BackdoorDataset: 132 / 266 samples poisoned (target=0, fraction=0.500, seed=137).
02:45:26  INFO      attacks.neurotoxin_client — Neurotoxin client [46] round 84: poisoned 132/266 samples (target=0, masked=True).
02:45:35  INFO      datasets.backdoor — BackdoorDataset: 132 / 267 samples poisoned (target=0, fraction=0.500, seed=98).
02:45:38  INFO      attacks.neurotoxin_client — Neurotoxin client [6] round 85: poisoned 132/267 samples (target=0, masked=True).
02:45:57  INFO      datasets.backdoor — BackdoorDataset: 133 / 267 samples poisoned (target=0, fraction=0.500, seed=111).
02:46:02  INFO      attacks.neurotoxin_client — Neurotoxin client [19] round 85: poisoned 133/267 samples (target=0, masked=True).
02:46:55  INFO      datasets.backdoor — BackdoorDataset: 132 / 267 samples poisoned (target=0, fraction=0.500, seed=100).
02:46:59  INFO      attacks.neurotoxin_client — Neurotoxin client [6] round 87: poisoned 132/267 samples (target=0, masked=True).
02:47:28  INFO      datasets.backdoor — BackdoorDataset: 132 / 267 samples poisoned (target=0, fraction=0.500, seed=101).
02:47:31  INFO      attacks.neurotoxin_client — Neurotoxin client [6] round 88: poisoned 132/267 samples (target=0, masked=True).
02:48:05  INFO      datasets.backdoor — BackdoorDataset: 132 / 266 samples poisoned (target=0, fraction=0.500, seed=179).
02:48:10  INFO      attacks.neurotoxin_client — Neurotoxin client [83] round 89: poisoned 132/266 samples (target=0, masked=True).
02:48:30  INFO      datasets.backdoor — BackdoorDataset: 132 / 266 samples poisoned (target=0, fraction=0.500, seed=147).
02:48:33  INFO      attacks.neurotoxin_client — Neurotoxin client [50] round 90: poisoned 132/266 samples (target=0, masked=True).
02:48:45  INFO      datasets.backdoor — BackdoorDataset: 133 / 267 samples poisoned (target=0, fraction=0.500, seed=106).
02:48:48  INFO      attacks.neurotoxin_client — Neurotoxin client [9] round 90: poisoned 133/267 samples (target=0, masked=True).
02:49:03  INFO      experiment.runner — Round   91/200  |  acc:  90.67%  loss: 0.3646  |  ASR:   0.15%  asr_loss: 20.7854  |  mF1: 86.7%
02:50:55  INFO      datasets.backdoor — BackdoorDataset: 132 / 266 samples poisoned (target=0, fraction=0.500, seed=147).
02:50:58  INFO      attacks.neurotoxin_client — Neurotoxin client [46] round 94: poisoned 132/266 samples (target=0, masked=True).
02:52:17  INFO      datasets.backdoor — BackdoorDataset: 133 / 267 samples poisoned (target=0, fraction=0.500, seed=113).
02:52:20  INFO      attacks.neurotoxin_client — Neurotoxin client [9] round 97: poisoned 133/267 samples (target=0, masked=True).
02:52:21  INFO      datasets.backdoor — BackdoorDataset: 132 / 266 samples poisoned (target=0, fraction=0.500, seed=154).
02:52:24  INFO      attacks.neurotoxin_client — Neurotoxin client [50] round 97: poisoned 132/266 samples (target=0, masked=True).
02:52:43  INFO      datasets.backdoor — BackdoorDataset: 133 / 267 samples poisoned (target=0, fraction=0.500, seed=123).
02:52:46  INFO      attacks.neurotoxin_client — Neurotoxin client [19] round 97: poisoned 133/267 samples (target=0, masked=True).
02:54:17  INFO      datasets.backdoor — BackdoorDataset: 133 / 267 samples poisoned (target=0, fraction=0.500, seed=119).
02:54:20  INFO      attacks.neurotoxin_client — Neurotoxin client [12] round 100: poisoned 133/267 samples (target=0, masked=True).
02:54:20  INFO      datasets.backdoor — BackdoorDataset: 133 / 267 samples poisoned (target=0, fraction=0.500, seed=116).
02:54:23  INFO      attacks.neurotoxin_client — Neurotoxin client [9] round 100: poisoned 133/267 samples (target=0, masked=True).
02:54:37  INFO      experiment.runner — Round  101/200  |  acc:  90.37%  loss: 0.3819  |  ASR:   0.68%  asr_loss: 20.7301  |  mF1: 86.9%
02:54:40  INFO      datasets.backdoor — BackdoorDataset: 133 / 266 samples poisoned (target=0, fraction=0.500, seed=182).
02:54:44  INFO      attacks.neurotoxin_client — Neurotoxin client [74] round 101: poisoned 133/266 samples (target=0, masked=True).
02:55:07  INFO      datasets.backdoor — BackdoorDataset: 133 / 266 samples poisoned (target=0, fraction=0.500, seed=176).
02:55:10  INFO      attacks.neurotoxin_client — Neurotoxin client [68] round 101: poisoned 133/266 samples (target=0, masked=True).
02:55:57  INFO      datasets.backdoor — BackdoorDataset: 132 / 266 samples poisoned (target=0, fraction=0.500, seed=193).
02:56:00  INFO      attacks.neurotoxin_client — Neurotoxin client [83] round 103: poisoned 132/266 samples (target=0, masked=True).
02:57:05  INFO      datasets.backdoor — BackdoorDataset: 132 / 266 samples poisoned (target=0, fraction=0.500, seed=158).
02:57:10  INFO      attacks.neurotoxin_client — Neurotoxin client [46] round 105: poisoned 132/266 samples (target=0, masked=True).
02:57:15  INFO      datasets.backdoor — BackdoorDataset: 132 / 266 samples poisoned (target=0, fraction=0.500, seed=162).
02:57:18  INFO      attacks.neurotoxin_client — Neurotoxin client [50] round 105: poisoned 132/266 samples (target=0, masked=True).
02:58:53  INFO      datasets.backdoor — BackdoorDataset: 132 / 266 samples poisoned (target=0, fraction=0.500, seed=165).
02:58:56  INFO      attacks.neurotoxin_client — Neurotoxin client [50] round 108: poisoned 132/266 samples (target=0, masked=True).
02:58:56  INFO      datasets.backdoor — BackdoorDataset: 132 / 267 samples poisoned (target=0, fraction=0.500, seed=121).
02:58:59  INFO      attacks.neurotoxin_client — Neurotoxin client [6] round 108: poisoned 132/267 samples (target=0, masked=True).
02:59:17  INFO      datasets.backdoor — BackdoorDataset: 132 / 267 samples poisoned (target=0, fraction=0.500, seed=122).
02:59:21  INFO      attacks.neurotoxin_client — Neurotoxin client [6] round 109: poisoned 132/267 samples (target=0, masked=True).
02:59:30  INFO      datasets.backdoor — BackdoorDataset: 132 / 266 samples poisoned (target=0, fraction=0.500, seed=166).
02:59:33  INFO      attacks.neurotoxin_client — Neurotoxin client [50] round 109: poisoned 132/266 samples (target=0, masked=True).
03:00:18  INFO      experiment.runner — Round  111/200  |  acc:  91.08%  loss: 0.3641  |  ASR:   3.49%  asr_loss: 19.9830  |  mF1: 87.3%
03:00:18  INFO      datasets.backdoor — BackdoorDataset: 132 / 266 samples poisoned (target=0, fraction=0.500, seed=201).
03:00:22  INFO      attacks.neurotoxin_client — Neurotoxin client [83] round 111: poisoned 132/266 samples (target=0, masked=True).
03:01:50  INFO      datasets.backdoor — BackdoorDataset: 132 / 267 samples poisoned (target=0, fraction=0.500, seed=126).
03:01:53  INFO      attacks.neurotoxin_client — Neurotoxin client [6] round 113: poisoned 132/267 samples (target=0, masked=True).
03:02:17  INFO      datasets.backdoor — BackdoorDataset: 132 / 266 samples poisoned (target=0, fraction=0.500, seed=162).
03:02:22  INFO      attacks.neurotoxin_client — Neurotoxin client [41] round 114: poisoned 132/266 samples (target=0, masked=True).
03:02:23  INFO      datasets.backdoor — BackdoorDataset: 132 / 266 samples poisoned (target=0, fraction=0.500, seed=167).
03:02:29  INFO      attacks.neurotoxin_client — Neurotoxin client [46] round 114: poisoned 132/266 samples (target=0, masked=True).
03:03:29  INFO      datasets.backdoor — BackdoorDataset: 132 / 266 samples poisoned (target=0, fraction=0.500, seed=169).
03:03:32  INFO      attacks.neurotoxin_client — Neurotoxin client [46] round 116: poisoned 132/266 samples (target=0, masked=True).
03:05:29  INFO      datasets.backdoor — BackdoorDataset: 133 / 267 samples poisoned (target=0, fraction=0.500, seed=146).
03:05:32  INFO      attacks.neurotoxin_client — Neurotoxin client [19] round 120: poisoned 133/267 samples (target=0, masked=True).
03:05:38  INFO      datasets.backdoor — BackdoorDataset: 132 / 266 samples poisoned (target=0, fraction=0.500, seed=168).
03:05:41  INFO      attacks.neurotoxin_client — Neurotoxin client [41] round 120: poisoned 132/266 samples (target=0, masked=True).
03:06:02  INFO      experiment.runner — Round  121/200  |  acc:  91.23%  loss: 0.3649  |  ASR:   6.57%  asr_loss: 20.2346  |  mF1: 87.7%
03:06:03  INFO      datasets.backdoor — BackdoorDataset: 132 / 266 samples poisoned (target=0, fraction=0.500, seed=174).
03:06:06  INFO      attacks.neurotoxin_client — Neurotoxin client [46] round 121: poisoned 132/266 samples (target=0, masked=True).
03:06:18  INFO      datasets.backdoor — BackdoorDataset: 132 / 266 samples poisoned (target=0, fraction=0.500, seed=178).
03:06:22  INFO      attacks.neurotoxin_client — Neurotoxin client [50] round 121: poisoned 132/266 samples (target=0, masked=True).
03:06:38  INFO      datasets.backdoor — BackdoorDataset: 132 / 266 samples poisoned (target=0, fraction=0.500, seed=212).
03:06:42  INFO      attacks.neurotoxin_client — Neurotoxin client [83] round 122: poisoned 132/266 samples (target=0, masked=True).
03:06:55  INFO      datasets.backdoor — BackdoorDataset: 132 / 266 samples poisoned (target=0, fraction=0.500, seed=170).
03:06:58  INFO      attacks.neurotoxin_client — Neurotoxin client [41] round 122: poisoned 132/266 samples (target=0, masked=True).
03:07:08  INFO      datasets.backdoor — BackdoorDataset: 133 / 267 samples poisoned (target=0, fraction=0.500, seed=139).
03:07:12  INFO      attacks.neurotoxin_client — Neurotoxin client [9] round 123: poisoned 133/267 samples (target=0, masked=True).
03:07:24  INFO      datasets.backdoor — BackdoorDataset: 133 / 267 samples poisoned (target=0, fraction=0.500, seed=142).
03:07:27  INFO      attacks.neurotoxin_client — Neurotoxin client [12] round 123: poisoned 133/267 samples (target=0, masked=True).
03:08:09  INFO      datasets.backdoor — BackdoorDataset: 133 / 266 samples poisoned (target=0, fraction=0.500, seed=199).
03:08:12  INFO      attacks.neurotoxin_client — Neurotoxin client [68] round 124: poisoned 133/266 samples (target=0, masked=True).
03:09:09  INFO      datasets.backdoor — BackdoorDataset: 133 / 267 samples poisoned (target=0, fraction=0.500, seed=152).
03:09:12  INFO      attacks.neurotoxin_client — Neurotoxin client [19] round 126: poisoned 133/267 samples (target=0, masked=True).
03:09:16  INFO      datasets.backdoor — BackdoorDataset: 133 / 266 samples poisoned (target=0, fraction=0.500, seed=207).
03:09:19  INFO      attacks.neurotoxin_client — Neurotoxin client [74] round 126: poisoned 133/266 samples (target=0, masked=True).
03:09:24  INFO      datasets.backdoor — BackdoorDataset: 132 / 266 samples poisoned (target=0, fraction=0.500, seed=175).
03:09:27  INFO      attacks.neurotoxin_client — Neurotoxin client [41] round 127: poisoned 132/266 samples (target=0, masked=True).
03:09:30  INFO      datasets.backdoor — BackdoorDataset: 132 / 266 samples poisoned (target=0, fraction=0.500, seed=184).
03:09:33  INFO      attacks.neurotoxin_client — Neurotoxin client [50] round 127: poisoned 132/266 samples (target=0, masked=True).
03:09:48  INFO      datasets.backdoor — BackdoorDataset: 132 / 266 samples poisoned (target=0, fraction=0.500, seed=217).
03:09:51  INFO      attacks.neurotoxin_client — Neurotoxin client [83] round 127: poisoned 132/266 samples (target=0, masked=True).
03:09:52  INFO      datasets.backdoor — BackdoorDataset: 133 / 267 samples poisoned (target=0, fraction=0.500, seed=147).
03:09:55  INFO      attacks.neurotoxin_client — Neurotoxin client [12] round 128: poisoned 133/267 samples (target=0, masked=True).
03:09:55  INFO      datasets.backdoor — BackdoorDataset: 132 / 266 samples poisoned (target=0, fraction=0.500, seed=218).
03:09:58  INFO      attacks.neurotoxin_client — Neurotoxin client [83] round 128: poisoned 132/266 samples (target=0, masked=True).
03:10:43  INFO      datasets.backdoor — BackdoorDataset: 132 / 267 samples poisoned (target=0, fraction=0.500, seed=142).
03:10:46  INFO      attacks.neurotoxin_client — Neurotoxin client [6] round 129: poisoned 132/267 samples (target=0, masked=True).
03:10:53  INFO      datasets.backdoor — BackdoorDataset: 133 / 266 samples poisoned (target=0, fraction=0.500, seed=210).
03:10:56  INFO      attacks.neurotoxin_client — Neurotoxin client [74] round 129: poisoned 133/266 samples (target=0, masked=True).
03:10:56  INFO      datasets.backdoor — BackdoorDataset: 133 / 267 samples poisoned (target=0, fraction=0.500, seed=145).
03:10:59  INFO      attacks.neurotoxin_client — Neurotoxin client [9] round 129: poisoned 133/267 samples (target=0, masked=True).
03:11:46  INFO      experiment.runner — Round  131/200  |  acc:  91.62%  loss: 0.3470  |  ASR:  18.79%  asr_loss: 16.4742  |  mF1: 87.7%
03:12:33  INFO      datasets.backdoor — BackdoorDataset: 132 / 266 samples poisoned (target=0, fraction=0.500, seed=222).
03:12:36  INFO      attacks.neurotoxin_client — Neurotoxin client [83] round 132: poisoned 132/266 samples (target=0, masked=True).
03:12:39  INFO      datasets.backdoor — BackdoorDataset: 132 / 266 samples poisoned (target=0, fraction=0.500, seed=180).
03:12:43  INFO      attacks.neurotoxin_client — Neurotoxin client [41] round 132: poisoned 132/266 samples (target=0, masked=True).
03:13:02  INFO      datasets.backdoor — BackdoorDataset: 133 / 267 samples poisoned (target=0, fraction=0.500, seed=149).
03:13:05  INFO      attacks.neurotoxin_client — Neurotoxin client [9] round 133: poisoned 133/267 samples (target=0, masked=True).
03:13:27  INFO      datasets.backdoor — BackdoorDataset: 133 / 267 samples poisoned (target=0, fraction=0.500, seed=153).
03:13:30  INFO      attacks.neurotoxin_client — Neurotoxin client [12] round 134: poisoned 133/267 samples (target=0, masked=True).
03:13:31  INFO      datasets.backdoor — BackdoorDataset: 132 / 266 samples poisoned (target=0, fraction=0.500, seed=191).
03:13:34  INFO      attacks.neurotoxin_client — Neurotoxin client [50] round 134: poisoned 132/266 samples (target=0, masked=True).
03:13:40  INFO      datasets.backdoor — BackdoorDataset: 133 / 267 samples poisoned (target=0, fraction=0.500, seed=160).
03:13:43  INFO      attacks.neurotoxin_client — Neurotoxin client [19] round 134: poisoned 133/267 samples (target=0, masked=True).
03:13:48  INFO      datasets.backdoor — BackdoorDataset: 133 / 266 samples poisoned (target=0, fraction=0.500, seed=209).
03:13:52  INFO      attacks.neurotoxin_client — Neurotoxin client [68] round 134: poisoned 133/266 samples (target=0, masked=True).
03:13:57  INFO      datasets.backdoor — BackdoorDataset: 132 / 266 samples poisoned (target=0, fraction=0.500, seed=225).
03:14:01  INFO      attacks.neurotoxin_client — Neurotoxin client [83] round 135: poisoned 132/266 samples (target=0, masked=True).
03:14:05  INFO      datasets.backdoor — BackdoorDataset: 132 / 266 samples poisoned (target=0, fraction=0.500, seed=192).
03:14:09  INFO      attacks.neurotoxin_client — Neurotoxin client [50] round 135: poisoned 132/266 samples (target=0, masked=True).
03:14:31  INFO      datasets.backdoor — BackdoorDataset: 132 / 267 samples poisoned (target=0, fraction=0.500, seed=149).
03:14:34  INFO      attacks.neurotoxin_client — Neurotoxin client [6] round 136: poisoned 132/267 samples (target=0, masked=True).
03:14:55  INFO      datasets.backdoor — BackdoorDataset: 132 / 266 samples poisoned (target=0, fraction=0.500, seed=189).
03:14:58  INFO      attacks.neurotoxin_client — Neurotoxin client [46] round 136: poisoned 132/266 samples (target=0, masked=True).
03:15:06  INFO      datasets.backdoor — BackdoorDataset: 132 / 266 samples poisoned (target=0, fraction=0.500, seed=194).
03:15:10  INFO      attacks.neurotoxin_client — Neurotoxin client [50] round 137: poisoned 132/266 samples (target=0, masked=True).
03:15:51  INFO      datasets.backdoor — BackdoorDataset: 132 / 266 samples poisoned (target=0, fraction=0.500, seed=191).
03:15:54  INFO      attacks.neurotoxin_client — Neurotoxin client [46] round 138: poisoned 132/266 samples (target=0, masked=True).
03:16:08  INFO      datasets.backdoor — BackdoorDataset: 132 / 267 samples poisoned (target=0, fraction=0.500, seed=151).
03:16:11  INFO      attacks.neurotoxin_client — Neurotoxin client [6] round 138: poisoned 132/267 samples (target=0, masked=True).
03:16:22  INFO      datasets.backdoor — BackdoorDataset: 132 / 266 samples poisoned (target=0, fraction=0.500, seed=196).
03:16:26  INFO      attacks.neurotoxin_client — Neurotoxin client [50] round 139: poisoned 132/266 samples (target=0, masked=True).
03:17:30  INFO      experiment.runner — Round  141/200  |  acc:  92.07%  loss: 0.3440  |  ASR:  22.87%  asr_loss: 15.7755  |  mF1: 88.1%
03:17:51  INFO      datasets.backdoor — BackdoorDataset: 132 / 267 samples poisoned (target=0, fraction=0.500, seed=154).
03:17:54  INFO      attacks.neurotoxin_client — Neurotoxin client [6] round 141: poisoned 132/267 samples (target=0, masked=True).
03:19:12  INFO      datasets.backdoor — BackdoorDataset: 133 / 267 samples poisoned (target=0, fraction=0.500, seed=170).
03:19:15  INFO      attacks.neurotoxin_client — Neurotoxin client [19] round 144: poisoned 133/267 samples (target=0, masked=True).
03:19:45  INFO      datasets.backdoor — BackdoorDataset: 132 / 266 samples poisoned (target=0, fraction=0.500, seed=193).
03:19:48  INFO      attacks.neurotoxin_client — Neurotoxin client [41] round 145: poisoned 132/266 samples (target=0, masked=True).
03:20:14  INFO      datasets.backdoor — BackdoorDataset: 132 / 266 samples poisoned (target=0, fraction=0.500, seed=236).
03:20:18  INFO      attacks.neurotoxin_client — Neurotoxin client [83] round 146: poisoned 132/266 samples (target=0, masked=True).
03:20:22  INFO      datasets.backdoor — BackdoorDataset: 133 / 266 samples poisoned (target=0, fraction=0.500, seed=227).
03:20:25  INFO      attacks.neurotoxin_client — Neurotoxin client [74] round 146: poisoned 133/266 samples (target=0, masked=True).
03:21:54  INFO      datasets.backdoor — BackdoorDataset: 132 / 266 samples poisoned (target=0, fraction=0.500, seed=202).
03:21:57  INFO      attacks.neurotoxin_client — Neurotoxin client [46] round 149: poisoned 132/266 samples (target=0, masked=True).
03:22:44  INFO      datasets.backdoor — BackdoorDataset: 132 / 267 samples poisoned (target=0, fraction=0.500, seed=163).
03:22:47  INFO      attacks.neurotoxin_client — Neurotoxin client [6] round 150: poisoned 132/267 samples (target=0, masked=True).
03:23:02  INFO      experiment.runner — Round  151/200  |  acc:  91.61%  loss: 0.3440  |  ASR:  24.24%  asr_loss: 14.7720  |  mF1: 87.9%
03:23:05  INFO      datasets.backdoor — BackdoorDataset: 132 / 266 samples poisoned (target=0, fraction=0.500, seed=241).
03:23:09  INFO      attacks.neurotoxin_client — Neurotoxin client [83] round 151: poisoned 132/266 samples (target=0, masked=True).
03:24:19  INFO      datasets.backdoor — BackdoorDataset: 132 / 266 samples poisoned (target=0, fraction=0.500, seed=201).
03:24:22  INFO      attacks.neurotoxin_client — Neurotoxin client [41] round 153: poisoned 132/266 samples (target=0, masked=True).
03:25:29  INFO      datasets.backdoor — BackdoorDataset: 132 / 266 samples poisoned (target=0, fraction=0.500, seed=203).
03:25:32  INFO      attacks.neurotoxin_client — Neurotoxin client [41] round 155: poisoned 132/266 samples (target=0, masked=True).
03:25:56  INFO      datasets.backdoor — BackdoorDataset: 132 / 267 samples poisoned (target=0, fraction=0.500, seed=169).
03:25:59  INFO      attacks.neurotoxin_client — Neurotoxin client [6] round 156: poisoned 132/267 samples (target=0, masked=True).
03:26:02  INFO      datasets.backdoor — BackdoorDataset: 132 / 266 samples poisoned (target=0, fraction=0.500, seed=209).
03:26:05  INFO      attacks.neurotoxin_client — Neurotoxin client [46] round 156: poisoned 132/266 samples (target=0, masked=True).
03:26:15  INFO      datasets.backdoor — BackdoorDataset: 133 / 266 samples poisoned (target=0, fraction=0.500, seed=237).
03:26:18  INFO      attacks.neurotoxin_client — Neurotoxin client [74] round 156: poisoned 133/266 samples (target=0, masked=True).
03:26:27  INFO      datasets.backdoor — BackdoorDataset: 133 / 266 samples poisoned (target=0, fraction=0.500, seed=232).
03:26:30  INFO      attacks.neurotoxin_client — Neurotoxin client [68] round 157: poisoned 133/266 samples (target=0, masked=True).
03:26:34  INFO      datasets.backdoor — BackdoorDataset: 132 / 266 samples poisoned (target=0, fraction=0.500, seed=214).
03:26:37  INFO      attacks.neurotoxin_client — Neurotoxin client [50] round 157: poisoned 132/266 samples (target=0, masked=True).
03:27:00  INFO      datasets.backdoor — BackdoorDataset: 132 / 266 samples poisoned (target=0, fraction=0.500, seed=211).
03:27:04  INFO      attacks.neurotoxin_client — Neurotoxin client [46] round 158: poisoned 132/266 samples (target=0, masked=True).
03:27:31  INFO      datasets.backdoor — BackdoorDataset: 132 / 267 samples poisoned (target=0, fraction=0.500, seed=172).
03:27:34  INFO      attacks.neurotoxin_client — Neurotoxin client [6] round 159: poisoned 132/267 samples (target=0, masked=True).
03:27:50  INFO      datasets.backdoor — BackdoorDataset: 133 / 266 samples poisoned (target=0, fraction=0.500, seed=240).
03:27:54  INFO      attacks.neurotoxin_client — Neurotoxin client [74] round 159: poisoned 133/266 samples (target=0, masked=True).
03:28:16  INFO      datasets.backdoor — BackdoorDataset: 133 / 267 samples poisoned (target=0, fraction=0.500, seed=186).
03:28:20  INFO      attacks.neurotoxin_client — Neurotoxin client [19] round 160: poisoned 133/267 samples (target=0, masked=True).
03:28:39  INFO      experiment.runner — Round  161/200  |  acc:  92.30%  loss: 0.3131  |  ASR:  24.74%  asr_loss: 14.4785  |  mF1: 88.3%
03:28:50  INFO      datasets.backdoor — BackdoorDataset: 132 / 266 samples poisoned (target=0, fraction=0.500, seed=214).
03:28:53  INFO      attacks.neurotoxin_client — Neurotoxin client [46] round 161: poisoned 132/266 samples (target=0, masked=True).
03:28:54  INFO      datasets.backdoor — BackdoorDataset: 132 / 267 samples poisoned (target=0, fraction=0.500, seed=174).
03:28:57  INFO      attacks.neurotoxin_client — Neurotoxin client [6] round 161: poisoned 132/267 samples (target=0, masked=True).
03:29:09  INFO      datasets.backdoor — BackdoorDataset: 132 / 266 samples poisoned (target=0, fraction=0.500, seed=251).
03:29:12  INFO      attacks.neurotoxin_client — Neurotoxin client [83] round 161: poisoned 132/266 samples (target=0, masked=True).
03:29:19  INFO      datasets.backdoor — BackdoorDataset: 132 / 267 samples poisoned (target=0, fraction=0.500, seed=175).
03:29:22  INFO      attacks.neurotoxin_client — Neurotoxin client [6] round 162: poisoned 132/267 samples (target=0, masked=True).
03:29:45  INFO      datasets.backdoor — BackdoorDataset: 133 / 266 samples poisoned (target=0, fraction=0.500, seed=237).
03:29:49  INFO      attacks.neurotoxin_client — Neurotoxin client [68] round 162: poisoned 133/266 samples (target=0, masked=True).
03:29:56  INFO      datasets.backdoor — BackdoorDataset: 133 / 266 samples poisoned (target=0, fraction=0.500, seed=244).
03:29:59  INFO      attacks.neurotoxin_client — Neurotoxin client [74] round 163: poisoned 133/266 samples (target=0, masked=True).
03:30:11  INFO      datasets.backdoor — BackdoorDataset: 132 / 266 samples poisoned (target=0, fraction=0.500, seed=216).
03:30:14  INFO      attacks.neurotoxin_client — Neurotoxin client [46] round 163: poisoned 132/266 samples (target=0, masked=True).
03:30:36  INFO      datasets.backdoor — BackdoorDataset: 133 / 267 samples poisoned (target=0, fraction=0.500, seed=190).
03:30:40  INFO      attacks.neurotoxin_client — Neurotoxin client [19] round 164: poisoned 133/267 samples (target=0, masked=True).
03:30:44  INFO      datasets.backdoor — BackdoorDataset: 133 / 267 samples poisoned (target=0, fraction=0.500, seed=183).
03:30:48  INFO      attacks.neurotoxin_client — Neurotoxin client [12] round 164: poisoned 133/267 samples (target=0, masked=True).
03:31:31  INFO      datasets.backdoor — BackdoorDataset: 133 / 266 samples poisoned (target=0, fraction=0.500, seed=247).
03:31:34  INFO      attacks.neurotoxin_client — Neurotoxin client [74] round 166: poisoned 133/266 samples (target=0, masked=True).
03:32:07  INFO      datasets.backdoor — BackdoorDataset: 133 / 266 samples poisoned (target=0, fraction=0.500, seed=242).
03:32:10  INFO      attacks.neurotoxin_client — Neurotoxin client [68] round 167: poisoned 133/266 samples (target=0, masked=True).
03:33:36  INFO      datasets.backdoor — BackdoorDataset: 132 / 267 samples poisoned (target=0, fraction=0.500, seed=183).
03:33:41  INFO      attacks.neurotoxin_client — Neurotoxin client [6] round 170: poisoned 132/267 samples (target=0, masked=True).
03:33:52  INFO      datasets.backdoor — BackdoorDataset: 133 / 266 samples poisoned (target=0, fraction=0.500, seed=245).
03:33:55  INFO      attacks.neurotoxin_client — Neurotoxin client [68] round 170: poisoned 133/266 samples (target=0, masked=True).
03:34:18  INFO      experiment.runner — Round  171/200  |  acc:  92.33%  loss: 0.3248  |  ASR:  33.73%  asr_loss: 13.0164  |  mF1: 88.4%
03:34:25  INFO      datasets.backdoor — BackdoorDataset: 132 / 266 samples poisoned (target=0, fraction=0.500, seed=261).
03:34:28  INFO      attacks.neurotoxin_client — Neurotoxin client [83] round 171: poisoned 132/266 samples (target=0, masked=True).
03:35:13  INFO      datasets.backdoor — BackdoorDataset: 132 / 267 samples poisoned (target=0, fraction=0.500, seed=185).
03:35:16  INFO      attacks.neurotoxin_client — Neurotoxin client [6] round 172: poisoned 132/267 samples (target=0, masked=True).
03:36:24  INFO      datasets.backdoor — BackdoorDataset: 132 / 266 samples poisoned (target=0, fraction=0.500, seed=222).
03:36:28  INFO      attacks.neurotoxin_client — Neurotoxin client [41] round 174: poisoned 132/266 samples (target=0, masked=True).
03:36:57  INFO      datasets.backdoor — BackdoorDataset: 133 / 266 samples poisoned (target=0, fraction=0.500, seed=250).
03:37:00  INFO      attacks.neurotoxin_client — Neurotoxin client [68] round 175: poisoned 133/266 samples (target=0, masked=True).
03:37:41  INFO      datasets.backdoor — BackdoorDataset: 132 / 266 samples poisoned (target=0, fraction=0.500, seed=234).
03:37:44  INFO      attacks.neurotoxin_client — Neurotoxin client [50] round 177: poisoned 132/266 samples (target=0, masked=True).
03:37:47  INFO      datasets.backdoor — BackdoorDataset: 133 / 266 samples poisoned (target=0, fraction=0.500, seed=258).
03:37:50  INFO      attacks.neurotoxin_client — Neurotoxin client [74] round 177: poisoned 133/266 samples (target=0, masked=True).
03:37:51  INFO      datasets.backdoor — BackdoorDataset: 133 / 267 samples poisoned (target=0, fraction=0.500, seed=193).
03:37:54  INFO      attacks.neurotoxin_client — Neurotoxin client [9] round 177: poisoned 133/267 samples (target=0, masked=True).
03:39:12  INFO      datasets.backdoor — BackdoorDataset: 132 / 266 samples poisoned (target=0, fraction=0.500, seed=232).
03:39:15  INFO      attacks.neurotoxin_client — Neurotoxin client [46] round 179: poisoned 132/266 samples (target=0, masked=True).
03:39:19  INFO      datasets.backdoor — BackdoorDataset: 133 / 266 samples poisoned (target=0, fraction=0.500, seed=255).
03:39:22  INFO      attacks.neurotoxin_client — Neurotoxin client [68] round 180: poisoned 133/266 samples (target=0, masked=True).
03:39:57  INFO      experiment.runner — Round  181/200  |  acc:  92.45%  loss: 0.3424  |  ASR:  29.28%  asr_loss: 15.0420  |  mF1: 88.9%
03:40:25  INFO      datasets.backdoor — BackdoorDataset: 133 / 267 samples poisoned (target=0, fraction=0.500, seed=200).
03:40:29  INFO      attacks.neurotoxin_client — Neurotoxin client [12] round 181: poisoned 133/267 samples (target=0, masked=True).
03:40:35  INFO      datasets.backdoor — BackdoorDataset: 133 / 267 samples poisoned (target=0, fraction=0.500, seed=201).
03:40:38  INFO      attacks.neurotoxin_client — Neurotoxin client [12] round 182: poisoned 133/267 samples (target=0, masked=True).
03:41:14  INFO      datasets.backdoor — BackdoorDataset: 132 / 267 samples poisoned (target=0, fraction=0.500, seed=196).
03:41:17  INFO      attacks.neurotoxin_client — Neurotoxin client [6] round 183: poisoned 132/267 samples (target=0, masked=True).
03:41:29  INFO      datasets.backdoor — BackdoorDataset: 132 / 266 samples poisoned (target=0, fraction=0.500, seed=231).
03:41:34  INFO      attacks.neurotoxin_client — Neurotoxin client [41] round 183: poisoned 132/266 samples (target=0, masked=True).
03:42:14  INFO      datasets.backdoor — BackdoorDataset: 133 / 267 samples poisoned (target=0, fraction=0.500, seed=204).
03:42:17  INFO      attacks.neurotoxin_client — Neurotoxin client [12] round 185: poisoned 133/267 samples (target=0, masked=True).
03:42:26  INFO      datasets.backdoor — BackdoorDataset: 132 / 267 samples poisoned (target=0, fraction=0.500, seed=198).
03:42:30  INFO      attacks.neurotoxin_client — Neurotoxin client [6] round 185: poisoned 132/267 samples (target=0, masked=True).
03:42:30  INFO      datasets.backdoor — BackdoorDataset: 133 / 266 samples poisoned (target=0, fraction=0.500, seed=260).
03:42:34  INFO      attacks.neurotoxin_client — Neurotoxin client [68] round 185: poisoned 133/266 samples (target=0, masked=True).
03:43:17  INFO      datasets.backdoor — BackdoorDataset: 132 / 267 samples poisoned (target=0, fraction=0.500, seed=200).
03:43:20  INFO      attacks.neurotoxin_client — Neurotoxin client [6] round 187: poisoned 132/267 samples (target=0, masked=True).
03:43:29  INFO      datasets.backdoor — BackdoorDataset: 133 / 267 samples poisoned (target=0, fraction=0.500, seed=206).
03:43:33  INFO      attacks.neurotoxin_client — Neurotoxin client [12] round 187: poisoned 133/267 samples (target=0, masked=True).
03:44:48  INFO      datasets.backdoor — BackdoorDataset: 132 / 266 samples poisoned (target=0, fraction=0.500, seed=237).
03:44:51  INFO      attacks.neurotoxin_client — Neurotoxin client [41] round 189: poisoned 132/266 samples (target=0, masked=True).
03:44:56  INFO      datasets.backdoor — BackdoorDataset: 133 / 267 samples poisoned (target=0, fraction=0.500, seed=209).
03:44:59  INFO      attacks.neurotoxin_client — Neurotoxin client [12] round 190: poisoned 133/267 samples (target=0, masked=True).
03:45:02  INFO      datasets.backdoor — BackdoorDataset: 132 / 266 samples poisoned (target=0, fraction=0.500, seed=247).
03:45:05  INFO      attacks.neurotoxin_client — Neurotoxin client [50] round 190: poisoned 132/266 samples (target=0, masked=True).
03:45:41  INFO      experiment.runner — Round  191/200  |  acc:  92.51%  loss: 0.3168  |  ASR:  36.46%  asr_loss: 12.5306  |  mF1: 89.0%
03:46:16  INFO      datasets.backdoor — BackdoorDataset: 133 / 266 samples poisoned (target=0, fraction=0.500, seed=267).
03:46:19  INFO      attacks.neurotoxin_client — Neurotoxin client [68] round 192: poisoned 133/266 samples (target=0, masked=True).
03:46:41  INFO      datasets.backdoor — BackdoorDataset: 133 / 266 samples poisoned (target=0, fraction=0.500, seed=273).
03:46:44  INFO      attacks.neurotoxin_client — Neurotoxin client [74] round 192: poisoned 133/266 samples (target=0, masked=True).
03:46:45  INFO      datasets.backdoor — BackdoorDataset: 132 / 266 samples poisoned (target=0, fraction=0.500, seed=241).
03:46:49  INFO      attacks.neurotoxin_client — Neurotoxin client [41] round 193: poisoned 132/266 samples (target=0, masked=True).
03:46:53  INFO      datasets.backdoor — BackdoorDataset: 133 / 267 samples poisoned (target=0, fraction=0.500, seed=219).
03:46:56  INFO      attacks.neurotoxin_client — Neurotoxin client [19] round 193: poisoned 133/267 samples (target=0, masked=True).
03:47:29  INFO      datasets.backdoor — BackdoorDataset: 133 / 266 samples poisoned (target=0, fraction=0.500, seed=275).
03:47:32  INFO      attacks.neurotoxin_client — Neurotoxin client [74] round 194: poisoned 133/266 samples (target=0, masked=True).
03:48:19  INFO      datasets.backdoor — BackdoorDataset: 133 / 267 samples poisoned (target=0, fraction=0.500, seed=221).
03:48:23  INFO      attacks.neurotoxin_client — Neurotoxin client [19] round 195: poisoned 133/267 samples (target=0, masked=True).
03:48:26  INFO      datasets.backdoor — BackdoorDataset: 133 / 267 samples poisoned (target=0, fraction=0.500, seed=222).
03:48:30  INFO      attacks.neurotoxin_client — Neurotoxin client [19] round 196: poisoned 133/267 samples (target=0, masked=True).
03:48:36  INFO      datasets.backdoor — BackdoorDataset: 132 / 266 samples poisoned (target=0, fraction=0.500, seed=244).
03:48:39  INFO      attacks.neurotoxin_client — Neurotoxin client [41] round 196: poisoned 132/266 samples (target=0, masked=True).
03:49:20  INFO      datasets.backdoor — BackdoorDataset: 133 / 267 samples poisoned (target=0, fraction=0.500, seed=223).
03:49:23  INFO      attacks.neurotoxin_client — Neurotoxin client [19] round 197: poisoned 133/267 samples (target=0, masked=True).
03:50:46  INFO      experiment.runner — Round  200/200  |  acc:  92.52%  loss: 0.3268  |  ASR:  37.12%  asr_loss: 13.1422  |  mF1: 88.6%
03:50:47  INFO      experiment.runner — Final model saved to results/benchmark/gtsrb_neurotoxin_nnm_krum_seed7/final_model.pt
03:50:47  INFO      experiment.runner — Client atypicality written to results/benchmark/gtsrb_neurotoxin_nnm_krum_seed7/client_atypicality.json
03:50:47  INFO      experiment.runner — Client inclusion rates written to results/benchmark/gtsrb_neurotoxin_nnm_krum_seed7/client_inclusion.csv
03:50:47  INFO      benchmark — ✓  gtsrb_neurotoxin_nnm_krum_seed7  (112.9 min)
03:50:47  INFO      benchmark — ▶  gtsrb_neurotoxin_nnm_krum_seed8
03:50:47  INFO      experiment.runner — Initialising 'gtsrb_neurotoxin_nnm_krum_seed8' | device=cuda | rounds=200 | clients=10/100 | attack=neurotoxin | defense=nnm
03:50:47  INFO      defenses.nnm — NNMServer — f=1  base_rule=krum
03:50:49  INFO      experiment.utils — Built 100 clients — 10 malicious, 90 benign.
03:50:49  INFO      datasets.backdoor — BackdoorDataset: 12570 / 12570 samples poisoned (target=0, fraction=1.000, seed=0).
03:50:49  INFO      experiment.runner — Setup complete — 100 clients (10 malicious) | backdoor eval: static-trigger

==============================================================
  Summary — 21 rounds evaluated
==============================================================
  Final clean accuracy               92.52%
  Best  clean accuracy               92.52%
  Final clean loss                   0.3268
  Macro F1                           88.59%
  Final ASR                          37.12%
  Mean ASR (attack window)           13.01%
  Max  ASR (attack window)           36.46%
==============================================================

03:51:35  INFO      experiment.runner — Round    1/200  |  acc:   6.82%  loss: 3.5161  |  ASR:   0.00%  asr_loss: 4.5297  |  mF1: 0.9%
03:57:03  INFO      experiment.runner — Round   11/200  |  acc:  40.12%  loss: 2.1115  |  ASR:   0.00%  asr_loss: 9.4166  |  mF1: 21.8%
04:02:33  INFO      experiment.runner — Round   21/200  |  acc:  60.73%  loss: 1.2326  |  ASR:   0.36%  asr_loss: 9.7810  |  mF1: 48.3%
04:08:05  INFO      experiment.runner — Round   31/200  |  acc:  74.11%  loss: 0.8600  |  ASR:   0.05%  asr_loss: 18.9078  |  mF1: 67.9%
04:13:29  INFO      experiment.runner — Round   41/200  |  acc:  80.40%  loss: 0.7666  |  ASR:   1.52%  asr_loss: 23.7877  |  mF1: 76.1%
04:18:27  INFO      datasets.backdoor — BackdoorDataset: 132 / 266 samples poisoned (target=0, fraction=0.500, seed=105).
04:18:30  INFO      attacks.neurotoxin_client — Neurotoxin client [47] round 50: poisoned 132/266 samples (target=0, masked=True).
04:19:01  INFO      experiment.runner — Round   51/200  |  acc:  83.35%  loss: 0.6282  |  ASR:   0.43%  asr_loss: 19.8278  |  mF1: 77.5%
04:19:04  INFO      datasets.backdoor — BackdoorDataset: 133 / 266 samples poisoned (target=0, fraction=0.500, seed=149).
04:19:07  INFO      attacks.neurotoxin_client — Neurotoxin client [90] round 51: poisoned 133/266 samples (target=0, masked=True).
04:19:22  INFO      datasets.backdoor — BackdoorDataset: 133 / 267 samples poisoned (target=0, fraction=0.500, seed=88).
04:19:26  INFO      attacks.neurotoxin_client — Neurotoxin client [29] round 51: poisoned 133/267 samples (target=0, masked=True).
04:19:58  INFO      datasets.backdoor — BackdoorDataset: 132 / 267 samples poisoned (target=0, fraction=0.500, seed=77).
04:20:02  INFO      attacks.neurotoxin_client — Neurotoxin client [17] round 52: poisoned 132/267 samples (target=0, masked=True).
04:21:10  INFO      datasets.backdoor — BackdoorDataset: 132 / 267 samples poisoned (target=0, fraction=0.500, seed=79).
04:21:14  INFO      attacks.neurotoxin_client — Neurotoxin client [17] round 54: poisoned 132/267 samples (target=0, masked=True).
04:21:59  INFO      datasets.backdoor — BackdoorDataset: 133 / 266 samples poisoned (target=0, fraction=0.500, seed=154).
04:22:02  INFO      attacks.neurotoxin_client — Neurotoxin client [90] round 56: poisoned 133/266 samples (target=0, masked=True).
04:23:37  INFO      datasets.backdoor — BackdoorDataset: 131 / 267 samples poisoned (target=0, fraction=0.500, seed=83).
04:23:40  INFO      attacks.neurotoxin_client — Neurotoxin client [16] round 59: poisoned 131/267 samples (target=0, masked=True).
04:23:58  INFO      datasets.backdoor — BackdoorDataset: 132 / 267 samples poisoned (target=0, fraction=0.500, seed=72).
04:24:03  INFO      attacks.neurotoxin_client — Neurotoxin client [5] round 59: poisoned 132/267 samples (target=0, masked=True).
04:24:47  INFO      experiment.runner — Round   61/200  |  acc:  86.71%  loss: 0.5045  |  ASR:   0.30%  asr_loss: 19.6172  |  mF1: 82.4%
04:25:25  INFO      datasets.backdoor — BackdoorDataset: 133 / 266 samples poisoned (target=0, fraction=0.500, seed=160).
04:25:29  INFO      attacks.neurotoxin_client — Neurotoxin client [90] round 62: poisoned 133/266 samples (target=0, masked=True).
04:27:09  INFO      datasets.backdoor — BackdoorDataset: 133 / 266 samples poisoned (target=0, fraction=0.500, seed=163).
04:27:12  INFO      attacks.neurotoxin_client — Neurotoxin client [90] round 65: poisoned 133/266 samples (target=0, masked=True).
04:27:23  INFO      datasets.backdoor — BackdoorDataset: 133 / 267 samples poisoned (target=0, fraction=0.500, seed=97).
04:27:26  INFO      attacks.neurotoxin_client — Neurotoxin client [24] round 65: poisoned 133/267 samples (target=0, masked=True).
04:27:55  INFO      datasets.backdoor — BackdoorDataset: 132 / 267 samples poisoned (target=0, fraction=0.500, seed=84).
04:27:58  INFO      attacks.neurotoxin_client — Neurotoxin client [10] round 66: poisoned 132/267 samples (target=0, masked=True).
04:28:31  INFO      datasets.backdoor — BackdoorDataset: 132 / 267 samples poisoned (target=0, fraction=0.500, seed=92).
04:28:34  INFO      attacks.neurotoxin_client — Neurotoxin client [17] round 67: poisoned 132/267 samples (target=0, masked=True).
04:29:35  INFO      datasets.backdoor — BackdoorDataset: 131 / 267 samples poisoned (target=0, fraction=0.500, seed=93).
04:29:38  INFO      attacks.neurotoxin_client — Neurotoxin client [16] round 69: poisoned 131/267 samples (target=0, masked=True).
04:30:22  INFO      experiment.runner — Round   71/200  |  acc:  88.40%  loss: 0.4427  |  ASR:   0.02%  asr_loss: 23.2228  |  mF1: 83.0%
04:31:40  INFO      datasets.backdoor — BackdoorDataset: 133 / 266 samples poisoned (target=0, fraction=0.500, seed=171).
04:31:45  INFO      attacks.neurotoxin_client — Neurotoxin client [90] round 73: poisoned 133/266 samples (target=0, masked=True).
04:32:00  INFO      datasets.backdoor — BackdoorDataset: 132 / 266 samples poisoned (target=0, fraction=0.500, seed=128).
04:32:03  INFO      attacks.neurotoxin_client — Neurotoxin client [47] round 73: poisoned 132/266 samples (target=0, masked=True).
04:32:04  INFO      datasets.backdoor — BackdoorDataset: 133 / 266 samples poisoned (target=0, fraction=0.500, seed=172).
04:32:07  INFO      attacks.neurotoxin_client — Neurotoxin client [90] round 74: poisoned 133/266 samples (target=0, masked=True).
04:32:36  INFO      datasets.backdoor — BackdoorDataset: 132 / 267 samples poisoned (target=0, fraction=0.500, seed=93).
04:32:39  INFO      attacks.neurotoxin_client — Neurotoxin client [10] round 75: poisoned 132/267 samples (target=0, masked=True).
04:32:49  INFO      datasets.backdoor — BackdoorDataset: 133 / 267 samples poisoned (target=0, fraction=0.500, seed=114).
04:32:53  INFO      attacks.neurotoxin_client — Neurotoxin client [31] round 75: poisoned 133/267 samples (target=0, masked=True).
04:33:12  INFO      datasets.backdoor — BackdoorDataset: 133 / 266 samples poisoned (target=0, fraction=0.500, seed=174).
04:33:15  INFO      attacks.neurotoxin_client — Neurotoxin client [90] round 76: poisoned 133/266 samples (target=0, masked=True).
04:33:54  INFO      datasets.backdoor — BackdoorDataset: 133 / 267 samples poisoned (target=0, fraction=0.500, seed=116).
04:33:58  INFO      attacks.neurotoxin_client — Neurotoxin client [31] round 77: poisoned 133/267 samples (target=0, masked=True).
04:36:05  INFO      experiment.runner — Round   81/200  |  acc:  88.98%  loss: 0.4187  |  ASR:   0.00%  asr_loss: 21.4075  |  mF1: 85.4%
04:36:32  INFO      datasets.backdoor — BackdoorDataset: 133 / 267 samples poisoned (target=0, fraction=0.500, seed=120).
04:36:35  INFO      attacks.neurotoxin_client — Neurotoxin client [31] round 81: poisoned 133/267 samples (target=0, masked=True).
04:36:58  INFO      datasets.backdoor — BackdoorDataset: 133 / 267 samples poisoned (target=0, fraction=0.500, seed=114).
04:37:02  INFO      attacks.neurotoxin_client — Neurotoxin client [24] round 82: poisoned 133/267 samples (target=0, masked=True).
04:37:57  INFO      datasets.backdoor — BackdoorDataset: 133 / 266 samples poisoned (target=0, fraction=0.500, seed=182).
04:38:00  INFO      attacks.neurotoxin_client — Neurotoxin client [90] round 84: poisoned 133/266 samples (target=0, masked=True).
04:38:01  INFO      datasets.backdoor — BackdoorDataset: 133 / 267 samples poisoned (target=0, fraction=0.500, seed=116).
04:38:04  INFO      attacks.neurotoxin_client — Neurotoxin client [24] round 84: poisoned 133/267 samples (target=0, masked=True).
04:38:09  INFO      datasets.backdoor — BackdoorDataset: 133 / 267 samples poisoned (target=0, fraction=0.500, seed=123).
04:38:12  INFO      attacks.neurotoxin_client — Neurotoxin client [31] round 84: poisoned 133/267 samples (target=0, masked=True).
04:38:16  INFO      datasets.backdoor — BackdoorDataset: 132 / 266 samples poisoned (target=0, fraction=0.500, seed=140).
04:38:19  INFO      attacks.neurotoxin_client — Neurotoxin client [48] round 84: poisoned 132/266 samples (target=0, masked=True).
04:38:43  INFO      datasets.backdoor — BackdoorDataset: 132 / 267 samples poisoned (target=0, fraction=0.500, seed=98).
04:38:47  INFO      attacks.neurotoxin_client — Neurotoxin client [5] round 85: poisoned 132/267 samples (target=0, masked=True).
04:39:00  INFO      datasets.backdoor — BackdoorDataset: 132 / 266 samples poisoned (target=0, fraction=0.500, seed=141).
04:39:04  INFO      attacks.neurotoxin_client — Neurotoxin client [47] round 86: poisoned 132/266 samples (target=0, masked=True).
04:39:17  INFO      datasets.backdoor — BackdoorDataset: 133 / 267 samples poisoned (target=0, fraction=0.500, seed=118).
04:39:21  INFO      attacks.neurotoxin_client — Neurotoxin client [24] round 86: poisoned 133/267 samples (target=0, masked=True).
04:39:40  INFO      datasets.backdoor — BackdoorDataset: 131 / 267 samples poisoned (target=0, fraction=0.500, seed=111).
04:39:43  INFO      attacks.neurotoxin_client — Neurotoxin client [16] round 87: poisoned 131/267 samples (target=0, masked=True).
04:40:18  INFO      datasets.backdoor — BackdoorDataset: 132 / 266 samples poisoned (target=0, fraction=0.500, seed=144).
04:40:22  INFO      attacks.neurotoxin_client — Neurotoxin client [48] round 88: poisoned 132/266 samples (target=0, masked=True).
04:40:35  INFO      datasets.backdoor — BackdoorDataset: 131 / 267 samples poisoned (target=0, fraction=0.500, seed=113).
04:40:37  INFO      attacks.neurotoxin_client — Neurotoxin client [16] round 89: poisoned 131/267 samples (target=0, masked=True).
04:41:51  INFO      experiment.runner — Round   91/200  |  acc:  89.68%  loss: 0.4095  |  ASR:   0.03%  asr_loss: 21.8991  |  mF1: 86.0%
04:42:10  INFO      datasets.backdoor — BackdoorDataset: 132 / 267 samples poisoned (target=0, fraction=0.500, seed=116).
04:42:13  INFO      attacks.neurotoxin_client — Neurotoxin client [17] round 91: poisoned 132/267 samples (target=0, masked=True).
04:42:17  INFO      datasets.backdoor — BackdoorDataset: 132 / 266 samples poisoned (target=0, fraction=0.500, seed=147).
04:42:20  INFO      attacks.neurotoxin_client — Neurotoxin client [48] round 91: poisoned 132/266 samples (target=0, masked=True).
04:43:12  INFO      datasets.backdoor — BackdoorDataset: 133 / 266 samples poisoned (target=0, fraction=0.500, seed=191).
04:43:15  INFO      attacks.neurotoxin_client — Neurotoxin client [90] round 93: poisoned 133/266 samples (target=0, masked=True).
04:43:34  INFO      datasets.backdoor — BackdoorDataset: 133 / 267 samples poisoned (target=0, fraction=0.500, seed=131).
04:43:37  INFO      attacks.neurotoxin_client — Neurotoxin client [29] round 94: poisoned 133/267 samples (target=0, masked=True).
04:43:41  INFO      datasets.backdoor — BackdoorDataset: 132 / 267 samples poisoned (target=0, fraction=0.500, seed=107).
04:43:44  INFO      attacks.neurotoxin_client — Neurotoxin client [5] round 94: poisoned 132/267 samples (target=0, masked=True).
04:44:14  INFO      datasets.backdoor — BackdoorDataset: 133 / 266 samples poisoned (target=0, fraction=0.500, seed=193).
04:44:17  INFO      attacks.neurotoxin_client — Neurotoxin client [90] round 95: poisoned 133/266 samples (target=0, masked=True).
04:44:32  INFO      datasets.backdoor — BackdoorDataset: 132 / 266 samples poisoned (target=0, fraction=0.500, seed=150).
04:44:35  INFO      attacks.neurotoxin_client — Neurotoxin client [47] round 95: poisoned 132/266 samples (target=0, masked=True).
04:44:36  INFO      datasets.backdoor — BackdoorDataset: 132 / 267 samples poisoned (target=0, fraction=0.500, seed=109).
04:44:39  INFO      attacks.neurotoxin_client — Neurotoxin client [5] round 96: poisoned 132/267 samples (target=0, masked=True).
04:45:28  INFO      datasets.backdoor — BackdoorDataset: 132 / 267 samples poisoned (target=0, fraction=0.500, seed=122).
04:45:31  INFO      attacks.neurotoxin_client — Neurotoxin client [17] round 97: poisoned 132/267 samples (target=0, masked=True).
04:45:31  INFO      datasets.backdoor — BackdoorDataset: 133 / 267 samples poisoned (target=0, fraction=0.500, seed=136).
04:45:35  INFO      attacks.neurotoxin_client — Neurotoxin client [31] round 97: poisoned 133/267 samples (target=0, masked=True).
04:45:54  INFO      datasets.backdoor — BackdoorDataset: 132 / 267 samples poisoned (target=0, fraction=0.500, seed=116).
04:45:57  INFO      attacks.neurotoxin_client — Neurotoxin client [10] round 98: poisoned 132/267 samples (target=0, masked=True).
04:46:03  INFO      datasets.backdoor — BackdoorDataset: 133 / 267 samples poisoned (target=0, fraction=0.500, seed=130).
04:46:06  INFO      attacks.neurotoxin_client — Neurotoxin client [24] round 98: poisoned 133/267 samples (target=0, masked=True).
04:46:28  INFO      datasets.backdoor — BackdoorDataset: 133 / 267 samples poisoned (target=0, fraction=0.500, seed=131).
04:46:31  INFO      attacks.neurotoxin_client — Neurotoxin client [24] round 99: poisoned 133/267 samples (target=0, masked=True).
04:47:14  INFO      datasets.backdoor — BackdoorDataset: 132 / 266 samples poisoned (target=0, fraction=0.500, seed=156).
04:47:17  INFO      attacks.neurotoxin_client — Neurotoxin client [48] round 100: poisoned 132/266 samples (target=0, masked=True).
04:47:36  INFO      experiment.runner — Round  101/200  |  acc:  90.50%  loss: 0.3793  |  ASR:   0.22%  asr_loss: 22.1668  |  mF1: 86.6%
04:48:19  INFO      datasets.backdoor — BackdoorDataset: 132 / 267 samples poisoned (target=0, fraction=0.500, seed=115).
04:48:22  INFO      attacks.neurotoxin_client — Neurotoxin client [5] round 102: poisoned 132/267 samples (target=0, masked=True).
04:48:58  INFO      datasets.backdoor — BackdoorDataset: 132 / 267 samples poisoned (target=0, fraction=0.500, seed=128).
04:49:02  INFO      attacks.neurotoxin_client — Neurotoxin client [17] round 103: poisoned 132/267 samples (target=0, masked=True).
04:49:05  INFO      datasets.backdoor — BackdoorDataset: 132 / 267 samples poisoned (target=0, fraction=0.500, seed=116).
04:49:08  INFO      attacks.neurotoxin_client — Neurotoxin client [5] round 103: poisoned 132/267 samples (target=0, masked=True).
04:49:21  INFO      datasets.backdoor — BackdoorDataset: 131 / 267 samples poisoned (target=0, fraction=0.500, seed=128).
04:49:24  INFO      attacks.neurotoxin_client — Neurotoxin client [16] round 104: poisoned 131/267 samples (target=0, masked=True).
04:49:49  INFO      datasets.backdoor — BackdoorDataset: 133 / 266 samples poisoned (target=0, fraction=0.500, seed=203).
04:49:52  INFO      attacks.neurotoxin_client — Neurotoxin client [90] round 105: poisoned 133/266 samples (target=0, masked=True).
04:50:00  INFO      datasets.backdoor — BackdoorDataset: 132 / 267 samples poisoned (target=0, fraction=0.500, seed=130).
04:50:04  INFO      attacks.neurotoxin_client — Neurotoxin client [17] round 105: poisoned 132/267 samples (target=0, masked=True).
04:50:21  INFO      datasets.backdoor — BackdoorDataset: 133 / 267 samples poisoned (target=0, fraction=0.500, seed=143).
04:50:24  INFO      attacks.neurotoxin_client — Neurotoxin client [29] round 106: poisoned 133/267 samples (target=0, masked=True).
04:50:44  INFO      datasets.backdoor — BackdoorDataset: 132 / 267 samples poisoned (target=0, fraction=0.500, seed=124).
04:50:48  INFO      attacks.neurotoxin_client — Neurotoxin client [10] round 106: poisoned 132/267 samples (target=0, masked=True).
04:52:07  INFO      datasets.backdoor — BackdoorDataset: 131 / 267 samples poisoned (target=0, fraction=0.500, seed=133).
04:52:10  INFO      attacks.neurotoxin_client — Neurotoxin client [16] round 109: poisoned 131/267 samples (target=0, masked=True).
04:52:29  INFO      datasets.backdoor — BackdoorDataset: 132 / 266 samples poisoned (target=0, fraction=0.500, seed=165).
04:52:32  INFO      attacks.neurotoxin_client — Neurotoxin client [48] round 109: poisoned 132/266 samples (target=0, masked=True).
04:53:15  INFO      experiment.runner — Round  111/200  |  acc:  90.47%  loss: 0.3873  |  ASR:   0.41%  asr_loss: 21.7756  |  mF1: 86.2%
04:53:46  INFO      datasets.backdoor — BackdoorDataset: 132 / 266 samples poisoned (target=0, fraction=0.500, seed=168).
04:53:49  INFO      attacks.neurotoxin_client — Neurotoxin client [48] round 112: poisoned 132/266 samples (target=0, masked=True).
04:54:08  INFO      datasets.backdoor — BackdoorDataset: 133 / 267 samples poisoned (target=0, fraction=0.500, seed=149).
04:54:11  INFO      attacks.neurotoxin_client — Neurotoxin client [29] round 112: poisoned 133/267 samples (target=0, masked=True).
04:54:33  INFO      datasets.backdoor — BackdoorDataset: 133 / 267 samples poisoned (target=0, fraction=0.500, seed=152).
04:54:35  INFO      attacks.neurotoxin_client — Neurotoxin client [31] round 113: poisoned 133/267 samples (target=0, masked=True).
04:55:28  INFO      datasets.backdoor — BackdoorDataset: 133 / 267 samples poisoned (target=0, fraction=0.500, seed=152).
04:55:31  INFO      attacks.neurotoxin_client — Neurotoxin client [29] round 115: poisoned 133/267 samples (target=0, masked=True).
04:55:53  INFO      datasets.backdoor — BackdoorDataset: 133 / 267 samples poisoned (target=0, fraction=0.500, seed=147).
04:55:55  INFO      attacks.neurotoxin_client — Neurotoxin client [24] round 115: poisoned 133/267 samples (target=0, masked=True).
04:56:07  INFO      datasets.backdoor — BackdoorDataset: 132 / 266 samples poisoned (target=0, fraction=0.500, seed=172).
04:56:10  INFO      attacks.neurotoxin_client — Neurotoxin client [48] round 116: poisoned 132/266 samples (target=0, masked=True).
04:56:17  INFO      datasets.backdoor — BackdoorDataset: 133 / 267 samples poisoned (target=0, fraction=0.500, seed=153).
04:56:20  INFO      attacks.neurotoxin_client — Neurotoxin client [29] round 116: poisoned 133/267 samples (target=0, masked=True).
04:56:27  INFO      datasets.backdoor — BackdoorDataset: 131 / 267 samples poisoned (target=0, fraction=0.500, seed=140).
04:56:31  INFO      attacks.neurotoxin_client — Neurotoxin client [16] round 116: poisoned 131/267 samples (target=0, masked=True).
04:56:55  INFO      datasets.backdoor — BackdoorDataset: 132 / 267 samples poisoned (target=0, fraction=0.500, seed=135).
04:56:58  INFO      attacks.neurotoxin_client — Neurotoxin client [10] round 117: poisoned 132/267 samples (target=0, masked=True).
04:57:46  INFO      datasets.backdoor — BackdoorDataset: 131 / 267 samples poisoned (target=0, fraction=0.500, seed=143).
04:57:51  INFO      attacks.neurotoxin_client — Neurotoxin client [16] round 119: poisoned 131/267 samples (target=0, masked=True).
04:58:19  INFO      datasets.backdoor — BackdoorDataset: 132 / 267 samples poisoned (target=0, fraction=0.500, seed=145).
04:58:22  INFO      attacks.neurotoxin_client — Neurotoxin client [17] round 120: poisoned 132/267 samples (target=0, masked=True).
04:59:03  INFO      experiment.runner — Round  121/200  |  acc:  90.46%  loss: 0.3932  |  ASR:   1.91%  asr_loss: 20.8113  |  mF1: 86.4%
04:59:16  INFO      datasets.backdoor — BackdoorDataset: 132 / 266 samples poisoned (target=0, fraction=0.500, seed=176).
04:59:19  INFO      attacks.neurotoxin_client — Neurotoxin client [47] round 121: poisoned 132/266 samples (target=0, masked=True).
04:59:23  INFO      datasets.backdoor — BackdoorDataset: 133 / 267 samples poisoned (target=0, fraction=0.500, seed=158).
04:59:26  INFO      attacks.neurotoxin_client — Neurotoxin client [29] round 121: poisoned 133/267 samples (target=0, masked=True).
04:59:57  INFO      datasets.backdoor — BackdoorDataset: 132 / 267 samples poisoned (target=0, fraction=0.500, seed=147).
05:00:01  INFO      attacks.neurotoxin_client — Neurotoxin client [17] round 122: poisoned 132/267 samples (target=0, masked=True).
05:00:24  INFO      datasets.backdoor — BackdoorDataset: 133 / 267 samples poisoned (target=0, fraction=0.500, seed=155).
05:00:27  INFO      attacks.neurotoxin_client — Neurotoxin client [24] round 123: poisoned 133/267 samples (target=0, masked=True).
05:01:26  INFO      datasets.backdoor — BackdoorDataset: 133 / 267 samples poisoned (target=0, fraction=0.500, seed=157).
05:01:30  INFO      attacks.neurotoxin_client — Neurotoxin client [24] round 125: poisoned 133/267 samples (target=0, masked=True).
05:01:31  INFO      datasets.backdoor — BackdoorDataset: 133 / 267 samples poisoned (target=0, fraction=0.500, seed=162).
05:01:34  INFO      attacks.neurotoxin_client — Neurotoxin client [29] round 125: poisoned 133/267 samples (target=0, masked=True).
05:01:41  INFO      datasets.backdoor — BackdoorDataset: 132 / 267 samples poisoned (target=0, fraction=0.500, seed=143).
05:01:44  INFO      attacks.neurotoxin_client — Neurotoxin client [10] round 125: poisoned 132/267 samples (target=0, masked=True).
05:01:58  INFO      datasets.backdoor — BackdoorDataset: 132 / 267 samples poisoned (target=0, fraction=0.500, seed=151).
05:02:01  INFO      attacks.neurotoxin_client — Neurotoxin client [17] round 126: poisoned 132/267 samples (target=0, masked=True).
05:02:44  INFO      datasets.backdoor — BackdoorDataset: 132 / 267 samples poisoned (target=0, fraction=0.500, seed=145).
05:02:47  INFO      attacks.neurotoxin_client — Neurotoxin client [10] round 127: poisoned 132/267 samples (target=0, masked=True).
05:02:51  INFO      datasets.backdoor — BackdoorDataset: 132 / 266 samples poisoned (target=0, fraction=0.500, seed=182).
05:02:54  INFO      attacks.neurotoxin_client — Neurotoxin client [47] round 127: poisoned 132/266 samples (target=0, masked=True).
05:03:08  INFO      datasets.backdoor — BackdoorDataset: 133 / 267 samples poisoned (target=0, fraction=0.500, seed=165).
05:03:11  INFO      attacks.neurotoxin_client — Neurotoxin client [29] round 128: poisoned 133/267 samples (target=0, masked=True).
05:03:58  INFO      datasets.backdoor — BackdoorDataset: 132 / 267 samples poisoned (target=0, fraction=0.500, seed=154).
05:04:01  INFO      attacks.neurotoxin_client — Neurotoxin client [17] round 129: poisoned 132/267 samples (target=0, masked=True).
05:04:26  INFO      datasets.backdoor — BackdoorDataset: 132 / 266 samples poisoned (target=0, fraction=0.500, seed=186).
05:04:30  INFO      attacks.neurotoxin_client — Neurotoxin client [48] round 130: poisoned 132/266 samples (target=0, masked=True).
05:04:49  INFO      experiment.runner — Round  131/200  |  acc:  91.50%  loss: 0.3490  |  ASR:   1.67%  asr_loss: 21.4703  |  mF1: 87.5%
05:04:56  INFO      datasets.backdoor — BackdoorDataset: 132 / 266 samples poisoned (target=0, fraction=0.500, seed=187).
05:05:00  INFO      attacks.neurotoxin_client — Neurotoxin client [48] round 131: poisoned 132/266 samples (target=0, masked=True).
05:05:27  INFO      datasets.backdoor — BackdoorDataset: 133 / 267 samples poisoned (target=0, fraction=0.500, seed=171).
05:05:30  INFO      attacks.neurotoxin_client — Neurotoxin client [31] round 132: poisoned 133/267 samples (target=0, masked=True).
05:05:48  INFO      datasets.backdoor — BackdoorDataset: 132 / 267 samples poisoned (target=0, fraction=0.500, seed=157).
05:05:52  INFO      attacks.neurotoxin_client — Neurotoxin client [17] round 132: poisoned 132/267 samples (target=0, masked=True).
05:08:02  INFO      datasets.backdoor — BackdoorDataset: 132 / 267 samples poisoned (target=0, fraction=0.500, seed=161).
05:08:05  INFO      attacks.neurotoxin_client — Neurotoxin client [17] round 136: poisoned 132/267 samples (target=0, masked=True).
05:08:29  INFO      datasets.backdoor — BackdoorDataset: 133 / 267 samples poisoned (target=0, fraction=0.500, seed=176).
05:08:33  INFO      attacks.neurotoxin_client — Neurotoxin client [31] round 137: poisoned 133/267 samples (target=0, masked=True).
05:08:37  INFO      datasets.backdoor — BackdoorDataset: 132 / 266 samples poisoned (target=0, fraction=0.500, seed=193).
05:08:41  INFO      attacks.neurotoxin_client — Neurotoxin client [48] round 137: poisoned 132/266 samples (target=0, masked=True).
05:09:17  INFO      datasets.backdoor — BackdoorDataset: 132 / 267 samples poisoned (target=0, fraction=0.500, seed=164).
05:09:20  INFO      attacks.neurotoxin_client — Neurotoxin client [17] round 139: poisoned 132/267 samples (target=0, masked=True).
05:10:19  INFO      datasets.backdoor — BackdoorDataset: 132 / 267 samples poisoned (target=0, fraction=0.500, seed=153).
05:10:23  INFO      attacks.neurotoxin_client — Neurotoxin client [5] round 140: poisoned 132/267 samples (target=0, masked=True).
05:10:32  INFO      experiment.runner — Round  141/200  |  acc:  91.50%  loss: 0.3447  |  ASR:   5.00%  asr_loss: 19.0578  |  mF1: 87.8%
05:10:41  INFO      datasets.backdoor — BackdoorDataset: 132 / 267 samples poisoned (target=0, fraction=0.500, seed=166).
05:10:45  INFO      attacks.neurotoxin_client — Neurotoxin client [17] round 141: poisoned 132/267 samples (target=0, masked=True).
05:10:53  INFO      datasets.backdoor — BackdoorDataset: 131 / 267 samples poisoned (target=0, fraction=0.500, seed=165).
05:10:57  INFO      attacks.neurotoxin_client — Neurotoxin client [16] round 141: poisoned 131/267 samples (target=0, masked=True).
05:11:10  INFO      datasets.backdoor — BackdoorDataset: 131 / 267 samples poisoned (target=0, fraction=0.500, seed=166).
05:11:13  INFO      attacks.neurotoxin_client — Neurotoxin client [16] round 142: poisoned 131/267 samples (target=0, masked=True).
05:12:19  INFO      datasets.backdoor — BackdoorDataset: 132 / 267 samples poisoned (target=0, fraction=0.500, seed=157).
05:12:23  INFO      attacks.neurotoxin_client — Neurotoxin client [5] round 144: poisoned 132/267 samples (target=0, masked=True).
05:12:35  INFO      datasets.backdoor — BackdoorDataset: 132 / 267 samples poisoned (target=0, fraction=0.500, seed=169).
05:12:38  INFO      attacks.neurotoxin_client — Neurotoxin client [17] round 144: poisoned 132/267 samples (target=0, masked=True).
05:13:11  INFO      datasets.backdoor — BackdoorDataset: 132 / 267 samples poisoned (target=0, fraction=0.500, seed=158).
05:13:15  INFO      attacks.neurotoxin_client — Neurotoxin client [5] round 145: poisoned 132/267 samples (target=0, masked=True).
05:13:47  INFO      datasets.backdoor — BackdoorDataset: 132 / 267 samples poisoned (target=0, fraction=0.500, seed=164).
05:13:50  INFO      attacks.neurotoxin_client — Neurotoxin client [10] round 146: poisoned 132/267 samples (target=0, masked=True).
05:14:10  INFO      datasets.backdoor — BackdoorDataset: 131 / 267 samples poisoned (target=0, fraction=0.500, seed=171).
05:14:13  INFO      attacks.neurotoxin_client — Neurotoxin client [16] round 147: poisoned 131/267 samples (target=0, masked=True).
05:15:30  INFO      datasets.backdoor — BackdoorDataset: 133 / 267 samples poisoned (target=0, fraction=0.500, seed=186).
05:15:33  INFO      attacks.neurotoxin_client — Neurotoxin client [29] round 149: poisoned 133/267 samples (target=0, masked=True).
05:15:34  INFO      datasets.backdoor — BackdoorDataset: 132 / 266 samples poisoned (target=0, fraction=0.500, seed=205).
05:15:37  INFO      attacks.neurotoxin_client — Neurotoxin client [47] round 150: poisoned 132/266 samples (target=0, masked=True).
05:15:43  INFO      datasets.backdoor — BackdoorDataset: 132 / 267 samples poisoned (target=0, fraction=0.500, seed=168).
05:15:46  INFO      attacks.neurotoxin_client — Neurotoxin client [10] round 150: poisoned 132/267 samples (target=0, masked=True).
05:15:53  INFO      datasets.backdoor — BackdoorDataset: 132 / 267 samples poisoned (target=0, fraction=0.500, seed=163).
05:15:56  INFO      attacks.neurotoxin_client — Neurotoxin client [5] round 150: poisoned 132/267 samples (target=0, masked=True).
05:16:14  INFO      experiment.runner — Round  151/200  |  acc:  91.42%  loss: 0.3533  |  ASR:  15.46%  asr_loss: 15.6486  |  mF1: 88.1%
05:16:32  INFO      datasets.backdoor — BackdoorDataset: 131 / 267 samples poisoned (target=0, fraction=0.500, seed=175).
05:16:35  INFO      attacks.neurotoxin_client — Neurotoxin client [16] round 151: poisoned 131/267 samples (target=0, masked=True).
05:16:53  INFO      datasets.backdoor — BackdoorDataset: 132 / 267 samples poisoned (target=0, fraction=0.500, seed=170).
05:16:59  INFO      attacks.neurotoxin_client — Neurotoxin client [10] round 152: poisoned 132/267 samples (target=0, masked=True).
05:17:31  INFO      datasets.backdoor — BackdoorDataset: 132 / 267 samples poisoned (target=0, fraction=0.500, seed=166).
05:17:34  INFO      attacks.neurotoxin_client — Neurotoxin client [5] round 153: poisoned 132/267 samples (target=0, masked=True).
05:17:46  INFO      datasets.backdoor — BackdoorDataset: 131 / 267 samples poisoned (target=0, fraction=0.500, seed=177).
05:17:49  INFO      attacks.neurotoxin_client — Neurotoxin client [16] round 153: poisoned 131/267 samples (target=0, masked=True).
05:17:52  INFO      datasets.backdoor — BackdoorDataset: 132 / 266 samples poisoned (target=0, fraction=0.500, seed=209).
05:17:55  INFO      attacks.neurotoxin_client — Neurotoxin client [48] round 153: poisoned 132/266 samples (target=0, masked=True).
05:18:13  INFO      datasets.backdoor — BackdoorDataset: 131 / 267 samples poisoned (target=0, fraction=0.500, seed=178).
05:18:17  INFO      attacks.neurotoxin_client — Neurotoxin client [16] round 154: poisoned 131/267 samples (target=0, masked=True).
05:18:25  INFO      datasets.backdoor — BackdoorDataset: 132 / 267 samples poisoned (target=0, fraction=0.500, seed=167).
05:18:29  INFO      attacks.neurotoxin_client — Neurotoxin client [5] round 154: poisoned 132/267 samples (target=0, masked=True).
05:19:37  INFO      datasets.backdoor — BackdoorDataset: 133 / 266 samples poisoned (target=0, fraction=0.500, seed=255).
05:19:41  INFO      attacks.neurotoxin_client — Neurotoxin client [90] round 157: poisoned 133/266 samples (target=0, masked=True).
05:20:26  INFO      datasets.backdoor — BackdoorDataset: 133 / 266 samples poisoned (target=0, fraction=0.500, seed=256).
05:20:30  INFO      attacks.neurotoxin_client — Neurotoxin client [90] round 158: poisoned 133/266 samples (target=0, masked=True).
05:20:38  INFO      datasets.backdoor — BackdoorDataset: 132 / 267 samples poisoned (target=0, fraction=0.500, seed=171).
05:20:41  INFO      attacks.neurotoxin_client — Neurotoxin client [5] round 158: poisoned 132/267 samples (target=0, masked=True).
05:20:47  INFO      datasets.backdoor — BackdoorDataset: 132 / 267 samples poisoned (target=0, fraction=0.500, seed=184).
05:20:50  INFO      attacks.neurotoxin_client — Neurotoxin client [17] round 159: poisoned 132/267 samples (target=0, masked=True).
05:21:16  INFO      datasets.backdoor — BackdoorDataset: 133 / 266 samples poisoned (target=0, fraction=0.500, seed=258).
05:21:19  INFO      attacks.neurotoxin_client — Neurotoxin client [90] round 160: poisoned 133/266 samples (target=0, masked=True).
05:21:22  INFO      datasets.backdoor — BackdoorDataset: 132 / 267 samples poisoned (target=0, fraction=0.500, seed=173).
05:21:25  INFO      attacks.neurotoxin_client — Neurotoxin client [5] round 160: poisoned 132/267 samples (target=0, masked=True).
05:21:29  INFO      datasets.backdoor — BackdoorDataset: 131 / 267 samples poisoned (target=0, fraction=0.500, seed=184).
05:21:32  INFO      attacks.neurotoxin_client — Neurotoxin client [16] round 160: poisoned 131/267 samples (target=0, masked=True).
05:21:54  INFO      experiment.runner — Round  161/200  |  acc:  91.72%  loss: 0.3452  |  ASR:  22.54%  asr_loss: 13.6429  |  mF1: 88.1%
05:23:06  INFO      datasets.backdoor — BackdoorDataset: 132 / 267 samples poisoned (target=0, fraction=0.500, seed=188).
05:23:09  INFO      attacks.neurotoxin_client — Neurotoxin client [17] round 163: poisoned 132/267 samples (target=0, masked=True).
05:23:24  INFO      datasets.backdoor — BackdoorDataset: 133 / 267 samples poisoned (target=0, fraction=0.500, seed=200).
05:23:27  INFO      attacks.neurotoxin_client — Neurotoxin client [29] round 163: poisoned 133/267 samples (target=0, masked=True).
05:23:46  INFO      datasets.backdoor — BackdoorDataset: 132 / 267 samples poisoned (target=0, fraction=0.500, seed=189).
05:23:49  INFO      attacks.neurotoxin_client — Neurotoxin client [17] round 164: poisoned 132/267 samples (target=0, masked=True).
05:24:11  INFO      datasets.backdoor — BackdoorDataset: 132 / 266 samples poisoned (target=0, fraction=0.500, seed=220).
05:24:14  INFO      attacks.neurotoxin_client — Neurotoxin client [47] round 165: poisoned 132/266 samples (target=0, masked=True).
05:24:49  INFO      datasets.backdoor — BackdoorDataset: 133 / 267 samples poisoned (target=0, fraction=0.500, seed=205).
05:24:53  INFO      attacks.neurotoxin_client — Neurotoxin client [31] round 166: poisoned 133/267 samples (target=0, masked=True).
05:25:18  INFO      datasets.backdoor — BackdoorDataset: 133 / 267 samples poisoned (target=0, fraction=0.500, seed=206).
05:25:21  INFO      attacks.neurotoxin_client — Neurotoxin client [31] round 167: poisoned 133/267 samples (target=0, masked=True).
05:25:27  INFO      datasets.backdoor — BackdoorDataset: 132 / 266 samples poisoned (target=0, fraction=0.500, seed=223).
05:25:30  INFO      attacks.neurotoxin_client — Neurotoxin client [48] round 167: poisoned 132/266 samples (target=0, masked=True).
05:26:23  INFO      datasets.backdoor — BackdoorDataset: 132 / 267 samples poisoned (target=0, fraction=0.500, seed=194).
05:26:27  INFO      attacks.neurotoxin_client — Neurotoxin client [17] round 169: poisoned 132/267 samples (target=0, masked=True).
05:26:42  INFO      datasets.backdoor — BackdoorDataset: 132 / 266 samples poisoned (target=0, fraction=0.500, seed=225).
05:26:45  INFO      attacks.neurotoxin_client — Neurotoxin client [48] round 169: poisoned 132/266 samples (target=0, masked=True).
05:26:49  INFO      datasets.backdoor — BackdoorDataset: 132 / 267 samples poisoned (target=0, fraction=0.500, seed=187).
05:26:52  INFO      attacks.neurotoxin_client — Neurotoxin client [10] round 169: poisoned 132/267 samples (target=0, masked=True).
05:27:35  INFO      experiment.runner — Round  171/200  |  acc:  91.99%  loss: 0.3374  |  ASR:  22.47%  asr_loss: 14.5624  |  mF1: 88.2%
05:27:35  INFO      datasets.backdoor — BackdoorDataset: 133 / 266 samples poisoned (target=0, fraction=0.500, seed=269).
05:27:39  INFO      attacks.neurotoxin_client — Neurotoxin client [90] round 171: poisoned 133/266 samples (target=0, masked=True).
05:27:55  INFO      datasets.backdoor — BackdoorDataset: 132 / 266 samples poisoned (target=0, fraction=0.500, seed=226).
05:27:58  INFO      attacks.neurotoxin_client — Neurotoxin client [47] round 171: poisoned 132/266 samples (target=0, masked=True).
05:28:23  INFO      datasets.backdoor — BackdoorDataset: 132 / 266 samples poisoned (target=0, fraction=0.500, seed=228).
05:28:26  INFO      attacks.neurotoxin_client — Neurotoxin client [48] round 172: poisoned 132/266 samples (target=0, masked=True).
05:28:30  INFO      datasets.backdoor — BackdoorDataset: 133 / 266 samples poisoned (target=0, fraction=0.500, seed=270).
05:28:33  INFO      attacks.neurotoxin_client — Neurotoxin client [90] round 172: poisoned 133/266 samples (target=0, masked=True).
05:28:41  INFO      datasets.backdoor — BackdoorDataset: 133 / 266 samples poisoned (target=0, fraction=0.500, seed=271).
05:28:45  INFO      attacks.neurotoxin_client — Neurotoxin client [90] round 173: poisoned 133/266 samples (target=0, masked=True).
05:29:14  INFO      datasets.backdoor — BackdoorDataset: 133 / 267 samples poisoned (target=0, fraction=0.500, seed=211).
05:29:17  INFO      attacks.neurotoxin_client — Neurotoxin client [29] round 174: poisoned 133/267 samples (target=0, masked=True).
05:30:00  INFO      datasets.backdoor — BackdoorDataset: 132 / 266 samples poisoned (target=0, fraction=0.500, seed=231).
05:30:03  INFO      attacks.neurotoxin_client — Neurotoxin client [48] round 175: poisoned 132/266 samples (target=0, masked=True).
05:31:46  INFO      datasets.backdoor — BackdoorDataset: 133 / 267 samples poisoned (target=0, fraction=0.500, seed=215).
05:31:49  INFO      attacks.neurotoxin_client — Neurotoxin client [29] round 178: poisoned 133/267 samples (target=0, masked=True).
05:32:20  INFO      datasets.backdoor — BackdoorDataset: 132 / 267 samples poisoned (target=0, fraction=0.500, seed=197).
05:32:24  INFO      attacks.neurotoxin_client — Neurotoxin client [10] round 179: poisoned 132/267 samples (target=0, masked=True).
05:33:02  INFO      datasets.backdoor — BackdoorDataset: 133 / 267 samples poisoned (target=0, fraction=0.500, seed=219).
05:33:05  INFO      attacks.neurotoxin_client — Neurotoxin client [31] round 180: poisoned 133/267 samples (target=0, masked=True).
05:33:16  INFO      experiment.runner — Round  181/200  |  acc:  91.64%  loss: 0.3412  |  ASR:  21.96%  asr_loss: 14.8359  |  mF1: 88.2%
05:33:27  INFO      datasets.backdoor — BackdoorDataset: 132 / 267 samples poisoned (target=0, fraction=0.500, seed=206).
05:33:30  INFO      attacks.neurotoxin_client — Neurotoxin client [17] round 181: poisoned 132/267 samples (target=0, masked=True).
05:33:41  INFO      datasets.backdoor — BackdoorDataset: 133 / 267 samples poisoned (target=0, fraction=0.500, seed=213).
05:33:44  INFO      attacks.neurotoxin_client — Neurotoxin client [24] round 181: poisoned 133/267 samples (target=0, masked=True).
05:34:25  INFO      datasets.backdoor — BackdoorDataset: 132 / 267 samples poisoned (target=0, fraction=0.500, seed=196).
05:34:29  INFO      attacks.neurotoxin_client — Neurotoxin client [5] round 183: poisoned 132/267 samples (target=0, masked=True).
05:34:39  INFO      datasets.backdoor — BackdoorDataset: 133 / 267 samples poisoned (target=0, fraction=0.500, seed=215).
05:34:42  INFO      attacks.neurotoxin_client — Neurotoxin client [24] round 183: poisoned 133/267 samples (target=0, masked=True).
05:34:42  INFO      datasets.backdoor — BackdoorDataset: 133 / 266 samples poisoned (target=0, fraction=0.500, seed=281).
05:34:45  INFO      attacks.neurotoxin_client — Neurotoxin client [90] round 183: poisoned 133/266 samples (target=0, masked=True).
05:34:48  INFO      datasets.backdoor — BackdoorDataset: 133 / 267 samples poisoned (target=0, fraction=0.500, seed=220).
05:34:51  INFO      attacks.neurotoxin_client — Neurotoxin client [29] round 183: poisoned 133/267 samples (target=0, masked=True).
05:36:02  INFO      datasets.backdoor — BackdoorDataset: 131 / 267 samples poisoned (target=0, fraction=0.500, seed=210).
05:36:06  INFO      attacks.neurotoxin_client — Neurotoxin client [16] round 186: poisoned 131/267 samples (target=0, masked=True).
05:36:44  INFO      datasets.backdoor — BackdoorDataset: 132 / 267 samples poisoned (target=0, fraction=0.500, seed=200).
05:36:49  INFO      attacks.neurotoxin_client — Neurotoxin client [5] round 187: poisoned 132/267 samples (target=0, masked=True).
05:37:14  INFO      datasets.backdoor — BackdoorDataset: 132 / 266 samples poisoned (target=0, fraction=0.500, seed=243).
05:37:17  INFO      attacks.neurotoxin_client — Neurotoxin client [47] round 188: poisoned 132/266 samples (target=0, masked=True).
05:38:13  INFO      datasets.backdoor — BackdoorDataset: 133 / 267 samples poisoned (target=0, fraction=0.500, seed=222).
05:38:17  INFO      attacks.neurotoxin_client — Neurotoxin client [24] round 190: poisoned 133/267 samples (target=0, masked=True).
05:38:56  INFO      experiment.runner — Round  191/200  |  acc:  91.90%  loss: 0.3453  |  ASR:  29.15%  asr_loss: 13.6713  |  mF1: 88.3%
05:38:57  INFO      datasets.backdoor — BackdoorDataset: 133 / 267 samples poisoned (target=0, fraction=0.500, seed=230).
05:39:02  INFO      attacks.neurotoxin_client — Neurotoxin client [31] round 191: poisoned 133/267 samples (target=0, masked=True).
05:39:17  INFO      datasets.backdoor — BackdoorDataset: 133 / 267 samples poisoned (target=0, fraction=0.500, seed=228).
05:39:20  INFO      attacks.neurotoxin_client — Neurotoxin client [29] round 191: poisoned 133/267 samples (target=0, masked=True).
05:40:10  INFO      datasets.backdoor — BackdoorDataset: 132 / 266 samples poisoned (target=0, fraction=0.500, seed=248).
05:40:13  INFO      attacks.neurotoxin_client — Neurotoxin client [47] round 193: poisoned 132/266 samples (target=0, masked=True).
05:40:26  INFO      datasets.backdoor — BackdoorDataset: 132 / 266 samples poisoned (target=0, fraction=0.500, seed=249).
05:40:30  INFO      attacks.neurotoxin_client — Neurotoxin client [48] round 193: poisoned 132/266 samples (target=0, masked=True).
05:40:51  INFO      datasets.backdoor — BackdoorDataset: 132 / 267 samples poisoned (target=0, fraction=0.500, seed=207).
05:40:55  INFO      attacks.neurotoxin_client — Neurotoxin client [5] round 194: poisoned 132/267 samples (target=0, masked=True).
05:41:26  INFO      datasets.backdoor — BackdoorDataset: 131 / 267 samples poisoned (target=0, fraction=0.500, seed=219).
05:41:30  INFO      attacks.neurotoxin_client — Neurotoxin client [16] round 195: poisoned 131/267 samples (target=0, masked=True).
05:42:25  INFO      datasets.backdoor — BackdoorDataset: 132 / 267 samples poisoned (target=0, fraction=0.500, seed=215).
05:42:28  INFO      attacks.neurotoxin_client — Neurotoxin client [10] round 197: poisoned 132/267 samples (target=0, masked=True).
05:42:52  INFO      datasets.backdoor — BackdoorDataset: 132 / 267 samples poisoned (target=0, fraction=0.500, seed=223).
05:42:56  INFO      attacks.neurotoxin_client — Neurotoxin client [17] round 198: poisoned 132/267 samples (target=0, masked=True).
05:43:40  INFO      datasets.backdoor — BackdoorDataset: 132 / 267 samples poisoned (target=0, fraction=0.500, seed=217).
05:43:44  INFO      attacks.neurotoxin_client — Neurotoxin client [10] round 199: poisoned 132/267 samples (target=0, masked=True).
05:44:04  INFO      experiment.runner — Round  200/200  |  acc:  92.05%  loss: 0.3549  |  ASR:  27.23%  asr_loss: 14.9076  |  mF1: 88.5%
05:44:04  INFO      experiment.runner — Final model saved to results/benchmark/gtsrb_neurotoxin_nnm_krum_seed8/final_model.pt
05:44:04  INFO      experiment.runner — Client atypicality written to results/benchmark/gtsrb_neurotoxin_nnm_krum_seed8/client_atypicality.json
05:44:04  INFO      experiment.runner — Client inclusion rates written to results/benchmark/gtsrb_neurotoxin_nnm_krum_seed8/client_inclusion.csv
05:44:04  INFO      benchmark — ✓  gtsrb_neurotoxin_nnm_krum_seed8  (113.3 min)
05:44:04  INFO      benchmark — ▶  gtsrb_neurotoxin_nnm_krum_seed9
05:44:04  INFO      experiment.runner — Initialising 'gtsrb_neurotoxin_nnm_krum_seed9' | device=cuda | rounds=200 | clients=10/100 | attack=neurotoxin | defense=nnm
05:44:05  INFO      defenses.nnm — NNMServer — f=1  base_rule=krum
05:44:07  INFO      experiment.utils — Built 100 clients — 10 malicious, 90 benign.
05:44:07  INFO      datasets.backdoor — BackdoorDataset: 12570 / 12570 samples poisoned (target=0, fraction=1.000, seed=0).
05:44:07  INFO      experiment.runner — Setup complete — 100 clients (10 malicious) | backdoor eval: static-trigger

==============================================================
  Summary — 21 rounds evaluated
==============================================================
  Final clean accuracy               92.05%
  Best  clean accuracy               92.05%
  Final clean loss                   0.3549
  Macro F1                           88.45%
  Final ASR                          27.23%
  Mean ASR (attack window)           12.56%
  Max  ASR (attack window)           29.15%
==============================================================

05:44:48  INFO      experiment.runner — Round    1/200  |  acc:   7.35%  loss: 3.5005  |  ASR:   0.00%  asr_loss: 4.9790  |  mF1: 1.3%
05:50:22  INFO      experiment.runner — Round   11/200  |  acc:  47.66%  loss: 1.7334  |  ASR:   0.02%  asr_loss: 8.3576  |  mF1: 30.7%
05:55:52  INFO      experiment.runner — Round   21/200  |  acc:  66.94%  loss: 1.1015  |  ASR:   0.04%  asr_loss: 14.7842  |  mF1: 54.3%
06:01:23  INFO      experiment.runner — Round   31/200  |  acc:  74.44%  loss: 0.8884  |  ASR:   0.32%  asr_loss: 19.2103  |  mF1: 69.4%
06:06:51  INFO      experiment.runner — Round   41/200  |  acc:  80.69%  loss: 0.7381  |  ASR:   0.05%  asr_loss: 23.7869  |  mF1: 73.9%
06:11:44  INFO      datasets.backdoor — BackdoorDataset: 133 / 266 samples poisoned (target=0, fraction=0.500, seed=145).
06:11:47  INFO      attacks.neurotoxin_client — Neurotoxin client [86] round 50: poisoned 133/266 samples (target=0, masked=True).
06:11:57  INFO      datasets.backdoor — BackdoorDataset: 132 / 267 samples poisoned (target=0, fraction=0.500, seed=93).
06:12:00  INFO      attacks.neurotoxin_client — Neurotoxin client [34] round 50: poisoned 132/267 samples (target=0, masked=True).
06:12:24  INFO      experiment.runner — Round   51/200  |  acc:  85.30%  loss: 0.5485  |  ASR:   0.03%  asr_loss: 19.3957  |  mF1: 79.8%
06:12:45  INFO      datasets.backdoor — BackdoorDataset: 133 / 266 samples poisoned (target=0, fraction=0.500, seed=146).
06:12:48  INFO      attacks.neurotoxin_client — Neurotoxin client [86] round 51: poisoned 133/266 samples (target=0, masked=True).
06:13:14  INFO      datasets.backdoor — BackdoorDataset: 132 / 267 samples poisoned (target=0, fraction=0.500, seed=84).
06:13:17  INFO      attacks.neurotoxin_client — Neurotoxin client [23] round 52: poisoned 132/267 samples (target=0, masked=True).
06:13:36  INFO      datasets.backdoor — BackdoorDataset: 133 / 267 samples poisoned (target=0, fraction=0.500, seed=79).
06:13:39  INFO      attacks.neurotoxin_client — Neurotoxin client [17] round 53: poisoned 133/267 samples (target=0, masked=True).
06:13:40  INFO      datasets.backdoor — BackdoorDataset: 131 / 266 samples poisoned (target=0, fraction=0.500, seed=105).
06:13:43  INFO      attacks.neurotoxin_client — Neurotoxin client [43] round 53: poisoned 131/266 samples (target=0, masked=True).
06:14:37  INFO      datasets.backdoor — BackdoorDataset: 133 / 266 samples poisoned (target=0, fraction=0.500, seed=111).
06:14:40  INFO      attacks.neurotoxin_client — Neurotoxin client [47] round 55: poisoned 133/266 samples (target=0, masked=True).
06:14:46  INFO      datasets.backdoor — BackdoorDataset: 132 / 266 samples poisoned (target=0, fraction=0.500, seed=123).
06:14:49  INFO      attacks.neurotoxin_client — Neurotoxin client [59] round 55: poisoned 132/266 samples (target=0, masked=True).
06:15:43  INFO      datasets.backdoor — BackdoorDataset: 132 / 267 samples poisoned (target=0, fraction=0.500, seed=89).
06:15:46  INFO      attacks.neurotoxin_client — Neurotoxin client [23] round 57: poisoned 132/267 samples (target=0, masked=True).
06:16:42  INFO      datasets.backdoor — BackdoorDataset: 131 / 266 samples poisoned (target=0, fraction=0.500, seed=110).
06:16:45  INFO      attacks.neurotoxin_client — Neurotoxin client [43] round 58: poisoned 131/266 samples (target=0, masked=True).
06:17:21  INFO      datasets.backdoor — BackdoorDataset: 132 / 266 samples poisoned (target=0, fraction=0.500, seed=128).
06:17:24  INFO      attacks.neurotoxin_client — Neurotoxin client [59] round 60: poisoned 132/266 samples (target=0, masked=True).
06:18:05  INFO      experiment.runner — Round   61/200  |  acc:  86.71%  loss: 0.5027  |  ASR:   0.08%  asr_loss: 19.9647  |  mF1: 82.0%
06:18:20  INFO      datasets.backdoor — BackdoorDataset: 132 / 266 samples poisoned (target=0, fraction=0.500, seed=134).
06:18:23  INFO      attacks.neurotoxin_client — Neurotoxin client [64] round 61: poisoned 132/266 samples (target=0, masked=True).
06:18:33  INFO      datasets.backdoor — BackdoorDataset: 133 / 267 samples poisoned (target=0, fraction=0.500, seed=87).
06:18:36  INFO      attacks.neurotoxin_client — Neurotoxin client [17] round 61: poisoned 133/267 samples (target=0, masked=True).
06:18:52  INFO      datasets.backdoor — BackdoorDataset: 132 / 267 samples poisoned (target=0, fraction=0.500, seed=94).
06:18:55  INFO      attacks.neurotoxin_client — Neurotoxin client [23] round 62: poisoned 132/267 samples (target=0, masked=True).
06:19:01  INFO      datasets.backdoor — BackdoorDataset: 132 / 266 samples poisoned (target=0, fraction=0.500, seed=149).
06:19:04  INFO      attacks.neurotoxin_client — Neurotoxin client [78] round 62: poisoned 132/266 samples (target=0, masked=True).
06:19:24  INFO      datasets.backdoor — BackdoorDataset: 133 / 266 samples poisoned (target=0, fraction=0.500, seed=119).
06:19:27  INFO      attacks.neurotoxin_client — Neurotoxin client [47] round 63: poisoned 133/266 samples (target=0, masked=True).
06:19:28  INFO      datasets.backdoor — BackdoorDataset: 132 / 266 samples poisoned (target=0, fraction=0.500, seed=150).
06:19:31  INFO      attacks.neurotoxin_client — Neurotoxin client [78] round 63: poisoned 132/266 samples (target=0, masked=True).
06:20:01  INFO      datasets.backdoor — BackdoorDataset: 132 / 266 samples poisoned (target=0, fraction=0.500, seed=132).
06:20:05  INFO      attacks.neurotoxin_client — Neurotoxin client [59] round 64: poisoned 132/266 samples (target=0, masked=True).
06:20:21  INFO      datasets.backdoor — BackdoorDataset: 132 / 266 samples poisoned (target=0, fraction=0.500, seed=133).
06:20:24  INFO      attacks.neurotoxin_client — Neurotoxin client [59] round 65: poisoned 132/266 samples (target=0, masked=True).
06:21:03  INFO      datasets.backdoor — BackdoorDataset: 132 / 267 samples poisoned (target=0, fraction=0.500, seed=109).
06:21:06  INFO      attacks.neurotoxin_client — Neurotoxin client [34] round 66: poisoned 132/267 samples (target=0, masked=True).
06:21:06  INFO      datasets.backdoor — BackdoorDataset: 133 / 266 samples poisoned (target=0, fraction=0.500, seed=122).
06:21:09  INFO      attacks.neurotoxin_client — Neurotoxin client [47] round 66: poisoned 133/266 samples (target=0, masked=True).
06:21:31  INFO      datasets.backdoor — BackdoorDataset: 133 / 267 samples poisoned (target=0, fraction=0.500, seed=93).
06:21:34  INFO      attacks.neurotoxin_client — Neurotoxin client [17] round 67: poisoned 133/267 samples (target=0, masked=True).
06:23:43  INFO      experiment.runner — Round   71/200  |  acc:  88.55%  loss: 0.4434  |  ASR:   0.02%  asr_loss: 22.5774  |  mF1: 82.9%
06:24:46  INFO      datasets.backdoor — BackdoorDataset: 133 / 266 samples poisoned (target=0, fraction=0.500, seed=129).
06:24:49  INFO      attacks.neurotoxin_client — Neurotoxin client [47] round 73: poisoned 133/266 samples (target=0, masked=True).
06:25:02  INFO      datasets.backdoor — BackdoorDataset: 132 / 267 samples poisoned (target=0, fraction=0.500, seed=105).
06:25:05  INFO      attacks.neurotoxin_client — Neurotoxin client [23] round 73: poisoned 132/267 samples (target=0, masked=True).
06:26:29  INFO      datasets.backdoor — BackdoorDataset: 133 / 267 samples poisoned (target=0, fraction=0.500, seed=85).
06:26:32  INFO      attacks.neurotoxin_client — Neurotoxin client [0] round 76: poisoned 133/267 samples (target=0, masked=True).
06:26:40  INFO      datasets.backdoor — BackdoorDataset: 132 / 266 samples poisoned (target=0, fraction=0.500, seed=163).
06:26:43  INFO      attacks.neurotoxin_client — Neurotoxin client [78] round 76: poisoned 132/266 samples (target=0, masked=True).
06:26:50  INFO      datasets.backdoor — BackdoorDataset: 132 / 266 samples poisoned (target=0, fraction=0.500, seed=149).
06:26:54  INFO      attacks.neurotoxin_client — Neurotoxin client [64] round 76: poisoned 132/266 samples (target=0, masked=True).
06:27:02  INFO      datasets.backdoor — BackdoorDataset: 132 / 267 samples poisoned (target=0, fraction=0.500, seed=109).
06:27:06  INFO      attacks.neurotoxin_client — Neurotoxin client [23] round 77: poisoned 132/267 samples (target=0, masked=True).
06:27:48  INFO      datasets.backdoor — BackdoorDataset: 132 / 266 samples poisoned (target=0, fraction=0.500, seed=151).
06:27:52  INFO      attacks.neurotoxin_client — Neurotoxin client [64] round 78: poisoned 132/266 samples (target=0, masked=True).
06:28:04  INFO      datasets.backdoor — BackdoorDataset: 132 / 266 samples poisoned (target=0, fraction=0.500, seed=152).
06:28:07  INFO      attacks.neurotoxin_client — Neurotoxin client [64] round 79: poisoned 132/266 samples (target=0, masked=True).
06:28:12  INFO      datasets.backdoor — BackdoorDataset: 132 / 266 samples poisoned (target=0, fraction=0.500, seed=147).
06:28:15  INFO      attacks.neurotoxin_client — Neurotoxin client [59] round 79: poisoned 132/266 samples (target=0, masked=True).
06:28:52  INFO      datasets.backdoor — BackdoorDataset: 131 / 266 samples poisoned (target=0, fraction=0.500, seed=132).
06:28:55  INFO      attacks.neurotoxin_client — Neurotoxin client [43] round 80: poisoned 131/266 samples (target=0, masked=True).
06:29:18  INFO      experiment.runner — Round   81/200  |  acc:  88.92%  loss: 0.4277  |  ASR:   0.11%  asr_loss: 21.3804  |  mF1: 84.7%
06:29:23  INFO      datasets.backdoor — BackdoorDataset: 132 / 266 samples poisoned (target=0, fraction=0.500, seed=168).
06:29:28  INFO      attacks.neurotoxin_client — Neurotoxin client [78] round 81: poisoned 132/266 samples (target=0, masked=True).
06:30:39  INFO      datasets.backdoor — BackdoorDataset: 133 / 267 samples poisoned (target=0, fraction=0.500, seed=92).
06:30:42  INFO      attacks.neurotoxin_client — Neurotoxin client [0] round 83: poisoned 133/267 samples (target=0, masked=True).
06:31:02  INFO      datasets.backdoor — BackdoorDataset: 133 / 266 samples poisoned (target=0, fraction=0.500, seed=140).
06:31:06  INFO      attacks.neurotoxin_client — Neurotoxin client [47] round 84: poisoned 133/266 samples (target=0, masked=True).
06:33:57  INFO      datasets.backdoor — BackdoorDataset: 132 / 267 samples poisoned (target=0, fraction=0.500, seed=132).
06:34:02  INFO      attacks.neurotoxin_client — Neurotoxin client [34] round 89: poisoned 132/267 samples (target=0, masked=True).
06:34:18  INFO      datasets.backdoor — BackdoorDataset: 133 / 266 samples poisoned (target=0, fraction=0.500, seed=145).
06:34:20  INFO      attacks.neurotoxin_client — Neurotoxin client [47] round 89: poisoned 133/266 samples (target=0, masked=True).
06:34:36  INFO      datasets.backdoor — BackdoorDataset: 133 / 266 samples poisoned (target=0, fraction=0.500, seed=185).
06:34:39  INFO      attacks.neurotoxin_client — Neurotoxin client [86] round 90: poisoned 133/266 samples (target=0, masked=True).
06:35:08  INFO      experiment.runner — Round   91/200  |  acc:  89.11%  loss: 0.4381  |  ASR:   0.01%  asr_loss: 23.1588  |  mF1: 83.9%
06:35:18  INFO      datasets.backdoor — BackdoorDataset: 132 / 267 samples poisoned (target=0, fraction=0.500, seed=134).
06:35:21  INFO      attacks.neurotoxin_client — Neurotoxin client [34] round 91: poisoned 132/267 samples (target=0, masked=True).
06:35:22  INFO      datasets.backdoor — BackdoorDataset: 132 / 266 samples poisoned (target=0, fraction=0.500, seed=159).
06:35:25  INFO      attacks.neurotoxin_client — Neurotoxin client [59] round 91: poisoned 132/266 samples (target=0, masked=True).
06:35:43  INFO      datasets.backdoor — BackdoorDataset: 132 / 267 samples poisoned (target=0, fraction=0.500, seed=135).
06:35:46  INFO      attacks.neurotoxin_client — Neurotoxin client [34] round 92: poisoned 132/267 samples (target=0, masked=True).
06:35:56  INFO      datasets.backdoor — BackdoorDataset: 132 / 267 samples poisoned (target=0, fraction=0.500, seed=124).
06:35:59  INFO      attacks.neurotoxin_client — Neurotoxin client [23] round 92: poisoned 132/267 samples (target=0, masked=True).
06:36:17  INFO      datasets.backdoor — BackdoorDataset: 133 / 267 samples poisoned (target=0, fraction=0.500, seed=119).
06:36:21  INFO      attacks.neurotoxin_client — Neurotoxin client [17] round 93: poisoned 133/267 samples (target=0, masked=True).
06:36:37  INFO      datasets.backdoor — BackdoorDataset: 132 / 266 samples poisoned (target=0, fraction=0.500, seed=180).
06:36:40  INFO      attacks.neurotoxin_client — Neurotoxin client [78] round 93: poisoned 132/266 samples (target=0, masked=True).
06:36:53  INFO      datasets.backdoor — BackdoorDataset: 133 / 267 samples poisoned (target=0, fraction=0.500, seed=120).
06:36:56  INFO      attacks.neurotoxin_client — Neurotoxin client [17] round 94: poisoned 133/267 samples (target=0, masked=True).
06:37:00  INFO      datasets.backdoor — BackdoorDataset: 131 / 266 samples poisoned (target=0, fraction=0.500, seed=146).
06:37:03  INFO      attacks.neurotoxin_client — Neurotoxin client [43] round 94: poisoned 131/266 samples (target=0, masked=True).
06:37:32  INFO      datasets.backdoor — BackdoorDataset: 133 / 267 samples poisoned (target=0, fraction=0.500, seed=104).
06:37:36  INFO      attacks.neurotoxin_client — Neurotoxin client [0] round 95: poisoned 133/267 samples (target=0, masked=True).
06:37:42  INFO      datasets.backdoor — BackdoorDataset: 132 / 266 samples poisoned (target=0, fraction=0.500, seed=163).
06:37:45  INFO      attacks.neurotoxin_client — Neurotoxin client [59] round 95: poisoned 132/266 samples (target=0, masked=True).
06:37:46  INFO      datasets.backdoor — BackdoorDataset: 133 / 266 samples poisoned (target=0, fraction=0.500, seed=151).
06:37:49  INFO      attacks.neurotoxin_client — Neurotoxin client [47] round 95: poisoned 133/266 samples (target=0, masked=True).
06:37:55  INFO      datasets.backdoor — BackdoorDataset: 133 / 266 samples poisoned (target=0, fraction=0.500, seed=190).
06:37:58  INFO      attacks.neurotoxin_client — Neurotoxin client [86] round 95: poisoned 133/266 samples (target=0, masked=True).
06:38:08  INFO      datasets.backdoor — BackdoorDataset: 133 / 267 samples poisoned (target=0, fraction=0.500, seed=105).
06:38:11  INFO      attacks.neurotoxin_client — Neurotoxin client [0] round 96: poisoned 133/267 samples (target=0, masked=True).
06:38:28  INFO      datasets.backdoor — BackdoorDataset: 131 / 266 samples poisoned (target=0, fraction=0.500, seed=148).
06:38:32  INFO      attacks.neurotoxin_client — Neurotoxin client [43] round 96: poisoned 131/266 samples (target=0, masked=True).
06:38:36  INFO      datasets.backdoor — BackdoorDataset: 133 / 266 samples poisoned (target=0, fraction=0.500, seed=153).
06:38:39  INFO      attacks.neurotoxin_client — Neurotoxin client [47] round 97: poisoned 133/266 samples (target=0, masked=True).
06:38:48  INFO      datasets.backdoor — BackdoorDataset: 132 / 267 samples poisoned (target=0, fraction=0.500, seed=140).
06:38:52  INFO      attacks.neurotoxin_client — Neurotoxin client [34] round 97: poisoned 132/267 samples (target=0, masked=True).
06:38:52  INFO      datasets.backdoor — BackdoorDataset: 132 / 266 samples poisoned (target=0, fraction=0.500, seed=184).
06:38:55  INFO      attacks.neurotoxin_client — Neurotoxin client [78] round 97: poisoned 132/266 samples (target=0, masked=True).
06:39:28  INFO      datasets.backdoor — BackdoorDataset: 132 / 267 samples poisoned (target=0, fraction=0.500, seed=130).
06:39:31  INFO      attacks.neurotoxin_client — Neurotoxin client [23] round 98: poisoned 132/267 samples (target=0, masked=True).
06:39:32  INFO      datasets.backdoor — BackdoorDataset: 132 / 266 samples poisoned (target=0, fraction=0.500, seed=185).
06:39:35  INFO      attacks.neurotoxin_client — Neurotoxin client [78] round 98: poisoned 132/266 samples (target=0, masked=True).
06:40:31  INFO      datasets.backdoor — BackdoorDataset: 132 / 266 samples poisoned (target=0, fraction=0.500, seed=173).
06:40:34  INFO      attacks.neurotoxin_client — Neurotoxin client [64] round 100: poisoned 132/266 samples (target=0, masked=True).
06:40:55  INFO      experiment.runner — Round  101/200  |  acc:  90.21%  loss: 0.3768  |  ASR:   2.83%  asr_loss: 17.6128  |  mF1: 85.8%
06:40:55  INFO      datasets.backdoor — BackdoorDataset: 133 / 267 samples poisoned (target=0, fraction=0.500, seed=110).
06:40:58  INFO      attacks.neurotoxin_client — Neurotoxin client [0] round 101: poisoned 133/267 samples (target=0, masked=True).
06:40:59  INFO      datasets.backdoor — BackdoorDataset: 133 / 266 samples poisoned (target=0, fraction=0.500, seed=157).
06:41:02  INFO      attacks.neurotoxin_client — Neurotoxin client [47] round 101: poisoned 133/266 samples (target=0, masked=True).
06:41:58  INFO      datasets.backdoor — BackdoorDataset: 133 / 266 samples poisoned (target=0, fraction=0.500, seed=197).
06:42:01  INFO      attacks.neurotoxin_client — Neurotoxin client [86] round 102: poisoned 133/266 samples (target=0, masked=True).
06:42:01  INFO      datasets.backdoor — BackdoorDataset: 131 / 266 samples poisoned (target=0, fraction=0.500, seed=154).
06:42:04  INFO      attacks.neurotoxin_client — Neurotoxin client [43] round 102: poisoned 131/266 samples (target=0, masked=True).
06:42:38  INFO      datasets.backdoor — BackdoorDataset: 133 / 267 samples poisoned (target=0, fraction=0.500, seed=113).
06:42:41  INFO      attacks.neurotoxin_client — Neurotoxin client [0] round 104: poisoned 133/267 samples (target=0, masked=True).
06:43:33  INFO      datasets.backdoor — BackdoorDataset: 133 / 266 samples poisoned (target=0, fraction=0.500, seed=200).
06:43:37  INFO      attacks.neurotoxin_client — Neurotoxin client [86] round 105: poisoned 133/266 samples (target=0, masked=True).
06:44:06  INFO      datasets.backdoor — BackdoorDataset: 132 / 267 samples poisoned (target=0, fraction=0.500, seed=138).
06:44:09  INFO      attacks.neurotoxin_client — Neurotoxin client [23] round 106: poisoned 132/267 samples (target=0, masked=True).
06:44:36  INFO      datasets.backdoor — BackdoorDataset: 132 / 267 samples poisoned (target=0, fraction=0.500, seed=150).
06:44:40  INFO      attacks.neurotoxin_client — Neurotoxin client [34] round 107: poisoned 132/267 samples (target=0, masked=True).
06:45:49  INFO      datasets.backdoor — BackdoorDataset: 133 / 267 samples poisoned (target=0, fraction=0.500, seed=118).
06:45:52  INFO      attacks.neurotoxin_client — Neurotoxin client [0] round 109: poisoned 133/267 samples (target=0, masked=True).
06:46:35  INFO      experiment.runner — Round  111/200  |  acc:  89.84%  loss: 0.3932  |  ASR:   1.55%  asr_loss: 21.6063  |  mF1: 85.4%
06:46:45  INFO      datasets.backdoor — BackdoorDataset: 132 / 266 samples poisoned (target=0, fraction=0.500, seed=179).
06:46:48  INFO      attacks.neurotoxin_client — Neurotoxin client [59] round 111: poisoned 132/266 samples (target=0, masked=True).
06:47:22  INFO      datasets.backdoor — BackdoorDataset: 132 / 267 samples poisoned (target=0, fraction=0.500, seed=155).
06:47:25  INFO      attacks.neurotoxin_client — Neurotoxin client [34] round 112: poisoned 132/267 samples (target=0, masked=True).
06:47:55  INFO      datasets.backdoor — BackdoorDataset: 133 / 266 samples poisoned (target=0, fraction=0.500, seed=169).
06:47:58  INFO      attacks.neurotoxin_client — Neurotoxin client [47] round 113: poisoned 133/266 samples (target=0, masked=True).
06:48:02  INFO      datasets.backdoor — BackdoorDataset: 132 / 267 samples poisoned (target=0, fraction=0.500, seed=145).
06:48:06  INFO      attacks.neurotoxin_client — Neurotoxin client [23] round 113: poisoned 132/267 samples (target=0, masked=True).
06:48:10  INFO      datasets.backdoor — BackdoorDataset: 132 / 266 samples poisoned (target=0, fraction=0.500, seed=181).
06:48:14  INFO      attacks.neurotoxin_client — Neurotoxin client [59] round 113: poisoned 132/266 samples (target=0, masked=True).
06:48:27  INFO      datasets.backdoor — BackdoorDataset: 133 / 267 samples poisoned (target=0, fraction=0.500, seed=140).
06:48:30  INFO      attacks.neurotoxin_client — Neurotoxin client [17] round 114: poisoned 133/267 samples (target=0, masked=True).
06:48:34  INFO      datasets.backdoor — BackdoorDataset: 133 / 266 samples poisoned (target=0, fraction=0.500, seed=170).
06:48:38  INFO      attacks.neurotoxin_client — Neurotoxin client [47] round 114: poisoned 133/266 samples (target=0, masked=True).
06:48:52  INFO      datasets.backdoor — BackdoorDataset: 132 / 266 samples poisoned (target=0, fraction=0.500, seed=188).
06:48:55  INFO      attacks.neurotoxin_client — Neurotoxin client [64] round 115: poisoned 132/266 samples (target=0, masked=True).
06:50:23  INFO      datasets.backdoor — BackdoorDataset: 132 / 267 samples poisoned (target=0, fraction=0.500, seed=149).
06:50:26  INFO      attacks.neurotoxin_client — Neurotoxin client [23] round 117: poisoned 132/267 samples (target=0, masked=True).
06:51:04  INFO      datasets.backdoor — BackdoorDataset: 132 / 267 samples poisoned (target=0, fraction=0.500, seed=162).
06:51:07  INFO      attacks.neurotoxin_client — Neurotoxin client [34] round 119: poisoned 132/267 samples (target=0, masked=True).
06:52:15  INFO      experiment.runner — Round  121/200  |  acc:  90.79%  loss: 0.3752  |  ASR:   2.78%  asr_loss: 20.5526  |  mF1: 86.6%
06:52:27  INFO      datasets.backdoor — BackdoorDataset: 132 / 267 samples poisoned (target=0, fraction=0.500, seed=153).
06:52:30  INFO      attacks.neurotoxin_client — Neurotoxin client [23] round 121: poisoned 132/267 samples (target=0, masked=True).
06:53:15  INFO      datasets.backdoor — BackdoorDataset: 131 / 266 samples poisoned (target=0, fraction=0.500, seed=174).
06:53:19  INFO      attacks.neurotoxin_client — Neurotoxin client [43] round 122: poisoned 131/266 samples (target=0, masked=True).
06:54:20  INFO      datasets.backdoor — BackdoorDataset: 133 / 266 samples poisoned (target=0, fraction=0.500, seed=219).
06:54:25  INFO      attacks.neurotoxin_client — Neurotoxin client [86] round 124: poisoned 133/266 samples (target=0, masked=True).
06:54:29  INFO      datasets.backdoor — BackdoorDataset: 133 / 266 samples poisoned (target=0, fraction=0.500, seed=181).
06:54:32  INFO      attacks.neurotoxin_client — Neurotoxin client [47] round 125: poisoned 133/266 samples (target=0, masked=True).
06:55:04  INFO      datasets.backdoor — BackdoorDataset: 132 / 266 samples poisoned (target=0, fraction=0.500, seed=194).
06:55:07  INFO      attacks.neurotoxin_client — Neurotoxin client [59] round 126: poisoned 132/266 samples (target=0, masked=True).
06:55:19  INFO      datasets.backdoor — BackdoorDataset: 132 / 266 samples poisoned (target=0, fraction=0.500, seed=199).
06:55:23  INFO      attacks.neurotoxin_client — Neurotoxin client [64] round 126: poisoned 132/266 samples (target=0, masked=True).
06:55:38  INFO      datasets.backdoor — BackdoorDataset: 133 / 266 samples poisoned (target=0, fraction=0.500, seed=183).
06:55:41  INFO      attacks.neurotoxin_client — Neurotoxin client [47] round 127: poisoned 133/266 samples (target=0, masked=True).
06:55:44  INFO      datasets.backdoor — BackdoorDataset: 131 / 266 samples poisoned (target=0, fraction=0.500, seed=179).
06:55:47  INFO      attacks.neurotoxin_client — Neurotoxin client [43] round 127: poisoned 131/266 samples (target=0, masked=True).
06:55:47  INFO      datasets.backdoor — BackdoorDataset: 132 / 267 samples poisoned (target=0, fraction=0.500, seed=159).
06:55:51  INFO      attacks.neurotoxin_client — Neurotoxin client [23] round 127: poisoned 132/267 samples (target=0, masked=True).
06:56:06  INFO      datasets.backdoor — BackdoorDataset: 131 / 266 samples poisoned (target=0, fraction=0.500, seed=180).
06:56:10  INFO      attacks.neurotoxin_client — Neurotoxin client [43] round 128: poisoned 131/266 samples (target=0, masked=True).
06:56:28  INFO      datasets.backdoor — BackdoorDataset: 133 / 267 samples poisoned (target=0, fraction=0.500, seed=154).
06:56:33  INFO      attacks.neurotoxin_client — Neurotoxin client [17] round 128: poisoned 133/267 samples (target=0, masked=True).
06:56:38  INFO      datasets.backdoor — BackdoorDataset: 133 / 266 samples poisoned (target=0, fraction=0.500, seed=223).
06:56:41  INFO      attacks.neurotoxin_client — Neurotoxin client [86] round 128: poisoned 133/266 samples (target=0, masked=True).
06:57:09  INFO      datasets.backdoor — BackdoorDataset: 132 / 266 samples poisoned (target=0, fraction=0.500, seed=202).
06:57:12  INFO      attacks.neurotoxin_client — Neurotoxin client [64] round 129: poisoned 132/266 samples (target=0, masked=True).
06:57:25  INFO      datasets.backdoor — BackdoorDataset: 132 / 266 samples poisoned (target=0, fraction=0.500, seed=203).
06:57:29  INFO      attacks.neurotoxin_client — Neurotoxin client [64] round 130: poisoned 132/266 samples (target=0, masked=True).
06:58:01  INFO      experiment.runner — Round  131/200  |  acc:  90.61%  loss: 0.3809  |  ASR:  12.70%  asr_loss: 16.9912  |  mF1: 86.3%
06:58:22  INFO      datasets.backdoor — BackdoorDataset: 132 / 267 samples poisoned (target=0, fraction=0.500, seed=174).
06:58:25  INFO      attacks.neurotoxin_client — Neurotoxin client [34] round 131: poisoned 132/267 samples (target=0, masked=True).
06:58:32  INFO      datasets.backdoor — BackdoorDataset: 132 / 266 samples poisoned (target=0, fraction=0.500, seed=205).
06:58:35  INFO      attacks.neurotoxin_client — Neurotoxin client [64] round 132: poisoned 132/266 samples (target=0, masked=True).
06:58:44  INFO      datasets.backdoor — BackdoorDataset: 132 / 267 samples poisoned (target=0, fraction=0.500, seed=164).
06:58:48  INFO      attacks.neurotoxin_client — Neurotoxin client [23] round 132: poisoned 132/267 samples (target=0, masked=True).
06:58:52  INFO      datasets.backdoor — BackdoorDataset: 133 / 266 samples poisoned (target=0, fraction=0.500, seed=188).
06:58:55  INFO      attacks.neurotoxin_client — Neurotoxin client [47] round 132: poisoned 133/266 samples (target=0, masked=True).
06:59:05  INFO      datasets.backdoor — BackdoorDataset: 133 / 267 samples poisoned (target=0, fraction=0.500, seed=141).
06:59:08  INFO      attacks.neurotoxin_client — Neurotoxin client [0] round 132: poisoned 133/267 samples (target=0, masked=True).
06:59:28  INFO      datasets.backdoor — BackdoorDataset: 133 / 267 samples poisoned (target=0, fraction=0.500, seed=142).
06:59:31  INFO      attacks.neurotoxin_client — Neurotoxin client [0] round 133: poisoned 133/267 samples (target=0, masked=True).
07:00:06  INFO      datasets.backdoor — BackdoorDataset: 132 / 266 samples poisoned (target=0, fraction=0.500, seed=202).
07:00:09  INFO      attacks.neurotoxin_client — Neurotoxin client [59] round 134: poisoned 132/266 samples (target=0, masked=True).
07:00:46  INFO      datasets.backdoor — BackdoorDataset: 133 / 266 samples poisoned (target=0, fraction=0.500, seed=231).
07:00:50  INFO      attacks.neurotoxin_client — Neurotoxin client [86] round 136: poisoned 133/266 samples (target=0, masked=True).
07:01:21  INFO      datasets.backdoor — BackdoorDataset: 132 / 266 samples poisoned (target=0, fraction=0.500, seed=209).
07:01:24  INFO      attacks.neurotoxin_client — Neurotoxin client [64] round 136: poisoned 132/266 samples (target=0, masked=True).
07:01:25  INFO      datasets.backdoor — BackdoorDataset: 133 / 267 samples poisoned (target=0, fraction=0.500, seed=146).
07:01:28  INFO      attacks.neurotoxin_client — Neurotoxin client [0] round 137: poisoned 133/267 samples (target=0, masked=True).
07:01:43  INFO      datasets.backdoor — BackdoorDataset: 131 / 266 samples poisoned (target=0, fraction=0.500, seed=189).
07:01:47  INFO      attacks.neurotoxin_client — Neurotoxin client [43] round 137: poisoned 131/266 samples (target=0, masked=True).
07:02:47  INFO      datasets.backdoor — BackdoorDataset: 133 / 266 samples poisoned (target=0, fraction=0.500, seed=234).
07:02:50  INFO      attacks.neurotoxin_client — Neurotoxin client [86] round 139: poisoned 133/266 samples (target=0, masked=True).
07:03:00  INFO      datasets.backdoor — BackdoorDataset: 133 / 267 samples poisoned (target=0, fraction=0.500, seed=148).
07:03:03  INFO      attacks.neurotoxin_client — Neurotoxin client [0] round 139: poisoned 133/267 samples (target=0, masked=True).
07:03:44  INFO      experiment.runner — Round  141/200  |  acc:  91.02%  loss: 0.3638  |  ASR:  19.28%  asr_loss: 14.9376  |  mF1: 87.2%
07:06:53  INFO      datasets.backdoor — BackdoorDataset: 132 / 267 samples poisoned (target=0, fraction=0.500, seed=178).
07:06:56  INFO      attacks.neurotoxin_client — Neurotoxin client [23] round 146: poisoned 132/267 samples (target=0, masked=True).
07:09:22  INFO      experiment.runner — Round  151/200  |  acc:  91.14%  loss: 0.3702  |  ASR:  11.60%  asr_loss: 18.5856  |  mF1: 87.0%
07:09:50  INFO      datasets.backdoor — BackdoorDataset: 133 / 266 samples poisoned (target=0, fraction=0.500, seed=246).
07:09:53  INFO      attacks.neurotoxin_client — Neurotoxin client [86] round 151: poisoned 133/266 samples (target=0, masked=True).
07:10:07  INFO      datasets.backdoor — BackdoorDataset: 133 / 266 samples poisoned (target=0, fraction=0.500, seed=208).
07:10:11  INFO      attacks.neurotoxin_client — Neurotoxin client [47] round 152: poisoned 133/266 samples (target=0, masked=True).
07:11:03  INFO      datasets.backdoor — BackdoorDataset: 132 / 266 samples poisoned (target=0, fraction=0.500, seed=222).
07:11:07  INFO      attacks.neurotoxin_client — Neurotoxin client [59] round 154: poisoned 132/266 samples (target=0, masked=True).
07:11:57  INFO      datasets.backdoor — BackdoorDataset: 132 / 266 samples poisoned (target=0, fraction=0.500, seed=223).
07:12:00  INFO      attacks.neurotoxin_client — Neurotoxin client [59] round 155: poisoned 132/266 samples (target=0, masked=True).
07:12:12  INFO      datasets.backdoor — BackdoorDataset: 132 / 267 samples poisoned (target=0, fraction=0.500, seed=199).
07:12:15  INFO      attacks.neurotoxin_client — Neurotoxin client [34] round 156: poisoned 132/267 samples (target=0, masked=True).
07:12:23  INFO      datasets.backdoor — BackdoorDataset: 133 / 267 samples poisoned (target=0, fraction=0.500, seed=165).
07:12:26  INFO      attacks.neurotoxin_client — Neurotoxin client [0] round 156: poisoned 133/267 samples (target=0, masked=True).
07:13:13  INFO      datasets.backdoor — BackdoorDataset: 132 / 266 samples poisoned (target=0, fraction=0.500, seed=231).
07:13:17  INFO      attacks.neurotoxin_client — Neurotoxin client [64] round 158: poisoned 132/266 samples (target=0, masked=True).
07:13:41  INFO      datasets.backdoor — BackdoorDataset: 133 / 266 samples poisoned (target=0, fraction=0.500, seed=253).
07:13:44  INFO      attacks.neurotoxin_client — Neurotoxin client [86] round 158: poisoned 133/266 samples (target=0, masked=True).
07:14:17  INFO      datasets.backdoor — BackdoorDataset: 133 / 266 samples poisoned (target=0, fraction=0.500, seed=255).
07:14:20  INFO      attacks.neurotoxin_client — Neurotoxin client [86] round 160: poisoned 133/266 samples (target=0, masked=True).
07:15:00  INFO      experiment.runner — Round  161/200  |  acc:  90.82%  loss: 0.3870  |  ASR:  13.19%  asr_loss: 17.6269  |  mF1: 86.7%
07:15:19  INFO      datasets.backdoor — BackdoorDataset: 131 / 266 samples poisoned (target=0, fraction=0.500, seed=213).
07:15:22  INFO      attacks.neurotoxin_client — Neurotoxin client [43] round 161: poisoned 131/266 samples (target=0, masked=True).
07:15:23  INFO      datasets.backdoor — BackdoorDataset: 132 / 266 samples poisoned (target=0, fraction=0.500, seed=234).
07:15:26  INFO      attacks.neurotoxin_client — Neurotoxin client [64] round 161: poisoned 132/266 samples (target=0, masked=True).
07:15:26  INFO      datasets.backdoor — BackdoorDataset: 132 / 266 samples poisoned (target=0, fraction=0.500, seed=248).
07:15:29  INFO      attacks.neurotoxin_client — Neurotoxin client [78] round 161: poisoned 132/266 samples (target=0, masked=True).
07:16:04  INFO      datasets.backdoor — BackdoorDataset: 133 / 266 samples poisoned (target=0, fraction=0.500, seed=257).
07:16:07  INFO      attacks.neurotoxin_client — Neurotoxin client [86] round 162: poisoned 133/266 samples (target=0, masked=True).
07:16:11  INFO      datasets.backdoor — BackdoorDataset: 132 / 267 samples poisoned (target=0, fraction=0.500, seed=206).
07:16:15  INFO      attacks.neurotoxin_client — Neurotoxin client [34] round 163: poisoned 132/267 samples (target=0, masked=True).
07:16:57  INFO      datasets.backdoor — BackdoorDataset: 131 / 266 samples poisoned (target=0, fraction=0.500, seed=216).
07:17:01  INFO      attacks.neurotoxin_client — Neurotoxin client [43] round 164: poisoned 131/266 samples (target=0, masked=True).
07:17:28  INFO      datasets.backdoor — BackdoorDataset: 133 / 267 samples poisoned (target=0, fraction=0.500, seed=174).
07:17:31  INFO      attacks.neurotoxin_client — Neurotoxin client [0] round 165: poisoned 133/267 samples (target=0, masked=True).
07:17:54  INFO      datasets.backdoor — BackdoorDataset: 132 / 266 samples poisoned (target=0, fraction=0.500, seed=239).
07:17:57  INFO      attacks.neurotoxin_client — Neurotoxin client [64] round 166: poisoned 132/266 samples (target=0, masked=True).
07:18:00  INFO      datasets.backdoor — BackdoorDataset: 132 / 266 samples poisoned (target=0, fraction=0.500, seed=234).
07:18:04  INFO      attacks.neurotoxin_client — Neurotoxin client [59] round 166: poisoned 132/266 samples (target=0, masked=True).
07:18:31  INFO      datasets.backdoor — BackdoorDataset: 133 / 266 samples poisoned (target=0, fraction=0.500, seed=262).
07:18:34  INFO      attacks.neurotoxin_client — Neurotoxin client [86] round 167: poisoned 133/266 samples (target=0, masked=True).
07:18:40  INFO      datasets.backdoor — BackdoorDataset: 132 / 266 samples poisoned (target=0, fraction=0.500, seed=235).
07:18:43  INFO      attacks.neurotoxin_client — Neurotoxin client [59] round 167: poisoned 132/266 samples (target=0, masked=True).
07:19:03  INFO      datasets.backdoor — BackdoorDataset: 131 / 266 samples poisoned (target=0, fraction=0.500, seed=220).
07:19:06  INFO      attacks.neurotoxin_client — Neurotoxin client [43] round 168: poisoned 131/266 samples (target=0, masked=True).
07:19:20  INFO      datasets.backdoor — BackdoorDataset: 132 / 266 samples poisoned (target=0, fraction=0.500, seed=255).
07:19:24  INFO      attacks.neurotoxin_client — Neurotoxin client [78] round 168: poisoned 132/266 samples (target=0, masked=True).
07:19:25  INFO      datasets.backdoor — BackdoorDataset: 132 / 266 samples poisoned (target=0, fraction=0.500, seed=241).
07:19:29  INFO      attacks.neurotoxin_client — Neurotoxin client [64] round 168: poisoned 132/266 samples (target=0, masked=True).
07:19:39  INFO      datasets.backdoor — BackdoorDataset: 133 / 266 samples poisoned (target=0, fraction=0.500, seed=264).
07:19:42  INFO      attacks.neurotoxin_client — Neurotoxin client [86] round 169: poisoned 133/266 samples (target=0, masked=True).
07:20:08  INFO      datasets.backdoor — BackdoorDataset: 132 / 267 samples poisoned (target=0, fraction=0.500, seed=202).
07:20:11  INFO      attacks.neurotoxin_client — Neurotoxin client [23] round 170: poisoned 132/267 samples (target=0, masked=True).
07:20:48  INFO      experiment.runner — Round  171/200  |  acc:  91.64%  loss: 0.3621  |  ASR:  20.92%  asr_loss: 16.0383  |  mF1: 87.9%
07:20:48  INFO      datasets.backdoor — BackdoorDataset: 132 / 266 samples poisoned (target=0, fraction=0.500, seed=244).
07:20:51  INFO      attacks.neurotoxin_client — Neurotoxin client [64] round 171: poisoned 132/266 samples (target=0, masked=True).
07:20:51  INFO      datasets.backdoor — BackdoorDataset: 133 / 266 samples poisoned (target=0, fraction=0.500, seed=266).
07:20:55  INFO      attacks.neurotoxin_client — Neurotoxin client [86] round 171: poisoned 133/266 samples (target=0, masked=True).
07:21:39  INFO      datasets.backdoor — BackdoorDataset: 132 / 266 samples poisoned (target=0, fraction=0.500, seed=259).
07:21:43  INFO      attacks.neurotoxin_client — Neurotoxin client [78] round 172: poisoned 132/266 samples (target=0, masked=True).
07:21:46  INFO      datasets.backdoor — BackdoorDataset: 131 / 266 samples poisoned (target=0, fraction=0.500, seed=224).
07:21:49  INFO      attacks.neurotoxin_client — Neurotoxin client [43] round 172: poisoned 131/266 samples (target=0, masked=True).
07:22:15  INFO      datasets.backdoor — BackdoorDataset: 132 / 266 samples poisoned (target=0, fraction=0.500, seed=241).
07:22:19  INFO      attacks.neurotoxin_client — Neurotoxin client [59] round 173: poisoned 132/266 samples (target=0, masked=True).
07:23:05  INFO      datasets.backdoor — BackdoorDataset: 132 / 267 samples poisoned (target=0, fraction=0.500, seed=218).
07:23:08  INFO      attacks.neurotoxin_client — Neurotoxin client [34] round 175: poisoned 132/267 samples (target=0, masked=True).
07:23:08  INFO      datasets.backdoor — BackdoorDataset: 132 / 266 samples poisoned (target=0, fraction=0.500, seed=243).
07:23:11  INFO      attacks.neurotoxin_client — Neurotoxin client [59] round 175: poisoned 132/266 samples (target=0, masked=True).
07:23:12  INFO      datasets.backdoor — BackdoorDataset: 132 / 267 samples poisoned (target=0, fraction=0.500, seed=207).
07:23:15  INFO      attacks.neurotoxin_client — Neurotoxin client [23] round 175: poisoned 132/267 samples (target=0, masked=True).
07:23:16  INFO      datasets.backdoor — BackdoorDataset: 133 / 266 samples poisoned (target=0, fraction=0.500, seed=231).
07:23:19  INFO      attacks.neurotoxin_client — Neurotoxin client [47] round 175: poisoned 133/266 samples (target=0, masked=True).
07:24:26  INFO      datasets.backdoor — BackdoorDataset: 131 / 266 samples poisoned (target=0, fraction=0.500, seed=229).
07:24:30  INFO      attacks.neurotoxin_client — Neurotoxin client [43] round 177: poisoned 131/266 samples (target=0, masked=True).
07:24:58  INFO      datasets.backdoor — BackdoorDataset: 132 / 266 samples poisoned (target=0, fraction=0.500, seed=265).
07:25:01  INFO      attacks.neurotoxin_client — Neurotoxin client [78] round 178: poisoned 132/266 samples (target=0, masked=True).
07:25:37  INFO      datasets.backdoor — BackdoorDataset: 133 / 266 samples poisoned (target=0, fraction=0.500, seed=274).
07:25:40  INFO      attacks.neurotoxin_client — Neurotoxin client [86] round 179: poisoned 133/266 samples (target=0, masked=True).
07:26:20  INFO      experiment.runner — Round  181/200  |  acc:  91.77%  loss: 0.3634  |  ASR:  23.49%  asr_loss: 14.5098  |  mF1: 87.7%
07:26:25  INFO      datasets.backdoor — BackdoorDataset: 133 / 266 samples poisoned (target=0, fraction=0.500, seed=276).
07:26:28  INFO      attacks.neurotoxin_client — Neurotoxin client [86] round 181: poisoned 133/266 samples (target=0, masked=True).
07:26:49  INFO      datasets.backdoor — BackdoorDataset: 133 / 266 samples poisoned (target=0, fraction=0.500, seed=237).
07:26:52  INFO      attacks.neurotoxin_client — Neurotoxin client [47] round 181: poisoned 133/266 samples (target=0, masked=True).
07:26:59  INFO      datasets.backdoor — BackdoorDataset: 132 / 266 samples poisoned (target=0, fraction=0.500, seed=255).
07:27:02  INFO      attacks.neurotoxin_client — Neurotoxin client [64] round 182: poisoned 132/266 samples (target=0, masked=True).
07:27:21  INFO      datasets.backdoor — BackdoorDataset: 133 / 266 samples poisoned (target=0, fraction=0.500, seed=277).
07:27:24  INFO      attacks.neurotoxin_client — Neurotoxin client [86] round 182: poisoned 133/266 samples (target=0, masked=True).
07:27:39  INFO      datasets.backdoor — BackdoorDataset: 132 / 266 samples poisoned (target=0, fraction=0.500, seed=256).
07:27:43  INFO      attacks.neurotoxin_client — Neurotoxin client [64] round 183: poisoned 132/266 samples (target=0, masked=True).
07:28:15  INFO      datasets.backdoor — BackdoorDataset: 132 / 266 samples poisoned (target=0, fraction=0.500, seed=252).
07:28:18  INFO      attacks.neurotoxin_client — Neurotoxin client [59] round 184: poisoned 132/266 samples (target=0, masked=True).
07:29:53  INFO      datasets.backdoor — BackdoorDataset: 132 / 267 samples poisoned (target=0, fraction=0.500, seed=230).
07:29:56  INFO      attacks.neurotoxin_client — Neurotoxin client [34] round 187: poisoned 132/267 samples (target=0, masked=True).
07:30:48  INFO      datasets.backdoor — BackdoorDataset: 132 / 267 samples poisoned (target=0, fraction=0.500, seed=221).
07:30:52  INFO      attacks.neurotoxin_client — Neurotoxin client [23] round 189: poisoned 132/267 samples (target=0, masked=True).
07:30:53  INFO      datasets.backdoor — BackdoorDataset: 133 / 266 samples poisoned (target=0, fraction=0.500, seed=284).
07:30:56  INFO      attacks.neurotoxin_client — Neurotoxin client [86] round 189: poisoned 133/266 samples (target=0, masked=True).
07:32:05  INFO      experiment.runner — Round  191/200  |  acc:  91.52%  loss: 0.3706  |  ASR:  24.75%  asr_loss: 14.9185  |  mF1: 87.9%
07:32:17  INFO      datasets.backdoor — BackdoorDataset: 133 / 266 samples poisoned (target=0, fraction=0.500, seed=247).
07:32:20  INFO      attacks.neurotoxin_client — Neurotoxin client [47] round 191: poisoned 133/266 samples (target=0, masked=True).
07:33:28  INFO      datasets.backdoor — BackdoorDataset: 132 / 266 samples poisoned (target=0, fraction=0.500, seed=261).
07:33:31  INFO      attacks.neurotoxin_client — Neurotoxin client [59] round 193: poisoned 132/266 samples (target=0, masked=True).
07:35:21  INFO      datasets.backdoor — BackdoorDataset: 132 / 267 samples poisoned (target=0, fraction=0.500, seed=229).
07:35:24  INFO      attacks.neurotoxin_client — Neurotoxin client [23] round 197: poisoned 132/267 samples (target=0, masked=True).
07:36:06  INFO      datasets.backdoor — BackdoorDataset: 133 / 266 samples poisoned (target=0, fraction=0.500, seed=254).
07:36:09  INFO      attacks.neurotoxin_client — Neurotoxin client [47] round 198: poisoned 133/266 samples (target=0, masked=True).
07:36:44  INFO      datasets.backdoor — BackdoorDataset: 132 / 266 samples poisoned (target=0, fraction=0.500, seed=267).
07:36:48  INFO      attacks.neurotoxin_client — Neurotoxin client [59] round 199: poisoned 132/266 samples (target=0, masked=True).
07:36:49  INFO      datasets.backdoor — BackdoorDataset: 131 / 266 samples poisoned (target=0, fraction=0.500, seed=251).
07:36:52  INFO      attacks.neurotoxin_client — Neurotoxin client [43] round 199: poisoned 131/266 samples (target=0, masked=True).
07:37:09  INFO      experiment.runner — Round  200/200  |  acc:  92.17%  loss: 0.3361  |  ASR:  27.11%  asr_loss: 14.6514  |  mF1: 88.1%
07:37:10  INFO      experiment.runner — Final model saved to results/benchmark/gtsrb_neurotoxin_nnm_krum_seed9/final_model.pt
07:37:10  INFO      experiment.runner — Client atypicality written to results/benchmark/gtsrb_neurotoxin_nnm_krum_seed9/client_atypicality.json
07:37:10  INFO      experiment.runner — Client inclusion rates written to results/benchmark/gtsrb_neurotoxin_nnm_krum_seed9/client_inclusion.csv
07:37:10  INFO      benchmark — ✓  gtsrb_neurotoxin_nnm_krum_seed9  (113.1 min)
07:37:10  INFO      benchmark — ▶  gtsrb_chameleon_deepsight_seed0
07:37:10  INFO      experiment.runner — Initialising 'gtsrb_chameleon_deepsight_seed0' | device=cuda | rounds=200 | clients=10/100 | attack=chameleon | defense=deepsight
07:37:10  INFO      defenses.deepsight — DeepSightServer — output layer: 'fc_layers.3.weight' | neup_tau=0.20  cluster_tau=0.50  clip_norm=2.0
07:37:12  INFO      experiment.utils — Built 100 clients — 10 malicious, 90 benign.

==============================================================
  Summary — 21 rounds evaluated
==============================================================
  Final clean accuracy               92.17%
  Best  clean accuracy               92.17%
  Final clean loss                   0.3361
  Macro F1                           88.12%
  Final ASR                          27.11%
  Mean ASR (attack window)            8.55%
  Max  ASR (attack window)           27.11%
==============================================================

07:37:15  INFO      experiment.runner — Chameleon ASR evaluator: 500 non-target test images.
07:37:15  INFO      experiment.runner — Setup complete — 100 clients (10 malicious) | backdoor eval: chameleon-adaptive
07:37:56  INFO      defenses.deepsight — DeepSight: 0 / 10 flagged  |  TE [ben:0.010, ben:0.008, ben:0.010, ben:0.010, ben:0.012, ben:0.008, ben:0.012, ben:0.010, ben:0.012, ben:0.010]  DDif [ben:1.788, ben:3.054, ben:2.515, ben:2.341, ben:2.070, ben:1.837, ben:2.269, ben:1.735, ben:1.914, ben:2.855]  labels [-1, -1, -1, 0, 0, -1, 0, -1, -1, -1]
07:38:04  INFO      experiment.runner — Round    1/200  |  acc:   6.97%  loss: 3.5406  |  FPR: 0.0%  |  mF1: 1.5%
07:38:36  INFO      defenses.deepsight — DeepSight: 0 / 10 flagged  |  TE [ben:0.014, ben:0.012, ben:0.012, ben:0.014, ben:0.010, ben:0.010, ben:0.010, ben:0.010, ben:0.012, ben:0.012]  DDif [ben:0.552, ben:0.723, ben:0.569, ben:0.744, ben:0.361, ben:0.481, ben:0.449, ben:0.458, ben:0.656, ben:0.428]  labels [-1, -1, -1, -1, -1, -1, -1, 0, -1, 0]
07:39:07  INFO      defenses.deepsight — DeepSight: 0 / 10 flagged  |  TE [ben:0.012, ben:0.014, ben:0.010, ben:0.012, ben:0.010, ben:0.012, ben:0.012, ben:0.010, ben:0.012, ben:0.012]  DDif [ben:0.184, ben:0.142, ben:0.118, ben:0.159, ben:0.132, ben:0.189, ben:0.167, ben:0.157, ben:0.091, ben:0.197]  labels [-1, -1, -1, 0, -1, -1, 0, 0, -1, -1]
07:39:42  INFO      defenses.deepsight — DeepSight: 0 / 10 flagged  |  TE [ben:0.014, ben:0.012, ben:0.014, ben:0.010, ben:0.012, ben:0.010, ben:0.012, ben:0.014, ben:0.014, ben:0.012]  DDif [ben:0.168, ben:0.130, ben:0.098, ben:0.117, ben:0.120, ben:0.107, ben:0.166, ben:0.110, ben:0.112, ben:0.162]  labels [0, 0, 0, 0, 0, 0, 0, 0, 0, 0]
07:40:14  INFO      defenses.deepsight — DeepSight: 0 / 10 flagged  |  TE [ben:0.014, ben:0.014, ben:0.010, ben:0.010, ben:0.012, ben:0.012, ben:0.010, ben:0.010, ben:0.016, ben:0.016]  DDif [ben:0.790, ben:0.166, ben:0.144, ben:0.828, ben:0.162, ben:0.138, ben:0.143, ben:0.145, ben:0.124, ben:1.174]  labels [0, 0, 0, 0, 0, 0, 0, 0, 0, 0]
07:40:45  INFO      defenses.deepsight — DeepSight: 0 / 10 flagged  |  TE [ben:0.012, ben:0.012, ben:0.010, ben:0.012, ben:0.012, ben:0.014, ben:0.012, ben:0.010, ben:0.012, ben:0.010]  DDif [ben:0.169, ben:0.126, ben:0.158, ben:0.180, ben:0.197, ben:0.163, ben:0.131, ben:0.207, ben:0.096, ben:0.127]  labels [-1, -1, 0, -1, -1, 0, -1, -1, -1, -1]
07:41:19  INFO      defenses.deepsight — DeepSight: 0 / 10 flagged  |  TE [ben:0.012, ben:0.010, ben:0.018, ben:0.010, ben:0.016, ben:0.012, ben:0.010, ben:0.012, ben:0.014, ben:0.014]  DDif [ben:0.134, ben:0.108, ben:0.092, ben:0.174, ben:0.153, ben:0.095, ben:0.120, ben:0.076, ben:0.114, ben:0.163]  labels [0, 0, 0, 0, 0, 0, 0, 0, 0, 0]
07:41:50  INFO      defenses.deepsight — DeepSight: 0 / 10 flagged  |  TE [ben:0.012, ben:0.010, ben:0.010, ben:0.010, ben:0.010, ben:0.010, ben:0.014, ben:0.014, ben:0.014, ben:0.012]  DDif [ben:0.099, ben:0.097, ben:2.058, ben:1.896, ben:0.099, ben:1.679, ben:0.088, ben:0.084, ben:0.142, ben:0.119]  labels [0, 0, 0, 0, 0, 0, 0, 0, 0, 0]
07:42:21  INFO      defenses.deepsight — DeepSight: 0 / 10 flagged  |  TE [ben:0.010, ben:0.012, ben:0.012, ben:0.010, ben:0.010, ben:0.018, ben:0.012, ben:0.014, ben:0.010, ben:0.012]  DDif [ben:0.155, ben:0.196, ben:0.152, ben:0.116, ben:0.276, ben:0.148, ben:0.191, ben:0.147, ben:0.087, ben:0.195]  labels [-1, -1, 0, -1, -1, -1, -1, 0, -1, -1]
07:42:54  INFO      defenses.deepsight — DeepSight: 0 / 10 flagged  |  TE [ben:0.012, ben:0.012, ben:0.012, ben:0.014, ben:0.010, ben:0.012, ben:0.014, ben:0.012, ben:0.014, ben:0.012]  DDif [ben:1.776, ben:0.114, ben:0.097, ben:0.127, ben:0.116, ben:0.170, ben:0.077, ben:0.182, ben:0.160, ben:0.116]  labels [-1, -1, -1, -1, -1, -1, -1, -1, 0, 0]
07:43:26  INFO      defenses.deepsight — DeepSight: 0 / 10 flagged  |  TE [ben:0.010, ben:0.012, ben:0.012, ben:0.012, ben:0.014, ben:0.012, ben:0.014, ben:0.012, ben:0.012, ben:0.012]  DDif [ben:1.277, ben:0.091, ben:0.117, ben:0.216, ben:0.065, ben:0.108, ben:0.125, ben:0.099, ben:0.124, ben:0.126]  labels [-1, 0, 0, -1, 0, 0, 0, 0, -1, 0]
07:43:33  INFO      experiment.runner — Round   11/200  |  acc:  54.48%  loss: 1.5298  |  FPR: 0.0%  |  mF1: 38.7%
07:44:03  INFO      defenses.deepsight — DeepSight: 0 / 10 flagged  |  TE [ben:0.012, ben:0.012, ben:0.012, ben:0.010, ben:0.010, ben:0.014, ben:0.014, ben:0.016, ben:0.012, ben:0.014]  DDif [ben:0.106, ben:0.091, ben:0.073, ben:0.187, ben:0.216, ben:0.134, ben:0.067, ben:0.076, ben:0.090, ben:0.100]  labels [-1, 0, 0, -1, -1, -1, -1, 0, -1, -1]
07:44:41  INFO      defenses.deepsight — DeepSight: 0 / 10 flagged  |  TE [ben:0.012, ben:0.012, ben:0.012, ben:0.014, ben:0.012, ben:0.010, ben:0.016, ben:0.012, ben:0.012, ben:0.012]  DDif [ben:0.114, ben:0.107, ben:1.922, ben:0.140, ben:0.136, ben:0.090, ben:0.100, ben:0.102, ben:0.144, ben:0.096]  labels [0, 0, -1, -1, 0, 0, 0, 0, 0, -1]
07:45:13  INFO      defenses.deepsight — DeepSight: 0 / 10 flagged  |  TE [ben:0.012, ben:0.016, ben:0.012, ben:0.014, ben:0.014, ben:0.014, ben:0.012, ben:0.014, ben:0.012, ben:0.014]  DDif [ben:0.102, ben:0.194, ben:0.081, ben:0.084, ben:0.149, ben:1.724, ben:0.097, ben:0.101, ben:0.161, ben:0.104]  labels [-1, 0, 0, -1, 0, -1, 0, 0, 0, 0]
07:45:46  INFO      defenses.deepsight — DeepSight: 0 / 10 flagged  |  TE [ben:0.010, ben:0.014, ben:0.014, ben:0.016, ben:0.012, ben:0.012, ben:0.014, ben:0.010, ben:0.010, ben:0.010]  DDif [ben:0.090, ben:0.132, ben:0.116, ben:0.120, ben:0.136, ben:0.141, ben:0.232, ben:0.126, ben:0.118, ben:0.092]  labels [-1, -1, -1, -1, 0, -1, -1, 0, -1, -1]
07:46:18  INFO      defenses.deepsight — DeepSight: 0 / 10 flagged  |  TE [ben:0.012, ben:0.016, ben:0.012, ben:0.012, ben:0.014, ben:0.016, ben:0.010, ben:0.012, ben:0.016, ben:0.016]  DDif [ben:0.080, ben:0.133, ben:0.057, ben:0.096, ben:0.125, ben:0.122, ben:2.017, ben:0.100, ben:0.099, ben:0.178]  labels [0, -1, -1, -1, -1, -1, -1, -1, 0, -1]
07:46:48  INFO      defenses.deepsight — DeepSight: 0 / 10 flagged  |  TE [ben:0.014, ben:0.012, ben:0.012, ben:0.012, ben:0.018, ben:0.012, ben:0.010, ben:0.014, ben:0.012, ben:0.014]  DDif [ben:0.185, ben:0.121, ben:0.088, ben:0.082, ben:0.155, ben:0.107, ben:0.080, ben:0.088, ben:0.089, ben:0.124]  labels [-1, -1, 0, -1, -1, -1, -1, 0, -1, -1]
07:47:23  INFO      defenses.deepsight — DeepSight: 0 / 10 flagged  |  TE [ben:0.012, ben:0.012, ben:0.014, ben:0.018, ben:0.012, ben:0.012, ben:0.012, ben:0.010, ben:0.010, ben:0.014]  DDif [ben:0.144, ben:0.102, ben:0.104, ben:0.078, ben:0.184, ben:0.136, ben:0.121, ben:0.066, ben:0.085, ben:2.366]  labels [0, -1, 0, -1, 0, 0, -1, 0, 0, -1]
07:47:56  INFO      defenses.deepsight — DeepSight: 0 / 10 flagged  |  TE [ben:0.012, ben:0.010, ben:0.012, ben:0.012, ben:0.014, ben:0.010, ben:0.012, ben:0.016, ben:0.014, ben:0.014]  DDif [ben:0.117, ben:0.152, ben:0.118, ben:0.098, ben:0.145, ben:0.151, ben:0.079, ben:0.140, ben:0.111, ben:1.459]  labels [0, -1, 0, 0, 0, -1, -1, 0, -1, -1]
07:48:27  INFO      defenses.deepsight — DeepSight: 0 / 10 flagged  |  TE [ben:0.014, ben:0.010, ben:0.012, ben:0.012, ben:0.010, ben:0.012, ben:0.010, ben:0.012, ben:0.014, ben:0.012]  DDif [ben:0.125, ben:0.103, ben:0.106, ben:0.098, ben:1.781, ben:0.108, ben:0.130, ben:0.075, ben:0.159, ben:0.140]  labels [-1, -1, 0, 0, -1, 0, -1, -1, -1, -1]
07:49:03  INFO      defenses.deepsight — DeepSight: 0 / 10 flagged  |  TE [ben:0.014, ben:0.010, ben:0.014, ben:0.012, ben:0.012, ben:0.016, ben:0.014, ben:0.010, ben:0.012, ben:0.012]  DDif [ben:0.094, ben:1.408, ben:0.124, ben:0.089, ben:0.166, ben:0.109, ben:0.112, ben:1.693, ben:0.147, ben:0.095]  labels [-1, -1, -1, 0, -1, 0, 0, -1, -1, -1]
07:49:11  INFO      experiment.runner — Round   21/200  |  acc:  69.75%  loss: 0.9613  |  FPR: 0.0%  |  mF1: 60.6%
07:49:42  INFO      defenses.deepsight — DeepSight: 0 / 10 flagged  |  TE [ben:0.014, ben:0.016, ben:0.016, ben:0.010, ben:0.012, ben:0.012, ben:0.012, ben:0.014, ben:0.012, ben:0.012]  DDif [ben:0.133, ben:0.124, ben:0.141, ben:0.152, ben:0.148, ben:0.102, ben:0.153, ben:0.170, ben:0.148, ben:0.105]  labels [-1, -1, 0, -1, -1, -1, 0, -1, 0, -1]
07:50:17  INFO      defenses.deepsight — DeepSight: 0 / 10 flagged  |  TE [ben:0.012, ben:0.012, ben:0.016, ben:0.016, ben:0.012, ben:0.010, ben:0.016, ben:0.014, ben:0.012, ben:0.014]  DDif [ben:0.199, ben:0.131, ben:0.091, ben:0.107, ben:0.170, ben:0.158, ben:0.133, ben:0.160, ben:0.178, ben:0.154]  labels [-1, -1, -1, -1, 0, 0, 0, -1, -1, -1]
07:50:49  INFO      defenses.deepsight — DeepSight: 0 / 10 flagged  |  TE [ben:0.012, ben:0.012, ben:0.010, ben:0.014, ben:0.012, ben:0.016, ben:0.014, ben:0.012, ben:0.010, ben:0.014]  DDif [ben:0.119, ben:0.103, ben:2.216, ben:0.125, ben:0.151, ben:0.147, ben:1.893, ben:0.107, ben:0.106, ben:0.084]  labels [-1, -1, -1, 0, -1, -1, -1, 0, -1, -1]
07:51:22  INFO      defenses.deepsight — DeepSight: 0 / 10 flagged  |  TE [ben:0.014, ben:0.014, ben:0.014, ben:0.012, ben:0.012, ben:0.014, ben:0.010, ben:0.010, ben:0.014, ben:0.014]  DDif [ben:0.125, ben:0.179, ben:0.217, ben:0.258, ben:0.112, ben:0.098, ben:0.131, ben:1.148, ben:0.122, ben:0.134]  labels [-1, 0, -1, -1, -1, 0, -1, -1, -1, 0]
07:51:54  INFO      defenses.deepsight — DeepSight: 0 / 10 flagged  |  TE [ben:0.012, ben:0.014, ben:0.012, ben:0.008, ben:0.012, ben:0.012, ben:0.014, ben:0.014, ben:0.014, ben:0.014]  DDif [ben:0.092, ben:0.131, ben:1.248, ben:1.349, ben:0.121, ben:0.149, ben:0.090, ben:0.101, ben:0.114, ben:0.062]  labels [-1, 0, -1, -1, -1, -1, -1, -1, 0, -1]
07:52:29  INFO      defenses.deepsight — DeepSight: 0 / 10 flagged  |  TE [ben:0.010, ben:0.012, ben:0.016, ben:0.012, ben:0.012, ben:0.012, ben:0.012, ben:0.012, ben:0.016, ben:0.012]  DDif [ben:0.126, ben:0.129, ben:0.148, ben:0.092, ben:1.188, ben:0.146, ben:1.494, ben:0.135, ben:0.113, ben:0.127]  labels [0, -1, -1, 0, -1, -1, -1, -1, -1, -1]
07:53:01  INFO      defenses.deepsight — DeepSight: 0 / 10 flagged  |  TE [ben:0.012, ben:0.012, ben:0.014, ben:0.016, ben:0.014, ben:0.014, ben:0.014, ben:0.012, ben:0.014, ben:0.012]  DDif [ben:0.132, ben:0.176, ben:0.162, ben:0.149, ben:0.115, ben:0.121, ben:0.158, ben:0.112, ben:0.312, ben:0.227]  labels [0, -1, -1, -1, -1, 0, -1, 0, -1, -1]
07:53:36  INFO      defenses.deepsight — DeepSight: 0 / 10 flagged  |  TE [ben:0.018, ben:0.014, ben:0.012, ben:0.012, ben:0.014, ben:0.012, ben:0.014, ben:0.014, ben:0.014, ben:0.012]  DDif [ben:0.160, ben:0.123, ben:0.071, ben:1.524, ben:0.127, ben:1.617, ben:0.187, ben:0.090, ben:0.133, ben:1.510]  labels [0, 0, 0, 0, 0, 0, 0, 0, 0, 0]
07:54:07  INFO      defenses.deepsight — DeepSight: 0 / 10 flagged  |  TE [ben:0.014, ben:0.012, ben:0.014, ben:0.010, ben:0.016, ben:0.012, ben:0.014, ben:0.010, ben:0.014, ben:0.014]  DDif [ben:0.272, ben:0.185, ben:0.193, ben:1.075, ben:0.277, ben:0.374, ben:0.153, ben:1.082, ben:0.191, ben:0.335]  labels [-1, -1, 0, -1, -1, -1, 0, -1, -1, -1]
07:54:43  INFO      defenses.deepsight — DeepSight: 0 / 10 flagged  |  TE [ben:0.012, ben:0.014, ben:0.012, ben:0.016, ben:0.020, ben:0.016, ben:0.012, ben:0.018, ben:0.012, ben:0.012]  DDif [ben:0.158, ben:0.193, ben:0.139, ben:0.184, ben:0.120, ben:0.135, ben:0.136, ben:0.109, ben:1.069, ben:0.202]  labels [-1, -1, 0, -1, -1, -1, -1, 0, -1, -1]
07:54:49  INFO      experiment.runner — Round   31/200  |  acc:  78.83%  loss: 0.7303  |  FPR: 0.0%  |  mF1: 72.1%
07:55:20  INFO      defenses.deepsight — DeepSight: 0 / 10 flagged  |  TE [ben:0.014, ben:0.012, ben:0.014, ben:0.014, ben:0.018, ben:0.012, ben:0.012, ben:0.012, ben:0.012, ben:0.016]  DDif [ben:0.144, ben:0.117, ben:0.186, ben:0.103, ben:0.160, ben:0.120, ben:1.194, ben:0.150, ben:1.020, ben:0.172]  labels [0, -1, -1, -1, 0, -1, -1, -1, -1, -1]
07:55:54  INFO      defenses.deepsight — DeepSight: 0 / 10 flagged  |  TE [ben:0.014, ben:0.012, ben:0.014, ben:0.012, ben:0.012, ben:0.014, ben:0.014, ben:0.016, ben:0.016, ben:0.012]  DDif [ben:0.094, ben:0.165, ben:0.225, ben:0.232, ben:0.105, ben:0.113, ben:0.128, ben:0.117, ben:0.088, ben:0.140]  labels [-1, -1, -1, -1, 0, -1, -1, -1, 0, -1]
07:56:30  INFO      defenses.deepsight — DeepSight: 0 / 10 flagged  |  TE [ben:0.012, ben:0.016, ben:0.012, ben:0.014, ben:0.008, ben:0.014, ben:0.012, ben:0.016, ben:0.014, ben:0.012]  DDif [ben:0.094, ben:0.085, ben:0.133, ben:0.172, ben:1.379, ben:0.053, ben:0.118, ben:0.155, ben:0.204, ben:0.109]  labels [-1, 0, -1, 0, -1, 0, 0, 0, -1, -1]
07:57:02  INFO      defenses.deepsight — DeepSight: 0 / 10 flagged  |  TE [ben:0.014, ben:0.012, ben:0.016, ben:0.014, ben:0.018, ben:0.014, ben:0.014, ben:0.012, ben:0.016, ben:0.014]  DDif [ben:0.148, ben:0.121, ben:0.101, ben:0.112, ben:0.151, ben:0.121, ben:0.101, ben:0.078, ben:0.101, ben:0.152]  labels [-1, -1, 0, -1, -1, -1, 0, -1, -1, -1]
07:57:36  INFO      defenses.deepsight — DeepSight: 0 / 10 flagged  |  TE [ben:0.012, ben:0.012, ben:0.014, ben:0.016, ben:0.014, ben:0.014, ben:0.016, ben:0.014, ben:0.010, ben:0.014]  DDif [ben:0.173, ben:0.131, ben:0.127, ben:0.096, ben:0.617, ben:0.074, ben:0.063, ben:0.141, ben:1.023, ben:0.158]  labels [0, -1, -1, 0, -1, -1, -1, 0, -1, -1]
07:58:08  INFO      defenses.deepsight — DeepSight: 0 / 10 flagged  |  TE [ben:0.016, ben:0.010, ben:0.014, ben:0.012, ben:0.012, ben:0.014, ben:0.010, ben:0.016, ben:0.012, ben:0.016]  DDif [ben:0.155, ben:1.051, ben:0.101, ben:0.127, ben:0.220, ben:0.203, ben:0.880, ben:0.086, ben:0.117, ben:0.153]  labels [0, -1, -1, 0, -1, -1, -1, -1, -1, -1]
07:58:42  INFO      defenses.deepsight — DeepSight: 0 / 10 flagged  |  TE [ben:0.012, ben:0.014, ben:0.012, ben:0.012, ben:0.014, ben:0.012, ben:0.016, ben:0.012, ben:0.010, ben:0.016]  DDif [ben:0.076, ben:0.197, ben:0.152, ben:0.101, ben:0.242, ben:0.209, ben:0.119, ben:0.157, ben:0.154, ben:0.117]  labels [-1, 0, 0, 0, -1, -1, 0, 0, 0, 0]
07:59:14  INFO      defenses.deepsight — DeepSight: 0 / 10 flagged  |  TE [ben:0.012, ben:0.016, ben:0.012, ben:0.014, ben:0.012, ben:0.016, ben:0.018, ben:0.018, ben:0.014, ben:0.010]  DDif [ben:0.122, ben:0.139, ben:0.139, ben:0.204, ben:0.111, ben:0.118, ben:0.147, ben:0.143, ben:0.112, ben:0.161]  labels [0, -1, -1, -1, -1, -1, -1, -1, 0, -1]
07:59:46  INFO      defenses.deepsight — DeepSight: 0 / 10 flagged  |  TE [ben:0.020, ben:0.014, ben:0.016, ben:0.016, ben:0.014, ben:0.012, ben:0.016, ben:0.010, ben:0.016, ben:0.016]  DDif [ben:0.123, ben:0.067, ben:0.178, ben:0.121, ben:0.107, ben:0.123, ben:0.125, ben:1.034, ben:0.163, ben:0.109]  labels [-1, -1, -1, -1, -1, 0, 0, -1, -1, 0]
08:00:19  INFO      defenses.deepsight — DeepSight: 0 / 10 flagged  |  TE [ben:0.012, ben:0.014, ben:0.016, ben:0.014, ben:0.016, ben:0.014, ben:0.016, ben:0.016, ben:0.012, ben:0.014]  DDif [ben:0.235, ben:0.323, ben:0.115, ben:0.160, ben:0.084, ben:0.082, ben:0.110, ben:0.115, ben:0.839, ben:0.066]  labels [-1, -1, 0, -1, 0, -1, 0, 0, -1, -1]
08:00:25  INFO      experiment.runner — Round   41/200  |  acc:  83.70%  loss: 0.5690  |  FPR: 0.0%  |  mF1: 77.4%
08:00:57  INFO      defenses.deepsight — DeepSight: 0 / 10 flagged  |  TE [ben:0.016, ben:0.010, ben:0.018, ben:0.012, ben:0.012, ben:0.018, ben:0.012, ben:0.014, ben:0.008, ben:0.016]  DDif [ben:0.185, ben:0.164, ben:0.111, ben:0.118, ben:0.097, ben:0.122, ben:0.108, ben:0.999, ben:0.905, ben:0.128]  labels [-1, -1, -1, 0, 0, 0, 0, -1, -1, -1]
08:01:29  INFO      defenses.deepsight — DeepSight: 0 / 10 flagged  |  TE [ben:0.012, ben:0.012, ben:0.012, ben:0.016, ben:0.014, ben:0.014, ben:0.020, ben:0.014, ben:0.016, ben:0.012]  DDif [ben:0.712, ben:0.893, ben:0.129, ben:0.137, ben:0.147, ben:0.848, ben:0.179, ben:0.087, ben:0.127, ben:0.093]  labels [0, 0, 0, 0, 0, 0, 0, 0, 0, 0]
08:02:01  INFO      defenses.deepsight — DeepSight: 0 / 10 flagged  |  TE [ben:0.012, ben:0.016, ben:0.010, ben:0.012, ben:0.010, ben:0.014, ben:0.012, ben:0.014, ben:0.014, ben:0.014]  DDif [ben:0.154, ben:0.232, ben:0.162, ben:0.213, ben:0.665, ben:0.139, ben:0.220, ben:0.194, ben:0.112, ben:0.167]  labels [-1, 0, 0, -1, -1, 0, -1, -1, -1, -1]
08:02:38  INFO      defenses.deepsight — DeepSight: 0 / 10 flagged  |  TE [ben:0.012, ben:0.014, ben:0.016, ben:0.012, ben:0.016, ben:0.014, ben:0.014, ben:0.012, ben:0.014, ben:0.016]  DDif [ben:0.201, ben:0.137, ben:0.176, ben:0.098, ben:0.158, ben:0.105, ben:0.241, ben:0.140, ben:0.239, ben:0.151]  labels [-1, -1, -1, -1, 0, -1, -1, 0, -1, 0]
08:03:09  INFO      defenses.deepsight — DeepSight: 0 / 10 flagged  |  TE [ben:0.014, ben:0.012, ben:0.020, ben:0.014, ben:0.012, ben:0.016, ben:0.016, ben:0.020, ben:0.014, ben:0.014]  DDif [ben:0.120, ben:0.798, ben:0.146, ben:0.123, ben:0.087, ben:0.138, ben:0.129, ben:0.145, ben:0.121, ben:0.945]  labels [0, -1, 0, -1, -1, -1, 0, -1, -1, -1]
08:03:45  INFO      defenses.deepsight — DeepSight: 0 / 10 flagged  |  TE [ben:0.018, ben:0.016, ben:0.014, ben:0.016, ben:0.014, ben:0.014, ben:0.014, ben:0.012, ben:0.010, ben:0.012]  DDif [ben:0.180, ben:0.106, ben:0.112, ben:0.109, ben:0.080, ben:0.157, ben:0.100, ben:0.159, ben:0.548, ben:0.077]  labels [-1, 0, -1, -1, 0, -1, -1, -1, -1, -1]
08:04:16  INFO      defenses.deepsight — DeepSight: 0 / 10 flagged  |  TE [ben:0.016, ben:0.012, ben:0.014, ben:0.014, ben:0.018, ben:0.014, ben:0.016, ben:0.014, ben:0.014, ben:0.014]  DDif [ben:0.101, ben:0.077, ben:0.103, ben:0.145, ben:0.151, ben:0.085, ben:0.152, ben:0.079, ben:0.181, ben:0.140]  labels [-1, 0, 0, -1, 0, 0, 0, 0, -1, 0]
08:04:50  INFO      defenses.deepsight — DeepSight: 0 / 10 flagged  |  TE [ben:0.014, ben:0.014, ben:0.016, ben:0.014, ben:0.016, ben:0.016, ben:0.018, ben:0.016, ben:0.014, ben:0.010]  DDif [ben:0.105, ben:0.081, ben:0.167, ben:0.128, ben:0.137, ben:0.142, ben:0.220, ben:0.123, ben:0.081, ben:0.664]  labels [0, -1, -1, -1, -1, -1, -1, 0, -1, -1]
08:05:24  INFO      defenses.deepsight — DeepSight: 0 / 10 flagged  |  TE [ben:0.016, ben:0.014, ben:0.018, ben:0.014, ben:0.016, ben:0.016, ben:0.014, ben:0.016, ben:0.016, ben:0.012]  DDif [ben:0.129, ben:0.242, ben:0.171, ben:0.107, ben:0.157, ben:0.235, ben:0.106, ben:0.094, ben:0.088, ben:0.091]  labels [0, -1, -1, 0, -1, -1, 0, 0, 0, 0]
08:05:32  INFO      attacks.chameleon_client — Chameleon client [62] round 50: optimising δ for 131/266 samples (ε=0.300, λ_sim=1.00, steps=100).
08:05:33  INFO      attacks.chameleon_client — Chameleon client [62] round 50: poisoned 131/266 samples (target=0, loss=0.1113, acc=0.957).
08:05:40  INFO      attacks.chameleon_client — Chameleon client [51] round 50: optimising δ for 132/266 samples (ε=0.300, λ_sim=1.00, steps=100).
08:05:40  INFO      attacks.chameleon_client — Chameleon client [51] round 50: poisoned 132/266 samples (target=0, loss=0.1762, acc=0.950).
08:05:52  INFO      defenses.deepsight — DeepSight: 0 / 10 flagged  |  TE [ben:0.014, ben:0.014, MAL:0.014, ben:0.016, ben:0.016, MAL:0.016, ben:0.012, ben:0.014, ben:0.016, ben:0.016]  DDif [ben:0.109, ben:0.106, MAL:0.060, ben:0.062, ben:0.125, MAL:0.122, ben:0.174, ben:0.096, ben:0.124, ben:0.118]  labels [-1, -1, -1, -1, 0, -1, -1, -1, 0, 0]
08:05:58  INFO      experiment.runner — Round   51/200  |  acc:  87.28%  loss: 0.4618  |  ASR:  54.60%  asr_loss: nan  |  TPR: 0.0%  FPR: 0.0%  |  mF1: 81.5%
08:06:34  INFO      defenses.deepsight — DeepSight: 0 / 10 flagged  |  TE [ben:0.016, ben:0.014, ben:0.016, ben:0.014, ben:0.012, ben:0.016, ben:0.016, ben:0.016, ben:0.018, ben:0.016]  DDif [ben:0.115, ben:0.188, ben:0.185, ben:0.116, ben:0.120, ben:0.102, ben:0.081, ben:0.095, ben:0.138, ben:0.100]  labels [0, -1, -1, 0, -1, -1, -1, -1, -1, 0]
08:07:05  INFO      defenses.deepsight — DeepSight: 0 / 10 flagged  |  TE [ben:0.010, ben:0.012, ben:0.014, ben:0.014, ben:0.014, ben:0.012, ben:0.016, ben:0.014, ben:0.014, ben:0.018]  DDif [ben:0.089, ben:0.257, ben:0.107, ben:0.151, ben:0.237, ben:0.123, ben:0.096, ben:0.155, ben:0.135, ben:0.108]  labels [-1, -1, -1, -1, -1, -1, 0, -1, 0, -1]
08:07:39  INFO      defenses.deepsight — DeepSight: 0 / 10 flagged  |  TE [ben:0.014, ben:0.016, ben:0.016, ben:0.016, ben:0.016, ben:0.016, ben:0.016, ben:0.014, ben:0.014, ben:0.012]  DDif [ben:0.074, ben:0.072, ben:0.124, ben:0.085, ben:0.110, ben:0.277, ben:0.154, ben:0.141, ben:0.131, ben:0.146]  labels [-1, -1, 0, -1, 0, -1, -1, -1, -1, -1]
08:07:41  WARNING   attacks.chameleon_client — Chameleon client [5] round 54: no target-class samples in local data — falling back to benign training.
08:07:53  INFO      attacks.chameleon_client — Chameleon client [38] round 54: optimising δ for 132/267 samples (ε=0.300, λ_sim=1.00, steps=100).
08:07:54  INFO      attacks.chameleon_client — Chameleon client [38] round 54: poisoned 132/267 samples (target=0, loss=0.0871, acc=0.962).
08:07:57  INFO      attacks.chameleon_client — Chameleon client [97] round 54: optimising δ for 132/266 samples (ε=0.300, λ_sim=1.00, steps=100).
08:07:58  INFO      attacks.chameleon_client — Chameleon client [97] round 54: poisoned 132/266 samples (target=0, loss=0.2163, acc=0.952).
08:08:07  INFO      defenses.deepsight — DeepSight: 0 / 10 flagged  |  TE [MAL:0.012, ben:0.020, ben:0.014, ben:0.014, MAL:0.016, ben:0.012, MAL:0.016, ben:0.014, ben:0.012, ben:0.014]  DDif [MAL:0.703, ben:0.110, ben:0.109, ben:0.113, MAL:0.074, ben:0.417, MAL:0.150, ben:0.085, ben:0.100, ben:0.214]  labels [-1, 0, -1, -1, 0, -1, -1, -1, 0, -1]
08:08:40  INFO      defenses.deepsight — DeepSight: 0 / 10 flagged  |  TE [ben:0.014, ben:0.012, ben:0.016, ben:0.012, ben:0.016, ben:0.014, ben:0.014, ben:0.016, ben:0.014, ben:0.014]  DDif [ben:0.192, ben:0.108, ben:0.194, ben:0.106, ben:0.173, ben:0.174, ben:0.105, ben:0.128, ben:0.080, ben:0.093]  labels [-1, 0, 0, 0, -1, 0, -1, 0, -1, 0]
08:08:47  INFO      attacks.chameleon_client — Chameleon client [97] round 56: optimising δ for 132/266 samples (ε=0.300, λ_sim=1.00, steps=100).
08:08:47  INFO      attacks.chameleon_client — Chameleon client [97] round 56: poisoned 132/266 samples (target=0, loss=0.1004, acc=0.967).
08:09:10  INFO      defenses.deepsight — DeepSight: 0 / 10 flagged  |  TE [ben:0.016, ben:0.020, MAL:0.018, ben:0.012, ben:0.014, ben:0.014, ben:0.012, ben:0.012, ben:0.018, ben:0.014]  DDif [ben:0.137, ben:0.171, MAL:0.080, ben:0.115, ben:0.087, ben:0.209, ben:0.074, ben:0.121, ben:0.127, ben:0.131]  labels [0, -1, -1, -1, -1, -1, -1, 0, -1, -1]
08:09:17  INFO      attacks.chameleon_client — Chameleon client [53] round 57: optimising δ for 132/266 samples (ε=0.300, λ_sim=1.00, steps=100).
08:09:18  INFO      attacks.chameleon_client — Chameleon client [53] round 57: poisoned 132/266 samples (target=0, loss=0.1439, acc=0.957).
08:09:18  INFO      attacks.chameleon_client — Chameleon client [61] round 57: optimising δ for 131/266 samples (ε=0.300, λ_sim=1.00, steps=100).
08:09:19  INFO      attacks.chameleon_client — Chameleon client [61] round 57: poisoned 131/266 samples (target=0, loss=0.1012, acc=0.967).
08:09:20  INFO      attacks.chameleon_client — Chameleon client [49] round 57: optimising δ for 130/266 samples (ε=0.300, λ_sim=1.00, steps=100).
08:09:20  INFO      attacks.chameleon_client — Chameleon client [49] round 57: poisoned 130/266 samples (target=0, loss=0.0946, acc=0.965).
08:09:39  INFO      defenses.deepsight — DeepSight: 0 / 10 flagged  |  TE [ben:0.016, ben:0.020, MAL:0.018, MAL:0.016, MAL:0.020, ben:0.016, ben:0.016, ben:0.014, ben:0.014, ben:0.016]  DDif [ben:0.122, ben:0.118, MAL:0.148, MAL:0.045, MAL:0.062, ben:0.077, ben:0.080, ben:0.118, ben:0.160, ben:0.109]  labels [0, -1, -1, -1, -1, -1, -1, -1, -1, 0]
08:09:49  INFO      attacks.chameleon_client — Chameleon client [38] round 58: optimising δ for 132/267 samples (ε=0.300, λ_sim=1.00, steps=100).
08:09:49  INFO      attacks.chameleon_client — Chameleon client [38] round 58: poisoned 132/267 samples (target=0, loss=0.1751, acc=0.950).
08:10:07  INFO      defenses.deepsight — DeepSight: 0 / 10 flagged  |  TE [ben:0.016, ben:0.014, ben:0.014, MAL:0.014, ben:0.014, ben:0.014, ben:0.016, ben:0.014, ben:0.014, ben:0.016]  DDif [ben:0.108, ben:0.143, ben:0.606, MAL:0.103, ben:0.105, ben:0.074, ben:0.115, ben:0.211, ben:0.141, ben:0.075]  labels [-1, -1, -1, -1, 0, 0, -1, -1, -1, -1]
08:10:08  INFO      attacks.chameleon_client — Chameleon client [33] round 59: optimising δ for 133/267 samples (ε=0.300, λ_sim=1.00, steps=100).
08:10:08  INFO      attacks.chameleon_client — Chameleon client [33] round 59: poisoned 133/267 samples (target=0, loss=0.1145, acc=0.969).
08:10:09  INFO      attacks.chameleon_client — Chameleon client [38] round 59: optimising δ for 132/267 samples (ε=0.300, λ_sim=1.00, steps=100).
08:10:09  INFO      attacks.chameleon_client — Chameleon client [38] round 59: poisoned 132/267 samples (target=0, loss=0.1008, acc=0.972).
08:10:16  INFO      attacks.chameleon_client — Chameleon client [49] round 59: optimising δ for 130/266 samples (ε=0.300, λ_sim=1.00, steps=100).
08:10:17  INFO      attacks.chameleon_client — Chameleon client [49] round 59: poisoned 130/266 samples (target=0, loss=0.2088, acc=0.947).
08:10:33  INFO      defenses.deepsight — DeepSight: 0 / 10 flagged  |  TE [MAL:0.020, MAL:0.016, ben:0.014, ben:0.012, MAL:0.014, ben:0.018, ben:0.016, ben:0.018, ben:0.014, ben:0.014]  DDif [MAL:0.076, MAL:0.082, ben:0.199, ben:0.096, MAL:0.153, ben:0.109, ben:0.137, ben:0.242, ben:0.152, ben:0.104]  labels [-1, -1, -1, 0, -1, 0, -1, -1, -1, 0]
08:10:50  INFO      attacks.chameleon_client — Chameleon client [61] round 60: optimising δ for 131/266 samples (ε=0.300, λ_sim=1.00, steps=100).
08:10:51  INFO      attacks.chameleon_client — Chameleon client [61] round 60: poisoned 131/266 samples (target=0, loss=0.0760, acc=0.974).
08:10:51  INFO      attacks.chameleon_client — Chameleon client [53] round 60: optimising δ for 132/266 samples (ε=0.300, λ_sim=1.00, steps=100).
08:10:52  INFO      attacks.chameleon_client — Chameleon client [53] round 60: poisoned 132/266 samples (target=0, loss=0.0766, acc=0.972).
08:10:56  INFO      attacks.chameleon_client — Chameleon client [62] round 60: optimising δ for 131/266 samples (ε=0.300, λ_sim=1.00, steps=100).
08:10:57  INFO      attacks.chameleon_client — Chameleon client [62] round 60: poisoned 131/266 samples (target=0, loss=0.0908, acc=0.963).
08:11:01  INFO      defenses.deepsight — DeepSight: 0 / 10 flagged  |  TE [ben:0.014, ben:0.014, ben:0.018, ben:0.018, ben:0.014, MAL:0.020, MAL:0.018, ben:0.016, MAL:0.014, ben:0.018]  DDif [ben:0.081, ben:0.131, ben:0.119, ben:0.075, ben:0.108, MAL:0.057, MAL:0.121, ben:0.141, MAL:0.074, ben:0.171]  labels [0, 0, 0, -1, 0, 0, 0, 0, 0, -1]
08:11:06  INFO      experiment.runner — Round   61/200  |  acc:  88.45%  loss: 0.4250  |  ASR:  56.80%  asr_loss: nan  |  TPR: 0.0%  FPR: 0.0%  |  mF1: 83.4%
08:11:37  INFO      defenses.deepsight — DeepSight: 0 / 10 flagged  |  TE [ben:0.018, ben:0.012, ben:0.016, ben:0.012, ben:0.014, ben:0.018, ben:0.014, ben:0.014, ben:0.010, ben:0.018]  DDif [ben:0.205, ben:0.081, ben:0.056, ben:0.085, ben:0.120, ben:0.121, ben:0.152, ben:0.081, ben:0.120, ben:0.101]  labels [-1, -1, -1, -1, 0, -1, -1, -1, 0, -1]
08:11:38  INFO      attacks.chameleon_client — Chameleon client [49] round 62: optimising δ for 130/266 samples (ε=0.300, λ_sim=1.00, steps=100).
08:11:38  INFO      attacks.chameleon_client — Chameleon client [49] round 62: poisoned 130/266 samples (target=0, loss=0.1084, acc=0.959).
08:12:12  INFO      defenses.deepsight — DeepSight: 0 / 10 flagged  |  TE [MAL:0.016, ben:0.016, ben:0.016, ben:0.018, ben:0.012, ben:0.018, ben:0.012, ben:0.014, ben:0.012, ben:0.014]  DDif [MAL:0.105, ben:0.149, ben:0.097, ben:0.072, ben:0.089, ben:0.120, ben:0.092, ben:0.085, ben:0.127, ben:0.100]  labels [0, -1, 0, -1, 0, -1, -1, -1, -1, -1]
08:12:45  INFO      defenses.deepsight — DeepSight: 0 / 10 flagged  |  TE [ben:0.016, ben:0.014, ben:0.014, ben:0.010, ben:0.018, ben:0.012, ben:0.014, ben:0.012, ben:0.018, ben:0.012]  DDif [ben:0.101, ben:0.144, ben:0.128, ben:0.130, ben:0.146, ben:0.075, ben:0.100, ben:0.101, ben:0.111, ben:0.132]  labels [0, 0, 0, -1, 0, -1, 0, 0, 0, 0]
08:12:45  INFO      attacks.chameleon_client — Chameleon client [49] round 64: optimising δ for 130/266 samples (ε=0.300, λ_sim=1.00, steps=100).
08:12:46  INFO      attacks.chameleon_client — Chameleon client [49] round 64: poisoned 130/266 samples (target=0, loss=0.1039, acc=0.967).
08:12:49  INFO      attacks.chameleon_client — Chameleon client [62] round 64: optimising δ for 131/266 samples (ε=0.300, λ_sim=1.00, steps=100).
08:12:50  INFO      attacks.chameleon_client — Chameleon client [62] round 64: poisoned 131/266 samples (target=0, loss=0.1480, acc=0.958).
08:13:12  INFO      defenses.deepsight — DeepSight: 0 / 10 flagged  |  TE [MAL:0.014, ben:0.014, MAL:0.016, ben:0.014, ben:0.014, ben:0.014, ben:0.018, ben:0.016, ben:0.014, ben:0.012]  DDif [MAL:0.082, ben:0.096, MAL:0.224, ben:0.071, ben:0.061, ben:0.189, ben:0.110, ben:0.134, ben:0.082, ben:0.155]  labels [0, 0, -1, 0, -1, -1, 0, 0, 0, 0]
08:13:36  INFO      attacks.chameleon_client — Chameleon client [49] round 65: optimising δ for 130/266 samples (ε=0.300, λ_sim=1.00, steps=100).
08:13:36  INFO      attacks.chameleon_client — Chameleon client [49] round 65: poisoned 130/266 samples (target=0, loss=0.1225, acc=0.960).
08:13:43  INFO      defenses.deepsight — DeepSight: 0 / 10 flagged  |  TE [ben:0.016, ben:0.014, ben:0.016, ben:0.016, ben:0.016, ben:0.018, ben:0.016, MAL:0.016, ben:0.014, ben:0.014]  DDif [ben:0.172, ben:0.089, ben:0.212, ben:0.087, ben:0.098, ben:0.086, ben:0.132, MAL:0.076, ben:0.196, ben:0.123]  labels [0, 0, 0, 0, 0, 0, -1, -1, -1, 0]
08:14:15  INFO      defenses.deepsight — DeepSight: 0 / 10 flagged  |  TE [ben:0.018, ben:0.014, ben:0.016, ben:0.016, ben:0.014, ben:0.016, ben:0.012, ben:0.014, ben:0.014, ben:0.020]  DDif [ben:0.106, ben:0.063, ben:0.142, ben:0.229, ben:0.138, ben:0.121, ben:0.144, ben:0.087, ben:0.120, ben:0.153]  labels [-1, -1, -1, -1, 0, -1, 0, -1, 0, -1]
08:14:16  WARNING   attacks.chameleon_client — Chameleon client [5] round 67: no target-class samples in local data — falling back to benign training.
08:14:20  INFO      attacks.chameleon_client — Chameleon client [62] round 67: optimising δ for 131/266 samples (ε=0.300, λ_sim=1.00, steps=100).
08:14:20  INFO      attacks.chameleon_client — Chameleon client [62] round 67: poisoned 131/266 samples (target=0, loss=0.1044, acc=0.968).
08:14:45  INFO      defenses.deepsight — DeepSight: 0 / 10 flagged  |  TE [MAL:0.012, MAL:0.018, ben:0.014, ben:0.016, ben:0.018, ben:0.016, ben:0.016, ben:0.016, ben:0.016, ben:0.018]  DDif [MAL:0.527, MAL:0.097, ben:0.072, ben:0.070, ben:0.137, ben:0.112, ben:0.089, ben:0.135, ben:0.101, ben:0.163]  labels [-1, 0, -1, -1, -1, -1, -1, -1, -1, 0]
08:15:10  INFO      attacks.chameleon_client — Chameleon client [53] round 68: optimising δ for 132/266 samples (ε=0.300, λ_sim=1.00, steps=100).
08:15:10  INFO      attacks.chameleon_client — Chameleon client [53] round 68: poisoned 132/266 samples (target=0, loss=0.0981, acc=0.968).
08:15:19  INFO      defenses.deepsight — DeepSight: 0 / 10 flagged  |  TE [ben:0.016, ben:0.016, ben:0.012, ben:0.012, ben:0.018, ben:0.016, MAL:0.018, ben:0.014, ben:0.014, ben:0.014]  DDif [ben:0.090, ben:0.252, ben:0.294, ben:0.117, ben:0.089, ben:0.104, MAL:0.108, ben:0.086, ben:0.136, ben:0.097]  labels [0, -1, -1, -1, 0, 0, -1, -1, -1, -1]
08:15:32  INFO      attacks.chameleon_client — Chameleon client [53] round 69: optimising δ for 132/266 samples (ε=0.300, λ_sim=1.00, steps=100).
08:15:33  INFO      attacks.chameleon_client — Chameleon client [53] round 69: poisoned 132/266 samples (target=0, loss=0.0929, acc=0.968).
08:15:48  INFO      defenses.deepsight — DeepSight: 0 / 10 flagged  |  TE [ben:0.014, ben:0.018, ben:0.014, ben:0.014, MAL:0.018, ben:0.012, ben:0.014, ben:0.018, ben:0.016, ben:0.016]  DDif [ben:0.127, ben:0.118, ben:0.100, ben:0.123, MAL:0.046, ben:0.111, ben:0.150, ben:0.108, ben:0.086, ben:0.158]  labels [-1, 0, -1, 0, -1, -1, -1, 0, -1, -1]
08:16:03  INFO      attacks.chameleon_client — Chameleon client [53] round 70: optimising δ for 132/266 samples (ε=0.300, λ_sim=1.00, steps=100).
08:16:04  INFO      attacks.chameleon_client — Chameleon client [53] round 70: poisoned 132/266 samples (target=0, loss=0.1154, acc=0.968).
08:16:19  INFO      defenses.deepsight — DeepSight: 0 / 10 flagged  |  TE [ben:0.014, ben:0.014, ben:0.016, ben:0.016, MAL:0.016, ben:0.014, ben:0.012, ben:0.012, ben:0.014, ben:0.018]  DDif [ben:0.112, ben:0.164, ben:0.085, ben:0.062, MAL:0.105, ben:0.142, ben:0.103, ben:0.111, ben:0.092, ben:0.130]  labels [0, -1, -1, -1, -1, -1, -1, 0, -1, -1]
08:16:27  INFO      experiment.runner — Round   71/200  |  acc:  89.43%  loss: 0.3999  |  ASR:  51.80%  asr_loss: nan  |  TPR: 0.0%  FPR: 0.0%  |  mF1: 85.3%
08:16:59  INFO      defenses.deepsight — DeepSight: 0 / 10 flagged  |  TE [ben:0.014, ben:0.016, ben:0.016, ben:0.018, ben:0.016, ben:0.016, ben:0.014, ben:0.014, ben:0.012, ben:0.018]  DDif [ben:0.112, ben:0.189, ben:0.155, ben:0.113, ben:0.100, ben:0.118, ben:0.126, ben:0.080, ben:0.100, ben:0.082]  labels [0, -1, -1, -1, -1, 0, 0, -1, -1, -1]
08:17:31  INFO      defenses.deepsight — DeepSight: 0 / 10 flagged  |  TE [ben:0.014, ben:0.018, ben:0.016, ben:0.016, ben:0.014, ben:0.014, ben:0.018, ben:0.018, ben:0.014, ben:0.014]  DDif [ben:0.073, ben:0.108, ben:0.137, ben:0.122, ben:0.122, ben:0.177, ben:0.154, ben:0.082, ben:0.210, ben:0.107]  labels [-1, -1, -1, -1, 0, -1, -1, -1, -1, 0]
08:18:05  INFO      defenses.deepsight — DeepSight: 0 / 10 flagged  |  TE [ben:0.012, ben:0.014, ben:0.016, ben:0.018, ben:0.018, ben:0.016, ben:0.020, ben:0.016, ben:0.016, ben:0.012]  DDif [ben:0.129, ben:0.142, ben:0.115, ben:0.148, ben:0.066, ben:0.121, ben:0.090, ben:0.199, ben:0.149, ben:0.148]  labels [-1, 0, -1, 0, -1, -1, -1, -1, 0, -1]
08:18:11  INFO      attacks.chameleon_client — Chameleon client [61] round 74: optimising δ for 131/266 samples (ε=0.300, λ_sim=1.00, steps=100).
08:18:12  INFO      attacks.chameleon_client — Chameleon client [61] round 74: poisoned 131/266 samples (target=0, loss=0.0558, acc=0.978).
08:18:22  INFO      attacks.chameleon_client — Chameleon client [33] round 74: optimising δ for 133/267 samples (ε=0.300, λ_sim=1.00, steps=100).
08:18:22  INFO      attacks.chameleon_client — Chameleon client [33] round 74: poisoned 133/267 samples (target=0, loss=0.1000, acc=0.971).
08:18:46  INFO      defenses.deepsight — DeepSight: 0 / 10 flagged  |  TE [ben:0.018, MAL:0.016, ben:0.014, ben:0.012, MAL:0.014, ben:0.014, ben:0.016, ben:0.012, ben:0.016, ben:0.016]  DDif [ben:0.230, MAL:0.086, ben:0.066, ben:0.087, MAL:0.179, ben:0.140, ben:0.076, ben:0.102, ben:0.136, ben:0.075]  labels [-1, -1, -1, 0, -1, -1, 0, -1, -1, -1]
08:19:33  INFO      defenses.deepsight — DeepSight: 0 / 10 flagged  |  TE [ben:0.018, ben:0.016, ben:0.012, ben:0.012, ben:0.014, ben:0.018, ben:0.016, ben:0.018, ben:0.016, ben:0.012]  DDif [ben:0.090, ben:0.039, ben:0.079, ben:0.135, ben:0.094, ben:0.096, ben:0.122, ben:0.098, ben:0.107, ben:0.106]  labels [-1, -1, -1, -1, 0, 0, -1, 0, -1, -1]
08:20:13  INFO      attacks.chameleon_client — Chameleon client [65] round 76: optimising δ for 132/266 samples (ε=0.300, λ_sim=1.00, steps=100).
08:20:14  INFO      attacks.chameleon_client — Chameleon client [65] round 76: poisoned 132/266 samples (target=0, loss=0.0614, acc=0.978).
08:20:17  INFO      defenses.deepsight — DeepSight: 0 / 10 flagged  |  TE [ben:0.016, ben:0.014, ben:0.016, ben:0.016, ben:0.016, ben:0.014, ben:0.014, ben:0.018, MAL:0.018, ben:0.014]  DDif [ben:0.181, ben:0.107, ben:0.079, ben:0.105, ben:0.154, ben:0.102, ben:0.066, ben:0.140, MAL:0.069, ben:0.136]  labels [0, -1, -1, 0, 0, -1, 0, 0, 0, 0]
08:20:33  INFO      attacks.chameleon_client — Chameleon client [53] round 77: optimising δ for 132/266 samples (ε=0.300, λ_sim=1.00, steps=100).
08:20:33  INFO      attacks.chameleon_client — Chameleon client [53] round 77: poisoned 132/266 samples (target=0, loss=0.0743, acc=0.974).
08:20:37  WARNING   attacks.chameleon_client — Chameleon client [5] round 77: no target-class samples in local data — falling back to benign training.
08:20:46  INFO      defenses.deepsight — DeepSight: 0 / 10 flagged  |  TE [ben:0.016, ben:0.018, ben:0.014, ben:0.016, ben:0.016, MAL:0.018, ben:0.014, MAL:0.012, ben:0.014, ben:0.020]  DDif [ben:0.097, ben:0.128, ben:0.098, ben:0.085, ben:0.083, MAL:0.100, ben:0.187, MAL:0.447, ben:0.081, ben:0.146]  labels [0, -1, 0, -1, -1, -1, -1, -1, 0, -1]
08:21:02  INFO      attacks.chameleon_client — Chameleon client [53] round 78: optimising δ for 132/266 samples (ε=0.300, λ_sim=1.00, steps=100).
08:21:02  INFO      attacks.chameleon_client — Chameleon client [53] round 78: poisoned 132/266 samples (target=0, loss=0.0720, acc=0.975).
08:21:03  INFO      attacks.chameleon_client — Chameleon client [38] round 78: optimising δ for 132/267 samples (ε=0.300, λ_sim=1.00, steps=100).
08:21:03  INFO      attacks.chameleon_client — Chameleon client [38] round 78: poisoned 132/267 samples (target=0, loss=0.1038, acc=0.966).
08:21:13  INFO      defenses.deepsight — DeepSight: 0 / 10 flagged  |  TE [ben:0.014, ben:0.014, ben:0.012, ben:0.012, ben:0.014, MAL:0.016, MAL:0.014, ben:0.016, ben:0.020, ben:0.014]  DDif [ben:0.114, ben:0.099, ben:0.189, ben:0.093, ben:0.143, MAL:0.133, MAL:0.112, ben:0.240, ben:0.243, ben:0.209]  labels [0, 0, 0, 0, 0, 0, 0, -1, 0, 0]
08:21:20  INFO      attacks.chameleon_client — Chameleon client [38] round 79: optimising δ for 132/267 samples (ε=0.300, λ_sim=1.00, steps=100).
08:21:21  INFO      attacks.chameleon_client — Chameleon client [38] round 79: poisoned 132/267 samples (target=0, loss=0.1120, acc=0.966).
08:21:44  INFO      defenses.deepsight — DeepSight: 0 / 10 flagged  |  TE [ben:0.016, ben:0.016, MAL:0.018, ben:0.014, ben:0.014, ben:0.014, ben:0.016, ben:0.014, ben:0.018, ben:0.016]  DDif [ben:0.078, ben:0.111, MAL:0.115, ben:0.172, ben:0.087, ben:0.089, ben:0.081, ben:0.123, ben:0.137, ben:0.143]  labels [0, 0, 0, -1, 0, 0, 0, 0, 0, 0]
08:22:03  INFO      attacks.chameleon_client — Chameleon client [53] round 80: optimising δ for 132/266 samples (ε=0.300, λ_sim=1.00, steps=100).
08:22:04  INFO      attacks.chameleon_client — Chameleon client [53] round 80: poisoned 132/266 samples (target=0, loss=0.1087, acc=0.966).
08:22:13  INFO      defenses.deepsight — DeepSight: 0 / 10 flagged  |  TE [ben:0.014, ben:0.016, ben:0.014, ben:0.018, ben:0.016, ben:0.016, MAL:0.020, ben:0.014, ben:0.016, ben:0.012]  DDif [ben:0.080, ben:0.126, ben:0.102, ben:0.080, ben:0.176, ben:0.055, MAL:0.093, ben:0.106, ben:0.092, ben:0.166]  labels [0, -1, 0, -1, -1, -1, -1, -1, -1, -1]
08:22:19  INFO      experiment.runner — Round   81/200  |  acc:  89.68%  loss: 0.3835  |  ASR:  44.60%  asr_loss: nan  |  TPR: 0.0%  FPR: 0.0%  |  mF1: 85.2%
08:22:53  INFO      defenses.deepsight — DeepSight: 0 / 10 flagged  |  TE [ben:0.016, ben:0.016, ben:0.014, ben:0.018, ben:0.014, ben:0.016, ben:0.016, ben:0.018, ben:0.012, ben:0.016]  DDif [ben:0.128, ben:0.099, ben:0.092, ben:0.113, ben:0.077, ben:0.090, ben:0.195, ben:0.052, ben:0.184, ben:0.111]  labels [-1, 0, -1, -1, -1, 0, -1, -1, -1, 0]
08:23:10  INFO      attacks.chameleon_client — Chameleon client [51] round 82: optimising δ for 132/266 samples (ε=0.300, λ_sim=1.00, steps=100).
08:23:10  INFO      attacks.chameleon_client — Chameleon client [51] round 82: poisoned 132/266 samples (target=0, loss=0.1199, acc=0.959).
08:23:17  INFO      attacks.chameleon_client — Chameleon client [53] round 82: optimising δ for 132/266 samples (ε=0.300, λ_sim=1.00, steps=100).
08:23:17  INFO      attacks.chameleon_client — Chameleon client [53] round 82: poisoned 132/266 samples (target=0, loss=0.0831, acc=0.968).
08:23:20  INFO      defenses.deepsight — DeepSight: 0 / 10 flagged  |  TE [ben:0.018, ben:0.016, ben:0.014, ben:0.012, ben:0.016, MAL:0.018, ben:0.014, ben:0.016, MAL:0.016, ben:0.021]  DDif [ben:0.121, ben:0.098, ben:0.137, ben:0.184, ben:0.103, MAL:0.166, ben:0.092, ben:0.094, MAL:0.106, ben:0.162]  labels [-1, 0, -1, -1, -1, -1, -1, 0, -1, -1]
08:23:53  INFO      defenses.deepsight — DeepSight: 0 / 10 flagged  |  TE [ben:0.016, ben:0.014, ben:0.014, ben:0.016, ben:0.021, ben:0.018, ben:0.016, ben:0.016, ben:0.014, ben:0.020]  DDif [ben:0.107, ben:0.249, ben:0.131, ben:0.131, ben:0.138, ben:0.079, ben:0.093, ben:0.070, ben:0.156, ben:0.112]  labels [0, -1, 0, -1, -1, -1, -1, -1, -1, 0]
08:23:58  INFO      attacks.chameleon_client — Chameleon client [61] round 84: optimising δ for 131/266 samples (ε=0.300, λ_sim=1.00, steps=100).
08:23:59  INFO      attacks.chameleon_client — Chameleon client [61] round 84: poisoned 131/266 samples (target=0, loss=0.0830, acc=0.969).
08:24:27  INFO      defenses.deepsight — DeepSight: 0 / 10 flagged  |  TE [ben:0.016, MAL:0.018, ben:0.016, ben:0.016, ben:0.016, ben:0.016, ben:0.014, ben:0.018, ben:0.018, ben:0.014]  DDif [ben:0.131, MAL:0.106, ben:0.074, ben:0.083, ben:0.393, ben:0.110, ben:0.340, ben:0.120, ben:0.130, ben:0.250]  labels [-1, 0, 0, -1, -1, -1, -1, 0, -1, -1]
08:24:35  INFO      attacks.chameleon_client — Chameleon client [38] round 85: optimising δ for 132/267 samples (ε=0.300, λ_sim=1.00, steps=100).
08:24:35  INFO      attacks.chameleon_client — Chameleon client [38] round 85: poisoned 132/267 samples (target=0, loss=0.0855, acc=0.969).
08:24:56  INFO      defenses.deepsight — DeepSight: 0 / 10 flagged  |  TE [ben:0.014, ben:0.016, MAL:0.016, ben:0.012, ben:0.018, ben:0.016, ben:0.018, ben:0.014, ben:0.016, ben:0.016]  DDif [ben:0.131, ben:0.088, MAL:0.045, ben:0.095, ben:0.081, ben:0.134, ben:0.115, ben:0.156, ben:0.090, ben:0.113]  labels [-1, 0, -1, 0, 0, -1, 0, -1, -1, -1]
08:25:15  INFO      attacks.chameleon_client — Chameleon client [97] round 86: optimising δ for 132/266 samples (ε=0.300, λ_sim=1.00, steps=100).
08:25:15  INFO      attacks.chameleon_client — Chameleon client [97] round 86: poisoned 132/266 samples (target=0, loss=0.0854, acc=0.974).
08:25:23  INFO      attacks.chameleon_client — Chameleon client [51] round 86: optimising δ for 132/266 samples (ε=0.300, λ_sim=1.00, steps=100).
08:25:23  INFO      attacks.chameleon_client — Chameleon client [51] round 86: poisoned 132/266 samples (target=0, loss=0.0768, acc=0.977).
08:25:23  INFO      defenses.deepsight — DeepSight: 0 / 10 flagged  |  TE [ben:0.018, ben:0.016, ben:0.016, ben:0.018, ben:0.014, ben:0.016, MAL:0.018, ben:0.016, ben:0.020, MAL:0.018]  DDif [ben:0.088, ben:0.134, ben:0.103, ben:0.106, ben:0.102, ben:0.069, MAL:0.084, ben:0.140, ben:0.101, MAL:0.134]  labels [-1, -1, -1, -1, -1, -1, 0, -1, 0, -1]
08:25:44  WARNING   attacks.chameleon_client — Chameleon client [5] round 87: no target-class samples in local data — falling back to benign training.
08:25:57  INFO      defenses.deepsight — DeepSight: 0 / 10 flagged  |  TE [ben:0.016, ben:0.016, ben:0.016, ben:0.016, ben:0.016, ben:0.014, MAL:0.010, ben:0.014, ben:0.010, ben:0.016]  DDif [ben:0.212, ben:0.277, ben:0.080, ben:0.075, ben:0.095, ben:0.089, MAL:0.363, ben:0.142, ben:0.137, ben:0.145]  labels [-1, -1, 0, 0, 0, -1, -1, 0, 0, 0]
08:26:28  INFO      defenses.deepsight — DeepSight: 0 / 10 flagged  |  TE [ben:0.016, ben:0.016, ben:0.016, ben:0.014, ben:0.018, ben:0.014, ben:0.016, ben:0.014, ben:0.016, ben:0.014]  DDif [ben:0.129, ben:0.177, ben:0.099, ben:0.097, ben:0.189, ben:0.087, ben:0.103, ben:0.159, ben:0.250, ben:0.083]  labels [-1, -1, -1, -1, -1, -1, 0, -1, -1, 0]
08:26:51  INFO      attacks.chameleon_client — Chameleon client [33] round 89: optimising δ for 133/267 samples (ε=0.300, λ_sim=1.00, steps=100).
08:26:51  INFO      attacks.chameleon_client — Chameleon client [33] round 89: poisoned 133/267 samples (target=0, loss=0.0960, acc=0.969).
08:26:58  INFO      defenses.deepsight — DeepSight: 0 / 10 flagged  |  TE [ben:0.014, ben:0.016, ben:0.014, ben:0.016, ben:0.016, ben:0.014, ben:0.014, MAL:0.018, ben:0.012, ben:0.016]  DDif [ben:0.064, ben:0.164, ben:0.066, ben:0.202, ben:0.110, ben:0.182, ben:0.116, MAL:0.188, ben:0.057, ben:0.091]  labels [0, 0, 0, -1, -1, 0, 0, 0, 0, -1]
08:27:12  INFO      attacks.chameleon_client — Chameleon client [97] round 90: optimising δ for 132/266 samples (ε=0.300, λ_sim=1.00, steps=100).
08:27:12  INFO      attacks.chameleon_client — Chameleon client [97] round 90: poisoned 132/266 samples (target=0, loss=0.0577, acc=0.974).
08:27:19  INFO      attacks.chameleon_client — Chameleon client [53] round 90: optimising δ for 132/266 samples (ε=0.300, λ_sim=1.00, steps=100).
08:27:19  INFO      attacks.chameleon_client — Chameleon client [53] round 90: poisoned 132/266 samples (target=0, loss=0.1131, acc=0.970).
08:27:26  INFO      defenses.deepsight — DeepSight: 0 / 10 flagged  |  TE [ben:0.016, ben:0.014, ben:0.014, ben:0.012, MAL:0.016, ben:0.014, ben:0.014, MAL:0.020, ben:0.012, ben:0.014]  DDif [ben:0.137, ben:0.070, ben:0.113, ben:0.083, MAL:0.058, ben:0.078, ben:0.164, MAL:0.077, ben:0.070, ben:0.076]  labels [-1, -1, -1, 0, -1, 0, -1, 0, -1, -1]
08:27:34  INFO      experiment.runner — Round   91/200  |  acc:  90.88%  loss: 0.3468  |  ASR:  47.40%  asr_loss: nan  |  TPR: 0.0%  FPR: 0.0%  |  mF1: 86.5%
08:28:04  INFO      defenses.deepsight — DeepSight: 0 / 10 flagged  |  TE [ben:0.016, ben:0.016, ben:0.016, ben:0.018, ben:0.016, ben:0.016, ben:0.016, ben:0.016, ben:0.016, ben:0.016]  DDif [ben:0.200, ben:0.064, ben:0.110, ben:0.096, ben:0.054, ben:0.094, ben:0.149, ben:0.091, ben:0.220, ben:0.119]  labels [-1, -1, -1, 0, -1, 0, -1, 0, -1, -1]
08:28:05  INFO      attacks.chameleon_client — Chameleon client [51] round 92: optimising δ for 132/266 samples (ε=0.300, λ_sim=1.00, steps=100).
08:28:05  INFO      attacks.chameleon_client — Chameleon client [51] round 92: poisoned 132/266 samples (target=0, loss=0.0922, acc=0.970).
08:28:36  INFO      defenses.deepsight — DeepSight: 0 / 10 flagged  |  TE [MAL:0.016, ben:0.020, ben:0.014, ben:0.014, ben:0.014, ben:0.018, ben:0.014, ben:0.014, ben:0.016, ben:0.018]  DDif [MAL:0.173, ben:0.162, ben:0.105, ben:0.077, ben:0.092, ben:0.179, ben:0.078, ben:0.091, ben:0.071, ben:0.134]  labels [0, 0, 0, 0, 0, 0, 0, 0, 0, 0]
08:28:49  INFO      attacks.chameleon_client — Chameleon client [51] round 93: optimising δ for 132/266 samples (ε=0.300, λ_sim=1.00, steps=100).
08:28:49  INFO      attacks.chameleon_client — Chameleon client [51] round 93: poisoned 132/266 samples (target=0, loss=0.0734, acc=0.976).
08:29:06  INFO      defenses.deepsight — DeepSight: 0 / 10 flagged  |  TE [ben:0.010, ben:0.018, ben:0.016, ben:0.014, MAL:0.014, ben:0.016, ben:0.016, ben:0.018, ben:0.016, ben:0.014]  DDif [ben:0.124, ben:0.058, ben:0.166, ben:0.071, MAL:0.113, ben:0.110, ben:0.108, ben:0.112, ben:0.191, ben:0.061]  labels [-1, -1, -1, 0, -1, -1, 0, -1, -1, -1]
08:29:07  INFO      attacks.chameleon_client — Chameleon client [38] round 94: optimising δ for 132/267 samples (ε=0.300, λ_sim=1.00, steps=100).
08:29:07  INFO      attacks.chameleon_client — Chameleon client [38] round 94: poisoned 132/267 samples (target=0, loss=0.1115, acc=0.963).
08:29:21  INFO      attacks.chameleon_client — Chameleon client [53] round 94: optimising δ for 132/266 samples (ε=0.300, λ_sim=1.00, steps=100).
08:29:21  INFO      attacks.chameleon_client — Chameleon client [53] round 94: poisoned 132/266 samples (target=0, loss=0.0581, acc=0.979).
08:29:26  INFO      attacks.chameleon_client — Chameleon client [61] round 94: optimising δ for 131/266 samples (ε=0.300, λ_sim=1.00, steps=100).
08:29:27  INFO      attacks.chameleon_client — Chameleon client [61] round 94: poisoned 131/266 samples (target=0, loss=0.1033, acc=0.961).
08:29:28  INFO      attacks.chameleon_client — Chameleon client [62] round 94: optimising δ for 131/266 samples (ε=0.300, λ_sim=1.00, steps=100).
08:29:28  INFO      attacks.chameleon_client — Chameleon client [62] round 94: poisoned 131/266 samples (target=0, loss=0.0720, acc=0.976).
08:29:34  INFO      defenses.deepsight — DeepSight: 0 / 10 flagged  |  TE [MAL:0.016, ben:0.018, ben:0.012, ben:0.020, ben:0.016, MAL:0.016, ben:0.014, MAL:0.016, MAL:0.020, ben:0.016]  DDif [MAL:0.071, ben:0.073, ben:0.105, ben:0.066, ben:0.150, MAL:0.052, ben:0.128, MAL:0.158, MAL:0.066, ben:0.154]  labels [0, 0, 0, 0, 0, -1, 0, -1, 0, 0]
08:29:56  INFO      attacks.chameleon_client — Chameleon client [38] round 95: optimising δ for 132/267 samples (ε=0.300, λ_sim=1.00, steps=100).
08:29:56  INFO      attacks.chameleon_client — Chameleon client [38] round 95: poisoned 132/267 samples (target=0, loss=0.0759, acc=0.972).
08:30:05  INFO      defenses.deepsight — DeepSight: 0 / 10 flagged  |  TE [ben:0.016, ben:0.016, ben:0.018, ben:0.020, ben:0.014, ben:0.014, MAL:0.020, ben:0.016, ben:0.018, ben:0.018]  DDif [ben:0.162, ben:0.093, ben:0.110, ben:0.145, ben:0.130, ben:0.100, MAL:0.063, ben:0.101, ben:0.112, ben:0.085]  labels [-1, 0, -1, -1, -1, -1, -1, 0, -1, -1]
08:30:37  INFO      defenses.deepsight — DeepSight: 0 / 10 flagged  |  TE [ben:0.018, ben:0.016, ben:0.016, ben:0.016, ben:0.016, ben:0.016, ben:0.014, ben:0.016, ben:0.014, ben:0.016]  DDif [ben:0.120, ben:0.178, ben:0.058, ben:0.049, ben:0.375, ben:0.144, ben:0.141, ben:0.070, ben:0.226, ben:0.083]  labels [-1, -1, -1, -1, -1, 0, 0, -1, -1, -1]
08:31:01  WARNING   attacks.chameleon_client — Chameleon client [5] round 97: no target-class samples in local data — falling back to benign training.
08:31:10  INFO      defenses.deepsight — DeepSight: 0 / 10 flagged  |  TE [ben:0.016, ben:0.016, ben:0.016, ben:0.014, ben:0.018, ben:0.012, ben:0.016, MAL:0.012, ben:0.016, ben:0.020]  DDif [ben:0.082, ben:0.159, ben:0.241, ben:0.091, ben:0.167, ben:0.135, ben:0.086, MAL:0.442, ben:0.090, ben:0.084]  labels [0, -1, -1, -1, -1, 0, -1, -1, -1, 0]
08:31:40  INFO      defenses.deepsight — DeepSight: 0 / 10 flagged  |  TE [ben:0.018, ben:0.016, ben:0.014, ben:0.016, ben:0.014, ben:0.016, ben:0.016, ben:0.014, ben:0.014, ben:0.016]  DDif [ben:0.083, ben:0.167, ben:0.150, ben:0.152, ben:0.159, ben:0.083, ben:0.095, ben:0.146, ben:0.093, ben:0.180]  labels [0, 0, 0, 0, 0, 0, 0, 0, 0, 0]
08:32:03  INFO      attacks.chameleon_client — Chameleon client [49] round 99: optimising δ for 130/266 samples (ε=0.300, λ_sim=1.00, steps=100).
08:32:04  INFO      attacks.chameleon_client — Chameleon client [49] round 99: poisoned 130/266 samples (target=0, loss=0.0676, acc=0.979).
08:32:10  INFO      attacks.chameleon_client — Chameleon client [53] round 99: optimising δ for 132/266 samples (ε=0.300, λ_sim=1.00, steps=100).
08:32:10  INFO      attacks.chameleon_client — Chameleon client [53] round 99: poisoned 132/266 samples (target=0, loss=0.0836, acc=0.973).
08:32:11  INFO      defenses.deepsight — DeepSight: 0 / 10 flagged  |  TE [ben:0.014, ben:0.014, ben:0.018, ben:0.018, ben:0.016, ben:0.018, ben:0.014, MAL:0.016, ben:0.018, MAL:0.016]  DDif [ben:0.066, ben:0.082, ben:0.146, ben:0.070, ben:0.116, ben:0.084, ben:0.176, MAL:0.064, ben:0.148, MAL:0.089]  labels [0, 0, -1, -1, -1, -1, -1, -1, -1, -1]
08:32:45  INFO      defenses.deepsight — DeepSight: 0 / 10 flagged  |  TE [ben:0.016, ben:0.018, ben:0.016, ben:0.014, ben:0.016, ben:0.018, ben:0.020, ben:0.016, ben:0.012, ben:0.014]  DDif [ben:0.076, ben:0.065, ben:0.074, ben:0.056, ben:0.058, ben:0.130, ben:0.068, ben:0.084, ben:0.073, ben:0.055]  labels [-1, 0, 0, 0, -1, -1, 0, -1, 0, 0]
08:32:51  INFO      experiment.runner — Round  101/200  |  acc:  91.24%  loss: 0.3304  |  ASR:  51.00%  asr_loss: nan  |  FPR: 0.0%  |  mF1: 86.7%
08:33:00  INFO      attacks.chameleon_client — Chameleon client [49] round 101: optimising δ for 130/266 samples (ε=0.300, λ_sim=1.00, steps=100).
08:33:00  INFO      attacks.chameleon_client — Chameleon client [49] round 101: poisoned 130/266 samples (target=0, loss=0.0879, acc=0.969).
08:33:04  INFO      attacks.chameleon_client — Chameleon client [62] round 101: optimising δ for 131/266 samples (ε=0.300, λ_sim=1.00, steps=100).
08:33:04  INFO      attacks.chameleon_client — Chameleon client [62] round 101: poisoned 131/266 samples (target=0, loss=0.0407, acc=0.985).
08:33:19  INFO      defenses.deepsight — DeepSight: 0 / 10 flagged  |  TE [ben:0.014, ben:0.016, ben:0.018, MAL:0.021, ben:0.016, MAL:0.018, ben:0.018, ben:0.021, ben:0.016, ben:0.014]  DDif [ben:0.062, ben:0.104, ben:0.072, MAL:0.124, ben:0.071, MAL:0.057, ben:0.081, ben:0.100, ben:0.132, ben:0.118]  labels [0, 0, 0, 0, 0, 0, 0, -1, 0, 0]
08:33:30  INFO      attacks.chameleon_client — Chameleon client [49] round 102: optimising δ for 130/266 samples (ε=0.300, λ_sim=1.00, steps=100).
08:33:31  INFO      attacks.chameleon_client — Chameleon client [49] round 102: poisoned 130/266 samples (target=0, loss=0.0489, acc=0.979).
08:33:50  INFO      defenses.deepsight — DeepSight: 0 / 10 flagged  |  TE [ben:0.016, ben:0.014, ben:0.016, MAL:0.020, ben:0.014, ben:0.018, ben:0.016, ben:0.014, ben:0.018, ben:0.018]  DDif [ben:0.128, ben:0.089, ben:0.075, MAL:0.041, ben:0.053, ben:0.155, ben:0.105, ben:0.079, ben:0.097, ben:0.136]  labels [0, 0, -1, -1, -1, -1, 0, -1, 0, 0]
08:34:12  INFO      attacks.chameleon_client — Chameleon client [38] round 103: optimising δ for 132/267 samples (ε=0.300, λ_sim=1.00, steps=100).
08:34:13  INFO      attacks.chameleon_client — Chameleon client [38] round 103: poisoned 132/267 samples (target=0, loss=0.1378, acc=0.960).
08:34:20  INFO      defenses.deepsight — DeepSight: 0 / 10 flagged  |  TE [ben:0.014, ben:0.016, ben:0.020, ben:0.016, ben:0.014, ben:0.018, ben:0.016, MAL:0.018, ben:0.012, ben:0.016]  DDif [ben:0.084, ben:0.139, ben:0.090, ben:0.085, ben:0.069, ben:0.115, ben:0.207, MAL:0.128, ben:0.044, ben:0.131]  labels [-1, 0, -1, 0, 0, -1, -1, 0, -1, 0]
08:34:21  INFO      attacks.chameleon_client — Chameleon client [65] round 104: optimising δ for 132/266 samples (ε=0.300, λ_sim=1.00, steps=100).
08:34:22  INFO      attacks.chameleon_client — Chameleon client [65] round 104: poisoned 132/266 samples (target=0, loss=0.0694, acc=0.982).
08:34:50  INFO      defenses.deepsight — DeepSight: 0 / 10 flagged  |  TE [MAL:0.020, ben:0.016, ben:0.014, ben:0.014, ben:0.020, ben:0.014, ben:0.014, ben:0.014, ben:0.016, ben:0.016]  DDif [MAL:0.078, ben:0.127, ben:0.122, ben:0.126, ben:0.055, ben:0.075, ben:0.084, ben:0.062, ben:0.079, ben:0.061]  labels [0, 0, 0, 0, 0, 0, 0, 0, 0, 0]
08:35:19  INFO      attacks.chameleon_client — Chameleon client [62] round 105: optimising δ for 131/266 samples (ε=0.300, λ_sim=1.00, steps=100).
08:35:20  INFO      attacks.chameleon_client — Chameleon client [62] round 105: poisoned 131/266 samples (target=0, loss=0.0485, acc=0.986).
08:35:23  INFO      defenses.deepsight — DeepSight: 0 / 10 flagged  |  TE [ben:0.014, ben:0.016, ben:0.014, ben:0.020, ben:0.018, ben:0.018, ben:0.014, ben:0.018, MAL:0.014, ben:0.018]  DDif [ben:0.178, ben:0.077, ben:0.059, ben:0.202, ben:0.071, ben:0.067, ben:0.157, ben:0.113, MAL:0.071, ben:0.075]  labels [0, 0, 0, 0, 0, 0, 0, 0, 0, 0]
08:35:39  WARNING   attacks.chameleon_client — Chameleon client [5] round 106: no target-class samples in local data — falling back to benign training.
08:35:54  INFO      defenses.deepsight — DeepSight: 0 / 10 flagged  |  TE [ben:0.014, ben:0.016, ben:0.014, ben:0.016, ben:0.018, MAL:0.014, ben:0.016, ben:0.016, ben:0.016, ben:0.014]  DDif [ben:0.195, ben:0.068, ben:0.066, ben:0.099, ben:0.121, MAL:0.357, ben:0.059, ben:0.060, ben:0.134, ben:0.061]  labels [-1, 0, -1, -1, 0, -1, -1, -1, -1, -1]
08:36:29  INFO      defenses.deepsight — DeepSight: 0 / 10 flagged  |  TE [ben:0.016, ben:0.014, ben:0.014, ben:0.020, ben:0.018, ben:0.016, ben:0.018, ben:0.018, ben:0.016, ben:0.016]  DDif [ben:0.149, ben:0.085, ben:0.065, ben:0.237, ben:0.040, ben:0.070, ben:0.052, ben:0.089, ben:0.106, ben:0.075]  labels [-1, -1, 0, -1, 0, 0, 0, 0, -1, 0]
08:36:59  INFO      defenses.deepsight — DeepSight: 0 / 10 flagged  |  TE [ben:0.018, ben:0.016, ben:0.018, ben:0.014, ben:0.016, ben:0.014, ben:0.016, ben:0.016, ben:0.016, ben:0.014]  DDif [ben:0.071, ben:0.162, ben:0.140, ben:0.091, ben:0.151, ben:0.058, ben:0.091, ben:0.058, ben:0.162, ben:0.112]  labels [0, -1, 0, -1, -1, 0, 0, -1, -1, 0]
08:37:20  WARNING   attacks.chameleon_client — Chameleon client [5] round 109: no target-class samples in local data — falling back to benign training.
08:37:35  INFO      defenses.deepsight — DeepSight: 0 / 10 flagged  |  TE [ben:0.016, ben:0.016, ben:0.018, ben:0.016, ben:0.016, ben:0.014, MAL:0.012, ben:0.014, ben:0.016, ben:0.014]  DDif [ben:0.088, ben:0.149, ben:0.080, ben:0.081, ben:0.057, ben:0.087, MAL:0.428, ben:0.071, ben:0.087, ben:0.103]  labels [-1, -1, 0, -1, -1, -1, -1, -1, 0, -1]
08:38:02  INFO      attacks.chameleon_client — Chameleon client [38] round 110: optimising δ for 132/267 samples (ε=0.300, λ_sim=1.00, steps=100).
08:38:03  INFO      attacks.chameleon_client — Chameleon client [38] round 110: poisoned 132/267 samples (target=0, loss=0.0656, acc=0.981).
08:38:03  INFO      defenses.deepsight — DeepSight: 0 / 10 flagged  |  TE [ben:0.012, ben:0.018, ben:0.016, ben:0.014, ben:0.018, ben:0.012, ben:0.018, ben:0.018, ben:0.018, MAL:0.020]  DDif [ben:0.104, ben:0.120, ben:0.098, ben:0.215, ben:0.055, ben:0.097, ben:0.342, ben:0.083, ben:0.296, MAL:0.146]  labels [-1, -1, 0, -1, -1, 0, -1, -1, -1, -1]
08:38:08  INFO      experiment.runner — Round  111/200  |  acc:  91.28%  loss: 0.3449  |  ASR:  58.80%  asr_loss: nan  |  TPR: 0.0%  FPR: 0.0%  |  mF1: 86.8%
08:38:15  INFO      attacks.chameleon_client — Chameleon client [49] round 111: optimising δ for 130/266 samples (ε=0.300, λ_sim=1.00, steps=100).
08:38:16  INFO      attacks.chameleon_client — Chameleon client [49] round 111: poisoned 130/266 samples (target=0, loss=0.0912, acc=0.974).
08:38:20  INFO      attacks.chameleon_client — Chameleon client [61] round 111: optimising δ for 131/266 samples (ε=0.300, λ_sim=1.00, steps=100).
08:38:20  INFO      attacks.chameleon_client — Chameleon client [61] round 111: poisoned 131/266 samples (target=0, loss=0.0514, acc=0.981).
08:38:32  WARNING   attacks.chameleon_client — Chameleon client [5] round 111: no target-class samples in local data — falling back to benign training.
08:38:39  INFO      defenses.deepsight — DeepSight: 0 / 10 flagged  |  TE [ben:0.016, ben:0.014, MAL:0.018, ben:0.018, MAL:0.018, ben:0.016, ben:0.018, ben:0.018, MAL:0.010, ben:0.016]  DDif [ben:0.134, ben:0.065, MAL:0.095, ben:0.120, MAL:0.085, ben:0.063, ben:0.161, ben:0.114, MAL:0.374, ben:0.098]  labels [-1, -1, 0, -1, 0, -1, -1, 0, -1, -1]
08:39:11  INFO      defenses.deepsight — DeepSight: 0 / 10 flagged  |  TE [ben:0.018, ben:0.021, ben:0.020, ben:0.016, ben:0.016, ben:0.018, ben:0.016, ben:0.014, ben:0.018, ben:0.014]  DDif [ben:0.047, ben:0.060, ben:0.376, ben:0.223, ben:0.136, ben:0.124, ben:0.087, ben:0.125, ben:0.067, ben:0.133]  labels [-1, 0, -1, -1, 0, 0, -1, -1, -1, -1]
08:39:21  INFO      attacks.chameleon_client — Chameleon client [97] round 113: optimising δ for 132/266 samples (ε=0.300, λ_sim=1.00, steps=100).
08:39:21  INFO      attacks.chameleon_client — Chameleon client [97] round 113: poisoned 132/266 samples (target=0, loss=0.0437, acc=0.984).
08:39:41  INFO      defenses.deepsight — DeepSight: 0 / 10 flagged  |  TE [ben:0.016, ben:0.021, ben:0.016, MAL:0.018, ben:0.016, ben:0.014, ben:0.018, ben:0.014, ben:0.018, ben:0.016]  DDif [ben:0.108, ben:0.070, ben:0.084, MAL:0.054, ben:0.140, ben:0.049, ben:0.111, ben:0.038, ben:0.199, ben:0.091]  labels [0, -1, -1, -1, 0, -1, 0, -1, -1, -1]
08:39:54  WARNING   attacks.chameleon_client — Chameleon client [5] round 114: no target-class samples in local data — falling back to benign training.
08:40:04  INFO      attacks.chameleon_client — Chameleon client [62] round 114: optimising δ for 131/266 samples (ε=0.300, λ_sim=1.00, steps=100).
08:40:05  INFO      attacks.chameleon_client — Chameleon client [62] round 114: poisoned 131/266 samples (target=0, loss=0.0497, acc=0.982).
08:40:11  INFO      defenses.deepsight — DeepSight: 0 / 10 flagged  |  TE [ben:0.018, ben:0.016, ben:0.018, ben:0.016, MAL:0.010, ben:0.012, ben:0.018, MAL:0.016, ben:0.014, ben:0.014]  DDif [ben:0.066, ben:0.118, ben:0.066, ben:0.149, MAL:0.274, ben:0.162, ben:0.055, MAL:0.054, ben:0.136, ben:0.105]  labels [0, -1, -1, -1, -1, -1, 0, 0, 0, 0]
08:40:47  INFO      defenses.deepsight — DeepSight: 0 / 10 flagged  |  TE [ben:0.018, ben:0.012, ben:0.014, ben:0.018, ben:0.020, ben:0.014, ben:0.014, ben:0.018, ben:0.014, ben:0.016]  DDif [ben:0.097, ben:0.060, ben:0.080, ben:0.082, ben:0.120, ben:0.129, ben:0.102, ben:0.062, ben:0.121, ben:0.072]  labels [0, 0, 0, 0, -1, -1, -1, 0, -1, 0]
08:41:01  INFO      attacks.chameleon_client — Chameleon client [65] round 116: optimising δ for 132/266 samples (ε=0.300, λ_sim=1.00, steps=100).
08:41:02  INFO      attacks.chameleon_client — Chameleon client [65] round 116: poisoned 132/266 samples (target=0, loss=0.0562, acc=0.980).
08:41:15  INFO      attacks.chameleon_client — Chameleon client [33] round 116: optimising δ for 133/267 samples (ε=0.300, λ_sim=1.00, steps=100).
08:41:15  INFO      attacks.chameleon_client — Chameleon client [33] round 116: poisoned 133/267 samples (target=0, loss=0.0525, acc=0.981).
08:41:15  INFO      defenses.deepsight — DeepSight: 0 / 10 flagged  |  TE [ben:0.012, ben:0.016, ben:0.016, ben:0.016, MAL:0.016, ben:0.014, ben:0.014, ben:0.020, ben:0.018, MAL:0.018]  DDif [ben:0.068, ben:0.045, ben:0.092, ben:0.134, MAL:0.092, ben:0.158, ben:0.061, ben:0.123, ben:0.056, MAL:0.074]  labels [0, -1, -1, -1, -1, -1, -1, -1, -1, 0]
08:41:46  INFO      attacks.chameleon_client — Chameleon client [53] round 117: optimising δ for 132/266 samples (ε=0.300, λ_sim=1.00, steps=100).
08:41:47  INFO      attacks.chameleon_client — Chameleon client [53] round 117: poisoned 132/266 samples (target=0, loss=0.0499, acc=0.986).
08:41:47  INFO      defenses.deepsight — DeepSight: 0 / 10 flagged  |  TE [ben:0.016, ben:0.014, ben:0.016, ben:0.016, ben:0.016, ben:0.016, ben:0.018, ben:0.014, ben:0.014, MAL:0.018]  DDif [ben:0.054, ben:0.092, ben:0.085, ben:0.091, ben:0.053, ben:0.062, ben:0.089, ben:0.095, ben:0.062, MAL:0.085]  labels [0, 0, 0, 0, 0, 0, 0, 0, 0, 0]
08:42:09  INFO      attacks.chameleon_client — Chameleon client [65] round 118: optimising δ for 132/266 samples (ε=0.300, λ_sim=1.00, steps=100).
08:42:09  INFO      attacks.chameleon_client — Chameleon client [65] round 118: poisoned 132/266 samples (target=0, loss=0.0409, acc=0.986).
08:42:15  INFO      defenses.deepsight — DeepSight: 0 / 10 flagged  |  TE [ben:0.014, ben:0.018, ben:0.018, ben:0.012, ben:0.014, ben:0.014, ben:0.018, MAL:0.018, ben:0.014, ben:0.018]  DDif [ben:0.101, ben:0.138, ben:0.047, ben:0.089, ben:0.089, ben:0.210, ben:0.078, MAL:0.091, ben:0.036, ben:0.117]  labels [0, -1, -1, 0, -1, -1, -1, 0, -1, -1]
08:42:19  INFO      attacks.chameleon_client — Chameleon client [49] round 119: optimising δ for 130/266 samples (ε=0.300, λ_sim=1.00, steps=100).
08:42:20  INFO      attacks.chameleon_client — Chameleon client [49] round 119: poisoned 130/266 samples (target=0, loss=0.0333, acc=0.989).
08:42:45  INFO      defenses.deepsight — DeepSight: 0 / 10 flagged  |  TE [ben:0.016, MAL:0.014, ben:0.014, ben:0.018, ben:0.014, ben:0.014, ben:0.014, ben:0.018, ben:0.018, ben:0.014]  DDif [ben:0.100, MAL:0.055, ben:0.109, ben:0.066, ben:0.080, ben:0.113, ben:0.115, ben:0.071, ben:0.050, ben:0.061]  labels [0, 0, -1, 0, 0, -1, 0, 0, 0, 0]
08:43:18  INFO      defenses.deepsight — DeepSight: 0 / 10 flagged  |  TE [ben:0.016, ben:0.016, ben:0.012, ben:0.014, ben:0.016, ben:0.018, ben:0.020, ben:0.016, ben:0.016, ben:0.014]  DDif [ben:0.245, ben:0.067, ben:0.122, ben:0.066, ben:0.045, ben:0.096, ben:0.110, ben:0.060, ben:0.081, ben:0.342]  labels [-1, 0, -1, -1, 0, -1, -1, 0, -1, -1]
08:43:23  INFO      experiment.runner — Round  121/200  |  acc:  91.88%  loss: 0.3188  |  ASR:  47.40%  asr_loss: nan  |  FPR: 0.0%  |  mF1: 87.7%
08:43:38  INFO      attacks.chameleon_client — Chameleon client [61] round 121: optimising δ for 131/266 samples (ε=0.300, λ_sim=1.00, steps=100).
08:43:39  INFO      attacks.chameleon_client — Chameleon client [61] round 121: poisoned 131/266 samples (target=0, loss=0.0434, acc=0.986).
08:43:51  INFO      defenses.deepsight — DeepSight: 0 / 10 flagged  |  TE [ben:0.016, ben:0.020, ben:0.014, ben:0.018, ben:0.016, MAL:0.018, ben:0.016, ben:0.014, ben:0.018, ben:0.014]  DDif [ben:0.041, ben:0.059, ben:0.027, ben:0.183, ben:0.123, MAL:0.096, ben:0.100, ben:0.070, ben:0.109, ben:0.164]  labels [-1, -1, -1, -1, -1, -1, -1, 0, 0, -1]
08:44:25  INFO      defenses.deepsight — DeepSight: 0 / 10 flagged  |  TE [ben:0.014, ben:0.014, ben:0.016, ben:0.018, ben:0.016, ben:0.016, ben:0.018, ben:0.016, ben:0.014, ben:0.016]  DDif [ben:0.115, ben:0.081, ben:0.121, ben:0.077, ben:0.128, ben:0.077, ben:0.098, ben:0.048, ben:0.063, ben:0.117]  labels [0, -1, 0, -1, -1, -1, -1, -1, -1, -1]
08:44:32  INFO      attacks.chameleon_client — Chameleon client [65] round 123: optimising δ for 132/266 samples (ε=0.300, λ_sim=1.00, steps=100).
08:44:32  INFO      attacks.chameleon_client — Chameleon client [65] round 123: poisoned 132/266 samples (target=0, loss=0.0683, acc=0.981).
08:44:39  INFO      attacks.chameleon_client — Chameleon client [97] round 123: optimising δ for 132/266 samples (ε=0.300, λ_sim=1.00, steps=100).
08:44:39  INFO      attacks.chameleon_client — Chameleon client [97] round 123: poisoned 132/266 samples (target=0, loss=0.0390, acc=0.986).
08:44:52  INFO      defenses.deepsight — DeepSight: 0 / 10 flagged  |  TE [ben:0.020, ben:0.014, MAL:0.018, ben:0.016, ben:0.018, MAL:0.014, ben:0.012, ben:0.012, ben:0.016, ben:0.016]  DDif [ben:0.059, ben:0.139, MAL:0.083, ben:0.197, ben:0.078, MAL:0.056, ben:0.090, ben:0.167, ben:0.112, ben:0.111]  labels [0, -1, 0, -1, 0, 0, 0, -1, -1, -1]
08:45:17  INFO      attacks.chameleon_client — Chameleon client [97] round 124: optimising δ for 132/266 samples (ε=0.300, λ_sim=1.00, steps=100).
08:45:18  INFO      attacks.chameleon_client — Chameleon client [97] round 124: poisoned 132/266 samples (target=0, loss=0.1244, acc=0.974).
08:45:19  INFO      attacks.chameleon_client — Chameleon client [49] round 124: optimising δ for 130/266 samples (ε=0.300, λ_sim=1.00, steps=100).
08:45:19  INFO      attacks.chameleon_client — Chameleon client [49] round 124: poisoned 130/266 samples (target=0, loss=0.0448, acc=0.986).
08:45:23  INFO      defenses.deepsight — DeepSight: 0 / 10 flagged  |  TE [ben:0.014, ben:0.016, ben:0.014, ben:0.014, ben:0.018, ben:0.016, ben:0.016, MAL:0.018, MAL:0.016, ben:0.016]  DDif [ben:0.081, ben:0.117, ben:0.129, ben:0.125, ben:0.058, ben:0.097, ben:0.125, MAL:0.374, MAL:0.122, ben:0.072]  labels [-1, -1, 0, 0, -1, -1, 0, -1, -1, -1]
08:45:54  INFO      defenses.deepsight — DeepSight: 0 / 10 flagged  |  TE [ben:0.014, ben:0.018, ben:0.018, ben:0.020, ben:0.018, ben:0.018, ben:0.018, ben:0.018, ben:0.016, ben:0.018]  DDif [ben:0.084, ben:0.056, ben:0.108, ben:0.085, ben:0.189, ben:0.137, ben:0.097, ben:0.057, ben:0.113, ben:0.092]  labels [-1, -1, 0, -1, -1, -1, -1, -1, 0, -1]
08:45:59  INFO      attacks.chameleon_client — Chameleon client [62] round 126: optimising δ for 131/266 samples (ε=0.300, λ_sim=1.00, steps=100).
08:46:00  INFO      attacks.chameleon_client — Chameleon client [62] round 126: poisoned 131/266 samples (target=0, loss=0.0397, acc=0.986).
08:46:26  INFO      defenses.deepsight — DeepSight: 0 / 10 flagged  |  TE [ben:0.020, MAL:0.016, ben:0.014, ben:0.016, ben:0.016, ben:0.016, ben:0.012, ben:0.018, ben:0.016, ben:0.020]  DDif [ben:0.279, MAL:0.048, ben:0.062, ben:0.049, ben:0.114, ben:0.200, ben:0.102, ben:0.076, ben:0.108, ben:0.103]  labels [-1, 0, 0, 0, 0, -1, 0, 0, 0, 0]
08:46:34  INFO      attacks.chameleon_client — Chameleon client [61] round 127: optimising δ for 131/266 samples (ε=0.300, λ_sim=1.00, steps=100).
08:46:34  INFO      attacks.chameleon_client — Chameleon client [61] round 127: poisoned 131/266 samples (target=0, loss=0.0319, acc=0.987).
08:46:47  INFO      attacks.chameleon_client — Chameleon client [33] round 127: optimising δ for 133/267 samples (ε=0.300, λ_sim=1.00, steps=100).
08:46:48  INFO      attacks.chameleon_client — Chameleon client [33] round 127: poisoned 133/267 samples (target=0, loss=0.0824, acc=0.972).
08:46:53  INFO      defenses.deepsight — DeepSight: 0 / 10 flagged  |  TE [ben:0.016, ben:0.014, MAL:0.016, ben:0.021, ben:0.018, ben:0.014, ben:0.018, MAL:0.016, ben:0.014, ben:0.020]  DDif [ben:0.198, ben:0.085, MAL:0.094, ben:0.174, ben:0.119, ben:0.083, ben:0.149, MAL:0.118, ben:0.215, ben:0.061]  labels [-1, 0, 0, -1, 0, 0, 0, -1, -1, -1]
08:46:54  INFO      attacks.chameleon_client — Chameleon client [51] round 128: optimising δ for 132/266 samples (ε=0.300, λ_sim=1.00, steps=100).
08:46:54  INFO      attacks.chameleon_client — Chameleon client [51] round 128: poisoned 132/266 samples (target=0, loss=0.0555, acc=0.986).
08:47:07  INFO      attacks.chameleon_client — Chameleon client [49] round 128: optimising δ for 130/266 samples (ε=0.300, λ_sim=1.00, steps=100).
08:47:08  INFO      attacks.chameleon_client — Chameleon client [49] round 128: poisoned 130/266 samples (target=0, loss=0.0361, acc=0.985).
08:47:23  INFO      defenses.deepsight — DeepSight: 0 / 10 flagged  |  TE [MAL:0.021, ben:0.018, ben:0.016, ben:0.014, ben:0.018, MAL:0.018, ben:0.016, ben:0.016, ben:0.016, ben:0.016]  DDif [MAL:0.100, ben:0.062, ben:0.053, ben:0.080, ben:0.086, MAL:0.067, ben:0.063, ben:0.058, ben:0.160, ben:0.103]  labels [-1, -1, 0, -1, -1, 0, -1, 0, -1, -1]
08:47:47  INFO      attacks.chameleon_client — Chameleon client [33] round 129: optimising δ for 133/267 samples (ε=0.300, λ_sim=1.00, steps=100).
08:47:47  INFO      attacks.chameleon_client — Chameleon client [33] round 129: poisoned 133/267 samples (target=0, loss=0.0571, acc=0.979).
08:47:50  INFO      defenses.deepsight — DeepSight: 0 / 10 flagged  |  TE [ben:0.018, ben:0.016, ben:0.016, ben:0.018, ben:0.012, ben:0.016, ben:0.014, ben:0.016, MAL:0.023, ben:0.016]  DDif [ben:0.098, ben:0.113, ben:0.078, ben:0.076, ben:0.072, ben:0.093, ben:0.137, ben:0.063, MAL:0.095, ben:0.140]  labels [-1, -1, 0, 0, -1, -1, -1, -1, -1, -1]
08:48:24  INFO      defenses.deepsight — DeepSight: 0 / 10 flagged  |  TE [ben:0.016, ben:0.018, ben:0.018, ben:0.014, ben:0.018, ben:0.014, ben:0.020, ben:0.016, ben:0.016, ben:0.016]  DDif [ben:0.090, ben:0.082, ben:0.189, ben:0.100, ben:0.068, ben:0.069, ben:0.050, ben:0.075, ben:0.071, ben:0.176]  labels [-1, -1, -1, -1, -1, 0, -1, 0, -1, -1]
08:48:30  INFO      experiment.runner — Round  131/200  |  acc:  91.94%  loss: 0.3094  |  ASR:  59.20%  asr_loss: nan  |  FPR: 0.0%  |  mF1: 87.4%
08:48:39  INFO      attacks.chameleon_client — Chameleon client [62] round 131: optimising δ for 131/266 samples (ε=0.300, λ_sim=1.00, steps=100).
08:48:39  INFO      attacks.chameleon_client — Chameleon client [62] round 131: poisoned 131/266 samples (target=0, loss=0.0709, acc=0.981).
08:48:51  WARNING   attacks.chameleon_client — Chameleon client [5] round 131: no target-class samples in local data — falling back to benign training.
08:48:57  INFO      defenses.deepsight — DeepSight: 0 / 10 flagged  |  TE [ben:0.014, ben:0.018, ben:0.016, MAL:0.016, ben:0.018, ben:0.014, ben:0.014, ben:0.016, MAL:0.012, ben:0.016]  DDif [ben:0.044, ben:0.063, ben:0.049, MAL:0.098, ben:0.140, ben:0.089, ben:0.041, ben:0.064, MAL:0.264, ben:0.085]  labels [-1, -1, 0, -1, -1, -1, -1, 0, -1, -1]
08:49:32  INFO      defenses.deepsight — DeepSight: 0 / 10 flagged  |  TE [ben:0.014, ben:0.016, ben:0.014, ben:0.016, ben:0.018, ben:0.014, ben:0.016, ben:0.014, ben:0.020, ben:0.016]  DDif [ben:0.087, ben:0.151, ben:0.114, ben:0.052, ben:0.185, ben:0.106, ben:0.338, ben:0.080, ben:0.222, ben:0.092]  labels [0, -1, -1, -1, -1, 0, -1, -1, -1, -1]
08:50:03  INFO      defenses.deepsight — DeepSight: 0 / 10 flagged  |  TE [ben:0.014, ben:0.016, ben:0.016, ben:0.016, ben:0.018, ben:0.016, ben:0.018, ben:0.018, ben:0.016, ben:0.014]  DDif [ben:0.190, ben:0.080, ben:0.085, ben:0.049, ben:0.104, ben:0.096, ben:0.076, ben:0.113, ben:0.127, ben:0.131]  labels [-1, 0, 0, -1, -1, -1, 0, 0, 0, 0]
08:50:12  INFO      attacks.chameleon_client — Chameleon client [33] round 134: optimising δ for 133/267 samples (ε=0.300, λ_sim=1.00, steps=100).
08:50:13  INFO      attacks.chameleon_client — Chameleon client [33] round 134: poisoned 133/267 samples (target=0, loss=0.1168, acc=0.966).
08:50:30  INFO      attacks.chameleon_client — Chameleon client [97] round 134: optimising δ for 132/266 samples (ε=0.300, λ_sim=1.00, steps=100).
08:50:30  INFO      attacks.chameleon_client — Chameleon client [97] round 134: poisoned 132/266 samples (target=0, loss=0.0714, acc=0.976).
08:50:31  INFO      defenses.deepsight — DeepSight: 0 / 10 flagged  |  TE [ben:0.018, ben:0.016, ben:0.020, MAL:0.018, ben:0.014, ben:0.016, ben:0.014, ben:0.012, ben:0.016, MAL:0.018]  DDif [ben:0.079, ben:0.140, ben:0.037, MAL:0.152, ben:0.200, ben:0.130, ben:0.055, ben:0.229, ben:0.191, MAL:0.081]  labels [0, -1, -1, 0, 0, 0, 0, -1, 0, 0]
08:50:32  WARNING   attacks.chameleon_client — Chameleon client [5] round 135: no target-class samples in local data — falling back to benign training.
08:50:46  INFO      attacks.chameleon_client — Chameleon client [49] round 135: optimising δ for 130/266 samples (ε=0.300, λ_sim=1.00, steps=100).
08:50:46  INFO      attacks.chameleon_client — Chameleon client [49] round 135: poisoned 130/266 samples (target=0, loss=0.1579, acc=0.967).
08:51:02  INFO      defenses.deepsight — DeepSight: 0 / 10 flagged  |  TE [MAL:0.016, ben:0.014, ben:0.021, ben:0.014, MAL:0.018, ben:0.020, ben:0.016, ben:0.018, ben:0.014, ben:0.016]  DDif [MAL:0.284, ben:0.103, ben:0.074, ben:0.081, MAL:0.851, ben:0.117, ben:0.114, ben:0.096, ben:0.070, ben:0.116]  labels [-1, -1, -1, 0, -1, 0, 0, -1, -1, 0]
08:51:06  INFO      attacks.chameleon_client — Chameleon client [65] round 136: optimising δ for 132/266 samples (ε=0.300, λ_sim=1.00, steps=100).
08:51:07  INFO      attacks.chameleon_client — Chameleon client [65] round 136: poisoned 132/266 samples (target=0, loss=0.0480, acc=0.986).
08:51:34  INFO      defenses.deepsight — DeepSight: 0 / 10 flagged  |  TE [ben:0.016, MAL:0.016, ben:0.012, ben:0.016, ben:0.014, ben:0.012, ben:0.018, ben:0.014, ben:0.018, ben:0.018]  DDif [ben:0.102, MAL:0.185, ben:0.048, ben:0.055, ben:0.206, ben:0.085, ben:0.278, ben:0.054, ben:0.121, ben:0.085]  labels [0, -1, -1, -1, -1, 0, -1, 0, 0, 0]
08:52:05  INFO      defenses.deepsight — DeepSight: 0 / 10 flagged  |  TE [ben:0.014, ben:0.014, ben:0.018, ben:0.018, ben:0.014, ben:0.020, ben:0.018, ben:0.016, ben:0.016, ben:0.012]  DDif [ben:0.104, ben:0.092, ben:0.074, ben:0.040, ben:0.111, ben:0.047, ben:0.064, ben:0.081, ben:0.188, ben:0.138]  labels [0, -1, -1, -1, -1, 0, -1, 0, -1, -1]
08:52:29  WARNING   attacks.chameleon_client — Chameleon client [5] round 138: no target-class samples in local data — falling back to benign training.
08:52:40  INFO      defenses.deepsight — DeepSight: 0 / 10 flagged  |  TE [ben:0.020, ben:0.016, ben:0.014, ben:0.016, ben:0.014, ben:0.014, ben:0.016, MAL:0.010, ben:0.016, ben:0.014]  DDif [ben:0.064, ben:0.062, ben:0.111, ben:0.135, ben:0.048, ben:0.198, ben:0.089, MAL:0.308, ben:0.068, ben:0.071]  labels [0, 0, 0, -1, 0, -1, 0, -1, 0, 0]
08:53:10  INFO      defenses.deepsight — DeepSight: 0 / 10 flagged  |  TE [ben:0.016, ben:0.014, ben:0.018, ben:0.016, ben:0.018, ben:0.014, ben:0.016, ben:0.016, ben:0.016, ben:0.016]  DDif [ben:0.139, ben:0.050, ben:0.099, ben:0.394, ben:0.047, ben:0.074, ben:0.104, ben:0.079, ben:0.095, ben:0.072]  labels [-1, -1, 0, -1, 0, -1, -1, -1, -1, -1]
08:53:38  INFO      attacks.chameleon_client — Chameleon client [51] round 140: optimising δ for 132/266 samples (ε=0.300, λ_sim=1.00, steps=100).
08:53:39  INFO      attacks.chameleon_client — Chameleon client [51] round 140: poisoned 132/266 samples (target=0, loss=0.0448, acc=0.983).
08:53:39  INFO      defenses.deepsight — DeepSight: 0 / 10 flagged  |  TE [ben:0.014, ben:0.014, ben:0.014, ben:0.014, ben:0.016, ben:0.016, ben:0.020, ben:0.014, ben:0.016, MAL:0.018]  DDif [ben:0.094, ben:0.145, ben:0.114, ben:0.089, ben:0.105, ben:0.045, ben:0.060, ben:0.056, ben:0.052, MAL:0.058]  labels [0, -1, -1, 0, 0, 0, 0, 0, 0, 0]
08:53:44  INFO      experiment.runner — Round  141/200  |  acc:  91.92%  loss: 0.3194  |  ASR:  52.80%  asr_loss: nan  |  TPR: 0.0%  FPR: 0.0%  |  mF1: 87.4%
08:54:16  INFO      defenses.deepsight — DeepSight: 0 / 10 flagged  |  TE [ben:0.016, ben:0.014, ben:0.016, ben:0.016, ben:0.014, ben:0.014, ben:0.016, ben:0.016, ben:0.018, ben:0.014]  DDif [ben:0.347, ben:0.146, ben:0.142, ben:0.111, ben:0.091, ben:0.072, ben:0.322, ben:0.081, ben:0.048, ben:0.060]  labels [-1, -1, -1, -1, -1, -1, -1, 0, 0, -1]
08:54:32  INFO      attacks.chameleon_client — Chameleon client [33] round 142: optimising δ for 133/267 samples (ε=0.300, λ_sim=1.00, steps=100).
08:54:32  INFO      attacks.chameleon_client — Chameleon client [33] round 142: poisoned 133/267 samples (target=0, loss=0.0422, acc=0.986).
08:54:44  INFO      defenses.deepsight — DeepSight: 0 / 10 flagged  |  TE [ben:0.018, ben:0.016, ben:0.014, ben:0.016, ben:0.018, MAL:0.018, ben:0.018, ben:0.016, ben:0.016, ben:0.018]  DDif [ben:0.046, ben:0.089, ben:0.100, ben:0.098, ben:0.174, MAL:0.152, ben:0.106, ben:0.084, ben:0.040, ben:0.088]  labels [-1, 0, -1, -1, -1, -1, -1, 0, -1, -1]
08:54:48  INFO      attacks.chameleon_client — Chameleon client [51] round 143: optimising δ for 132/266 samples (ε=0.300, λ_sim=1.00, steps=100).
08:54:48  INFO      attacks.chameleon_client — Chameleon client [51] round 143: poisoned 132/266 samples (target=0, loss=0.0367, acc=0.988).
08:55:16  INFO      defenses.deepsight — DeepSight: 0 / 10 flagged  |  TE [ben:0.016, MAL:0.016, ben:0.018, ben:0.018, ben:0.016, ben:0.016, ben:0.016, ben:0.016, ben:0.018, ben:0.016]  DDif [ben:0.176, MAL:0.060, ben:0.130, ben:0.267, ben:0.070, ben:0.134, ben:0.224, ben:0.129, ben:0.117, ben:0.059]  labels [-1, 0, 0, -1, 0, 0, -1, 0, -1, 0]
08:55:31  INFO      attacks.chameleon_client — Chameleon client [97] round 144: optimising δ for 132/266 samples (ε=0.300, λ_sim=1.00, steps=100).
08:55:32  INFO      attacks.chameleon_client — Chameleon client [97] round 144: poisoned 132/266 samples (target=0, loss=0.0434, acc=0.983).
08:55:44  INFO      defenses.deepsight — DeepSight: 0 / 10 flagged  |  TE [ben:0.014, ben:0.014, ben:0.018, ben:0.018, ben:0.018, MAL:0.016, ben:0.016, ben:0.018, ben:0.016, ben:0.016]  DDif [ben:0.121, ben:0.166, ben:0.067, ben:0.168, ben:0.123, MAL:0.038, ben:0.090, ben:0.109, ben:0.121, ben:0.060]  labels [0, -1, -1, -1, -1, -1, -1, 0, -1, -1]
08:55:45  INFO      attacks.chameleon_client — Chameleon client [49] round 145: optimising δ for 130/266 samples (ε=0.300, λ_sim=1.00, steps=100).
08:55:46  INFO      attacks.chameleon_client — Chameleon client [49] round 145: poisoned 130/266 samples (target=0, loss=0.0313, acc=0.987).
08:56:16  INFO      defenses.deepsight — DeepSight: 0 / 10 flagged  |  TE [MAL:0.016, ben:0.018, ben:0.014, ben:0.018, ben:0.018, ben:0.016, ben:0.014, ben:0.016, ben:0.016, ben:0.014]  DDif [MAL:0.055, ben:0.156, ben:0.033, ben:0.158, ben:0.145, ben:0.090, ben:0.076, ben:0.090, ben:0.147, ben:0.064]  labels [0, 0, 0, 0, 0, 0, 0, 0, 0, 0]
08:56:48  INFO      defenses.deepsight — DeepSight: 0 / 10 flagged  |  TE [ben:0.014, ben:0.014, ben:0.018, ben:0.018, ben:0.021, ben:0.016, ben:0.016, ben:0.018, ben:0.012, ben:0.014]  DDif [ben:0.149, ben:0.069, ben:0.220, ben:0.144, ben:0.079, ben:0.067, ben:0.145, ben:0.057, ben:0.104, ben:0.077]  labels [0, 0, -1, 0, 0, 0, 0, 0, 0, 0]
08:57:16  INFO      attacks.chameleon_client — Chameleon client [51] round 147: optimising δ for 132/266 samples (ε=0.300, λ_sim=1.00, steps=100).
08:57:16  INFO      attacks.chameleon_client — Chameleon client [51] round 147: poisoned 132/266 samples (target=0, loss=0.0915, acc=0.975).
08:57:20  INFO      defenses.deepsight — DeepSight: 0 / 10 flagged  |  TE [ben:0.014, ben:0.016, ben:0.018, ben:0.014, ben:0.016, ben:0.018, ben:0.020, ben:0.016, MAL:0.018, ben:0.018]  DDif [ben:0.085, ben:0.423, ben:0.112, ben:0.063, ben:0.082, ben:0.127, ben:0.099, ben:0.074, MAL:0.223, ben:0.244]  labels [0, -1, -1, -1, -1, -1, 0, -1, -1, -1]
08:57:39  WARNING   attacks.chameleon_client — Chameleon client [5] round 148: no target-class samples in local data — falling back to benign training.
08:57:54  INFO      defenses.deepsight — DeepSight: 0 / 10 flagged  |  TE [ben:0.014, ben:0.016, ben:0.020, ben:0.014, ben:0.020, MAL:0.014, ben:0.014, ben:0.016, ben:0.016, ben:0.016]  DDif [ben:0.165, ben:0.094, ben:0.065, ben:0.077, ben:0.144, MAL:0.187, ben:0.113, ben:0.148, ben:0.079, ben:0.200]  labels [0, 0, -1, 0, -1, 0, 0, 0, 0, -1]
08:57:58  INFO      attacks.chameleon_client — Chameleon client [61] round 149: optimising δ for 131/266 samples (ε=0.300, λ_sim=1.00, steps=100).
08:57:58  INFO      attacks.chameleon_client — Chameleon client [61] round 149: poisoned 131/266 samples (target=0, loss=0.0425, acc=0.983).
08:58:25  INFO      defenses.deepsight — DeepSight: 0 / 10 flagged  |  TE [ben:0.016, MAL:0.020, ben:0.016, ben:0.016, ben:0.018, ben:0.018, ben:0.016, ben:0.014, ben:0.012, ben:0.018]  DDif [ben:0.096, MAL:0.117, ben:0.109, ben:0.147, ben:0.078, ben:0.082, ben:0.050, ben:0.146, ben:0.177, ben:0.054]  labels [0, -1, 0, 0, 0, -1, 0, 0, -1, -1]
08:58:56  INFO      defenses.deepsight — DeepSight: 0 / 10 flagged  |  TE [ben:0.016, ben:0.016, ben:0.016, ben:0.016, ben:0.018, ben:0.020, ben:0.014, ben:0.016, ben:0.014, ben:0.014]  DDif [ben:0.064, ben:0.092, ben:0.073, ben:0.126, ben:0.058, ben:0.059, ben:0.199, ben:0.059, ben:0.070, ben:0.073]  labels [-1, -1, -1, -1, 0, 0, -1, -1, 0, -1]
08:59:05  INFO      experiment.runner — Round  151/200  |  acc:  91.90%  loss: 0.3198  |  ASR:  57.40%  asr_loss: nan  |  FPR: 0.0%  |  mF1: 87.8%
08:59:26  INFO      attacks.chameleon_client — Chameleon client [49] round 151: optimising δ for 130/266 samples (ε=0.300, λ_sim=1.00, steps=100).
08:59:26  INFO      attacks.chameleon_client — Chameleon client [49] round 151: poisoned 130/266 samples (target=0, loss=0.0262, acc=0.987).
08:59:35  INFO      defenses.deepsight — DeepSight: 0 / 10 flagged  |  TE [ben:0.014, ben:0.016, ben:0.014, ben:0.020, ben:0.012, ben:0.016, MAL:0.016, ben:0.018, ben:0.016, ben:0.014]  DDif [ben:0.064, ben:0.063, ben:0.086, ben:0.197, ben:0.099, ben:0.081, MAL:0.064, ben:0.126, ben:0.070, ben:0.112]  labels [0, -1, -1, -1, -1, 0, -1, -1, -1, -1]
08:59:58  INFO      attacks.chameleon_client — Chameleon client [33] round 152: optimising δ for 133/267 samples (ε=0.300, λ_sim=1.00, steps=100).
08:59:58  INFO      attacks.chameleon_client — Chameleon client [33] round 152: poisoned 133/267 samples (target=0, loss=0.0740, acc=0.980).
09:00:05  INFO      defenses.deepsight — DeepSight: 0 / 10 flagged  |  TE [ben:0.018, ben:0.016, ben:0.012, ben:0.016, ben:0.018, ben:0.016, ben:0.018, MAL:0.018, ben:0.016, ben:0.016]  DDif [ben:0.075, ben:0.102, ben:0.058, ben:0.042, ben:0.050, ben:0.087, ben:0.115, MAL:0.066, ben:0.070, ben:0.035]  labels [0, -1, 0, 0, 0, 0, -1, 0, 0, 0]
09:00:34  INFO      attacks.chameleon_client — Chameleon client [65] round 153: optimising δ for 132/266 samples (ε=0.300, λ_sim=1.00, steps=100).
09:00:35  INFO      attacks.chameleon_client — Chameleon client [65] round 153: poisoned 132/266 samples (target=0, loss=0.0299, acc=0.989).
09:00:35  INFO      defenses.deepsight — DeepSight: 0 / 10 flagged  |  TE [ben:0.018, ben:0.016, ben:0.018, ben:0.018, ben:0.014, ben:0.020, ben:0.016, ben:0.016, ben:0.018, MAL:0.020]  DDif [ben:0.060, ben:0.138, ben:0.066, ben:0.190, ben:0.095, ben:0.062, ben:0.152, ben:0.098, ben:0.079, MAL:0.070]  labels [0, -1, -1, -1, -1, 0, -1, -1, -1, -1]
09:00:48  INFO      attacks.chameleon_client — Chameleon client [49] round 154: optimising δ for 130/266 samples (ε=0.300, λ_sim=1.00, steps=100).
09:00:48  INFO      attacks.chameleon_client — Chameleon client [49] round 154: poisoned 130/266 samples (target=0, loss=0.0720, acc=0.982).
09:01:05  INFO      defenses.deepsight — DeepSight: 0 / 10 flagged  |  TE [ben:0.016, ben:0.014, ben:0.016, ben:0.016, MAL:0.018, ben:0.016, ben:0.014, ben:0.018, ben:0.014, ben:0.018]  DDif [ben:0.169, ben:0.090, ben:0.056, ben:0.056, MAL:0.162, ben:0.170, ben:0.091, ben:0.082, ben:0.059, ben:0.073]  labels [0, 0, 0, 0, 0, 0, 0, 0, 0, 0]
09:01:13  INFO      attacks.chameleon_client — Chameleon client [97] round 155: optimising δ for 132/266 samples (ε=0.300, λ_sim=1.00, steps=100).
09:01:14  INFO      attacks.chameleon_client — Chameleon client [97] round 155: poisoned 132/266 samples (target=0, loss=0.0346, acc=0.986).
09:01:35  INFO      defenses.deepsight — DeepSight: 0 / 10 flagged  |  TE [ben:0.016, ben:0.018, MAL:0.014, ben:0.016, ben:0.018, ben:0.016, ben:0.016, ben:0.016, ben:0.018, ben:0.016]  DDif [ben:0.126, ben:0.154, MAL:0.042, ben:0.118, ben:0.051, ben:0.140, ben:0.062, ben:0.150, ben:0.117, ben:0.095]  labels [-1, -1, -1, -1, -1, 0, -1, 0, -1, -1]
09:02:07  INFO      defenses.deepsight — DeepSight: 0 / 10 flagged  |  TE [ben:0.016, ben:0.016, ben:0.020, ben:0.018, ben:0.016, ben:0.016, ben:0.014, ben:0.012, ben:0.016, ben:0.016]  DDif [ben:0.126, ben:0.034, ben:0.059, ben:0.061, ben:0.193, ben:0.186, ben:0.107, ben:0.121, ben:0.071, ben:0.146]  labels [0, -1, -1, 0, -1, -1, -1, 0, 0, 0]
09:02:15  INFO      attacks.chameleon_client — Chameleon client [97] round 157: optimising δ for 132/266 samples (ε=0.300, λ_sim=1.00, steps=100).
09:02:16  INFO      attacks.chameleon_client — Chameleon client [97] round 157: poisoned 132/266 samples (target=0, loss=0.0334, acc=0.985).
09:02:16  INFO      attacks.chameleon_client — Chameleon client [53] round 157: optimising δ for 132/266 samples (ε=0.300, λ_sim=1.00, steps=100).
09:02:17  INFO      attacks.chameleon_client — Chameleon client [53] round 157: poisoned 132/266 samples (target=0, loss=0.0510, acc=0.984).
09:02:37  INFO      defenses.deepsight — DeepSight: 0 / 10 flagged  |  TE [ben:0.016, ben:0.014, MAL:0.018, MAL:0.018, ben:0.016, ben:0.016, ben:0.016, ben:0.018, ben:0.012, ben:0.014]  DDif [ben:0.095, ben:0.153, MAL:0.061, MAL:0.157, ben:0.088, ben:0.149, ben:0.085, ben:0.090, ben:0.040, ben:0.090]  labels [0, 0, 0, 0, 0, 0, 0, 0, -1, 0]
09:02:42  INFO      attacks.chameleon_client — Chameleon client [65] round 158: optimising δ for 132/266 samples (ε=0.300, λ_sim=1.00, steps=100).
09:02:42  INFO      attacks.chameleon_client — Chameleon client [65] round 158: poisoned 132/266 samples (target=0, loss=0.0248, acc=0.992).
09:03:07  INFO      defenses.deepsight — DeepSight: 0 / 10 flagged  |  TE [ben:0.012, MAL:0.018, ben:0.014, ben:0.018, ben:0.018, ben:0.014, ben:0.020, ben:0.018, ben:0.018, ben:0.014]  DDif [ben:0.043, MAL:0.056, ben:0.075, ben:0.196, ben:0.110, ben:0.115, ben:0.067, ben:0.114, ben:0.040, ben:0.071]  labels [0, 0, 0, -1, 0, 0, 0, -1, 0, -1]
09:03:40  INFO      defenses.deepsight — DeepSight: 0 / 10 flagged  |  TE [ben:0.020, ben:0.018, ben:0.014, ben:0.020, ben:0.018, ben:0.018, ben:0.016, ben:0.018, ben:0.016, ben:0.018]  DDif [ben:0.147, ben:0.097, ben:0.111, ben:0.368, ben:0.118, ben:0.094, ben:0.048, ben:0.104, ben:0.107, ben:0.040]  labels [-1, 0, -1, -1, 0, -1, -1, -1, -1, -1]
09:03:53  INFO      attacks.chameleon_client — Chameleon client [97] round 160: optimising δ for 132/266 samples (ε=0.300, λ_sim=1.00, steps=100).
09:03:53  INFO      attacks.chameleon_client — Chameleon client [97] round 160: poisoned 132/266 samples (target=0, loss=0.0900, acc=0.979).
09:04:03  INFO      attacks.chameleon_client — Chameleon client [49] round 160: optimising δ for 130/266 samples (ε=0.300, λ_sim=1.00, steps=100).
09:04:03  INFO      attacks.chameleon_client — Chameleon client [49] round 160: poisoned 130/266 samples (target=0, loss=0.0332, acc=0.988).
09:04:06  INFO      defenses.deepsight — DeepSight: 0 / 10 flagged  |  TE [ben:0.016, ben:0.016, ben:0.016, ben:0.014, MAL:0.014, ben:0.016, ben:0.018, ben:0.018, MAL:0.016, ben:0.016]  DDif [ben:0.072, ben:0.052, ben:0.059, ben:0.189, MAL:0.168, ben:0.047, ben:0.100, ben:0.107, MAL:0.087, ben:0.083]  labels [0, 0, -1, -1, -1, -1, -1, 0, -1, -1]
09:04:12  INFO      experiment.runner — Round  161/200  |  acc:  91.96%  loss: 0.3328  |  ASR:  45.40%  asr_loss: nan  |  TPR: 0.0%  FPR: 0.0%  |  mF1: 87.5%
09:04:24  INFO      attacks.chameleon_client — Chameleon client [49] round 161: optimising δ for 130/266 samples (ε=0.300, λ_sim=1.00, steps=100).
09:04:25  INFO      attacks.chameleon_client — Chameleon client [49] round 161: poisoned 130/266 samples (target=0, loss=0.0631, acc=0.981).
09:04:42  INFO      defenses.deepsight — DeepSight: 0 / 10 flagged  |  TE [ben:0.014, ben:0.020, ben:0.023, ben:0.020, MAL:0.016, ben:0.018, ben:0.020, ben:0.021, ben:0.018, ben:0.020]  DDif [ben:0.054, ben:0.340, ben:0.050, ben:0.077, MAL:0.051, ben:0.077, ben:0.070, ben:0.087, ben:0.050, ben:0.202]  labels [0, -1, 0, -1, 0, -1, -1, 0, 0, -1]
09:05:13  INFO      defenses.deepsight — DeepSight: 0 / 10 flagged  |  TE [ben:0.018, ben:0.016, ben:0.020, ben:0.016, ben:0.016, ben:0.016, ben:0.016, ben:0.018, ben:0.018, ben:0.016]  DDif [ben:0.064, ben:0.074, ben:0.089, ben:0.059, ben:0.103, ben:0.032, ben:0.080, ben:0.047, ben:0.291, ben:0.073]  labels [0, 0, 0, -1, 0, -1, 0, -1, -1, -1]
09:05:14  WARNING   attacks.chameleon_client — Chameleon client [5] round 163: no target-class samples in local data — falling back to benign training.
09:05:47  INFO      defenses.deepsight — DeepSight: 0 / 10 flagged  |  TE [MAL:0.012, ben:0.018, ben:0.016, ben:0.018, ben:0.016, ben:0.016, ben:0.016, ben:0.014, ben:0.016, ben:0.016]  DDif [MAL:0.163, ben:0.092, ben:0.062, ben:0.140, ben:0.143, ben:0.118, ben:0.119, ben:0.128, ben:0.116, ben:0.403]  labels [-1, 0, -1, -1, -1, 0, -1, -1, -1, -1]
09:05:57  WARNING   attacks.chameleon_client — Chameleon client [5] round 164: no target-class samples in local data — falling back to benign training.
09:06:12  INFO      attacks.chameleon_client — Chameleon client [97] round 164: optimising δ for 132/266 samples (ε=0.300, λ_sim=1.00, steps=100).
09:06:13  INFO      attacks.chameleon_client — Chameleon client [97] round 164: poisoned 132/266 samples (target=0, loss=0.0280, acc=0.991).
09:06:16  INFO      defenses.deepsight — DeepSight: 0 / 10 flagged  |  TE [ben:0.016, ben:0.016, ben:0.018, MAL:0.012, ben:0.016, ben:0.018, ben:0.016, ben:0.020, MAL:0.016, ben:0.020]  DDif [ben:0.100, ben:0.195, ben:0.055, MAL:0.252, ben:0.045, ben:0.096, ben:0.100, ben:0.104, MAL:0.091, ben:0.093]  labels [0, -1, 0, -1, -1, 0, 0, 0, 0, -1]
09:06:32  INFO      attacks.chameleon_client — Chameleon client [51] round 165: optimising δ for 132/266 samples (ε=0.300, λ_sim=1.00, steps=100).
09:06:33  INFO      attacks.chameleon_client — Chameleon client [51] round 165: poisoned 132/266 samples (target=0, loss=0.0651, acc=0.980).
09:06:37  INFO      attacks.chameleon_client — Chameleon client [65] round 165: optimising δ for 132/266 samples (ε=0.300, λ_sim=1.00, steps=100).
09:06:37  INFO      attacks.chameleon_client — Chameleon client [65] round 165: poisoned 132/266 samples (target=0, loss=0.0416, acc=0.989).
09:06:44  INFO      defenses.deepsight — DeepSight: 0 / 10 flagged  |  TE [ben:0.021, ben:0.016, ben:0.016, ben:0.014, ben:0.016, MAL:0.018, ben:0.020, MAL:0.018, ben:0.016, ben:0.014]  DDif [ben:0.066, ben:0.130, ben:0.192, ben:0.167, ben:0.260, MAL:0.243, ben:0.167, MAL:0.067, ben:0.113, ben:0.137]  labels [-1, 0, -1, -1, -1, -1, -1, -1, 0, 0]
09:06:52  INFO      attacks.chameleon_client — Chameleon client [61] round 166: optimising δ for 131/266 samples (ε=0.300, λ_sim=1.00, steps=100).
09:06:53  INFO      attacks.chameleon_client — Chameleon client [61] round 166: poisoned 131/266 samples (target=0, loss=0.1018, acc=0.974).
09:07:03  INFO      attacks.chameleon_client — Chameleon client [97] round 166: optimising δ for 132/266 samples (ε=0.300, λ_sim=1.00, steps=100).
09:07:04  INFO      attacks.chameleon_client — Chameleon client [97] round 166: poisoned 132/266 samples (target=0, loss=0.0364, acc=0.986).
09:07:07  WARNING   attacks.chameleon_client — Chameleon client [5] round 166: no target-class samples in local data — falling back to benign training.
09:07:13  INFO      defenses.deepsight — DeepSight: 0 / 10 flagged  |  TE [ben:0.018, ben:0.014, MAL:0.018, ben:0.018, ben:0.014, ben:0.018, MAL:0.018, ben:0.020, MAL:0.014, ben:0.018]  DDif [ben:0.059, ben:0.052, MAL:0.499, ben:0.156, ben:0.083, ben:0.078, MAL:0.057, ben:0.064, MAL:0.224, ben:0.044]  labels [0, -1, -1, -1, -1, 0, -1, -1, -1, -1]
09:07:17  WARNING   attacks.chameleon_client — Chameleon client [5] round 167: no target-class samples in local data — falling back to benign training.
09:07:37  INFO      attacks.chameleon_client — Chameleon client [49] round 167: optimising δ for 130/266 samples (ε=0.300, λ_sim=1.00, steps=100).
09:07:38  INFO      attacks.chameleon_client — Chameleon client [49] round 167: poisoned 130/266 samples (target=0, loss=0.0520, acc=0.980).
09:07:47  INFO      defenses.deepsight — DeepSight: 0 / 10 flagged  |  TE [ben:0.016, MAL:0.018, ben:0.018, ben:0.014, ben:0.016, ben:0.014, ben:0.014, MAL:0.018, ben:0.016, ben:0.014]  DDif [ben:0.114, MAL:0.182, ben:0.085, ben:0.105, ben:0.142, ben:0.124, ben:0.091, MAL:0.097, ben:0.056, ben:0.168]  labels [0, -1, 0, 0, 0, -1, 0, 0, -1, 0]
09:08:03  INFO      attacks.chameleon_client — Chameleon client [33] round 168: optimising δ for 133/267 samples (ε=0.300, λ_sim=1.00, steps=100).
09:08:03  INFO      attacks.chameleon_client — Chameleon client [33] round 168: poisoned 133/267 samples (target=0, loss=0.1304, acc=0.973).
09:08:18  INFO      defenses.deepsight — DeepSight: 0 / 10 flagged  |  TE [ben:0.018, ben:0.016, ben:0.014, ben:0.018, MAL:0.014, ben:0.016, ben:0.016, ben:0.020, ben:0.016, ben:0.018]  DDif [ben:0.085, ben:0.112, ben:0.160, ben:0.079, MAL:0.156, ben:0.173, ben:0.123, ben:0.175, ben:0.053, ben:0.080]  labels [0, 0, 0, -1, 0, 0, 0, 0, -1, 0]
09:08:19  INFO      attacks.chameleon_client — Chameleon client [33] round 169: optimising δ for 133/267 samples (ε=0.300, λ_sim=1.00, steps=100).
09:08:19  INFO      attacks.chameleon_client — Chameleon client [33] round 169: poisoned 133/267 samples (target=0, loss=0.0337, acc=0.987).
09:08:49  INFO      defenses.deepsight — DeepSight: 0 / 10 flagged  |  TE [MAL:0.016, ben:0.016, ben:0.016, ben:0.014, ben:0.016, ben:0.014, ben:0.016, ben:0.018, ben:0.016, ben:0.020]  DDif [MAL:0.059, ben:0.021, ben:0.126, ben:0.037, ben:0.096, ben:0.079, ben:0.062, ben:0.115, ben:0.119, ben:0.042]  labels [0, -1, -1, -1, 0, 0, -1, -1, 0, -1]
09:08:57  INFO      attacks.chameleon_client — Chameleon client [65] round 170: optimising δ for 132/266 samples (ε=0.300, λ_sim=1.00, steps=100).
09:08:57  INFO      attacks.chameleon_client — Chameleon client [65] round 170: poisoned 132/266 samples (target=0, loss=0.0721, acc=0.986).
09:09:19  INFO      defenses.deepsight — DeepSight: 0 / 10 flagged  |  TE [ben:0.016, ben:0.018, MAL:0.016, ben:0.018, ben:0.016, ben:0.016, ben:0.018, ben:0.016, ben:0.014, ben:0.016]  DDif [ben:0.085, ben:0.180, MAL:0.557, ben:0.066, ben:0.103, ben:0.170, ben:0.069, ben:0.090, ben:0.071, ben:0.181]  labels [0, -1, -1, -1, -1, -1, 0, -1, -1, -1]
09:09:24  INFO      experiment.runner — Round  171/200  |  acc:  91.84%  loss: 0.3241  |  ASR:  64.20%  asr_loss: nan  |  TPR: 0.0%  FPR: 0.0%  |  mF1: 88.0%
09:10:00  INFO      defenses.deepsight — DeepSight: 0 / 10 flagged  |  TE [ben:0.014, ben:0.016, ben:0.018, ben:0.014, ben:0.016, ben:0.020, ben:0.014, ben:0.014, ben:0.018, ben:0.018]  DDif [ben:0.089, ben:0.080, ben:0.083, ben:0.071, ben:0.084, ben:0.075, ben:0.049, ben:0.082, ben:0.091, ben:0.069]  labels [0, -1, 0, -1, 0, -1, -1, -1, -1, -1]
09:10:31  INFO      defenses.deepsight — DeepSight: 0 / 10 flagged  |  TE [ben:0.020, ben:0.016, ben:0.014, ben:0.020, ben:0.016, ben:0.014, ben:0.020, ben:0.018, ben:0.018, ben:0.016]  DDif [ben:0.048, ben:0.181, ben:0.079, ben:0.062, ben:0.068, ben:0.072, ben:0.085, ben:0.079, ben:0.474, ben:0.068]  labels [-1, -1, 0, -1, -1, -1, -1, -1, -1, 0]
09:10:51  INFO      attacks.chameleon_client — Chameleon client [65] round 173: optimising δ for 132/266 samples (ε=0.300, λ_sim=1.00, steps=100).
09:10:51  INFO      attacks.chameleon_client — Chameleon client [65] round 173: poisoned 132/266 samples (target=0, loss=0.0386, acc=0.986).
09:11:15  INFO      defenses.deepsight — DeepSight: 0 / 10 flagged  |  TE [ben:0.018, ben:0.018, ben:0.016, ben:0.016, ben:0.016, ben:0.018, MAL:0.018, ben:0.018, ben:0.014, ben:0.016]  DDif [ben:0.119, ben:0.436, ben:0.127, ben:0.082, ben:0.271, ben:0.091, MAL:0.102, ben:0.116, ben:0.060, ben:0.072]  labels [-1, -1, 0, 0, -1, -1, -1, -1, 0, -1]
09:11:44  WARNING   attacks.chameleon_client — Chameleon client [5] round 174: no target-class samples in local data — falling back to benign training.
09:11:47  INFO      defenses.deepsight — DeepSight: 0 / 10 flagged  |  TE [ben:0.016, ben:0.016, ben:0.016, ben:0.012, ben:0.021, ben:0.020, ben:0.018, ben:0.016, ben:0.016, MAL:0.012]  DDif [ben:0.051, ben:0.145, ben:0.071, ben:0.136, ben:0.050, ben:0.097, ben:0.106, ben:0.101, ben:0.081, MAL:0.151]  labels [-1, -1, -1, -1, -1, 0, 0, 0, -1, -1]
09:12:04  INFO      attacks.chameleon_client — Chameleon client [49] round 175: optimising δ for 130/266 samples (ε=0.300, λ_sim=1.00, steps=100).
09:12:04  INFO      attacks.chameleon_client — Chameleon client [49] round 175: poisoned 130/266 samples (target=0, loss=0.0422, acc=0.988).
09:12:17  INFO      defenses.deepsight — DeepSight: 0 / 10 flagged  |  TE [ben:0.014, ben:0.020, ben:0.018, ben:0.018, ben:0.014, MAL:0.020, ben:0.016, ben:0.018, ben:0.018, ben:0.018]  DDif [ben:0.087, ben:0.140, ben:0.055, ben:0.134, ben:0.129, MAL:0.147, ben:0.204, ben:0.076, ben:0.051, ben:0.061]  labels [0, 0, 0, 0, 0, 0, -1, 0, 0, 0]
09:12:49  INFO      defenses.deepsight — DeepSight: 0 / 10 flagged  |  TE [ben:0.016, ben:0.016, ben:0.014, ben:0.016, ben:0.020, ben:0.018, ben:0.018, ben:0.018, ben:0.016, ben:0.012]  DDif [ben:0.113, ben:0.059, ben:0.110, ben:0.068, ben:0.051, ben:0.087, ben:0.080, ben:0.197, ben:0.082, ben:0.049]  labels [0, 0, 0, 0, 0, 0, 0, -1, 0, 0]
09:13:15  INFO      attacks.chameleon_client — Chameleon client [33] round 177: optimising δ for 133/267 samples (ε=0.300, λ_sim=1.00, steps=100).
09:13:15  INFO      attacks.chameleon_client — Chameleon client [33] round 177: poisoned 133/267 samples (target=0, loss=0.0495, acc=0.985).
09:13:19  INFO      attacks.chameleon_client — Chameleon client [49] round 177: optimising δ for 130/266 samples (ε=0.300, λ_sim=1.00, steps=100).
09:13:20  INFO      attacks.chameleon_client — Chameleon client [49] round 177: poisoned 130/266 samples (target=0, loss=0.0369, acc=0.988).
09:13:20  INFO      defenses.deepsight — DeepSight: 0 / 10 flagged  |  TE [ben:0.016, ben:0.014, ben:0.018, ben:0.018, ben:0.016, ben:0.016, ben:0.018, MAL:0.016, ben:0.014, MAL:0.018]  DDif [ben:0.100, ben:0.201, ben:0.044, ben:0.200, ben:0.074, ben:0.076, ben:0.109, MAL:0.068, ben:0.148, MAL:0.056]  labels [-1, -1, -1, -1, 0, 0, -1, 0, -1, -1]
09:13:47  INFO      attacks.chameleon_client — Chameleon client [51] round 178: optimising δ for 132/266 samples (ε=0.300, λ_sim=1.00, steps=100).
09:13:47  INFO      attacks.chameleon_client — Chameleon client [51] round 178: poisoned 132/266 samples (target=0, loss=0.0605, acc=0.984).
09:13:51  INFO      defenses.deepsight — DeepSight: 0 / 10 flagged  |  TE [ben:0.020, ben:0.016, ben:0.016, ben:0.020, ben:0.018, ben:0.016, ben:0.018, ben:0.018, MAL:0.020, ben:0.014]  DDif [ben:0.054, ben:0.280, ben:0.031, ben:0.034, ben:0.074, ben:0.184, ben:0.241, ben:0.047, MAL:0.199, ben:0.109]  labels [-1, -1, 0, 0, -1, -1, -1, 0, -1, -1]
09:14:23  INFO      defenses.deepsight — DeepSight: 0 / 10 flagged  |  TE [ben:0.020, ben:0.014, ben:0.018, ben:0.016, ben:0.016, ben:0.016, ben:0.020, ben:0.014, ben:0.018, ben:0.018]  DDif [ben:0.153, ben:0.052, ben:0.078, ben:0.102, ben:0.136, ben:0.071, ben:0.091, ben:0.123, ben:0.090, ben:0.093]  labels [-1, -1, -1, 0, -1, -1, 0, -1, -1, -1]
09:14:30  INFO      attacks.chameleon_client — Chameleon client [51] round 180: optimising δ for 132/266 samples (ε=0.300, λ_sim=1.00, steps=100).
09:14:31  INFO      attacks.chameleon_client — Chameleon client [51] round 180: poisoned 132/266 samples (target=0, loss=0.0250, acc=0.993).
09:14:31  INFO      attacks.chameleon_client — Chameleon client [33] round 180: optimising δ for 133/267 samples (ε=0.300, λ_sim=1.00, steps=100).
09:14:32  INFO      attacks.chameleon_client — Chameleon client [33] round 180: poisoned 133/267 samples (target=0, loss=0.1339, acc=0.957).
09:14:49  INFO      defenses.deepsight — DeepSight: 0 / 10 flagged  |  TE [ben:0.014, ben:0.014, MAL:0.016, MAL:0.018, ben:0.016, ben:0.016, ben:0.014, ben:0.016, ben:0.018, ben:0.018]  DDif [ben:0.043, ben:0.092, MAL:0.059, MAL:0.292, ben:0.038, ben:0.190, ben:0.097, ben:0.148, ben:0.044, ben:0.142]  labels [-1, 0, -1, -1, 0, -1, -1, -1, -1, -1]
09:14:58  INFO      experiment.runner — Round  181/200  |  acc:  92.54%  loss: 0.3009  |  ASR:  48.60%  asr_loss: nan  |  TPR: 0.0%  FPR: 0.0%  |  mF1: 88.9%
09:15:29  INFO      defenses.deepsight — DeepSight: 0 / 10 flagged  |  TE [ben:0.016, ben:0.020, ben:0.016, ben:0.018, ben:0.018, ben:0.016, ben:0.018, ben:0.016, ben:0.016, ben:0.016]  DDif [ben:0.032, ben:0.062, ben:0.054, ben:0.160, ben:0.049, ben:0.146, ben:0.060, ben:0.058, ben:0.139, ben:0.353]  labels [0, -1, -1, 0, -1, 0, -1, -1, -1, -1]
09:16:04  INFO      defenses.deepsight — DeepSight: 0 / 10 flagged  |  TE [ben:0.016, ben:0.014, ben:0.018, ben:0.018, ben:0.016, ben:0.016, ben:0.014, ben:0.016, ben:0.020, ben:0.018]  DDif [ben:0.144, ben:0.037, ben:0.098, ben:0.202, ben:0.118, ben:0.058, ben:0.110, ben:0.063, ben:0.044, ben:0.122]  labels [-1, 0, 0, -1, 0, 0, 0, 0, -1, 0]
09:16:15  INFO      attacks.chameleon_client — Chameleon client [61] round 183: optimising δ for 131/266 samples (ε=0.300, λ_sim=1.00, steps=100).
09:16:15  INFO      attacks.chameleon_client — Chameleon client [61] round 183: poisoned 131/266 samples (target=0, loss=0.0274, acc=0.992).
09:16:25  WARNING   attacks.chameleon_client — Chameleon client [5] round 183: no target-class samples in local data — falling back to benign training.
09:16:35  INFO      defenses.deepsight — DeepSight: 0 / 10 flagged  |  TE [ben:0.016, ben:0.020, ben:0.018, MAL:0.018, ben:0.018, ben:0.018, ben:0.018, MAL:0.012, ben:0.014, ben:0.016]  DDif [ben:0.040, ben:0.058, ben:0.029, MAL:0.065, ben:0.057, ben:0.160, ben:0.171, MAL:0.170, ben:0.100, ben:0.054]  labels [0, 0, 0, 0, 0, 0, 0, 0, 0, 0]
09:17:01  INFO      attacks.chameleon_client — Chameleon client [53] round 184: optimising δ for 132/266 samples (ε=0.300, λ_sim=1.00, steps=100).
09:17:02  INFO      attacks.chameleon_client — Chameleon client [53] round 184: poisoned 132/266 samples (target=0, loss=0.0386, acc=0.985).
09:17:05  INFO      defenses.deepsight — DeepSight: 0 / 10 flagged  |  TE [ben:0.018, ben:0.020, ben:0.016, ben:0.021, ben:0.016, ben:0.020, ben:0.016, ben:0.016, MAL:0.016, ben:0.016]  DDif [ben:0.099, ben:0.043, ben:0.071, ben:0.111, ben:0.093, ben:0.124, ben:0.070, ben:0.195, MAL:0.133, ben:0.062]  labels [0, 0, 0, 0, 0, 0, 0, -1, -1, 0]
09:17:14  INFO      attacks.chameleon_client — Chameleon client [49] round 185: optimising δ for 130/266 samples (ε=0.300, λ_sim=1.00, steps=100).
09:17:15  INFO      attacks.chameleon_client — Chameleon client [49] round 185: poisoned 130/266 samples (target=0, loss=0.0308, acc=0.989).
09:17:34  INFO      defenses.deepsight — DeepSight: 0 / 10 flagged  |  TE [ben:0.016, ben:0.018, ben:0.016, MAL:0.016, ben:0.018, ben:0.018, ben:0.016, ben:0.018, ben:0.018, ben:0.014]  DDif [ben:0.173, ben:0.089, ben:0.069, MAL:0.166, ben:0.070, ben:0.126, ben:0.067, ben:0.069, ben:0.088, ben:0.045]  labels [-1, 0, 0, 0, 0, 0, 0, 0, 0, 0]
09:17:35  INFO      attacks.chameleon_client — Chameleon client [49] round 186: optimising δ for 130/266 samples (ε=0.300, λ_sim=1.00, steps=100).
09:17:35  INFO      attacks.chameleon_client — Chameleon client [49] round 186: poisoned 130/266 samples (target=0, loss=0.0255, acc=0.992).
09:17:56  INFO      attacks.chameleon_client — Chameleon client [65] round 186: optimising δ for 132/266 samples (ε=0.300, λ_sim=1.00, steps=100).
09:17:56  INFO      attacks.chameleon_client — Chameleon client [65] round 186: poisoned 132/266 samples (target=0, loss=0.0293, acc=0.992).
09:18:02  INFO      defenses.deepsight — DeepSight: 0 / 10 flagged  |  TE [MAL:0.016, ben:0.018, ben:0.018, ben:0.018, ben:0.016, ben:0.020, ben:0.014, MAL:0.018, ben:0.016, ben:0.018]  DDif [MAL:0.074, ben:0.078, ben:0.143, ben:0.201, ben:0.048, ben:0.039, ben:0.120, MAL:0.115, ben:0.105, ben:0.048]  labels [0, 0, -1, -1, -1, -1, -1, 0, -1, 0]
09:18:33  INFO      defenses.deepsight — DeepSight: 0 / 10 flagged  |  TE [ben:0.018, ben:0.016, ben:0.018, ben:0.016, ben:0.016, ben:0.016, ben:0.016, ben:0.016, ben:0.014, ben:0.016]  DDif [ben:0.046, ben:0.192, ben:0.193, ben:0.076, ben:0.093, ben:0.377, ben:0.048, ben:0.084, ben:0.198, ben:0.037]  labels [0, -1, -1, -1, 0, -1, 0, -1, -1, -1]
09:18:34  INFO      attacks.chameleon_client — Chameleon client [53] round 188: optimising δ for 132/266 samples (ε=0.300, λ_sim=1.00, steps=100).
09:18:34  INFO      attacks.chameleon_client — Chameleon client [53] round 188: poisoned 132/266 samples (target=0, loss=0.0362, acc=0.983).
09:19:09  INFO      attacks.chameleon_client — Chameleon client [65] round 188: optimising δ for 132/266 samples (ε=0.300, λ_sim=1.00, steps=100).
09:19:09  INFO      attacks.chameleon_client — Chameleon client [65] round 188: poisoned 132/266 samples (target=0, loss=0.0211, acc=0.992).
09:19:09  INFO      defenses.deepsight — DeepSight: 0 / 10 flagged  |  TE [MAL:0.018, ben:0.018, ben:0.023, ben:0.020, ben:0.018, ben:0.016, ben:0.016, ben:0.020, ben:0.020, MAL:0.020]  DDif [MAL:0.108, ben:0.094, ben:0.056, ben:0.058, ben:0.199, ben:0.144, ben:0.081, ben:0.077, ben:0.047, MAL:0.136]  labels [0, 0, -1, 0, -1, -1, 0, 0, -1, 0]
09:19:16  INFO      attacks.chameleon_client — Chameleon client [51] round 189: optimising δ for 132/266 samples (ε=0.300, λ_sim=1.00, steps=100).
09:19:16  INFO      attacks.chameleon_client — Chameleon client [51] round 189: poisoned 132/266 samples (target=0, loss=0.0673, acc=0.978).
09:19:38  INFO      defenses.deepsight — DeepSight: 0 / 10 flagged  |  TE [ben:0.016, ben:0.018, MAL:0.018, ben:0.014, ben:0.018, ben:0.014, ben:0.016, ben:0.018, ben:0.014, ben:0.018]  DDif [ben:0.128, ben:0.089, MAL:0.235, ben:0.098, ben:0.060, ben:0.109, ben:0.040, ben:0.199, ben:0.180, ben:0.157]  labels [-1, 0, -1, 0, -1, 0, -1, -1, -1, -1]
09:20:06  INFO      attacks.chameleon_client — Chameleon client [61] round 190: optimising δ for 131/266 samples (ε=0.300, λ_sim=1.00, steps=100).
09:20:06  INFO      attacks.chameleon_client — Chameleon client [61] round 190: poisoned 131/266 samples (target=0, loss=0.0317, acc=0.991).
09:20:11  INFO      defenses.deepsight — DeepSight: 0 / 10 flagged  |  TE [ben:0.014, ben:0.018, ben:0.016, ben:0.016, ben:0.014, ben:0.020, ben:0.020, ben:0.016, MAL:0.016, ben:0.016]  DDif [ben:0.093, ben:0.069, ben:0.132, ben:0.077, ben:0.086, ben:0.135, ben:0.085, ben:0.163, MAL:0.076, ben:0.038]  labels [-1, -1, -1, 0, 0, -1, -1, -1, -1, -1]
09:20:18  INFO      experiment.runner — Round  191/200  |  acc:  92.60%  loss: 0.3020  |  ASR:  60.00%  asr_loss: nan  |  TPR: 0.0%  FPR: 0.0%  |  mF1: 88.9%
09:20:48  INFO      defenses.deepsight — DeepSight: 0 / 10 flagged  |  TE [ben:0.016, ben:0.016, ben:0.016, ben:0.020, ben:0.018, ben:0.016, ben:0.020, ben:0.014, ben:0.014, ben:0.014]  DDif [ben:0.122, ben:0.117, ben:0.066, ben:0.051, ben:0.324, ben:0.153, ben:0.033, ben:0.066, ben:0.090, ben:0.412]  labels [0, -1, -1, 0, -1, -1, 0, 0, 0, -1]
09:20:58  WARNING   attacks.chameleon_client — Chameleon client [5] round 192: no target-class samples in local data — falling back to benign training.
09:21:23  INFO      defenses.deepsight — DeepSight: 0 / 10 flagged  |  TE [ben:0.018, ben:0.023, ben:0.016, MAL:0.016, ben:0.016, ben:0.018, ben:0.018, ben:0.016, ben:0.016, ben:0.018]  DDif [ben:0.036, ben:0.156, ben:0.142, MAL:0.224, ben:0.046, ben:0.086, ben:0.128, ben:0.153, ben:0.137, ben:0.090]  labels [-1, -1, 0, -1, -1, -1, -1, 0, 0, -1]
09:21:43  INFO      attacks.chameleon_client — Chameleon client [53] round 193: optimising δ for 132/266 samples (ε=0.300, λ_sim=1.00, steps=100).
09:21:43  INFO      attacks.chameleon_client — Chameleon client [53] round 193: poisoned 132/266 samples (target=0, loss=0.0330, acc=0.991).
09:21:52  INFO      defenses.deepsight — DeepSight: 0 / 10 flagged  |  TE [ben:0.018, ben:0.016, ben:0.016, ben:0.018, ben:0.018, ben:0.016, MAL:0.020, ben:0.016, ben:0.016, ben:0.016]  DDif [ben:0.065, ben:0.143, ben:0.071, ben:0.065, ben:0.049, ben:0.160, MAL:0.166, ben:0.061, ben:0.087, ben:0.084]  labels [0, 0, 0, 0, 0, 0, 0, 0, 0, 0]
09:22:25  INFO      defenses.deepsight — DeepSight: 0 / 10 flagged  |  TE [ben:0.020, ben:0.016, ben:0.016, ben:0.018, ben:0.016, ben:0.014, ben:0.021, ben:0.018, ben:0.016, ben:0.018]  DDif [ben:0.056, ben:0.107, ben:0.111, ben:0.099, ben:0.131, ben:0.063, ben:0.079, ben:0.068, ben:0.112, ben:0.054]  labels [0, -1, 0, 0, -1, 0, 0, 0, 0, -1]
09:22:29  INFO      attacks.chameleon_client — Chameleon client [97] round 195: optimising δ for 132/266 samples (ε=0.300, λ_sim=1.00, steps=100).
09:22:29  INFO      attacks.chameleon_client — Chameleon client [97] round 195: poisoned 132/266 samples (target=0, loss=0.0639, acc=0.989).
09:22:56  INFO      defenses.deepsight — DeepSight: 0 / 10 flagged  |  TE [ben:0.016, MAL:0.016, ben:0.021, ben:0.016, ben:0.016, ben:0.016, ben:0.014, ben:0.018, ben:0.016, ben:0.018]  DDif [ben:0.064, MAL:0.131, ben:0.208, ben:0.116, ben:0.117, ben:0.149, ben:0.092, ben:0.041, ben:0.073, ben:0.096]  labels [-1, 0, -1, -1, 0, -1, -1, -1, -1, -1]
09:23:28  INFO      defenses.deepsight — DeepSight: 0 / 10 flagged  |  TE [ben:0.018, ben:0.018, ben:0.016, ben:0.016, ben:0.018, ben:0.018, ben:0.016, ben:0.016, ben:0.016, ben:0.016]  DDif [ben:0.127, ben:0.153, ben:0.104, ben:0.130, ben:0.079, ben:0.057, ben:0.109, ben:0.141, ben:0.101, ben:0.057]  labels [0, -1, 0, -1, -1, -1, 0, -1, -1, -1]
09:23:42  WARNING   attacks.chameleon_client — Chameleon client [5] round 197: no target-class samples in local data — falling back to benign training.
09:24:00  INFO      defenses.deepsight — DeepSight: 0 / 10 flagged  |  TE [ben:0.018, ben:0.020, ben:0.018, ben:0.018, MAL:0.014, ben:0.016, ben:0.016, ben:0.014, ben:0.014, ben:0.016]  DDif [ben:0.080, ben:0.080, ben:0.108, ben:0.099, MAL:0.170, ben:0.049, ben:0.071, ben:0.080, ben:0.034, ben:0.151]  labels [0, 0, -1, -1, -1, -1, 0, -1, -1, -1]
09:24:36  INFO      defenses.deepsight — DeepSight: 0 / 10 flagged  |  TE [ben:0.018, ben:0.014, ben:0.014, ben:0.016, ben:0.016, ben:0.021, ben:0.016, ben:0.018, ben:0.016, ben:0.016]  DDif [ben:0.068, ben:0.138, ben:0.045, ben:0.043, ben:0.130, ben:0.052, ben:0.125, ben:0.048, ben:0.060, ben:0.058]  labels [0, 0, 0, 0, 0, 0, 0, 0, 0, 0]
09:25:07  INFO      defenses.deepsight — DeepSight: 0 / 10 flagged  |  TE [ben:0.018, ben:0.016, ben:0.014, ben:0.016, ben:0.016, ben:0.018, ben:0.018, ben:0.014, ben:0.016, ben:0.014]  DDif [ben:0.055, ben:0.045, ben:0.094, ben:0.280, ben:0.072, ben:0.083, ben:0.108, ben:0.142, ben:0.072, ben:0.033]  labels [-1, 0, 0, -1, 0, -1, 0, 0, 0, -1]
09:25:12  INFO      experiment.runner — Round  200/200  |  acc:  92.72%  loss: 0.2925  |  ASR:  40.00%  asr_loss: nan  |  FPR: 0.0%  |  mF1: 88.9%
09:25:12  INFO      experiment.runner — Final model saved to results/benchmark/gtsrb_chameleon_deepsight_seed0/final_model.pt
09:25:12  INFO      experiment.runner — Client atypicality written to results/benchmark/gtsrb_chameleon_deepsight_seed0/client_atypicality.json
09:25:12  INFO      experiment.runner — Client inclusion rates written to results/benchmark/gtsrb_chameleon_deepsight_seed0/client_inclusion.csv
09:25:13  INFO      benchmark — ✓  gtsrb_chameleon_deepsight_seed0  (108.0 min)
09:25:13  INFO      benchmark — ▶  gtsrb_chameleon_deepsight_seed1
09:25:13  INFO      experiment.runner — Initialising 'gtsrb_chameleon_deepsight_seed1' | device=cuda | rounds=200 | clients=10/100 | attack=chameleon | defense=deepsight
09:25:13  INFO      defenses.deepsight — DeepSightServer — output layer: 'fc_layers.3.weight' | neup_tau=0.20  cluster_tau=0.50  clip_norm=2.0
09:25:18  INFO      experiment.utils — Built 100 clients — 10 malicious, 90 benign.

==============================================================
  Summary — 21 rounds evaluated
==============================================================
  Final clean accuracy               92.72%
  Best  clean accuracy               92.72%
  Final clean loss                   0.2925
  Macro F1                           88.89%
  Final ASR                          40.00%
  Mean ASR (attack window)           53.18%
  Max  ASR (attack window)           64.20%
  Pooled TPR (attack period)          0.00%
  Pooled FPR (all rounds)             0.00%
==============================================================

09:25:23  INFO      experiment.runner — Chameleon ASR evaluator: 500 non-target test images.
09:25:23  INFO      experiment.runner — Setup complete — 100 clients (10 malicious) | backdoor eval: chameleon-adaptive
09:25:56  INFO      defenses.deepsight — DeepSight: 0 / 10 flagged  |  TE [ben:0.010, ben:0.010, ben:0.012, ben:0.006, ben:0.010, ben:0.012, ben:0.012, ben:0.012, ben:0.014, ben:0.008]  DDif [ben:1.640, ben:2.032, ben:1.155, ben:1.206, ben:1.525, ben:2.112, ben:1.287, ben:1.659, ben:1.422, ben:1.377]  labels [0, -1, -1, -1, 0, -1, -1, 0, -1, -1]
09:26:01  INFO      experiment.runner — Round    1/200  |  acc:   6.35%  loss: 3.5376  |  FPR: 0.0%  |  mF1: 1.1%
09:26:32  INFO      defenses.deepsight — DeepSight: 0 / 10 flagged  |  TE [ben:0.012, ben:0.010, ben:0.016, ben:0.010, ben:0.010, ben:0.012, ben:0.014, ben:0.012, ben:0.014, ben:0.012]  DDif [ben:0.399, ben:0.453, ben:0.460, ben:0.435, ben:0.473, ben:0.454, ben:0.552, ben:0.479, ben:0.428, ben:0.451]  labels [-1, 0, -1, 0, -1, -1, -1, -1, -1, -1]
09:27:06  INFO      defenses.deepsight — DeepSight: 0 / 10 flagged  |  TE [ben:0.014, ben:0.012, ben:0.012, ben:0.014, ben:0.010, ben:0.010, ben:0.010, ben:0.012, ben:0.008, ben:0.012]  DDif [ben:0.135, ben:0.067, ben:0.099, ben:0.305, ben:0.072, ben:0.150, ben:0.140, ben:0.117, ben:0.161, ben:0.143]  labels [0, -1, -1, -1, -1, -1, 0, -1, -1, 0]
09:27:38  INFO      defenses.deepsight — DeepSight: 0 / 10 flagged  |  TE [ben:0.010, ben:0.010, ben:0.012, ben:0.012, ben:0.012, ben:0.010, ben:0.012, ben:0.010, ben:0.008, ben:0.018]  DDif [ben:0.236, ben:0.254, ben:0.340, ben:0.157, ben:0.288, ben:0.077, ben:0.164, ben:0.134, ben:0.126, ben:0.135]  labels [0, -1, -1, 0, 0, -1, 0, 0, 0, 0]
09:28:11  INFO      defenses.deepsight — DeepSight: 0 / 10 flagged  |  TE [ben:0.012, ben:0.010, ben:0.008, ben:0.012, ben:0.010, ben:0.010, ben:0.014, ben:0.010, ben:0.014, ben:0.010]  DDif [ben:0.138, ben:0.184, ben:0.113, ben:0.555, ben:0.122, ben:0.675, ben:0.166, ben:0.180, ben:0.135, ben:0.279]  labels [-1, -1, -1, -1, 0, -1, 0, -1, 0, -1]
09:28:43  INFO      defenses.deepsight — DeepSight: 0 / 10 flagged  |  TE [ben:0.010, ben:0.010, ben:0.012, ben:0.012, ben:0.010, ben:0.012, ben:0.010, ben:0.012, ben:0.010, ben:0.012]  DDif [ben:0.248, ben:0.722, ben:0.169, ben:0.133, ben:0.222, ben:0.123, ben:0.182, ben:0.176, ben:0.158, ben:0.134]  labels [-1, -1, 0, -1, -1, -1, -1, -1, -1, 0]
09:29:14  INFO      defenses.deepsight — DeepSight: 0 / 10 flagged  |  TE [ben:0.016, ben:0.012, ben:0.012, ben:0.012, ben:0.010, ben:0.012, ben:0.012, ben:0.010, ben:0.010, ben:0.014]  DDif [ben:0.161, ben:0.135, ben:0.131, ben:0.887, ben:0.090, ben:0.134, ben:0.134, ben:0.089, ben:0.121, ben:0.219]  labels [0, 0, -1, -1, -1, 0, -1, -1, -1, -1]
09:29:48  INFO      defenses.deepsight — DeepSight: 0 / 10 flagged  |  TE [ben:0.010, ben:0.010, ben:0.016, ben:0.012, ben:0.012, ben:0.010, ben:0.012, ben:0.012, ben:0.012, ben:0.012]  DDif [ben:0.300, ben:0.148, ben:0.165, ben:0.104, ben:1.552, ben:0.090, ben:0.131, ben:0.092, ben:0.098, ben:0.170]  labels [-1, -1, 0, -1, -1, -1, -1, -1, 0, -1]
09:30:20  INFO      defenses.deepsight — DeepSight: 0 / 10 flagged  |  TE [ben:0.010, ben:0.010, ben:0.012, ben:0.012, ben:0.010, ben:0.012, ben:0.012, ben:0.012, ben:0.010, ben:0.010]  DDif [ben:0.091, ben:0.109, ben:0.084, ben:0.153, ben:0.101, ben:0.158, ben:0.072, ben:0.111, ben:0.141, ben:0.159]  labels [0, 0, 0, 0, 0, 0, 0, 0, 0, 0]
09:30:55  INFO      defenses.deepsight — DeepSight: 0 / 10 flagged  |  TE [ben:0.012, ben:0.012, ben:0.012, ben:0.012, ben:0.014, ben:0.014, ben:0.012, ben:0.016, ben:0.012, ben:0.012]  DDif [ben:0.147, ben:0.182, ben:0.106, ben:0.116, ben:0.155, ben:0.094, ben:0.157, ben:0.112, ben:0.173, ben:0.118]  labels [0, 0, 0, 0, 0, 0, 0, 0, 0, 0]
09:31:26  INFO      defenses.deepsight — DeepSight: 0 / 10 flagged  |  TE [ben:0.010, ben:0.012, ben:0.010, ben:0.012, ben:0.012, ben:0.012, ben:0.014, ben:0.010, ben:0.010, ben:0.012]  DDif [ben:0.218, ben:0.159, ben:0.101, ben:0.113, ben:0.259, ben:1.604, ben:0.119, ben:0.188, ben:0.131, ben:0.119]  labels [0, -1, 0, 0, -1, -1, 0, 0, -1, -1]
09:31:32  INFO      experiment.runner — Round   11/200  |  acc:  51.12%  loss: 1.6325  |  FPR: 0.0%  |  mF1: 33.8%
09:32:08  INFO      defenses.deepsight — DeepSight: 0 / 10 flagged  |  TE [ben:0.012, ben:0.012, ben:0.010, ben:0.012, ben:0.016, ben:0.008, ben:0.010, ben:0.012, ben:0.010, ben:0.010]  DDif [ben:0.115, ben:0.122, ben:0.177, ben:0.125, ben:0.127, ben:0.177, ben:0.210, ben:0.169, ben:0.143, ben:0.144]  labels [-1, -1, -1, -1, 0, -1, -1, -1, 0, -1]
09:32:39  INFO      defenses.deepsight — DeepSight: 0 / 10 flagged  |  TE [ben:0.014, ben:0.014, ben:0.012, ben:0.010, ben:0.014, ben:0.010, ben:0.012, ben:0.014, ben:0.012, ben:0.010]  DDif [ben:0.142, ben:0.120, ben:0.161, ben:0.135, ben:0.136, ben:0.138, ben:0.137, ben:0.118, ben:0.130, ben:0.170]  labels [0, -1, -1, -1, -1, -1, -1, -1, 0, -1]
09:33:17  INFO      defenses.deepsight — DeepSight: 0 / 10 flagged  |  TE [ben:0.010, ben:0.010, ben:0.012, ben:0.014, ben:0.016, ben:0.010, ben:0.012, ben:0.012, ben:0.010, ben:0.010]  DDif [ben:0.153, ben:0.089, ben:0.111, ben:0.112, ben:0.203, ben:0.158, ben:0.095, ben:0.175, ben:0.111, ben:0.109]  labels [-1, -1, 0, -1, -1, -1, -1, -1, 0, -1]
09:33:49  INFO      defenses.deepsight — DeepSight: 0 / 10 flagged  |  TE [ben:0.012, ben:0.018, ben:0.012, ben:0.016, ben:0.012, ben:0.010, ben:0.008, ben:0.012, ben:0.014, ben:0.014]  DDif [ben:0.107, ben:0.153, ben:0.230, ben:0.394, ben:0.144, ben:0.115, ben:0.084, ben:1.763, ben:0.073, ben:0.181]  labels [0, 0, -1, -1, -1, -1, 0, -1, -1, -1]
09:34:22  INFO      defenses.deepsight — DeepSight: 0 / 10 flagged  |  TE [ben:0.012, ben:0.010, ben:0.012, ben:0.010, ben:0.014, ben:0.010, ben:0.016, ben:0.008, ben:0.010, ben:0.012]  DDif [ben:0.091, ben:0.156, ben:0.147, ben:0.178, ben:0.152, ben:0.161, ben:0.117, ben:0.109, ben:0.150, ben:0.211]  labels [-1, -1, -1, -1, 0, 0, -1, -1, 0, -1]
09:35:00  INFO      defenses.deepsight — DeepSight: 0 / 10 flagged  |  TE [ben:0.012, ben:0.012, ben:0.012, ben:0.012, ben:0.014, ben:0.010, ben:0.016, ben:0.014, ben:0.010, ben:0.010]  DDif [ben:0.132, ben:0.122, ben:0.171, ben:0.133, ben:0.293, ben:0.147, ben:0.124, ben:0.116, ben:0.218, ben:0.296]  labels [0, -1, -1, -1, -1, -1, -1, 0, -1, -1]
09:35:31  INFO      defenses.deepsight — DeepSight: 0 / 10 flagged  |  TE [ben:0.016, ben:0.012, ben:0.014, ben:0.012, ben:0.010, ben:0.010, ben:0.012, ben:0.010, ben:0.010, ben:0.010]  DDif [ben:0.154, ben:0.217, ben:0.141, ben:2.785, ben:0.108, ben:0.159, ben:0.117, ben:0.180, ben:0.209, ben:1.733]  labels [-1, 0, -1, -1, -1, -1, -1, -1, 0, -1]
09:36:08  INFO      defenses.deepsight — DeepSight: 0 / 10 flagged  |  TE [ben:0.012, ben:0.016, ben:0.014, ben:0.012, ben:0.012, ben:0.010, ben:0.012, ben:0.012, ben:0.012, ben:0.008]  DDif [ben:0.140, ben:0.138, ben:0.128, ben:0.161, ben:0.229, ben:0.156, ben:0.146, ben:0.110, ben:0.091, ben:0.129]  labels [-1, 0, -1, -1, -1, -1, 0, -1, -1, -1]
09:36:39  INFO      defenses.deepsight — DeepSight: 0 / 10 flagged  |  TE [ben:0.008, ben:0.014, ben:0.012, ben:0.012, ben:0.012, ben:0.012, ben:0.010, ben:0.010, ben:0.016, ben:0.012]  DDif [ben:1.694, ben:0.159, ben:0.155, ben:2.017, ben:0.144, ben:0.205, ben:0.184, ben:0.157, ben:0.143, ben:0.157]  labels [-1, 0, -1, -1, -1, -1, -1, 0, -1, -1]
09:37:11  INFO      defenses.deepsight — DeepSight: 0 / 10 flagged  |  TE [ben:0.012, ben:0.010, ben:0.012, ben:0.008, ben:0.010, ben:0.010, ben:0.014, ben:0.012, ben:0.012, ben:0.010]  DDif [ben:0.133, ben:0.258, ben:0.161, ben:1.700, ben:1.421, ben:0.233, ben:0.173, ben:0.186, ben:0.130, ben:0.261]  labels [-1, -1, 0, -1, -1, -1, -1, -1, 0, -1]
09:37:19  INFO      experiment.runner — Round   21/200  |  acc:  71.49%  loss: 0.9203  |  FPR: 0.0%  |  mF1: 62.4%
09:37:51  INFO      defenses.deepsight — DeepSight: 0 / 10 flagged  |  TE [ben:0.016, ben:0.014, ben:0.012, ben:0.014, ben:0.010, ben:0.012, ben:0.010, ben:0.012, ben:0.010, ben:0.012]  DDif [ben:0.240, ben:0.191, ben:0.242, ben:0.163, ben:1.140, ben:0.150, ben:0.126, ben:0.118, ben:0.240, ben:0.196]  labels [-1, -1, 0, 0, -1, -1, -1, 0, -1, 0]
09:38:26  INFO      defenses.deepsight — DeepSight: 0 / 10 flagged  |  TE [ben:0.016, ben:0.010, ben:0.012, ben:0.012, ben:0.008, ben:0.014, ben:0.014, ben:0.010, ben:0.010, ben:0.010]  DDif [ben:0.167, ben:0.114, ben:0.156, ben:0.150, ben:0.096, ben:0.121, ben:0.207, ben:1.208, ben:0.115, ben:0.172]  labels [-1, -1, -1, 0, -1, 0, -1, -1, -1, -1]
09:38:57  INFO      defenses.deepsight — DeepSight: 0 / 10 flagged  |  TE [ben:0.012, ben:0.012, ben:0.014, ben:0.012, ben:0.012, ben:0.014, ben:0.010, ben:0.010, ben:0.012, ben:0.010]  DDif [ben:0.154, ben:0.187, ben:0.206, ben:0.160, ben:0.199, ben:0.133, ben:0.172, ben:1.406, ben:0.129, ben:1.826]  labels [-1, 0, -1, 0, -1, 0, -1, -1, -1, -1]
09:39:27  INFO      defenses.deepsight — DeepSight: 0 / 10 flagged  |  TE [ben:0.012, ben:0.012, ben:0.010, ben:0.012, ben:0.016, ben:0.012, ben:0.012, ben:0.016, ben:0.012, ben:0.014]  DDif [ben:0.208, ben:0.178, ben:0.228, ben:0.170, ben:0.213, ben:0.117, ben:0.176, ben:0.150, ben:0.127, ben:0.158]  labels [-1, -1, -1, 0, -1, -1, 0, -1, -1, -1]
09:40:02  INFO      defenses.deepsight — DeepSight: 0 / 10 flagged  |  TE [ben:0.008, ben:0.016, ben:0.016, ben:0.012, ben:0.012, ben:0.012, ben:0.014, ben:0.018, ben:0.012, ben:0.010]  DDif [ben:0.182, ben:0.098, ben:0.231, ben:0.166, ben:0.116, ben:0.111, ben:0.139, ben:0.180, ben:0.160, ben:1.415]  labels [-1, -1, 0, 0, -1, 0, 0, -1, 0, -1]
09:40:32  INFO      defenses.deepsight — DeepSight: 0 / 10 flagged  |  TE [ben:0.012, ben:0.014, ben:0.012, ben:0.012, ben:0.010, ben:0.010, ben:0.016, ben:0.012, ben:0.012, ben:0.014]  DDif [ben:1.595, ben:0.108, ben:0.152, ben:0.162, ben:0.134, ben:0.155, ben:0.144, ben:1.755, ben:0.135, ben:0.147]  labels [-1, 0, -1, 0, 0, -1, 0, -1, -1, 0]
09:41:06  INFO      defenses.deepsight — DeepSight: 0 / 10 flagged  |  TE [ben:0.012, ben:0.012, ben:0.014, ben:0.012, ben:0.012, ben:0.014, ben:0.014, ben:0.012, ben:0.014, ben:0.014]  DDif [ben:0.236, ben:0.291, ben:0.266, ben:0.173, ben:0.196, ben:0.475, ben:0.300, ben:0.194, ben:0.192, ben:0.127]  labels [-1, -1, -1, -1, 0, -1, -1, 0, 0, -1]
09:41:39  INFO      defenses.deepsight — DeepSight: 0 / 10 flagged  |  TE [ben:0.010, ben:0.014, ben:0.014, ben:0.014, ben:0.014, ben:0.012, ben:0.014, ben:0.012, ben:0.012, ben:0.010]  DDif [ben:0.171, ben:0.189, ben:0.115, ben:0.297, ben:0.176, ben:1.289, ben:0.202, ben:0.235, ben:0.155, ben:0.202]  labels [-1, -1, -1, -1, -1, -1, 0, -1, -1, 0]
09:42:13  INFO      defenses.deepsight — DeepSight: 0 / 10 flagged  |  TE [ben:0.016, ben:0.010, ben:0.012, ben:0.012, ben:0.012, ben:0.014, ben:0.012, ben:0.016, ben:0.014, ben:0.014]  DDif [ben:0.287, ben:1.738, ben:0.274, ben:0.124, ben:0.177, ben:0.224, ben:0.165, ben:0.119, ben:0.279, ben:1.316]  labels [-1, -1, -1, 0, -1, -1, -1, 0, -1, -1]
09:42:45  INFO      defenses.deepsight — DeepSight: 0 / 10 flagged  |  TE [ben:0.014, ben:0.014, ben:0.016, ben:0.010, ben:0.014, ben:0.014, ben:0.012, ben:0.014, ben:0.016, ben:0.014]  DDif [ben:1.117, ben:0.276, ben:0.137, ben:0.138, ben:0.129, ben:0.168, ben:0.196, ben:0.117, ben:0.191, ben:0.183]  labels [-1, -1, 0, 0, -1, -1, -1, 0, -1, -1]
09:42:52  INFO      experiment.runner — Round   31/200  |  acc:  80.56%  loss: 0.6654  |  FPR: 0.0%  |  mF1: 76.0%
09:43:24  INFO      defenses.deepsight — DeepSight: 0 / 10 flagged  |  TE [ben:0.014, ben:0.016, ben:0.012, ben:0.014, ben:0.014, ben:0.010, ben:0.016, ben:0.010, ben:0.012, ben:0.008]  DDif [ben:0.135, ben:0.169, ben:0.181, ben:0.297, ben:0.191, ben:1.242, ben:0.185, ben:0.183, ben:0.145, ben:0.993]  labels [-1, 0, -1, -1, -1, -1, -1, 0, -1, -1]
09:43:57  INFO      defenses.deepsight — DeepSight: 0 / 10 flagged  |  TE [ben:0.014, ben:0.012, ben:0.016, ben:0.012, ben:0.012, ben:0.012, ben:0.014, ben:0.018, ben:0.010, ben:0.014]  DDif [ben:0.130, ben:0.263, ben:0.240, ben:0.188, ben:0.884, ben:0.144, ben:0.213, ben:0.340, ben:1.058, ben:0.176]  labels [-1, -1, -1, 0, -1, -1, 0, -1, -1, -1]
09:44:30  INFO      defenses.deepsight — DeepSight: 0 / 10 flagged  |  TE [ben:0.012, ben:0.014, ben:0.012, ben:0.012, ben:0.018, ben:0.010, ben:0.014, ben:0.014, ben:0.010, ben:0.012]  DDif [ben:0.188, ben:0.102, ben:0.160, ben:0.173, ben:0.119, ben:0.137, ben:0.160, ben:0.169, ben:1.176, ben:0.163]  labels [-1, -1, -1, -1, -1, -1, -1, 0, -1, 0]
09:45:05  INFO      defenses.deepsight — DeepSight: 0 / 10 flagged  |  TE [ben:0.014, ben:0.014, ben:0.012, ben:0.016, ben:0.012, ben:0.016, ben:0.016, ben:0.012, ben:0.016, ben:0.012]  DDif [ben:0.114, ben:0.125, ben:0.214, ben:0.126, ben:0.194, ben:0.193, ben:0.117, ben:0.159, ben:0.181, ben:0.213]  labels [0, 0, 0, 0, 0, 0, 0, 0, 0, 0]
09:45:38  INFO      defenses.deepsight — DeepSight: 0 / 10 flagged  |  TE [ben:0.018, ben:0.014, ben:0.014, ben:0.012, ben:0.014, ben:0.014, ben:0.012, ben:0.014, ben:0.014, ben:0.010]  DDif [ben:0.125, ben:0.194, ben:0.117, ben:0.152, ben:0.133, ben:0.128, ben:0.091, ben:0.133, ben:0.107, ben:0.798]  labels [-1, -1, -1, 0, -1, 0, -1, -1, 0, -1]
09:46:09  INFO      defenses.deepsight — DeepSight: 0 / 10 flagged  |  TE [ben:0.014, ben:0.014, ben:0.012, ben:0.012, ben:0.012, ben:0.010, ben:0.012, ben:0.014, ben:0.014, ben:0.014]  DDif [ben:0.181, ben:0.123, ben:0.143, ben:0.119, ben:0.889, ben:0.184, ben:0.141, ben:0.196, ben:0.167, ben:0.161]  labels [0, -1, 0, -1, -1, -1, 0, -1, -1, -1]
09:46:47  INFO      defenses.deepsight — DeepSight: 0 / 10 flagged  |  TE [ben:0.012, ben:0.014, ben:0.010, ben:0.012, ben:0.018, ben:0.012, ben:0.018, ben:0.012, ben:0.016, ben:0.012]  DDif [ben:0.151, ben:0.281, ben:0.132, ben:0.129, ben:0.185, ben:0.135, ben:0.131, ben:0.180, ben:0.165, ben:0.255]  labels [-1, -1, 0, -1, -1, 0, -1, -1, -1, -1]
09:47:20  INFO      defenses.deepsight — DeepSight: 0 / 10 flagged  |  TE [ben:0.014, ben:0.014, ben:0.016, ben:0.012, ben:0.012, ben:0.012, ben:0.012, ben:0.012, ben:0.012, ben:0.012]  DDif [ben:0.117, ben:0.156, ben:0.197, ben:0.112, ben:0.974, ben:0.123, ben:0.144, ben:0.138, ben:0.147, ben:0.183]  labels [0, 0, 0, -1, -1, -1, 0, 0, 0, 0]
09:47:55  INFO      defenses.deepsight — DeepSight: 0 / 10 flagged  |  TE [ben:0.012, ben:0.014, ben:0.012, ben:0.014, ben:0.014, ben:0.012, ben:0.016, ben:0.012, ben:0.012, ben:0.016]  DDif [ben:0.089, ben:0.149, ben:0.122, ben:0.138, ben:0.130, ben:0.901, ben:0.211, ben:0.202, ben:0.195, ben:0.117]  labels [0, 0, 0, 0, 0, -1, 0, 0, 0, -1]
09:48:25  INFO      defenses.deepsight — DeepSight: 0 / 10 flagged  |  TE [ben:0.016, ben:0.012, ben:0.018, ben:0.014, ben:0.014, ben:0.016, ben:0.012, ben:0.014, ben:0.010, ben:0.014]  DDif [ben:0.141, ben:1.527, ben:0.129, ben:0.271, ben:0.112, ben:0.155, ben:0.157, ben:0.168, ben:0.193, ben:0.831]  labels [0, -1, -1, -1, -1, -1, -1, 0, -1, -1]
09:48:35  INFO      experiment.runner — Round   41/200  |  acc:  84.77%  loss: 0.5749  |  FPR: 0.0%  |  mF1: 80.7%
09:49:07  INFO      defenses.deepsight — DeepSight: 0 / 10 flagged  |  TE [ben:0.012, ben:0.012, ben:0.012, ben:0.010, ben:0.016, ben:0.012, ben:0.010, ben:0.012, ben:0.014, ben:0.018]  DDif [ben:0.149, ben:0.159, ben:0.181, ben:0.524, ben:0.326, ben:0.195, ben:0.118, ben:0.677, ben:0.206, ben:0.192]  labels [-1, 0, 0, -1, -1, -1, -1, -1, 0, -1]
09:49:41  INFO      defenses.deepsight — DeepSight: 0 / 10 flagged  |  TE [ben:0.014, ben:0.018, ben:0.016, ben:0.012, ben:0.014, ben:0.018, ben:0.016, ben:0.014, ben:0.016, ben:0.014]  DDif [ben:0.352, ben:0.186, ben:0.208, ben:0.815, ben:0.121, ben:0.215, ben:0.163, ben:0.237, ben:0.158, ben:0.173]  labels [-1, -1, 0, -1, -1, 0, -1, -1, -1, -1]
09:50:13  INFO      defenses.deepsight — DeepSight: 0 / 10 flagged  |  TE [ben:0.014, ben:0.012, ben:0.014, ben:0.016, ben:0.018, ben:0.012, ben:0.014, ben:0.012, ben:0.014, ben:0.014]  DDif [ben:0.166, ben:0.231, ben:0.255, ben:0.236, ben:0.160, ben:0.202, ben:0.158, ben:0.677, ben:0.864, ben:0.143]  labels [-1, -1, -1, -1, -1, 0, 0, -1, -1, -1]
09:50:45  INFO      defenses.deepsight — DeepSight: 0 / 10 flagged  |  TE [ben:0.010, ben:0.018, ben:0.012, ben:0.014, ben:0.010, ben:0.010, ben:0.014, ben:0.016, ben:0.014, ben:0.012]  DDif [ben:0.158, ben:0.098, ben:0.391, ben:0.260, ben:0.166, ben:0.176, ben:0.269, ben:0.159, ben:0.237, ben:0.179]  labels [0, -1, -1, -1, -1, 0, -1, -1, -1, -1]
09:51:19  INFO      defenses.deepsight — DeepSight: 0 / 10 flagged  |  TE [ben:0.016, ben:0.012, ben:0.012, ben:0.016, ben:0.016, ben:0.014, ben:0.020, ben:0.018, ben:0.020, ben:0.012]  DDif [ben:0.127, ben:0.124, ben:0.167, ben:0.103, ben:0.155, ben:0.160, ben:0.214, ben:0.130, ben:0.293, ben:0.093]  labels [0, -1, -1, -1, -1, -1, -1, 0, -1, -1]
09:51:50  INFO      defenses.deepsight — DeepSight: 0 / 10 flagged  |  TE [ben:0.014, ben:0.018, ben:0.012, ben:0.014, ben:0.016, ben:0.014, ben:0.016, ben:0.014, ben:0.018, ben:0.014]  DDif [ben:0.182, ben:0.139, ben:0.130, ben:0.269, ben:0.168, ben:0.122, ben:0.173, ben:0.101, ben:0.120, ben:0.092]  labels [-1, -1, -1, -1, -1, 0, -1, -1, 0, -1]
09:52:23  INFO      defenses.deepsight — DeepSight: 0 / 10 flagged  |  TE [ben:0.018, ben:0.014, ben:0.012, ben:0.010, ben:0.014, ben:0.012, ben:0.012, ben:0.016, ben:0.020, ben:0.014]  DDif [ben:0.220, ben:0.114, ben:0.826, ben:0.765, ben:0.110, ben:0.117, ben:0.167, ben:0.108, ben:0.198, ben:0.140]  labels [-1, 0, -1, -1, 0, 0, -1, 0, 0, 0]
09:52:57  INFO      defenses.deepsight — DeepSight: 0 / 10 flagged  |  TE [ben:0.012, ben:0.016, ben:0.014, ben:0.014, ben:0.014, ben:0.016, ben:0.018, ben:0.016, ben:0.016, ben:0.016]  DDif [ben:0.195, ben:0.304, ben:0.128, ben:0.144, ben:0.168, ben:0.190, ben:0.194, ben:0.201, ben:0.136, ben:0.245]  labels [-1, -1, -1, -1, -1, 0, 0, -1, -1, -1]
09:53:28  INFO      defenses.deepsight — DeepSight: 0 / 10 flagged  |  TE [ben:0.014, ben:0.012, ben:0.012, ben:0.018, ben:0.014, ben:0.016, ben:0.016, ben:0.012, ben:0.016, ben:0.014]  DDif [ben:0.243, ben:0.111, ben:0.250, ben:0.255, ben:0.200, ben:0.121, ben:0.149, ben:0.148, ben:0.190, ben:0.186]  labels [-1, -1, -1, -1, -1, -1, 0, 0, -1, 0]
09:54:01  INFO      defenses.deepsight — DeepSight: 0 / 10 flagged  |  TE [ben:0.016, ben:0.016, ben:0.012, ben:0.016, ben:0.014, ben:0.012, ben:0.018, ben:0.014, ben:0.014, ben:0.014]  DDif [ben:0.134, ben:0.187, ben:0.184, ben:0.135, ben:0.182, ben:0.191, ben:0.155, ben:0.130, ben:0.312, ben:0.226]  labels [-1, 0, 0, 0, 0, 0, 0, -1, -1, -1]
09:54:06  INFO      experiment.runner — Round   51/200  |  acc:  87.18%  loss: 0.4639  |  FPR: 0.0%  |  mF1: 83.1%
09:54:27  INFO      attacks.chameleon_client — Chameleon client [32] round 51: optimising δ for 133/267 samples (ε=0.300, λ_sim=1.00, steps=100).
09:54:28  INFO      attacks.chameleon_client — Chameleon client [32] round 51: poisoned 133/267 samples (target=0, loss=0.1119, acc=0.957).
09:54:32  INFO      attacks.chameleon_client — Chameleon client [8] round 51: optimising δ for 133/267 samples (ε=0.300, λ_sim=1.00, steps=100).
09:54:33  INFO      attacks.chameleon_client — Chameleon client [8] round 51: poisoned 133/267 samples (target=0, loss=0.1401, acc=0.953).
09:54:38  INFO      defenses.deepsight — DeepSight: 0 / 10 flagged  |  TE [ben:0.014, ben:0.016, ben:0.014, ben:0.014, ben:0.018, ben:0.014, MAL:0.020, ben:0.014, MAL:0.014, ben:0.014]  DDif [ben:0.234, ben:0.168, ben:0.105, ben:0.142, ben:0.156, ben:0.144, MAL:0.072, ben:0.181, MAL:0.101, ben:0.389]  labels [-1, 0, -1, -1, 0, -1, -1, 0, -1, -1]
09:54:40  INFO      attacks.chameleon_client — Chameleon client [57] round 52: optimising δ for 132/266 samples (ε=0.300, λ_sim=1.00, steps=100).
09:54:40  INFO      attacks.chameleon_client — Chameleon client [57] round 52: poisoned 132/266 samples (target=0, loss=0.1888, acc=0.945).
09:54:50  INFO      attacks.chameleon_client — Chameleon client [32] round 52: optimising δ for 133/267 samples (ε=0.300, λ_sim=1.00, steps=100).
09:54:51  INFO      attacks.chameleon_client — Chameleon client [32] round 52: poisoned 133/267 samples (target=0, loss=0.1071, acc=0.962).
09:55:10  INFO      defenses.deepsight — DeepSight: 0 / 10 flagged  |  TE [MAL:0.014, ben:0.016, ben:0.018, MAL:0.018, ben:0.012, ben:0.014, ben:0.014, ben:0.016, ben:0.014, ben:0.018]  DDif [MAL:0.103, ben:0.101, ben:0.169, MAL:0.114, ben:0.120, ben:0.126, ben:0.138, ben:0.146, ben:0.082, ben:0.133]  labels [-1, -1, -1, 0, -1, 0, -1, 0, -1, -1]
09:55:42  INFO      defenses.deepsight — DeepSight: 0 / 10 flagged  |  TE [ben:0.014, ben:0.014, ben:0.014, ben:0.016, ben:0.016, ben:0.014, ben:0.018, ben:0.016, ben:0.014, ben:0.012]  DDif [ben:0.149, ben:0.139, ben:0.097, ben:0.114, ben:0.171, ben:0.097, ben:0.119, ben:0.159, ben:0.093, ben:0.095]  labels [0, 0, 0, 0, 0, 0, 0, 0, 0, 0]
09:55:53  INFO      attacks.chameleon_client — Chameleon client [17] round 54: optimising δ for 132/267 samples (ε=0.300, λ_sim=1.00, steps=100).
09:55:53  INFO      attacks.chameleon_client — Chameleon client [17] round 54: poisoned 132/267 samples (target=0, loss=0.1451, acc=0.963).
09:56:10  INFO      attacks.chameleon_client — Chameleon client [72] round 54: optimising δ for 131/266 samples (ε=0.300, λ_sim=1.00, steps=100).
09:56:11  INFO      attacks.chameleon_client — Chameleon client [72] round 54: poisoned 131/266 samples (target=0, loss=0.2379, acc=0.940).
09:56:11  INFO      defenses.deepsight — DeepSight: 0 / 10 flagged  |  TE [ben:0.012, ben:0.016, ben:0.012, MAL:0.012, ben:0.014, ben:0.014, ben:0.016, ben:0.012, ben:0.016, MAL:0.014]  DDif [ben:0.198, ben:0.109, ben:0.277, MAL:0.085, ben:0.130, ben:0.184, ben:0.338, ben:0.081, ben:0.287, MAL:0.553]  labels [-1, 0, -1, -1, 0, -1, -1, -1, -1, -1]
09:56:42  INFO      defenses.deepsight — DeepSight: 0 / 10 flagged  |  TE [ben:0.016, ben:0.014, ben:0.020, ben:0.016, ben:0.016, ben:0.014, ben:0.014, ben:0.014, ben:0.018, ben:0.014]  DDif [ben:0.295, ben:0.139, ben:0.104, ben:0.096, ben:0.129, ben:0.092, ben:0.168, ben:0.195, ben:0.122, ben:0.187]  labels [-1, 0, -1, 0, 0, -1, -1, -1, -1, -1]
09:56:42  INFO      attacks.chameleon_client — Chameleon client [83] round 56: optimising δ for 132/266 samples (ε=0.300, λ_sim=1.00, steps=100).
09:56:43  INFO      attacks.chameleon_client — Chameleon client [83] round 56: poisoned 132/266 samples (target=0, loss=0.1174, acc=0.962).
09:57:10  WARNING   attacks.chameleon_client — Chameleon client [63] round 56: no target-class samples in local data — falling back to benign training.
09:57:16  INFO      defenses.deepsight — DeepSight: 0 / 10 flagged  |  TE [MAL:0.014, ben:0.016, ben:0.014, ben:0.018, ben:0.014, ben:0.014, ben:0.016, ben:0.014, MAL:0.014, ben:0.014]  DDif [MAL:0.164, ben:0.209, ben:0.095, ben:0.185, ben:0.091, ben:0.293, ben:0.188, ben:0.213, MAL:0.718, ben:0.150]  labels [-1, -1, -1, -1, -1, -1, 0, -1, -1, 0]
09:57:38  INFO      attacks.chameleon_client — Chameleon client [83] round 57: optimising δ for 132/266 samples (ε=0.300, λ_sim=1.00, steps=100).
09:57:38  INFO      attacks.chameleon_client — Chameleon client [83] round 57: poisoned 132/266 samples (target=0, loss=0.1167, acc=0.973).
09:57:44  INFO      defenses.deepsight — DeepSight: 0 / 10 flagged  |  TE [ben:0.012, ben:0.018, ben:0.016, ben:0.016, ben:0.014, ben:0.016, ben:0.014, MAL:0.016, ben:0.016, ben:0.016]  DDif [ben:0.073, ben:0.113, ben:0.104, ben:0.203, ben:0.148, ben:0.114, ben:0.160, MAL:0.140, ben:0.090, ben:0.148]  labels [-1, 0, -1, -1, 0, 0, 0, 0, -1, 0]
09:57:54  INFO      attacks.chameleon_client — Chameleon client [97] round 58: optimising δ for 131/266 samples (ε=0.300, λ_sim=1.00, steps=100).
09:57:55  INFO      attacks.chameleon_client — Chameleon client [97] round 58: poisoned 131/266 samples (target=0, loss=0.1169, acc=0.961).
09:58:21  INFO      defenses.deepsight — DeepSight: 0 / 10 flagged  |  TE [ben:0.010, ben:0.014, ben:0.016, MAL:0.016, ben:0.018, ben:0.014, ben:0.016, ben:0.018, ben:0.014, ben:0.014]  DDif [ben:0.152, ben:0.094, ben:0.156, MAL:0.082, ben:0.096, ben:0.111, ben:0.160, ben:0.195, ben:0.107, ben:0.200]  labels [-1, 0, 0, 0, 0, 0, 0, -1, 0, -1]
09:58:53  INFO      defenses.deepsight — DeepSight: 0 / 10 flagged  |  TE [ben:0.012, ben:0.016, ben:0.012, ben:0.014, ben:0.014, ben:0.018, ben:0.016, ben:0.016, ben:0.014, ben:0.016]  DDif [ben:0.137, ben:0.141, ben:0.190, ben:0.085, ben:0.092, ben:0.105, ben:0.133, ben:0.096, ben:0.102, ben:0.142]  labels [0, 0, -1, 0, 0, 0, 0, 0, 0, 0]
09:58:57  INFO      attacks.chameleon_client — Chameleon client [15] round 60: optimising δ for 133/267 samples (ε=0.300, λ_sim=1.00, steps=100).
09:58:57  INFO      attacks.chameleon_client — Chameleon client [15] round 60: poisoned 133/267 samples (target=0, loss=0.1472, acc=0.954).
09:59:20  INFO      attacks.chameleon_client — Chameleon client [32] round 60: optimising δ for 133/267 samples (ε=0.300, λ_sim=1.00, steps=100).
09:59:21  INFO      attacks.chameleon_client — Chameleon client [32] round 60: poisoned 133/267 samples (target=0, loss=0.0940, acc=0.965).
09:59:24  INFO      defenses.deepsight — DeepSight: 0 / 10 flagged  |  TE [ben:0.016, MAL:0.016, ben:0.014, ben:0.014, ben:0.018, ben:0.014, ben:0.014, ben:0.014, MAL:0.014, ben:0.014]  DDif [ben:0.243, MAL:0.147, ben:0.183, ben:0.138, ben:0.148, ben:0.122, ben:0.083, ben:0.100, MAL:0.142, ben:0.083]  labels [-1, 0, -1, 0, -1, 0, -1, -1, -1, -1]
09:59:30  INFO      experiment.runner — Round   61/200  |  acc:  88.83%  loss: 0.4020  |  ASR:  57.40%  asr_loss: nan  |  TPR: 0.0%  FPR: 0.0%  |  mF1: 85.6%
09:59:34  INFO      attacks.chameleon_client — Chameleon client [72] round 61: optimising δ for 131/266 samples (ε=0.300, λ_sim=1.00, steps=100).
09:59:34  INFO      attacks.chameleon_client — Chameleon client [72] round 61: poisoned 131/266 samples (target=0, loss=0.1594, acc=0.959).
09:59:45  WARNING   attacks.chameleon_client — Chameleon client [63] round 61: no target-class samples in local data — falling back to benign training.
10:00:01  INFO      defenses.deepsight — DeepSight: 0 / 10 flagged  |  TE [ben:0.012, MAL:0.018, ben:0.014, ben:0.014, ben:0.012, MAL:0.010, ben:0.014, ben:0.016, ben:0.014, ben:0.014]  DDif [ben:0.091, MAL:0.241, ben:0.215, ben:0.112, ben:0.185, MAL:0.731, ben:0.140, ben:0.186, ben:0.126, ben:0.122]  labels [-1, -1, -1, 0, 0, -1, 0, -1, 0, 0]
10:00:32  INFO      attacks.chameleon_client — Chameleon client [32] round 62: optimising δ for 133/267 samples (ε=0.300, λ_sim=1.00, steps=100).
10:00:32  INFO      attacks.chameleon_client — Chameleon client [32] round 62: poisoned 133/267 samples (target=0, loss=0.0536, acc=0.984).
10:00:32  INFO      defenses.deepsight — DeepSight: 0 / 10 flagged  |  TE [ben:0.014, ben:0.012, ben:0.012, ben:0.018, ben:0.016, ben:0.016, ben:0.016, ben:0.016, ben:0.014, MAL:0.016]  DDif [ben:0.171, ben:0.158, ben:0.145, ben:0.071, ben:0.332, ben:0.084, ben:0.151, ben:0.084, ben:0.125, MAL:0.080]  labels [-1, -1, 0, 0, -1, 0, -1, -1, 0, 0]
10:00:49  INFO      attacks.chameleon_client — Chameleon client [17] round 63: optimising δ for 132/267 samples (ε=0.300, λ_sim=1.00, steps=100).
10:00:50  INFO      attacks.chameleon_client — Chameleon client [17] round 63: poisoned 132/267 samples (target=0, loss=0.1681, acc=0.955).
10:01:02  INFO      defenses.deepsight — DeepSight: 0 / 10 flagged  |  TE [ben:0.016, ben:0.016, ben:0.012, ben:0.014, ben:0.016, MAL:0.016, ben:0.018, ben:0.018, ben:0.016, ben:0.012]  DDif [ben:0.277, ben:0.209, ben:0.271, ben:0.153, ben:0.140, MAL:0.137, ben:0.118, ben:0.082, ben:0.163, ben:0.295]  labels [0, 0, 0, 0, -1, 0, 0, 0, 0, 0]
10:01:37  INFO      defenses.deepsight — DeepSight: 0 / 10 flagged  |  TE [ben:0.014, ben:0.016, ben:0.012, ben:0.014, ben:0.012, ben:0.016, ben:0.014, ben:0.016, ben:0.014, ben:0.014]  DDif [ben:0.146, ben:0.178, ben:0.128, ben:0.219, ben:0.369, ben:0.150, ben:0.141, ben:0.102, ben:0.166, ben:0.128]  labels [-1, -1, 0, -1, -1, -1, -1, -1, -1, 0]
10:01:47  INFO      attacks.chameleon_client — Chameleon client [15] round 65: optimising δ for 133/267 samples (ε=0.300, λ_sim=1.00, steps=100).
10:01:47  INFO      attacks.chameleon_client — Chameleon client [15] round 65: poisoned 133/267 samples (target=0, loss=0.1108, acc=0.967).
10:02:05  INFO      defenses.deepsight — DeepSight: 0 / 10 flagged  |  TE [ben:0.021, ben:0.018, ben:0.016, MAL:0.018, ben:0.014, ben:0.016, ben:0.016, ben:0.018, ben:0.018, ben:0.016]  DDif [ben:0.177, ben:0.069, ben:0.149, MAL:0.131, ben:0.087, ben:0.104, ben:0.088, ben:0.252, ben:0.147, ben:0.216]  labels [-1, -1, 0, -1, -1, 0, -1, -1, -1, -1]
10:02:38  INFO      defenses.deepsight — DeepSight: 0 / 10 flagged  |  TE [ben:0.018, ben:0.014, ben:0.014, ben:0.012, ben:0.014, ben:0.016, ben:0.018, ben:0.014, ben:0.014, ben:0.016]  DDif [ben:0.100, ben:0.122, ben:0.110, ben:0.106, ben:0.116, ben:0.213, ben:0.174, ben:0.487, ben:0.158, ben:0.312]  labels [0, -1, 0, -1, -1, -1, -1, -1, -1, -1]
10:03:13  INFO      defenses.deepsight — DeepSight: 0 / 10 flagged  |  TE [ben:0.014, ben:0.016, ben:0.014, ben:0.016, ben:0.012, ben:0.020, ben:0.016, ben:0.014, ben:0.014, ben:0.016]  DDif [ben:0.174, ben:0.119, ben:0.235, ben:0.129, ben:0.197, ben:0.199, ben:0.275, ben:0.171, ben:0.112, ben:0.145]  labels [0, -1, -1, -1, -1, 0, -1, -1, -1, -1]
10:03:33  INFO      attacks.chameleon_client — Chameleon client [32] round 68: optimising δ for 133/267 samples (ε=0.300, λ_sim=1.00, steps=100).
10:03:33  INFO      attacks.chameleon_client — Chameleon client [32] round 68: poisoned 133/267 samples (target=0, loss=0.1059, acc=0.973).
10:03:37  INFO      attacks.chameleon_client — Chameleon client [57] round 68: optimising δ for 132/266 samples (ε=0.300, λ_sim=1.00, steps=100).
10:03:38  INFO      attacks.chameleon_client — Chameleon client [57] round 68: poisoned 132/266 samples (target=0, loss=0.1324, acc=0.960).
10:03:41  INFO      defenses.deepsight — DeepSight: 0 / 10 flagged  |  TE [ben:0.016, ben:0.012, ben:0.014, ben:0.016, ben:0.014, ben:0.018, MAL:0.014, ben:0.014, MAL:0.016, ben:0.016]  DDif [ben:0.144, ben:0.088, ben:0.191, ben:0.111, ben:0.127, ben:0.163, MAL:0.070, ben:0.131, MAL:0.141, ben:0.169]  labels [0, 0, 0, -1, -1, 0, -1, -1, 0, 0]
10:03:53  INFO      attacks.chameleon_client — Chameleon client [15] round 69: optimising δ for 133/267 samples (ε=0.300, λ_sim=1.00, steps=100).
10:03:54  INFO      attacks.chameleon_client — Chameleon client [15] round 69: poisoned 133/267 samples (target=0, loss=0.1479, acc=0.951).
10:04:14  INFO      defenses.deepsight — DeepSight: 0 / 10 flagged  |  TE [ben:0.016, ben:0.016, ben:0.012, ben:0.014, MAL:0.016, ben:0.018, ben:0.016, ben:0.016, ben:0.018, ben:0.018]  DDif [ben:0.135, ben:0.128, ben:0.099, ben:0.117, MAL:0.230, ben:0.100, ben:0.096, ben:0.117, ben:0.213, ben:0.120]  labels [0, 0, 0, 0, -1, -1, -1, -1, -1, 0]
10:04:22  INFO      attacks.chameleon_client — Chameleon client [15] round 70: optimising δ for 133/267 samples (ε=0.300, λ_sim=1.00, steps=100).
10:04:23  INFO      attacks.chameleon_client — Chameleon client [15] round 70: poisoned 133/267 samples (target=0, loss=0.1053, acc=0.971).
10:04:24  INFO      attacks.chameleon_client — Chameleon client [72] round 70: optimising δ for 131/266 samples (ε=0.300, λ_sim=1.00, steps=100).
10:04:24  INFO      attacks.chameleon_client — Chameleon client [72] round 70: poisoned 131/266 samples (target=0, loss=0.0824, acc=0.977).
10:04:40  INFO      attacks.chameleon_client — Chameleon client [97] round 70: optimising δ for 131/266 samples (ε=0.300, λ_sim=1.00, steps=100).
10:04:40  INFO      attacks.chameleon_client — Chameleon client [97] round 70: poisoned 131/266 samples (target=0, loss=0.1140, acc=0.962).
10:04:40  INFO      defenses.deepsight — DeepSight: 0 / 10 flagged  |  TE [ben:0.014, ben:0.012, MAL:0.020, MAL:0.016, ben:0.014, ben:0.012, ben:0.018, ben:0.018, ben:0.018, MAL:0.016]  DDif [ben:0.077, ben:0.068, MAL:0.206, MAL:0.182, ben:0.241, ben:0.130, ben:0.130, ben:0.149, ben:0.306, MAL:0.088]  labels [-1, -1, -1, 0, -1, 0, -1, 0, -1, 0]
10:04:47  INFO      experiment.runner — Round   71/200  |  acc:  89.75%  loss: 0.3806  |  ASR:  52.40%  asr_loss: nan  |  TPR: 0.0%  FPR: 0.0%  |  mF1: 86.4%
10:04:54  INFO      attacks.chameleon_client — Chameleon client [83] round 71: optimising δ for 132/266 samples (ε=0.300, λ_sim=1.00, steps=100).
10:04:54  INFO      attacks.chameleon_client — Chameleon client [83] round 71: poisoned 132/266 samples (target=0, loss=0.1105, acc=0.965).
10:04:55  INFO      attacks.chameleon_client — Chameleon client [17] round 71: optimising δ for 132/267 samples (ε=0.300, λ_sim=1.00, steps=100).
10:04:55  INFO      attacks.chameleon_client — Chameleon client [17] round 71: poisoned 132/267 samples (target=0, loss=0.0982, acc=0.966).
10:05:32  INFO      defenses.deepsight — DeepSight: 0 / 10 flagged  |  TE [ben:0.014, MAL:0.016, MAL:0.018, ben:0.018, ben:0.014, ben:0.014, ben:0.012, ben:0.014, ben:0.014, ben:0.018]  DDif [ben:0.194, MAL:0.080, MAL:0.171, ben:0.076, ben:0.089, ben:0.104, ben:0.229, ben:0.125, ben:0.154, ben:0.083]  labels [0, 0, 0, 0, 0, 0, -1, -1, 0, 0]
10:05:36  INFO      attacks.chameleon_client — Chameleon client [97] round 72: optimising δ for 131/266 samples (ε=0.300, λ_sim=1.00, steps=100).
10:05:37  INFO      attacks.chameleon_client — Chameleon client [97] round 72: poisoned 131/266 samples (target=0, loss=0.1224, acc=0.960).
10:05:46  INFO      attacks.chameleon_client — Chameleon client [15] round 72: optimising δ for 133/267 samples (ε=0.300, λ_sim=1.00, steps=100).
10:05:47  INFO      attacks.chameleon_client — Chameleon client [15] round 72: poisoned 133/267 samples (target=0, loss=0.0953, acc=0.977).
10:05:54  INFO      attacks.chameleon_client — Chameleon client [57] round 72: optimising δ for 132/266 samples (ε=0.300, λ_sim=1.00, steps=100).
10:05:55  INFO      attacks.chameleon_client — Chameleon client [57] round 72: poisoned 132/266 samples (target=0, loss=0.0578, acc=0.974).
10:05:58  INFO      defenses.deepsight — DeepSight: 0 / 10 flagged  |  TE [ben:0.016, MAL:0.016, ben:0.014, ben:0.016, ben:0.016, MAL:0.016, ben:0.010, ben:0.018, MAL:0.016, ben:0.014]  DDif [ben:0.140, MAL:0.128, ben:0.166, ben:0.190, ben:0.094, MAL:0.138, ben:0.107, ben:0.131, MAL:0.129, ben:0.078]  labels [0, 0, -1, -1, -1, -1, -1, 0, -1, -1]
10:06:23  WARNING   attacks.chameleon_client — Chameleon client [63] round 73: no target-class samples in local data — falling back to benign training.
10:06:35  INFO      defenses.deepsight — DeepSight: 0 / 10 flagged  |  TE [ben:0.014, ben:0.012, ben:0.016, ben:0.012, ben:0.014, ben:0.016, ben:0.016, MAL:0.012, ben:0.016, ben:0.018]  DDif [ben:0.189, ben:0.164, ben:0.140, ben:0.152, ben:0.250, ben:0.203, ben:0.139, MAL:0.684, ben:0.287, ben:0.189]  labels [0, -1, 0, -1, -1, -1, 0, -1, -1, -1]
10:07:07  INFO      defenses.deepsight — DeepSight: 0 / 10 flagged  |  TE [ben:0.012, ben:0.016, ben:0.014, ben:0.020, ben:0.016, ben:0.014, ben:0.020, ben:0.014, ben:0.012, ben:0.016]  DDif [ben:0.162, ben:0.081, ben:0.150, ben:0.130, ben:0.086, ben:0.294, ben:0.184, ben:0.152, ben:0.118, ben:0.115]  labels [-1, -1, 0, -1, -1, -1, -1, 0, -1, -1]
10:07:42  INFO      defenses.deepsight — DeepSight: 0 / 10 flagged  |  TE [ben:0.014, ben:0.014, ben:0.016, ben:0.016, ben:0.016, ben:0.016, ben:0.016, ben:0.014, ben:0.014, ben:0.018]  DDif [ben:0.202, ben:0.132, ben:0.110, ben:0.187, ben:0.150, ben:0.275, ben:0.137, ben:0.158, ben:0.364, ben:0.127]  labels [-1, 0, -1, -1, -1, -1, -1, -1, -1, 0]
10:07:47  INFO      attacks.chameleon_client — Chameleon client [57] round 76: optimising δ for 132/266 samples (ε=0.300, λ_sim=1.00, steps=100).
10:07:47  INFO      attacks.chameleon_client — Chameleon client [57] round 76: poisoned 132/266 samples (target=0, loss=0.0722, acc=0.976).
10:08:13  INFO      defenses.deepsight — DeepSight: 0 / 10 flagged  |  TE [ben:0.016, MAL:0.020, ben:0.018, ben:0.016, ben:0.016, ben:0.016, ben:0.016, ben:0.018, ben:0.016, ben:0.012]  DDif [ben:0.106, MAL:0.111, ben:0.093, ben:0.191, ben:0.088, ben:0.122, ben:0.160, ben:0.078, ben:0.125, ben:0.087]  labels [0, 0, -1, -1, -1, -1, -1, -1, -1, -1]
10:08:38  INFO      attacks.chameleon_client — Chameleon client [8] round 77: optimising δ for 133/267 samples (ε=0.300, λ_sim=1.00, steps=100).
10:08:39  INFO      attacks.chameleon_client — Chameleon client [8] round 77: poisoned 133/267 samples (target=0, loss=0.1119, acc=0.966).
10:08:39  WARNING   attacks.chameleon_client — Chameleon client [63] round 77: no target-class samples in local data — falling back to benign training.
10:08:42  INFO      defenses.deepsight — DeepSight: 0 / 10 flagged  |  TE [ben:0.014, ben:0.016, ben:0.014, ben:0.016, ben:0.012, ben:0.014, ben:0.016, ben:0.016, MAL:0.016, MAL:0.014]  DDif [ben:0.189, ben:0.147, ben:0.077, ben:0.169, ben:0.096, ben:0.149, ben:0.155, ben:0.098, MAL:0.116, MAL:0.497]  labels [0, 0, -1, 0, -1, -1, -1, -1, -1, -1]
10:08:57  INFO      attacks.chameleon_client — Chameleon client [83] round 78: optimising δ for 132/266 samples (ε=0.300, λ_sim=1.00, steps=100).
10:08:57  INFO      attacks.chameleon_client — Chameleon client [83] round 78: poisoned 132/266 samples (target=0, loss=0.0831, acc=0.972).
10:09:18  INFO      defenses.deepsight — DeepSight: 0 / 10 flagged  |  TE [ben:0.016, ben:0.016, ben:0.016, MAL:0.016, ben:0.016, ben:0.016, ben:0.014, ben:0.014, ben:0.020, ben:0.016]  DDif [ben:0.089, ben:0.156, ben:0.255, MAL:0.141, ben:0.107, ben:0.080, ben:0.154, ben:0.225, ben:0.216, ben:0.143]  labels [-1, -1, -1, 0, 0, -1, -1, -1, -1, 0]
10:09:49  INFO      defenses.deepsight — DeepSight: 0 / 10 flagged  |  TE [ben:0.020, ben:0.016, ben:0.014, ben:0.016, ben:0.016, ben:0.016, ben:0.014, ben:0.018, ben:0.016, ben:0.018]  DDif [ben:0.150, ben:0.239, ben:0.116, ben:0.121, ben:0.095, ben:0.169, ben:0.116, ben:0.147, ben:0.208, ben:0.196]  labels [0, -1, 0, 0, 0, -1, -1, 0, -1, -1]
10:10:28  INFO      defenses.deepsight — DeepSight: 0 / 10 flagged  |  TE [ben:0.016, ben:0.016, ben:0.012, ben:0.016, ben:0.014, ben:0.014, ben:0.018, ben:0.018, ben:0.016, ben:0.012]  DDif [ben:0.185, ben:0.165, ben:0.108, ben:0.076, ben:0.143, ben:0.147, ben:0.107, ben:0.072, ben:0.210, ben:0.080]  labels [-1, -1, -1, 0, -1, -1, 0, -1, -1, -1]
10:10:35  INFO      experiment.runner — Round   81/200  |  acc:  90.16%  loss: 0.3645  |  ASR:  45.60%  asr_loss: nan  |  FPR: 0.0%  |  mF1: 86.6%
10:10:59  INFO      attacks.chameleon_client — Chameleon client [8] round 81: optimising δ for 133/267 samples (ε=0.300, λ_sim=1.00, steps=100).
10:11:00  INFO      attacks.chameleon_client — Chameleon client [8] round 81: poisoned 133/267 samples (target=0, loss=0.0868, acc=0.969).
10:11:03  INFO      defenses.deepsight — DeepSight: 0 / 10 flagged  |  TE [ben:0.016, ben:0.016, ben:0.018, ben:0.016, ben:0.016, ben:0.014, ben:0.016, ben:0.018, MAL:0.016, ben:0.016]  DDif [ben:0.119, ben:0.085, ben:0.111, ben:0.073, ben:0.156, ben:0.151, ben:0.205, ben:0.170, MAL:0.095, ben:0.199]  labels [0, 0, 0, -1, 0, 0, 0, 0, 0, 0]
10:11:04  INFO      attacks.chameleon_client — Chameleon client [8] round 82: optimising δ for 133/267 samples (ε=0.300, λ_sim=1.00, steps=100).
10:11:04  INFO      attacks.chameleon_client — Chameleon client [8] round 82: poisoned 133/267 samples (target=0, loss=0.0848, acc=0.971).
10:11:32  INFO      defenses.deepsight — DeepSight: 0 / 10 flagged  |  TE [MAL:0.016, ben:0.014, ben:0.018, ben:0.016, ben:0.016, ben:0.016, ben:0.018, ben:0.014, ben:0.021, ben:0.016]  DDif [MAL:0.086, ben:0.096, ben:0.229, ben:0.116, ben:0.089, ben:0.152, ben:0.193, ben:0.111, ben:0.141, ben:0.091]  labels [0, -1, -1, -1, 0, -1, -1, -1, -1, 0]
10:12:09  INFO      defenses.deepsight — DeepSight: 0 / 10 flagged  |  TE [ben:0.016, ben:0.014, ben:0.018, ben:0.012, ben:0.012, ben:0.016, ben:0.016, ben:0.012, ben:0.018, ben:0.016]  DDif [ben:0.134, ben:0.149, ben:0.164, ben:0.071, ben:0.147, ben:0.130, ben:0.090, ben:0.197, ben:0.119, ben:0.425]  labels [-1, -1, 0, -1, -1, 0, -1, -1, -1, -1]
10:12:13  INFO      attacks.chameleon_client — Chameleon client [8] round 84: optimising δ for 133/267 samples (ε=0.300, λ_sim=1.00, steps=100).
10:12:14  INFO      attacks.chameleon_client — Chameleon client [8] round 84: poisoned 133/267 samples (target=0, loss=0.0808, acc=0.978).
10:12:38  INFO      defenses.deepsight — DeepSight: 0 / 10 flagged  |  TE [ben:0.012, MAL:0.014, ben:0.018, ben:0.020, ben:0.012, ben:0.016, ben:0.014, ben:0.016, ben:0.018, ben:0.016]  DDif [ben:0.117, MAL:0.080, ben:0.188, ben:0.124, ben:0.238, ben:0.116, ben:0.110, ben:0.150, ben:0.174, ben:0.136]  labels [0, -1, -1, -1, -1, 0, 0, -1, -1, -1]
10:12:53  INFO      attacks.chameleon_client — Chameleon client [83] round 85: optimising δ for 132/266 samples (ε=0.300, λ_sim=1.00, steps=100).
10:12:53  INFO      attacks.chameleon_client — Chameleon client [83] round 85: poisoned 132/266 samples (target=0, loss=0.0736, acc=0.979).
10:13:11  INFO      defenses.deepsight — DeepSight: 0 / 10 flagged  |  TE [ben:0.016, ben:0.014, ben:0.016, ben:0.020, MAL:0.018, ben:0.020, ben:0.018, ben:0.016, ben:0.018, ben:0.014]  DDif [ben:0.171, ben:0.193, ben:0.067, ben:0.101, MAL:0.089, ben:0.170, ben:0.131, ben:0.080, ben:0.125, ben:0.100]  labels [-1, -1, -1, -1, 0, -1, -1, 0, -1, 0]
10:13:42  INFO      defenses.deepsight — DeepSight: 0 / 10 flagged  |  TE [ben:0.016, ben:0.020, ben:0.014, ben:0.020, ben:0.014, ben:0.014, ben:0.014, ben:0.020, ben:0.020, ben:0.014]  DDif [ben:0.148, ben:0.155, ben:0.080, ben:0.131, ben:0.246, ben:0.191, ben:0.114, ben:0.220, ben:0.055, ben:0.112]  labels [-1, 0, -1, 0, -1, -1, -1, -1, -1, -1]
10:14:17  INFO      defenses.deepsight — DeepSight: 0 / 10 flagged  |  TE [ben:0.014, ben:0.014, ben:0.020, ben:0.016, ben:0.014, ben:0.018, ben:0.014, ben:0.014, ben:0.016, ben:0.016]  DDif [ben:0.092, ben:0.107, ben:0.185, ben:0.064, ben:0.146, ben:0.110, ben:0.178, ben:0.174, ben:0.126, ben:0.221]  labels [-1, -1, 0, -1, -1, -1, 0, 0, -1, -1]
10:14:25  INFO      attacks.chameleon_client — Chameleon client [97] round 88: optimising δ for 131/266 samples (ε=0.300, λ_sim=1.00, steps=100).
10:14:25  INFO      attacks.chameleon_client — Chameleon client [97] round 88: poisoned 131/266 samples (target=0, loss=0.0770, acc=0.975).
10:14:46  INFO      defenses.deepsight — DeepSight: 0 / 10 flagged  |  TE [ben:0.016, ben:0.018, MAL:0.016, ben:0.012, ben:0.012, ben:0.012, ben:0.018, ben:0.014, ben:0.012, ben:0.014]  DDif [ben:0.164, ben:0.272, MAL:0.073, ben:0.114, ben:0.181, ben:0.067, ben:0.099, ben:0.070, ben:0.081, ben:0.126]  labels [-1, -1, 0, 0, -1, 0, 0, 0, 0, 0]
10:15:16  INFO      attacks.chameleon_client — Chameleon client [17] round 89: optimising δ for 132/267 samples (ε=0.300, λ_sim=1.00, steps=100).
10:15:17  INFO      attacks.chameleon_client — Chameleon client [17] round 89: poisoned 132/267 samples (target=0, loss=0.0561, acc=0.978).
10:15:17  INFO      defenses.deepsight — DeepSight: 0 / 10 flagged  |  TE [ben:0.014, ben:0.014, ben:0.014, ben:0.016, ben:0.018, ben:0.014, ben:0.018, ben:0.014, ben:0.016, MAL:0.016]  DDif [ben:0.097, ben:0.176, ben:0.123, ben:0.131, ben:0.123, ben:0.208, ben:0.161, ben:0.110, ben:0.102, MAL:0.079]  labels [0, -1, 0, -1, -1, -1, -1, 0, 0, -1]
10:15:21  INFO      attacks.chameleon_client — Chameleon client [17] round 90: optimising δ for 132/267 samples (ε=0.300, λ_sim=1.00, steps=100).
10:15:22  INFO      attacks.chameleon_client — Chameleon client [17] round 90: poisoned 132/267 samples (target=0, loss=0.1359, acc=0.966).
10:15:49  INFO      defenses.deepsight — DeepSight: 0 / 10 flagged  |  TE [ben:0.014, MAL:0.016, ben:0.016, ben:0.014, ben:0.018, ben:0.016, ben:0.012, ben:0.016, ben:0.016, ben:0.014]  DDif [ben:0.112, MAL:0.147, ben:0.065, ben:0.114, ben:0.244, ben:0.127, ben:0.290, ben:0.084, ben:0.204, ben:0.121]  labels [0, -1, -1, 0, -1, -1, -1, 0, 0, 0]
10:15:55  INFO      experiment.runner — Round   91/200  |  acc:  90.90%  loss: 0.3416  |  ASR:  48.60%  asr_loss: nan  |  TPR: 0.0%  FPR: 0.0%  |  mF1: 87.2%
10:16:08  INFO      attacks.chameleon_client — Chameleon client [8] round 91: optimising δ for 133/267 samples (ε=0.300, λ_sim=1.00, steps=100).
10:16:08  INFO      attacks.chameleon_client — Chameleon client [8] round 91: poisoned 133/267 samples (target=0, loss=0.0690, acc=0.978).
10:16:21  WARNING   attacks.chameleon_client — Chameleon client [63] round 91: no target-class samples in local data — falling back to benign training.
10:16:24  INFO      defenses.deepsight — DeepSight: 0 / 10 flagged  |  TE [ben:0.016, ben:0.016, ben:0.014, ben:0.014, MAL:0.016, ben:0.014, ben:0.014, ben:0.016, ben:0.016, MAL:0.010]  DDif [ben:0.139, ben:0.070, ben:0.068, ben:0.115, MAL:0.063, ben:0.180, ben:0.147, ben:0.137, ben:0.098, MAL:0.418]  labels [-1, -1, -1, 0, -1, -1, 0, 0, -1, -1]
10:17:02  INFO      defenses.deepsight — DeepSight: 0 / 10 flagged  |  TE [ben:0.018, ben:0.016, ben:0.018, ben:0.014, ben:0.014, ben:0.014, ben:0.016, ben:0.016, ben:0.014, ben:0.016]  DDif [ben:0.075, ben:0.247, ben:0.075, ben:0.130, ben:0.091, ben:0.171, ben:0.195, ben:0.129, ben:0.063, ben:0.187]  labels [0, -1, 0, 0, 0, 0, 0, 0, 0, 0]
10:17:03  WARNING   attacks.chameleon_client — Chameleon client [63] round 93: no target-class samples in local data — falling back to benign training.
10:17:31  INFO      attacks.chameleon_client — Chameleon client [15] round 93: optimising δ for 133/267 samples (ε=0.300, λ_sim=1.00, steps=100).
10:17:31  INFO      attacks.chameleon_client — Chameleon client [15] round 93: poisoned 133/267 samples (target=0, loss=0.0923, acc=0.965).
10:17:32  INFO      defenses.deepsight — DeepSight: 0 / 10 flagged  |  TE [MAL:0.012, ben:0.018, ben:0.016, ben:0.014, ben:0.016, ben:0.014, ben:0.018, ben:0.012, ben:0.014, MAL:0.014]  DDif [MAL:0.504, ben:0.101, ben:0.116, ben:0.216, ben:0.098, ben:0.139, ben:0.122, ben:0.113, ben:0.118, MAL:0.151]  labels [-1, 0, -1, -1, -1, -1, -1, -1, 0, -1]
10:17:55  WARNING   attacks.chameleon_client — Chameleon client [63] round 94: no target-class samples in local data — falling back to benign training.
10:17:59  INFO      attacks.chameleon_client — Chameleon client [57] round 94: optimising δ for 132/266 samples (ε=0.300, λ_sim=1.00, steps=100).
10:17:59  INFO      attacks.chameleon_client — Chameleon client [57] round 94: poisoned 132/266 samples (target=0, loss=0.0944, acc=0.973).
10:18:02  INFO      defenses.deepsight — DeepSight: 0 / 10 flagged  |  TE [ben:0.014, ben:0.014, ben:0.016, ben:0.016, ben:0.018, ben:0.018, ben:0.016, MAL:0.010, MAL:0.016, ben:0.014]  DDif [ben:0.073, ben:0.213, ben:0.070, ben:0.099, ben:0.188, ben:0.083, ben:0.302, MAL:0.563, MAL:0.139, ben:0.132]  labels [0, 0, 0, 0, -1, 0, -1, -1, 0, 0]
10:18:34  INFO      defenses.deepsight — DeepSight: 0 / 10 flagged  |  TE [ben:0.014, ben:0.018, ben:0.018, ben:0.018, ben:0.016, ben:0.012, ben:0.018, ben:0.014, ben:0.012, ben:0.014]  DDif [ben:0.362, ben:0.113, ben:0.175, ben:0.268, ben:0.104, ben:0.109, ben:0.155, ben:0.087, ben:0.082, ben:0.138]  labels [-1, -1, -1, -1, 0, 0, -1, -1, -1, -1]
10:18:35  INFO      attacks.chameleon_client — Chameleon client [57] round 96: optimising δ for 132/266 samples (ε=0.300, λ_sim=1.00, steps=100).
10:18:36  INFO      attacks.chameleon_client — Chameleon client [57] round 96: poisoned 132/266 samples (target=0, loss=0.0457, acc=0.980).
10:18:46  WARNING   attacks.chameleon_client — Chameleon client [63] round 96: no target-class samples in local data — falling back to benign training.
10:19:06  INFO      defenses.deepsight — DeepSight: 0 / 10 flagged  |  TE [MAL:0.016, ben:0.014, ben:0.014, ben:0.012, MAL:0.010, ben:0.018, ben:0.016, ben:0.016, ben:0.016, ben:0.018]  DDif [MAL:0.105, ben:0.154, ben:0.149, ben:0.184, MAL:0.389, ben:0.204, ben:0.103, ben:0.314, ben:0.174, ben:0.173]  labels [-1, 0, 0, -1, -1, -1, -1, -1, -1, 0]
10:19:38  INFO      defenses.deepsight — DeepSight: 0 / 10 flagged  |  TE [ben:0.014, ben:0.018, ben:0.014, ben:0.020, ben:0.016, ben:0.016, ben:0.016, ben:0.012, ben:0.016, ben:0.014]  DDif [ben:0.179, ben:0.096, ben:0.678, ben:0.116, ben:0.124, ben:0.082, ben:0.151, ben:0.081, ben:0.200, ben:0.664]  labels [0, -1, -1, 0, -1, -1, -1, -1, -1, -1]
10:19:39  INFO      attacks.chameleon_client — Chameleon client [97] round 98: optimising δ for 131/266 samples (ε=0.300, λ_sim=1.00, steps=100).
10:19:40  INFO      attacks.chameleon_client — Chameleon client [97] round 98: poisoned 131/266 samples (target=0, loss=0.0361, acc=0.987).
10:20:10  INFO      defenses.deepsight — DeepSight: 0 / 10 flagged  |  TE [MAL:0.014, ben:0.018, ben:0.016, ben:0.014, ben:0.014, ben:0.014, ben:0.012, ben:0.014, ben:0.020, ben:0.018]  DDif [MAL:0.085, ben:0.183, ben:0.060, ben:0.103, ben:0.115, ben:0.108, ben:0.155, ben:0.207, ben:0.090, ben:0.214]  labels [-1, 0, -1, 0, 0, -1, 0, 0, -1, 0]
10:20:11  INFO      attacks.chameleon_client — Chameleon client [72] round 99: optimising δ for 131/266 samples (ε=0.300, λ_sim=1.00, steps=100).
10:20:11  INFO      attacks.chameleon_client — Chameleon client [72] round 99: poisoned 131/266 samples (target=0, loss=0.0956, acc=0.976).
10:20:15  INFO      attacks.chameleon_client — Chameleon client [32] round 99: optimising δ for 133/267 samples (ε=0.300, λ_sim=1.00, steps=100).
10:20:16  INFO      attacks.chameleon_client — Chameleon client [32] round 99: poisoned 133/267 samples (target=0, loss=0.0429, acc=0.990).
10:20:26  INFO      attacks.chameleon_client — Chameleon client [83] round 99: optimising δ for 132/266 samples (ε=0.300, λ_sim=1.00, steps=100).
10:20:26  INFO      attacks.chameleon_client — Chameleon client [83] round 99: poisoned 132/266 samples (target=0, loss=0.0782, acc=0.980).
10:20:36  INFO      defenses.deepsight — DeepSight: 0 / 10 flagged  |  TE [MAL:0.016, ben:0.014, MAL:0.012, ben:0.018, ben:0.016, ben:0.016, MAL:0.018, ben:0.014, ben:0.018, ben:0.012]  DDif [MAL:0.157, ben:0.091, MAL:0.098, ben:0.122, ben:0.096, ben:0.209, MAL:0.259, ben:0.072, ben:0.341, ben:0.095]  labels [-1, -1, -1, -1, 0, -1, -1, -1, -1, 0]
10:21:00  INFO      attacks.chameleon_client — Chameleon client [15] round 100: optimising δ for 133/267 samples (ε=0.300, λ_sim=1.00, steps=100).
10:21:00  INFO      attacks.chameleon_client — Chameleon client [15] round 100: poisoned 133/267 samples (target=0, loss=0.0686, acc=0.976).
10:21:07  INFO      defenses.deepsight — DeepSight: 0 / 10 flagged  |  TE [ben:0.020, ben:0.016, ben:0.016, ben:0.016, ben:0.014, ben:0.018, ben:0.016, MAL:0.014, ben:0.014, ben:0.012]  DDif [ben:0.069, ben:0.168, ben:0.062, ben:0.193, ben:0.168, ben:0.108, ben:0.115, MAL:0.112, ben:0.144, ben:0.108]  labels [-1, -1, -1, -1, -1, -1, 0, -1, -1, 0]
10:21:15  INFO      experiment.runner — Round  101/200  |  acc:  91.71%  loss: 0.3232  |  ASR:  54.20%  asr_loss: nan  |  TPR: 0.0%  FPR: 0.0%  |  mF1: 88.9%
10:21:22  WARNING   attacks.chameleon_client — Chameleon client [63] round 101: no target-class samples in local data — falling back to benign training.
10:21:44  INFO      attacks.chameleon_client — Chameleon client [57] round 101: optimising δ for 132/266 samples (ε=0.300, λ_sim=1.00, steps=100).
10:21:45  INFO      attacks.chameleon_client — Chameleon client [57] round 101: poisoned 132/266 samples (target=0, loss=0.0440, acc=0.986).
10:21:45  INFO      defenses.deepsight — DeepSight: 0 / 10 flagged  |  TE [ben:0.014, ben:0.016, MAL:0.012, ben:0.016, ben:0.014, ben:0.018, ben:0.016, ben:0.014, ben:0.016, MAL:0.016]  DDif [ben:0.132, ben:0.127, MAL:0.511, ben:0.251, ben:0.131, ben:0.322, ben:0.081, ben:0.136, ben:0.110, MAL:0.066]  labels [0, -1, -1, -1, -1, -1, 0, -1, -1, -1]
10:22:19  INFO      defenses.deepsight — DeepSight: 0 / 10 flagged  |  TE [ben:0.018, ben:0.016, ben:0.014, ben:0.014, ben:0.014, ben:0.014, ben:0.016, ben:0.018, ben:0.016, ben:0.012]  DDif [ben:0.150, ben:0.187, ben:0.188, ben:0.137, ben:0.174, ben:0.174, ben:0.061, ben:0.152, ben:0.131, ben:0.104]  labels [-1, 0, 0, -1, 0, 0, -1, 0, 0, 0]
10:22:52  INFO      defenses.deepsight — DeepSight: 0 / 10 flagged  |  TE [ben:0.014, ben:0.014, ben:0.020, ben:0.016, ben:0.016, ben:0.014, ben:0.016, ben:0.014, ben:0.016, ben:0.016]  DDif [ben:0.110, ben:0.264, ben:0.141, ben:0.164, ben:0.177, ben:0.078, ben:0.250, ben:0.102, ben:0.134, ben:0.160]  labels [-1, -1, -1, 0, -1, -1, -1, 0, -1, -1]
10:23:20  INFO      attacks.chameleon_client — Chameleon client [8] round 104: optimising δ for 133/267 samples (ε=0.300, λ_sim=1.00, steps=100).
10:23:20  INFO      attacks.chameleon_client — Chameleon client [8] round 104: poisoned 133/267 samples (target=0, loss=0.0415, acc=0.982).
10:23:26  INFO      defenses.deepsight — DeepSight: 0 / 10 flagged  |  TE [ben:0.012, ben:0.020, ben:0.016, ben:0.016, ben:0.014, ben:0.016, ben:0.016, ben:0.016, MAL:0.018, ben:0.016]  DDif [ben:0.103, ben:0.130, ben:0.149, ben:0.083, ben:0.085, ben:0.069, ben:0.120, ben:0.079, MAL:0.060, ben:0.089]  labels [-1, -1, -1, 0, 0, 0, -1, -1, -1, -1]
10:23:43  INFO      attacks.chameleon_client — Chameleon client [32] round 105: optimising δ for 133/267 samples (ε=0.300, λ_sim=1.00, steps=100).
10:23:44  INFO      attacks.chameleon_client — Chameleon client [32] round 105: poisoned 133/267 samples (target=0, loss=0.0604, acc=0.985).
10:23:56  INFO      defenses.deepsight — DeepSight: 0 / 10 flagged  |  TE [ben:0.018, ben:0.018, ben:0.016, ben:0.018, ben:0.016, MAL:0.016, ben:0.018, ben:0.016, ben:0.014, ben:0.014]  DDif [ben:0.120, ben:0.058, ben:0.173, ben:0.145, ben:0.122, MAL:0.457, ben:0.164, ben:0.119, ben:0.119, ben:0.089]  labels [0, -1, -1, -1, 0, -1, -1, -1, -1, -1]
10:24:19  WARNING   attacks.chameleon_client — Chameleon client [60] round 106: no target-class samples in local data — falling back to benign training.
10:24:28  INFO      defenses.deepsight — DeepSight: 0 / 10 flagged  |  TE [ben:0.018, ben:0.016, ben:0.014, ben:0.014, ben:0.018, ben:0.018, ben:0.014, MAL:0.010, ben:0.014, ben:0.014]  DDif [ben:0.299, ben:0.185, ben:0.205, ben:0.229, ben:0.154, ben:0.103, ben:0.102, MAL:0.338, ben:0.144, ben:0.114]  labels [-1, 0, -1, -1, -1, -1, -1, -1, -1, 0]
10:25:01  INFO      attacks.chameleon_client — Chameleon client [97] round 107: optimising δ for 131/266 samples (ε=0.300, λ_sim=1.00, steps=100).
10:25:02  INFO      attacks.chameleon_client — Chameleon client [97] round 107: poisoned 131/266 samples (target=0, loss=0.0956, acc=0.973).
10:25:02  INFO      defenses.deepsight — DeepSight: 0 / 10 flagged  |  TE [ben:0.014, ben:0.014, ben:0.014, ben:0.016, ben:0.016, ben:0.016, ben:0.014, ben:0.014, ben:0.012, MAL:0.016]  DDif [ben:0.064, ben:0.130, ben:0.142, ben:0.291, ben:0.105, ben:0.085, ben:0.166, ben:0.114, ben:0.231, MAL:0.189]  labels [-1, -1, -1, -1, 0, 0, -1, -1, -1, -1]
10:25:06  INFO      attacks.chameleon_client — Chameleon client [57] round 108: optimising δ for 132/266 samples (ε=0.300, λ_sim=1.00, steps=100).
10:25:06  INFO      attacks.chameleon_client — Chameleon client [57] round 108: poisoned 132/266 samples (target=0, loss=0.0562, acc=0.983).
10:25:22  INFO      attacks.chameleon_client — Chameleon client [32] round 108: optimising δ for 133/267 samples (ε=0.300, λ_sim=1.00, steps=100).
10:25:22  INFO      attacks.chameleon_client — Chameleon client [32] round 108: poisoned 133/267 samples (target=0, loss=0.0637, acc=0.978).
10:25:29  INFO      defenses.deepsight — DeepSight: 0 / 10 flagged  |  TE [ben:0.016, MAL:0.016, ben:0.014, ben:0.020, ben:0.014, ben:0.014, ben:0.020, MAL:0.012, ben:0.014, ben:0.014]  DDif [ben:0.176, MAL:0.093, ben:0.087, ben:0.133, ben:0.123, ben:0.136, ben:0.079, MAL:0.159, ben:0.130, ben:0.141]  labels [-1, 0, 0, 0, 0, 0, -1, -1, 0, 0]
10:26:03  INFO      defenses.deepsight — DeepSight: 0 / 10 flagged  |  TE [ben:0.014, ben:0.014, ben:0.016, ben:0.014, ben:0.016, ben:0.016, ben:0.014, ben:0.018, ben:0.016, ben:0.016]  DDif [ben:0.145, ben:0.174, ben:0.147, ben:0.107, ben:0.103, ben:0.121, ben:0.135, ben:0.101, ben:0.319, ben:0.104]  labels [-1, -1, -1, -1, -1, 0, -1, 0, -1, 0]
10:26:34  INFO      defenses.deepsight — DeepSight: 0 / 10 flagged  |  TE [ben:0.016, ben:0.018, ben:0.018, ben:0.016, ben:0.018, ben:0.016, ben:0.018, ben:0.016, ben:0.016, ben:0.018]  DDif [ben:0.226, ben:0.154, ben:0.059, ben:0.064, ben:0.186, ben:0.268, ben:0.075, ben:0.133, ben:0.168, ben:0.052]  labels [0, 0, -1, -1, 0, -1, -1, -1, -1, -1]
10:26:39  INFO      experiment.runner — Round  111/200  |  acc:  91.65%  loss: 0.3322  |  ASR:  45.00%  asr_loss: nan  |  FPR: 0.0%  |  mF1: 88.6%
10:27:05  INFO      attacks.chameleon_client — Chameleon client [83] round 111: optimising δ for 132/266 samples (ε=0.300, λ_sim=1.00, steps=100).
10:27:05  INFO      attacks.chameleon_client — Chameleon client [83] round 111: poisoned 132/266 samples (target=0, loss=0.0655, acc=0.982).
10:27:06  INFO      attacks.chameleon_client — Chameleon client [57] round 111: optimising δ for 132/266 samples (ε=0.300, λ_sim=1.00, steps=100).
10:27:07  INFO      attacks.chameleon_client — Chameleon client [57] round 111: poisoned 132/266 samples (target=0, loss=0.0437, acc=0.986).
10:27:12  INFO      defenses.deepsight — DeepSight: 0 / 10 flagged  |  TE [ben:0.018, ben:0.014, ben:0.018, ben:0.018, ben:0.014, ben:0.014, ben:0.014, MAL:0.014, MAL:0.018, ben:0.016]  DDif [ben:0.079, ben:0.355, ben:0.088, ben:0.313, ben:0.068, ben:0.117, ben:0.088, MAL:0.129, MAL:0.093, ben:0.090]  labels [-1, -1, 0, -1, -1, -1, -1, -1, 0, -1]
10:27:47  INFO      defenses.deepsight — DeepSight: 0 / 10 flagged  |  TE [ben:0.016, ben:0.018, ben:0.020, ben:0.021, ben:0.018, ben:0.016, ben:0.016, ben:0.014, ben:0.012, ben:0.016]  DDif [ben:0.094, ben:0.157, ben:0.165, ben:0.089, ben:0.325, ben:0.070, ben:0.330, ben:0.177, ben:0.110, ben:0.067]  labels [-1, -1, -1, 0, -1, -1, -1, -1, 0, -1]
10:28:19  INFO      defenses.deepsight — DeepSight: 0 / 10 flagged  |  TE [ben:0.020, ben:0.016, ben:0.016, ben:0.016, ben:0.016, ben:0.016, ben:0.016, ben:0.012, ben:0.016, ben:0.018]  DDif [ben:0.170, ben:0.128, ben:0.108, ben:0.117, ben:0.222, ben:0.078, ben:0.358, ben:0.090, ben:0.087, ben:0.122]  labels [-1, 0, 0, 0, -1, 0, -1, 0, 0, -1]
10:28:20  INFO      attacks.chameleon_client — Chameleon client [8] round 114: optimising δ for 133/267 samples (ε=0.300, λ_sim=1.00, steps=100).
10:28:21  INFO      attacks.chameleon_client — Chameleon client [8] round 114: poisoned 133/267 samples (target=0, loss=0.0926, acc=0.974).
10:28:28  INFO      attacks.chameleon_client — Chameleon client [83] round 114: optimising δ for 132/266 samples (ε=0.300, λ_sim=1.00, steps=100).
10:28:28  INFO      attacks.chameleon_client — Chameleon client [83] round 114: poisoned 132/266 samples (target=0, loss=0.0843, acc=0.971).
10:28:48  INFO      defenses.deepsight — DeepSight: 0 / 10 flagged  |  TE [MAL:0.018, ben:0.014, ben:0.014, MAL:0.016, ben:0.016, ben:0.016, ben:0.014, ben:0.016, ben:0.018, ben:0.018]  DDif [MAL:0.096, ben:0.170, ben:0.090, MAL:0.160, ben:0.092, ben:0.100, ben:0.125, ben:0.069, ben:0.139, ben:0.223]  labels [0, -1, 0, -1, -1, -1, -1, -1, -1, -1]
10:29:04  INFO      attacks.chameleon_client — Chameleon client [15] round 115: optimising δ for 133/267 samples (ε=0.300, λ_sim=1.00, steps=100).
10:29:05  INFO      attacks.chameleon_client — Chameleon client [15] round 115: poisoned 133/267 samples (target=0, loss=0.0647, acc=0.984).
10:29:18  INFO      defenses.deepsight — DeepSight: 0 / 10 flagged  |  TE [ben:0.018, ben:0.018, ben:0.014, ben:0.012, ben:0.016, MAL:0.018, ben:0.016, ben:0.016, ben:0.016, ben:0.018]  DDif [ben:0.245, ben:0.145, ben:0.071, ben:0.084, ben:0.077, MAL:0.179, ben:0.086, ben:0.051, ben:0.108, ben:0.068]  labels [-1, -1, -1, -1, 0, -1, 0, -1, -1, -1]
10:29:26  INFO      attacks.chameleon_client — Chameleon client [8] round 116: optimising δ for 133/267 samples (ε=0.300, λ_sim=1.00, steps=100).
10:29:26  INFO      attacks.chameleon_client — Chameleon client [8] round 116: poisoned 133/267 samples (target=0, loss=0.0463, acc=0.986).
10:29:27  INFO      attacks.chameleon_client — Chameleon client [57] round 116: optimising δ for 132/266 samples (ε=0.300, λ_sim=1.00, steps=100).
10:29:27  INFO      attacks.chameleon_client — Chameleon client [57] round 116: poisoned 132/266 samples (target=0, loss=0.0451, acc=0.985).
10:29:46  INFO      defenses.deepsight — DeepSight: 0 / 10 flagged  |  TE [ben:0.016, ben:0.016, MAL:0.018, MAL:0.018, ben:0.018, ben:0.018, ben:0.014, ben:0.018, ben:0.012, ben:0.016]  DDif [ben:0.120, ben:0.146, MAL:0.075, MAL:0.066, ben:0.152, ben:0.102, ben:0.131, ben:0.346, ben:0.073, ben:0.079]  labels [-1, -1, 0, 0, -1, -1, -1, -1, 0, -1]
10:29:57  INFO      attacks.chameleon_client — Chameleon client [17] round 117: optimising δ for 132/267 samples (ε=0.300, λ_sim=1.00, steps=100).
10:29:58  INFO      attacks.chameleon_client — Chameleon client [17] round 117: poisoned 132/267 samples (target=0, loss=0.0610, acc=0.982).
10:30:11  INFO      attacks.chameleon_client — Chameleon client [32] round 117: optimising δ for 133/267 samples (ε=0.300, λ_sim=1.00, steps=100).
10:30:11  INFO      attacks.chameleon_client — Chameleon client [32] round 117: poisoned 133/267 samples (target=0, loss=0.0377, acc=0.987).
10:30:15  INFO      defenses.deepsight — DeepSight: 0 / 10 flagged  |  TE [ben:0.014, ben:0.014, ben:0.014, MAL:0.014, ben:0.014, ben:0.018, ben:0.018, ben:0.016, MAL:0.018, ben:0.012]  DDif [ben:0.103, ben:0.105, ben:0.146, MAL:0.093, ben:0.072, ben:0.078, ben:0.070, ben:0.093, MAL:0.056, ben:0.100]  labels [-1, 0, -1, 0, 0, 0, 0, 0, -1, 0]
10:30:48  INFO      defenses.deepsight — DeepSight: 0 / 10 flagged  |  TE [ben:0.018, ben:0.016, ben:0.014, ben:0.014, ben:0.018, ben:0.014, ben:0.018, ben:0.016, ben:0.014, ben:0.016]  DDif [ben:0.107, ben:0.164, ben:0.116, ben:0.409, ben:0.125, ben:0.213, ben:0.070, ben:0.097, ben:0.070, ben:0.140]  labels [0, -1, -1, -1, -1, -1, -1, -1, 0, -1]
10:31:10  INFO      attacks.chameleon_client — Chameleon client [32] round 119: optimising δ for 133/267 samples (ε=0.300, λ_sim=1.00, steps=100).
10:31:11  INFO      attacks.chameleon_client — Chameleon client [32] round 119: poisoned 133/267 samples (target=0, loss=0.0288, acc=0.993).
10:31:18  INFO      defenses.deepsight — DeepSight: 0 / 10 flagged  |  TE [ben:0.012, ben:0.016, ben:0.018, ben:0.016, ben:0.016, ben:0.016, ben:0.016, MAL:0.012, ben:0.018, ben:0.016]  DDif [ben:0.202, ben:0.066, ben:0.137, ben:0.127, ben:0.067, ben:0.061, ben:0.134, MAL:0.055, ben:0.143, ben:0.125]  labels [-1, 0, 0, 0, 0, 0, 0, 0, -1, 0]
10:31:19  INFO      attacks.chameleon_client — Chameleon client [72] round 120: optimising δ for 131/266 samples (ε=0.300, λ_sim=1.00, steps=100).
10:31:20  INFO      attacks.chameleon_client — Chameleon client [72] round 120: poisoned 131/266 samples (target=0, loss=0.1048, acc=0.976).
10:31:20  INFO      attacks.chameleon_client — Chameleon client [17] round 120: optimising δ for 132/267 samples (ε=0.300, λ_sim=1.00, steps=100).
10:31:21  INFO      attacks.chameleon_client — Chameleon client [17] round 120: poisoned 132/267 samples (target=0, loss=0.0736, acc=0.984).
10:31:46  INFO      defenses.deepsight — DeepSight: 0 / 10 flagged  |  TE [MAL:0.018, MAL:0.020, ben:0.020, ben:0.018, ben:0.016, ben:0.018, ben:0.018, ben:0.018, ben:0.018, ben:0.016]  DDif [MAL:0.204, MAL:0.150, ben:0.084, ben:0.090, ben:0.171, ben:0.144, ben:0.070, ben:0.120, ben:0.143, ben:0.051]  labels [-1, -1, 0, 0, -1, -1, 0, 0, 0, -1]
10:31:52  INFO      experiment.runner — Round  121/200  |  acc:  92.11%  loss: 0.3079  |  ASR:  43.00%  asr_loss: nan  |  TPR: 0.0%  FPR: 0.0%  |  mF1: 89.6%
10:32:16  INFO      attacks.chameleon_client — Chameleon client [8] round 121: optimising δ for 133/267 samples (ε=0.300, λ_sim=1.00, steps=100).
10:32:16  INFO      attacks.chameleon_client — Chameleon client [8] round 121: poisoned 133/267 samples (target=0, loss=0.0554, acc=0.981).
10:32:23  INFO      defenses.deepsight — DeepSight: 0 / 10 flagged  |  TE [ben:0.020, ben:0.016, ben:0.016, ben:0.020, ben:0.018, ben:0.016, ben:0.012, MAL:0.018, ben:0.014, ben:0.016]  DDif [ben:0.094, ben:0.294, ben:0.066, ben:0.099, ben:0.121, ben:0.051, ben:0.135, MAL:0.183, ben:0.114, ben:0.176]  labels [0, -1, -1, -1, -1, -1, -1, -1, 0, 0]
10:33:00  INFO      defenses.deepsight — DeepSight: 0 / 10 flagged  |  TE [ben:0.014, ben:0.016, ben:0.014, ben:0.016, ben:0.018, ben:0.016, ben:0.020, ben:0.018, ben:0.016, ben:0.014]  DDif [ben:0.085, ben:0.178, ben:0.109, ben:0.070, ben:0.086, ben:0.078, ben:0.059, ben:0.098, ben:0.166, ben:0.090]  labels [0, -1, -1, 0, -1, -1, -1, 0, -1, -1]
10:33:23  WARNING   attacks.chameleon_client — Chameleon client [63] round 123: no target-class samples in local data — falling back to benign training.
10:33:34  INFO      defenses.deepsight — DeepSight: 0 / 10 flagged  |  TE [ben:0.016, ben:0.020, ben:0.018, ben:0.021, ben:0.018, ben:0.016, ben:0.016, MAL:0.010, ben:0.014, ben:0.021]  DDif [ben:0.094, ben:0.133, ben:0.218, ben:0.086, ben:0.061, ben:0.126, ben:0.071, MAL:0.380, ben:0.188, ben:0.117]  labels [0, 0, -1, -1, -1, -1, -1, -1, -1, -1]
10:33:35  INFO      attacks.chameleon_client — Chameleon client [57] round 124: optimising δ for 132/266 samples (ε=0.300, λ_sim=1.00, steps=100).
10:33:35  INFO      attacks.chameleon_client — Chameleon client [57] round 124: poisoned 132/266 samples (target=0, loss=0.0938, acc=0.976).
10:33:59  INFO      attacks.chameleon_client — Chameleon client [32] round 124: optimising δ for 133/267 samples (ε=0.300, λ_sim=1.00, steps=100).
10:34:00  INFO      attacks.chameleon_client — Chameleon client [32] round 124: poisoned 133/267 samples (target=0, loss=0.0361, acc=0.988).
10:34:03  INFO      defenses.deepsight — DeepSight: 0 / 10 flagged  |  TE [MAL:0.020, ben:0.020, ben:0.014, ben:0.018, ben:0.016, ben:0.012, ben:0.014, ben:0.016, MAL:0.018, ben:0.012]  DDif [MAL:0.233, ben:0.097, ben:0.092, ben:0.113, ben:0.112, ben:0.161, ben:0.085, ben:0.293, MAL:0.083, ben:0.061]  labels [-1, 0, 0, -1, -1, -1, -1, -1, 0, -1]
10:34:35  INFO      defenses.deepsight — DeepSight: 0 / 10 flagged  |  TE [ben:0.016, ben:0.012, ben:0.020, ben:0.016, ben:0.018, ben:0.014, ben:0.016, ben:0.016, ben:0.012, ben:0.016]  DDif [ben:0.140, ben:0.216, ben:0.217, ben:0.101, ben:0.092, ben:0.105, ben:0.108, ben:0.150, ben:0.115, ben:0.222]  labels [0, 0, 0, 0, 0, 0, 0, 0, 0, 0]
10:35:07  INFO      defenses.deepsight — DeepSight: 0 / 10 flagged  |  TE [ben:0.016, ben:0.018, ben:0.018, ben:0.014, ben:0.016, ben:0.016, ben:0.016, ben:0.016, ben:0.014, ben:0.018]  DDif [ben:0.196, ben:0.092, ben:0.104, ben:0.101, ben:0.119, ben:0.125, ben:0.216, ben:0.115, ben:0.060, ben:0.136]  labels [-1, -1, 0, 0, -1, -1, -1, -1, -1, -1]
10:35:24  INFO      attacks.chameleon_client — Chameleon client [15] round 127: optimising δ for 133/267 samples (ε=0.300, λ_sim=1.00, steps=100).
10:35:24  INFO      attacks.chameleon_client — Chameleon client [15] round 127: poisoned 133/267 samples (target=0, loss=0.0572, acc=0.981).
10:35:37  INFO      defenses.deepsight — DeepSight: 0 / 10 flagged  |  TE [ben:0.016, ben:0.020, ben:0.016, ben:0.014, ben:0.014, MAL:0.016, ben:0.020, ben:0.014, ben:0.014, ben:0.016]  DDif [ben:0.176, ben:0.112, ben:0.243, ben:0.078, ben:0.104, MAL:0.103, ben:0.081, ben:0.069, ben:0.194, ben:0.212]  labels [-1, 0, 0, 0, 0, 0, 0, 0, 0, 0]
10:36:10  INFO      defenses.deepsight — DeepSight: 0 / 10 flagged  |  TE [ben:0.016, ben:0.014, ben:0.014, ben:0.020, ben:0.018, ben:0.014, ben:0.014, ben:0.016, ben:0.014, ben:0.016]  DDif [ben:0.195, ben:0.059, ben:0.074, ben:0.059, ben:0.117, ben:0.138, ben:0.081, ben:0.097, ben:0.073, ben:0.158]  labels [-1, 0, 0, 0, 0, 0, 0, -1, 0, -1]
10:36:21  INFO      attacks.chameleon_client — Chameleon client [57] round 129: optimising δ for 132/266 samples (ε=0.300, λ_sim=1.00, steps=100).
10:36:21  INFO      attacks.chameleon_client — Chameleon client [57] round 129: poisoned 132/266 samples (target=0, loss=0.0294, acc=0.992).
10:36:39  INFO      attacks.chameleon_client — Chameleon client [17] round 129: optimising δ for 132/267 samples (ε=0.300, λ_sim=1.00, steps=100).
10:36:39  INFO      attacks.chameleon_client — Chameleon client [17] round 129: poisoned 132/267 samples (target=0, loss=0.0601, acc=0.981).
10:36:39  INFO      defenses.deepsight — DeepSight: 0 / 10 flagged  |  TE [ben:0.018, ben:0.016, ben:0.018, MAL:0.018, ben:0.018, ben:0.020, ben:0.016, ben:0.016, ben:0.016, MAL:0.018]  DDif [ben:0.072, ben:0.163, ben:0.085, MAL:0.053, ben:0.067, ben:0.189, ben:0.090, ben:0.106, ben:0.155, MAL:0.155]  labels [0, -1, 0, -1, -1, -1, -1, -1, -1, -1]
10:36:50  INFO      attacks.chameleon_client — Chameleon client [32] round 130: optimising δ for 133/267 samples (ε=0.300, λ_sim=1.00, steps=100).
10:36:51  INFO      attacks.chameleon_client — Chameleon client [32] round 130: poisoned 133/267 samples (target=0, loss=0.0386, acc=0.983).
10:37:07  INFO      attacks.chameleon_client — Chameleon client [72] round 130: optimising δ for 131/266 samples (ε=0.300, λ_sim=1.00, steps=100).
10:37:07  INFO      attacks.chameleon_client — Chameleon client [72] round 130: poisoned 131/266 samples (target=0, loss=0.0455, acc=0.984).
10:37:08  INFO      defenses.deepsight — DeepSight: 0 / 10 flagged  |  TE [ben:0.018, ben:0.016, ben:0.014, MAL:0.018, ben:0.016, ben:0.014, ben:0.014, ben:0.018, ben:0.016, MAL:0.014]  DDif [ben:0.104, ben:0.163, ben:0.110, MAL:0.114, ben:0.069, ben:0.167, ben:0.103, ben:0.098, ben:0.045, MAL:0.080]  labels [0, -1, 0, -1, -1, -1, -1, -1, -1, -1]
10:37:13  INFO      experiment.runner — Round  131/200  |  acc:  92.63%  loss: 0.2995  |  ASR:  50.00%  asr_loss: nan  |  TPR: 0.0%  FPR: 0.0%  |  mF1: 89.9%
10:37:47  INFO      defenses.deepsight — DeepSight: 0 / 10 flagged  |  TE [ben:0.016, ben:0.016, ben:0.016, ben:0.016, ben:0.018, ben:0.014, ben:0.018, ben:0.018, ben:0.014, ben:0.014]  DDif [ben:0.135, ben:0.234, ben:0.068, ben:0.049, ben:0.131, ben:0.081, ben:0.135, ben:0.086, ben:0.082, ben:0.080]  labels [0, -1, 0, -1, 0, -1, -1, -1, 0, 0]
10:38:21  INFO      defenses.deepsight — DeepSight: 0 / 10 flagged  |  TE [ben:0.014, ben:0.018, ben:0.014, ben:0.016, ben:0.016, ben:0.010, ben:0.014, ben:0.018, ben:0.014, ben:0.018]  DDif [ben:0.098, ben:0.069, ben:0.305, ben:0.121, ben:0.150, ben:0.116, ben:0.094, ben:0.187, ben:0.084, ben:0.179]  labels [0, 0, -1, -1, 0, 0, 0, 0, -1, 0]
10:38:54  INFO      defenses.deepsight — DeepSight: 0 / 10 flagged  |  TE [ben:0.016, ben:0.016, ben:0.016, ben:0.014, ben:0.016, ben:0.018, ben:0.016, ben:0.016, ben:0.018, ben:0.016]  DDif [ben:0.094, ben:0.148, ben:0.123, ben:0.101, ben:0.243, ben:0.129, ben:0.171, ben:0.062, ben:0.080, ben:0.097]  labels [-1, -1, 0, 0, -1, -1, -1, -1, -1, -1]
10:39:29  INFO      defenses.deepsight — DeepSight: 0 / 10 flagged  |  TE [ben:0.014, ben:0.012, ben:0.018, ben:0.016, ben:0.018, ben:0.014, ben:0.014, ben:0.020, ben:0.016, ben:0.018]  DDif [ben:0.102, ben:0.118, ben:0.124, ben:0.116, ben:0.162, ben:0.150, ben:0.108, ben:0.126, ben:0.161, ben:0.101]  labels [0, -1, -1, -1, -1, -1, -1, -1, -1, 0]
10:40:01  INFO      defenses.deepsight — DeepSight: 0 / 10 flagged  |  TE [ben:0.012, ben:0.016, ben:0.016, ben:0.018, ben:0.016, ben:0.014, ben:0.021, ben:0.016, ben:0.016, ben:0.016]  DDif [ben:0.075, ben:0.132, ben:0.109, ben:0.066, ben:0.128, ben:0.095, ben:0.078, ben:0.339, ben:0.162, ben:0.076]  labels [-1, -1, -1, -1, 0, 0, -1, -1, -1, -1]
10:40:02  INFO      attacks.chameleon_client — Chameleon client [8] round 136: optimising δ for 133/267 samples (ε=0.300, λ_sim=1.00, steps=100).
10:40:02  INFO      attacks.chameleon_client — Chameleon client [8] round 136: poisoned 133/267 samples (target=0, loss=0.0530, acc=0.981).
10:40:26  INFO      attacks.chameleon_client — Chameleon client [32] round 136: optimising δ for 133/267 samples (ε=0.300, λ_sim=1.00, steps=100).
10:40:26  INFO      attacks.chameleon_client — Chameleon client [32] round 136: poisoned 133/267 samples (target=0, loss=0.0631, acc=0.984).
10:40:30  INFO      defenses.deepsight — DeepSight: 0 / 10 flagged  |  TE [MAL:0.018, ben:0.014, ben:0.014, ben:0.018, ben:0.020, ben:0.018, ben:0.018, ben:0.018, MAL:0.016, ben:0.016]  DDif [MAL:0.067, ben:0.147, ben:0.184, ben:0.173, ben:0.256, ben:0.098, ben:0.092, ben:0.278, MAL:0.205, ben:0.101]  labels [0, -1, 0, 0, -1, 0, 0, -1, 0, 0]
10:40:41  INFO      attacks.chameleon_client — Chameleon client [83] round 137: optimising δ for 132/266 samples (ε=0.300, λ_sim=1.00, steps=100).
10:40:41  INFO      attacks.chameleon_client — Chameleon client [83] round 137: poisoned 132/266 samples (target=0, loss=0.0752, acc=0.980).
10:41:00  INFO      defenses.deepsight — DeepSight: 0 / 10 flagged  |  TE [ben:0.016, ben:0.018, ben:0.014, MAL:0.018, ben:0.016, ben:0.014, ben:0.018, ben:0.016, ben:0.018, ben:0.018]  DDif [ben:0.103, ben:0.065, ben:0.176, MAL:0.067, ben:0.089, ben:0.124, ben:0.203, ben:0.135, ben:0.101, ben:0.068]  labels [0, -1, -1, -1, 0, -1, -1, -1, 0, -1]
10:41:19  INFO      attacks.chameleon_client — Chameleon client [83] round 138: optimising δ for 132/266 samples (ε=0.300, λ_sim=1.00, steps=100).
10:41:20  INFO      attacks.chameleon_client — Chameleon client [83] round 138: poisoned 132/266 samples (target=0, loss=0.0540, acc=0.986).
10:41:30  INFO      defenses.deepsight — DeepSight: 0 / 10 flagged  |  TE [ben:0.016, ben:0.018, ben:0.018, ben:0.014, ben:0.018, ben:0.016, MAL:0.020, ben:0.016, ben:0.014, ben:0.014]  DDif [ben:0.101, ben:0.106, ben:0.215, ben:0.063, ben:0.094, ben:0.160, MAL:0.072, ben:0.074, ben:0.129, ben:0.115]  labels [0, 0, -1, -1, 0, 0, -1, 0, 0, 0]
10:41:44  INFO      attacks.chameleon_client — Chameleon client [15] round 139: optimising δ for 133/267 samples (ε=0.300, λ_sim=1.00, steps=100).
10:41:44  INFO      attacks.chameleon_client — Chameleon client [15] round 139: poisoned 133/267 samples (target=0, loss=0.0787, acc=0.972).
10:42:04  INFO      defenses.deepsight — DeepSight: 0 / 10 flagged  |  TE [ben:0.018, ben:0.018, ben:0.014, MAL:0.014, ben:0.016, ben:0.018, ben:0.012, ben:0.014, ben:0.016, ben:0.020]  DDif [ben:0.071, ben:0.116, ben:0.142, MAL:0.194, ben:0.074, ben:0.132, ben:0.137, ben:0.104, ben:0.087, ben:0.095]  labels [0, -1, -1, -1, 0, 0, -1, -1, -1, 0]
10:42:23  INFO      attacks.chameleon_client — Chameleon client [15] round 140: optimising δ for 133/267 samples (ε=0.300, λ_sim=1.00, steps=100).
10:42:23  INFO      attacks.chameleon_client — Chameleon client [15] round 140: poisoned 133/267 samples (target=0, loss=0.0692, acc=0.979).
10:42:27  INFO      attacks.chameleon_client — Chameleon client [57] round 140: optimising δ for 132/266 samples (ε=0.300, λ_sim=1.00, steps=100).
10:42:28  INFO      attacks.chameleon_client — Chameleon client [57] round 140: poisoned 132/266 samples (target=0, loss=0.0269, acc=0.992).
10:42:31  INFO      defenses.deepsight — DeepSight: 0 / 10 flagged  |  TE [ben:0.016, ben:0.014, ben:0.016, ben:0.016, ben:0.016, ben:0.018, MAL:0.018, ben:0.016, MAL:0.021, ben:0.020]  DDif [ben:0.108, ben:0.109, ben:0.083, ben:0.179, ben:0.103, ben:0.064, MAL:0.325, ben:0.075, MAL:0.058, ben:0.088]  labels [-1, 0, 0, -1, -1, -1, -1, 0, -1, -1]
10:42:38  INFO      experiment.runner — Round  141/200  |  acc:  92.57%  loss: 0.3050  |  ASR:  56.80%  asr_loss: nan  |  TPR: 0.0%  FPR: 0.0%  |  mF1: 89.7%
10:42:46  WARNING   attacks.chameleon_client — Chameleon client [63] round 141: no target-class samples in local data — falling back to benign training.
10:43:12  INFO      defenses.deepsight — DeepSight: 0 / 10 flagged  |  TE [ben:0.016, ben:0.018, MAL:0.016, ben:0.016, ben:0.016, ben:0.014, ben:0.014, ben:0.014, ben:0.014, ben:0.016]  DDif [ben:0.055, ben:0.142, MAL:0.426, ben:0.131, ben:0.076, ben:0.120, ben:0.165, ben:0.081, ben:0.088, ben:0.067]  labels [-1, -1, -1, -1, 0, -1, -1, -1, -1, 0]
10:43:30  INFO      attacks.chameleon_client — Chameleon client [32] round 142: optimising δ for 133/267 samples (ε=0.300, λ_sim=1.00, steps=100).
10:43:31  INFO      attacks.chameleon_client — Chameleon client [32] round 142: poisoned 133/267 samples (target=0, loss=0.0525, acc=0.983).
10:43:43  INFO      defenses.deepsight — DeepSight: 0 / 10 flagged  |  TE [ben:0.016, ben:0.014, ben:0.018, ben:0.016, ben:0.016, MAL:0.016, ben:0.016, ben:0.016, ben:0.014, ben:0.016]  DDif [ben:0.255, ben:0.166, ben:0.069, ben:0.087, ben:0.108, MAL:0.071, ben:0.122, ben:0.129, ben:0.070, ben:0.061]  labels [-1, -1, -1, 0, -1, -1, -1, -1, 0, -1]
10:43:44  WARNING   attacks.chameleon_client — Chameleon client [63] round 143: no target-class samples in local data — falling back to benign training.
10:44:01  INFO      attacks.chameleon_client — Chameleon client [97] round 143: optimising δ for 131/266 samples (ε=0.300, λ_sim=1.00, steps=100).
10:44:01  INFO      attacks.chameleon_client — Chameleon client [97] round 143: poisoned 131/266 samples (target=0, loss=0.0294, acc=0.988).
10:44:17  INFO      defenses.deepsight — DeepSight: 0 / 10 flagged  |  TE [MAL:0.010, ben:0.020, ben:0.018, ben:0.012, MAL:0.016, ben:0.018, ben:0.021, ben:0.016, ben:0.018, ben:0.020]  DDif [MAL:0.363, ben:0.108, ben:0.216, ben:0.049, MAL:0.064, ben:0.118, ben:0.052, ben:0.111, ben:0.075, ben:0.093]  labels [-1, 0, -1, -1, -1, 0, -1, 0, -1, -1]
10:44:49  INFO      defenses.deepsight — DeepSight: 0 / 10 flagged  |  TE [ben:0.016, ben:0.018, ben:0.020, ben:0.014, ben:0.016, ben:0.016, ben:0.014, ben:0.012, ben:0.014, ben:0.016]  DDif [ben:0.129, ben:0.168, ben:0.087, ben:0.044, ben:0.149, ben:0.181, ben:0.144, ben:0.141, ben:0.128, ben:0.100]  labels [-1, -1, -1, -1, 0, -1, 0, 0, -1, -1]
10:44:54  INFO      attacks.chameleon_client — Chameleon client [97] round 145: optimising δ for 131/266 samples (ε=0.300, λ_sim=1.00, steps=100).
10:44:54  INFO      attacks.chameleon_client — Chameleon client [97] round 145: poisoned 131/266 samples (target=0, loss=0.0384, acc=0.988).
10:45:20  INFO      defenses.deepsight — DeepSight: 0 / 10 flagged  |  TE [ben:0.014, MAL:0.014, ben:0.014, ben:0.016, ben:0.016, ben:0.016, ben:0.012, ben:0.016, ben:0.018, ben:0.018]  DDif [ben:0.114, MAL:0.088, ben:0.066, ben:0.212, ben:0.142, ben:0.087, ben:0.077, ben:0.128, ben:0.102, ben:0.124]  labels [0, 0, 0, -1, 0, 0, 0, 0, 0, 0]
10:45:27  INFO      attacks.chameleon_client — Chameleon client [32] round 146: optimising δ for 133/267 samples (ε=0.300, λ_sim=1.00, steps=100).
10:45:27  INFO      attacks.chameleon_client — Chameleon client [32] round 146: poisoned 133/267 samples (target=0, loss=0.0432, acc=0.989).
10:45:51  INFO      defenses.deepsight — DeepSight: 0 / 10 flagged  |  TE [ben:0.018, ben:0.018, MAL:0.018, ben:0.018, ben:0.016, ben:0.016, ben:0.016, ben:0.016, ben:0.012, ben:0.014]  DDif [ben:0.109, ben:0.151, MAL:0.054, ben:0.129, ben:0.097, ben:0.122, ben:0.156, ben:0.168, ben:0.171, ben:0.292]  labels [0, 0, -1, 0, -1, -1, -1, -1, -1, -1]
10:46:24  INFO      defenses.deepsight — DeepSight: 0 / 10 flagged  |  TE [ben:0.016, ben:0.014, ben:0.016, ben:0.014, ben:0.016, ben:0.014, ben:0.016, ben:0.014, ben:0.016, ben:0.018]  DDif [ben:0.138, ben:0.191, ben:0.455, ben:0.081, ben:0.082, ben:0.152, ben:0.260, ben:0.156, ben:0.104, ben:0.124]  labels [0, -1, -1, 0, -1, -1, -1, 0, 0, -1]
10:46:28  WARNING   attacks.chameleon_client — Chameleon client [63] round 148: no target-class samples in local data — falling back to benign training.
10:46:38  WARNING   attacks.chameleon_client — Chameleon client [60] round 148: no target-class samples in local data — falling back to benign training.
10:46:55  INFO      attacks.chameleon_client — Chameleon client [97] round 148: optimising δ for 131/266 samples (ε=0.300, λ_sim=1.00, steps=100).
10:46:55  INFO      attacks.chameleon_client — Chameleon client [97] round 148: poisoned 131/266 samples (target=0, loss=0.0852, acc=0.974).
10:46:55  INFO      defenses.deepsight — DeepSight: 0 / 10 flagged  |  TE [ben:0.014, MAL:0.010, ben:0.020, ben:0.016, MAL:0.012, ben:0.016, ben:0.016, ben:0.016, ben:0.018, MAL:0.016]  DDif [ben:0.069, MAL:0.343, ben:0.096, ben:0.077, MAL:0.415, ben:0.094, ben:0.195, ben:0.096, ben:0.067, MAL:0.301]  labels [-1, -1, -1, 0, -1, -1, -1, -1, 0, -1]
10:47:10  INFO      attacks.chameleon_client — Chameleon client [57] round 149: optimising δ for 132/266 samples (ε=0.300, λ_sim=1.00, steps=100).
10:47:10  INFO      attacks.chameleon_client — Chameleon client [57] round 149: poisoned 132/266 samples (target=0, loss=0.0370, acc=0.986).
10:47:26  INFO      defenses.deepsight — DeepSight: 0 / 10 flagged  |  TE [ben:0.016, ben:0.014, ben:0.018, ben:0.018, MAL:0.018, ben:0.018, ben:0.018, ben:0.016, ben:0.018, ben:0.016]  DDif [ben:0.250, ben:0.204, ben:0.098, ben:0.150, MAL:0.080, ben:0.066, ben:0.209, ben:0.070, ben:0.156, ben:0.275]  labels [-1, -1, 0, -1, 0, -1, -1, 0, -1, -1]
10:47:33  INFO      attacks.chameleon_client — Chameleon client [17] round 150: optimising δ for 132/267 samples (ε=0.300, λ_sim=1.00, steps=100).
10:47:34  INFO      attacks.chameleon_client — Chameleon client [17] round 150: poisoned 132/267 samples (target=0, loss=0.0929, acc=0.977).
10:47:37  INFO      attacks.chameleon_client — Chameleon client [97] round 150: optimising δ for 131/266 samples (ε=0.300, λ_sim=1.00, steps=100).
10:47:38  INFO      attacks.chameleon_client — Chameleon client [97] round 150: poisoned 131/266 samples (target=0, loss=0.0470, acc=0.985).
10:47:48  WARNING   attacks.chameleon_client — Chameleon client [63] round 150: no target-class samples in local data — falling back to benign training.
10:47:54  INFO      defenses.deepsight — DeepSight: 0 / 10 flagged  |  TE [ben:0.016, ben:0.016, MAL:0.016, ben:0.014, MAL:0.014, ben:0.016, ben:0.014, ben:0.016, MAL:0.012, ben:0.016]  DDif [ben:0.125, ben:0.114, MAL:0.119, ben:0.133, MAL:0.062, ben:0.089, ben:0.692, ben:0.247, MAL:0.396, ben:0.061]  labels [-1, 0, -1, -1, -1, -1, -1, -1, -1, 0]
10:48:00  INFO      experiment.runner — Round  151/200  |  acc:  92.48%  loss: 0.3108  |  ASR:  41.80%  asr_loss: nan  |  TPR: 0.0%  FPR: 0.0%  |  mF1: 89.6%
10:48:04  INFO      attacks.chameleon_client — Chameleon client [15] round 151: optimising δ for 133/267 samples (ε=0.300, λ_sim=1.00, steps=100).
10:48:04  INFO      attacks.chameleon_client — Chameleon client [15] round 151: poisoned 133/267 samples (target=0, loss=0.0564, acc=0.976).
10:48:10  INFO      attacks.chameleon_client — Chameleon client [17] round 151: optimising δ for 132/267 samples (ε=0.300, λ_sim=1.00, steps=100).
10:48:10  INFO      attacks.chameleon_client — Chameleon client [17] round 151: poisoned 132/267 samples (target=0, loss=0.1086, acc=0.981).
10:48:15  INFO      attacks.chameleon_client — Chameleon client [32] round 151: optimising δ for 133/267 samples (ε=0.300, λ_sim=1.00, steps=100).
10:48:15  INFO      attacks.chameleon_client — Chameleon client [32] round 151: poisoned 133/267 samples (target=0, loss=0.0361, acc=0.981).
10:48:28  INFO      defenses.deepsight — DeepSight: 0 / 10 flagged  |  TE [ben:0.014, MAL:0.014, ben:0.018, MAL:0.014, ben:0.016, MAL:0.012, ben:0.014, ben:0.012, ben:0.016, ben:0.018]  DDif [ben:0.183, MAL:0.133, ben:0.093, MAL:0.138, ben:0.099, MAL:0.080, ben:0.154, ben:0.057, ben:0.185, ben:0.057]  labels [0, -1, 0, 0, 0, 0, 0, 0, 0, 0]
10:48:35  INFO      attacks.chameleon_client — Chameleon client [72] round 152: optimising δ for 131/266 samples (ε=0.300, λ_sim=1.00, steps=100).
10:48:36  INFO      attacks.chameleon_client — Chameleon client [72] round 152: poisoned 131/266 samples (target=0, loss=0.0519, acc=0.982).
10:48:59  INFO      defenses.deepsight — DeepSight: 0 / 10 flagged  |  TE [ben:0.012, ben:0.016, MAL:0.018, ben:0.014, ben:0.016, ben:0.018, ben:0.014, ben:0.018, ben:0.016, ben:0.016]  DDif [ben:0.090, ben:0.174, MAL:0.125, ben:0.150, ben:0.097, ben:0.070, ben:0.151, ben:0.082, ben:0.056, ben:0.043]  labels [-1, -1, -1, 0, -1, -1, 0, -1, -1, -1]
10:49:31  INFO      defenses.deepsight — DeepSight: 0 / 10 flagged  |  TE [ben:0.016, ben:0.016, ben:0.016, ben:0.018, ben:0.016, ben:0.016, ben:0.014, ben:0.016, ben:0.014, ben:0.016]  DDif [ben:0.220, ben:0.067, ben:0.112, ben:0.083, ben:0.054, ben:0.466, ben:0.096, ben:0.122, ben:0.090, ben:0.179]  labels [-1, 0, 0, 0, 0, -1, 0, -1, 0, -1]
10:50:04  INFO      defenses.deepsight — DeepSight: 0 / 10 flagged  |  TE [ben:0.016, ben:0.016, ben:0.016, ben:0.012, ben:0.018, ben:0.014, ben:0.012, ben:0.020, ben:0.018, ben:0.016]  DDif [ben:0.148, ben:0.060, ben:0.120, ben:0.164, ben:0.080, ben:0.092, ben:0.304, ben:0.094, ben:0.119, ben:0.113]  labels [-1, -1, 0, -1, -1, 0, -1, -1, -1, -1]
10:50:08  INFO      attacks.chameleon_client — Chameleon client [15] round 155: optimising δ for 133/267 samples (ε=0.300, λ_sim=1.00, steps=100).
10:50:08  INFO      attacks.chameleon_client — Chameleon client [15] round 155: poisoned 133/267 samples (target=0, loss=0.0528, acc=0.981).
10:50:15  INFO      attacks.chameleon_client — Chameleon client [17] round 155: optimising δ for 132/267 samples (ε=0.300, λ_sim=1.00, steps=100).
10:50:15  INFO      attacks.chameleon_client — Chameleon client [17] round 155: poisoned 132/267 samples (target=0, loss=0.0535, acc=0.985).
10:50:19  INFO      attacks.chameleon_client — Chameleon client [32] round 155: optimising δ for 133/267 samples (ε=0.300, λ_sim=1.00, steps=100).
10:50:19  INFO      attacks.chameleon_client — Chameleon client [32] round 155: poisoned 133/267 samples (target=0, loss=0.0659, acc=0.985).
10:50:29  INFO      defenses.deepsight — DeepSight: 0 / 10 flagged  |  TE [ben:0.014, MAL:0.016, ben:0.016, ben:0.016, MAL:0.018, ben:0.016, MAL:0.018, ben:0.014, ben:0.016, ben:0.018]  DDif [ben:0.060, MAL:0.095, ben:0.086, ben:0.072, MAL:0.130, ben:0.068, MAL:0.209, ben:0.153, ben:0.167, ben:0.120]  labels [-1, -1, 0, 0, -1, -1, -1, -1, -1, -1]
10:51:03  INFO      defenses.deepsight — DeepSight: 0 / 10 flagged  |  TE [ben:0.016, ben:0.016, ben:0.016, ben:0.016, ben:0.014, ben:0.012, ben:0.014, ben:0.014, ben:0.016, ben:0.016]  DDif [ben:0.178, ben:0.167, ben:0.049, ben:0.065, ben:0.140, ben:0.098, ben:0.052, ben:0.072, ben:0.082, ben:0.126]  labels [-1, 0, 0, 0, 0, 0, 0, 0, 0, 0]
10:51:22  INFO      attacks.chameleon_client — Chameleon client [17] round 157: optimising δ for 132/267 samples (ε=0.300, λ_sim=1.00, steps=100).
10:51:23  INFO      attacks.chameleon_client — Chameleon client [17] round 157: poisoned 132/267 samples (target=0, loss=0.0751, acc=0.984).
10:51:32  INFO      defenses.deepsight — DeepSight: 0 / 10 flagged  |  TE [ben:0.016, ben:0.016, ben:0.014, ben:0.021, ben:0.016, ben:0.016, MAL:0.016, ben:0.014, ben:0.014, ben:0.016]  DDif [ben:0.073, ben:0.040, ben:0.070, ben:0.072, ben:0.096, ben:0.057, MAL:0.118, ben:0.165, ben:0.143, ben:0.117]  labels [0, 0, 0, 0, 0, 0, 0, -1, -1, 0]
10:52:06  INFO      defenses.deepsight — DeepSight: 0 / 10 flagged  |  TE [ben:0.016, ben:0.018, ben:0.018, ben:0.018, ben:0.016, ben:0.020, ben:0.016, ben:0.018, ben:0.014, ben:0.014]  DDif [ben:0.168, ben:0.142, ben:0.069, ben:0.148, ben:0.145, ben:0.131, ben:0.040, ben:0.123, ben:0.086, ben:0.209]  labels [-1, -1, -1, 0, -1, -1, -1, 0, -1, -1]
10:52:39  INFO      defenses.deepsight — DeepSight: 0 / 10 flagged  |  TE [ben:0.020, ben:0.014, ben:0.018, ben:0.016, ben:0.016, ben:0.014, ben:0.014, ben:0.016, ben:0.018, ben:0.016]  DDif [ben:0.037, ben:0.144, ben:0.131, ben:0.124, ben:0.056, ben:0.088, ben:0.069, ben:0.070, ben:0.110, ben:0.089]  labels [-1, -1, -1, -1, -1, -1, 0, -1, -1, 0]
10:52:52  WARNING   attacks.chameleon_client — Chameleon client [60] round 160: no target-class samples in local data — falling back to benign training.
10:52:56  INFO      attacks.chameleon_client — Chameleon client [72] round 160: optimising δ for 131/266 samples (ε=0.300, λ_sim=1.00, steps=100).
10:52:56  INFO      attacks.chameleon_client — Chameleon client [72] round 160: poisoned 131/266 samples (target=0, loss=0.0240, acc=0.996).
10:53:12  INFO      defenses.deepsight — DeepSight: 0 / 10 flagged  |  TE [ben:0.014, ben:0.016, ben:0.018, ben:0.014, MAL:0.010, MAL:0.014, ben:0.016, ben:0.020, ben:0.016, ben:0.020]  DDif [ben:0.094, ben:0.268, ben:0.127, ben:0.059, MAL:0.194, MAL:0.063, ben:0.383, ben:0.125, ben:0.089, ben:0.052]  labels [0, -1, -1, -1, -1, -1, -1, 0, -1, -1]
10:53:23  INFO      experiment.runner — Round  161/200  |  acc:  92.76%  loss: 0.3020  |  ASR:  45.20%  asr_loss: nan  |  TPR: 0.0%  FPR: 0.0%  |  mF1: 90.0%
10:53:37  INFO      attacks.chameleon_client — Chameleon client [17] round 161: optimising δ for 132/267 samples (ε=0.300, λ_sim=1.00, steps=100).
10:53:37  INFO      attacks.chameleon_client — Chameleon client [17] round 161: poisoned 132/267 samples (target=0, loss=0.0351, acc=0.984).
10:53:53  INFO      defenses.deepsight — DeepSight: 0 / 10 flagged  |  TE [ben:0.014, ben:0.020, ben:0.016, ben:0.016, MAL:0.016, ben:0.018, ben:0.016, ben:0.018, ben:0.018, ben:0.020]  DDif [ben:0.061, ben:0.099, ben:0.101, ben:0.117, MAL:0.281, ben:0.054, ben:0.176, ben:0.098, ben:0.156, ben:0.073]  labels [0, 0, 0, -1, -1, -1, -1, 0, -1, 0]
10:54:12  INFO      attacks.chameleon_client — Chameleon client [32] round 162: optimising δ for 133/267 samples (ε=0.300, λ_sim=1.00, steps=100).
10:54:12  INFO      attacks.chameleon_client — Chameleon client [32] round 162: poisoned 133/267 samples (target=0, loss=0.0286, acc=0.991).
10:54:25  INFO      defenses.deepsight — DeepSight: 0 / 10 flagged  |  TE [ben:0.014, ben:0.016, ben:0.016, ben:0.014, ben:0.014, ben:0.018, MAL:0.014, ben:0.016, ben:0.018, ben:0.020]  DDif [ben:0.084, ben:0.052, ben:0.084, ben:0.190, ben:0.079, ben:0.203, MAL:0.042, ben:0.103, ben:0.100, ben:0.152]  labels [0, 0, 0, 0, 0, 0, 0, 0, 0, 0]
10:54:30  WARNING   attacks.chameleon_client — Chameleon client [60] round 163: no target-class samples in local data — falling back to benign training.
10:54:54  INFO      attacks.chameleon_client — Chameleon client [8] round 163: optimising δ for 133/267 samples (ε=0.300, λ_sim=1.00, steps=100).
10:54:55  INFO      attacks.chameleon_client — Chameleon client [8] round 163: poisoned 133/267 samples (target=0, loss=0.0303, acc=0.992).
10:54:55  INFO      attacks.chameleon_client — Chameleon client [83] round 163: optimising δ for 132/266 samples (ε=0.300, λ_sim=1.00, steps=100).
10:54:56  INFO      attacks.chameleon_client — Chameleon client [83] round 163: poisoned 132/266 samples (target=0, loss=0.0884, acc=0.974).
10:54:56  INFO      defenses.deepsight — DeepSight: 0 / 10 flagged  |  TE [ben:0.016, MAL:0.014, ben:0.018, ben:0.016, ben:0.018, ben:0.014, ben:0.014, ben:0.016, MAL:0.016, MAL:0.016]  DDif [ben:0.074, MAL:0.248, ben:0.095, ben:0.048, ben:0.154, ben:0.053, ben:0.160, ben:0.116, MAL:0.097, MAL:0.227]  labels [0, -1, 0, -1, -1, -1, -1, -1, -1, -1]
10:55:28  INFO      defenses.deepsight — DeepSight: 0 / 10 flagged  |  TE [ben:0.020, ben:0.016, ben:0.020, ben:0.018, ben:0.018, ben:0.016, ben:0.014, ben:0.020, ben:0.016, ben:0.018]  DDif [ben:0.090, ben:0.116, ben:0.095, ben:0.071, ben:0.121, ben:0.198, ben:0.126, ben:0.065, ben:0.089, ben:0.159]  labels [-1, -1, 0, 0, -1, -1, 0, 0, -1, -1]
10:55:28  INFO      attacks.chameleon_client — Chameleon client [57] round 165: optimising δ for 132/266 samples (ε=0.300, λ_sim=1.00, steps=100).
10:55:29  INFO      attacks.chameleon_client — Chameleon client [57] round 165: poisoned 132/266 samples (target=0, loss=0.0817, acc=0.981).
10:55:58  INFO      defenses.deepsight — DeepSight: 0 / 10 flagged  |  TE [MAL:0.020, ben:0.018, ben:0.016, ben:0.016, ben:0.016, ben:0.016, ben:0.014, ben:0.018, ben:0.020, ben:0.014]  DDif [MAL:0.124, ben:0.438, ben:0.077, ben:0.101, ben:0.071, ben:0.082, ben:0.072, ben:0.161, ben:0.083, ben:0.088]  labels [-1, -1, -1, -1, 0, -1, 0, -1, -1, -1]
10:56:29  INFO      attacks.chameleon_client — Chameleon client [15] round 166: optimising δ for 133/267 samples (ε=0.300, λ_sim=1.00, steps=100).
10:56:29  INFO      attacks.chameleon_client — Chameleon client [15] round 166: poisoned 133/267 samples (target=0, loss=0.0525, acc=0.987).
10:56:29  INFO      defenses.deepsight — DeepSight: 0 / 10 flagged  |  TE [ben:0.016, ben:0.016, ben:0.018, ben:0.016, ben:0.018, ben:0.020, ben:0.018, ben:0.016, ben:0.018, MAL:0.018]  DDif [ben:0.215, ben:0.132, ben:0.375, ben:0.181, ben:0.179, ben:0.060, ben:0.050, ben:0.129, ben:0.100, MAL:0.211]  labels [-1, 0, -1, -1, -1, -1, -1, -1, -1, 0]
10:57:04  INFO      defenses.deepsight — DeepSight: 0 / 10 flagged  |  TE [ben:0.018, ben:0.018, ben:0.014, ben:0.014, ben:0.018, ben:0.018, ben:0.018, ben:0.016, ben:0.018, ben:0.016]  DDif [ben:0.109, ben:0.041, ben:0.116, ben:0.125, ben:0.267, ben:0.041, ben:0.081, ben:0.217, ben:0.186, ben:0.047]  labels [0, 0, -1, -1, -1, -1, 0, -1, -1, 0]
10:57:37  INFO      defenses.deepsight — DeepSight: 0 / 10 flagged  |  TE [ben:0.020, ben:0.018, ben:0.020, ben:0.020, ben:0.018, ben:0.014, ben:0.016, ben:0.018, ben:0.018, ben:0.016]  DDif [ben:0.330, ben:0.169, ben:0.073, ben:0.061, ben:0.155, ben:0.048, ben:0.047, ben:0.119, ben:0.106, ben:0.081]  labels [-1, 0, -1, -1, 0, 0, -1, 0, 0, 0]
10:58:11  INFO      defenses.deepsight — DeepSight: 0 / 10 flagged  |  TE [ben:0.016, ben:0.018, ben:0.018, ben:0.016, ben:0.016, ben:0.016, ben:0.021, ben:0.021, ben:0.016, ben:0.020]  DDif [ben:0.077, ben:0.158, ben:0.122, ben:0.185, ben:0.090, ben:0.098, ben:0.095, ben:0.066, ben:0.052, ben:0.066]  labels [-1, -1, -1, -1, 0, 0, 0, 0, -1, -1]
10:58:18  WARNING   attacks.chameleon_client — Chameleon client [60] round 170: no target-class samples in local data — falling back to benign training.
10:58:44  INFO      defenses.deepsight — DeepSight: 0 / 10 flagged  |  TE [ben:0.018, ben:0.016, MAL:0.012, ben:0.018, ben:0.014, ben:0.020, ben:0.016, ben:0.014, ben:0.020, ben:0.016]  DDif [ben:0.101, ben:0.080, MAL:0.215, ben:0.124, ben:0.119, ben:0.157, ben:0.204, ben:0.311, ben:0.071, ben:0.053]  labels [0, -1, -1, -1, -1, -1, -1, -1, 0, 0]
10:58:50  INFO      experiment.runner — Round  171/200  |  acc:  92.52%  loss: 0.3225  |  ASR:  50.80%  asr_loss: nan  |  TPR: 0.0%  FPR: 0.0%  |  mF1: 89.5%
10:58:56  INFO      attacks.chameleon_client — Chameleon client [17] round 171: optimising δ for 132/267 samples (ε=0.300, λ_sim=1.00, steps=100).
10:58:57  INFO      attacks.chameleon_client — Chameleon client [17] round 171: poisoned 132/267 samples (target=0, loss=0.1262, acc=0.971).
10:59:04  INFO      attacks.chameleon_client — Chameleon client [97] round 171: optimising δ for 131/266 samples (ε=0.300, λ_sim=1.00, steps=100).
10:59:04  INFO      attacks.chameleon_client — Chameleon client [97] round 171: poisoned 131/266 samples (target=0, loss=0.0769, acc=0.975).
10:59:15  INFO      attacks.chameleon_client — Chameleon client [72] round 171: optimising δ for 131/266 samples (ε=0.300, λ_sim=1.00, steps=100).
10:59:16  INFO      attacks.chameleon_client — Chameleon client [72] round 171: poisoned 131/266 samples (target=0, loss=0.0220, acc=0.992).
10:59:16  INFO      defenses.deepsight — DeepSight: 0 / 10 flagged  |  TE [ben:0.016, ben:0.021, MAL:0.016, ben:0.018, ben:0.012, MAL:0.018, ben:0.016, ben:0.016, ben:0.018, MAL:0.016]  DDif [ben:0.057, ben:0.122, MAL:0.166, ben:0.089, ben:0.245, MAL:0.294, ben:0.267, ben:0.232, ben:0.105, MAL:0.073]  labels [0, 0, 0, 0, 0, 0, 0, -1, 0, 0]
10:59:17  INFO      attacks.chameleon_client — Chameleon client [83] round 172: optimising δ for 132/266 samples (ε=0.300, λ_sim=1.00, steps=100).
10:59:17  INFO      attacks.chameleon_client — Chameleon client [83] round 172: poisoned 132/266 samples (target=0, loss=0.0718, acc=0.979).
10:59:21  WARNING   attacks.chameleon_client — Chameleon client [60] round 172: no target-class samples in local data — falling back to benign training.
10:59:45  INFO      defenses.deepsight — DeepSight: 0 / 10 flagged  |  TE [MAL:0.018, ben:0.014, MAL:0.012, ben:0.018, ben:0.012, ben:0.018, ben:0.018, ben:0.016, ben:0.021, ben:0.016]  DDif [MAL:0.112, ben:0.135, MAL:0.241, ben:0.094, ben:0.081, ben:0.183, ben:0.112, ben:0.046, ben:0.108, ben:0.180]  labels [-1, 0, -1, 0, 0, -1, 0, 0, 0, -1]
11:00:15  INFO      attacks.chameleon_client — Chameleon client [32] round 173: optimising δ for 133/267 samples (ε=0.300, λ_sim=1.00, steps=100).
11:00:15  INFO      attacks.chameleon_client — Chameleon client [32] round 173: poisoned 133/267 samples (target=0, loss=0.0360, acc=0.990).
11:00:19  INFO      defenses.deepsight — DeepSight: 0 / 10 flagged  |  TE [ben:0.020, ben:0.016, ben:0.014, ben:0.018, ben:0.018, ben:0.021, ben:0.016, ben:0.016, MAL:0.016, ben:0.018]  DDif [ben:0.226, ben:0.136, ben:0.114, ben:0.109, ben:0.103, ben:0.055, ben:0.131, ben:0.178, MAL:0.130, ben:0.068]  labels [-1, 0, 0, 0, 0, -1, 0, -1, -1, -1]
11:00:50  INFO      defenses.deepsight — DeepSight: 0 / 10 flagged  |  TE [ben:0.016, ben:0.018, ben:0.014, ben:0.016, ben:0.020, ben:0.018, ben:0.014, ben:0.016, ben:0.016, ben:0.018]  DDif [ben:0.077, ben:0.134, ben:0.136, ben:0.064, ben:0.070, ben:0.055, ben:0.040, ben:0.124, ben:0.186, ben:0.195]  labels [0, 0, 0, 0, 0, 0, 0, 0, 0, 0]
11:01:24  INFO      defenses.deepsight — DeepSight: 0 / 10 flagged  |  TE [ben:0.018, ben:0.014, ben:0.016, ben:0.016, ben:0.020, ben:0.018, ben:0.014, ben:0.018, ben:0.020, ben:0.016]  DDif [ben:0.115, ben:0.137, ben:0.057, ben:0.183, ben:0.074, ben:0.031, ben:0.223, ben:0.092, ben:0.105, ben:0.170]  labels [0, -1, -1, 0, -1, -1, -1, -1, -1, -1]
11:01:56  INFO      defenses.deepsight — DeepSight: 0 / 10 flagged  |  TE [ben:0.020, ben:0.014, ben:0.016, ben:0.018, ben:0.016, ben:0.020, ben:0.018, ben:0.018, ben:0.014, ben:0.018]  DDif [ben:0.042, ben:0.167, ben:0.059, ben:0.224, ben:0.111, ben:0.078, ben:0.045, ben:0.041, ben:0.075, ben:0.178]  labels [0, -1, -1, -1, -1, -1, -1, 0, -1, -1]
11:01:57  INFO      attacks.chameleon_client — Chameleon client [15] round 177: optimising δ for 133/267 samples (ε=0.300, λ_sim=1.00, steps=100).
11:01:58  INFO      attacks.chameleon_client — Chameleon client [15] round 177: poisoned 133/267 samples (target=0, loss=0.0472, acc=0.984).
11:02:26  INFO      defenses.deepsight — DeepSight: 0 / 10 flagged  |  TE [MAL:0.016, ben:0.014, ben:0.018, ben:0.014, ben:0.016, ben:0.020, ben:0.018, ben:0.018, ben:0.020, ben:0.018]  DDif [MAL:0.089, ben:0.162, ben:0.112, ben:0.070, ben:0.099, ben:0.124, ben:0.049, ben:0.086, ben:0.261, ben:0.082]  labels [-1, -1, -1, -1, -1, -1, -1, 0, -1, 0]
11:02:52  WARNING   attacks.chameleon_client — Chameleon client [60] round 178: no target-class samples in local data — falling back to benign training.
11:02:59  INFO      defenses.deepsight — DeepSight: 0 / 10 flagged  |  TE [ben:0.018, ben:0.014, ben:0.020, ben:0.016, ben:0.014, ben:0.018, ben:0.018, ben:0.012, MAL:0.012, ben:0.016]  DDif [ben:0.113, ben:0.105, ben:0.122, ben:0.144, ben:0.043, ben:0.071, ben:0.107, ben:0.389, MAL:0.216, ben:0.091]  labels [-1, -1, -1, -1, 0, 0, -1, -1, -1, -1]
11:03:00  WARNING   attacks.chameleon_client — Chameleon client [63] round 179: no target-class samples in local data — falling back to benign training.
11:03:05  INFO      attacks.chameleon_client — Chameleon client [83] round 179: optimising δ for 132/266 samples (ε=0.300, λ_sim=1.00, steps=100).
11:03:06  INFO      attacks.chameleon_client — Chameleon client [83] round 179: poisoned 132/266 samples (target=0, loss=0.0359, acc=0.989).
11:03:31  INFO      defenses.deepsight — DeepSight: 0 / 10 flagged  |  TE [MAL:0.010, MAL:0.016, ben:0.014, ben:0.014, ben:0.018, ben:0.018, ben:0.018, ben:0.018, ben:0.021, ben:0.018]  DDif [MAL:0.356, MAL:0.116, ben:0.137, ben:0.085, ben:0.130, ben:0.060, ben:0.063, ben:0.180, ben:0.166, ben:0.099]  labels [-1, 0, -1, -1, 0, -1, -1, -1, -1, 0]
11:03:32  INFO      attacks.chameleon_client — Chameleon client [15] round 180: optimising δ for 133/267 samples (ε=0.300, λ_sim=1.00, steps=100).
11:03:32  INFO      attacks.chameleon_client — Chameleon client [15] round 180: poisoned 133/267 samples (target=0, loss=0.0453, acc=0.981).
11:04:01  INFO      defenses.deepsight — DeepSight: 0 / 10 flagged  |  TE [MAL:0.014, ben:0.014, ben:0.014, ben:0.016, ben:0.016, ben:0.016, ben:0.020, ben:0.018, ben:0.016, ben:0.012]  DDif [MAL:0.117, ben:0.161, ben:0.247, ben:0.060, ben:0.136, ben:0.167, ben:0.115, ben:0.288, ben:0.127, ben:0.227]  labels [-1, -1, -1, -1, -1, -1, 0, -1, 0, -1]
11:04:09  INFO      experiment.runner — Round  181/200  |  acc:  92.93%  loss: 0.2972  |  ASR:  54.20%  asr_loss: nan  |  TPR: 0.0%  FPR: 0.0%  |  mF1: 90.0%
11:04:14  INFO      attacks.chameleon_client — Chameleon client [83] round 181: optimising δ for 132/266 samples (ε=0.300, λ_sim=1.00, steps=100).
11:04:15  INFO      attacks.chameleon_client — Chameleon client [83] round 181: poisoned 132/266 samples (target=0, loss=0.0405, acc=0.988).
11:04:40  INFO      defenses.deepsight — DeepSight: 0 / 10 flagged  |  TE [ben:0.014, MAL:0.014, ben:0.016, ben:0.018, ben:0.016, ben:0.018, ben:0.016, ben:0.016, ben:0.016, ben:0.016]  DDif [ben:0.117, MAL:0.087, ben:0.053, ben:0.110, ben:0.145, ben:0.085, ben:0.163, ben:0.116, ben:0.149, ben:0.060]  labels [-1, -1, -1, -1, -1, -1, -1, 0, 0, -1]
11:04:50  INFO      attacks.chameleon_client — Chameleon client [32] round 182: optimising δ for 133/267 samples (ε=0.300, λ_sim=1.00, steps=100).
11:04:50  INFO      attacks.chameleon_client — Chameleon client [32] round 182: poisoned 133/267 samples (target=0, loss=0.0351, acc=0.987).
11:05:10  INFO      defenses.deepsight — DeepSight: 0 / 10 flagged  |  TE [ben:0.018, ben:0.020, ben:0.018, MAL:0.016, ben:0.018, ben:0.020, ben:0.014, ben:0.016, ben:0.018, ben:0.020]  DDif [ben:0.063, ben:0.168, ben:0.043, MAL:0.140, ben:0.133, ben:0.136, ben:0.238, ben:0.312, ben:0.072, ben:0.332]  labels [-1, -1, -1, 0, 0, 0, -1, -1, -1, -1]
11:05:43  INFO      defenses.deepsight — DeepSight: 0 / 10 flagged  |  TE [ben:0.018, ben:0.018, ben:0.014, ben:0.012, ben:0.020, ben:0.016, ben:0.016, ben:0.016, ben:0.018, ben:0.014]  DDif [ben:0.089, ben:0.049, ben:0.096, ben:0.045, ben:0.030, ben:0.060, ben:0.101, ben:0.118, ben:0.064, ben:0.144]  labels [0, 0, 0, 0, -1, 0, 0, 0, 0, -1]
11:06:16  INFO      defenses.deepsight — DeepSight: 0 / 10 flagged  |  TE [ben:0.014, ben:0.016, ben:0.018, ben:0.016, ben:0.016, ben:0.020, ben:0.016, ben:0.018, ben:0.016, ben:0.016]  DDif [ben:0.199, ben:0.074, ben:0.035, ben:0.246, ben:0.236, ben:0.115, ben:0.050, ben:0.071, ben:0.085, ben:0.060]  labels [-1, -1, 0, -1, -1, -1, 0, -1, -1, 0]
11:06:50  INFO      defenses.deepsight — DeepSight: 0 / 10 flagged  |  TE [ben:0.014, ben:0.012, ben:0.020, ben:0.014, ben:0.020, ben:0.016, ben:0.018, ben:0.018, ben:0.014, ben:0.016]  DDif [ben:0.055, ben:0.067, ben:0.081, ben:0.202, ben:0.060, ben:0.080, ben:0.064, ben:0.121, ben:0.174, ben:0.063]  labels [0, 0, -1, -1, 0, -1, -1, -1, -1, -1]
11:07:03  INFO      attacks.chameleon_client — Chameleon client [83] round 186: optimising δ for 132/266 samples (ε=0.300, λ_sim=1.00, steps=100).
11:07:03  INFO      attacks.chameleon_client — Chameleon client [83] round 186: poisoned 132/266 samples (target=0, loss=0.1173, acc=0.974).
11:07:19  INFO      defenses.deepsight — DeepSight: 0 / 10 flagged  |  TE [ben:0.016, ben:0.018, ben:0.018, ben:0.016, MAL:0.018, ben:0.016, ben:0.014, ben:0.016, ben:0.018, ben:0.016]  DDif [ben:0.123, ben:0.067, ben:0.062, ben:0.033, MAL:0.198, ben:0.039, ben:0.055, ben:0.117, ben:0.052, ben:0.043]  labels [-1, -1, -1, -1, -1, 0, -1, -1, -1, 0]
11:07:23  INFO      attacks.chameleon_client — Chameleon client [15] round 187: optimising δ for 133/267 samples (ε=0.300, λ_sim=1.00, steps=100).
11:07:23  INFO      attacks.chameleon_client — Chameleon client [15] round 187: poisoned 133/267 samples (target=0, loss=0.0692, acc=0.979).
11:07:24  INFO      attacks.chameleon_client — Chameleon client [72] round 187: optimising δ for 131/266 samples (ε=0.300, λ_sim=1.00, steps=100).
11:07:24  INFO      attacks.chameleon_client — Chameleon client [72] round 187: poisoned 131/266 samples (target=0, loss=0.0454, acc=0.984).
11:07:53  INFO      defenses.deepsight — DeepSight: 0 / 10 flagged  |  TE [ben:0.016, MAL:0.016, MAL:0.016, ben:0.018, ben:0.018, ben:0.014, ben:0.018, ben:0.016, ben:0.014, ben:0.020]  DDif [ben:0.137, MAL:0.148, MAL:0.229, ben:0.145, ben:0.044, ben:0.133, ben:0.177, ben:0.088, ben:0.194, ben:0.274]  labels [-1, 0, -1, 0, -1, -1, -1, -1, -1, -1]
11:08:25  INFO      defenses.deepsight — DeepSight: 0 / 10 flagged  |  TE [ben:0.016, ben:0.020, ben:0.020, ben:0.020, ben:0.021, ben:0.020, ben:0.021, ben:0.018, ben:0.016, ben:0.018]  DDif [ben:0.120, ben:0.152, ben:0.132, ben:0.072, ben:0.114, ben:0.059, ben:0.207, ben:0.078, ben:0.123, ben:0.179]  labels [0, 0, 0, 0, 0, 0, -1, 0, 0, 0]
11:08:35  INFO      attacks.chameleon_client — Chameleon client [17] round 189: optimising δ for 132/267 samples (ε=0.300, λ_sim=1.00, steps=100).
11:08:35  INFO      attacks.chameleon_client — Chameleon client [17] round 189: poisoned 132/267 samples (target=0, loss=0.0409, acc=0.983).
11:08:58  INFO      defenses.deepsight — DeepSight: 0 / 10 flagged  |  TE [ben:0.018, ben:0.020, ben:0.020, MAL:0.020, ben:0.018, ben:0.020, ben:0.016, ben:0.016, ben:0.014, ben:0.018]  DDif [ben:0.194, ben:0.065, ben:0.197, MAL:0.140, ben:0.104, ben:0.077, ben:0.103, ben:0.191, ben:0.072, ben:0.065]  labels [0, 0, 0, 0, 0, 0, 0, 0, 0, 0]
11:09:00  INFO      attacks.chameleon_client — Chameleon client [57] round 190: optimising δ for 132/266 samples (ε=0.300, λ_sim=1.00, steps=100).
11:09:00  INFO      attacks.chameleon_client — Chameleon client [57] round 190: poisoned 132/266 samples (target=0, loss=0.0244, acc=0.989).
11:09:27  WARNING   attacks.chameleon_client — Chameleon client [63] round 190: no target-class samples in local data — falling back to benign training.
11:09:30  INFO      defenses.deepsight — DeepSight: 0 / 10 flagged  |  TE [MAL:0.018, ben:0.016, ben:0.016, ben:0.020, ben:0.018, ben:0.018, ben:0.018, ben:0.016, ben:0.016, MAL:0.012]  DDif [MAL:0.044, ben:0.109, ben:0.044, ben:0.056, ben:0.054, ben:0.059, ben:0.071, ben:0.068, ben:0.077, MAL:0.342]  labels [-1, -1, -1, -1, -1, 0, -1, 0, -1, -1]
11:09:36  INFO      experiment.runner — Round  191/200  |  acc:  93.06%  loss: 0.2887  |  ASR:  60.40%  asr_loss: nan  |  TPR: 0.0%  FPR: 0.0%  |  mF1: 90.0%
11:09:49  INFO      attacks.chameleon_client — Chameleon client [72] round 191: optimising δ for 131/266 samples (ε=0.300, λ_sim=1.00, steps=100).
11:09:50  INFO      attacks.chameleon_client — Chameleon client [72] round 191: poisoned 131/266 samples (target=0, loss=0.0533, acc=0.986).
11:10:08  INFO      defenses.deepsight — DeepSight: 0 / 10 flagged  |  TE [ben:0.018, ben:0.018, ben:0.020, ben:0.016, MAL:0.018, ben:0.016, ben:0.018, ben:0.020, ben:0.018, ben:0.014]  DDif [ben:0.071, ben:0.165, ben:0.065, ben:0.129, MAL:0.302, ben:0.120, ben:0.029, ben:0.094, ben:0.172, ben:0.101]  labels [-1, -1, -1, -1, -1, -1, 0, 0, -1, -1]
11:10:26  INFO      attacks.chameleon_client — Chameleon client [32] round 192: optimising δ for 133/267 samples (ε=0.300, λ_sim=1.00, steps=100).
11:10:27  INFO      attacks.chameleon_client — Chameleon client [32] round 192: poisoned 133/267 samples (target=0, loss=0.0146, acc=0.995).
11:10:36  INFO      attacks.chameleon_client — Chameleon client [72] round 192: optimising δ for 131/266 samples (ε=0.300, λ_sim=1.00, steps=100).
11:10:37  INFO      attacks.chameleon_client — Chameleon client [72] round 192: poisoned 131/266 samples (target=0, loss=0.0308, acc=0.990).
11:10:37  INFO      defenses.deepsight — DeepSight: 0 / 10 flagged  |  TE [ben:0.014, ben:0.016, ben:0.014, ben:0.016, ben:0.020, MAL:0.016, ben:0.018, ben:0.014, ben:0.016, MAL:0.020]  DDif [ben:0.060, ben:0.047, ben:0.041, ben:0.080, ben:0.192, MAL:0.038, ben:0.165, ben:0.027, ben:0.032, MAL:0.168]  labels [0, 0, 0, 0, 0, 0, 0, 0, 0, 0]
11:10:50  INFO      attacks.chameleon_client — Chameleon client [32] round 193: optimising δ for 133/267 samples (ε=0.300, λ_sim=1.00, steps=100).
11:10:50  INFO      attacks.chameleon_client — Chameleon client [32] round 193: poisoned 133/267 samples (target=0, loss=0.0217, acc=0.995).
11:11:07  INFO      defenses.deepsight — DeepSight: 0 / 10 flagged  |  TE [ben:0.018, ben:0.016, ben:0.018, ben:0.016, MAL:0.018, ben:0.014, ben:0.016, ben:0.016, ben:0.016, ben:0.018]  DDif [ben:0.079, ben:0.212, ben:0.397, ben:0.097, MAL:0.146, ben:0.078, ben:0.076, ben:0.083, ben:0.045, ben:0.109]  labels [-1, -1, -1, -1, -1, -1, -1, 0, 0, 0]
11:11:32  INFO      attacks.chameleon_client — Chameleon client [17] round 194: optimising δ for 132/267 samples (ε=0.300, λ_sim=1.00, steps=100).
11:11:33  INFO      attacks.chameleon_client — Chameleon client [17] round 194: poisoned 132/267 samples (target=0, loss=0.0881, acc=0.975).
11:11:40  INFO      defenses.deepsight — DeepSight: 0 / 10 flagged  |  TE [ben:0.016, ben:0.018, ben:0.014, ben:0.018, ben:0.016, ben:0.016, ben:0.016, MAL:0.014, ben:0.020, ben:0.016]  DDif [ben:0.084, ben:0.080, ben:0.142, ben:0.050, ben:0.076, ben:0.100, ben:0.130, MAL:0.105, ben:0.049, ben:0.086]  labels [-1, -1, -1, -1, 0, -1, -1, -1, -1, 0]
11:12:12  INFO      defenses.deepsight — DeepSight: 0 / 10 flagged  |  TE [ben:0.018, ben:0.018, ben:0.016, ben:0.020, ben:0.018, ben:0.016, ben:0.020, ben:0.020, ben:0.014, ben:0.021]  DDif [ben:0.055, ben:0.081, ben:0.044, ben:0.087, ben:0.084, ben:0.081, ben:0.054, ben:0.115, ben:0.260, ben:0.048]  labels [-1, -1, 0, -1, -1, 0, -1, -1, -1, -1]
11:12:30  INFO      attacks.chameleon_client — Chameleon client [17] round 196: optimising δ for 132/267 samples (ε=0.300, λ_sim=1.00, steps=100).
11:12:31  INFO      attacks.chameleon_client — Chameleon client [17] round 196: poisoned 132/267 samples (target=0, loss=0.0618, acc=0.985).
11:12:43  INFO      defenses.deepsight — DeepSight: 0 / 10 flagged  |  TE [ben:0.020, ben:0.016, ben:0.016, ben:0.020, ben:0.018, MAL:0.016, ben:0.016, ben:0.016, ben:0.014, ben:0.016]  DDif [ben:0.092, ben:0.044, ben:0.276, ben:0.069, ben:0.051, MAL:0.154, ben:0.038, ben:0.067, ben:0.074, ben:0.054]  labels [-1, -1, -1, -1, 0, -1, -1, -1, 0, 0]
11:13:01  INFO      attacks.chameleon_client — Chameleon client [17] round 197: optimising δ for 132/267 samples (ε=0.300, λ_sim=1.00, steps=100).
11:13:01  INFO      attacks.chameleon_client — Chameleon client [17] round 197: poisoned 132/267 samples (target=0, loss=0.0704, acc=0.981).
11:13:14  INFO      defenses.deepsight — DeepSight: 0 / 10 flagged  |  TE [ben:0.014, ben:0.014, ben:0.018, ben:0.016, ben:0.016, MAL:0.014, ben:0.012, ben:0.020, ben:0.016, ben:0.020]  DDif [ben:0.101, ben:0.052, ben:0.076, ben:0.175, ben:0.045, MAL:0.138, ben:0.079, ben:0.220, ben:0.093, ben:0.058]  labels [0, 0, 0, -1, 0, -1, 0, -1, 0, 0]
11:13:46  INFO      defenses.deepsight — DeepSight: 0 / 10 flagged  |  TE [ben:0.018, ben:0.014, ben:0.014, ben:0.020, ben:0.012, ben:0.018, ben:0.012, ben:0.016, ben:0.016, ben:0.016]  DDif [ben:0.552, ben:0.081, ben:0.201, ben:0.117, ben:0.082, ben:0.100, ben:0.054, ben:0.135, ben:0.320, ben:0.097]  labels [-1, 0, -1, -1, -1, -1, -1, -1, -1, 0]
11:14:21  INFO      defenses.deepsight — DeepSight: 0 / 10 flagged  |  TE [ben:0.016, ben:0.016, ben:0.020, ben:0.018, ben:0.014, ben:0.016, ben:0.016, ben:0.016, ben:0.016, ben:0.016]  DDif [ben:0.039, ben:0.078, ben:0.047, ben:0.133, ben:0.125, ben:0.056, ben:0.168, ben:0.149, ben:0.065, ben:0.089]  labels [0, 0, 0, 0, 0, 0, 0, 0, 0, 0]
11:14:27  INFO      experiment.runner — Round  200/200  |  acc:  93.36%  loss: 0.2861  |  ASR:  34.80%  asr_loss: nan  |  FPR: 0.0%  |  mF1: 90.8%
11:14:27  INFO      experiment.runner — Final model saved to results/benchmark/gtsrb_chameleon_deepsight_seed1/final_model.pt
11:14:27  INFO      experiment.runner — Client atypicality written to results/benchmark/gtsrb_chameleon_deepsight_seed1/client_atypicality.json
11:14:27  INFO      experiment.runner — Client inclusion rates written to results/benchmark/gtsrb_chameleon_deepsight_seed1/client_inclusion.csv
11:14:27  INFO      benchmark — ✓  gtsrb_chameleon_deepsight_seed1  (109.2 min)
11:14:27  INFO      benchmark — ▶  gtsrb_chameleon_deepsight_seed2
11:14:27  INFO      experiment.runner — Initialising 'gtsrb_chameleon_deepsight_seed2' | device=cuda | rounds=200 | clients=10/100 | attack=chameleon | defense=deepsight
11:14:28  INFO      defenses.deepsight — DeepSightServer — output layer: 'fc_layers.3.weight' | neup_tau=0.20  cluster_tau=0.50  clip_norm=2.0
11:14:30  INFO      experiment.utils — Built 100 clients — 10 malicious, 90 benign.

==============================================================
  Summary — 21 rounds evaluated
==============================================================
  Final clean accuracy               93.36%
  Best  clean accuracy               93.36%
  Final clean loss                   0.2861
  Macro F1                           90.82%
  Final ASR                          34.80%
  Mean ASR (attack window)           51.23%
  Max  ASR (attack window)           60.40%
  Pooled TPR (attack period)          0.00%
  Pooled FPR (all rounds)             0.00%
==============================================================

11:14:32  INFO      experiment.runner — Chameleon ASR evaluator: 500 non-target test images.
11:14:33  INFO      experiment.runner — Setup complete — 100 clients (10 malicious) | backdoor eval: chameleon-adaptive
11:15:06  INFO      defenses.deepsight — DeepSight: 0 / 10 flagged  |  TE [ben:0.008, ben:0.010, ben:0.010, ben:0.008, ben:0.010, ben:0.008, ben:0.010, ben:0.008, ben:0.012, ben:0.010]  DDif [ben:2.687, ben:2.285, ben:2.054, ben:1.619, ben:1.786, ben:2.720, ben:2.202, ben:1.501, ben:2.434, ben:2.506]  labels [0, -1, 0, 0, 0, -1, 0, 0, 0, -1]
11:15:11  INFO      experiment.runner — Round    1/200  |  acc:   7.86%  loss: 3.5109  |  FPR: 0.0%  |  mF1: 1.2%
11:15:43  INFO      defenses.deepsight — DeepSight: 0 / 10 flagged  |  TE [ben:0.010, ben:0.012, ben:0.006, ben:0.010, ben:0.012, ben:0.008, ben:0.010, ben:0.010, ben:0.008, ben:0.008]  DDif [ben:0.522, ben:0.623, ben:0.525, ben:0.494, ben:0.526, ben:0.523, ben:0.460, ben:0.515, ben:0.828, ben:0.554]  labels [-1, -1, -1, -1, -1, 0, -1, 0, -1, -1]
11:16:17  INFO      defenses.deepsight — DeepSight: 0 / 10 flagged  |  TE [ben:0.014, ben:0.012, ben:0.008, ben:0.008, ben:0.010, ben:0.008, ben:0.008, ben:0.012, ben:0.012, ben:0.010]  DDif [ben:0.079, ben:0.195, ben:0.135, ben:0.203, ben:0.251, ben:0.205, ben:0.164, ben:0.162, ben:0.183, ben:0.133]  labels [-1, -1, -1, 0, -1, -1, 0, -1, -1, -1]
11:16:49  INFO      defenses.deepsight — DeepSight: 0 / 10 flagged  |  TE [ben:0.008, ben:0.014, ben:0.010, ben:0.008, ben:0.010, ben:0.012, ben:0.010, ben:0.012, ben:0.010, ben:0.012]  DDif [ben:0.226, ben:0.159, ben:0.159, ben:0.233, ben:0.450, ben:0.294, ben:0.179, ben:0.174, ben:0.146, ben:0.178]  labels [-1, -1, -1, -1, -1, -1, 0, -1, 0, -1]
11:17:26  INFO      defenses.deepsight — DeepSight: 0 / 10 flagged  |  TE [ben:0.016, ben:0.014, ben:0.012, ben:0.010, ben:0.008, ben:0.012, ben:0.010, ben:0.010, ben:0.012, ben:0.010]  DDif [ben:0.169, ben:0.109, ben:0.132, ben:0.160, ben:0.531, ben:0.127, ben:0.084, ben:0.151, ben:0.202, ben:0.116]  labels [-1, 0, -1, -1, -1, 0, -1, -1, -1, -1]
11:17:59  INFO      defenses.deepsight — DeepSight: 0 / 10 flagged  |  TE [ben:0.014, ben:0.014, ben:0.012, ben:0.008, ben:0.010, ben:0.010, ben:0.012, ben:0.012, ben:0.010, ben:0.010]  DDif [ben:1.135, ben:0.214, ben:0.112, ben:0.869, ben:0.168, ben:0.171, ben:0.232, ben:0.182, ben:0.176, ben:0.127]  labels [-1, 0, 0, -1, 0, 0, -1, -1, 0, -1]
11:18:31  INFO      defenses.deepsight — DeepSight: 0 / 10 flagged  |  TE [ben:0.010, ben:0.010, ben:0.012, ben:0.010, ben:0.010, ben:0.010, ben:0.012, ben:0.010, ben:0.012, ben:0.016]  DDif [ben:0.084, ben:1.416, ben:0.135, ben:0.143, ben:0.124, ben:0.122, ben:0.153, ben:0.163, ben:0.120, ben:0.138]  labels [-1, -1, 0, -1, -1, 0, -1, -1, -1, -1]
11:19:03  INFO      defenses.deepsight — DeepSight: 0 / 10 flagged  |  TE [ben:0.010, ben:0.012, ben:0.010, ben:0.010, ben:0.012, ben:0.012, ben:0.008, ben:0.010, ben:0.012, ben:0.012]  DDif [ben:0.143, ben:0.156, ben:0.130, ben:0.173, ben:0.089, ben:0.175, ben:0.210, ben:0.088, ben:0.126, ben:0.229]  labels [0, -1, 0, -1, -1, -1, -1, -1, -1, -1]
11:19:38  INFO      defenses.deepsight — DeepSight: 0 / 10 flagged  |  TE [ben:0.010, ben:0.012, ben:0.010, ben:0.014, ben:0.010, ben:0.010, ben:0.016, ben:0.012, ben:0.012, ben:0.010]  DDif [ben:0.191, ben:0.141, ben:0.141, ben:0.127, ben:1.904, ben:0.181, ben:0.172, ben:0.179, ben:0.123, ben:1.677]  labels [-1, 0, 0, -1, -1, 0, 0, -1, 0, -1]
11:20:09  INFO      defenses.deepsight — DeepSight: 0 / 10 flagged  |  TE [ben:0.008, ben:0.012, ben:0.012, ben:0.016, ben:0.012, ben:0.014, ben:0.010, ben:0.010, ben:0.010, ben:0.010]  DDif [ben:0.123, ben:0.152, ben:0.108, ben:0.095, ben:0.261, ben:0.168, ben:0.116, ben:0.146, ben:0.182, ben:1.142]  labels [0, -1, -1, -1, -1, 0, -1, -1, -1, -1]
11:20:43  INFO      defenses.deepsight — DeepSight: 0 / 10 flagged  |  TE [ben:0.010, ben:0.012, ben:0.012, ben:0.010, ben:0.010, ben:0.012, ben:0.010, ben:0.012, ben:0.012, ben:0.010]  DDif [ben:0.145, ben:0.143, ben:0.176, ben:0.141, ben:1.449, ben:0.145, ben:0.162, ben:0.116, ben:0.149, ben:0.179]  labels [0, -1, 0, -1, -1, 0, -1, -1, -1, -1]
11:20:48  INFO      experiment.runner — Round   11/200  |  acc:  56.48%  loss: 1.5027  |  FPR: 0.0%  |  mF1: 39.6%
11:21:21  INFO      defenses.deepsight — DeepSight: 0 / 10 flagged  |  TE [ben:0.010, ben:0.012, ben:0.012, ben:0.012, ben:0.012, ben:0.014, ben:0.016, ben:0.012, ben:0.010, ben:0.012]  DDif [ben:0.085, ben:0.140, ben:0.213, ben:0.105, ben:1.377, ben:0.139, ben:0.183, ben:0.262, ben:0.098, ben:0.146]  labels [0, -1, -1, 0, -1, 0, -1, 0, 0, -1]
11:21:55  INFO      defenses.deepsight — DeepSight: 0 / 10 flagged  |  TE [ben:0.012, ben:0.014, ben:0.010, ben:0.012, ben:0.014, ben:0.014, ben:0.014, ben:0.010, ben:0.012, ben:0.012]  DDif [ben:0.227, ben:0.171, ben:0.159, ben:0.124, ben:0.139, ben:0.160, ben:0.104, ben:0.143, ben:0.138, ben:1.590]  labels [-1, -1, -1, -1, 0, 0, -1, -1, -1, -1]
11:22:27  INFO      defenses.deepsight — DeepSight: 0 / 10 flagged  |  TE [ben:0.014, ben:0.012, ben:0.014, ben:0.010, ben:0.010, ben:0.008, ben:0.014, ben:0.010, ben:0.010, ben:0.018]  DDif [ben:0.181, ben:0.086, ben:0.092, ben:0.122, ben:1.676, ben:1.590, ben:0.107, ben:0.168, ben:0.178, ben:0.102]  labels [0, -1, 0, -1, -1, -1, 0, -1, -1, -1]
11:23:06  INFO      defenses.deepsight — DeepSight: 0 / 10 flagged  |  TE [ben:0.010, ben:0.012, ben:0.012, ben:0.010, ben:0.014, ben:0.012, ben:0.010, ben:0.010, ben:0.010, ben:0.010]  DDif [ben:1.132, ben:0.193, ben:0.169, ben:0.197, ben:0.192, ben:0.177, ben:0.136, ben:0.183, ben:1.251, ben:0.135]  labels [-1, -1, -1, -1, -1, 0, 0, -1, -1, -1]
11:23:37  INFO      defenses.deepsight — DeepSight: 0 / 10 flagged  |  TE [ben:0.012, ben:0.010, ben:0.010, ben:0.014, ben:0.012, ben:0.010, ben:0.012, ben:0.012, ben:0.010, ben:0.014]  DDif [ben:0.205, ben:1.512, ben:0.182, ben:0.277, ben:0.138, ben:0.139, ben:0.143, ben:0.102, ben:0.132, ben:0.125]  labels [-1, -1, -1, -1, 0, -1, -1, -1, -1, 0]
11:24:10  INFO      defenses.deepsight — DeepSight: 0 / 10 flagged  |  TE [ben:0.014, ben:0.012, ben:0.014, ben:0.012, ben:0.012, ben:0.010, ben:0.010, ben:0.008, ben:0.008, ben:0.012]  DDif [ben:0.217, ben:0.142, ben:0.101, ben:0.369, ben:0.140, ben:0.252, ben:0.080, ben:0.117, ben:0.179, ben:0.245]  labels [-1, -1, 0, -1, -1, -1, -1, 0, -1, -1]
11:24:42  INFO      defenses.deepsight — DeepSight: 0 / 10 flagged  |  TE [ben:0.010, ben:0.014, ben:0.010, ben:0.014, ben:0.010, ben:0.012, ben:0.012, ben:0.012, ben:0.012, ben:0.012]  DDif [ben:0.111, ben:0.201, ben:1.878, ben:0.166, ben:0.114, ben:0.141, ben:2.005, ben:2.386, ben:0.151, ben:0.172]  labels [0, 0, 0, 0, 0, 0, 0, 0, 0, 0]
11:25:13  INFO      defenses.deepsight — DeepSight: 0 / 10 flagged  |  TE [ben:0.014, ben:0.012, ben:0.012, ben:0.016, ben:0.014, ben:0.016, ben:0.012, ben:0.010, ben:0.012, ben:0.012]  DDif [ben:0.174, ben:0.323, ben:0.340, ben:0.269, ben:0.292, ben:0.236, ben:0.172, ben:1.099, ben:0.275, ben:0.206]  labels [-1, 0, 0, 0, -1, 0, -1, -1, 0, 0]
11:25:53  INFO      defenses.deepsight — DeepSight: 0 / 10 flagged  |  TE [ben:0.014, ben:0.010, ben:0.012, ben:0.012, ben:0.014, ben:0.014, ben:0.012, ben:0.014, ben:0.014, ben:0.012]  DDif [ben:0.128, ben:0.206, ben:0.145, ben:0.169, ben:0.221, ben:0.107, ben:0.165, ben:0.154, ben:0.294, ben:0.219]  labels [-1, 0, 0, 0, -1, -1, 0, -1, -1, -1]
11:26:24  INFO      defenses.deepsight — DeepSight: 0 / 10 flagged  |  TE [ben:0.012, ben:0.014, ben:0.016, ben:0.010, ben:0.014, ben:0.012, ben:0.012, ben:0.010, ben:0.016, ben:0.010]  DDif [ben:0.137, ben:0.121, ben:0.171, ben:0.164, ben:0.224, ben:1.681, ben:0.175, ben:0.094, ben:0.178, ben:0.141]  labels [-1, -1, -1, 0, -1, -1, -1, -1, -1, 0]
11:26:30  INFO      experiment.runner — Round   21/200  |  acc:  73.63%  loss: 0.8754  |  FPR: 0.0%  |  mF1: 66.7%
11:27:05  INFO      defenses.deepsight — DeepSight: 0 / 10 flagged  |  TE [ben:0.012, ben:0.010, ben:0.010, ben:0.010, ben:0.010, ben:0.012, ben:0.014, ben:0.012, ben:0.010, ben:0.012]  DDif [ben:0.175, ben:0.181, ben:1.504, ben:1.695, ben:1.414, ben:0.114, ben:0.246, ben:0.190, ben:1.375, ben:0.199]  labels [0, 0, 0, 0, 0, 0, 0, 0, 0, 0]
11:27:37  INFO      defenses.deepsight — DeepSight: 0 / 10 flagged  |  TE [ben:0.012, ben:0.012, ben:0.012, ben:0.016, ben:0.012, ben:0.014, ben:0.012, ben:0.014, ben:0.012, ben:0.012]  DDif [ben:0.569, ben:0.352, ben:0.480, ben:0.414, ben:0.263, ben:0.311, ben:0.506, ben:0.365, ben:0.317, ben:0.392]  labels [-1, 0, -1, -1, -1, -1, -1, -1, -1, 0]
11:28:11  INFO      defenses.deepsight — DeepSight: 0 / 10 flagged  |  TE [ben:0.012, ben:0.008, ben:0.012, ben:0.012, ben:0.014, ben:0.012, ben:0.010, ben:0.012, ben:0.010, ben:0.012]  DDif [ben:1.779, ben:1.525, ben:0.292, ben:0.247, ben:0.129, ben:0.172, ben:1.862, ben:0.235, ben:0.208, ben:0.299]  labels [0, 0, 0, 0, 0, 0, 0, 0, 0, 0]
11:28:45  INFO      defenses.deepsight — DeepSight: 0 / 10 flagged  |  TE [ben:0.014, ben:0.014, ben:0.014, ben:0.012, ben:0.012, ben:0.012, ben:0.014, ben:0.012, ben:0.014, ben:0.010]  DDif [ben:0.249, ben:0.245, ben:0.228, ben:0.183, ben:0.189, ben:0.267, ben:0.296, ben:0.397, ben:0.248, ben:0.336]  labels [0, -1, -1, -1, -1, -1, 0, -1, -1, -1]
11:29:18  INFO      defenses.deepsight — DeepSight: 0 / 10 flagged  |  TE [ben:0.012, ben:0.012, ben:0.012, ben:0.012, ben:0.014, ben:0.012, ben:0.014, ben:0.014, ben:0.016, ben:0.014]  DDif [ben:0.270, ben:1.847, ben:0.166, ben:0.294, ben:0.126, ben:0.228, ben:0.118, ben:0.210, ben:0.175, ben:0.156]  labels [-1, -1, -1, -1, -1, 0, -1, 0, 0, -1]
11:29:50  INFO      defenses.deepsight — DeepSight: 0 / 10 flagged  |  TE [ben:0.014, ben:0.014, ben:0.010, ben:0.012, ben:0.012, ben:0.010, ben:0.016, ben:0.014, ben:0.010, ben:0.012]  DDif [ben:0.233, ben:0.163, ben:0.968, ben:0.332, ben:0.285, ben:1.116, ben:0.168, ben:0.119, ben:0.208, ben:0.135]  labels [0, -1, -1, -1, -1, -1, 0, -1, -1, -1]
11:30:24  INFO      defenses.deepsight — DeepSight: 0 / 10 flagged  |  TE [ben:0.012, ben:0.010, ben:0.012, ben:0.012, ben:0.018, ben:0.012, ben:0.012, ben:0.012, ben:0.012, ben:0.016]  DDif [ben:0.210, ben:0.208, ben:0.128, ben:0.187, ben:0.152, ben:0.217, ben:0.107, ben:0.203, ben:0.112, ben:0.201]  labels [0, 0, 0, 0, 0, 0, 0, 0, 0, 0]
11:30:56  INFO      defenses.deepsight — DeepSight: 0 / 10 flagged  |  TE [ben:0.018, ben:0.018, ben:0.018, ben:0.014, ben:0.012, ben:0.014, ben:0.012, ben:0.012, ben:0.012, ben:0.014]  DDif [ben:0.168, ben:0.146, ben:0.158, ben:0.163, ben:0.172, ben:0.101, ben:0.255, ben:0.161, ben:1.338, ben:0.131]  labels [0, -1, -1, -1, -1, 0, -1, -1, -1, 0]
11:31:28  INFO      defenses.deepsight — DeepSight: 0 / 10 flagged  |  TE [ben:0.012, ben:0.012, ben:0.014, ben:0.016, ben:0.010, ben:0.012, ben:0.012, ben:0.010, ben:0.012, ben:0.012]  DDif [ben:0.128, ben:0.111, ben:0.101, ben:1.459, ben:0.143, ben:0.137, ben:0.114, ben:1.167, ben:0.197, ben:0.199]  labels [0, 0, -1, -1, -1, -1, 0, -1, -1, -1]
11:32:00  INFO      defenses.deepsight — DeepSight: 0 / 10 flagged  |  TE [ben:0.012, ben:0.016, ben:0.012, ben:0.010, ben:0.016, ben:0.012, ben:0.012, ben:0.012, ben:0.014, ben:0.010]  DDif [ben:0.185, ben:0.194, ben:0.159, ben:0.950, ben:0.282, ben:0.203, ben:0.186, ben:0.368, ben:0.209, ben:0.909]  labels [-1, -1, 0, -1, -1, 0, 0, -1, -1, -1]
11:32:09  INFO      experiment.runner — Round   31/200  |  acc:  81.54%  loss: 0.6475  |  FPR: 0.0%  |  mF1: 76.7%
11:32:40  INFO      defenses.deepsight — DeepSight: 0 / 10 flagged  |  TE [ben:0.014, ben:0.012, ben:0.014, ben:0.012, ben:0.014, ben:0.014, ben:0.010, ben:0.012, ben:0.014, ben:0.014]  DDif [ben:0.372, ben:0.224, ben:0.217, ben:0.216, ben:0.195, ben:0.186, ben:0.213, ben:0.228, ben:0.106, ben:0.311]  labels [-1, 0, -1, -1, -1, -1, 0, -1, -1, -1]
11:33:15  INFO      defenses.deepsight — DeepSight: 0 / 10 flagged  |  TE [ben:0.012, ben:0.012, ben:0.010, ben:0.014, ben:0.010, ben:0.012, ben:0.012, ben:0.016, ben:0.012, ben:0.016]  DDif [ben:0.157, ben:0.182, ben:1.477, ben:0.231, ben:0.211, ben:0.146, ben:0.164, ben:0.161, ben:0.181, ben:0.137]  labels [-1, 0, -1, -1, -1, -1, -1, -1, 0, -1]
11:33:47  INFO      defenses.deepsight — DeepSight: 0 / 10 flagged  |  TE [ben:0.012, ben:0.012, ben:0.014, ben:0.014, ben:0.020, ben:0.016, ben:0.012, ben:0.014, ben:0.012, ben:0.008]  DDif [ben:0.201, ben:0.193, ben:0.139, ben:0.302, ben:0.157, ben:0.190, ben:0.165, ben:0.166, ben:0.193, ben:0.948]  labels [-1, -1, -1, -1, -1, -1, -1, 0, 0, -1]
11:34:23  INFO      defenses.deepsight — DeepSight: 0 / 10 flagged  |  TE [ben:0.012, ben:0.010, ben:0.012, ben:0.012, ben:0.014, ben:0.012, ben:0.012, ben:0.014, ben:0.018, ben:0.012]  DDif [ben:0.222, ben:0.931, ben:0.176, ben:0.192, ben:0.196, ben:0.186, ben:0.159, ben:0.188, ben:0.252, ben:0.205]  labels [0, -1, -1, 0, 0, -1, -1, 0, -1, -1]
11:34:54  INFO      defenses.deepsight — DeepSight: 0 / 10 flagged  |  TE [ben:0.012, ben:0.016, ben:0.016, ben:0.012, ben:0.012, ben:0.010, ben:0.018, ben:0.014, ben:0.016, ben:0.014]  DDif [ben:0.174, ben:0.167, ben:0.249, ben:0.203, ben:0.126, ben:0.224, ben:0.172, ben:0.142, ben:0.230, ben:0.151]  labels [0, 0, 0, -1, -1, 0, 0, -1, 0, 0]
11:35:27  INFO      defenses.deepsight — DeepSight: 0 / 10 flagged  |  TE [ben:0.012, ben:0.014, ben:0.018, ben:0.012, ben:0.014, ben:0.018, ben:0.014, ben:0.016, ben:0.014, ben:0.014]  DDif [ben:0.162, ben:0.190, ben:0.144, ben:0.177, ben:0.145, ben:0.176, ben:0.169, ben:0.205, ben:0.170, ben:0.192]  labels [0, 0, -1, 0, -1, 0, 0, -1, 0, -1]
11:36:00  INFO      defenses.deepsight — DeepSight: 0 / 10 flagged  |  TE [ben:0.014, ben:0.014, ben:0.014, ben:0.014, ben:0.014, ben:0.012, ben:0.016, ben:0.014, ben:0.014, ben:0.016]  DDif [ben:0.187, ben:0.140, ben:0.242, ben:0.140, ben:0.228, ben:0.136, ben:0.163, ben:0.137, ben:0.172, ben:0.296]  labels [0, 0, -1, -1, -1, -1, 0, -1, -1, -1]
11:36:31  INFO      defenses.deepsight — DeepSight: 0 / 10 flagged  |  TE [ben:0.016, ben:0.012, ben:0.012, ben:0.010, ben:0.014, ben:0.014, ben:0.016, ben:0.012, ben:0.016, ben:0.012]  DDif [ben:0.206, ben:0.237, ben:0.991, ben:0.158, ben:0.235, ben:0.166, ben:0.135, ben:0.300, ben:0.296, ben:0.143]  labels [-1, -1, -1, -1, 0, 0, -1, -1, -1, -1]
11:37:06  INFO      defenses.deepsight — DeepSight: 0 / 10 flagged  |  TE [ben:0.014, ben:0.014, ben:0.016, ben:0.014, ben:0.010, ben:0.014, ben:0.016, ben:0.016, ben:0.014, ben:0.012]  DDif [ben:0.143, ben:0.342, ben:0.253, ben:0.102, ben:0.942, ben:0.106, ben:0.201, ben:0.171, ben:0.159, ben:0.165]  labels [-1, -1, -1, 0, -1, -1, -1, 0, -1, 0]
11:37:39  INFO      defenses.deepsight — DeepSight: 0 / 10 flagged  |  TE [ben:0.012, ben:0.014, ben:0.012, ben:0.012, ben:0.012, ben:0.014, ben:0.014, ben:0.014, ben:0.012, ben:0.016]  DDif [ben:0.121, ben:0.117, ben:0.167, ben:1.172, ben:0.114, ben:0.265, ben:0.240, ben:0.191, ben:0.168, ben:0.156]  labels [0, 0, -1, -1, 0, 0, 0, -1, 0, 0]
11:37:45  INFO      experiment.runner — Round   41/200  |  acc:  85.48%  loss: 0.5249  |  FPR: 0.0%  |  mF1: 80.1%
11:38:18  INFO      defenses.deepsight — DeepSight: 0 / 10 flagged  |  TE [ben:0.016, ben:0.014, ben:0.014, ben:0.016, ben:0.010, ben:0.014, ben:0.016, ben:0.016, ben:0.012, ben:0.016]  DDif [ben:0.138, ben:0.173, ben:0.156, ben:0.175, ben:0.253, ben:0.134, ben:0.349, ben:0.106, ben:0.178, ben:0.188]  labels [-1, 0, -1, 0, -1, -1, -1, -1, 0, -1]
11:38:49  INFO      defenses.deepsight — DeepSight: 0 / 10 flagged  |  TE [ben:0.014, ben:0.010, ben:0.010, ben:0.012, ben:0.012, ben:0.014, ben:0.016, ben:0.012, ben:0.012, ben:0.012]  DDif [ben:0.272, ben:0.895, ben:0.997, ben:0.221, ben:0.204, ben:0.283, ben:0.093, ben:0.275, ben:0.097, ben:0.204]  labels [-1, -1, -1, 0, -1, 0, -1, -1, -1, 0]
11:39:26  INFO      defenses.deepsight — DeepSight: 0 / 10 flagged  |  TE [ben:0.018, ben:0.014, ben:0.012, ben:0.012, ben:0.016, ben:0.014, ben:0.012, ben:0.014, ben:0.020, ben:0.014]  DDif [ben:0.150, ben:0.174, ben:0.224, ben:0.364, ben:0.221, ben:0.111, ben:0.293, ben:0.290, ben:0.262, ben:0.778]  labels [-1, -1, 0, -1, -1, -1, 0, -1, -1, -1]
11:39:58  INFO      defenses.deepsight — DeepSight: 0 / 10 flagged  |  TE [ben:0.016, ben:0.016, ben:0.014, ben:0.014, ben:0.014, ben:0.016, ben:0.016, ben:0.010, ben:0.014, ben:0.014]  DDif [ben:0.176, ben:0.186, ben:0.119, ben:0.152, ben:0.168, ben:0.171, ben:0.102, ben:1.050, ben:0.147, ben:0.185]  labels [-1, 0, 0, 0, 0, 0, -1, -1, 0, -1]
11:40:31  INFO      defenses.deepsight — DeepSight: 0 / 10 flagged  |  TE [ben:0.012, ben:0.012, ben:0.020, ben:0.012, ben:0.012, ben:0.018, ben:0.012, ben:0.016, ben:0.018, ben:0.016]  DDif [ben:0.133, ben:0.142, ben:0.193, ben:0.184, ben:0.776, ben:0.183, ben:0.106, ben:0.214, ben:0.195, ben:0.311]  labels [-1, -1, 0, 0, -1, -1, -1, -1, 0, -1]
11:41:05  INFO      defenses.deepsight — DeepSight: 0 / 10 flagged  |  TE [ben:0.014, ben:0.014, ben:0.012, ben:0.014, ben:0.014, ben:0.014, ben:0.012, ben:0.014, ben:0.010, ben:0.010]  DDif [ben:0.743, ben:0.124, ben:0.229, ben:0.110, ben:0.161, ben:0.158, ben:0.109, ben:0.167, ben:0.820, ben:0.306]  labels [-1, -1, -1, -1, -1, 0, -1, 0, -1, -1]
11:41:38  INFO      defenses.deepsight — DeepSight: 0 / 10 flagged  |  TE [ben:0.012, ben:0.016, ben:0.018, ben:0.016, ben:0.014, ben:0.016, ben:0.012, ben:0.012, ben:0.014, ben:0.014]  DDif [ben:0.096, ben:0.224, ben:0.221, ben:0.241, ben:0.120, ben:0.160, ben:0.197, ben:0.123, ben:0.325, ben:0.099]  labels [0, 0, 0, 0, 0, 0, 0, 0, -1, 0]
11:42:11  INFO      defenses.deepsight — DeepSight: 0 / 10 flagged  |  TE [ben:0.012, ben:0.018, ben:0.012, ben:0.018, ben:0.010, ben:0.012, ben:0.014, ben:0.016, ben:0.014, ben:0.014]  DDif [ben:0.149, ben:0.117, ben:0.181, ben:0.197, ben:0.864, ben:0.114, ben:0.213, ben:0.129, ben:0.149, ben:0.163]  labels [-1, 0, 0, -1, -1, -1, 0, -1, -1, 0]
11:42:44  INFO      defenses.deepsight — DeepSight: 0 / 10 flagged  |  TE [ben:0.016, ben:0.012, ben:0.012, ben:0.014, ben:0.018, ben:0.018, ben:0.014, ben:0.014, ben:0.016, ben:0.012]  DDif [ben:0.167, ben:0.110, ben:0.129, ben:0.298, ben:0.093, ben:0.256, ben:0.092, ben:0.119, ben:0.210, ben:0.104]  labels [0, 0, 0, 0, 0, 0, 0, 0, 0, 0]
11:42:51  INFO      attacks.chameleon_client — Chameleon client [32] round 50: optimising δ for 131/267 samples (ε=0.300, λ_sim=1.00, steps=100).
11:42:52  INFO      attacks.chameleon_client — Chameleon client [32] round 50: poisoned 131/267 samples (target=0, loss=0.1480, acc=0.953).
11:43:13  INFO      defenses.deepsight — DeepSight: 0 / 10 flagged  |  TE [ben:0.014, ben:0.014, MAL:0.012, ben:0.014, ben:0.014, ben:0.014, ben:0.014, ben:0.018, ben:0.014, ben:0.014]  DDif [ben:0.148, ben:0.174, MAL:0.169, ben:0.234, ben:0.208, ben:0.155, ben:0.247, ben:0.239, ben:0.153, ben:0.189]  labels [0, -1, 0, 0, 0, 0, 0, 0, 0, 0]
11:43:21  INFO      experiment.runner — Round   51/200  |  acc:  88.55%  loss: 0.4422  |  ASR:  61.40%  asr_loss: nan  |  TPR: 0.0%  FPR: 0.0%  |  mF1: 85.0%
11:43:38  WARNING   attacks.chameleon_client — Chameleon client [85] round 51: no target-class samples in local data — falling back to benign training.
11:43:54  INFO      defenses.deepsight — DeepSight: 0 / 10 flagged  |  TE [ben:0.014, ben:0.016, ben:0.016, ben:0.016, ben:0.016, MAL:0.016, ben:0.014, ben:0.016, ben:0.016, ben:0.014]  DDif [ben:0.122, ben:0.320, ben:0.212, ben:0.221, ben:0.105, MAL:0.664, ben:0.126, ben:0.244, ben:0.148, ben:0.160]  labels [-1, -1, 0, 0, -1, -1, -1, -1, -1, 0]
11:44:16  INFO      attacks.chameleon_client — Chameleon client [10] round 52: optimising δ for 132/267 samples (ε=0.300, λ_sim=1.00, steps=100).
11:44:16  INFO      attacks.chameleon_client — Chameleon client [10] round 52: poisoned 132/267 samples (target=0, loss=0.1157, acc=0.963).
11:44:22  INFO      defenses.deepsight — DeepSight: 0 / 10 flagged  |  TE [ben:0.014, ben:0.014, ben:0.014, ben:0.014, ben:0.012, ben:0.014, ben:0.012, MAL:0.018, ben:0.014, ben:0.012]  DDif [ben:0.226, ben:0.196, ben:0.161, ben:0.199, ben:0.191, ben:0.142, ben:0.217, MAL:0.144, ben:0.122, ben:0.153]  labels [-1, 0, -1, 0, 0, -1, -1, -1, -1, -1]
11:44:38  INFO      attacks.chameleon_client — Chameleon client [32] round 53: optimising δ for 131/267 samples (ε=0.300, λ_sim=1.00, steps=100).
11:44:39  INFO      attacks.chameleon_client — Chameleon client [32] round 53: poisoned 131/267 samples (target=0, loss=0.1485, acc=0.953).
11:44:56  INFO      defenses.deepsight — DeepSight: 0 / 10 flagged  |  TE [ben:0.018, ben:0.014, ben:0.016, ben:0.016, ben:0.018, MAL:0.016, ben:0.012, ben:0.016, ben:0.016, ben:0.018]  DDif [ben:0.184, ben:0.155, ben:0.146, ben:0.177, ben:0.169, MAL:0.148, ben:0.200, ben:0.148, ben:0.124, ben:0.275]  labels [-1, 0, -1, -1, 0, -1, -1, -1, -1, -1]
11:45:26  INFO      defenses.deepsight — DeepSight: 0 / 10 flagged  |  TE [ben:0.016, ben:0.014, ben:0.016, ben:0.014, ben:0.016, ben:0.014, ben:0.016, ben:0.016, ben:0.014, ben:0.014]  DDif [ben:0.163, ben:0.108, ben:0.148, ben:0.135, ben:0.220, ben:0.151, ben:0.144, ben:0.158, ben:0.189, ben:0.149]  labels [-1, -1, 0, 0, -1, 0, 0, 0, -1, 0]
11:45:36  INFO      attacks.chameleon_client — Chameleon client [46] round 55: optimising δ for 132/266 samples (ε=0.300, λ_sim=1.00, steps=100).
11:45:36  INFO      attacks.chameleon_client — Chameleon client [46] round 55: poisoned 132/266 samples (target=0, loss=0.1161, acc=0.961).
11:45:57  INFO      defenses.deepsight — DeepSight: 0 / 10 flagged  |  TE [ben:0.018, ben:0.014, ben:0.018, MAL:0.016, ben:0.016, ben:0.012, ben:0.014, ben:0.012, ben:0.014, ben:0.016]  DDif [ben:0.075, ben:0.166, ben:0.099, MAL:0.119, ben:0.225, ben:0.149, ben:0.120, ben:0.159, ben:0.282, ben:0.217]  labels [0, 0, 0, 0, -1, 0, 0, 0, -1, -1]
11:46:03  INFO      attacks.chameleon_client — Chameleon client [39] round 56: optimising δ for 133/267 samples (ε=0.300, λ_sim=1.00, steps=100).
11:46:04  INFO      attacks.chameleon_client — Chameleon client [39] round 56: poisoned 133/267 samples (target=0, loss=0.1083, acc=0.961).
11:46:31  INFO      defenses.deepsight — DeepSight: 0 / 10 flagged  |  TE [ben:0.016, MAL:0.016, ben:0.014, ben:0.018, ben:0.016, ben:0.012, ben:0.016, ben:0.016, ben:0.020, ben:0.012]  DDif [ben:0.133, MAL:0.121, ben:0.204, ben:0.168, ben:0.119, ben:0.228, ben:0.157, ben:0.129, ben:0.138, ben:0.451]  labels [0, -1, -1, -1, -1, -1, 0, 0, -1, -1]
11:46:50  INFO      attacks.chameleon_client — Chameleon client [39] round 57: optimising δ for 133/267 samples (ε=0.300, λ_sim=1.00, steps=100).
11:46:50  INFO      attacks.chameleon_client — Chameleon client [39] round 57: poisoned 133/267 samples (target=0, loss=0.1119, acc=0.964).
11:47:01  INFO      defenses.deepsight — DeepSight: 0 / 10 flagged  |  TE [ben:0.014, ben:0.016, ben:0.014, ben:0.018, ben:0.016, ben:0.016, MAL:0.018, ben:0.012, ben:0.016, ben:0.012]  DDif [ben:0.189, ben:0.147, ben:0.164, ben:0.130, ben:0.188, ben:0.141, MAL:0.118, ben:0.209, ben:0.269, ben:0.251]  labels [-1, 0, 0, -1, -1, -1, -1, -1, -1, -1]
11:47:02  INFO      attacks.chameleon_client — Chameleon client [11] round 58: optimising δ for 132/267 samples (ε=0.300, λ_sim=1.00, steps=100).
11:47:03  INFO      attacks.chameleon_client — Chameleon client [11] round 58: poisoned 132/267 samples (target=0, loss=0.1216, acc=0.966).
11:47:30  INFO      defenses.deepsight — DeepSight: 0 / 10 flagged  |  TE [MAL:0.018, ben:0.020, ben:0.014, ben:0.014, ben:0.012, ben:0.014, ben:0.014, ben:0.018, ben:0.016, ben:0.014]  DDif [MAL:0.164, ben:0.168, ben:0.127, ben:0.301, ben:0.118, ben:0.167, ben:0.187, ben:0.175, ben:0.134, ben:0.210]  labels [0, 0, 0, -1, 0, 0, 0, 0, 0, 0]
11:47:31  INFO      attacks.chameleon_client — Chameleon client [11] round 59: optimising δ for 132/267 samples (ε=0.300, λ_sim=1.00, steps=100).
11:47:31  INFO      attacks.chameleon_client — Chameleon client [11] round 59: poisoned 132/267 samples (target=0, loss=0.2309, acc=0.943).
11:47:32  INFO      attacks.chameleon_client — Chameleon client [39] round 59: optimising δ for 133/267 samples (ε=0.300, λ_sim=1.00, steps=100).
11:47:33  INFO      attacks.chameleon_client — Chameleon client [39] round 59: poisoned 133/267 samples (target=0, loss=0.0924, acc=0.972).
11:47:52  INFO      attacks.chameleon_client — Chameleon client [7] round 59: optimising δ for 132/267 samples (ε=0.300, λ_sim=1.00, steps=100).
11:47:53  INFO      attacks.chameleon_client — Chameleon client [7] round 59: poisoned 132/267 samples (target=0, loss=0.0829, acc=0.971).
11:47:55  INFO      defenses.deepsight — DeepSight: 0 / 10 flagged  |  TE [MAL:0.016, MAL:0.016, ben:0.018, ben:0.018, ben:0.016, ben:0.016, ben:0.018, ben:0.016, MAL:0.023, ben:0.012]  DDif [MAL:0.247, MAL:0.138, ben:0.119, ben:0.149, ben:0.101, ben:0.092, ben:0.208, ben:0.247, MAL:0.106, ben:0.111]  labels [0, 0, 0, 0, 0, 0, 0, 0, 0, 0]
11:48:06  INFO      attacks.chameleon_client — Chameleon client [46] round 60: optimising δ for 132/266 samples (ε=0.300, λ_sim=1.00, steps=100).
11:48:06  INFO      attacks.chameleon_client — Chameleon client [46] round 60: poisoned 132/266 samples (target=0, loss=0.1123, acc=0.967).
11:48:26  INFO      defenses.deepsight — DeepSight: 0 / 10 flagged  |  TE [ben:0.016, ben:0.014, ben:0.010, MAL:0.012, ben:0.016, ben:0.016, ben:0.016, ben:0.016, ben:0.014, ben:0.012]  DDif [ben:0.141, ben:0.105, ben:0.178, MAL:0.125, ben:0.116, ben:0.161, ben:0.168, ben:0.109, ben:0.136, ben:0.522]  labels [0, 0, -1, -1, -1, -1, -1, 0, -1, -1]
11:48:33  INFO      experiment.runner — Round   61/200  |  acc:  89.27%  loss: 0.4142  |  ASR:  64.00%  asr_loss: nan  |  TPR: 0.0%  FPR: 0.0%  |  mF1: 86.2%
11:48:33  INFO      attacks.chameleon_client — Chameleon client [46] round 61: optimising δ for 132/266 samples (ε=0.300, λ_sim=1.00, steps=100).
11:48:34  INFO      attacks.chameleon_client — Chameleon client [46] round 61: poisoned 132/266 samples (target=0, loss=0.1338, acc=0.959).
11:48:34  INFO      attacks.chameleon_client — Chameleon client [21] round 61: optimising δ for 133/267 samples (ε=0.300, λ_sim=1.00, steps=100).
11:48:35  INFO      attacks.chameleon_client — Chameleon client [21] round 61: poisoned 133/267 samples (target=0, loss=0.0970, acc=0.966).
11:49:00  INFO      defenses.deepsight — DeepSight: 0 / 10 flagged  |  TE [MAL:0.016, MAL:0.016, ben:0.016, ben:0.014, ben:0.012, ben:0.014, ben:0.016, ben:0.018, ben:0.016, ben:0.014]  DDif [MAL:0.173, MAL:0.112, ben:0.142, ben:0.325, ben:0.134, ben:0.135, ben:0.360, ben:0.108, ben:0.333, ben:0.258]  labels [0, 0, 0, 0, 0, 0, 0, 0, 0, 0]
11:49:34  INFO      defenses.deepsight — DeepSight: 0 / 10 flagged  |  TE [ben:0.014, ben:0.014, ben:0.021, ben:0.014, ben:0.014, ben:0.018, ben:0.016, ben:0.014, ben:0.016, ben:0.016]  DDif [ben:0.129, ben:0.111, ben:0.118, ben:0.217, ben:0.264, ben:0.166, ben:0.139, ben:0.175, ben:0.215, ben:0.196]  labels [0, 0, 0, 0, -1, 0, 0, 0, 0, -1]
11:50:05  INFO      defenses.deepsight — DeepSight: 0 / 10 flagged  |  TE [ben:0.014, ben:0.016, ben:0.012, ben:0.016, ben:0.012, ben:0.018, ben:0.014, ben:0.012, ben:0.014, ben:0.012]  DDif [ben:0.134, ben:0.158, ben:0.126, ben:0.116, ben:0.135, ben:0.090, ben:0.151, ben:0.185, ben:0.213, ben:0.160]  labels [0, 0, -1, -1, -1, -1, -1, -1, -1, -1]
11:50:40  INFO      defenses.deepsight — DeepSight: 0 / 10 flagged  |  TE [ben:0.016, ben:0.012, ben:0.016, ben:0.016, ben:0.014, ben:0.016, ben:0.014, ben:0.016, ben:0.014, ben:0.018]  DDif [ben:0.155, ben:0.172, ben:0.158, ben:0.221, ben:0.161, ben:0.228, ben:0.110, ben:0.262, ben:0.107, ben:0.137]  labels [0, -1, -1, -1, -1, -1, -1, -1, 0, -1]
11:51:20  WARNING   attacks.chameleon_client — Chameleon client [85] round 65: no target-class samples in local data — falling back to benign training.
11:51:23  INFO      defenses.deepsight — DeepSight: 0 / 10 flagged  |  TE [ben:0.016, ben:0.014, ben:0.016, ben:0.014, ben:0.016, ben:0.018, ben:0.014, ben:0.016, ben:0.014, MAL:0.010]  DDif [ben:0.155, ben:0.105, ben:0.288, ben:0.110, ben:0.119, ben:0.150, ben:0.137, ben:0.169, ben:0.117, MAL:0.594]  labels [0, 0, -1, 0, -1, -1, -1, -1, -1, -1]
11:51:31  INFO      attacks.chameleon_client — Chameleon client [39] round 66: optimising δ for 133/267 samples (ε=0.300, λ_sim=1.00, steps=100).
11:51:31  INFO      attacks.chameleon_client — Chameleon client [39] round 66: poisoned 133/267 samples (target=0, loss=0.1109, acc=0.969).
11:51:54  INFO      attacks.chameleon_client — Chameleon client [11] round 66: optimising δ for 132/267 samples (ε=0.300, λ_sim=1.00, steps=100).
11:51:55  INFO      attacks.chameleon_client — Chameleon client [11] round 66: poisoned 132/267 samples (target=0, loss=0.0840, acc=0.979).
11:51:55  INFO      defenses.deepsight — DeepSight: 0 / 10 flagged  |  TE [ben:0.014, ben:0.018, MAL:0.014, ben:0.016, ben:0.014, ben:0.014, ben:0.018, ben:0.014, ben:0.014, MAL:0.016]  DDif [ben:0.186, ben:0.349, MAL:0.175, ben:0.206, ben:0.138, ben:0.174, ben:0.163, ben:0.263, ben:0.130, MAL:0.155]  labels [-1, -1, -1, -1, -1, -1, 0, -1, -1, 0]
11:52:17  INFO      attacks.chameleon_client — Chameleon client [21] round 67: optimising δ for 133/267 samples (ε=0.300, λ_sim=1.00, steps=100).
11:52:17  INFO      attacks.chameleon_client — Chameleon client [21] round 67: poisoned 133/267 samples (target=0, loss=0.0975, acc=0.969).
11:52:24  INFO      defenses.deepsight — DeepSight: 0 / 10 flagged  |  TE [ben:0.012, ben:0.018, ben:0.016, ben:0.014, ben:0.014, ben:0.014, ben:0.018, MAL:0.018, ben:0.016, ben:0.010]  DDif [ben:0.144, ben:0.123, ben:0.198, ben:0.204, ben:0.147, ben:0.139, ben:0.115, MAL:0.071, ben:0.197, ben:0.173]  labels [0, -1, -1, -1, 0, 0, -1, -1, -1, -1]
11:52:57  INFO      defenses.deepsight — DeepSight: 0 / 10 flagged  |  TE [ben:0.018, ben:0.016, ben:0.016, ben:0.016, ben:0.016, ben:0.014, ben:0.014, ben:0.014, ben:0.020, ben:0.014]  DDif [ben:0.235, ben:0.273, ben:0.113, ben:0.289, ben:0.265, ben:0.263, ben:0.258, ben:0.118, ben:0.096, ben:0.121]  labels [0, 0, 0, 0, 0, 0, 0, 0, 0, 0]
11:53:14  INFO      attacks.chameleon_client — Chameleon client [46] round 69: optimising δ for 132/266 samples (ε=0.300, λ_sim=1.00, steps=100).
11:53:15  INFO      attacks.chameleon_client — Chameleon client [46] round 69: poisoned 132/266 samples (target=0, loss=0.0904, acc=0.970).
11:53:27  INFO      defenses.deepsight — DeepSight: 0 / 10 flagged  |  TE [ben:0.018, ben:0.014, ben:0.018, ben:0.016, ben:0.016, MAL:0.014, ben:0.016, ben:0.016, ben:0.014, ben:0.014]  DDif [ben:0.128, ben:0.172, ben:0.129, ben:0.092, ben:0.102, MAL:0.099, ben:0.150, ben:0.145, ben:0.146, ben:0.214]  labels [-1, -1, 0, -1, -1, -1, 0, 0, 0, -1]
11:53:37  INFO      attacks.chameleon_client — Chameleon client [32] round 70: optimising δ for 131/267 samples (ε=0.300, λ_sim=1.00, steps=100).
11:53:38  INFO      attacks.chameleon_client — Chameleon client [32] round 70: poisoned 131/267 samples (target=0, loss=0.0952, acc=0.965).
11:53:41  INFO      attacks.chameleon_client — Chameleon client [46] round 70: optimising δ for 132/266 samples (ε=0.300, λ_sim=1.00, steps=100).
11:53:42  INFO      attacks.chameleon_client — Chameleon client [46] round 70: poisoned 132/266 samples (target=0, loss=0.1153, acc=0.971).
11:53:42  INFO      attacks.chameleon_client — Chameleon client [11] round 70: optimising δ for 132/267 samples (ε=0.300, λ_sim=1.00, steps=100).
11:53:43  INFO      attacks.chameleon_client — Chameleon client [11] round 70: poisoned 132/267 samples (target=0, loss=0.1450, acc=0.962).
11:53:54  INFO      defenses.deepsight — DeepSight: 0 / 10 flagged  |  TE [ben:0.014, ben:0.016, ben:0.016, MAL:0.016, ben:0.016, MAL:0.016, MAL:0.016, ben:0.018, ben:0.014, ben:0.014]  DDif [ben:0.118, ben:0.104, ben:0.083, MAL:0.147, ben:0.191, MAL:0.213, MAL:0.235, ben:0.129, ben:0.155, ben:0.108]  labels [0, -1, -1, -1, -1, -1, -1, -1, -1, 0]
11:54:00  INFO      experiment.runner — Round   71/200  |  acc:  89.97%  loss: 0.3878  |  ASR:  63.20%  asr_loss: nan  |  TPR: 0.0%  FPR: 0.0%  |  mF1: 86.3%
11:54:30  INFO      attacks.chameleon_client — Chameleon client [7] round 71: optimising δ for 132/267 samples (ε=0.300, λ_sim=1.00, steps=100).
11:54:30  INFO      attacks.chameleon_client — Chameleon client [7] round 71: poisoned 132/267 samples (target=0, loss=0.1971, acc=0.947).
11:54:30  INFO      defenses.deepsight — DeepSight: 0 / 10 flagged  |  TE [ben:0.018, ben:0.016, ben:0.016, ben:0.016, ben:0.018, ben:0.014, ben:0.014, ben:0.014, ben:0.014, MAL:0.016]  DDif [ben:0.183, ben:0.106, ben:0.210, ben:0.095, ben:0.190, ben:0.119, ben:0.136, ben:0.225, ben:0.116, MAL:0.155]  labels [0, 0, 0, 0, 0, 0, 0, -1, 0, 0]
11:55:04  INFO      defenses.deepsight — DeepSight: 0 / 10 flagged  |  TE [ben:0.014, ben:0.018, ben:0.016, ben:0.014, ben:0.014, ben:0.018, ben:0.016, ben:0.016, ben:0.014, ben:0.014]  DDif [ben:0.104, ben:0.142, ben:0.089, ben:0.128, ben:0.215, ben:0.088, ben:0.095, ben:0.169, ben:0.086, ben:0.155]  labels [-1, -1, 0, 0, -1, -1, -1, -1, 0, -1]
11:55:35  INFO      defenses.deepsight — DeepSight: 0 / 10 flagged  |  TE [ben:0.014, ben:0.020, ben:0.016, ben:0.018, ben:0.014, ben:0.020, ben:0.012, ben:0.018, ben:0.012, ben:0.012]  DDif [ben:0.088, ben:0.175, ben:0.141, ben:0.204, ben:0.243, ben:0.174, ben:0.207, ben:0.122, ben:0.145, ben:0.200]  labels [-1, 0, 0, 0, -1, -1, 0, 0, 0, 0]
11:56:04  INFO      attacks.chameleon_client — Chameleon client [11] round 74: optimising δ for 132/267 samples (ε=0.300, λ_sim=1.00, steps=100).
11:56:04  INFO      attacks.chameleon_client — Chameleon client [11] round 74: poisoned 132/267 samples (target=0, loss=0.0623, acc=0.975).
11:56:08  INFO      defenses.deepsight — DeepSight: 0 / 10 flagged  |  TE [ben:0.020, ben:0.014, ben:0.016, ben:0.016, ben:0.018, ben:0.018, ben:0.020, ben:0.020, MAL:0.016, ben:0.016]  DDif [ben:0.187, ben:0.105, ben:0.070, ben:0.086, ben:0.137, ben:0.152, ben:0.183, ben:0.110, MAL:0.093, ben:0.203]  labels [0, 0, 0, 0, 0, 0, -1, 0, 0, 0]
11:56:15  WARNING   attacks.chameleon_client — Chameleon client [85] round 75: no target-class samples in local data — falling back to benign training.
11:56:33  INFO      attacks.chameleon_client — Chameleon client [21] round 75: optimising δ for 133/267 samples (ε=0.300, λ_sim=1.00, steps=100).
11:56:33  INFO      attacks.chameleon_client — Chameleon client [21] round 75: poisoned 133/267 samples (target=0, loss=0.1022, acc=0.958).
11:56:40  INFO      defenses.deepsight — DeepSight: 0 / 10 flagged  |  TE [ben:0.012, ben:0.016, MAL:0.014, ben:0.012, ben:0.014, ben:0.016, ben:0.012, MAL:0.016, ben:0.016, ben:0.016]  DDif [ben:0.091, ben:0.064, MAL:0.294, ben:0.175, ben:0.180, ben:0.201, ben:0.175, MAL:0.196, ben:0.135, ben:0.081]  labels [-1, -1, -1, -1, -1, 0, 0, 0, -1, -1]
11:57:13  INFO      defenses.deepsight — DeepSight: 0 / 10 flagged  |  TE [ben:0.014, ben:0.014, ben:0.014, ben:0.016, ben:0.020, ben:0.016, ben:0.018, ben:0.012, ben:0.016, ben:0.012]  DDif [ben:0.242, ben:0.194, ben:0.166, ben:0.105, ben:0.158, ben:0.211, ben:0.185, ben:0.111, ben:0.167, ben:0.155]  labels [0, 0, 0, -1, 0, 0, 0, 0, 0, 0]
11:57:20  INFO      attacks.chameleon_client — Chameleon client [39] round 77: optimising δ for 133/267 samples (ε=0.300, λ_sim=1.00, steps=100).
11:57:20  INFO      attacks.chameleon_client — Chameleon client [39] round 77: poisoned 133/267 samples (target=0, loss=0.0478, acc=0.983).
11:57:31  INFO      attacks.chameleon_client — Chameleon client [32] round 77: optimising δ for 131/267 samples (ε=0.300, λ_sim=1.00, steps=100).
11:57:31  INFO      attacks.chameleon_client — Chameleon client [32] round 77: poisoned 131/267 samples (target=0, loss=0.1111, acc=0.969).
11:57:35  WARNING   attacks.chameleon_client — Chameleon client [85] round 77: no target-class samples in local data — falling back to benign training.
11:57:41  INFO      defenses.deepsight — DeepSight: 0 / 10 flagged  |  TE [ben:0.016, ben:0.012, MAL:0.020, ben:0.016, ben:0.014, ben:0.014, MAL:0.014, ben:0.014, MAL:0.012, ben:0.014]  DDif [ben:0.160, ben:0.101, MAL:0.194, ben:0.151, ben:0.176, ben:0.460, MAL:0.194, ben:0.119, MAL:0.482, ben:0.173]  labels [0, -1, -1, 0, -1, -1, -1, -1, -1, 0]
11:57:57  WARNING   attacks.chameleon_client — Chameleon client [85] round 78: no target-class samples in local data — falling back to benign training.
11:58:00  INFO      attacks.chameleon_client — Chameleon client [11] round 78: optimising δ for 132/267 samples (ε=0.300, λ_sim=1.00, steps=100).
11:58:01  INFO      attacks.chameleon_client — Chameleon client [11] round 78: poisoned 132/267 samples (target=0, loss=0.1403, acc=0.972).
11:58:11  INFO      defenses.deepsight — DeepSight: 0 / 10 flagged  |  TE [ben:0.016, ben:0.014, ben:0.016, ben:0.020, ben:0.020, MAL:0.010, MAL:0.014, ben:0.012, ben:0.016, ben:0.014]  DDif [ben:0.122, ben:0.296, ben:0.187, ben:0.126, ben:0.129, MAL:0.496, MAL:0.345, ben:0.143, ben:0.090, ben:0.199]  labels [-1, -1, 0, -1, -1, -1, -1, 0, -1, -1]
11:58:44  INFO      defenses.deepsight — DeepSight: 0 / 10 flagged  |  TE [ben:0.016, ben:0.014, ben:0.018, ben:0.014, ben:0.014, ben:0.014, ben:0.014, ben:0.014, ben:0.020, ben:0.020]  DDif [ben:0.152, ben:0.115, ben:0.174, ben:0.156, ben:0.580, ben:0.246, ben:0.233, ben:0.153, ben:0.125, ben:0.295]  labels [-1, 0, -1, -1, -1, -1, 0, -1, -1, -1]
11:58:48  INFO      attacks.chameleon_client — Chameleon client [7] round 80: optimising δ for 132/267 samples (ε=0.300, λ_sim=1.00, steps=100).
11:58:49  INFO      attacks.chameleon_client — Chameleon client [7] round 80: poisoned 132/267 samples (target=0, loss=0.0708, acc=0.973).
11:59:14  INFO      defenses.deepsight — DeepSight: 0 / 10 flagged  |  TE [ben:0.016, MAL:0.016, ben:0.016, ben:0.014, ben:0.018, ben:0.016, ben:0.014, ben:0.020, ben:0.016, ben:0.018]  DDif [ben:0.189, MAL:0.131, ben:0.253, ben:0.215, ben:0.104, ben:0.181, ben:0.146, ben:0.157, ben:0.175, ben:0.108]  labels [0, -1, -1, 0, 0, 0, 0, 0, 0, 0]
11:59:21  INFO      experiment.runner — Round   81/200  |  acc:  90.83%  loss: 0.3646  |  ASR:  64.00%  asr_loss: nan  |  TPR: 0.0%  FPR: 0.0%  |  mF1: 87.6%
11:59:56  INFO      defenses.deepsight — DeepSight: 0 / 10 flagged  |  TE [ben:0.016, ben:0.014, ben:0.014, ben:0.014, ben:0.020, ben:0.018, ben:0.014, ben:0.016, ben:0.016, ben:0.014]  DDif [ben:0.078, ben:0.142, ben:0.178, ben:0.158, ben:0.271, ben:0.140, ben:0.189, ben:0.269, ben:0.068, ben:0.134]  labels [0, 0, 0, -1, -1, -1, 0, -1, -1, 0]
12:00:29  INFO      defenses.deepsight — DeepSight: 0 / 10 flagged  |  TE [ben:0.018, ben:0.014, ben:0.016, ben:0.014, ben:0.014, ben:0.012, ben:0.016, ben:0.012, ben:0.020, ben:0.020]  DDif [ben:0.111, ben:0.150, ben:0.081, ben:0.082, ben:0.150, ben:0.092, ben:0.087, ben:0.121, ben:0.182, ben:0.178]  labels [0, 0, 0, 0, 0, 0, 0, 0, 0, 0]
12:01:05  INFO      defenses.deepsight — DeepSight: 0 / 10 flagged  |  TE [ben:0.020, ben:0.018, ben:0.016, ben:0.016, ben:0.016, ben:0.014, ben:0.018, ben:0.014, ben:0.012, ben:0.016]  DDif [ben:0.205, ben:0.177, ben:0.174, ben:0.109, ben:0.167, ben:0.179, ben:0.234, ben:0.103, ben:0.250, ben:0.158]  labels [-1, -1, 0, -1, 0, -1, -1, -1, -1, 0]
12:01:39  INFO      defenses.deepsight — DeepSight: 0 / 10 flagged  |  TE [ben:0.016, ben:0.016, ben:0.014, ben:0.014, ben:0.016, ben:0.012, ben:0.018, ben:0.018, ben:0.016, ben:0.018]  DDif [ben:0.112, ben:0.101, ben:0.152, ben:0.119, ben:0.089, ben:0.138, ben:0.157, ben:0.305, ben:0.161, ben:0.095]  labels [-1, 0, -1, -1, 0, -1, -1, -1, -1, -1]
12:02:14  INFO      defenses.deepsight — DeepSight: 0 / 10 flagged  |  TE [ben:0.016, ben:0.014, ben:0.018, ben:0.016, ben:0.016, ben:0.016, ben:0.014, ben:0.018, ben:0.018, ben:0.016]  DDif [ben:0.113, ben:0.197, ben:0.171, ben:0.111, ben:0.114, ben:0.190, ben:0.200, ben:0.089, ben:0.188, ben:0.177]  labels [0, 0, 0, 0, 0, 0, 0, 0, 0, 0]
12:02:44  WARNING   attacks.chameleon_client — Chameleon client [77] round 86: no target-class samples in local data — falling back to benign training.
12:02:47  INFO      defenses.deepsight — DeepSight: 0 / 10 flagged  |  TE [ben:0.016, ben:0.018, ben:0.018, ben:0.018, ben:0.016, ben:0.012, ben:0.016, ben:0.014, ben:0.014, MAL:0.010]  DDif [ben:0.167, ben:0.119, ben:0.183, ben:0.193, ben:0.116, ben:0.222, ben:0.131, ben:0.172, ben:0.141, MAL:0.525]  labels [-1, -1, 0, -1, -1, -1, 0, 0, 0, -1]
12:03:21  INFO      defenses.deepsight — DeepSight: 0 / 10 flagged  |  TE [ben:0.018, ben:0.014, ben:0.018, ben:0.018, ben:0.012, ben:0.014, ben:0.016, ben:0.016, ben:0.016, ben:0.012]  DDif [ben:0.128, ben:0.167, ben:0.134, ben:0.126, ben:0.120, ben:0.276, ben:0.502, ben:0.099, ben:0.138, ben:0.180]  labels [-1, 0, -1, -1, -1, -1, -1, -1, 0, -1]
12:03:49  INFO      attacks.chameleon_client — Chameleon client [94] round 88: optimising δ for 132/266 samples (ε=0.300, λ_sim=1.00, steps=100).
12:03:50  INFO      attacks.chameleon_client — Chameleon client [94] round 88: poisoned 132/266 samples (target=0, loss=0.1197, acc=0.972).
12:03:50  INFO      defenses.deepsight — DeepSight: 0 / 10 flagged  |  TE [ben:0.016, ben:0.020, ben:0.016, ben:0.016, ben:0.016, ben:0.016, ben:0.016, ben:0.014, ben:0.014, MAL:0.016]  DDif [ben:0.145, ben:0.144, ben:0.105, ben:0.169, ben:0.128, ben:0.131, ben:0.172, ben:0.156, ben:0.114, MAL:0.111]  labels [0, -1, -1, -1, 0, 0, -1, 0, -1, 0]
12:04:25  INFO      defenses.deepsight — DeepSight: 0 / 10 flagged  |  TE [ben:0.016, ben:0.016, ben:0.016, ben:0.016, ben:0.016, ben:0.018, ben:0.016, ben:0.016, ben:0.014, ben:0.016]  DDif [ben:0.066, ben:0.108, ben:0.109, ben:0.129, ben:0.080, ben:0.153, ben:0.153, ben:0.208, ben:0.265, ben:0.059]  labels [0, -1, -1, -1, -1, -1, -1, -1, -1, 0]
12:04:42  INFO      attacks.chameleon_client — Chameleon client [11] round 90: optimising δ for 132/267 samples (ε=0.300, λ_sim=1.00, steps=100).
12:04:42  INFO      attacks.chameleon_client — Chameleon client [11] round 90: poisoned 132/267 samples (target=0, loss=0.0556, acc=0.975).
12:04:55  INFO      defenses.deepsight — DeepSight: 0 / 10 flagged  |  TE [ben:0.012, ben:0.016, ben:0.016, ben:0.018, ben:0.016, MAL:0.014, ben:0.018, ben:0.020, ben:0.018, ben:0.014]  DDif [ben:0.707, ben:0.232, ben:0.087, ben:0.158, ben:0.114, MAL:0.100, ben:0.148, ben:0.150, ben:0.119, ben:0.073]  labels [-1, -1, -1, 0, 0, -1, 0, 0, 0, 0]
12:05:00  INFO      experiment.runner — Round   91/200  |  acc:  91.25%  loss: 0.3579  |  ASR:  59.40%  asr_loss: nan  |  TPR: 0.0%  FPR: 0.0%  |  mF1: 88.0%
12:05:35  INFO      defenses.deepsight — DeepSight: 0 / 10 flagged  |  TE [ben:0.014, ben:0.014, ben:0.018, ben:0.016, ben:0.014, ben:0.014, ben:0.016, ben:0.014, ben:0.016, ben:0.016]  DDif [ben:0.112, ben:0.109, ben:0.170, ben:0.121, ben:0.103, ben:0.184, ben:0.139, ben:0.197, ben:0.140, ben:0.207]  labels [0, 0, 0, 0, 0, 0, 0, 0, 0, 0]
12:05:36  WARNING   attacks.chameleon_client — Chameleon client [85] round 92: no target-class samples in local data — falling back to benign training.
12:06:10  INFO      defenses.deepsight — DeepSight: 0 / 10 flagged  |  TE [MAL:0.010, ben:0.014, ben:0.016, ben:0.016, ben:0.014, ben:0.018, ben:0.016, ben:0.016, ben:0.016, ben:0.018]  DDif [MAL:0.393, ben:0.159, ben:0.377, ben:0.241, ben:0.143, ben:0.165, ben:0.120, ben:0.106, ben:0.164, ben:0.180]  labels [-1, -1, -1, -1, -1, 0, -1, -1, 0, -1]
12:06:44  INFO      defenses.deepsight — DeepSight: 0 / 10 flagged  |  TE [ben:0.018, ben:0.014, ben:0.018, ben:0.014, ben:0.018, ben:0.014, ben:0.016, ben:0.016, ben:0.021, ben:0.016]  DDif [ben:0.454, ben:0.173, ben:0.291, ben:0.163, ben:0.087, ben:0.261, ben:0.127, ben:0.253, ben:0.150, ben:0.172]  labels [-1, 0, -1, 0, -1, -1, 0, -1, 0, -1]
12:07:09  INFO      attacks.chameleon_client — Chameleon client [21] round 94: optimising δ for 133/267 samples (ε=0.300, λ_sim=1.00, steps=100).
12:07:09  INFO      attacks.chameleon_client — Chameleon client [21] round 94: poisoned 133/267 samples (target=0, loss=0.1367, acc=0.954).
12:07:15  INFO      defenses.deepsight — DeepSight: 0 / 10 flagged  |  TE [ben:0.016, ben:0.018, ben:0.018, ben:0.014, ben:0.016, ben:0.016, ben:0.018, MAL:0.014, ben:0.016, ben:0.014]  DDif [ben:0.351, ben:0.139, ben:0.102, ben:0.087, ben:0.172, ben:0.221, ben:0.134, MAL:0.296, ben:0.222, ben:0.139]  labels [-1, -1, 0, 0, 0, 0, 0, 0, 0, 0]
12:07:30  INFO      attacks.chameleon_client — Chameleon client [32] round 95: optimising δ for 131/267 samples (ε=0.300, λ_sim=1.00, steps=100).
12:07:31  INFO      attacks.chameleon_client — Chameleon client [32] round 95: poisoned 131/267 samples (target=0, loss=0.1063, acc=0.973).
12:07:49  INFO      defenses.deepsight — DeepSight: 0 / 10 flagged  |  TE [ben:0.016, ben:0.014, ben:0.016, ben:0.018, MAL:0.014, ben:0.014, ben:0.014, ben:0.016, ben:0.014, ben:0.018]  DDif [ben:0.183, ben:0.207, ben:0.102, ben:0.122, MAL:0.163, ben:0.123, ben:0.106, ben:0.135, ben:0.132, ben:0.129]  labels [-1, -1, 0, -1, -1, -1, 0, -1, -1, 0]
12:07:56  INFO      attacks.chameleon_client — Chameleon client [39] round 96: optimising δ for 133/267 samples (ε=0.300, λ_sim=1.00, steps=100).
12:07:56  INFO      attacks.chameleon_client — Chameleon client [39] round 96: poisoned 133/267 samples (target=0, loss=0.0906, acc=0.973).
12:08:01  INFO      attacks.chameleon_client — Chameleon client [21] round 96: optimising δ for 133/267 samples (ε=0.300, λ_sim=1.00, steps=100).
12:08:01  INFO      attacks.chameleon_client — Chameleon client [21] round 96: poisoned 133/267 samples (target=0, loss=0.1375, acc=0.960).
12:08:05  WARNING   attacks.chameleon_client — Chameleon client [77] round 96: no target-class samples in local data — falling back to benign training.
12:08:21  INFO      defenses.deepsight — DeepSight: 0 / 10 flagged  |  TE [ben:0.014, MAL:0.020, ben:0.018, MAL:0.014, ben:0.020, MAL:0.010, ben:0.018, ben:0.014, ben:0.018, ben:0.016]  DDif [ben:0.104, MAL:0.113, ben:0.098, MAL:0.224, ben:0.137, MAL:0.533, ben:0.182, ben:0.141, ben:0.149, ben:0.099]  labels [0, -1, -1, -1, -1, -1, -1, 0, -1, -1]
12:08:41  INFO      attacks.chameleon_client — Chameleon client [39] round 97: optimising δ for 133/267 samples (ε=0.300, λ_sim=1.00, steps=100).
12:08:41  INFO      attacks.chameleon_client — Chameleon client [39] round 97: poisoned 133/267 samples (target=0, loss=0.0819, acc=0.978).
12:08:50  INFO      defenses.deepsight — DeepSight: 0 / 10 flagged  |  TE [ben:0.016, ben:0.014, ben:0.014, ben:0.014, ben:0.014, ben:0.016, MAL:0.018, ben:0.018, ben:0.014, ben:0.018]  DDif [ben:0.058, ben:0.225, ben:0.097, ben:0.181, ben:0.132, ben:0.068, MAL:0.183, ben:0.109, ben:0.172, ben:0.201]  labels [0, 0, 0, 0, 0, 0, 0, 0, 0, 0]
12:09:08  INFO      attacks.chameleon_client — Chameleon client [7] round 98: optimising δ for 132/267 samples (ε=0.300, λ_sim=1.00, steps=100).
12:09:09  INFO      attacks.chameleon_client — Chameleon client [7] round 98: poisoned 132/267 samples (target=0, loss=0.0809, acc=0.972).
12:09:13  INFO      attacks.chameleon_client — Chameleon client [32] round 98: optimising δ for 131/267 samples (ε=0.300, λ_sim=1.00, steps=100).
12:09:13  INFO      attacks.chameleon_client — Chameleon client [32] round 98: poisoned 131/267 samples (target=0, loss=0.0561, acc=0.980).
12:09:18  WARNING   attacks.chameleon_client — Chameleon client [85] round 98: no target-class samples in local data — falling back to benign training.
12:09:21  INFO      defenses.deepsight — DeepSight: 0 / 10 flagged  |  TE [ben:0.016, ben:0.016, ben:0.016, ben:0.014, ben:0.018, MAL:0.014, ben:0.016, MAL:0.016, ben:0.014, MAL:0.012]  DDif [ben:0.236, ben:0.152, ben:0.186, ben:0.471, ben:0.119, MAL:0.070, ben:0.119, MAL:0.101, ben:0.133, MAL:0.406]  labels [-1, -1, -1, -1, 0, -1, 0, -1, -1, -1]
12:09:53  INFO      defenses.deepsight — DeepSight: 0 / 10 flagged  |  TE [ben:0.016, ben:0.014, ben:0.014, ben:0.020, ben:0.014, ben:0.018, ben:0.016, ben:0.014, ben:0.016, ben:0.016]  DDif [ben:0.257, ben:0.260, ben:0.298, ben:0.147, ben:0.147, ben:0.333, ben:0.095, ben:0.106, ben:0.127, ben:0.114]  labels [-1, -1, -1, 0, -1, -1, 0, -1, 0, 0]
12:10:08  WARNING   attacks.chameleon_client — Chameleon client [77] round 100: no target-class samples in local data — falling back to benign training.
12:10:27  INFO      defenses.deepsight — DeepSight: 0 / 10 flagged  |  TE [ben:0.016, ben:0.014, ben:0.016, ben:0.016, MAL:0.016, ben:0.018, ben:0.014, ben:0.020, ben:0.014, ben:0.018]  DDif [ben:0.164, ben:0.177, ben:0.139, ben:0.209, MAL:0.541, ben:0.114, ben:0.112, ben:0.146, ben:0.125, ben:0.172]  labels [0, 0, -1, -1, -1, 0, -1, 0, 0, -1]
12:10:33  INFO      experiment.runner — Round  101/200  |  acc:  91.54%  loss: 0.3653  |  ASR:  50.80%  asr_loss: nan  |  TPR: 0.0%  FPR: 0.0%  |  mF1: 88.2%
12:10:46  INFO      attacks.chameleon_client — Chameleon client [10] round 101: optimising δ for 132/267 samples (ε=0.300, λ_sim=1.00, steps=100).
12:10:47  INFO      attacks.chameleon_client — Chameleon client [10] round 101: poisoned 132/267 samples (target=0, loss=0.1019, acc=0.975).
12:11:02  INFO      defenses.deepsight — DeepSight: 0 / 10 flagged  |  TE [ben:0.016, ben:0.012, ben:0.016, ben:0.012, MAL:0.014, ben:0.018, ben:0.016, ben:0.016, ben:0.016, ben:0.016]  DDif [ben:0.162, ben:0.063, ben:0.124, ben:0.086, MAL:0.314, ben:0.171, ben:0.174, ben:0.153, ben:0.212, ben:0.146]  labels [0, -1, 0, -1, -1, 0, 0, 0, 0, 0]
12:11:34  INFO      defenses.deepsight — DeepSight: 0 / 10 flagged  |  TE [ben:0.016, ben:0.014, ben:0.016, ben:0.018, ben:0.016, ben:0.014, ben:0.012, ben:0.016, ben:0.020, ben:0.016]  DDif [ben:0.131, ben:0.118, ben:0.337, ben:0.228, ben:0.068, ben:0.193, ben:0.147, ben:0.155, ben:0.138, ben:0.092]  labels [0, 0, -1, -1, -1, -1, -1, -1, 0, -1]
12:11:56  INFO      attacks.chameleon_client — Chameleon client [7] round 103: optimising δ for 132/267 samples (ε=0.300, λ_sim=1.00, steps=100).
12:11:56  INFO      attacks.chameleon_client — Chameleon client [7] round 103: poisoned 132/267 samples (target=0, loss=0.0970, acc=0.976).
12:12:01  WARNING   attacks.chameleon_client — Chameleon client [85] round 103: no target-class samples in local data — falling back to benign training.
12:12:08  INFO      defenses.deepsight — DeepSight: 0 / 10 flagged  |  TE [ben:0.014, ben:0.014, ben:0.012, ben:0.016, ben:0.016, ben:0.014, MAL:0.014, ben:0.014, MAL:0.014, ben:0.016]  DDif [ben:0.102, ben:0.086, ben:0.140, ben:0.076, ben:0.119, ben:0.148, MAL:0.127, ben:0.132, MAL:0.358, ben:0.085]  labels [0, 0, 0, 0, 0, -1, -1, -1, -1, -1]
12:12:40  INFO      defenses.deepsight — DeepSight: 0 / 10 flagged  |  TE [ben:0.016, ben:0.014, ben:0.018, ben:0.018, ben:0.016, ben:0.016, ben:0.021, ben:0.016, ben:0.016, ben:0.016]  DDif [ben:0.092, ben:0.103, ben:0.202, ben:0.114, ben:0.120, ben:0.182, ben:0.092, ben:0.129, ben:0.116, ben:0.134]  labels [-1, -1, -1, 0, 0, -1, -1, -1, 0, -1]
12:12:52  INFO      attacks.chameleon_client — Chameleon client [7] round 105: optimising δ for 132/267 samples (ε=0.300, λ_sim=1.00, steps=100).
12:12:52  INFO      attacks.chameleon_client — Chameleon client [7] round 105: poisoned 132/267 samples (target=0, loss=0.0684, acc=0.979).
12:13:00  INFO      attacks.chameleon_client — Chameleon client [11] round 105: optimising δ for 132/267 samples (ε=0.300, λ_sim=1.00, steps=100).
12:13:01  INFO      attacks.chameleon_client — Chameleon client [11] round 105: poisoned 132/267 samples (target=0, loss=0.1245, acc=0.967).
12:13:02  WARNING   attacks.chameleon_client — Chameleon client [77] round 105: no target-class samples in local data — falling back to benign training.
12:13:11  INFO      defenses.deepsight — DeepSight: 0 / 10 flagged  |  TE [ben:0.016, ben:0.018, ben:0.016, MAL:0.014, ben:0.014, ben:0.016, MAL:0.018, MAL:0.012, ben:0.016, ben:0.014]  DDif [ben:0.114, ben:0.085, ben:0.157, MAL:0.174, ben:0.147, ben:0.069, MAL:0.179, MAL:0.597, ben:0.140, ben:0.147]  labels [0, -1, -1, 0, -1, -1, -1, -1, -1, -1]
12:13:45  INFO      defenses.deepsight — DeepSight: 0 / 10 flagged  |  TE [ben:0.016, ben:0.016, ben:0.014, ben:0.018, ben:0.018, ben:0.018, ben:0.014, ben:0.018, ben:0.014, ben:0.020]  DDif [ben:0.189, ben:0.244, ben:0.104, ben:0.129, ben:0.120, ben:0.218, ben:0.206, ben:0.094, ben:0.086, ben:0.136]  labels [-1, -1, 0, -1, 0, 0, 0, 0, 0, 0]
12:13:47  INFO      attacks.chameleon_client — Chameleon client [46] round 107: optimising δ for 132/266 samples (ε=0.300, λ_sim=1.00, steps=100).
12:13:47  INFO      attacks.chameleon_client — Chameleon client [46] round 107: poisoned 132/266 samples (target=0, loss=0.0727, acc=0.977).
12:14:11  INFO      attacks.chameleon_client — Chameleon client [94] round 107: optimising δ for 132/266 samples (ε=0.300, λ_sim=1.00, steps=100).
12:14:11  INFO      attacks.chameleon_client — Chameleon client [94] round 107: poisoned 132/266 samples (target=0, loss=0.1187, acc=0.961).
12:14:15  INFO      defenses.deepsight — DeepSight: 0 / 10 flagged  |  TE [MAL:0.018, ben:0.018, ben:0.016, ben:0.016, ben:0.018, ben:0.014, ben:0.016, ben:0.016, MAL:0.014, ben:0.018]  DDif [MAL:0.169, ben:0.167, ben:0.212, ben:0.166, ben:0.136, ben:0.219, ben:0.137, ben:0.123, MAL:0.217, ben:0.354]  labels [-1, -1, -1, -1, 0, -1, 0, -1, -1, -1]
12:14:47  INFO      defenses.deepsight — DeepSight: 0 / 10 flagged  |  TE [ben:0.012, ben:0.012, ben:0.016, ben:0.016, ben:0.016, ben:0.018, ben:0.018, ben:0.016, ben:0.018, ben:0.018]  DDif [ben:0.105, ben:0.105, ben:0.210, ben:0.134, ben:0.065, ben:0.193, ben:0.115, ben:0.150, ben:0.106, ben:0.083]  labels [-1, 0, -1, -1, -1, -1, 0, 0, -1, -1]
12:15:23  INFO      defenses.deepsight — DeepSight: 0 / 10 flagged  |  TE [ben:0.016, ben:0.018, ben:0.016, ben:0.014, ben:0.014, ben:0.016, ben:0.012, ben:0.016, ben:0.016, ben:0.018]  DDif [ben:0.156, ben:0.103, ben:0.229, ben:0.109, ben:0.160, ben:0.190, ben:0.103, ben:0.367, ben:0.191, ben:0.077]  labels [-1, -1, 0, 0, 0, 0, 0, -1, 0, 0]
12:15:28  INFO      attacks.chameleon_client — Chameleon client [11] round 110: optimising δ for 132/267 samples (ε=0.300, λ_sim=1.00, steps=100).
12:15:28  INFO      attacks.chameleon_client — Chameleon client [11] round 110: poisoned 132/267 samples (target=0, loss=0.0858, acc=0.979).
12:15:32  WARNING   attacks.chameleon_client — Chameleon client [85] round 110: no target-class samples in local data — falling back to benign training.
12:15:48  INFO      attacks.chameleon_client — Chameleon client [39] round 110: optimising δ for 133/267 samples (ε=0.300, λ_sim=1.00, steps=100).
12:15:48  INFO      attacks.chameleon_client — Chameleon client [39] round 110: poisoned 133/267 samples (target=0, loss=0.0644, acc=0.981).
12:15:52  INFO      defenses.deepsight — DeepSight: 0 / 10 flagged  |  TE [ben:0.016, MAL:0.018, ben:0.016, MAL:0.010, ben:0.016, ben:0.014, ben:0.016, ben:0.014, MAL:0.016, ben:0.018]  DDif [ben:0.214, MAL:0.170, ben:0.151, MAL:0.360, ben:0.119, ben:0.195, ben:0.103, ben:0.141, MAL:0.148, ben:0.226]  labels [-1, 0, -1, -1, 0, -1, -1, -1, -1, -1]
12:15:58  INFO      experiment.runner — Round  111/200  |  acc:  91.78%  loss: 0.3431  |  ASR:  49.60%  asr_loss: nan  |  TPR: 0.0%  FPR: 0.0%  |  mF1: 88.9%
12:16:31  INFO      defenses.deepsight — DeepSight: 0 / 10 flagged  |  TE [ben:0.021, ben:0.018, ben:0.016, ben:0.018, ben:0.018, ben:0.016, ben:0.020, ben:0.016, ben:0.016, ben:0.018]  DDif [ben:0.101, ben:0.263, ben:0.279, ben:0.164, ben:0.099, ben:0.114, ben:0.250, ben:0.164, ben:0.120, ben:0.217]  labels [0, -1, -1, -1, -1, 0, -1, -1, -1, -1]
12:16:32  WARNING   attacks.chameleon_client — Chameleon client [77] round 112: no target-class samples in local data — falling back to benign training.
12:16:35  INFO      attacks.chameleon_client — Chameleon client [46] round 112: optimising δ for 132/266 samples (ε=0.300, λ_sim=1.00, steps=100).
12:16:36  INFO      attacks.chameleon_client — Chameleon client [46] round 112: poisoned 132/266 samples (target=0, loss=0.0897, acc=0.973).
12:17:01  INFO      defenses.deepsight — DeepSight: 0 / 10 flagged  |  TE [MAL:0.012, MAL:0.014, ben:0.014, ben:0.016, ben:0.018, ben:0.016, ben:0.016, ben:0.014, ben:0.018, ben:0.014]  DDif [MAL:0.475, MAL:0.160, ben:0.098, ben:0.402, ben:0.077, ben:0.123, ben:0.176, ben:0.082, ben:0.230, ben:0.104]  labels [-1, -1, 0, -1, -1, 0, -1, -1, -1, -1]
12:17:35  INFO      defenses.deepsight — DeepSight: 0 / 10 flagged  |  TE [ben:0.012, ben:0.016, ben:0.018, ben:0.012, ben:0.014, ben:0.018, ben:0.020, ben:0.016, ben:0.014, ben:0.012]  DDif [ben:0.199, ben:0.104, ben:0.113, ben:0.141, ben:0.108, ben:0.100, ben:0.284, ben:0.094, ben:0.167, ben:0.047]  labels [-1, -1, -1, -1, 0, 0, -1, 0, -1, -1]
12:18:05  INFO      defenses.deepsight — DeepSight: 0 / 10 flagged  |  TE [ben:0.018, ben:0.016, ben:0.014, ben:0.018, ben:0.016, ben:0.016, ben:0.016, ben:0.016, ben:0.018, ben:0.014]  DDif [ben:0.175, ben:0.128, ben:0.237, ben:0.088, ben:0.316, ben:0.101, ben:0.292, ben:0.172, ben:0.072, ben:0.163]  labels [-1, 0, -1, 0, -1, -1, -1, 0, -1, -1]
12:18:44  INFO      defenses.deepsight — DeepSight: 0 / 10 flagged  |  TE [ben:0.016, ben:0.016, ben:0.020, ben:0.018, ben:0.014, ben:0.014, ben:0.016, ben:0.016, ben:0.016, ben:0.018]  DDif [ben:0.196, ben:0.096, ben:0.098, ben:0.082, ben:0.090, ben:0.103, ben:0.239, ben:0.125, ben:0.122, ben:0.078]  labels [-1, 0, 0, -1, 0, 0, -1, -1, 0, 0]
12:19:15  INFO      defenses.deepsight — DeepSight: 0 / 10 flagged  |  TE [ben:0.018, ben:0.018, ben:0.018, ben:0.014, ben:0.020, ben:0.016, ben:0.016, ben:0.016, ben:0.016, ben:0.016]  DDif [ben:0.092, ben:0.087, ben:0.180, ben:0.160, ben:0.114, ben:0.088, ben:0.181, ben:0.309, ben:0.207, ben:0.115]  labels [0, 0, 0, -1, 0, 0, 0, -1, 0, 0]
12:19:23  INFO      attacks.chameleon_client — Chameleon client [46] round 117: optimising δ for 132/266 samples (ε=0.300, λ_sim=1.00, steps=100).
12:19:23  INFO      attacks.chameleon_client — Chameleon client [46] round 117: poisoned 132/266 samples (target=0, loss=0.0864, acc=0.970).
12:19:48  INFO      defenses.deepsight — DeepSight: 0 / 10 flagged  |  TE [ben:0.016, ben:0.016, MAL:0.018, ben:0.014, ben:0.014, ben:0.014, ben:0.016, ben:0.012, ben:0.018, ben:0.018]  DDif [ben:0.182, ben:0.136, MAL:0.193, ben:0.129, ben:0.158, ben:0.101, ben:0.114, ben:0.200, ben:0.116, ben:0.138]  labels [0, 0, 0, 0, 0, 0, 0, 0, 0, 0]
12:19:58  INFO      attacks.chameleon_client — Chameleon client [10] round 118: optimising δ for 132/267 samples (ε=0.300, λ_sim=1.00, steps=100).
12:19:58  INFO      attacks.chameleon_client — Chameleon client [10] round 118: poisoned 132/267 samples (target=0, loss=0.0642, acc=0.977).
12:20:18  INFO      defenses.deepsight — DeepSight: 0 / 10 flagged  |  TE [ben:0.016, ben:0.012, ben:0.016, MAL:0.016, ben:0.014, ben:0.014, ben:0.012, ben:0.016, ben:0.020, ben:0.016]  DDif [ben:0.209, ben:0.104, ben:0.292, MAL:0.195, ben:0.102, ben:0.172, ben:0.111, ben:0.098, ben:0.100, ben:0.173]  labels [0, 0, -1, 0, 0, 0, 0, 0, 0, 0]
12:20:42  INFO      attacks.chameleon_client — Chameleon client [94] round 119: optimising δ for 132/266 samples (ε=0.300, λ_sim=1.00, steps=100).
12:20:43  INFO      attacks.chameleon_client — Chameleon client [94] round 119: poisoned 132/266 samples (target=0, loss=0.0666, acc=0.976).
12:20:49  INFO      defenses.deepsight — DeepSight: 0 / 10 flagged  |  TE [ben:0.016, ben:0.018, ben:0.020, ben:0.016, ben:0.016, ben:0.018, ben:0.014, MAL:0.016, ben:0.014, ben:0.016]  DDif [ben:0.112, ben:0.108, ben:0.100, ben:0.154, ben:0.145, ben:0.072, ben:0.196, MAL:0.115, ben:0.157, ben:0.110]  labels [0, 0, 0, 0, 0, -1, -1, 0, 0, 0]
12:21:20  INFO      defenses.deepsight — DeepSight: 0 / 10 flagged  |  TE [ben:0.016, ben:0.016, ben:0.014, ben:0.016, ben:0.016, ben:0.020, ben:0.014, ben:0.018, ben:0.016, ben:0.016]  DDif [ben:0.099, ben:0.290, ben:0.088, ben:0.115, ben:0.068, ben:0.053, ben:0.125, ben:0.140, ben:0.064, ben:0.061]  labels [-1, -1, 0, 0, 0, 0, -1, -1, 0, 0]
12:21:27  INFO      experiment.runner — Round  121/200  |  acc:  92.13%  loss: 0.3251  |  ASR:  53.80%  asr_loss: nan  |  FPR: 0.0%  |  mF1: 88.8%
12:21:43  INFO      attacks.chameleon_client — Chameleon client [32] round 121: optimising δ for 131/267 samples (ε=0.300, λ_sim=1.00, steps=100).
12:21:43  INFO      attacks.chameleon_client — Chameleon client [32] round 121: poisoned 131/267 samples (target=0, loss=0.0579, acc=0.980).
12:21:56  INFO      defenses.deepsight — DeepSight: 0 / 10 flagged  |  TE [ben:0.016, ben:0.016, ben:0.016, ben:0.016, ben:0.018, MAL:0.021, ben:0.016, ben:0.016, ben:0.016, ben:0.016]  DDif [ben:0.073, ben:0.152, ben:0.096, ben:0.119, ben:0.117, MAL:0.165, ben:0.159, ben:0.104, ben:0.124, ben:0.054]  labels [-1, -1, -1, -1, 0, -1, -1, -1, 0, -1]
12:22:08  INFO      attacks.chameleon_client — Chameleon client [32] round 122: optimising δ for 131/267 samples (ε=0.300, λ_sim=1.00, steps=100).
12:22:08  INFO      attacks.chameleon_client — Chameleon client [32] round 122: poisoned 131/267 samples (target=0, loss=0.0756, acc=0.978).
12:22:27  INFO      defenses.deepsight — DeepSight: 0 / 10 flagged  |  TE [ben:0.020, ben:0.018, ben:0.012, MAL:0.016, ben:0.012, ben:0.016, ben:0.018, ben:0.012, ben:0.020, ben:0.016]  DDif [ben:0.083, ben:0.150, ben:0.147, MAL:0.186, ben:0.089, ben:0.213, ben:0.091, ben:0.424, ben:0.258, ben:0.088]  labels [0, -1, -1, -1, -1, -1, 0, -1, -1, -1]
12:22:58  INFO      defenses.deepsight — DeepSight: 0 / 10 flagged  |  TE [ben:0.016, ben:0.014, ben:0.018, ben:0.014, ben:0.018, ben:0.016, ben:0.014, ben:0.012, ben:0.016, ben:0.016]  DDif [ben:0.114, ben:0.156, ben:0.112, ben:0.270, ben:0.157, ben:0.089, ben:0.124, ben:0.055, ben:0.188, ben:0.116]  labels [0, -1, -1, -1, -1, 0, 0, -1, -1, 0]
12:23:31  INFO      defenses.deepsight — DeepSight: 0 / 10 flagged  |  TE [ben:0.014, ben:0.020, ben:0.016, ben:0.016, ben:0.020, ben:0.016, ben:0.018, ben:0.016, ben:0.018, ben:0.016]  DDif [ben:0.328, ben:0.123, ben:0.054, ben:0.161, ben:0.126, ben:0.095, ben:0.093, ben:0.295, ben:0.134, ben:0.112]  labels [-1, 0, 0, -1, 0, 0, 0, -1, 0, 0]
12:23:41  INFO      attacks.chameleon_client — Chameleon client [46] round 125: optimising δ for 132/266 samples (ε=0.300, λ_sim=1.00, steps=100).
12:23:41  INFO      attacks.chameleon_client — Chameleon client [46] round 125: poisoned 132/266 samples (target=0, loss=0.0483, acc=0.985).
12:24:02  INFO      defenses.deepsight — DeepSight: 0 / 10 flagged  |  TE [ben:0.018, ben:0.014, ben:0.016, MAL:0.018, ben:0.018, ben:0.018, ben:0.018, ben:0.016, ben:0.014, ben:0.018]  DDif [ben:0.404, ben:0.173, ben:0.186, MAL:0.276, ben:0.085, ben:0.116, ben:0.160, ben:0.069, ben:0.207, ben:0.086]  labels [-1, -1, 0, -1, -1, 0, 0, -1, -1, 0]
12:24:16  INFO      attacks.chameleon_client — Chameleon client [46] round 126: optimising δ for 132/266 samples (ε=0.300, λ_sim=1.00, steps=100).
12:24:16  INFO      attacks.chameleon_client — Chameleon client [46] round 126: poisoned 132/266 samples (target=0, loss=0.0817, acc=0.971).
12:24:32  INFO      defenses.deepsight — DeepSight: 0 / 10 flagged  |  TE [ben:0.016, ben:0.014, ben:0.016, ben:0.016, MAL:0.018, ben:0.016, ben:0.016, ben:0.016, ben:0.018, ben:0.018]  DDif [ben:0.072, ben:0.116, ben:0.086, ben:0.253, MAL:0.182, ben:0.156, ben:0.271, ben:0.104, ben:0.054, ben:0.078]  labels [0, -1, 0, -1, -1, -1, -1, -1, 0, 0]
12:25:05  INFO      defenses.deepsight — DeepSight: 0 / 10 flagged  |  TE [ben:0.016, ben:0.014, ben:0.018, ben:0.016, ben:0.018, ben:0.018, ben:0.016, ben:0.014, ben:0.016, ben:0.016]  DDif [ben:0.249, ben:0.158, ben:0.060, ben:0.461, ben:0.122, ben:0.090, ben:0.169, ben:0.104, ben:0.093, ben:0.066]  labels [-1, -1, 0, -1, 0, 0, -1, -1, 0, 0]
12:25:09  INFO      attacks.chameleon_client — Chameleon client [11] round 128: optimising δ for 132/267 samples (ε=0.300, λ_sim=1.00, steps=100).
12:25:10  INFO      attacks.chameleon_client — Chameleon client [11] round 128: poisoned 132/267 samples (target=0, loss=0.0568, acc=0.984).
12:25:10  INFO      attacks.chameleon_client — Chameleon client [94] round 128: optimising δ for 132/266 samples (ε=0.300, λ_sim=1.00, steps=100).
12:25:11  INFO      attacks.chameleon_client — Chameleon client [94] round 128: poisoned 132/266 samples (target=0, loss=0.0426, acc=0.984).
12:25:30  INFO      attacks.chameleon_client — Chameleon client [46] round 128: optimising δ for 132/266 samples (ε=0.300, λ_sim=1.00, steps=100).
12:25:30  INFO      attacks.chameleon_client — Chameleon client [46] round 128: poisoned 132/266 samples (target=0, loss=0.0586, acc=0.978).
12:25:30  INFO      defenses.deepsight — DeepSight: 0 / 10 flagged  |  TE [ben:0.018, MAL:0.016, MAL:0.020, ben:0.021, ben:0.016, ben:0.016, ben:0.020, ben:0.014, ben:0.016, MAL:0.014]  DDif [ben:0.694, MAL:0.121, MAL:0.050, ben:0.069, ben:0.381, ben:0.459, ben:0.106, ben:0.094, ben:0.111, MAL:0.204]  labels [-1, 0, 0, 0, 0, 0, 0, 0, 0, 0]
12:25:37  INFO      attacks.chameleon_client — Chameleon client [21] round 129: optimising δ for 133/267 samples (ε=0.300, λ_sim=1.00, steps=100).
12:25:37  INFO      attacks.chameleon_client — Chameleon client [21] round 129: poisoned 133/267 samples (target=0, loss=0.0886, acc=0.976).
12:25:44  WARNING   attacks.chameleon_client — Chameleon client [85] round 129: no target-class samples in local data — falling back to benign training.
12:26:02  INFO      defenses.deepsight — DeepSight: 0 / 10 flagged  |  TE [ben:0.014, ben:0.018, MAL:0.016, ben:0.020, ben:0.014, MAL:0.014, ben:0.016, ben:0.016, ben:0.020, ben:0.016]  DDif [ben:0.108, ben:0.281, MAL:0.155, ben:0.109, ben:0.087, MAL:0.335, ben:0.175, ben:0.235, ben:0.159, ben:0.233]  labels [-1, -1, -1, 0, 0, -1, 0, -1, -1, -1]
12:26:33  INFO      defenses.deepsight — DeepSight: 0 / 10 flagged  |  TE [ben:0.018, ben:0.016, ben:0.014, ben:0.012, ben:0.016, ben:0.018, ben:0.020, ben:0.014, ben:0.016, ben:0.014]  DDif [ben:0.095, ben:0.079, ben:0.111, ben:0.072, ben:0.703, ben:0.298, ben:0.047, ben:0.156, ben:0.145, ben:0.071]  labels [0, -1, -1, -1, -1, -1, -1, -1, 0, -1]
12:26:41  INFO      experiment.runner — Round  131/200  |  acc:  92.49%  loss: 0.3283  |  ASR:  59.80%  asr_loss: nan  |  FPR: 0.0%  |  mF1: 89.5%
12:26:51  WARNING   attacks.chameleon_client — Chameleon client [85] round 131: no target-class samples in local data — falling back to benign training.
12:27:12  INFO      defenses.deepsight — DeepSight: 0 / 10 flagged  |  TE [ben:0.016, ben:0.018, ben:0.018, MAL:0.014, ben:0.014, ben:0.020, ben:0.016, ben:0.018, ben:0.016, ben:0.016]  DDif [ben:0.215, ben:0.061, ben:0.290, MAL:0.384, ben:0.222, ben:0.356, ben:0.081, ben:0.199, ben:0.171, ben:0.120]  labels [0, 0, 0, -1, 0, 0, 0, 0, 0, 0]
12:27:28  INFO      attacks.chameleon_client — Chameleon client [46] round 132: optimising δ for 132/266 samples (ε=0.300, λ_sim=1.00, steps=100).
12:27:28  INFO      attacks.chameleon_client — Chameleon client [46] round 132: poisoned 132/266 samples (target=0, loss=0.0359, acc=0.989).
12:27:32  WARNING   attacks.chameleon_client — Chameleon client [77] round 132: no target-class samples in local data — falling back to benign training.
12:27:44  INFO      defenses.deepsight — DeepSight: 0 / 10 flagged  |  TE [ben:0.016, ben:0.016, ben:0.018, ben:0.016, MAL:0.016, ben:0.014, MAL:0.014, ben:0.016, ben:0.016, ben:0.018]  DDif [ben:0.097, ben:0.111, ben:0.533, ben:0.221, MAL:0.198, ben:0.113, MAL:0.349, ben:0.069, ben:0.205, ben:0.116]  labels [-1, 0, -1, -1, 0, 0, -1, -1, -1, -1]
12:27:55  INFO      attacks.chameleon_client — Chameleon client [10] round 133: optimising δ for 132/267 samples (ε=0.300, λ_sim=1.00, steps=100).
12:27:55  INFO      attacks.chameleon_client — Chameleon client [10] round 133: poisoned 132/267 samples (target=0, loss=0.0590, acc=0.977).
12:28:14  INFO      defenses.deepsight — DeepSight: 0 / 10 flagged  |  TE [ben:0.014, ben:0.014, ben:0.018, MAL:0.016, ben:0.016, ben:0.021, ben:0.016, ben:0.016, ben:0.016, ben:0.020]  DDif [ben:0.078, ben:0.154, ben:0.138, MAL:0.191, ben:0.121, ben:0.175, ben:0.072, ben:0.211, ben:0.191, ben:0.279]  labels [-1, -1, -1, 0, -1, -1, -1, 0, 0, -1]
12:28:22  WARNING   attacks.chameleon_client — Chameleon client [77] round 134: no target-class samples in local data — falling back to benign training.
12:28:47  INFO      defenses.deepsight — DeepSight: 0 / 10 flagged  |  TE [ben:0.016, ben:0.020, MAL:0.014, ben:0.014, ben:0.014, ben:0.016, ben:0.016, ben:0.014, ben:0.014, ben:0.016]  DDif [ben:0.143, ben:0.062, MAL:0.373, ben:0.099, ben:0.085, ben:0.080, ben:0.053, ben:0.448, ben:0.143, ben:0.055]  labels [-1, 0, -1, -1, -1, -1, 0, -1, -1, 0]
12:29:23  INFO      defenses.deepsight — DeepSight: 0 / 10 flagged  |  TE [ben:0.016, ben:0.014, ben:0.018, ben:0.018, ben:0.016, ben:0.014, ben:0.020, ben:0.014, ben:0.016, ben:0.018]  DDif [ben:0.342, ben:0.095, ben:0.127, ben:0.133, ben:0.056, ben:0.106, ben:0.203, ben:0.165, ben:0.233, ben:0.099]  labels [-1, 0, -1, 0, -1, 0, -1, -1, -1, 0]
12:29:33  INFO      attacks.chameleon_client — Chameleon client [94] round 136: optimising δ for 132/266 samples (ε=0.300, λ_sim=1.00, steps=100).
12:29:34  INFO      attacks.chameleon_client — Chameleon client [94] round 136: poisoned 132/266 samples (target=0, loss=0.0698, acc=0.983).
12:29:41  INFO      attacks.chameleon_client — Chameleon client [21] round 136: optimising δ for 133/267 samples (ε=0.300, λ_sim=1.00, steps=100).
12:29:41  INFO      attacks.chameleon_client — Chameleon client [21] round 136: poisoned 133/267 samples (target=0, loss=0.0651, acc=0.978).
12:29:51  INFO      defenses.deepsight — DeepSight: 0 / 10 flagged  |  TE [ben:0.018, ben:0.016, ben:0.016, MAL:0.020, ben:0.020, ben:0.020, MAL:0.021, ben:0.018, ben:0.016, ben:0.018]  DDif [ben:0.125, ben:0.163, ben:0.172, MAL:0.223, ben:0.130, ben:0.296, MAL:0.099, ben:0.144, ben:0.114, ben:0.118]  labels [0, 0, -1, -1, 0, -1, -1, -1, -1, -1]
12:30:20  INFO      attacks.chameleon_client — Chameleon client [10] round 137: optimising δ for 132/267 samples (ε=0.300, λ_sim=1.00, steps=100).
12:30:20  INFO      attacks.chameleon_client — Chameleon client [10] round 137: poisoned 132/267 samples (target=0, loss=0.0501, acc=0.984).
12:30:24  INFO      defenses.deepsight — DeepSight: 0 / 10 flagged  |  TE [ben:0.016, ben:0.014, ben:0.016, ben:0.018, ben:0.016, ben:0.016, ben:0.014, ben:0.014, MAL:0.016, ben:0.020]  DDif [ben:0.096, ben:0.085, ben:0.103, ben:0.093, ben:0.112, ben:0.120, ben:0.122, ben:0.148, MAL:0.255, ben:0.100]  labels [0, 0, 0, 0, 0, 0, -1, -1, -1, 0]
12:30:30  INFO      attacks.chameleon_client — Chameleon client [46] round 138: optimising δ for 132/266 samples (ε=0.300, λ_sim=1.00, steps=100).
12:30:31  INFO      attacks.chameleon_client — Chameleon client [46] round 138: poisoned 132/266 samples (target=0, loss=0.0457, acc=0.986).
12:30:53  INFO      defenses.deepsight — DeepSight: 0 / 10 flagged  |  TE [ben:0.016, ben:0.020, MAL:0.018, ben:0.016, ben:0.016, ben:0.016, ben:0.014, ben:0.016, ben:0.014, ben:0.018]  DDif [ben:0.221, ben:0.188, MAL:0.115, ben:0.438, ben:0.067, ben:0.154, ben:0.203, ben:0.116, ben:0.242, ben:0.219]  labels [0, 0, 0, -1, -1, 0, 0, 0, -1, 0]
12:31:27  INFO      defenses.deepsight — DeepSight: 0 / 10 flagged  |  TE [ben:0.018, ben:0.018, ben:0.014, ben:0.014, ben:0.018, ben:0.016, ben:0.018, ben:0.016, ben:0.016, ben:0.020]  DDif [ben:0.259, ben:0.192, ben:0.177, ben:0.273, ben:0.084, ben:0.193, ben:0.109, ben:0.077, ben:0.108, ben:0.080]  labels [-1, 0, 0, -1, 0, 0, 0, 0, 0, 0]
12:31:37  INFO      attacks.chameleon_client — Chameleon client [94] round 140: optimising δ for 132/266 samples (ε=0.300, λ_sim=1.00, steps=100).
12:31:37  INFO      attacks.chameleon_client — Chameleon client [94] round 140: poisoned 132/266 samples (target=0, loss=0.0701, acc=0.977).
12:31:38  INFO      attacks.chameleon_client — Chameleon client [46] round 140: optimising δ for 132/266 samples (ε=0.300, λ_sim=1.00, steps=100).
12:31:38  INFO      attacks.chameleon_client — Chameleon client [46] round 140: poisoned 132/266 samples (target=0, loss=0.1015, acc=0.978).
12:31:54  INFO      defenses.deepsight — DeepSight: 0 / 10 flagged  |  TE [ben:0.016, ben:0.014, ben:0.016, MAL:0.018, MAL:0.018, ben:0.016, ben:0.014, ben:0.018, ben:0.020, ben:0.014]  DDif [ben:0.276, ben:0.048, ben:0.102, MAL:0.245, MAL:0.207, ben:0.066, ben:0.301, ben:0.120, ben:0.249, ben:0.157]  labels [-1, -1, 0, -1, 0, 0, 0, 0, 0, 0]
12:31:59  INFO      experiment.runner — Round  141/200  |  acc:  92.52%  loss: 0.3142  |  ASR:  55.00%  asr_loss: nan  |  TPR: 0.0%  FPR: 0.0%  |  mF1: 89.6%
12:32:03  WARNING   attacks.chameleon_client — Chameleon client [77] round 141: no target-class samples in local data — falling back to benign training.
12:32:33  INFO      defenses.deepsight — DeepSight: 0 / 10 flagged  |  TE [ben:0.014, MAL:0.014, ben:0.014, ben:0.014, ben:0.018, ben:0.016, ben:0.020, ben:0.016, ben:0.016, ben:0.018]  DDif [ben:0.122, MAL:0.287, ben:0.256, ben:0.096, ben:0.110, ben:0.049, ben:0.311, ben:0.099, ben:0.137, ben:0.331]  labels [0, 0, 0, 0, 0, 0, 0, 0, 0, 0]
12:32:45  INFO      attacks.chameleon_client — Chameleon client [10] round 142: optimising δ for 132/267 samples (ε=0.300, λ_sim=1.00, steps=100).
12:32:45  INFO      attacks.chameleon_client — Chameleon client [10] round 142: poisoned 132/267 samples (target=0, loss=0.0328, acc=0.988).
12:32:58  INFO      attacks.chameleon_client — Chameleon client [94] round 142: optimising δ for 132/266 samples (ε=0.300, λ_sim=1.00, steps=100).
12:32:59  INFO      attacks.chameleon_client — Chameleon client [94] round 142: poisoned 132/266 samples (target=0, loss=0.0595, acc=0.983).
12:33:02  INFO      defenses.deepsight — DeepSight: 0 / 10 flagged  |  TE [ben:0.014, ben:0.016, ben:0.016, MAL:0.018, ben:0.020, ben:0.014, ben:0.012, ben:0.018, MAL:0.016, ben:0.016]  DDif [ben:0.197, ben:0.148, ben:0.074, MAL:0.108, ben:0.260, ben:0.114, ben:0.089, ben:0.233, MAL:0.182, ben:0.186]  labels [0, -1, -1, -1, -1, -1, -1, -1, 0, 0]
12:33:19  INFO      attacks.chameleon_client — Chameleon client [46] round 143: optimising δ for 132/266 samples (ε=0.300, λ_sim=1.00, steps=100).
12:33:20  INFO      attacks.chameleon_client — Chameleon client [46] round 143: poisoned 132/266 samples (target=0, loss=0.0489, acc=0.985).
12:33:24  INFO      attacks.chameleon_client — Chameleon client [39] round 143: optimising δ for 133/267 samples (ε=0.300, λ_sim=1.00, steps=100).
12:33:24  INFO      attacks.chameleon_client — Chameleon client [39] round 143: poisoned 133/267 samples (target=0, loss=0.1084, acc=0.969).
12:33:31  INFO      defenses.deepsight — DeepSight: 0 / 10 flagged  |  TE [ben:0.014, ben:0.018, ben:0.016, ben:0.014, ben:0.020, MAL:0.020, ben:0.016, MAL:0.016, ben:0.018, ben:0.014]  DDif [ben:0.213, ben:0.080, ben:0.160, ben:0.107, ben:0.140, MAL:0.236, ben:0.098, MAL:0.328, ben:0.115, ben:0.074]  labels [-1, -1, -1, -1, -1, -1, 0, -1, -1, 0]
12:33:32  INFO      attacks.chameleon_client — Chameleon client [46] round 144: optimising δ for 132/266 samples (ε=0.300, λ_sim=1.00, steps=100).
12:33:32  INFO      attacks.chameleon_client — Chameleon client [46] round 144: poisoned 132/266 samples (target=0, loss=0.0359, acc=0.992).
12:34:01  INFO      defenses.deepsight — DeepSight: 0 / 10 flagged  |  TE [MAL:0.018, ben:0.018, ben:0.016, ben:0.016, ben:0.016, ben:0.016, ben:0.014, ben:0.018, ben:0.018, ben:0.016]  DDif [MAL:0.199, ben:0.078, ben:0.495, ben:0.091, ben:0.206, ben:0.319, ben:0.109, ben:0.155, ben:0.112, ben:0.158]  labels [0, -1, -1, -1, -1, -1, -1, 0, -1, 0]
12:34:34  INFO      defenses.deepsight — DeepSight: 0 / 10 flagged  |  TE [ben:0.012, ben:0.016, ben:0.016, ben:0.014, ben:0.014, ben:0.014, ben:0.014, ben:0.018, ben:0.014, ben:0.016]  DDif [ben:0.150, ben:0.126, ben:0.118, ben:0.105, ben:0.288, ben:0.108, ben:0.114, ben:0.130, ben:0.059, ben:0.118]  labels [-1, -1, 0, 0, -1, 0, -1, -1, -1, -1]
12:35:08  INFO      defenses.deepsight — DeepSight: 0 / 10 flagged  |  TE [ben:0.018, ben:0.020, ben:0.016, ben:0.014, ben:0.016, ben:0.018, ben:0.014, ben:0.014, ben:0.016, ben:0.020]  DDif [ben:0.130, ben:0.171, ben:0.186, ben:0.101, ben:0.189, ben:0.090, ben:0.120, ben:0.104, ben:0.092, ben:0.115]  labels [0, 0, 0, 0, 0, 0, 0, 0, 0, 0]
12:35:09  INFO      attacks.chameleon_client — Chameleon client [39] round 147: optimising δ for 133/267 samples (ε=0.300, λ_sim=1.00, steps=100).
12:35:09  INFO      attacks.chameleon_client — Chameleon client [39] round 147: poisoned 133/267 samples (target=0, loss=0.0410, acc=0.986).
12:35:29  INFO      attacks.chameleon_client — Chameleon client [7] round 147: optimising δ for 132/267 samples (ε=0.300, λ_sim=1.00, steps=100).
12:35:29  INFO      attacks.chameleon_client — Chameleon client [7] round 147: poisoned 132/267 samples (target=0, loss=0.0675, acc=0.982).
12:35:35  INFO      defenses.deepsight — DeepSight: 0 / 10 flagged  |  TE [MAL:0.014, ben:0.018, ben:0.016, ben:0.018, ben:0.020, ben:0.016, ben:0.016, MAL:0.016, ben:0.014, ben:0.016]  DDif [MAL:0.083, ben:0.062, ben:0.182, ben:0.082, ben:0.082, ben:0.134, ben:0.151, MAL:0.224, ben:0.058, ben:0.079]  labels [0, -1, -1, -1, -1, -1, -1, -1, -1, 0]
12:35:50  INFO      attacks.chameleon_client — Chameleon client [39] round 148: optimising δ for 133/267 samples (ε=0.300, λ_sim=1.00, steps=100).
12:35:50  INFO      attacks.chameleon_client — Chameleon client [39] round 148: poisoned 133/267 samples (target=0, loss=0.0360, acc=0.986).
12:36:08  INFO      defenses.deepsight — DeepSight: 0 / 10 flagged  |  TE [ben:0.018, ben:0.016, ben:0.014, MAL:0.018, ben:0.016, ben:0.018, ben:0.018, ben:0.018, ben:0.014, ben:0.016]  DDif [ben:0.099, ben:0.081, ben:0.057, MAL:0.137, ben:0.112, ben:0.154, ben:0.051, ben:0.236, ben:0.200, ben:0.167]  labels [-1, 0, 0, -1, -1, -1, -1, -1, -1, -1]
12:36:40  INFO      defenses.deepsight — DeepSight: 0 / 10 flagged  |  TE [ben:0.018, ben:0.016, ben:0.021, ben:0.016, ben:0.020, ben:0.016, ben:0.018, ben:0.016, ben:0.016, ben:0.016]  DDif [ben:0.151, ben:0.200, ben:0.085, ben:0.084, ben:0.279, ben:0.117, ben:0.136, ben:0.118, ben:0.252, ben:0.084]  labels [-1, -1, -1, -1, -1, 0, -1, 0, -1, 0]
12:37:08  INFO      attacks.chameleon_client — Chameleon client [39] round 150: optimising δ for 133/267 samples (ε=0.300, λ_sim=1.00, steps=100).
12:37:09  INFO      attacks.chameleon_client — Chameleon client [39] round 150: poisoned 133/267 samples (target=0, loss=0.0547, acc=0.987).
12:37:12  INFO      defenses.deepsight — DeepSight: 0 / 10 flagged  |  TE [ben:0.016, ben:0.018, ben:0.018, ben:0.016, ben:0.018, ben:0.014, ben:0.014, ben:0.016, MAL:0.018, ben:0.016]  DDif [ben:0.110, ben:0.070, ben:0.093, ben:0.271, ben:0.137, ben:0.102, ben:0.145, ben:0.301, MAL:0.326, ben:0.062]  labels [-1, 0, -1, -1, -1, 0, -1, -1, -1, -1]
12:37:17  INFO      experiment.runner — Round  151/200  |  acc:  92.67%  loss: 0.3075  |  ASR:  56.00%  asr_loss: nan  |  TPR: 0.0%  FPR: 0.0%  |  mF1: 89.7%
12:37:49  INFO      defenses.deepsight — DeepSight: 0 / 10 flagged  |  TE [ben:0.016, ben:0.018, ben:0.016, ben:0.018, ben:0.018, ben:0.016, ben:0.020, ben:0.016, ben:0.016, ben:0.016]  DDif [ben:0.116, ben:0.079, ben:0.124, ben:0.124, ben:0.059, ben:0.042, ben:0.080, ben:0.098, ben:0.164, ben:0.097]  labels [-1, -1, 0, -1, -1, -1, -1, 0, -1, -1]
12:37:53  INFO      attacks.chameleon_client — Chameleon client [94] round 152: optimising δ for 132/266 samples (ε=0.300, λ_sim=1.00, steps=100).
12:37:53  INFO      attacks.chameleon_client — Chameleon client [94] round 152: poisoned 132/266 samples (target=0, loss=0.0220, acc=0.992).
12:38:19  INFO      defenses.deepsight — DeepSight: 0 / 10 flagged  |  TE [ben:0.020, MAL:0.014, ben:0.020, ben:0.018, ben:0.016, ben:0.016, ben:0.014, ben:0.016, ben:0.018, ben:0.020]  DDif [ben:0.078, MAL:0.090, ben:0.071, ben:0.265, ben:0.154, ben:0.100, ben:0.093, ben:0.147, ben:0.103, ben:0.084]  labels [-1, -1, -1, -1, -1, 0, 0, -1, -1, -1]
12:38:32  INFO      attacks.chameleon_client — Chameleon client [94] round 153: optimising δ for 132/266 samples (ε=0.300, λ_sim=1.00, steps=100).
12:38:32  INFO      attacks.chameleon_client — Chameleon client [94] round 153: poisoned 132/266 samples (target=0, loss=0.0312, acc=0.989).
12:38:40  INFO      attacks.chameleon_client — Chameleon client [11] round 153: optimising δ for 132/267 samples (ε=0.300, λ_sim=1.00, steps=100).
12:38:40  INFO      attacks.chameleon_client — Chameleon client [11] round 153: poisoned 132/267 samples (target=0, loss=0.0536, acc=0.982).
12:38:49  INFO      defenses.deepsight — DeepSight: 0 / 10 flagged  |  TE [ben:0.016, ben:0.018, ben:0.014, MAL:0.018, ben:0.014, ben:0.018, MAL:0.014, ben:0.016, ben:0.014, ben:0.016]  DDif [ben:0.136, ben:0.116, ben:0.180, MAL:0.106, ben:0.131, ben:0.189, MAL:0.235, ben:0.057, ben:0.120, ben:0.142]  labels [0, -1, -1, -1, 0, -1, -1, -1, -1, -1]
12:39:11  INFO      attacks.chameleon_client — Chameleon client [11] round 154: optimising δ for 132/267 samples (ε=0.300, λ_sim=1.00, steps=100).
12:39:11  INFO      attacks.chameleon_client — Chameleon client [11] round 154: poisoned 132/267 samples (target=0, loss=0.1910, acc=0.954).
12:39:19  INFO      defenses.deepsight — DeepSight: 0 / 10 flagged  |  TE [ben:0.012, ben:0.016, ben:0.014, ben:0.014, ben:0.016, ben:0.016, ben:0.014, MAL:0.018, ben:0.016, ben:0.014]  DDif [ben:0.082, ben:0.076, ben:0.086, ben:0.165, ben:0.135, ben:0.113, ben:0.277, MAL:0.450, ben:0.170, ben:0.085]  labels [-1, -1, -1, -1, 0, 0, -1, -1, -1, -1]
12:39:37  INFO      attacks.chameleon_client — Chameleon client [11] round 155: optimising δ for 132/267 samples (ε=0.300, λ_sim=1.00, steps=100).
12:39:37  INFO      attacks.chameleon_client — Chameleon client [11] round 155: poisoned 132/267 samples (target=0, loss=0.0722, acc=0.987).
12:39:41  WARNING   attacks.chameleon_client — Chameleon client [85] round 155: no target-class samples in local data — falling back to benign training.
12:39:50  INFO      defenses.deepsight — DeepSight: 0 / 10 flagged  |  TE [ben:0.016, ben:0.016, ben:0.016, ben:0.018, ben:0.018, MAL:0.014, ben:0.020, MAL:0.016, ben:0.018, ben:0.016]  DDif [ben:0.173, ben:0.074, ben:0.122, ben:0.118, ben:0.082, MAL:0.393, ben:0.254, MAL:0.239, ben:0.198, ben:0.085]  labels [-1, -1, 0, -1, 0, -1, -1, -1, -1, 0]
12:40:25  INFO      defenses.deepsight — DeepSight: 0 / 10 flagged  |  TE [ben:0.018, ben:0.014, ben:0.018, ben:0.018, ben:0.016, ben:0.018, ben:0.016, ben:0.016, ben:0.018, ben:0.018]  DDif [ben:0.238, ben:0.072, ben:0.065, ben:0.261, ben:0.122, ben:0.226, ben:0.166, ben:0.077, ben:0.164, ben:0.146]  labels [0, 0, 0, -1, 0, -1, 0, 0, 0, 0]
12:40:56  INFO      defenses.deepsight — DeepSight: 0 / 10 flagged  |  TE [ben:0.016, ben:0.018, ben:0.014, ben:0.018, ben:0.012, ben:0.020, ben:0.018, ben:0.018, ben:0.018, ben:0.016]  DDif [ben:0.217, ben:0.120, ben:0.099, ben:0.257, ben:0.117, ben:0.084, ben:0.098, ben:0.130, ben:0.101, ben:0.186]  labels [-1, -1, -1, -1, -1, -1, 0, -1, 0, -1]
12:41:00  INFO      attacks.chameleon_client — Chameleon client [94] round 158: optimising δ for 132/266 samples (ε=0.300, λ_sim=1.00, steps=100).
12:41:00  INFO      attacks.chameleon_client — Chameleon client [94] round 158: poisoned 132/266 samples (target=0, loss=0.0295, acc=0.990).
12:41:23  INFO      attacks.chameleon_client — Chameleon client [11] round 158: optimising δ for 132/267 samples (ε=0.300, λ_sim=1.00, steps=100).
12:41:23  INFO      attacks.chameleon_client — Chameleon client [11] round 158: poisoned 132/267 samples (target=0, loss=0.0496, acc=0.981).
12:41:23  INFO      defenses.deepsight — DeepSight: 0 / 10 flagged  |  TE [ben:0.016, MAL:0.018, ben:0.018, ben:0.014, ben:0.016, ben:0.012, ben:0.014, ben:0.016, ben:0.016, MAL:0.014]  DDif [ben:0.208, MAL:0.114, ben:0.051, ben:0.080, ben:0.183, ben:0.079, ben:0.126, ben:0.073, ben:0.157, MAL:0.264]  labels [0, 0, 0, 0, 0, 0, 0, 0, 0, -1]
12:41:57  INFO      defenses.deepsight — DeepSight: 0 / 10 flagged  |  TE [ben:0.016, ben:0.014, ben:0.020, ben:0.016, ben:0.021, ben:0.014, ben:0.016, ben:0.016, ben:0.016, ben:0.018]  DDif [ben:0.093, ben:0.175, ben:0.368, ben:0.228, ben:0.077, ben:0.105, ben:0.142, ben:0.059, ben:0.258, ben:0.093]  labels [-1, -1, -1, -1, -1, 0, -1, -1, -1, 0]
12:42:30  INFO      defenses.deepsight — DeepSight: 0 / 10 flagged  |  TE [ben:0.016, ben:0.018, ben:0.016, ben:0.020, ben:0.018, ben:0.021, ben:0.018, ben:0.018, ben:0.020, ben:0.020]  DDif [ben:0.148, ben:0.090, ben:0.158, ben:0.099, ben:0.177, ben:0.091, ben:0.130, ben:0.157, ben:0.056, ben:0.269]  labels [0, -1, -1, -1, -1, 0, 0, -1, -1, -1]
12:42:36  INFO      experiment.runner — Round  161/200  |  acc:  92.49%  loss: 0.3261  |  ASR:  40.40%  asr_loss: nan  |  FPR: 0.0%  |  mF1: 89.4%
12:43:09  INFO      defenses.deepsight — DeepSight: 0 / 10 flagged  |  TE [ben:0.020, ben:0.016, ben:0.012, ben:0.016, ben:0.020, ben:0.014, ben:0.018, ben:0.020, ben:0.014, ben:0.018]  DDif [ben:0.244, ben:0.149, ben:0.113, ben:0.081, ben:0.170, ben:0.067, ben:0.121, ben:0.605, ben:0.082, ben:0.059]  labels [-1, 0, -1, 0, -1, 0, -1, -1, 0, 0]
12:43:32  INFO      attacks.chameleon_client — Chameleon client [21] round 162: optimising δ for 133/267 samples (ε=0.300, λ_sim=1.00, steps=100).
12:43:33  INFO      attacks.chameleon_client — Chameleon client [21] round 162: poisoned 133/267 samples (target=0, loss=0.0563, acc=0.984).
12:43:39  INFO      defenses.deepsight — DeepSight: 0 / 10 flagged  |  TE [ben:0.018, ben:0.014, ben:0.012, ben:0.018, ben:0.016, ben:0.014, ben:0.016, MAL:0.016, ben:0.018, ben:0.014]  DDif [ben:0.124, ben:0.065, ben:0.119, ben:0.144, ben:0.085, ben:0.147, ben:0.128, MAL:0.204, ben:0.112, ben:0.099]  labels [-1, -1, -1, -1, -1, 0, 0, -1, -1, -1]
12:43:40  INFO      attacks.chameleon_client — Chameleon client [21] round 163: optimising δ for 133/267 samples (ε=0.300, λ_sim=1.00, steps=100).
12:43:41  INFO      attacks.chameleon_client — Chameleon client [21] round 163: poisoned 133/267 samples (target=0, loss=0.0340, acc=0.986).
12:44:10  INFO      defenses.deepsight — DeepSight: 0 / 10 flagged  |  TE [MAL:0.016, ben:0.018, ben:0.016, ben:0.016, ben:0.018, ben:0.016, ben:0.016, ben:0.020, ben:0.016, ben:0.018]  DDif [MAL:0.093, ben:0.063, ben:0.135, ben:0.116, ben:0.104, ben:0.155, ben:0.118, ben:0.208, ben:0.130, ben:0.135]  labels [-1, -1, -1, -1, 0, -1, -1, -1, 0, -1]
12:44:42  INFO      defenses.deepsight — DeepSight: 0 / 10 flagged  |  TE [ben:0.018, ben:0.016, ben:0.018, ben:0.018, ben:0.018, ben:0.014, ben:0.020, ben:0.018, ben:0.016, ben:0.018]  DDif [ben:0.156, ben:0.087, ben:0.076, ben:0.190, ben:0.126, ben:0.117, ben:0.063, ben:0.053, ben:0.429, ben:0.120]  labels [-1, -1, -1, -1, 0, 0, -1, -1, -1, 0]
12:44:53  INFO      attacks.chameleon_client — Chameleon client [32] round 165: optimising δ for 131/267 samples (ε=0.300, λ_sim=1.00, steps=100).
12:44:53  INFO      attacks.chameleon_client — Chameleon client [32] round 165: poisoned 131/267 samples (target=0, loss=0.1159, acc=0.973).
12:45:04  INFO      attacks.chameleon_client — Chameleon client [39] round 165: optimising δ for 133/267 samples (ε=0.300, λ_sim=1.00, steps=100).
12:45:05  INFO      attacks.chameleon_client — Chameleon client [39] round 165: poisoned 133/267 samples (target=0, loss=0.0988, acc=0.978).
12:45:11  INFO      defenses.deepsight — DeepSight: 0 / 10 flagged  |  TE [ben:0.016, ben:0.020, ben:0.018, MAL:0.018, ben:0.020, ben:0.014, ben:0.014, MAL:0.016, ben:0.016, ben:0.016]  DDif [ben:0.338, ben:0.134, ben:0.060, MAL:0.538, ben:0.327, ben:0.159, ben:0.139, MAL:0.324, ben:0.152, ben:0.082]  labels [0, -1, -1, -1, 0, -1, -1, 0, -1, -1]
12:45:44  INFO      defenses.deepsight — DeepSight: 0 / 10 flagged  |  TE [ben:0.016, ben:0.018, ben:0.016, ben:0.014, ben:0.016, ben:0.018, ben:0.018, ben:0.016, ben:0.016, ben:0.014]  DDif [ben:0.117, ben:0.146, ben:0.120, ben:0.075, ben:0.072, ben:0.073, ben:0.112, ben:0.361, ben:0.048, ben:0.127]  labels [0, 0, 0, 0, 0, 0, -1, -1, -1, 0]
12:46:16  INFO      attacks.chameleon_client — Chameleon client [32] round 167: optimising δ for 131/267 samples (ε=0.300, λ_sim=1.00, steps=100).
12:46:16  INFO      attacks.chameleon_client — Chameleon client [32] round 167: poisoned 131/267 samples (target=0, loss=0.0385, acc=0.986).
12:46:16  INFO      defenses.deepsight — DeepSight: 0 / 10 flagged  |  TE [ben:0.018, ben:0.016, ben:0.018, ben:0.012, ben:0.014, ben:0.018, ben:0.016, ben:0.012, ben:0.016, MAL:0.018]  DDif [ben:0.205, ben:0.090, ben:0.053, ben:0.305, ben:0.106, ben:0.184, ben:0.184, ben:0.174, ben:0.064, MAL:0.069]  labels [0, -1, -1, -1, 0, 0, 0, 0, 0, -1]
12:46:29  INFO      attacks.chameleon_client — Chameleon client [11] round 168: optimising δ for 132/267 samples (ε=0.300, λ_sim=1.00, steps=100).
12:46:29  INFO      attacks.chameleon_client — Chameleon client [11] round 168: poisoned 132/267 samples (target=0, loss=0.0336, acc=0.987).
12:46:46  INFO      defenses.deepsight — DeepSight: 0 / 10 flagged  |  TE [ben:0.018, ben:0.014, ben:0.016, ben:0.018, MAL:0.018, ben:0.016, ben:0.014, ben:0.018, ben:0.016, ben:0.014]  DDif [ben:0.106, ben:0.150, ben:0.094, ben:0.544, MAL:0.182, ben:0.106, ben:0.106, ben:0.087, ben:0.057, ben:0.094]  labels [0, 0, -1, -1, -1, 0, 0, -1, -1, -1]
12:47:02  INFO      attacks.chameleon_client — Chameleon client [94] round 169: optimising δ for 132/266 samples (ε=0.300, λ_sim=1.00, steps=100).
12:47:03  INFO      attacks.chameleon_client — Chameleon client [94] round 169: poisoned 132/266 samples (target=0, loss=0.0515, acc=0.983).
12:47:16  INFO      defenses.deepsight — DeepSight: 0 / 10 flagged  |  TE [ben:0.014, ben:0.014, ben:0.020, ben:0.020, ben:0.014, MAL:0.020, ben:0.016, ben:0.020, ben:0.016, ben:0.014]  DDif [ben:0.072, ben:0.131, ben:0.121, ben:0.110, ben:0.203, MAL:0.164, ben:0.178, ben:0.089, ben:0.303, ben:0.096]  labels [-1, -1, 0, -1, -1, -1, -1, -1, -1, 0]
12:47:33  INFO      attacks.chameleon_client — Chameleon client [39] round 170: optimising δ for 133/267 samples (ε=0.300, λ_sim=1.00, steps=100).
12:47:33  INFO      attacks.chameleon_client — Chameleon client [39] round 170: poisoned 133/267 samples (target=0, loss=0.0629, acc=0.984).
12:47:46  INFO      defenses.deepsight — DeepSight: 0 / 10 flagged  |  TE [ben:0.020, ben:0.014, ben:0.014, ben:0.016, ben:0.018, MAL:0.020, ben:0.016, ben:0.016, ben:0.018, ben:0.014]  DDif [ben:0.074, ben:0.076, ben:0.048, ben:0.070, ben:0.081, MAL:0.249, ben:0.117, ben:0.084, ben:0.103, ben:0.120]  labels [0, -1, -1, -1, 0, -1, -1, -1, -1, -1]
12:47:52  INFO      experiment.runner — Round  171/200  |  acc:  92.54%  loss: 0.3148  |  ASR:  59.00%  asr_loss: nan  |  TPR: 0.0%  FPR: 0.0%  |  mF1: 89.6%
12:47:52  INFO      attacks.chameleon_client — Chameleon client [11] round 171: optimising δ for 132/267 samples (ε=0.300, λ_sim=1.00, steps=100).
12:47:53  INFO      attacks.chameleon_client — Chameleon client [11] round 171: poisoned 132/267 samples (target=0, loss=0.0576, acc=0.982).
12:47:53  INFO      attacks.chameleon_client — Chameleon client [94] round 171: optimising δ for 132/266 samples (ε=0.300, λ_sim=1.00, steps=100).
12:47:54  INFO      attacks.chameleon_client — Chameleon client [94] round 171: poisoned 132/266 samples (target=0, loss=0.0247, acc=0.993).
12:48:20  INFO      defenses.deepsight — DeepSight: 0 / 10 flagged  |  TE [MAL:0.018, MAL:0.018, ben:0.016, ben:0.018, ben:0.016, ben:0.016, ben:0.016, ben:0.018, ben:0.018, ben:0.018]  DDif [MAL:0.406, MAL:0.096, ben:0.075, ben:0.155, ben:0.172, ben:0.244, ben:0.062, ben:0.059, ben:0.303, ben:0.114]  labels [-1, 0, 0, -1, 0, -1, 0, 0, -1, 0]
12:48:52  INFO      defenses.deepsight — DeepSight: 0 / 10 flagged  |  TE [ben:0.018, ben:0.016, ben:0.020, ben:0.018, ben:0.016, ben:0.018, ben:0.016, ben:0.021, ben:0.016, ben:0.018]  DDif [ben:0.073, ben:0.040, ben:0.144, ben:0.168, ben:0.072, ben:0.063, ben:0.199, ben:0.081, ben:0.075, ben:0.058]  labels [-1, -1, -1, -1, 0, 0, -1, -1, -1, -1]
12:49:06  INFO      attacks.chameleon_client — Chameleon client [32] round 173: optimising δ for 131/267 samples (ε=0.300, λ_sim=1.00, steps=100).
12:49:06  INFO      attacks.chameleon_client — Chameleon client [32] round 173: poisoned 131/267 samples (target=0, loss=0.0250, acc=0.992).
12:49:14  WARNING   attacks.chameleon_client — Chameleon client [77] round 173: no target-class samples in local data — falling back to benign training.
12:49:24  INFO      defenses.deepsight — DeepSight: 0 / 10 flagged  |  TE [ben:0.018, ben:0.018, ben:0.018, ben:0.014, MAL:0.016, ben:0.018, ben:0.016, MAL:0.012, ben:0.016, ben:0.018]  DDif [ben:0.493, ben:0.075, ben:0.144, ben:0.347, MAL:0.116, ben:0.056, ben:0.116, MAL:0.328, ben:0.062, ben:0.080]  labels [-1, 0, -1, -1, -1, 0, -1, -1, -1, 0]
12:49:46  INFO      attacks.chameleon_client — Chameleon client [7] round 174: optimising δ for 132/267 samples (ε=0.300, λ_sim=1.00, steps=100).
12:49:46  INFO      attacks.chameleon_client — Chameleon client [7] round 174: poisoned 132/267 samples (target=0, loss=0.0377, acc=0.987).
12:49:53  INFO      defenses.deepsight — DeepSight: 0 / 10 flagged  |  TE [ben:0.018, ben:0.014, ben:0.018, ben:0.014, ben:0.016, ben:0.018, ben:0.016, MAL:0.018, ben:0.018, ben:0.018]  DDif [ben:0.119, ben:0.075, ben:0.096, ben:0.110, ben:0.290, ben:0.237, ben:0.051, MAL:0.141, ben:0.054, ben:0.058]  labels [-1, 0, 0, 0, -1, -1, -1, -1, -1, -1]
12:50:24  INFO      defenses.deepsight — DeepSight: 0 / 10 flagged  |  TE [ben:0.018, ben:0.014, ben:0.016, ben:0.014, ben:0.016, ben:0.016, ben:0.016, ben:0.020, ben:0.018, ben:0.016]  DDif [ben:0.287, ben:0.108, ben:0.121, ben:0.080, ben:0.197, ben:0.074, ben:0.126, ben:0.059, ben:0.202, ben:0.136]  labels [-1, 0, 0, -1, -1, 0, -1, -1, -1, -1]
12:50:38  INFO      attacks.chameleon_client — Chameleon client [32] round 176: optimising δ for 131/267 samples (ε=0.300, λ_sim=1.00, steps=100).
12:50:38  INFO      attacks.chameleon_client — Chameleon client [32] round 176: poisoned 131/267 samples (target=0, loss=0.0352, acc=0.989).
12:50:57  INFO      defenses.deepsight — DeepSight: 0 / 10 flagged  |  TE [ben:0.014, ben:0.018, ben:0.016, MAL:0.014, ben:0.014, ben:0.016, ben:0.018, ben:0.018, ben:0.018, ben:0.018]  DDif [ben:0.139, ben:0.114, ben:0.109, MAL:0.193, ben:0.139, ben:0.071, ben:0.133, ben:0.422, ben:0.086, ben:0.207]  labels [0, -1, 0, -1, -1, -1, -1, -1, 0, -1]
12:51:30  INFO      defenses.deepsight — DeepSight: 0 / 10 flagged  |  TE [ben:0.014, ben:0.018, ben:0.016, ben:0.018, ben:0.016, ben:0.018, ben:0.016, ben:0.020, ben:0.018, ben:0.020]  DDif [ben:0.090, ben:0.309, ben:0.217, ben:0.055, ben:0.052, ben:0.071, ben:0.169, ben:0.133, ben:0.047, ben:0.096]  labels [-1, -1, -1, -1, 0, -1, -1, -1, 0, 0]
12:52:02  INFO      defenses.deepsight — DeepSight: 0 / 10 flagged  |  TE [ben:0.021, ben:0.018, ben:0.016, ben:0.016, ben:0.016, ben:0.018, ben:0.016, ben:0.016, ben:0.014, ben:0.018]  DDif [ben:0.121, ben:0.267, ben:0.097, ben:0.144, ben:0.103, ben:0.340, ben:0.115, ben:0.073, ben:0.301, ben:0.121]  labels [-1, -1, -1, -1, 0, -1, -1, -1, -1, 0]
12:52:23  INFO      attacks.chameleon_client — Chameleon client [46] round 179: optimising δ for 132/266 samples (ε=0.300, λ_sim=1.00, steps=100).
12:52:23  INFO      attacks.chameleon_client — Chameleon client [46] round 179: poisoned 132/266 samples (target=0, loss=0.0750, acc=0.978).
12:52:33  INFO      defenses.deepsight — DeepSight: 0 / 10 flagged  |  TE [ben:0.018, ben:0.018, ben:0.014, ben:0.018, ben:0.018, ben:0.016, MAL:0.020, ben:0.020, ben:0.016, ben:0.016]  DDif [ben:0.095, ben:0.092, ben:0.054, ben:0.131, ben:0.095, ben:0.028, MAL:0.178, ben:0.133, ben:0.041, ben:0.098]  labels [0, -1, -1, -1, -1, -1, -1, -1, -1, 0]
12:52:49  WARNING   attacks.chameleon_client — Chameleon client [85] round 180: no target-class samples in local data — falling back to benign training.
12:53:04  INFO      defenses.deepsight — DeepSight: 0 / 10 flagged  |  TE [ben:0.016, ben:0.018, ben:0.018, ben:0.016, ben:0.014, MAL:0.014, ben:0.018, ben:0.020, ben:0.021, ben:0.016]  DDif [ben:0.095, ben:0.335, ben:0.043, ben:0.121, ben:0.056, MAL:0.232, ben:0.106, ben:0.063, ben:0.086, ben:0.067]  labels [0, -1, 0, -1, -1, -1, -1, -1, -1, -1]
12:53:11  INFO      experiment.runner — Round  181/200  |  acc:  92.95%  loss: 0.2988  |  ASR:  45.00%  asr_loss: nan  |  TPR: 0.0%  FPR: 0.0%  |  mF1: 89.9%
12:53:43  INFO      defenses.deepsight — DeepSight: 0 / 10 flagged  |  TE [ben:0.016, ben:0.016, ben:0.018, ben:0.014, ben:0.018, ben:0.018, ben:0.021, ben:0.021, ben:0.016, ben:0.016]  DDif [ben:0.063, ben:0.071, ben:0.178, ben:0.069, ben:0.170, ben:0.053, ben:0.072, ben:0.206, ben:0.118, ben:0.066]  labels [0, 0, -1, -1, -1, -1, 0, -1, -1, -1]
12:53:54  INFO      attacks.chameleon_client — Chameleon client [32] round 182: optimising δ for 131/267 samples (ε=0.300, λ_sim=1.00, steps=100).
12:53:54  INFO      attacks.chameleon_client — Chameleon client [32] round 182: poisoned 131/267 samples (target=0, loss=0.0235, acc=0.992).
12:54:14  INFO      defenses.deepsight — DeepSight: 0 / 10 flagged  |  TE [ben:0.021, ben:0.018, ben:0.018, MAL:0.020, ben:0.016, ben:0.020, ben:0.016, ben:0.016, ben:0.016, ben:0.016]  DDif [ben:0.121, ben:0.055, ben:0.112, MAL:0.186, ben:0.097, ben:0.093, ben:0.100, ben:0.193, ben:0.141, ben:0.092]  labels [0, -1, -1, -1, 0, -1, 0, -1, -1, -1]
12:54:22  WARNING   attacks.chameleon_client — Chameleon client [85] round 183: no target-class samples in local data — falling back to benign training.
12:54:47  INFO      defenses.deepsight — DeepSight: 0 / 10 flagged  |  TE [ben:0.018, ben:0.014, MAL:0.016, ben:0.018, ben:0.014, ben:0.014, ben:0.016, ben:0.016, ben:0.018, ben:0.023]  DDif [ben:0.049, ben:0.154, MAL:0.246, ben:0.081, ben:0.064, ben:0.085, ben:0.075, ben:0.112, ben:0.079, ben:0.091]  labels [-1, -1, -1, 0, -1, -1, -1, -1, 0, -1]
12:55:21  INFO      defenses.deepsight — DeepSight: 0 / 10 flagged  |  TE [ben:0.018, ben:0.014, ben:0.018, ben:0.014, ben:0.020, ben:0.018, ben:0.016, ben:0.014, ben:0.016, ben:0.020]  DDif [ben:0.067, ben:0.192, ben:0.116, ben:0.108, ben:0.148, ben:0.180, ben:0.211, ben:0.106, ben:0.366, ben:0.080]  labels [0, 0, 0, -1, 0, 0, -1, -1, -1, 0]
12:55:34  WARNING   attacks.chameleon_client — Chameleon client [85] round 185: no target-class samples in local data — falling back to benign training.
12:55:54  INFO      defenses.deepsight — DeepSight: 0 / 10 flagged  |  TE [ben:0.018, ben:0.016, ben:0.016, ben:0.016, MAL:0.012, ben:0.016, ben:0.016, ben:0.016, ben:0.020, ben:0.018]  DDif [ben:0.118, ben:0.305, ben:0.049, ben:0.127, MAL:0.164, ben:0.141, ben:0.180, ben:0.091, ben:0.050, ben:0.084]  labels [0, -1, 0, 0, 0, 0, -1, 0, 0, 0]
12:55:54  INFO      attacks.chameleon_client — Chameleon client [21] round 186: optimising δ for 133/267 samples (ε=0.300, λ_sim=1.00, steps=100).
12:55:55  INFO      attacks.chameleon_client — Chameleon client [21] round 186: poisoned 133/267 samples (target=0, loss=0.0431, acc=0.985).
12:56:20  INFO      attacks.chameleon_client — Chameleon client [10] round 186: optimising δ for 132/267 samples (ε=0.300, λ_sim=1.00, steps=100).
12:56:20  INFO      attacks.chameleon_client — Chameleon client [10] round 186: poisoned 132/267 samples (target=0, loss=0.0608, acc=0.978).
12:56:20  INFO      defenses.deepsight — DeepSight: 0 / 10 flagged  |  TE [MAL:0.016, ben:0.018, ben:0.021, ben:0.018, ben:0.016, ben:0.016, ben:0.018, ben:0.016, ben:0.016, MAL:0.016]  DDif [MAL:0.132, ben:0.094, ben:0.138, ben:0.054, ben:0.104, ben:0.108, ben:0.111, ben:0.076, ben:0.247, MAL:0.159]  labels [0, -1, -1, -1, -1, -1, -1, -1, -1, 0]
12:56:48  INFO      attacks.chameleon_client — Chameleon client [46] round 187: optimising δ for 132/266 samples (ε=0.300, λ_sim=1.00, steps=100).
12:56:49  INFO      attacks.chameleon_client — Chameleon client [46] round 187: poisoned 132/266 samples (target=0, loss=0.0343, acc=0.988).
12:56:55  INFO      defenses.deepsight — DeepSight: 0 / 10 flagged  |  TE [ben:0.014, ben:0.016, ben:0.018, ben:0.014, ben:0.020, ben:0.016, ben:0.018, MAL:0.016, ben:0.018, ben:0.018]  DDif [ben:0.161, ben:0.102, ben:0.069, ben:0.073, ben:0.109, ben:0.423, ben:0.063, MAL:0.172, ben:0.028, ben:0.077]  labels [-1, -1, -1, 0, 0, -1, 0, -1, -1, -1]
12:57:15  INFO      attacks.chameleon_client — Chameleon client [10] round 188: optimising δ for 132/267 samples (ε=0.300, λ_sim=1.00, steps=100).
12:57:15  INFO      attacks.chameleon_client — Chameleon client [10] round 188: poisoned 132/267 samples (target=0, loss=0.0417, acc=0.985).
12:57:22  INFO      attacks.chameleon_client — Chameleon client [39] round 188: optimising δ for 133/267 samples (ε=0.300, λ_sim=1.00, steps=100).
12:57:23  INFO      attacks.chameleon_client — Chameleon client [39] round 188: poisoned 133/267 samples (target=0, loss=0.0344, acc=0.989).
12:57:23  INFO      defenses.deepsight — DeepSight: 0 / 10 flagged  |  TE [ben:0.014, ben:0.018, ben:0.018, ben:0.018, ben:0.016, ben:0.018, MAL:0.016, ben:0.018, ben:0.014, MAL:0.020]  DDif [ben:0.087, ben:0.089, ben:0.136, ben:0.335, ben:0.142, ben:0.126, MAL:0.174, ben:0.132, ben:0.047, MAL:0.141]  labels [-1, -1, -1, -1, 0, -1, -1, 0, -1, 0]
12:57:40  INFO      attacks.chameleon_client — Chameleon client [39] round 189: optimising δ for 133/267 samples (ε=0.300, λ_sim=1.00, steps=100).
12:57:41  INFO      attacks.chameleon_client — Chameleon client [39] round 189: poisoned 133/267 samples (target=0, loss=0.0437, acc=0.986).
12:57:51  INFO      attacks.chameleon_client — Chameleon client [11] round 189: optimising δ for 132/267 samples (ε=0.300, λ_sim=1.00, steps=100).
12:57:51  INFO      attacks.chameleon_client — Chameleon client [11] round 189: poisoned 132/267 samples (target=0, loss=0.0240, acc=0.993).
12:57:51  INFO      defenses.deepsight — DeepSight: 0 / 10 flagged  |  TE [ben:0.020, ben:0.018, ben:0.014, ben:0.018, ben:0.016, MAL:0.016, ben:0.016, ben:0.016, ben:0.020, MAL:0.020]  DDif [ben:0.114, ben:0.069, ben:0.068, ben:0.145, ben:0.082, MAL:0.301, ben:0.152, ben:0.093, ben:0.106, MAL:0.204]  labels [-1, -1, 0, -1, -1, -1, -1, -1, 0, -1]
12:58:04  WARNING   attacks.chameleon_client — Chameleon client [77] round 190: no target-class samples in local data — falling back to benign training.
12:58:24  INFO      defenses.deepsight — DeepSight: 0 / 10 flagged  |  TE [ben:0.018, ben:0.014, ben:0.018, ben:0.016, MAL:0.012, ben:0.018, ben:0.016, ben:0.014, ben:0.016, ben:0.018]  DDif [ben:0.181, ben:0.138, ben:0.184, ben:0.246, MAL:0.367, ben:0.111, ben:0.263, ben:0.318, ben:0.093, ben:0.052]  labels [-1, 0, 0, -1, -1, 0, -1, -1, 0, 0]
12:58:32  INFO      experiment.runner — Round  191/200  |  acc:  93.14%  loss: 0.2872  |  ASR:  42.80%  asr_loss: nan  |  TPR: 0.0%  FPR: 0.0%  |  mF1: 90.4%
12:58:51  WARNING   attacks.chameleon_client — Chameleon client [77] round 191: no target-class samples in local data — falling back to benign training.
12:59:03  INFO      defenses.deepsight — DeepSight: 0 / 10 flagged  |  TE [ben:0.016, ben:0.014, ben:0.016, ben:0.018, ben:0.016, ben:0.016, MAL:0.010, ben:0.018, ben:0.016, ben:0.018]  DDif [ben:0.135, ben:0.147, ben:0.086, ben:0.080, ben:0.056, ben:0.081, MAL:0.354, ben:0.094, ben:0.151, ben:0.170]  labels [0, -1, 0, -1, -1, 0, -1, -1, -1, -1]
12:59:13  INFO      attacks.chameleon_client — Chameleon client [10] round 192: optimising δ for 132/267 samples (ε=0.300, λ_sim=1.00, steps=100).
12:59:13  INFO      attacks.chameleon_client — Chameleon client [10] round 192: poisoned 132/267 samples (target=0, loss=0.0555, acc=0.987).
12:59:14  WARNING   attacks.chameleon_client — Chameleon client [77] round 192: no target-class samples in local data — falling back to benign training.
12:59:32  INFO      defenses.deepsight — DeepSight: 0 / 10 flagged  |  TE [ben:0.020, ben:0.016, ben:0.016, MAL:0.020, MAL:0.010, ben:0.020, ben:0.018, ben:0.018, ben:0.020, ben:0.014]  DDif [ben:0.138, ben:0.377, ben:0.228, MAL:0.237, MAL:0.192, ben:0.202, ben:0.222, ben:0.162, ben:0.202, ben:0.153]  labels [-1, -1, 0, -1, -1, 0, -1, 0, 0, -1]
13:00:06  INFO      defenses.deepsight — DeepSight: 0 / 10 flagged  |  TE [ben:0.018, ben:0.016, ben:0.018, ben:0.020, ben:0.020, ben:0.020, ben:0.014, ben:0.018, ben:0.018, ben:0.018]  DDif [ben:0.072, ben:0.082, ben:0.162, ben:0.222, ben:0.077, ben:0.124, ben:0.228, ben:0.151, ben:0.087, ben:0.199]  labels [0, 0, 0, -1, 0, 0, -1, 0, 0, -1]
13:00:10  INFO      attacks.chameleon_client — Chameleon client [39] round 194: optimising δ for 133/267 samples (ε=0.300, λ_sim=1.00, steps=100).
13:00:10  INFO      attacks.chameleon_client — Chameleon client [39] round 194: poisoned 133/267 samples (target=0, loss=0.0295, acc=0.992).
13:00:37  INFO      defenses.deepsight — DeepSight: 0 / 10 flagged  |  TE [ben:0.016, MAL:0.018, ben:0.018, ben:0.016, ben:0.016, ben:0.016, ben:0.018, ben:0.014, ben:0.016, ben:0.020]  DDif [ben:0.222, MAL:0.200, ben:0.055, ben:0.078, ben:0.384, ben:0.067, ben:0.148, ben:0.068, ben:0.061, ben:0.057]  labels [-1, -1, -1, -1, -1, -1, -1, 0, 0, 0]
13:00:56  INFO      attacks.chameleon_client — Chameleon client [7] round 195: optimising δ for 132/267 samples (ε=0.300, λ_sim=1.00, steps=100).
13:00:57  INFO      attacks.chameleon_client — Chameleon client [7] round 195: poisoned 132/267 samples (target=0, loss=0.0685, acc=0.978).
13:01:06  INFO      defenses.deepsight — DeepSight: 0 / 10 flagged  |  TE [ben:0.016, ben:0.014, ben:0.018, ben:0.018, ben:0.018, ben:0.018, MAL:0.016, ben:0.014, ben:0.014, ben:0.020]  DDif [ben:0.131, ben:0.058, ben:0.090, ben:0.144, ben:0.259, ben:0.115, MAL:0.158, ben:0.125, ben:0.047, ben:0.069]  labels [0, 0, -1, 0, -1, -1, -1, 0, -1, 0]
13:01:42  INFO      defenses.deepsight — DeepSight: 0 / 10 flagged  |  TE [ben:0.018, ben:0.018, ben:0.016, ben:0.020, ben:0.018, ben:0.018, ben:0.016, ben:0.014, ben:0.018, ben:0.014]  DDif [ben:0.109, ben:0.110, ben:0.126, ben:0.114, ben:0.188, ben:0.230, ben:0.130, ben:0.085, ben:0.124, ben:0.187]  labels [0, 0, 0, 0, 0, 0, 0, 0, 0, 0]
13:02:15  INFO      defenses.deepsight — DeepSight: 0 / 10 flagged  |  TE [ben:0.016, ben:0.018, ben:0.016, ben:0.016, ben:0.018, ben:0.016, ben:0.014, ben:0.012, ben:0.016, ben:0.016]  DDif [ben:0.053, ben:0.067, ben:0.191, ben:0.127, ben:0.073, ben:0.063, ben:0.143, ben:0.177, ben:0.368, ben:0.476]  labels [0, 0, -1, -1, 0, -1, -1, -1, -1, -1]
13:02:19  INFO      attacks.chameleon_client — Chameleon client [10] round 198: optimising δ for 132/267 samples (ε=0.300, λ_sim=1.00, steps=100).
13:02:19  INFO      attacks.chameleon_client — Chameleon client [10] round 198: poisoned 132/267 samples (target=0, loss=0.0390, acc=0.987).
13:02:45  INFO      defenses.deepsight — DeepSight: 0 / 10 flagged  |  TE [ben:0.018, MAL:0.016, ben:0.016, ben:0.016, ben:0.018, ben:0.016, ben:0.020, ben:0.014, ben:0.020, ben:0.014]  DDif [ben:0.074, MAL:0.092, ben:0.086, ben:0.107, ben:0.077, ben:0.099, ben:0.076, ben:0.077, ben:0.277, ben:0.075]  labels [0, -1, 0, -1, 0, 0, 0, 0, -1, 0]
13:03:00  INFO      attacks.chameleon_client — Chameleon client [94] round 199: optimising δ for 132/266 samples (ε=0.300, λ_sim=1.00, steps=100).
13:03:01  INFO      attacks.chameleon_client — Chameleon client [94] round 199: poisoned 132/266 samples (target=0, loss=0.0268, acc=0.991).
13:03:02  WARNING   attacks.chameleon_client — Chameleon client [77] round 199: no target-class samples in local data — falling back to benign training.
13:03:06  INFO      attacks.chameleon_client — Chameleon client [11] round 199: optimising δ for 132/267 samples (ε=0.300, λ_sim=1.00, steps=100).
13:03:06  INFO      attacks.chameleon_client — Chameleon client [11] round 199: poisoned 132/267 samples (target=0, loss=0.0240, acc=0.990).
13:03:17  INFO      defenses.deepsight — DeepSight: 0 / 10 flagged  |  TE [ben:0.016, ben:0.016, ben:0.018, ben:0.018, MAL:0.018, MAL:0.012, MAL:0.014, ben:0.016, ben:0.018, ben:0.014]  DDif [ben:0.170, ben:0.095, ben:0.126, ben:0.172, MAL:0.071, MAL:0.261, MAL:0.256, ben:0.128, ben:0.236, ben:0.058]  labels [-1, -1, 0, 0, -1, -1, -1, -1, -1, -1]
13:03:22  INFO      experiment.runner — Round  200/200  |  acc:  93.08%  loss: 0.2923  |  ASR:  55.00%  asr_loss: nan  |  TPR: 0.0%  FPR: 0.0%  |  mF1: 90.2%
13:03:22  INFO      experiment.runner — Final model saved to results/benchmark/gtsrb_chameleon_deepsight_seed2/final_model.pt
13:03:22  INFO      experiment.runner — Client atypicality written to results/benchmark/gtsrb_chameleon_deepsight_seed2/client_atypicality.json
13:03:22  INFO      experiment.runner — Client inclusion rates written to results/benchmark/gtsrb_chameleon_deepsight_seed2/client_inclusion.csv
13:03:22  INFO      benchmark — ✓  gtsrb_chameleon_deepsight_seed2  (108.9 min)
13:03:22  INFO      benchmark — ▶  gtsrb_chameleon_deepsight_seed3
13:03:22  INFO      experiment.runner — Initialising 'gtsrb_chameleon_deepsight_seed3' | device=cuda | rounds=200 | clients=10/100 | attack=chameleon | defense=deepsight
13:03:23  INFO      defenses.deepsight — DeepSightServer — output layer: 'fc_layers.3.weight' | neup_tau=0.20  cluster_tau=0.50  clip_norm=2.0
13:03:25  INFO      experiment.utils — Built 100 clients — 10 malicious, 90 benign.

==============================================================
  Summary — 21 rounds evaluated
==============================================================
  Final clean accuracy               93.08%
  Best  clean accuracy               93.14%
  Final clean loss                   0.2923
  Macro F1                           90.23%
  Final ASR                          55.00%
  Mean ASR (attack window)           55.78%
  Max  ASR (attack window)           64.00%
  Pooled TPR (attack period)          0.00%
  Pooled FPR (all rounds)             0.00%
==============================================================

13:03:27  INFO      experiment.runner — Chameleon ASR evaluator: 500 non-target test images.
13:03:27  INFO      experiment.runner — Setup complete — 100 clients (10 malicious) | backdoor eval: chameleon-adaptive
13:03:58  INFO      defenses.deepsight — DeepSight: 0 / 10 flagged  |  TE [ben:0.010, ben:0.010, ben:0.012, ben:0.010, ben:0.010, ben:0.010, ben:0.008, ben:0.008, ben:0.008, ben:0.008]  DDif [ben:2.039, ben:2.219, ben:1.159, ben:1.643, ben:1.709, ben:2.121, ben:1.521, ben:1.562, ben:1.552, ben:1.853]  labels [-1, -1, -1, 0, 0, 0, 0, 0, -1, 0]
13:04:05  INFO      experiment.runner — Round    1/200  |  acc:   7.06%  loss: 3.5385  |  FPR: 0.0%  |  mF1: 1.0%
13:04:36  INFO      defenses.deepsight — DeepSight: 0 / 10 flagged  |  TE [ben:0.012, ben:0.010, ben:0.012, ben:0.010, ben:0.010, ben:0.010, ben:0.008, ben:0.012, ben:0.014, ben:0.012]  DDif [ben:0.730, ben:0.356, ben:0.449, ben:0.330, ben:0.509, ben:0.473, ben:0.334, ben:0.445, ben:0.283, ben:0.637]  labels [-1, -1, -1, -1, 0, 0, -1, 0, -1, -1]
13:05:09  INFO      defenses.deepsight — DeepSight: 0 / 10 flagged  |  TE [ben:0.014, ben:0.012, ben:0.014, ben:0.014, ben:0.010, ben:0.012, ben:0.008, ben:0.016, ben:0.010, ben:0.012]  DDif [ben:0.147, ben:0.095, ben:0.107, ben:0.119, ben:0.143, ben:0.093, ben:0.136, ben:0.096, ben:0.083, ben:0.149]  labels [0, 0, 0, 0, 0, 0, 0, 0, 0, 0]
13:05:40  INFO      defenses.deepsight — DeepSight: 0 / 10 flagged  |  TE [ben:0.008, ben:0.010, ben:0.012, ben:0.010, ben:0.014, ben:0.008, ben:0.012, ben:0.014, ben:0.014, ben:0.014]  DDif [ben:0.189, ben:0.123, ben:0.433, ben:0.179, ben:0.103, ben:0.133, ben:0.107, ben:0.137, ben:0.345, ben:0.111]  labels [-1, 0, -1, -1, -1, 0, 0, -1, -1, -1]
13:06:13  INFO      defenses.deepsight — DeepSight: 0 / 10 flagged  |  TE [ben:0.012, ben:0.010, ben:0.012, ben:0.012, ben:0.016, ben:0.010, ben:0.010, ben:0.012, ben:0.008, ben:0.010]  DDif [ben:0.113, ben:0.137, ben:0.152, ben:0.117, ben:0.096, ben:0.210, ben:0.108, ben:0.108, ben:0.115, ben:0.093]  labels [-1, -1, -1, -1, -1, -1, 0, -1, -1, 0]
13:06:45  INFO      defenses.deepsight — DeepSight: 0 / 10 flagged  |  TE [ben:0.010, ben:0.010, ben:0.012, ben:0.014, ben:0.010, ben:0.012, ben:0.012, ben:0.014, ben:0.010, ben:0.016]  DDif [ben:0.175, ben:0.128, ben:0.102, ben:0.145, ben:0.068, ben:0.114, ben:0.107, ben:0.145, ben:0.079, ben:1.093]  labels [0, -1, -1, -1, -1, 0, -1, 0, -1, -1]
13:07:16  INFO      defenses.deepsight — DeepSight: 0 / 10 flagged  |  TE [ben:0.012, ben:0.010, ben:0.010, ben:0.014, ben:0.010, ben:0.012, ben:0.014, ben:0.012, ben:0.010, ben:0.010]  DDif [ben:0.072, ben:0.085, ben:0.084, ben:0.113, ben:0.079, ben:0.093, ben:0.057, ben:0.943, ben:0.146, ben:0.171]  labels [-1, 0, 0, -1, -1, -1, -1, -1, -1, -1]
13:07:51  INFO      defenses.deepsight — DeepSight: 0 / 10 flagged  |  TE [ben:0.014, ben:0.012, ben:0.014, ben:0.010, ben:0.010, ben:0.014, ben:0.012, ben:0.012, ben:0.010, ben:0.010]  DDif [ben:0.086, ben:0.089, ben:0.069, ben:0.059, ben:2.043, ben:0.076, ben:0.068, ben:0.100, ben:0.070, ben:1.033]  labels [0, -1, -1, -1, -1, -1, -1, 0, -1, -1]
13:08:22  INFO      defenses.deepsight — DeepSight: 0 / 10 flagged  |  TE [ben:0.012, ben:0.012, ben:0.012, ben:0.012, ben:0.012, ben:0.012, ben:0.012, ben:0.012, ben:0.014, ben:0.014]  DDif [ben:0.101, ben:0.055, ben:0.143, ben:0.099, ben:0.089, ben:0.100, ben:0.079, ben:0.109, ben:0.078, ben:0.104]  labels [-1, -1, -1, 0, -1, -1, -1, -1, -1, 0]
13:08:56  INFO      defenses.deepsight — DeepSight: 0 / 10 flagged  |  TE [ben:0.014, ben:0.012, ben:0.012, ben:0.012, ben:0.010, ben:0.012, ben:0.012, ben:0.014, ben:0.014, ben:0.016]  DDif [ben:0.912, ben:0.087, ben:0.123, ben:0.177, ben:0.114, ben:0.144, ben:0.081, ben:0.077, ben:0.134, ben:0.077]  labels [-1, -1, 0, -1, -1, -1, -1, 0, -1, -1]
13:09:27  INFO      defenses.deepsight — DeepSight: 0 / 10 flagged  |  TE [ben:0.014, ben:0.010, ben:0.012, ben:0.010, ben:0.010, ben:0.012, ben:0.010, ben:0.012, ben:0.014, ben:0.008]  DDif [ben:0.113, ben:0.141, ben:0.111, ben:0.106, ben:1.706, ben:0.107, ben:0.075, ben:0.089, ben:0.128, ben:1.142]  labels [0, 0, -1, -1, -1, -1, -1, -1, -1, -1]
13:09:33  INFO      experiment.runner — Round   11/200  |  acc:  55.13%  loss: 1.5050  |  FPR: 0.0%  |  mF1: 38.4%
13:10:05  INFO      defenses.deepsight — DeepSight: 0 / 10 flagged  |  TE [ben:0.012, ben:0.012, ben:0.016, ben:0.012, ben:0.010, ben:0.010, ben:0.010, ben:0.012, ben:0.012, ben:0.012]  DDif [ben:0.099, ben:0.154, ben:0.115, ben:0.122, ben:1.243, ben:0.074, ben:0.130, ben:0.112, ben:0.164, ben:0.133]  labels [-1, -1, -1, 0, -1, -1, -1, 0, -1, -1]
13:10:37  INFO      defenses.deepsight — DeepSight: 0 / 10 flagged  |  TE [ben:0.014, ben:0.010, ben:0.010, ben:0.010, ben:0.014, ben:0.014, ben:0.014, ben:0.010, ben:0.012, ben:0.010]  DDif [ben:0.109, ben:0.092, ben:0.128, ben:0.065, ben:0.116, ben:0.069, ben:0.102, ben:0.118, ben:0.125, ben:0.100]  labels [0, -1, -1, -1, 0, -1, 0, -1, -1, 0]
13:11:08  INFO      defenses.deepsight — DeepSight: 0 / 10 flagged  |  TE [ben:0.014, ben:0.010, ben:0.016, ben:0.012, ben:0.012, ben:0.010, ben:0.012, ben:0.012, ben:0.014, ben:0.012]  DDif [ben:0.084, ben:0.154, ben:0.094, ben:0.069, ben:0.104, ben:0.136, ben:0.116, ben:0.168, ben:0.115, ben:0.074]  labels [0, -1, 0, -1, 0, 0, -1, -1, 0, -1]
13:11:40  INFO      defenses.deepsight — DeepSight: 0 / 10 flagged  |  TE [ben:0.010, ben:0.012, ben:0.014, ben:0.014, ben:0.008, ben:0.014, ben:0.010, ben:0.014, ben:0.012, ben:0.012]  DDif [ben:0.118, ben:0.095, ben:0.168, ben:0.080, ben:0.079, ben:0.148, ben:0.132, ben:0.088, ben:0.155, ben:0.201]  labels [0, 0, -1, 0, 0, 0, -1, 0, 0, -1]
13:12:13  INFO      defenses.deepsight — DeepSight: 0 / 10 flagged  |  TE [ben:0.012, ben:0.010, ben:0.012, ben:0.012, ben:0.010, ben:0.012, ben:0.012, ben:0.014, ben:0.012, ben:0.018]  DDif [ben:0.160, ben:1.623, ben:0.183, ben:0.124, ben:0.118, ben:0.097, ben:0.205, ben:0.104, ben:0.123, ben:0.144]  labels [0, -1, -1, -1, -1, -1, -1, 0, 0, -1]
13:12:44  INFO      defenses.deepsight — DeepSight: 0 / 10 flagged  |  TE [ben:0.012, ben:0.012, ben:0.012, ben:0.012, ben:0.010, ben:0.010, ben:0.012, ben:0.012, ben:0.014, ben:0.012]  DDif [ben:1.824, ben:0.180, ben:0.170, ben:0.089, ben:0.128, ben:2.036, ben:1.432, ben:0.109, ben:0.118, ben:0.114]  labels [0, 0, 0, 0, 0, 0, 0, 0, 0, 0]
13:13:16  INFO      defenses.deepsight — DeepSight: 0 / 10 flagged  |  TE [ben:0.014, ben:0.012, ben:0.010, ben:0.012, ben:0.010, ben:0.012, ben:0.010, ben:0.012, ben:0.012, ben:0.014]  DDif [ben:1.754, ben:0.122, ben:0.223, ben:0.115, ben:0.211, ben:1.556, ben:0.162, ben:0.121, ben:0.130, ben:0.245]  labels [-1, -1, -1, 0, -1, -1, -1, 0, -1, -1]
13:13:48  INFO      defenses.deepsight — DeepSight: 0 / 10 flagged  |  TE [ben:0.014, ben:0.010, ben:0.016, ben:0.010, ben:0.010, ben:0.018, ben:0.010, ben:0.010, ben:0.012, ben:0.012]  DDif [ben:0.082, ben:1.434, ben:0.087, ben:0.160, ben:1.555, ben:0.129, ben:1.442, ben:0.195, ben:0.153, ben:0.121]  labels [0, 0, 0, 0, 0, 0, 0, 0, 0, 0]
13:14:20  INFO      defenses.deepsight — DeepSight: 0 / 10 flagged  |  TE [ben:0.016, ben:0.014, ben:0.010, ben:0.012, ben:0.010, ben:0.010, ben:0.012, ben:0.020, ben:0.010, ben:0.012]  DDif [ben:0.440, ben:0.250, ben:0.143, ben:0.401, ben:0.295, ben:1.167, ben:0.152, ben:0.269, ben:0.237, ben:0.236]  labels [-1, 0, 0, -1, 0, -1, 0, -1, 0, -1]
13:14:54  INFO      defenses.deepsight — DeepSight: 0 / 10 flagged  |  TE [ben:0.012, ben:0.014, ben:0.016, ben:0.014, ben:0.012, ben:0.012, ben:0.010, ben:0.014, ben:0.016, ben:0.012]  DDif [ben:0.112, ben:0.237, ben:0.113, ben:0.131, ben:0.169, ben:0.123, ben:1.665, ben:0.146, ben:0.123, ben:0.161]  labels [-1, -1, -1, -1, -1, -1, -1, 0, -1, 0]
13:14:59  INFO      experiment.runner — Round   21/200  |  acc:  73.90%  loss: 0.8911  |  FPR: 0.0%  |  mF1: 65.4%
13:15:30  INFO      defenses.deepsight — DeepSight: 0 / 10 flagged  |  TE [ben:0.010, ben:0.012, ben:0.016, ben:0.012, ben:0.012, ben:0.014, ben:0.010, ben:0.014, ben:0.010, ben:0.014]  DDif [ben:0.106, ben:0.142, ben:1.496, ben:0.145, ben:0.110, ben:0.113, ben:0.113, ben:0.133, ben:0.134, ben:0.115]  labels [-1, -1, -1, -1, 0, -1, -1, -1, 0, -1]
13:16:01  INFO      defenses.deepsight — DeepSight: 0 / 10 flagged  |  TE [ben:0.012, ben:0.012, ben:0.014, ben:0.010, ben:0.012, ben:0.014, ben:0.012, ben:0.014, ben:0.016, ben:0.010]  DDif [ben:0.242, ben:0.129, ben:0.126, ben:0.114, ben:0.144, ben:0.147, ben:0.138, ben:0.107, ben:0.167, ben:0.103]  labels [-1, 0, -1, -1, -1, 0, -1, -1, -1, -1]
13:16:34  INFO      defenses.deepsight — DeepSight: 0 / 10 flagged  |  TE [ben:0.010, ben:0.014, ben:0.014, ben:0.014, ben:0.014, ben:0.008, ben:0.012, ben:0.014, ben:0.012, ben:0.014]  DDif [ben:0.081, ben:0.087, ben:0.143, ben:0.111, ben:0.184, ben:0.131, ben:0.079, ben:0.182, ben:0.110, ben:0.124]  labels [0, -1, -1, -1, -1, 0, -1, -1, 0, 0]
13:17:08  INFO      defenses.deepsight — DeepSight: 0 / 10 flagged  |  TE [ben:0.012, ben:0.012, ben:0.012, ben:0.014, ben:0.012, ben:0.016, ben:0.014, ben:0.012, ben:0.012, ben:0.014]  DDif [ben:0.158, ben:0.164, ben:0.130, ben:0.108, ben:0.155, ben:0.102, ben:0.238, ben:0.161, ben:0.142, ben:1.537]  labels [-1, -1, -1, -1, -1, 0, -1, -1, 0, -1]
13:17:41  INFO      defenses.deepsight — DeepSight: 0 / 10 flagged  |  TE [ben:0.010, ben:0.012, ben:0.018, ben:0.012, ben:0.012, ben:0.010, ben:0.018, ben:0.012, ben:0.014, ben:0.012]  DDif [ben:1.399, ben:0.170, ben:0.116, ben:0.123, ben:0.078, ben:0.085, ben:0.110, ben:0.102, ben:0.154, ben:0.110]  labels [-1, -1, -1, 0, -1, -1, -1, 0, -1, -1]
13:18:12  INFO      defenses.deepsight — DeepSight: 0 / 10 flagged  |  TE [ben:0.012, ben:0.014, ben:0.012, ben:0.012, ben:0.012, ben:0.012, ben:0.014, ben:0.012, ben:0.012, ben:0.012]  DDif [ben:0.111, ben:0.122, ben:0.114, ben:0.120, ben:0.129, ben:0.456, ben:0.132, ben:0.120, ben:0.130, ben:0.135]  labels [-1, 0, -1, 0, -1, -1, -1, -1, -1, -1]
13:18:44  INFO      defenses.deepsight — DeepSight: 0 / 10 flagged  |  TE [ben:0.014, ben:0.012, ben:0.012, ben:0.014, ben:0.014, ben:0.012, ben:0.014, ben:0.012, ben:0.010, ben:0.010]  DDif [ben:0.174, ben:0.262, ben:0.159, ben:0.232, ben:0.089, ben:0.104, ben:0.125, ben:0.298, ben:0.267, ben:2.175]  labels [-1, 0, 0, 0, 0, -1, -1, -1, 0, -1]
13:19:17  INFO      defenses.deepsight — DeepSight: 0 / 10 flagged  |  TE [ben:0.012, ben:0.012, ben:0.012, ben:0.010, ben:0.012, ben:0.016, ben:0.016, ben:0.012, ben:0.016, ben:0.012]  DDif [ben:0.163, ben:0.080, ben:1.195, ben:1.931, ben:0.201, ben:0.217, ben:0.203, ben:0.146, ben:0.142, ben:0.109]  labels [0, -1, -1, -1, -1, -1, -1, 0, -1, -1]
13:19:49  INFO      defenses.deepsight — DeepSight: 0 / 10 flagged  |  TE [ben:0.012, ben:0.016, ben:0.016, ben:0.014, ben:0.014, ben:0.012, ben:0.014, ben:0.014, ben:0.012, ben:0.014]  DDif [ben:0.169, ben:0.268, ben:0.176, ben:0.190, ben:0.170, ben:0.156, ben:0.173, ben:0.137, ben:0.240, ben:0.136]  labels [0, -1, -1, -1, 0, -1, -1, -1, -1, -1]
13:20:22  INFO      defenses.deepsight — DeepSight: 0 / 10 flagged  |  TE [ben:0.012, ben:0.014, ben:0.012, ben:0.016, ben:0.018, ben:0.012, ben:0.018, ben:0.018, ben:0.018, ben:0.016]  DDif [ben:0.202, ben:0.107, ben:1.709, ben:0.105, ben:0.188, ben:0.189, ben:0.200, ben:0.178, ben:0.177, ben:0.112]  labels [-1, 0, -1, -1, -1, -1, 0, -1, -1, 0]
13:20:27  INFO      experiment.runner — Round   31/200  |  acc:  81.57%  loss: 0.6560  |  FPR: 0.0%  |  mF1: 76.3%
13:21:00  INFO      defenses.deepsight — DeepSight: 0 / 10 flagged  |  TE [ben:0.014, ben:0.016, ben:0.010, ben:0.012, ben:0.012, ben:0.016, ben:0.014, ben:0.012, ben:0.014, ben:0.012]  DDif [ben:0.115, ben:0.172, ben:1.283, ben:0.097, ben:1.468, ben:0.215, ben:0.147, ben:0.223, ben:0.157, ben:0.136]  labels [0, 0, -1, 0, -1, -1, 0, -1, 0, 0]
13:21:32  INFO      defenses.deepsight — DeepSight: 0 / 10 flagged  |  TE [ben:0.014, ben:0.014, ben:0.014, ben:0.012, ben:0.012, ben:0.012, ben:0.014, ben:0.012, ben:0.008, ben:0.014]  DDif [ben:0.157, ben:0.133, ben:0.139, ben:0.950, ben:0.093, ben:0.821, ben:0.222, ben:0.151, ben:0.973, ben:0.197]  labels [0, 0, 0, 0, 0, 0, 0, 0, 0, 0]
13:22:07  INFO      defenses.deepsight — DeepSight: 0 / 10 flagged  |  TE [ben:0.012, ben:0.010, ben:0.016, ben:0.014, ben:0.014, ben:0.012, ben:0.014, ben:0.016, ben:0.012, ben:0.010]  DDif [ben:0.328, ben:0.351, ben:0.234, ben:0.136, ben:0.193, ben:0.211, ben:0.180, ben:0.299, ben:0.300, ben:0.654]  labels [-1, 0, 0, -1, -1, -1, -1, -1, 0, -1]
13:22:39  INFO      defenses.deepsight — DeepSight: 0 / 10 flagged  |  TE [ben:0.014, ben:0.012, ben:0.014, ben:0.010, ben:0.010, ben:0.016, ben:0.014, ben:0.014, ben:0.010, ben:0.014]  DDif [ben:0.297, ben:0.152, ben:0.206, ben:0.225, ben:0.959, ben:0.160, ben:0.158, ben:0.142, ben:1.084, ben:0.193]  labels [0, -1, -1, -1, -1, -1, -1, 0, -1, 0]
13:23:12  INFO      defenses.deepsight — DeepSight: 0 / 10 flagged  |  TE [ben:0.016, ben:0.016, ben:0.014, ben:0.014, ben:0.016, ben:0.012, ben:0.016, ben:0.016, ben:0.016, ben:0.012]  DDif [ben:0.140, ben:0.178, ben:0.173, ben:0.249, ben:0.150, ben:0.150, ben:0.207, ben:0.187, ben:0.292, ben:0.129]  labels [-1, 0, 0, -1, -1, 0, -1, -1, -1, -1]
13:23:47  INFO      defenses.deepsight — DeepSight: 0 / 10 flagged  |  TE [ben:0.014, ben:0.012, ben:0.010, ben:0.012, ben:0.014, ben:0.010, ben:0.016, ben:0.016, ben:0.018, ben:0.014]  DDif [ben:0.232, ben:0.145, ben:1.063, ben:0.173, ben:0.175, ben:0.145, ben:0.194, ben:0.108, ben:0.191, ben:0.076]  labels [0, -1, -1, -1, -1, -1, -1, 0, -1, -1]
13:24:18  INFO      defenses.deepsight — DeepSight: 0 / 10 flagged  |  TE [ben:0.010, ben:0.014, ben:0.014, ben:0.014, ben:0.012, ben:0.018, ben:0.012, ben:0.012, ben:0.012, ben:0.008]  DDif [ben:0.737, ben:0.199, ben:0.139, ben:0.110, ben:0.234, ben:0.229, ben:0.134, ben:0.173, ben:0.155, ben:0.229]  labels [-1, -1, 0, -1, -1, -1, 0, -1, 0, -1]
13:24:50  INFO      defenses.deepsight — DeepSight: 0 / 10 flagged  |  TE [ben:0.008, ben:0.012, ben:0.010, ben:0.010, ben:0.010, ben:0.014, ben:0.012, ben:0.012, ben:0.014, ben:0.014]  DDif [ben:1.019, ben:0.220, ben:1.126, ben:0.196, ben:0.836, ben:0.175, ben:0.102, ben:0.215, ben:0.193, ben:0.095]  labels [0, 0, 0, 0, 0, 0, 0, 0, 0, 0]
13:25:23  INFO      defenses.deepsight — DeepSight: 0 / 10 flagged  |  TE [ben:0.020, ben:0.010, ben:0.012, ben:0.014, ben:0.018, ben:0.018, ben:0.016, ben:0.012, ben:0.012, ben:0.012]  DDif [ben:0.238, ben:0.850, ben:0.746, ben:0.231, ben:0.171, ben:0.143, ben:0.215, ben:0.334, ben:0.200, ben:0.190]  labels [0, -1, -1, -1, -1, -1, -1, -1, 0, -1]
13:25:53  INFO      defenses.deepsight — DeepSight: 0 / 10 flagged  |  TE [ben:0.012, ben:0.014, ben:0.014, ben:0.012, ben:0.014, ben:0.018, ben:0.012, ben:0.014, ben:0.014, ben:0.010]  DDif [ben:0.119, ben:0.124, ben:0.244, ben:0.096, ben:0.155, ben:0.137, ben:1.025, ben:0.118, ben:0.241, ben:0.126]  labels [-1, 0, -1, -1, 0, -1, -1, 0, -1, -1]
13:25:59  INFO      experiment.runner — Round   41/200  |  acc:  85.08%  loss: 0.5360  |  FPR: 0.0%  |  mF1: 80.3%
13:26:32  INFO      defenses.deepsight — DeepSight: 0 / 10 flagged  |  TE [ben:0.014, ben:0.014, ben:0.016, ben:0.014, ben:0.012, ben:0.018, ben:0.016, ben:0.014, ben:0.014, ben:0.014]  DDif [ben:0.216, ben:0.720, ben:0.094, ben:0.182, ben:1.068, ben:0.138, ben:0.103, ben:0.131, ben:0.144, ben:0.119]  labels [-1, -1, -1, 0, -1, -1, -1, 0, 0, -1]
13:27:06  INFO      defenses.deepsight — DeepSight: 0 / 10 flagged  |  TE [ben:0.014, ben:0.016, ben:0.012, ben:0.014, ben:0.012, ben:0.014, ben:0.014, ben:0.012, ben:0.014, ben:0.014]  DDif [ben:0.372, ben:0.123, ben:0.171, ben:0.090, ben:0.158, ben:0.200, ben:0.161, ben:0.159, ben:0.200, ben:0.138]  labels [-1, -1, 0, -1, 0, -1, 0, 0, -1, -1]
13:27:39  INFO      defenses.deepsight — DeepSight: 0 / 10 flagged  |  TE [ben:0.012, ben:0.012, ben:0.014, ben:0.012, ben:0.008, ben:0.012, ben:0.010, ben:0.016, ben:0.014, ben:0.012]  DDif [ben:0.127, ben:1.009, ben:0.202, ben:0.092, ben:0.716, ben:0.136, ben:0.920, ben:0.104, ben:0.137, ben:0.127]  labels [0, 0, 0, 0, 0, 0, 0, 0, 0, 0]
13:28:10  INFO      defenses.deepsight — DeepSight: 0 / 10 flagged  |  TE [ben:0.010, ben:0.014, ben:0.014, ben:0.016, ben:0.016, ben:0.016, ben:0.014, ben:0.014, ben:0.014, ben:0.014]  DDif [ben:0.170, ben:0.160, ben:0.201, ben:0.314, ben:0.228, ben:0.174, ben:0.186, ben:0.301, ben:0.181, ben:0.229]  labels [0, 0, -1, -1, -1, -1, 0, -1, -1, -1]
13:28:43  INFO      defenses.deepsight — DeepSight: 0 / 10 flagged  |  TE [ben:0.012, ben:0.016, ben:0.014, ben:0.018, ben:0.014, ben:0.012, ben:0.014, ben:0.014, ben:0.016, ben:0.014]  DDif [ben:0.096, ben:0.125, ben:0.150, ben:0.127, ben:0.168, ben:0.186, ben:0.938, ben:0.120, ben:0.165, ben:0.173]  labels [-1, -1, 0, -1, -1, 0, -1, -1, -1, -1]
13:29:15  INFO      defenses.deepsight — DeepSight: 0 / 10 flagged  |  TE [ben:0.016, ben:0.012, ben:0.018, ben:0.010, ben:0.012, ben:0.010, ben:0.014, ben:0.014, ben:0.014, ben:0.012]  DDif [ben:0.172, ben:0.126, ben:0.175, ben:0.134, ben:0.091, ben:0.826, ben:0.085, ben:0.126, ben:0.158, ben:0.108]  labels [-1, -1, 0, 0, -1, -1, -1, -1, 0, -1]
13:29:47  INFO      defenses.deepsight — DeepSight: 0 / 10 flagged  |  TE [ben:0.014, ben:0.014, ben:0.014, ben:0.014, ben:0.012, ben:0.014, ben:0.014, ben:0.012, ben:0.016, ben:0.014]  DDif [ben:0.107, ben:0.186, ben:0.250, ben:0.162, ben:0.088, ben:0.132, ben:0.952, ben:0.116, ben:0.137, ben:0.111]  labels [0, -1, -1, -1, 0, -1, -1, 0, -1, -1]
13:30:19  INFO      defenses.deepsight — DeepSight: 0 / 10 flagged  |  TE [ben:0.014, ben:0.014, ben:0.018, ben:0.016, ben:0.014, ben:0.010, ben:0.014, ben:0.016, ben:0.016, ben:0.012]  DDif [ben:0.122, ben:0.106, ben:0.314, ben:0.180, ben:0.130, ben:0.791, ben:0.079, ben:0.172, ben:0.150, ben:0.169]  labels [0, 0, -1, -1, 0, -1, -1, -1, 0, 0]
13:30:52  INFO      defenses.deepsight — DeepSight: 0 / 10 flagged  |  TE [ben:0.014, ben:0.014, ben:0.012, ben:0.016, ben:0.020, ben:0.012, ben:0.014, ben:0.016, ben:0.014, ben:0.016]  DDif [ben:0.177, ben:0.102, ben:0.157, ben:0.687, ben:0.221, ben:0.203, ben:0.122, ben:0.115, ben:0.094, ben:0.216]  labels [-1, -1, -1, -1, -1, 0, -1, 0, -1, 0]
13:30:56  INFO      attacks.chameleon_client — Chameleon client [74] round 50: optimising δ for 131/266 samples (ε=0.300, λ_sim=1.00, steps=100).
13:30:56  INFO      attacks.chameleon_client — Chameleon client [74] round 50: poisoned 131/266 samples (target=0, loss=0.0877, acc=0.962).
13:31:23  INFO      defenses.deepsight — DeepSight: 0 / 10 flagged  |  TE [ben:0.012, MAL:0.014, ben:0.016, ben:0.020, ben:0.014, ben:0.018, ben:0.016, ben:0.014, ben:0.014, ben:0.018]  DDif [ben:0.129, MAL:0.094, ben:0.159, ben:0.169, ben:0.288, ben:0.211, ben:0.171, ben:0.129, ben:0.108, ben:0.250]  labels [0, -1, 0, 0, -1, -1, -1, -1, -1, -1]
13:31:28  INFO      experiment.runner — Round   51/200  |  acc:  88.08%  loss: 0.4451  |  ASR:  56.00%  asr_loss: nan  |  TPR: 0.0%  FPR: 0.0%  |  mF1: 84.6%
13:31:52  INFO      attacks.chameleon_client — Chameleon client [75] round 51: optimising δ for 131/266 samples (ε=0.300, λ_sim=1.00, steps=100).
13:31:53  INFO      attacks.chameleon_client — Chameleon client [75] round 51: poisoned 131/266 samples (target=0, loss=0.1240, acc=0.960).
13:32:00  INFO      defenses.deepsight — DeepSight: 0 / 10 flagged  |  TE [ben:0.016, ben:0.014, ben:0.018, ben:0.014, ben:0.016, ben:0.012, ben:0.014, MAL:0.018, ben:0.016, ben:0.018]  DDif [ben:0.157, ben:0.179, ben:0.193, ben:0.124, ben:0.147, ben:0.126, ben:0.098, MAL:0.147, ben:0.173, ben:0.150]  labels [0, -1, -1, -1, -1, -1, -1, 0, -1, 0]
13:32:16  INFO      attacks.chameleon_client — Chameleon client [74] round 52: optimising δ for 131/266 samples (ε=0.300, λ_sim=1.00, steps=100).
13:32:17  INFO      attacks.chameleon_client — Chameleon client [74] round 52: poisoned 131/266 samples (target=0, loss=0.1204, acc=0.962).
13:32:29  INFO      defenses.deepsight — DeepSight: 0 / 10 flagged  |  TE [ben:0.014, ben:0.012, ben:0.014, ben:0.012, ben:0.012, MAL:0.014, ben:0.016, ben:0.014, ben:0.014, ben:0.014]  DDif [ben:0.343, ben:0.092, ben:0.097, ben:0.173, ben:0.149, MAL:0.189, ben:0.145, ben:0.187, ben:0.159, ben:0.158]  labels [-1, -1, -1, -1, -1, -1, -1, 0, 0, 0]
13:32:52  INFO      attacks.chameleon_client — Chameleon client [74] round 53: optimising δ for 131/266 samples (ε=0.300, λ_sim=1.00, steps=100).
13:32:53  INFO      attacks.chameleon_client — Chameleon client [74] round 53: poisoned 131/266 samples (target=0, loss=0.1480, acc=0.944).
13:32:59  INFO      defenses.deepsight — DeepSight: 0 / 10 flagged  |  TE [ben:0.012, ben:0.014, ben:0.014, ben:0.014, ben:0.014, ben:0.016, ben:0.016, MAL:0.016, ben:0.018, ben:0.018]  DDif [ben:0.121, ben:0.079, ben:0.132, ben:0.093, ben:0.103, ben:0.131, ben:0.243, MAL:0.130, ben:0.397, ben:0.123]  labels [0, -1, 0, 0, 0, 0, -1, 0, -1, 0]
13:33:29  INFO      attacks.chameleon_client — Chameleon client [30] round 54: optimising δ for 132/267 samples (ε=0.300, λ_sim=1.00, steps=100).
13:33:30  INFO      attacks.chameleon_client — Chameleon client [30] round 54: poisoned 132/267 samples (target=0, loss=0.0756, acc=0.975).
13:33:30  INFO      defenses.deepsight — DeepSight: 0 / 10 flagged  |  TE [ben:0.014, ben:0.016, ben:0.014, ben:0.018, ben:0.012, ben:0.018, ben:0.016, ben:0.012, ben:0.016, MAL:0.016]  DDif [ben:0.131, ben:0.142, ben:0.091, ben:0.075, ben:0.150, ben:0.106, ben:0.070, ben:0.150, ben:0.101, MAL:0.097]  labels [-1, 0, -1, -1, 0, 0, -1, -1, 0, 0]
13:33:59  INFO      attacks.chameleon_client — Chameleon client [74] round 55: optimising δ for 131/266 samples (ε=0.300, λ_sim=1.00, steps=100).
13:34:00  INFO      attacks.chameleon_client — Chameleon client [74] round 55: poisoned 131/266 samples (target=0, loss=0.1119, acc=0.968).
13:34:00  INFO      defenses.deepsight — DeepSight: 0 / 10 flagged  |  TE [ben:0.014, ben:0.014, ben:0.012, ben:0.014, ben:0.016, ben:0.016, ben:0.018, ben:0.012, ben:0.016, MAL:0.014]  DDif [ben:0.115, ben:0.078, ben:0.085, ben:0.071, ben:0.138, ben:0.122, ben:0.098, ben:0.114, ben:0.167, MAL:0.130]  labels [0, 0, -1, -1, -1, -1, -1, 0, -1, -1]
13:34:33  INFO      defenses.deepsight — DeepSight: 0 / 10 flagged  |  TE [ben:0.020, ben:0.014, ben:0.014, ben:0.014, ben:0.016, ben:0.012, ben:0.012, ben:0.018, ben:0.016, ben:0.010]  DDif [ben:0.126, ben:0.137, ben:0.303, ben:0.135, ben:0.124, ben:0.153, ben:0.500, ben:0.224, ben:0.173, ben:0.177]  labels [-1, 0, -1, 0, -1, -1, -1, -1, -1, -1]
13:34:38  INFO      attacks.chameleon_client — Chameleon client [30] round 57: optimising δ for 132/267 samples (ε=0.300, λ_sim=1.00, steps=100).
13:34:38  INFO      attacks.chameleon_client — Chameleon client [30] round 57: poisoned 132/267 samples (target=0, loss=0.0770, acc=0.973).
13:34:50  WARNING   attacks.chameleon_client — Chameleon client [8] round 57: no target-class samples in local data — falling back to benign training.
13:35:03  INFO      defenses.deepsight — DeepSight: 0 / 10 flagged  |  TE [ben:0.014, MAL:0.014, ben:0.016, ben:0.012, ben:0.016, ben:0.020, MAL:0.012, ben:0.014, ben:0.014, ben:0.012]  DDif [ben:0.141, MAL:0.160, ben:0.145, ben:0.152, ben:0.118, ben:0.119, MAL:0.532, ben:0.145, ben:0.140, ben:0.156]  labels [0, 0, 0, 0, 0, 0, -1, 0, 0, 0]
13:35:35  INFO      defenses.deepsight — DeepSight: 0 / 10 flagged  |  TE [ben:0.014, ben:0.012, ben:0.012, ben:0.016, ben:0.012, ben:0.016, ben:0.012, ben:0.014, ben:0.012, ben:0.012]  DDif [ben:0.146, ben:0.102, ben:0.132, ben:0.167, ben:0.255, ben:0.333, ben:0.082, ben:0.103, ben:0.107, ben:0.129]  labels [-1, -1, -1, -1, -1, -1, -1, 0, 0, 0]
13:36:09  INFO      defenses.deepsight — DeepSight: 0 / 10 flagged  |  TE [ben:0.012, ben:0.014, ben:0.014, ben:0.014, ben:0.014, ben:0.014, ben:0.012, ben:0.016, ben:0.016, ben:0.020]  DDif [ben:0.172, ben:0.182, ben:0.093, ben:0.147, ben:0.199, ben:0.121, ben:0.218, ben:0.092, ben:0.115, ben:0.226]  labels [-1, -1, -1, 0, -1, 0, -1, -1, -1, -1]
13:36:18  INFO      attacks.chameleon_client — Chameleon client [74] round 60: optimising δ for 131/266 samples (ε=0.300, λ_sim=1.00, steps=100).
13:36:19  INFO      attacks.chameleon_client — Chameleon client [74] round 60: poisoned 131/266 samples (target=0, loss=0.0861, acc=0.967).
13:36:38  INFO      defenses.deepsight — DeepSight: 0 / 10 flagged  |  TE [ben:0.014, ben:0.014, ben:0.018, MAL:0.014, ben:0.016, ben:0.016, ben:0.014, ben:0.014, ben:0.014, ben:0.014]  DDif [ben:0.061, ben:0.185, ben:0.136, MAL:0.110, ben:0.199, ben:0.065, ben:0.094, ben:0.128, ben:0.104, ben:0.131]  labels [0, 0, 0, 0, -1, -1, 0, -1, -1, -1]
13:36:45  INFO      experiment.runner — Round   61/200  |  acc:  89.46%  loss: 0.4011  |  ASR:  59.80%  asr_loss: nan  |  TPR: 0.0%  FPR: 0.0%  |  mF1: 85.8%
13:37:09  INFO      attacks.chameleon_client — Chameleon client [74] round 61: optimising δ for 131/266 samples (ε=0.300, λ_sim=1.00, steps=100).
13:37:09  INFO      attacks.chameleon_client — Chameleon client [74] round 61: poisoned 131/266 samples (target=0, loss=0.0725, acc=0.975).
13:37:15  INFO      defenses.deepsight — DeepSight: 0 / 10 flagged  |  TE [ben:0.012, ben:0.014, ben:0.014, ben:0.016, ben:0.014, ben:0.016, ben:0.014, MAL:0.016, ben:0.014, ben:0.012]  DDif [ben:0.194, ben:0.255, ben:0.120, ben:0.124, ben:0.102, ben:0.119, ben:0.110, MAL:0.126, ben:0.097, ben:0.190]  labels [-1, -1, 0, 0, -1, -1, -1, -1, 0, -1]
13:37:16  INFO      attacks.chameleon_client — Chameleon client [16] round 62: optimising δ for 132/267 samples (ε=0.300, λ_sim=1.00, steps=100).
13:37:17  INFO      attacks.chameleon_client — Chameleon client [16] round 62: poisoned 132/267 samples (target=0, loss=0.1355, acc=0.962).
13:37:17  INFO      attacks.chameleon_client — Chameleon client [69] round 62: optimising δ for 131/266 samples (ε=0.300, λ_sim=1.00, steps=100).
13:37:18  INFO      attacks.chameleon_client — Chameleon client [69] round 62: poisoned 131/266 samples (target=0, loss=0.2360, acc=0.947).
13:37:41  INFO      defenses.deepsight — DeepSight: 0 / 10 flagged  |  TE [MAL:0.020, MAL:0.014, ben:0.016, ben:0.014, ben:0.014, ben:0.012, ben:0.016, ben:0.014, ben:0.012, ben:0.014]  DDif [MAL:0.144, MAL:0.209, ben:0.140, ben:0.116, ben:0.168, ben:0.121, ben:0.142, ben:0.150, ben:0.091, ben:0.079]  labels [0, -1, -1, -1, -1, 0, -1, -1, -1, -1]
13:37:55  WARNING   attacks.chameleon_client — Chameleon client [47] round 63: no target-class samples in local data — falling back to benign training.
13:38:14  INFO      defenses.deepsight — DeepSight: 0 / 10 flagged  |  TE [ben:0.016, ben:0.014, ben:0.016, ben:0.014, MAL:0.012, ben:0.018, ben:0.014, ben:0.014, ben:0.016, ben:0.018]  DDif [ben:0.224, ben:0.231, ben:0.141, ben:0.147, MAL:0.753, ben:0.111, ben:0.219, ben:0.170, ben:0.095, ben:0.140]  labels [0, 0, 0, 0, -1, 0, 0, 0, 0, 0]
13:38:47  INFO      defenses.deepsight — DeepSight: 0 / 10 flagged  |  TE [ben:0.014, ben:0.016, ben:0.012, ben:0.014, ben:0.014, ben:0.012, ben:0.014, ben:0.014, ben:0.016, ben:0.014]  DDif [ben:0.298, ben:0.082, ben:0.106, ben:0.146, ben:0.118, ben:0.187, ben:0.143, ben:0.303, ben:0.158, ben:0.207]  labels [0, -1, 0, 0, 0, 0, 0, -1, 0, 0]
13:39:17  INFO      defenses.deepsight — DeepSight: 0 / 10 flagged  |  TE [ben:0.016, ben:0.018, ben:0.016, ben:0.012, ben:0.018, ben:0.016, ben:0.014, ben:0.014, ben:0.014, ben:0.014]  DDif [ben:0.126, ben:0.142, ben:0.109, ben:0.103, ben:0.131, ben:0.114, ben:0.149, ben:0.122, ben:0.148, ben:0.190]  labels [-1, 0, 0, 0, 0, 0, -1, 0, -1, -1]
13:39:35  WARNING   attacks.chameleon_client — Chameleon client [80] round 66: no target-class samples in local data — falling back to benign training.
13:39:47  WARNING   attacks.chameleon_client — Chameleon client [47] round 66: no target-class samples in local data — falling back to benign training.
13:39:53  INFO      defenses.deepsight — DeepSight: 0 / 10 flagged  |  TE [ben:0.016, ben:0.016, ben:0.016, ben:0.016, ben:0.014, MAL:0.012, ben:0.012, ben:0.014, MAL:0.012, ben:0.018]  DDif [ben:0.581, ben:0.516, ben:0.093, ben:0.122, ben:0.153, MAL:0.529, ben:0.133, ben:0.236, MAL:0.530, ben:0.194]  labels [0, 0, 0, 0, 0, 0, 0, 0, 0, 0]
13:40:24  INFO      defenses.deepsight — DeepSight: 0 / 10 flagged  |  TE [ben:0.014, ben:0.014, ben:0.016, ben:0.014, ben:0.016, ben:0.014, ben:0.020, ben:0.016, ben:0.014, ben:0.012]  DDif [ben:0.131, ben:0.263, ben:0.134, ben:0.160, ben:0.145, ben:0.150, ben:0.085, ben:0.150, ben:0.125, ben:0.241]  labels [-1, -1, -1, -1, 0, -1, -1, 0, -1, -1]
13:40:56  INFO      defenses.deepsight — DeepSight: 0 / 10 flagged  |  TE [ben:0.018, ben:0.018, ben:0.014, ben:0.018, ben:0.016, ben:0.012, ben:0.012, ben:0.012, ben:0.014, ben:0.012]  DDif [ben:0.194, ben:0.130, ben:0.146, ben:0.094, ben:0.124, ben:0.147, ben:0.093, ben:0.215, ben:0.105, ben:0.253]  labels [-1, 0, 0, 0, 0, 0, 0, -1, 0, -1]
13:40:57  WARNING   attacks.chameleon_client — Chameleon client [8] round 69: no target-class samples in local data — falling back to benign training.
13:41:17  INFO      attacks.chameleon_client — Chameleon client [69] round 69: optimising δ for 131/266 samples (ε=0.300, λ_sim=1.00, steps=100).
13:41:17  INFO      attacks.chameleon_client — Chameleon client [69] round 69: poisoned 131/266 samples (target=0, loss=0.1312, acc=0.961).
13:41:32  INFO      defenses.deepsight — DeepSight: 0 / 10 flagged  |  TE [MAL:0.012, ben:0.014, ben:0.014, ben:0.014, ben:0.016, ben:0.014, MAL:0.014, ben:0.014, ben:0.014, ben:0.014]  DDif [MAL:0.422, ben:0.125, ben:0.207, ben:0.102, ben:0.083, ben:0.195, MAL:0.141, ben:0.162, ben:0.155, ben:0.075]  labels [-1, 0, -1, -1, -1, -1, 0, -1, -1, -1]
13:42:19  INFO      defenses.deepsight — DeepSight: 0 / 10 flagged  |  TE [ben:0.016, ben:0.012, ben:0.014, ben:0.016, ben:0.014, ben:0.014, ben:0.012, ben:0.016, ben:0.016, ben:0.014]  DDif [ben:0.141, ben:0.129, ben:0.115, ben:0.095, ben:0.114, ben:0.110, ben:0.121, ben:0.172, ben:0.077, ben:0.082]  labels [-1, 0, 0, 0, -1, 0, 0, -1, 0, -1]
13:42:28  INFO      experiment.runner — Round   71/200  |  acc:  90.04%  loss: 0.3840  |  ASR:  59.80%  asr_loss: nan  |  FPR: 0.0%  |  mF1: 86.3%
13:42:52  INFO      attacks.chameleon_client — Chameleon client [69] round 71: optimising δ for 131/266 samples (ε=0.300, λ_sim=1.00, steps=100).
13:42:52  INFO      attacks.chameleon_client — Chameleon client [69] round 71: poisoned 131/266 samples (target=0, loss=0.0719, acc=0.974).
13:42:53  WARNING   attacks.chameleon_client — Chameleon client [8] round 71: no target-class samples in local data — falling back to benign training.
13:42:59  INFO      defenses.deepsight — DeepSight: 0 / 10 flagged  |  TE [ben:0.014, ben:0.018, ben:0.016, ben:0.021, ben:0.014, ben:0.016, ben:0.016, MAL:0.014, MAL:0.012, ben:0.016]  DDif [ben:0.163, ben:0.194, ben:0.146, ben:0.208, ben:0.166, ben:0.141, ben:0.124, MAL:0.179, MAL:0.411, ben:0.089]  labels [0, 0, -1, 0, 0, -1, -1, 0, -1, -1]
13:43:09  INFO      attacks.chameleon_client — Chameleon client [75] round 72: optimising δ for 131/266 samples (ε=0.300, λ_sim=1.00, steps=100).
13:43:09  INFO      attacks.chameleon_client — Chameleon client [75] round 72: poisoned 131/266 samples (target=0, loss=0.1525, acc=0.955).
13:43:29  INFO      defenses.deepsight — DeepSight: 0 / 10 flagged  |  TE [ben:0.018, ben:0.016, ben:0.018, MAL:0.016, ben:0.016, ben:0.016, ben:0.014, ben:0.012, ben:0.014, ben:0.016]  DDif [ben:0.110, ben:0.258, ben:0.148, MAL:0.190, ben:0.100, ben:0.164, ben:0.148, ben:0.185, ben:0.370, ben:0.134]  labels [-1, -1, 0, -1, -1, 0, -1, -1, -1, 0]
13:43:52  INFO      attacks.chameleon_client — Chameleon client [16] round 73: optimising δ for 132/267 samples (ε=0.300, λ_sim=1.00, steps=100).
13:43:52  INFO      attacks.chameleon_client — Chameleon client [16] round 73: poisoned 132/267 samples (target=0, loss=0.0572, acc=0.976).
13:43:53  INFO      attacks.chameleon_client — Chameleon client [75] round 73: optimising δ for 131/266 samples (ε=0.300, λ_sim=1.00, steps=100).
13:43:53  INFO      attacks.chameleon_client — Chameleon client [75] round 73: poisoned 131/266 samples (target=0, loss=0.1110, acc=0.959).
13:43:54  WARNING   attacks.chameleon_client — Chameleon client [77] round 73: no target-class samples in local data — falling back to benign training.
13:43:57  INFO      defenses.deepsight — DeepSight: 0 / 10 flagged  |  TE [ben:0.020, ben:0.016, ben:0.012, ben:0.016, ben:0.018, ben:0.016, ben:0.014, MAL:0.014, MAL:0.020, MAL:0.012]  DDif [ben:0.150, ben:0.112, ben:0.165, ben:0.228, ben:0.113, ben:0.068, ben:0.114, MAL:0.103, MAL:0.215, MAL:0.465]  labels [0, -1, -1, -1, -1, -1, 0, -1, 0, -1]
13:44:08  INFO      attacks.chameleon_client — Chameleon client [69] round 74: optimising δ for 131/266 samples (ε=0.300, λ_sim=1.00, steps=100).
13:44:09  INFO      attacks.chameleon_client — Chameleon client [69] round 74: poisoned 131/266 samples (target=0, loss=0.0780, acc=0.975).
13:44:27  INFO      defenses.deepsight — DeepSight: 0 / 10 flagged  |  TE [ben:0.016, ben:0.014, ben:0.012, MAL:0.014, ben:0.012, ben:0.016, ben:0.016, ben:0.014, ben:0.014, ben:0.012]  DDif [ben:0.117, ben:0.118, ben:0.287, MAL:0.157, ben:0.092, ben:0.064, ben:0.160, ben:0.135, ben:0.114, ben:0.106]  labels [0, -1, -1, 0, -1, -1, 0, -1, 0, 0]
13:44:29  WARNING   attacks.chameleon_client — Chameleon client [47] round 75: no target-class samples in local data — falling back to benign training.
13:44:54  INFO      attacks.chameleon_client — Chameleon client [74] round 75: optimising δ for 131/266 samples (ε=0.300, λ_sim=1.00, steps=100).
13:44:54  INFO      attacks.chameleon_client — Chameleon client [74] round 75: poisoned 131/266 samples (target=0, loss=0.0565, acc=0.983).
13:44:58  INFO      defenses.deepsight — DeepSight: 0 / 10 flagged  |  TE [MAL:0.012, ben:0.016, ben:0.016, ben:0.016, ben:0.018, ben:0.014, ben:0.016, ben:0.014, MAL:0.014, ben:0.014]  DDif [MAL:0.499, ben:0.132, ben:0.181, ben:0.142, ben:0.218, ben:0.090, ben:0.105, ben:0.110, MAL:0.101, ben:0.157]  labels [-1, 0, 0, 0, -1, -1, -1, 0, -1, -1]
13:45:29  INFO      defenses.deepsight — DeepSight: 0 / 10 flagged  |  TE [ben:0.016, ben:0.016, ben:0.014, ben:0.018, ben:0.016, ben:0.014, ben:0.014, ben:0.018, ben:0.014, ben:0.018]  DDif [ben:0.172, ben:0.081, ben:0.122, ben:0.187, ben:0.185, ben:0.158, ben:0.110, ben:0.183, ben:0.217, ben:0.169]  labels [0, -1, -1, -1, 0, -1, -1, -1, 0, -1]
13:46:01  INFO      defenses.deepsight — DeepSight: 0 / 10 flagged  |  TE [ben:0.014, ben:0.014, ben:0.016, ben:0.016, ben:0.014, ben:0.016, ben:0.016, ben:0.014, ben:0.018, ben:0.016]  DDif [ben:0.098, ben:0.146, ben:0.185, ben:0.092, ben:0.119, ben:0.226, ben:0.157, ben:0.177, ben:0.140, ben:0.140]  labels [-1, 0, -1, -1, -1, -1, -1, -1, 0, -1]
13:46:08  WARNING   attacks.chameleon_client — Chameleon client [80] round 78: no target-class samples in local data — falling back to benign training.
13:46:32  INFO      defenses.deepsight — DeepSight: 0 / 10 flagged  |  TE [ben:0.014, ben:0.016, MAL:0.012, ben:0.014, ben:0.012, ben:0.014, ben:0.014, ben:0.016, ben:0.016, ben:0.014]  DDif [ben:0.078, ben:0.092, MAL:0.465, ben:0.100, ben:0.112, ben:0.242, ben:0.112, ben:0.181, ben:0.110, ben:0.091]  labels [0, -1, -1, -1, 0, -1, 0, -1, -1, -1]
13:47:08  INFO      defenses.deepsight — DeepSight: 0 / 10 flagged  |  TE [ben:0.014, ben:0.014, ben:0.018, ben:0.016, ben:0.016, ben:0.014, ben:0.014, ben:0.016, ben:0.016, ben:0.018]  DDif [ben:0.121, ben:0.162, ben:0.089, ben:0.194, ben:0.171, ben:0.118, ben:0.173, ben:0.181, ben:0.099, ben:0.144]  labels [0, -1, 0, 0, 0, 0, 0, 0, 0, 0]
13:47:39  INFO      defenses.deepsight — DeepSight: 0 / 10 flagged  |  TE [ben:0.014, ben:0.016, ben:0.012, ben:0.018, ben:0.016, ben:0.016, ben:0.020, ben:0.018, ben:0.014, ben:0.012]  DDif [ben:0.161, ben:0.120, ben:0.175, ben:0.163, ben:0.248, ben:0.147, ben:0.088, ben:0.088, ben:0.209, ben:0.071]  labels [0, 0, -1, 0, -1, 0, 0, 0, -1, 0]
13:47:45  INFO      experiment.runner — Round   81/200  |  acc:  90.66%  loss: 0.3496  |  ASR:  55.20%  asr_loss: nan  |  FPR: 0.0%  |  mF1: 86.6%
13:48:16  INFO      defenses.deepsight — DeepSight: 0 / 10 flagged  |  TE [ben:0.014, ben:0.016, ben:0.018, ben:0.018, ben:0.014, ben:0.016, ben:0.014, ben:0.016, ben:0.018, ben:0.014]  DDif [ben:0.172, ben:0.276, ben:0.097, ben:0.171, ben:0.088, ben:0.151, ben:0.148, ben:0.102, ben:0.101, ben:0.119]  labels [0, -1, -1, 0, 0, 0, 0, 0, 0, 0]
13:48:34  WARNING   attacks.chameleon_client — Chameleon client [8] round 82: no target-class samples in local data — falling back to benign training.
13:48:50  INFO      defenses.deepsight — DeepSight: 0 / 10 flagged  |  TE [ben:0.014, ben:0.016, ben:0.014, ben:0.016, ben:0.018, MAL:0.012, ben:0.016, ben:0.018, ben:0.012, ben:0.016]  DDif [ben:0.079, ben:0.075, ben:0.145, ben:0.137, ben:0.088, MAL:0.240, ben:0.131, ben:0.089, ben:0.126, ben:0.118]  labels [0, 0, -1, 0, -1, -1, 0, 0, 0, -1]
13:49:20  INFO      defenses.deepsight — DeepSight: 0 / 10 flagged  |  TE [ben:0.014, ben:0.014, ben:0.020, ben:0.014, ben:0.016, ben:0.012, ben:0.012, ben:0.020, ben:0.014, ben:0.014]  DDif [ben:0.268, ben:0.124, ben:0.116, ben:0.114, ben:0.132, ben:0.138, ben:0.232, ben:0.082, ben:0.114, ben:0.128]  labels [-1, 0, -1, 0, -1, -1, -1, -1, -1, -1]
13:49:27  INFO      attacks.chameleon_client — Chameleon client [60] round 84: optimising δ for 131/266 samples (ε=0.300, λ_sim=1.00, steps=100).
13:49:28  INFO      attacks.chameleon_client — Chameleon client [60] round 84: poisoned 131/266 samples (target=0, loss=0.0714, acc=0.972).
13:49:32  WARNING   attacks.chameleon_client — Chameleon client [8] round 84: no target-class samples in local data — falling back to benign training.
13:49:52  INFO      defenses.deepsight — DeepSight: 0 / 10 flagged  |  TE [ben:0.018, ben:0.018, MAL:0.016, ben:0.016, MAL:0.012, ben:0.012, ben:0.014, ben:0.012, ben:0.014, ben:0.018]  DDif [ben:0.208, ben:0.200, MAL:0.113, ben:0.140, MAL:0.283, ben:0.118, ben:0.114, ben:0.145, ben:0.104, ben:0.093]  labels [0, 0, 0, 0, -1, 0, 0, 0, 0, 0]
13:50:21  INFO      defenses.deepsight — DeepSight: 0 / 10 flagged  |  TE [ben:0.014, ben:0.016, ben:0.014, ben:0.014, ben:0.016, ben:0.018, ben:0.014, ben:0.014, ben:0.018, ben:0.016]  DDif [ben:0.134, ben:0.108, ben:0.190, ben:0.191, ben:0.314, ben:0.143, ben:0.262, ben:0.602, ben:0.180, ben:0.164]  labels [0, -1, -1, 0, -1, -1, -1, -1, -1, -1]
13:50:32  WARNING   attacks.chameleon_client — Chameleon client [47] round 86: no target-class samples in local data — falling back to benign training.
13:50:53  INFO      defenses.deepsight — DeepSight: 0 / 10 flagged  |  TE [ben:0.012, ben:0.016, ben:0.012, MAL:0.010, ben:0.014, ben:0.016, ben:0.020, ben:0.020, ben:0.012, ben:0.016]  DDif [ben:0.115, ben:0.158, ben:0.179, MAL:0.381, ben:0.246, ben:0.107, ben:0.117, ben:0.146, ben:0.090, ben:0.138]  labels [0, -1, -1, -1, -1, 0, -1, -1, -1, 0]
13:51:00  WARNING   attacks.chameleon_client — Chameleon client [47] round 87: no target-class samples in local data — falling back to benign training.
13:51:25  INFO      defenses.deepsight — DeepSight: 0 / 10 flagged  |  TE [ben:0.016, ben:0.016, MAL:0.008, ben:0.014, ben:0.018, ben:0.016, ben:0.016, ben:0.016, ben:0.014, ben:0.012]  DDif [ben:0.106, ben:0.092, MAL:0.353, ben:0.202, ben:0.119, ben:0.111, ben:0.197, ben:0.136, ben:0.281, ben:0.112]  labels [-1, 0, -1, -1, -1, 0, -1, -1, -1, -1]
13:51:26  INFO      attacks.chameleon_client — Chameleon client [74] round 88: optimising δ for 131/266 samples (ε=0.300, λ_sim=1.00, steps=100).
13:51:27  INFO      attacks.chameleon_client — Chameleon client [74] round 88: poisoned 131/266 samples (target=0, loss=0.0396, acc=0.988).
13:51:50  WARNING   attacks.chameleon_client — Chameleon client [77] round 88: no target-class samples in local data — falling back to benign training.
13:51:56  INFO      defenses.deepsight — DeepSight: 0 / 10 flagged  |  TE [MAL:0.014, ben:0.016, ben:0.014, ben:0.016, ben:0.018, ben:0.016, ben:0.016, ben:0.014, MAL:0.010, ben:0.014]  DDif [MAL:0.124, ben:0.091, ben:0.104, ben:0.126, ben:0.125, ben:0.191, ben:0.178, ben:0.153, MAL:0.397, ben:0.128]  labels [-1, -1, 0, -1, -1, -1, -1, -1, -1, 0]
13:52:28  INFO      defenses.deepsight — DeepSight: 0 / 10 flagged  |  TE [ben:0.014, ben:0.018, ben:0.018, ben:0.016, ben:0.014, ben:0.018, ben:0.016, ben:0.018, ben:0.018, ben:0.020]  DDif [ben:0.345, ben:0.199, ben:0.277, ben:0.093, ben:0.095, ben:0.275, ben:0.077, ben:0.136, ben:0.208, ben:0.125]  labels [-1, -1, 0, 0, -1, 0, -1, 0, 0, -1]
13:52:36  INFO      attacks.chameleon_client — Chameleon client [30] round 90: optimising δ for 132/267 samples (ε=0.300, λ_sim=1.00, steps=100).
13:52:37  INFO      attacks.chameleon_client — Chameleon client [30] round 90: poisoned 132/267 samples (target=0, loss=0.0567, acc=0.984).
13:52:58  INFO      defenses.deepsight — DeepSight: 0 / 10 flagged  |  TE [ben:0.014, ben:0.014, MAL:0.016, ben:0.016, ben:0.014, ben:0.016, ben:0.016, ben:0.016, ben:0.018, ben:0.014]  DDif [ben:0.113, ben:0.102, MAL:0.202, ben:0.155, ben:0.117, ben:0.087, ben:0.080, ben:0.200, ben:0.127, ben:0.196]  labels [0, 0, -1, -1, 0, -1, -1, -1, -1, -1]
13:53:04  INFO      experiment.runner — Round   91/200  |  acc:  90.67%  loss: 0.3613  |  ASR:  55.20%  asr_loss: nan  |  TPR: 0.0%  FPR: 0.0%  |  mF1: 87.3%
13:53:08  INFO      attacks.chameleon_client — Chameleon client [60] round 91: optimising δ for 131/266 samples (ε=0.300, λ_sim=1.00, steps=100).
13:53:08  INFO      attacks.chameleon_client — Chameleon client [60] round 91: poisoned 131/266 samples (target=0, loss=0.0904, acc=0.982).
13:53:33  INFO      defenses.deepsight — DeepSight: 0 / 10 flagged  |  TE [ben:0.014, MAL:0.016, ben:0.014, ben:0.016, ben:0.016, ben:0.014, ben:0.014, ben:0.018, ben:0.014, ben:0.018]  DDif [ben:0.133, MAL:0.165, ben:0.099, ben:0.088, ben:0.092, ben:0.132, ben:0.181, ben:0.093, ben:0.115, ben:0.119]  labels [0, -1, 0, 0, 0, 0, -1, 0, 0, 0]
13:54:05  INFO      defenses.deepsight — DeepSight: 0 / 10 flagged  |  TE [ben:0.016, ben:0.014, ben:0.012, ben:0.016, ben:0.020, ben:0.018, ben:0.018, ben:0.016, ben:0.012, ben:0.020]  DDif [ben:0.112, ben:0.129, ben:0.301, ben:0.121, ben:0.185, ben:0.119, ben:0.047, ben:0.083, ben:0.185, ben:0.193]  labels [0, 0, -1, -1, -1, 0, -1, -1, -1, -1]
13:54:12  WARNING   attacks.chameleon_client — Chameleon client [80] round 93: no target-class samples in local data — falling back to benign training.
13:54:33  INFO      attacks.chameleon_client — Chameleon client [75] round 93: optimising δ for 131/266 samples (ε=0.300, λ_sim=1.00, steps=100).
13:54:34  INFO      attacks.chameleon_client — Chameleon client [75] round 93: poisoned 131/266 samples (target=0, loss=0.0738, acc=0.972).
13:54:34  INFO      defenses.deepsight — DeepSight: 0 / 10 flagged  |  TE [ben:0.020, ben:0.016, MAL:0.010, ben:0.020, ben:0.016, ben:0.014, ben:0.016, ben:0.016, ben:0.021, MAL:0.016]  DDif [ben:0.109, ben:0.160, MAL:0.264, ben:0.099, ben:0.145, ben:0.131, ben:0.126, ben:0.094, ben:0.225, MAL:0.132]  labels [-1, -1, -1, -1, 0, -1, -1, -1, -1, 0]
13:55:03  INFO      defenses.deepsight — DeepSight: 0 / 10 flagged  |  TE [ben:0.018, ben:0.016, ben:0.016, ben:0.020, ben:0.014, ben:0.014, ben:0.014, ben:0.014, ben:0.016, ben:0.014]  DDif [ben:0.235, ben:0.094, ben:0.056, ben:0.172, ben:0.100, ben:0.150, ben:0.135, ben:0.088, ben:0.116, ben:0.214]  labels [-1, 0, -1, -1, 0, -1, 0, 0, 0, -1]
13:55:35  INFO      defenses.deepsight — DeepSight: 0 / 10 flagged  |  TE [ben:0.016, ben:0.014, ben:0.016, ben:0.014, ben:0.018, ben:0.012, ben:0.014, ben:0.016, ben:0.016, ben:0.016]  DDif [ben:0.137, ben:0.112, ben:0.080, ben:0.198, ben:0.266, ben:0.153, ben:0.126, ben:0.082, ben:0.164, ben:0.240]  labels [0, 0, 0, -1, -1, 0, 0, 0, -1, -1]
13:55:52  WARNING   attacks.chameleon_client — Chameleon client [77] round 96: no target-class samples in local data — falling back to benign training.
13:55:56  WARNING   attacks.chameleon_client — Chameleon client [80] round 96: no target-class samples in local data — falling back to benign training.
13:56:08  INFO      defenses.deepsight — DeepSight: 0 / 10 flagged  |  TE [ben:0.018, ben:0.014, ben:0.016, ben:0.014, ben:0.014, MAL:0.012, MAL:0.010, ben:0.016, ben:0.020, ben:0.014]  DDif [ben:0.111, ben:0.103, ben:0.104, ben:0.095, ben:0.118, MAL:0.341, MAL:0.314, ben:0.178, ben:0.105, ben:0.163]  labels [-1, 0, -1, -1, 0, -1, -1, -1, 0, -1]
13:56:43  INFO      defenses.deepsight — DeepSight: 0 / 10 flagged  |  TE [ben:0.014, ben:0.016, ben:0.020, ben:0.016, ben:0.020, ben:0.016, ben:0.012, ben:0.016, ben:0.012, ben:0.016]  DDif [ben:0.147, ben:0.126, ben:0.110, ben:0.146, ben:0.112, ben:0.200, ben:0.271, ben:0.178, ben:0.056, ben:0.128]  labels [-1, 0, -1, 0, -1, -1, -1, -1, -1, 0]
13:57:14  INFO      defenses.deepsight — DeepSight: 0 / 10 flagged  |  TE [ben:0.014, ben:0.014, ben:0.018, ben:0.018, ben:0.012, ben:0.018, ben:0.016, ben:0.014, ben:0.014, ben:0.014]  DDif [ben:0.147, ben:0.116, ben:0.163, ben:0.091, ben:0.162, ben:0.113, ben:0.156, ben:0.241, ben:0.124, ben:0.143]  labels [0, -1, -1, -1, -1, -1, -1, -1, -1, 0]
13:57:46  INFO      defenses.deepsight — DeepSight: 0 / 10 flagged  |  TE [ben:0.014, ben:0.012, ben:0.018, ben:0.014, ben:0.014, ben:0.016, ben:0.014, ben:0.014, ben:0.018, ben:0.014]  DDif [ben:0.070, ben:0.092, ben:0.083, ben:0.073, ben:0.093, ben:0.090, ben:0.110, ben:0.111, ben:0.217, ben:0.156]  labels [-1, -1, 0, -1, -1, 0, -1, -1, -1, -1]
13:57:50  WARNING   attacks.chameleon_client — Chameleon client [77] round 100: no target-class samples in local data — falling back to benign training.
13:58:19  INFO      defenses.deepsight — DeepSight: 0 / 10 flagged  |  TE [ben:0.018, MAL:0.010, ben:0.012, ben:0.018, ben:0.016, ben:0.020, ben:0.016, ben:0.014, ben:0.018, ben:0.014]  DDif [ben:0.087, MAL:0.383, ben:0.175, ben:0.239, ben:0.096, ben:0.068, ben:0.099, ben:0.098, ben:0.114, ben:0.134]  labels [0, -1, 0, -1, -1, -1, -1, -1, -1, 0]
13:58:25  INFO      experiment.runner — Round  101/200  |  acc:  90.97%  loss: 0.3532  |  ASR:  47.60%  asr_loss: nan  |  TPR: 0.0%  FPR: 0.0%  |  mF1: 87.4%
13:58:52  INFO      attacks.chameleon_client — Chameleon client [30] round 101: optimising δ for 132/267 samples (ε=0.300, λ_sim=1.00, steps=100).
13:58:52  INFO      attacks.chameleon_client — Chameleon client [30] round 101: poisoned 132/267 samples (target=0, loss=0.1853, acc=0.957).
13:58:55  INFO      defenses.deepsight — DeepSight: 0 / 10 flagged  |  TE [ben:0.014, ben:0.018, ben:0.016, ben:0.016, ben:0.016, ben:0.018, ben:0.012, ben:0.014, MAL:0.018, ben:0.018]  DDif [ben:0.140, ben:0.104, ben:0.114, ben:0.115, ben:0.122, ben:0.178, ben:0.095, ben:0.119, MAL:0.783, ben:0.085]  labels [0, -1, 0, -1, 0, 0, 0, 0, -1, -1]
13:59:20  WARNING   attacks.chameleon_client — Chameleon client [47] round 102: no target-class samples in local data — falling back to benign training.
13:59:27  INFO      defenses.deepsight — DeepSight: 0 / 10 flagged  |  TE [ben:0.014, ben:0.020, ben:0.020, ben:0.014, ben:0.018, ben:0.012, ben:0.018, ben:0.014, MAL:0.008, ben:0.018]  DDif [ben:0.091, ben:0.152, ben:0.090, ben:0.139, ben:0.103, ben:0.353, ben:0.134, ben:0.197, MAL:0.371, ben:0.076]  labels [-1, -1, 0, -1, -1, -1, 0, -1, -1, 0]
13:59:58  INFO      defenses.deepsight — DeepSight: 0 / 10 flagged  |  TE [ben:0.014, ben:0.018, ben:0.014, ben:0.016, ben:0.016, ben:0.016, ben:0.016, ben:0.016, ben:0.014, ben:0.016]  DDif [ben:0.105, ben:0.142, ben:0.088, ben:0.183, ben:0.386, ben:0.131, ben:0.098, ben:0.089, ben:0.083, ben:0.124]  labels [-1, -1, -1, -1, -1, -1, 0, 0, -1, -1]
14:00:05  INFO      attacks.chameleon_client — Chameleon client [30] round 104: optimising δ for 132/267 samples (ε=0.300, λ_sim=1.00, steps=100).
14:00:05  INFO      attacks.chameleon_client — Chameleon client [30] round 104: poisoned 132/267 samples (target=0, loss=0.0794, acc=0.978).
14:00:22  INFO      attacks.chameleon_client — Chameleon client [74] round 104: optimising δ for 131/266 samples (ε=0.300, λ_sim=1.00, steps=100).
14:00:23  INFO      attacks.chameleon_client — Chameleon client [74] round 104: poisoned 131/266 samples (target=0, loss=0.0596, acc=0.975).
14:00:26  INFO      defenses.deepsight — DeepSight: 0 / 10 flagged  |  TE [ben:0.014, ben:0.014, MAL:0.014, ben:0.014, ben:0.014, ben:0.014, ben:0.016, ben:0.014, MAL:0.014, ben:0.014]  DDif [ben:0.084, ben:0.135, MAL:0.169, ben:0.145, ben:0.114, ben:0.121, ben:0.043, ben:0.160, MAL:0.162, ben:0.114]  labels [-1, -1, 0, -1, 0, -1, -1, 0, 0, 0]
14:00:56  INFO      defenses.deepsight — DeepSight: 0 / 10 flagged  |  TE [ben:0.016, ben:0.014, ben:0.014, ben:0.016, ben:0.018, ben:0.016, ben:0.014, ben:0.016, ben:0.016, ben:0.020]  DDif [ben:0.282, ben:0.225, ben:0.118, ben:0.272, ben:0.213, ben:0.097, ben:0.092, ben:0.120, ben:0.103, ben:0.109]  labels [-1, 0, 0, 0, 0, 0, 0, 0, 0, 0]
14:00:57  WARNING   attacks.chameleon_client — Chameleon client [77] round 106: no target-class samples in local data — falling back to benign training.
14:01:33  INFO      defenses.deepsight — DeepSight: 0 / 10 flagged  |  TE [MAL:0.014, ben:0.016, ben:0.018, ben:0.016, ben:0.012, ben:0.018, ben:0.018, ben:0.014, ben:0.016, ben:0.016]  DDif [MAL:0.254, ben:0.166, ben:0.095, ben:0.221, ben:0.142, ben:0.067, ben:0.201, ben:0.189, ben:0.082, ben:0.062]  labels [-1, 0, 0, -1, 0, 0, 0, 0, 0, 0]
14:02:05  INFO      defenses.deepsight — DeepSight: 0 / 10 flagged  |  TE [ben:0.016, ben:0.018, ben:0.016, ben:0.016, ben:0.018, ben:0.018, ben:0.014, ben:0.014, ben:0.021, ben:0.018]  DDif [ben:0.102, ben:0.285, ben:0.162, ben:0.112, ben:0.080, ben:0.080, ben:0.038, ben:0.265, ben:0.147, ben:0.182]  labels [0, -1, -1, -1, 0, -1, -1, -1, -1, -1]
14:02:36  INFO      defenses.deepsight — DeepSight: 0 / 10 flagged  |  TE [ben:0.016, ben:0.014, ben:0.016, ben:0.016, ben:0.016, ben:0.018, ben:0.014, ben:0.012, ben:0.014, ben:0.014]  DDif [ben:0.134, ben:0.057, ben:0.067, ben:0.137, ben:0.094, ben:0.096, ben:0.158, ben:0.159, ben:0.065, ben:0.223]  labels [-1, 0, 0, 0, 0, 0, -1, 0, 0, -1]
14:02:36  WARNING   attacks.chameleon_client — Chameleon client [77] round 109: no target-class samples in local data — falling back to benign training.
14:03:09  INFO      defenses.deepsight — DeepSight: 0 / 10 flagged  |  TE [MAL:0.014, ben:0.016, ben:0.014, ben:0.014, ben:0.014, ben:0.014, ben:0.016, ben:0.014, ben:0.014, ben:0.012]  DDif [MAL:0.332, ben:0.118, ben:0.110, ben:0.114, ben:0.096, ben:0.100, ben:0.092, ben:0.072, ben:0.080, ben:0.086]  labels [-1, -1, -1, -1, 0, -1, 0, -1, -1, -1]
14:03:13  INFO      attacks.chameleon_client — Chameleon client [69] round 110: optimising δ for 131/266 samples (ε=0.300, λ_sim=1.00, steps=100).
14:03:13  INFO      attacks.chameleon_client — Chameleon client [69] round 110: poisoned 131/266 samples (target=0, loss=0.0591, acc=0.980).
14:03:38  INFO      defenses.deepsight — DeepSight: 0 / 10 flagged  |  TE [ben:0.014, MAL:0.014, ben:0.018, ben:0.018, ben:0.014, ben:0.018, ben:0.014, ben:0.016, ben:0.016, ben:0.016]  DDif [ben:0.091, MAL:0.114, ben:0.104, ben:0.273, ben:0.094, ben:0.118, ben:0.108, ben:0.067, ben:0.103, ben:0.590]  labels [0, -1, -1, -1, 0, -1, -1, -1, 0, -1]
14:03:43  INFO      experiment.runner — Round  111/200  |  acc:  91.44%  loss: 0.3432  |  ASR:  60.60%  asr_loss: nan  |  TPR: 0.0%  FPR: 0.0%  |  mF1: 87.7%
14:04:16  INFO      defenses.deepsight — DeepSight: 0 / 10 flagged  |  TE [ben:0.014, ben:0.014, ben:0.020, ben:0.014, ben:0.016, ben:0.020, ben:0.018, ben:0.016, ben:0.014, ben:0.016]  DDif [ben:0.101, ben:0.125, ben:0.088, ben:0.195, ben:0.161, ben:0.114, ben:0.128, ben:0.129, ben:0.116, ben:0.280]  labels [-1, 0, -1, -1, -1, 0, -1, -1, -1, -1]
14:04:17  WARNING   attacks.chameleon_client — Chameleon client [8] round 112: no target-class samples in local data — falling back to benign training.
14:04:20  WARNING   attacks.chameleon_client — Chameleon client [77] round 112: no target-class samples in local data — falling back to benign training.
14:04:42  INFO      attacks.chameleon_client — Chameleon client [30] round 112: optimising δ for 132/267 samples (ε=0.300, λ_sim=1.00, steps=100).
14:04:43  INFO      attacks.chameleon_client — Chameleon client [30] round 112: poisoned 132/267 samples (target=0, loss=0.1015, acc=0.975).
14:04:46  INFO      defenses.deepsight — DeepSight: 0 / 10 flagged  |  TE [MAL:0.010, MAL:0.012, ben:0.016, ben:0.014, ben:0.014, ben:0.018, ben:0.016, ben:0.016, MAL:0.016, ben:0.016]  DDif [MAL:0.323, MAL:0.309, ben:0.075, ben:0.204, ben:0.171, ben:0.270, ben:0.074, ben:0.084, MAL:0.336, ben:0.064]  labels [0, -1, 0, 0, 0, 0, -1, -1, 0, 0]
14:05:19  INFO      defenses.deepsight — DeepSight: 0 / 10 flagged  |  TE [ben:0.014, ben:0.020, ben:0.014, ben:0.018, ben:0.016, ben:0.016, ben:0.014, ben:0.016, ben:0.014, ben:0.016]  DDif [ben:0.151, ben:0.097, ben:0.180, ben:0.101, ben:0.116, ben:0.225, ben:0.153, ben:0.107, ben:0.181, ben:0.074]  labels [0, 0, 0, 0, 0, 0, 0, 0, 0, 0]
14:05:35  WARNING   attacks.chameleon_client — Chameleon client [47] round 114: no target-class samples in local data — falling back to benign training.
14:05:50  INFO      defenses.deepsight — DeepSight: 0 / 10 flagged  |  TE [ben:0.016, ben:0.021, ben:0.014, ben:0.018, ben:0.012, MAL:0.010, ben:0.018, ben:0.016, ben:0.012, ben:0.014]  DDif [ben:0.259, ben:0.186, ben:0.280, ben:0.123, ben:0.096, MAL:0.288, ben:0.067, ben:0.084, ben:0.199, ben:0.070]  labels [0, 0, 0, 0, 0, 0, 0, 0, 0, 0]
14:05:57  INFO      attacks.chameleon_client — Chameleon client [60] round 115: optimising δ for 131/266 samples (ε=0.300, λ_sim=1.00, steps=100).
14:05:58  INFO      attacks.chameleon_client — Chameleon client [60] round 115: poisoned 131/266 samples (target=0, loss=0.0685, acc=0.982).
14:05:58  INFO      attacks.chameleon_client — Chameleon client [75] round 115: optimising δ for 131/266 samples (ε=0.300, λ_sim=1.00, steps=100).
14:05:59  INFO      attacks.chameleon_client — Chameleon client [75] round 115: poisoned 131/266 samples (target=0, loss=0.0533, acc=0.976).
14:06:17  INFO      defenses.deepsight — DeepSight: 0 / 10 flagged  |  TE [ben:0.014, ben:0.018, MAL:0.018, MAL:0.014, ben:0.016, ben:0.014, ben:0.020, ben:0.016, ben:0.014, ben:0.016]  DDif [ben:0.171, ben:0.334, MAL:0.129, MAL:0.163, ben:0.051, ben:0.196, ben:0.226, ben:0.090, ben:0.078, ben:0.165]  labels [-1, -1, -1, 0, -1, 0, -1, -1, -1, -1]
14:06:42  INFO      attacks.chameleon_client — Chameleon client [60] round 116: optimising δ for 131/266 samples (ε=0.300, λ_sim=1.00, steps=100).
14:06:43  INFO      attacks.chameleon_client — Chameleon client [60] round 116: poisoned 131/266 samples (target=0, loss=0.0661, acc=0.978).
14:06:49  INFO      defenses.deepsight — DeepSight: 0 / 10 flagged  |  TE [ben:0.014, ben:0.014, ben:0.016, ben:0.020, ben:0.018, ben:0.018, ben:0.016, MAL:0.018, ben:0.020, ben:0.014]  DDif [ben:0.160, ben:0.054, ben:0.070, ben:0.069, ben:0.158, ben:0.103, ben:0.125, MAL:0.207, ben:0.104, ben:0.256]  labels [0, 0, -1, 0, 0, 0, -1, 0, 0, -1]
14:07:21  INFO      defenses.deepsight — DeepSight: 0 / 10 flagged  |  TE [ben:0.016, ben:0.016, ben:0.014, ben:0.016, ben:0.016, ben:0.016, ben:0.014, ben:0.016, ben:0.016, ben:0.018]  DDif [ben:0.120, ben:0.270, ben:0.224, ben:0.080, ben:0.115, ben:0.079, ben:0.052, ben:0.121, ben:0.139, ben:0.084]  labels [0, -1, -1, -1, 0, -1, -1, -1, -1, -1]
14:07:52  INFO      defenses.deepsight — DeepSight: 0 / 10 flagged  |  TE [ben:0.018, ben:0.014, ben:0.016, ben:0.018, ben:0.014, ben:0.014, ben:0.014, ben:0.014, ben:0.014, ben:0.014]  DDif [ben:0.122, ben:0.120, ben:0.118, ben:0.131, ben:0.082, ben:0.084, ben:0.097, ben:0.127, ben:0.078, ben:0.080]  labels [0, 0, 0, 0, 0, 0, 0, 0, 0, 0]
14:08:13  WARNING   attacks.chameleon_client — Chameleon client [47] round 119: no target-class samples in local data — falling back to benign training.
14:08:26  INFO      defenses.deepsight — DeepSight: 0 / 10 flagged  |  TE [ben:0.020, ben:0.014, ben:0.016, ben:0.014, ben:0.014, ben:0.014, MAL:0.012, ben:0.016, ben:0.016, ben:0.012]  DDif [ben:0.051, ben:0.294, ben:0.502, ben:0.075, ben:0.115, ben:0.122, MAL:0.279, ben:0.101, ben:0.078, ben:0.141]  labels [-1, -1, -1, -1, 0, -1, -1, 0, -1, -1]
14:08:30  INFO      attacks.chameleon_client — Chameleon client [60] round 120: optimising δ for 131/266 samples (ε=0.300, λ_sim=1.00, steps=100).
14:08:30  INFO      attacks.chameleon_client — Chameleon client [60] round 120: poisoned 131/266 samples (target=0, loss=0.0586, acc=0.980).
14:08:34  INFO      attacks.chameleon_client — Chameleon client [69] round 120: optimising δ for 131/266 samples (ε=0.300, λ_sim=1.00, steps=100).
14:08:34  INFO      attacks.chameleon_client — Chameleon client [69] round 120: poisoned 131/266 samples (target=0, loss=0.0838, acc=0.983).
14:08:48  WARNING   attacks.chameleon_client — Chameleon client [47] round 120: no target-class samples in local data — falling back to benign training.
14:08:54  INFO      defenses.deepsight — DeepSight: 0 / 10 flagged  |  TE [ben:0.018, MAL:0.014, ben:0.014, MAL:0.018, ben:0.018, ben:0.014, ben:0.016, ben:0.021, MAL:0.010, ben:0.014]  DDif [ben:0.144, MAL:0.085, ben:0.081, MAL:0.153, ben:0.170, ben:0.144, ben:0.074, ben:0.175, MAL:0.403, ben:0.175]  labels [0, 0, -1, 0, 0, 0, 0, 0, -1, 0]
14:08:59  INFO      experiment.runner — Round  121/200  |  acc:  91.50%  loss: 0.3486  |  ASR:  59.20%  asr_loss: nan  |  TPR: 0.0%  FPR: 0.0%  |  mF1: 87.9%
14:09:15  INFO      attacks.chameleon_client — Chameleon client [16] round 121: optimising δ for 132/267 samples (ε=0.300, λ_sim=1.00, steps=100).
14:09:16  INFO      attacks.chameleon_client — Chameleon client [16] round 121: poisoned 132/267 samples (target=0, loss=0.0576, acc=0.983).
14:09:16  WARNING   attacks.chameleon_client — Chameleon client [80] round 121: no target-class samples in local data — falling back to benign training.
14:09:28  INFO      defenses.deepsight — DeepSight: 0 / 10 flagged  |  TE [ben:0.014, ben:0.018, ben:0.016, ben:0.014, ben:0.016, MAL:0.016, MAL:0.016, ben:0.016, ben:0.016, ben:0.014]  DDif [ben:0.073, ben:0.138, ben:0.068, ben:0.093, ben:0.126, MAL:0.281, MAL:0.196, ben:0.081, ben:0.075, ben:0.080]  labels [-1, -1, -1, -1, -1, -1, -1, 0, 0, 0]
14:10:02  INFO      defenses.deepsight — DeepSight: 0 / 10 flagged  |  TE [ben:0.018, ben:0.012, ben:0.018, ben:0.014, ben:0.016, ben:0.014, ben:0.014, ben:0.016, ben:0.016, ben:0.016]  DDif [ben:0.134, ben:0.050, ben:0.070, ben:0.146, ben:0.230, ben:0.128, ben:0.259, ben:0.147, ben:0.145, ben:0.463]  labels [0, -1, -1, -1, -1, -1, -1, 0, -1, -1]
14:10:13  INFO      attacks.chameleon_client — Chameleon client [30] round 123: optimising δ for 132/267 samples (ε=0.300, λ_sim=1.00, steps=100).
14:10:13  INFO      attacks.chameleon_client — Chameleon client [30] round 123: poisoned 132/267 samples (target=0, loss=0.0615, acc=0.982).
14:10:29  WARNING   attacks.chameleon_client — Chameleon client [77] round 123: no target-class samples in local data — falling back to benign training.
14:10:32  INFO      defenses.deepsight — DeepSight: 0 / 10 flagged  |  TE [ben:0.016, ben:0.018, ben:0.014, MAL:0.020, ben:0.016, ben:0.012, ben:0.014, ben:0.018, ben:0.016, MAL:0.012]  DDif [ben:0.032, ben:0.052, ben:0.127, MAL:0.145, ben:0.100, ben:0.294, ben:0.078, ben:0.080, ben:0.092, MAL:0.270]  labels [-1, -1, 0, -1, 0, -1, 0, 0, 0, -1]
14:10:33  INFO      attacks.chameleon_client — Chameleon client [69] round 124: optimising δ for 131/266 samples (ε=0.300, λ_sim=1.00, steps=100).
14:10:33  INFO      attacks.chameleon_client — Chameleon client [69] round 124: poisoned 131/266 samples (target=0, loss=0.0515, acc=0.983).
14:11:03  INFO      defenses.deepsight — DeepSight: 0 / 10 flagged  |  TE [MAL:0.018, ben:0.014, ben:0.014, ben:0.016, ben:0.014, ben:0.014, ben:0.016, ben:0.018, ben:0.018, ben:0.016]  DDif [MAL:0.258, ben:0.225, ben:0.083, ben:0.097, ben:0.141, ben:0.172, ben:0.139, ben:0.088, ben:0.121, ben:0.216]  labels [-1, 0, 0, 0, 0, 0, 0, 0, 0, 0]
14:11:22  WARNING   attacks.chameleon_client — Chameleon client [80] round 125: no target-class samples in local data — falling back to benign training.
14:11:35  INFO      defenses.deepsight — DeepSight: 0 / 10 flagged  |  TE [ben:0.014, ben:0.016, ben:0.016, ben:0.018, ben:0.014, ben:0.016, MAL:0.012, ben:0.014, ben:0.016, ben:0.016]  DDif [ben:0.081, ben:0.047, ben:0.091, ben:0.111, ben:0.254, ben:0.056, MAL:0.268, ben:0.118, ben:0.124, ben:0.123]  labels [-1, -1, -1, 0, -1, -1, -1, -1, 0, -1]
14:12:09  INFO      defenses.deepsight — DeepSight: 0 / 10 flagged  |  TE [ben:0.018, ben:0.016, ben:0.014, ben:0.018, ben:0.012, ben:0.016, ben:0.018, ben:0.016, ben:0.018, ben:0.016]  DDif [ben:0.116, ben:0.095, ben:0.147, ben:0.103, ben:0.219, ben:0.201, ben:0.097, ben:0.092, ben:0.090, ben:0.218]  labels [-1, 0, 0, 0, 0, 0, 0, 0, 0, 0]
14:12:43  INFO      defenses.deepsight — DeepSight: 0 / 10 flagged  |  TE [ben:0.016, ben:0.016, ben:0.018, ben:0.014, ben:0.016, ben:0.018, ben:0.014, ben:0.016, ben:0.018, ben:0.016]  DDif [ben:0.125, ben:0.124, ben:0.148, ben:0.069, ben:0.102, ben:0.192, ben:0.108, ben:0.214, ben:0.083, ben:0.096]  labels [0, 0, 0, -1, -1, -1, -1, -1, -1, -1]
14:12:53  WARNING   attacks.chameleon_client — Chameleon client [77] round 128: no target-class samples in local data — falling back to benign training.
14:13:03  WARNING   attacks.chameleon_client — Chameleon client [47] round 128: no target-class samples in local data — falling back to benign training.
14:13:07  WARNING   attacks.chameleon_client — Chameleon client [80] round 128: no target-class samples in local data — falling back to benign training.
14:13:16  INFO      defenses.deepsight — DeepSight: 0 / 10 flagged  |  TE [ben:0.016, ben:0.014, ben:0.018, MAL:0.010, ben:0.018, ben:0.014, MAL:0.010, MAL:0.012, ben:0.016, ben:0.016]  DDif [ben:0.077, ben:0.098, ben:0.045, MAL:0.257, ben:0.175, ben:0.062, MAL:0.214, MAL:0.300, ben:0.256, ben:0.377]  labels [0, 0, 0, 0, 0, 0, 0, -1, 0, -1]
14:13:47  INFO      defenses.deepsight — DeepSight: 0 / 10 flagged  |  TE [ben:0.018, ben:0.012, ben:0.012, ben:0.012, ben:0.014, ben:0.018, ben:0.014, ben:0.016, ben:0.018, ben:0.018]  DDif [ben:0.103, ben:0.151, ben:0.105, ben:0.120, ben:0.169, ben:0.077, ben:0.150, ben:0.107, ben:0.133, ben:0.184]  labels [0, 0, 0, 0, 0, -1, 0, -1, 0, -1]
14:14:18  INFO      defenses.deepsight — DeepSight: 0 / 10 flagged  |  TE [ben:0.016, ben:0.016, ben:0.014, ben:0.016, ben:0.018, ben:0.018, ben:0.016, ben:0.014, ben:0.018, ben:0.016]  DDif [ben:0.088, ben:0.069, ben:0.085, ben:0.112, ben:0.079, ben:0.078, ben:0.086, ben:0.170, ben:0.107, ben:0.190]  labels [-1, -1, -1, -1, 0, 0, -1, -1, -1, -1]
14:14:24  INFO      experiment.runner — Round  131/200  |  acc:  91.53%  loss: 0.3400  |  ASR:  61.20%  asr_loss: nan  |  FPR: 0.0%  |  mF1: 88.4%
14:14:44  INFO      attacks.chameleon_client — Chameleon client [74] round 131: optimising δ for 131/266 samples (ε=0.300, λ_sim=1.00, steps=100).
14:14:44  INFO      attacks.chameleon_client — Chameleon client [74] round 131: poisoned 131/266 samples (target=0, loss=0.0330, acc=0.987).
14:14:53  INFO      defenses.deepsight — DeepSight: 0 / 10 flagged  |  TE [ben:0.016, ben:0.021, ben:0.012, ben:0.014, ben:0.018, ben:0.018, MAL:0.018, ben:0.016, ben:0.018, ben:0.014]  DDif [ben:0.067, ben:0.053, ben:0.174, ben:0.209, ben:0.118, ben:0.148, MAL:0.054, ben:0.077, ben:0.116, ben:0.147]  labels [0, 0, -1, -1, 0, -1, 0, 0, 0, -1]
14:15:11  INFO      attacks.chameleon_client — Chameleon client [16] round 132: optimising δ for 132/267 samples (ε=0.300, λ_sim=1.00, steps=100).
14:15:12  INFO      attacks.chameleon_client — Chameleon client [16] round 132: poisoned 132/267 samples (target=0, loss=0.1811, acc=0.972).
14:15:21  INFO      defenses.deepsight — DeepSight: 0 / 10 flagged  |  TE [ben:0.016, ben:0.016, ben:0.016, ben:0.014, ben:0.014, ben:0.020, MAL:0.016, ben:0.012, ben:0.014, ben:0.014]  DDif [ben:0.148, ben:0.095, ben:0.165, ben:0.067, ben:0.123, ben:0.053, MAL:0.307, ben:0.071, ben:0.166, ben:0.054]  labels [-1, 0, -1, 0, 0, -1, -1, 0, 0, 0]
14:15:40  WARNING   attacks.chameleon_client — Chameleon client [47] round 133: no target-class samples in local data — falling back to benign training.
14:15:55  INFO      defenses.deepsight — DeepSight: 0 / 10 flagged  |  TE [ben:0.020, ben:0.016, ben:0.014, ben:0.016, ben:0.020, MAL:0.014, ben:0.018, ben:0.016, ben:0.016, ben:0.020]  DDif [ben:0.084, ben:0.084, ben:0.183, ben:0.275, ben:0.099, MAL:0.309, ben:0.080, ben:0.226, ben:0.044, ben:0.050]  labels [0, 0, 0, 0, 0, -1, 0, 0, 0, 0]
14:16:27  INFO      defenses.deepsight — DeepSight: 0 / 10 flagged  |  TE [ben:0.014, ben:0.014, ben:0.018, ben:0.016, ben:0.018, ben:0.016, ben:0.016, ben:0.014, ben:0.018, ben:0.016]  DDif [ben:0.156, ben:0.246, ben:0.108, ben:0.101, ben:0.153, ben:0.107, ben:0.146, ben:0.052, ben:0.103, ben:0.081]  labels [-1, -1, -1, 0, -1, -1, -1, -1, 0, 0]
14:16:58  INFO      attacks.chameleon_client — Chameleon client [16] round 135: optimising δ for 132/267 samples (ε=0.300, λ_sim=1.00, steps=100).
14:16:58  INFO      attacks.chameleon_client — Chameleon client [16] round 135: poisoned 132/267 samples (target=0, loss=0.0283, acc=0.990).
14:16:58  INFO      defenses.deepsight — DeepSight: 0 / 10 flagged  |  TE [ben:0.014, ben:0.014, ben:0.014, ben:0.016, ben:0.018, ben:0.018, ben:0.020, ben:0.018, ben:0.014, MAL:0.018]  DDif [ben:0.177, ben:0.060, ben:0.184, ben:0.047, ben:0.158, ben:0.111, ben:0.099, ben:0.058, ben:0.096, MAL:0.074]  labels [0, 0, 0, 0, 0, 0, 0, 0, 0, 0]
14:17:28  INFO      defenses.deepsight — DeepSight: 0 / 10 flagged  |  TE [ben:0.018, ben:0.016, ben:0.016, ben:0.016, ben:0.016, ben:0.016, ben:0.014, ben:0.016, ben:0.014, ben:0.012]  DDif [ben:0.112, ben:0.161, ben:0.131, ben:0.160, ben:0.182, ben:0.174, ben:0.146, ben:0.066, ben:0.186, ben:0.118]  labels [0, -1, -1, -1, 0, 0, 0, -1, 0, 0]
14:17:39  WARNING   attacks.chameleon_client — Chameleon client [80] round 137: no target-class samples in local data — falling back to benign training.
14:17:55  WARNING   attacks.chameleon_client — Chameleon client [8] round 137: no target-class samples in local data — falling back to benign training.
14:18:04  INFO      defenses.deepsight — DeepSight: 0 / 10 flagged  |  TE [ben:0.014, ben:0.021, MAL:0.012, ben:0.016, ben:0.014, ben:0.012, ben:0.021, MAL:0.012, ben:0.014, ben:0.014]  DDif [ben:0.087, ben:0.037, MAL:0.198, ben:0.139, ben:0.090, ben:0.080, ben:0.090, MAL:0.160, ben:0.105, ben:0.102]  labels [-1, -1, -1, -1, 0, -1, -1, -1, 0, 0]
14:18:17  INFO      attacks.chameleon_client — Chameleon client [69] round 138: optimising δ for 131/266 samples (ε=0.300, λ_sim=1.00, steps=100).
14:18:17  INFO      attacks.chameleon_client — Chameleon client [69] round 138: poisoned 131/266 samples (target=0, loss=0.0434, acc=0.987).
14:18:28  INFO      attacks.chameleon_client — Chameleon client [30] round 138: optimising δ for 132/267 samples (ε=0.300, λ_sim=1.00, steps=100).
14:18:29  INFO      attacks.chameleon_client — Chameleon client [30] round 138: poisoned 132/267 samples (target=0, loss=0.0483, acc=0.989).
14:18:32  INFO      defenses.deepsight — DeepSight: 0 / 10 flagged  |  TE [ben:0.016, ben:0.016, ben:0.018, ben:0.018, MAL:0.014, ben:0.016, ben:0.016, ben:0.014, MAL:0.014, ben:0.016]  DDif [ben:0.077, ben:0.147, ben:0.079, ben:0.138, MAL:0.073, ben:0.210, ben:0.130, ben:0.039, MAL:0.093, ben:0.086]  labels [-1, -1, 0, -1, 0, -1, -1, -1, -1, -1]
14:19:02  INFO      defenses.deepsight — DeepSight: 0 / 10 flagged  |  TE [ben:0.014, ben:0.020, ben:0.016, ben:0.018, ben:0.018, ben:0.014, ben:0.020, ben:0.014, ben:0.018, ben:0.016]  DDif [ben:0.111, ben:0.240, ben:0.070, ben:0.112, ben:0.036, ben:0.136, ben:0.205, ben:0.279, ben:0.076, ben:0.037]  labels [0, -1, 0, -1, -1, -1, -1, -1, 0, -1]
14:19:21  WARNING   attacks.chameleon_client — Chameleon client [80] round 140: no target-class samples in local data — falling back to benign training.
14:19:33  INFO      defenses.deepsight — DeepSight: 0 / 10 flagged  |  TE [ben:0.014, ben:0.016, ben:0.016, ben:0.012, ben:0.018, ben:0.016, MAL:0.012, ben:0.012, ben:0.014, ben:0.016]  DDif [ben:0.083, ben:0.142, ben:0.192, ben:0.151, ben:0.038, ben:0.204, MAL:0.212, ben:0.198, ben:0.070, ben:0.186]  labels [0, 0, 0, 0, 0, 0, 0, 0, 0, 0]
14:19:38  INFO      experiment.runner — Round  141/200  |  acc:  91.73%  loss: 0.3382  |  ASR:  54.60%  asr_loss: nan  |  TPR: 0.0%  FPR: 0.0%  |  mF1: 88.7%
14:19:42  INFO      attacks.chameleon_client — Chameleon client [16] round 141: optimising δ for 132/267 samples (ε=0.300, λ_sim=1.00, steps=100).
14:19:42  INFO      attacks.chameleon_client — Chameleon client [16] round 141: poisoned 132/267 samples (target=0, loss=0.0478, acc=0.983).
14:20:06  INFO      defenses.deepsight — DeepSight: 0 / 10 flagged  |  TE [ben:0.014, MAL:0.018, ben:0.018, ben:0.016, ben:0.014, ben:0.016, ben:0.016, ben:0.016, ben:0.016, ben:0.014]  DDif [ben:0.164, MAL:0.093, ben:0.074, ben:0.122, ben:0.271, ben:0.330, ben:0.143, ben:0.097, ben:0.117, ben:0.098]  labels [-1, -1, -1, -1, -1, -1, -1, -1, 0, 0]
14:20:26  INFO      attacks.chameleon_client — Chameleon client [16] round 142: optimising δ for 132/267 samples (ε=0.300, λ_sim=1.00, steps=100).
14:20:26  INFO      attacks.chameleon_client — Chameleon client [16] round 142: poisoned 132/267 samples (target=0, loss=0.0408, acc=0.987).
14:20:35  INFO      defenses.deepsight — DeepSight: 0 / 10 flagged  |  TE [ben:0.016, ben:0.020, ben:0.016, ben:0.016, ben:0.018, ben:0.018, MAL:0.018, ben:0.018, ben:0.014, ben:0.014]  DDif [ben:0.402, ben:0.074, ben:0.051, ben:0.094, ben:0.156, ben:0.105, MAL:0.078, ben:0.270, ben:0.167, ben:0.121]  labels [-1, 0, -1, 0, -1, -1, -1, -1, -1, -1]
14:20:36  INFO      attacks.chameleon_client — Chameleon client [16] round 143: optimising δ for 132/267 samples (ε=0.300, λ_sim=1.00, steps=100).
14:20:36  INFO      attacks.chameleon_client — Chameleon client [16] round 143: poisoned 132/267 samples (target=0, loss=0.0876, acc=0.982).
14:20:42  WARNING   attacks.chameleon_client — Chameleon client [77] round 143: no target-class samples in local data — falling back to benign training.
14:20:54  WARNING   attacks.chameleon_client — Chameleon client [47] round 143: no target-class samples in local data — falling back to benign training.
14:21:03  INFO      defenses.deepsight — DeepSight: 0 / 10 flagged  |  TE [MAL:0.016, ben:0.018, ben:0.016, MAL:0.012, ben:0.020, ben:0.016, ben:0.016, MAL:0.014, ben:0.014, ben:0.014]  DDif [MAL:0.091, ben:0.089, ben:0.064, MAL:0.296, ben:0.065, ben:0.075, ben:0.076, MAL:0.280, ben:0.037, ben:0.157]  labels [-1, 0, -1, -1, -1, 0, -1, -1, -1, -1]
14:21:07  WARNING   attacks.chameleon_client — Chameleon client [8] round 144: no target-class samples in local data — falling back to benign training.
14:21:15  INFO      attacks.chameleon_client — Chameleon client [69] round 144: optimising δ for 131/266 samples (ε=0.300, λ_sim=1.00, steps=100).
14:21:16  INFO      attacks.chameleon_client — Chameleon client [69] round 144: poisoned 131/266 samples (target=0, loss=0.0574, acc=0.980).
14:21:31  INFO      attacks.chameleon_client — Chameleon client [60] round 144: optimising δ for 131/266 samples (ε=0.300, λ_sim=1.00, steps=100).
14:21:31  INFO      attacks.chameleon_client — Chameleon client [60] round 144: poisoned 131/266 samples (target=0, loss=0.0415, acc=0.985).
14:21:35  INFO      defenses.deepsight — DeepSight: 0 / 10 flagged  |  TE [ben:0.018, MAL:0.010, ben:0.014, MAL:0.018, ben:0.014, ben:0.014, ben:0.018, ben:0.014, MAL:0.014, ben:0.016]  DDif [ben:0.050, MAL:0.121, ben:0.100, MAL:0.235, ben:0.058, ben:0.060, ben:0.060, ben:0.241, MAL:0.088, ben:0.231]  labels [0, 0, 0, 0, 0, 0, 0, 0, 0, 0]
14:22:03  INFO      defenses.deepsight — DeepSight: 0 / 10 flagged  |  TE [ben:0.016, ben:0.020, ben:0.012, ben:0.016, ben:0.016, ben:0.016, ben:0.016, ben:0.016, ben:0.018, ben:0.016]  DDif [ben:0.148, ben:0.133, ben:0.087, ben:0.221, ben:0.100, ben:0.221, ben:0.221, ben:0.165, ben:0.196, ben:0.128]  labels [0, 0, -1, -1, 0, -1, 0, 0, 0, 0]
14:22:36  INFO      defenses.deepsight — DeepSight: 0 / 10 flagged  |  TE [ben:0.018, ben:0.016, ben:0.018, ben:0.016, ben:0.016, ben:0.016, ben:0.018, ben:0.018, ben:0.018, ben:0.020]  DDif [ben:0.060, ben:0.107, ben:0.063, ben:0.138, ben:0.072, ben:0.137, ben:0.209, ben:0.081, ben:0.059, ben:0.049]  labels [0, -1, -1, -1, -1, -1, -1, -1, 0, 0]
14:22:58  INFO      attacks.chameleon_client — Chameleon client [16] round 147: optimising δ for 132/267 samples (ε=0.300, λ_sim=1.00, steps=100).
14:22:58  INFO      attacks.chameleon_client — Chameleon client [16] round 147: poisoned 132/267 samples (target=0, loss=0.0451, acc=0.989).
14:23:02  WARNING   attacks.chameleon_client — Chameleon client [77] round 147: no target-class samples in local data — falling back to benign training.
14:23:06  INFO      defenses.deepsight — DeepSight: 0 / 10 flagged  |  TE [ben:0.018, ben:0.016, ben:0.016, ben:0.016, ben:0.014, ben:0.016, ben:0.016, MAL:0.016, ben:0.016, MAL:0.010]  DDif [ben:0.086, ben:0.124, ben:0.108, ben:0.081, ben:0.074, ben:0.160, ben:0.054, MAL:0.110, ben:0.043, MAL:0.177]  labels [0, -1, -1, 0, -1, -1, -1, -1, -1, -1]
14:23:34  INFO      defenses.deepsight — DeepSight: 0 / 10 flagged  |  TE [ben:0.014, ben:0.016, ben:0.014, ben:0.014, ben:0.018, ben:0.018, ben:0.014, ben:0.018, ben:0.014, ben:0.014]  DDif [ben:0.084, ben:0.208, ben:0.113, ben:0.069, ben:0.095, ben:0.130, ben:0.133, ben:0.127, ben:0.107, ben:0.134]  labels [-1, -1, 0, -1, 0, -1, -1, -1, 0, 0]
14:23:41  WARNING   attacks.chameleon_client — Chameleon client [47] round 149: no target-class samples in local data — falling back to benign training.
14:24:02  INFO      attacks.chameleon_client — Chameleon client [69] round 149: optimising δ for 131/266 samples (ε=0.300, λ_sim=1.00, steps=100).
14:24:03  INFO      attacks.chameleon_client — Chameleon client [69] round 149: poisoned 131/266 samples (target=0, loss=0.0413, acc=0.990).
14:24:03  INFO      defenses.deepsight — DeepSight: 0 / 10 flagged  |  TE [ben:0.016, ben:0.020, MAL:0.012, ben:0.020, ben:0.016, ben:0.018, ben:0.018, ben:0.020, ben:0.018, MAL:0.018]  DDif [ben:0.077, ben:0.145, MAL:0.257, ben:0.066, ben:0.094, ben:0.081, ben:0.086, ben:0.213, ben:0.223, MAL:0.167]  labels [-1, -1, -1, -1, 0, -1, 0, -1, -1, -1]
14:24:04  INFO      attacks.chameleon_client — Chameleon client [74] round 150: optimising δ for 131/266 samples (ε=0.300, λ_sim=1.00, steps=100).
14:24:05  INFO      attacks.chameleon_client — Chameleon client [74] round 150: poisoned 131/266 samples (target=0, loss=0.0599, acc=0.980).
14:24:15  INFO      attacks.chameleon_client — Chameleon client [75] round 150: optimising δ for 131/266 samples (ε=0.300, λ_sim=1.00, steps=100).
14:24:16  INFO      attacks.chameleon_client — Chameleon client [75] round 150: poisoned 131/266 samples (target=0, loss=0.0288, acc=0.989).
14:24:32  INFO      defenses.deepsight — DeepSight: 0 / 10 flagged  |  TE [MAL:0.018, ben:0.016, ben:0.021, ben:0.020, MAL:0.014, ben:0.014, ben:0.016, ben:0.016, ben:0.018, ben:0.018]  DDif [MAL:0.146, ben:0.181, ben:0.077, ben:0.073, MAL:0.142, ben:0.075, ben:0.195, ben:0.069, ben:0.083, ben:0.074]  labels [-1, -1, 0, 0, -1, -1, -1, -1, -1, 0]
14:24:37  INFO      experiment.runner — Round  151/200  |  acc:  92.11%  loss: 0.3272  |  ASR:  50.20%  asr_loss: nan  |  TPR: 0.0%  FPR: 0.0%  |  mF1: 88.6%
14:24:38  WARNING   attacks.chameleon_client — Chameleon client [47] round 151: no target-class samples in local data — falling back to benign training.
14:24:48  INFO      attacks.chameleon_client — Chameleon client [75] round 151: optimising δ for 131/266 samples (ε=0.300, λ_sim=1.00, steps=100).
14:24:48  INFO      attacks.chameleon_client — Chameleon client [75] round 151: poisoned 131/266 samples (target=0, loss=0.0802, acc=0.977).
14:25:06  INFO      defenses.deepsight — DeepSight: 0 / 10 flagged  |  TE [MAL:0.012, ben:0.016, ben:0.014, MAL:0.016, ben:0.016, ben:0.016, ben:0.018, ben:0.014, ben:0.018, ben:0.016]  DDif [MAL:0.189, ben:0.062, ben:0.111, MAL:0.191, ben:0.207, ben:0.150, ben:0.217, ben:0.091, ben:0.062, ben:0.198]  labels [0, -1, -1, -1, 0, -1, 0, -1, -1, -1]
14:25:28  WARNING   attacks.chameleon_client — Chameleon client [77] round 152: no target-class samples in local data — falling back to benign training.
14:25:38  INFO      defenses.deepsight — DeepSight: 0 / 10 flagged  |  TE [ben:0.016, ben:0.016, ben:0.014, ben:0.014, ben:0.016, ben:0.014, ben:0.016, MAL:0.012, ben:0.016, ben:0.014]  DDif [ben:0.069, ben:0.047, ben:0.101, ben:0.231, ben:0.040, ben:0.090, ben:0.083, MAL:0.253, ben:0.044, ben:0.260]  labels [0, 0, 0, 0, 0, 0, 0, 0, 0, 0]
14:26:03  INFO      attacks.chameleon_client — Chameleon client [16] round 153: optimising δ for 132/267 samples (ε=0.300, λ_sim=1.00, steps=100).
14:26:03  INFO      attacks.chameleon_client — Chameleon client [16] round 153: poisoned 132/267 samples (target=0, loss=0.0578, acc=0.984).
14:26:06  INFO      defenses.deepsight — DeepSight: 0 / 10 flagged  |  TE [ben:0.016, ben:0.014, ben:0.018, ben:0.016, ben:0.016, ben:0.018, ben:0.016, ben:0.018, MAL:0.014, ben:0.018]  DDif [ben:0.088, ben:0.096, ben:0.098, ben:0.132, ben:0.110, ben:0.091, ben:0.056, ben:0.108, MAL:0.121, ben:0.233]  labels [-1, -1, -1, -1, -1, 0, -1, -1, 0, -1]
14:26:30  WARNING   attacks.chameleon_client — Chameleon client [8] round 154: no target-class samples in local data — falling back to benign training.
14:26:36  INFO      defenses.deepsight — DeepSight: 0 / 10 flagged  |  TE [ben:0.016, ben:0.018, ben:0.018, ben:0.016, ben:0.012, ben:0.016, ben:0.014, ben:0.014, MAL:0.012, ben:0.014]  DDif [ben:0.140, ben:0.130, ben:0.172, ben:0.119, ben:0.143, ben:0.155, ben:0.144, ben:0.065, MAL:0.180, ben:0.316]  labels [0, -1, 0, -1, -1, -1, 0, -1, -1, -1]
14:26:54  INFO      attacks.chameleon_client — Chameleon client [30] round 155: optimising δ for 132/267 samples (ε=0.300, λ_sim=1.00, steps=100).
14:26:55  INFO      attacks.chameleon_client — Chameleon client [30] round 155: poisoned 132/267 samples (target=0, loss=0.0351, acc=0.990).
14:27:04  INFO      defenses.deepsight — DeepSight: 0 / 10 flagged  |  TE [ben:0.014, ben:0.018, ben:0.016, ben:0.014, ben:0.020, ben:0.016, MAL:0.016, ben:0.018, ben:0.016, ben:0.016]  DDif [ben:0.210, ben:0.083, ben:0.214, ben:0.034, ben:0.127, ben:0.197, MAL:0.244, ben:0.113, ben:0.051, ben:0.060]  labels [0, 0, 0, 0, 0, 0, 0, 0, 0, 0]
14:27:36  INFO      defenses.deepsight — DeepSight: 0 / 10 flagged  |  TE [ben:0.016, ben:0.018, ben:0.016, ben:0.016, ben:0.016, ben:0.016, ben:0.014, ben:0.018, ben:0.016, ben:0.016]  DDif [ben:0.139, ben:0.082, ben:0.102, ben:0.147, ben:0.156, ben:0.054, ben:0.063, ben:0.082, ben:0.062, ben:0.089]  labels [0, 0, 0, 0, 0, 0, 0, 0, 0, 0]
14:27:55  WARNING   attacks.chameleon_client — Chameleon client [47] round 157: no target-class samples in local data — falling back to benign training.
14:28:07  INFO      defenses.deepsight — DeepSight: 0 / 10 flagged  |  TE [ben:0.020, ben:0.016, ben:0.016, ben:0.018, ben:0.020, ben:0.016, MAL:0.012, ben:0.018, ben:0.018, ben:0.020]  DDif [ben:0.052, ben:0.100, ben:0.077, ben:0.065, ben:0.094, ben:0.069, MAL:0.192, ben:0.044, ben:0.301, ben:0.138]  labels [0, -1, 0, 0, -1, 0, -1, 0, -1, -1]
14:28:08  WARNING   attacks.chameleon_client — Chameleon client [47] round 158: no target-class samples in local data — falling back to benign training.
14:28:21  INFO      attacks.chameleon_client — Chameleon client [74] round 158: optimising δ for 131/266 samples (ε=0.300, λ_sim=1.00, steps=100).
14:28:21  INFO      attacks.chameleon_client — Chameleon client [74] round 158: poisoned 131/266 samples (target=0, loss=0.0421, acc=0.985).
14:28:37  INFO      defenses.deepsight — DeepSight: 0 / 10 flagged  |  TE [MAL:0.012, ben:0.016, ben:0.018, ben:0.018, MAL:0.021, ben:0.016, ben:0.016, ben:0.014, ben:0.016, ben:0.014]  DDif [MAL:0.107, ben:0.198, ben:0.065, ben:0.148, MAL:0.075, ben:0.084, ben:0.067, ben:0.160, ben:0.119, ben:0.297]  labels [0, -1, -1, 0, -1, -1, -1, -1, 0, -1]
14:28:38  WARNING   attacks.chameleon_client — Chameleon client [47] round 159: no target-class samples in local data — falling back to benign training.
14:28:41  WARNING   attacks.chameleon_client — Chameleon client [8] round 159: no target-class samples in local data — falling back to benign training.
14:29:07  INFO      defenses.deepsight — DeepSight: 0 / 10 flagged  |  TE [MAL:0.012, MAL:0.014, ben:0.016, ben:0.020, ben:0.020, ben:0.016, ben:0.014, ben:0.018, ben:0.018, ben:0.016]  DDif [MAL:0.228, MAL:0.146, ben:0.048, ben:0.079, ben:0.143, ben:0.095, ben:0.178, ben:0.083, ben:0.051, ben:0.057]  labels [-1, -1, -1, -1, -1, 0, -1, 0, 0, 0]
14:29:38  INFO      defenses.deepsight — DeepSight: 0 / 10 flagged  |  TE [ben:0.020, ben:0.018, ben:0.012, ben:0.016, ben:0.016, ben:0.018, ben:0.016, ben:0.016, ben:0.016, ben:0.014]  DDif [ben:0.133, ben:0.076, ben:0.101, ben:0.086, ben:0.069, ben:0.082, ben:0.095, ben:0.164, ben:0.132, ben:0.090]  labels [0, 0, -1, 0, 0, 0, 0, -1, 0, 0]
14:29:46  INFO      experiment.runner — Round  161/200  |  acc:  92.38%  loss: 0.3292  |  ASR:  60.40%  asr_loss: nan  |  FPR: 0.0%  |  mF1: 89.1%
14:29:55  INFO      attacks.chameleon_client — Chameleon client [74] round 161: optimising δ for 131/266 samples (ε=0.300, λ_sim=1.00, steps=100).
14:29:56  INFO      attacks.chameleon_client — Chameleon client [74] round 161: poisoned 131/266 samples (target=0, loss=0.1950, acc=0.967).
14:30:08  INFO      attacks.chameleon_client — Chameleon client [60] round 161: optimising δ for 131/266 samples (ε=0.300, λ_sim=1.00, steps=100).
14:30:08  INFO      attacks.chameleon_client — Chameleon client [60] round 161: poisoned 131/266 samples (target=0, loss=0.0235, acc=0.995).
14:30:11  INFO      defenses.deepsight — DeepSight: 0 / 10 flagged  |  TE [ben:0.018, ben:0.014, ben:0.014, MAL:0.016, ben:0.016, ben:0.012, ben:0.014, ben:0.018, MAL:0.020, ben:0.016]  DDif [ben:0.105, ben:0.040, ben:0.089, MAL:0.421, ben:0.111, ben:0.131, ben:0.155, ben:0.132, MAL:0.098, ben:0.296]  labels [-1, -1, 0, -1, -1, 0, 0, 0, 0, -1]
14:30:41  INFO      defenses.deepsight — DeepSight: 0 / 10 flagged  |  TE [ben:0.016, ben:0.021, ben:0.014, ben:0.014, ben:0.018, ben:0.018, ben:0.014, ben:0.018, ben:0.021, ben:0.014]  DDif [ben:0.247, ben:0.070, ben:0.080, ben:0.069, ben:0.116, ben:0.093, ben:0.059, ben:0.048, ben:0.057, ben:0.085]  labels [-1, -1, -1, 0, -1, -1, -1, -1, 0, -1]
14:30:56  INFO      attacks.chameleon_client — Chameleon client [60] round 163: optimising δ for 131/266 samples (ε=0.300, λ_sim=1.00, steps=100).
14:30:57  INFO      attacks.chameleon_client — Chameleon client [60] round 163: poisoned 131/266 samples (target=0, loss=0.0651, acc=0.980).
14:31:10  INFO      defenses.deepsight — DeepSight: 0 / 10 flagged  |  TE [ben:0.018, ben:0.014, ben:0.016, ben:0.020, ben:0.018, MAL:0.016, ben:0.016, ben:0.014, ben:0.016, ben:0.016]  DDif [ben:0.070, ben:0.061, ben:0.080, ben:0.065, ben:0.061, MAL:0.098, ben:0.058, ben:0.089, ben:0.035, ben:0.083]  labels [-1, 0, -1, -1, -1, -1, 0, -1, -1, -1]
14:31:20  INFO      attacks.chameleon_client — Chameleon client [75] round 164: optimising δ for 131/266 samples (ε=0.300, λ_sim=1.00, steps=100).
14:31:20  INFO      attacks.chameleon_client — Chameleon client [75] round 164: poisoned 131/266 samples (target=0, loss=0.0721, acc=0.977).
14:31:21  WARNING   attacks.chameleon_client — Chameleon client [80] round 164: no target-class samples in local data — falling back to benign training.
14:31:38  INFO      defenses.deepsight — DeepSight: 0 / 10 flagged  |  TE [ben:0.018, ben:0.014, ben:0.018, MAL:0.018, MAL:0.014, ben:0.018, ben:0.016, ben:0.014, ben:0.016, ben:0.016]  DDif [ben:0.074, ben:0.185, ben:0.081, MAL:0.135, MAL:0.112, ben:0.132, ben:0.129, ben:0.099, ben:0.097, ben:0.228]  labels [-1, -1, 0, -1, -1, -1, -1, 0, 0, -1]
14:31:45  WARNING   attacks.chameleon_client — Chameleon client [8] round 165: no target-class samples in local data — falling back to benign training.
14:32:09  INFO      defenses.deepsight — DeepSight: 0 / 10 flagged  |  TE [ben:0.016, ben:0.014, MAL:0.010, ben:0.014, ben:0.016, ben:0.014, ben:0.016, ben:0.016, ben:0.016, ben:0.016]  DDif [ben:0.049, ben:0.106, MAL:0.106, ben:0.139, ben:0.132, ben:0.136, ben:0.049, ben:0.085, ben:0.067, ben:0.245]  labels [0, 0, 0, -1, -1, -1, -1, -1, 0, -1]
14:32:10  WARNING   attacks.chameleon_client — Chameleon client [80] round 166: no target-class samples in local data — falling back to benign training.
14:32:30  INFO      attacks.chameleon_client — Chameleon client [74] round 166: optimising δ for 131/266 samples (ε=0.300, λ_sim=1.00, steps=100).
14:32:31  INFO      attacks.chameleon_client — Chameleon client [74] round 166: poisoned 131/266 samples (target=0, loss=0.0392, acc=0.986).
14:32:41  INFO      defenses.deepsight — DeepSight: 0 / 10 flagged  |  TE [MAL:0.010, ben:0.016, ben:0.012, ben:0.018, ben:0.020, ben:0.018, MAL:0.018, ben:0.018, ben:0.016, ben:0.014]  DDif [MAL:0.140, ben:0.081, ben:0.080, ben:0.173, ben:0.112, ben:0.118, MAL:0.140, ben:0.125, ben:0.070, ben:0.057]  labels [0, 0, 0, -1, 0, -1, -1, 0, 0, 0]
14:33:06  INFO      attacks.chameleon_client — Chameleon client [30] round 167: optimising δ for 132/267 samples (ε=0.300, λ_sim=1.00, steps=100).
14:33:06  INFO      attacks.chameleon_client — Chameleon client [30] round 167: poisoned 132/267 samples (target=0, loss=0.0351, acc=0.987).
14:33:09  INFO      defenses.deepsight — DeepSight: 0 / 10 flagged  |  TE [ben:0.016, ben:0.018, ben:0.016, ben:0.020, ben:0.018, ben:0.018, ben:0.016, ben:0.014, MAL:0.018, ben:0.016]  DDif [ben:0.130, ben:0.249, ben:0.196, ben:0.172, ben:0.159, ben:0.147, ben:0.099, ben:0.104, MAL:0.250, ben:0.338]  labels [-1, -1, -1, 0, 0, 0, -1, -1, -1, -1]
14:33:20  INFO      attacks.chameleon_client — Chameleon client [60] round 168: optimising δ for 131/266 samples (ε=0.300, λ_sim=1.00, steps=100).
14:33:20  INFO      attacks.chameleon_client — Chameleon client [60] round 168: poisoned 131/266 samples (target=0, loss=0.0643, acc=0.981).
14:33:38  INFO      defenses.deepsight — DeepSight: 0 / 10 flagged  |  TE [ben:0.016, ben:0.016, ben:0.020, MAL:0.016, ben:0.016, ben:0.018, ben:0.020, ben:0.018, ben:0.016, ben:0.014]  DDif [ben:0.110, ben:0.053, ben:0.180, MAL:0.147, ben:0.110, ben:0.099, ben:0.098, ben:0.139, ben:0.137, ben:0.138]  labels [-1, -1, -1, 0, -1, -1, -1, 0, -1, 0]
14:33:58  INFO      attacks.chameleon_client — Chameleon client [75] round 169: optimising δ for 131/266 samples (ε=0.300, λ_sim=1.00, steps=100).
14:33:58  INFO      attacks.chameleon_client — Chameleon client [75] round 169: poisoned 131/266 samples (target=0, loss=0.0666, acc=0.980).
14:34:02  INFO      attacks.chameleon_client — Chameleon client [74] round 169: optimising δ for 131/266 samples (ε=0.300, λ_sim=1.00, steps=100).
14:34:02  INFO      attacks.chameleon_client — Chameleon client [74] round 169: poisoned 131/266 samples (target=0, loss=0.0881, acc=0.980).
14:34:05  INFO      defenses.deepsight — DeepSight: 0 / 10 flagged  |  TE [ben:0.016, ben:0.018, ben:0.016, ben:0.016, ben:0.020, ben:0.018, MAL:0.016, ben:0.018, MAL:0.018, ben:0.016]  DDif [ben:0.292, ben:0.097, ben:0.064, ben:0.243, ben:0.092, ben:0.059, MAL:0.193, ben:0.351, MAL:0.398, ben:0.107]  labels [0, 0, 0, 0, 0, 0, 0, 0, -1, 0]
14:34:25  INFO      attacks.chameleon_client — Chameleon client [74] round 170: optimising δ for 131/266 samples (ε=0.300, λ_sim=1.00, steps=100).
14:34:25  INFO      attacks.chameleon_client — Chameleon client [74] round 170: poisoned 131/266 samples (target=0, loss=0.0198, acc=0.994).
14:34:35  INFO      defenses.deepsight — DeepSight: 0 / 10 flagged  |  TE [ben:0.018, ben:0.016, ben:0.018, ben:0.016, ben:0.018, ben:0.018, MAL:0.014, ben:0.014, ben:0.016, ben:0.016]  DDif [ben:0.205, ben:0.251, ben:0.107, ben:0.067, ben:0.050, ben:0.283, MAL:0.054, ben:0.106, ben:0.030, ben:0.034]  labels [0, 0, 0, 0, 0, 0, 0, 0, 0, 0]
14:34:40  INFO      experiment.runner — Round  171/200  |  acc:  92.35%  loss: 0.3218  |  ASR:  49.80%  asr_loss: nan  |  TPR: 0.0%  FPR: 0.0%  |  mF1: 88.9%
14:34:58  WARNING   attacks.chameleon_client — Chameleon client [80] round 171: no target-class samples in local data — falling back to benign training.
14:35:10  INFO      defenses.deepsight — DeepSight: 0 / 10 flagged  |  TE [ben:0.016, ben:0.012, ben:0.016, ben:0.012, ben:0.016, ben:0.018, MAL:0.014, ben:0.014, ben:0.018, ben:0.018]  DDif [ben:0.105, ben:0.068, ben:0.069, ben:0.278, ben:0.171, ben:0.276, MAL:0.115, ben:0.077, ben:0.184, ben:0.082]  labels [0, -1, 0, -1, -1, -1, -1, 0, -1, -1]
14:35:41  INFO      defenses.deepsight — DeepSight: 0 / 10 flagged  |  TE [ben:0.016, ben:0.016, ben:0.014, ben:0.018, ben:0.018, ben:0.018, ben:0.018, ben:0.014, ben:0.014, ben:0.016]  DDif [ben:0.212, ben:0.659, ben:0.069, ben:0.044, ben:0.250, ben:0.146, ben:0.130, ben:0.060, ben:0.134, ben:0.038]  labels [-1, -1, 0, -1, -1, 0, -1, 0, -1, -1]
14:36:03  INFO      attacks.chameleon_client — Chameleon client [30] round 173: optimising δ for 132/267 samples (ε=0.300, λ_sim=1.00, steps=100).
14:36:03  INFO      attacks.chameleon_client — Chameleon client [30] round 173: poisoned 132/267 samples (target=0, loss=0.0814, acc=0.981).
14:36:09  INFO      defenses.deepsight — DeepSight: 0 / 10 flagged  |  TE [ben:0.014, ben:0.016, ben:0.016, ben:0.016, ben:0.016, ben:0.018, ben:0.016, MAL:0.018, ben:0.014, ben:0.016]  DDif [ben:0.077, ben:0.056, ben:0.164, ben:0.042, ben:0.143, ben:0.075, ben:0.126, MAL:0.318, ben:0.213, ben:0.057]  labels [-1, 0, -1, -1, -1, 0, -1, -1, -1, -1]
14:36:40  INFO      defenses.deepsight — DeepSight: 0 / 10 flagged  |  TE [ben:0.014, ben:0.018, ben:0.014, ben:0.016, ben:0.018, ben:0.016, ben:0.016, ben:0.014, ben:0.016, ben:0.018]  DDif [ben:0.068, ben:0.062, ben:0.058, ben:0.276, ben:0.087, ben:0.203, ben:0.165, ben:0.099, ben:0.183, ben:0.053]  labels [0, 0, 0, -1, 0, 0, 0, 0, 0, 0]
14:37:12  INFO      defenses.deepsight — DeepSight: 0 / 10 flagged  |  TE [ben:0.018, ben:0.014, ben:0.016, ben:0.016, ben:0.012, ben:0.016, ben:0.014, ben:0.016, ben:0.018, ben:0.014]  DDif [ben:0.141, ben:0.132, ben:0.066, ben:0.050, ben:0.050, ben:0.096, ben:0.074, ben:0.258, ben:0.051, ben:0.073]  labels [-1, -1, 0, -1, 0, -1, 0, -1, -1, -1]
14:37:32  WARNING   attacks.chameleon_client — Chameleon client [77] round 176: no target-class samples in local data — falling back to benign training.
14:37:45  INFO      defenses.deepsight — DeepSight: 0 / 10 flagged  |  TE [ben:0.014, ben:0.018, ben:0.016, ben:0.016, ben:0.018, ben:0.014, MAL:0.012, ben:0.018, ben:0.016, ben:0.014]  DDif [ben:0.055, ben:0.094, ben:0.041, ben:0.112, ben:0.075, ben:0.098, MAL:0.209, ben:0.073, ben:0.050, ben:0.040]  labels [-1, -1, 0, -1, 0, -1, -1, -1, -1, -1]
14:37:58  INFO      attacks.chameleon_client — Chameleon client [69] round 177: optimising δ for 131/266 samples (ε=0.300, λ_sim=1.00, steps=100).
14:37:58  INFO      attacks.chameleon_client — Chameleon client [69] round 177: poisoned 131/266 samples (target=0, loss=0.0300, acc=0.990).
14:38:05  WARNING   attacks.chameleon_client — Chameleon client [80] round 177: no target-class samples in local data — falling back to benign training.
14:38:14  INFO      defenses.deepsight — DeepSight: 0 / 10 flagged  |  TE [ben:0.014, ben:0.018, ben:0.020, ben:0.020, MAL:0.018, ben:0.014, ben:0.018, MAL:0.014, ben:0.016, ben:0.018]  DDif [ben:0.050, ben:0.069, ben:0.043, ben:0.112, MAL:0.085, ben:0.083, ben:0.119, MAL:0.127, ben:0.152, ben:0.090]  labels [-1, -1, -1, -1, 0, 0, -1, -1, -1, -1]
14:38:16  WARNING   attacks.chameleon_client — Chameleon client [47] round 178: no target-class samples in local data — falling back to benign training.
14:38:39  INFO      attacks.chameleon_client — Chameleon client [74] round 178: optimising δ for 131/266 samples (ε=0.300, λ_sim=1.00, steps=100).
14:38:39  INFO      attacks.chameleon_client — Chameleon client [74] round 178: poisoned 131/266 samples (target=0, loss=0.0317, acc=0.987).
14:38:46  INFO      defenses.deepsight — DeepSight: 0 / 10 flagged  |  TE [MAL:0.014, ben:0.014, ben:0.014, ben:0.016, ben:0.018, ben:0.014, ben:0.016, MAL:0.018, ben:0.020, ben:0.016]  DDif [MAL:0.139, ben:0.090, ben:0.102, ben:0.086, ben:0.126, ben:0.084, ben:0.184, MAL:0.085, ben:0.039, ben:0.097]  labels [-1, -1, -1, 0, -1, -1, -1, -1, -1, 0]
14:39:16  INFO      defenses.deepsight — DeepSight: 0 / 10 flagged  |  TE [ben:0.018, ben:0.018, ben:0.012, ben:0.016, ben:0.018, ben:0.016, ben:0.016, ben:0.018, ben:0.016, ben:0.012]  DDif [ben:0.157, ben:0.225, ben:0.176, ben:0.164, ben:0.075, ben:0.065, ben:0.066, ben:0.050, ben:0.060, ben:0.067]  labels [0, -1, -1, 0, 0, 0, 0, 0, 0, 0]
14:39:49  INFO      defenses.deepsight — DeepSight: 0 / 10 flagged  |  TE [ben:0.016, ben:0.014, ben:0.016, ben:0.018, ben:0.018, ben:0.014, ben:0.018, ben:0.016, ben:0.018, ben:0.016]  DDif [ben:0.260, ben:0.102, ben:0.089, ben:0.186, ben:0.066, ben:0.086, ben:0.069, ben:0.052, ben:0.257, ben:0.064]  labels [0, 0, 0, 0, 0, 0, 0, 0, -1, 0]
14:39:55  INFO      experiment.runner — Round  181/200  |  acc:  92.38%  loss: 0.3207  |  ASR:  51.20%  asr_loss: nan  |  FPR: 0.0%  |  mF1: 89.1%
14:39:55  INFO      attacks.chameleon_client — Chameleon client [74] round 181: optimising δ for 131/266 samples (ε=0.300, λ_sim=1.00, steps=100).
14:39:56  INFO      attacks.chameleon_client — Chameleon client [74] round 181: poisoned 131/266 samples (target=0, loss=0.0300, acc=0.989).
14:40:16  WARNING   attacks.chameleon_client — Chameleon client [80] round 181: no target-class samples in local data — falling back to benign training.
14:40:20  INFO      attacks.chameleon_client — Chameleon client [69] round 181: optimising δ for 131/266 samples (ε=0.300, λ_sim=1.00, steps=100).
14:40:21  INFO      attacks.chameleon_client — Chameleon client [69] round 181: poisoned 131/266 samples (target=0, loss=0.0362, acc=0.988).
14:40:21  INFO      defenses.deepsight — DeepSight: 0 / 10 flagged  |  TE [MAL:0.016, ben:0.016, ben:0.018, ben:0.020, ben:0.016, ben:0.018, ben:0.018, ben:0.014, MAL:0.012, MAL:0.016]  DDif [MAL:0.057, ben:0.122, ben:0.054, ben:0.025, ben:0.040, ben:0.121, ben:0.225, ben:0.054, MAL:0.061, MAL:0.110]  labels [-1, -1, 0, -1, -1, -1, -1, -1, 0, -1]
14:40:28  WARNING   attacks.chameleon_client — Chameleon client [47] round 182: no target-class samples in local data — falling back to benign training.
14:40:37  INFO      attacks.chameleon_client — Chameleon client [74] round 182: optimising δ for 131/266 samples (ε=0.300, λ_sim=1.00, steps=100).
14:40:37  INFO      attacks.chameleon_client — Chameleon client [74] round 182: poisoned 131/266 samples (target=0, loss=0.0676, acc=0.987).
14:40:50  INFO      defenses.deepsight — DeepSight: 0 / 10 flagged  |  TE [ben:0.014, ben:0.016, MAL:0.010, ben:0.016, ben:0.016, MAL:0.016, ben:0.016, ben:0.014, ben:0.014, ben:0.020]  DDif [ben:0.213, ben:0.105, MAL:0.150, ben:0.122, ben:0.231, MAL:0.129, ben:0.057, ben:0.389, ben:0.105, ben:0.198]  labels [-1, 0, -1, 0, -1, -1, -1, -1, -1, -1]
14:41:02  INFO      attacks.chameleon_client — Chameleon client [75] round 183: optimising δ for 131/266 samples (ε=0.300, λ_sim=1.00, steps=100).
14:41:03  INFO      attacks.chameleon_client — Chameleon client [75] round 183: poisoned 131/266 samples (target=0, loss=0.0591, acc=0.976).
14:41:06  INFO      attacks.chameleon_client — Chameleon client [74] round 183: optimising δ for 131/266 samples (ε=0.300, λ_sim=1.00, steps=100).
14:41:07  INFO      attacks.chameleon_client — Chameleon client [74] round 183: poisoned 131/266 samples (target=0, loss=0.0259, acc=0.991).
14:41:14  INFO      attacks.chameleon_client — Chameleon client [69] round 183: optimising δ for 131/266 samples (ε=0.300, λ_sim=1.00, steps=100).
14:41:15  INFO      attacks.chameleon_client — Chameleon client [69] round 183: poisoned 131/266 samples (target=0, loss=0.0377, acc=0.985).
14:41:15  INFO      defenses.deepsight — DeepSight: 0 / 10 flagged  |  TE [ben:0.016, ben:0.018, ben:0.014, ben:0.018, MAL:0.018, ben:0.018, MAL:0.018, ben:0.014, ben:0.016, MAL:0.016]  DDif [ben:0.143, ben:0.134, ben:0.133, ben:0.094, MAL:0.244, ben:0.163, MAL:0.119, ben:0.055, ben:0.110, MAL:0.193]  labels [-1, -1, 0, -1, -1, -1, -1, -1, 0, -1]
14:41:43  INFO      defenses.deepsight — DeepSight: 0 / 10 flagged  |  TE [ben:0.014, ben:0.012, ben:0.023, ben:0.016, ben:0.018, ben:0.016, ben:0.014, ben:0.016, ben:0.018, ben:0.016]  DDif [ben:0.091, ben:0.130, ben:0.075, ben:0.074, ben:0.075, ben:0.136, ben:0.192, ben:0.140, ben:0.090, ben:0.152]  labels [0, 0, 0, 0, 0, 0, -1, 0, 0, 0]
14:41:56  WARNING   attacks.chameleon_client — Chameleon client [47] round 185: no target-class samples in local data — falling back to benign training.
14:42:14  INFO      defenses.deepsight — DeepSight: 0 / 10 flagged  |  TE [ben:0.018, ben:0.016, ben:0.016, ben:0.016, MAL:0.012, ben:0.018, ben:0.018, ben:0.012, ben:0.018, ben:0.018]  DDif [ben:0.096, ben:0.059, ben:0.197, ben:0.060, MAL:0.119, ben:0.123, ben:0.096, ben:0.128, ben:0.071, ben:0.243]  labels [0, -1, -1, 0, 0, 0, 0, 0, -1, -1]
14:42:47  INFO      defenses.deepsight — DeepSight: 0 / 10 flagged  |  TE [ben:0.020, ben:0.014, ben:0.020, ben:0.016, ben:0.014, ben:0.018, ben:0.016, ben:0.016, ben:0.016, ben:0.018]  DDif [ben:0.127, ben:0.122, ben:0.047, ben:0.076, ben:0.080, ben:0.089, ben:0.141, ben:0.056, ben:0.205, ben:0.112]  labels [0, 0, -1, 0, 0, 0, -1, 0, -1, 0]
14:42:55  INFO      attacks.chameleon_client — Chameleon client [69] round 187: optimising δ for 131/266 samples (ε=0.300, λ_sim=1.00, steps=100).
14:42:55  INFO      attacks.chameleon_client — Chameleon client [69] round 187: poisoned 131/266 samples (target=0, loss=0.0478, acc=0.986).
14:43:15  INFO      defenses.deepsight — DeepSight: 0 / 10 flagged  |  TE [ben:0.016, ben:0.016, MAL:0.018, ben:0.016, ben:0.018, ben:0.014, ben:0.014, ben:0.016, ben:0.014, ben:0.016]  DDif [ben:0.130, ben:0.076, MAL:0.184, ben:0.046, ben:0.112, ben:0.039, ben:0.153, ben:0.201, ben:0.129, ben:0.177]  labels [0, -1, -1, -1, 0, -1, 0, 0, 0, 0]
14:43:26  WARNING   attacks.chameleon_client — Chameleon client [77] round 188: no target-class samples in local data — falling back to benign training.
14:43:47  INFO      defenses.deepsight — DeepSight: 0 / 10 flagged  |  TE [ben:0.020, ben:0.016, ben:0.016, MAL:0.012, ben:0.020, ben:0.014, ben:0.018, ben:0.014, ben:0.016, ben:0.016]  DDif [ben:0.291, ben:0.107, ben:0.108, MAL:0.102, ben:0.056, ben:0.113, ben:0.053, ben:0.074, ben:0.046, ben:0.233]  labels [-1, 0, -1, -1, -1, -1, -1, 0, -1, -1]
14:44:18  INFO      defenses.deepsight — DeepSight: 0 / 10 flagged  |  TE [ben:0.016, ben:0.018, ben:0.018, ben:0.018, ben:0.016, ben:0.018, ben:0.020, ben:0.020, ben:0.016, ben:0.016]  DDif [ben:0.061, ben:0.058, ben:0.075, ben:0.092, ben:0.209, ben:0.082, ben:0.062, ben:0.279, ben:0.045, ben:0.077]  labels [-1, -1, 0, 0, -1, -1, 0, -1, -1, -1]
14:44:22  WARNING   attacks.chameleon_client — Chameleon client [8] round 190: no target-class samples in local data — falling back to benign training.
14:44:48  INFO      defenses.deepsight — DeepSight: 0 / 10 flagged  |  TE [ben:0.018, MAL:0.012, ben:0.016, ben:0.016, ben:0.016, ben:0.020, ben:0.018, ben:0.012, ben:0.016, ben:0.014]  DDif [ben:0.096, MAL:0.086, ben:0.074, ben:0.051, ben:0.189, ben:0.045, ben:0.119, ben:0.089, ben:0.095, ben:0.066]  labels [-1, 0, -1, -1, -1, -1, -1, 0, -1, 0]
14:44:54  INFO      experiment.runner — Round  191/200  |  acc:  92.49%  loss: 0.3174  |  ASR:  61.20%  asr_loss: nan  |  TPR: 0.0%  FPR: 0.0%  |  mF1: 89.7%
14:44:59  WARNING   attacks.chameleon_client — Chameleon client [47] round 191: no target-class samples in local data — falling back to benign training.
14:45:26  INFO      defenses.deepsight — DeepSight: 0 / 10 flagged  |  TE [ben:0.016, MAL:0.012, ben:0.018, ben:0.021, ben:0.020, ben:0.018, ben:0.016, ben:0.018, ben:0.014, ben:0.020]  DDif [ben:0.120, MAL:0.106, ben:0.080, ben:0.069, ben:0.095, ben:0.078, ben:0.195, ben:0.107, ben:0.272, ben:0.208]  labels [-1, -1, 0, 0, -1, 0, -1, -1, -1, -1]
14:45:56  INFO      defenses.deepsight — DeepSight: 0 / 10 flagged  |  TE [ben:0.016, ben:0.016, ben:0.018, ben:0.018, ben:0.020, ben:0.016, ben:0.014, ben:0.018, ben:0.020, ben:0.018]  DDif [ben:0.068, ben:0.126, ben:0.165, ben:0.118, ben:0.081, ben:0.036, ben:0.048, ben:0.093, ben:0.069, ben:0.086]  labels [-1, -1, -1, -1, -1, -1, -1, 0, 0, -1]
14:46:27  INFO      defenses.deepsight — DeepSight: 0 / 10 flagged  |  TE [ben:0.014, ben:0.014, ben:0.018, ben:0.018, ben:0.016, ben:0.016, ben:0.020, ben:0.018, ben:0.016, ben:0.014]  DDif [ben:0.093, ben:0.048, ben:0.064, ben:0.080, ben:0.201, ben:0.122, ben:0.194, ben:0.054, ben:0.058, ben:0.083]  labels [-1, 0, 0, -1, -1, -1, -1, -1, 0, -1]
14:46:53  WARNING   attacks.chameleon_client — Chameleon client [47] round 194: no target-class samples in local data — falling back to benign training.
14:46:59  INFO      defenses.deepsight — DeepSight: 0 / 10 flagged  |  TE [ben:0.018, ben:0.020, ben:0.018, ben:0.018, ben:0.014, ben:0.016, ben:0.018, ben:0.014, MAL:0.014, ben:0.016]  DDif [ben:0.143, ben:0.039, ben:0.079, ben:0.062, ben:0.054, ben:0.055, ben:0.047, ben:0.298, MAL:0.136, ben:0.248]  labels [-1, 0, -1, 0, -1, -1, -1, -1, -1, -1]
14:47:28  INFO      attacks.chameleon_client — Chameleon client [69] round 195: optimising δ for 131/266 samples (ε=0.300, λ_sim=1.00, steps=100).
14:47:28  INFO      attacks.chameleon_client — Chameleon client [69] round 195: poisoned 131/266 samples (target=0, loss=0.0488, acc=0.981).
14:47:28  INFO      defenses.deepsight — DeepSight: 0 / 10 flagged  |  TE [ben:0.018, ben:0.012, ben:0.020, ben:0.016, ben:0.016, ben:0.018, ben:0.014, ben:0.016, ben:0.014, MAL:0.020]  DDif [ben:0.075, ben:0.102, ben:0.113, ben:0.123, ben:0.044, ben:0.094, ben:0.048, ben:0.096, ben:0.066, MAL:0.177]  labels [-1, -1, -1, -1, 0, -1, -1, -1, 0, -1]
14:47:32  INFO      attacks.chameleon_client — Chameleon client [74] round 196: optimising δ for 131/266 samples (ε=0.300, λ_sim=1.00, steps=100).
14:47:33  INFO      attacks.chameleon_client — Chameleon client [74] round 196: poisoned 131/266 samples (target=0, loss=0.0274, acc=0.993).
14:48:00  INFO      defenses.deepsight — DeepSight: 0 / 10 flagged  |  TE [ben:0.016, MAL:0.020, ben:0.018, ben:0.018, ben:0.018, ben:0.016, ben:0.018, ben:0.018, ben:0.016, ben:0.016]  DDif [ben:0.072, MAL:0.047, ben:0.055, ben:0.208, ben:0.091, ben:0.047, ben:0.071, ben:0.142, ben:0.291, ben:0.142]  labels [-1, 0, -1, -1, 0, -1, -1, -1, -1, -1]
14:48:07  INFO      attacks.chameleon_client — Chameleon client [16] round 197: optimising δ for 132/267 samples (ε=0.300, λ_sim=1.00, steps=100).
14:48:07  INFO      attacks.chameleon_client — Chameleon client [16] round 197: poisoned 132/267 samples (target=0, loss=0.0398, acc=0.987).
14:48:22  WARNING   attacks.chameleon_client — Chameleon client [47] round 197: no target-class samples in local data — falling back to benign training.
14:48:28  INFO      defenses.deepsight — DeepSight: 0 / 10 flagged  |  TE [ben:0.016, ben:0.014, MAL:0.018, ben:0.018, ben:0.016, ben:0.020, ben:0.014, ben:0.016, MAL:0.014, ben:0.010]  DDif [ben:0.064, ben:0.157, MAL:0.181, ben:0.037, ben:0.056, ben:0.106, ben:0.099, ben:0.068, MAL:0.127, ben:0.075]  labels [0, 0, -1, 0, 0, 0, -1, 0, 0, 0]
14:48:32  WARNING   attacks.chameleon_client — Chameleon client [80] round 198: no target-class samples in local data — falling back to benign training.
14:49:00  INFO      defenses.deepsight — DeepSight: 0 / 10 flagged  |  TE [ben:0.018, MAL:0.012, ben:0.018, ben:0.018, ben:0.018, ben:0.016, ben:0.016, ben:0.016, ben:0.016, ben:0.016]  DDif [ben:0.056, MAL:0.093, ben:0.028, ben:0.072, ben:0.189, ben:0.057, ben:0.028, ben:0.073, ben:0.106, ben:0.059]  labels [-1, -1, -1, 0, -1, 0, -1, -1, -1, -1]
14:49:23  INFO      attacks.chameleon_client — Chameleon client [69] round 199: optimising δ for 131/266 samples (ε=0.300, λ_sim=1.00, steps=100).
14:49:23  INFO      attacks.chameleon_client — Chameleon client [69] round 199: poisoned 131/266 samples (target=0, loss=0.0689, acc=0.979).
14:49:29  INFO      defenses.deepsight — DeepSight: 0 / 10 flagged  |  TE [ben:0.016, ben:0.014, ben:0.018, ben:0.010, ben:0.016, ben:0.018, ben:0.018, MAL:0.020, ben:0.020, ben:0.020]  DDif [ben:0.051, ben:0.254, ben:0.103, ben:0.130, ben:0.159, ben:0.055, ben:0.080, MAL:0.233, ben:0.062, ben:0.058]  labels [-1, -1, 0, -1, -1, -1, 0, -1, -1, -1]
14:49:37  INFO      experiment.runner — Round  200/200  |  acc:  92.67%  loss: 0.3155  |  ASR:  55.40%  asr_loss: nan  |  TPR: 0.0%  FPR: 0.0%  |  mF1: 89.6%
14:49:38  INFO      experiment.runner — Final model saved to results/benchmark/gtsrb_chameleon_deepsight_seed3/final_model.pt
14:49:38  INFO      experiment.runner — Client atypicality written to results/benchmark/gtsrb_chameleon_deepsight_seed3/client_atypicality.json
14:49:38  INFO      experiment.runner — Client inclusion rates written to results/benchmark/gtsrb_chameleon_deepsight_seed3/client_inclusion.csv
14:49:38  INFO      benchmark — ✓  gtsrb_chameleon_deepsight_seed3  (106.3 min)
14:49:38  INFO      benchmark — ▶  gtsrb_chameleon_deepsight_seed4
14:49:38  INFO      experiment.runner — Initialising 'gtsrb_chameleon_deepsight_seed4' | device=cuda | rounds=200 | clients=10/100 | attack=chameleon | defense=deepsight
14:49:38  INFO      defenses.deepsight — DeepSightServer — output layer: 'fc_layers.3.weight' | neup_tau=0.20  cluster_tau=0.50  clip_norm=2.0
14:49:40  INFO      experiment.utils — Built 100 clients — 10 malicious, 90 benign.

==============================================================
  Summary — 21 rounds evaluated
==============================================================
  Final clean accuracy               92.67%
  Best  clean accuracy               92.67%
  Final clean loss                   0.3155
  Macro F1                           89.58%
  Final ASR                          55.40%
  Mean ASR (attack window)           55.42%
  Max  ASR (attack window)           61.20%
  Pooled TPR (attack period)          0.00%
  Pooled FPR (all rounds)             0.00%
==============================================================

14:49:43  INFO      experiment.runner — Chameleon ASR evaluator: 500 non-target test images.
14:49:43  INFO      experiment.runner — Setup complete — 100 clients (10 malicious) | backdoor eval: chameleon-adaptive
14:50:11  INFO      defenses.deepsight — DeepSight: 0 / 10 flagged  |  TE [ben:0.010, ben:0.010, ben:0.018, ben:0.010, ben:0.010, ben:0.010, ben:0.008, ben:0.010, ben:0.010, ben:0.012]  DDif [ben:2.896, ben:2.071, ben:1.501, ben:1.909, ben:1.836, ben:2.354, ben:1.898, ben:2.042, ben:1.852, ben:1.986]  labels [-1, 0, -1, -1, -1, -1, 0, -1, -1, 0]
14:50:19  INFO      experiment.runner — Round    1/200  |  acc:   6.88%  loss: 3.4964  |  FPR: 0.0%  |  mF1: 0.8%
14:50:50  INFO      defenses.deepsight — DeepSight: 0 / 10 flagged  |  TE [ben:0.008, ben:0.012, ben:0.010, ben:0.008, ben:0.010, ben:0.010, ben:0.012, ben:0.012, ben:0.010, ben:0.014]  DDif [ben:0.589, ben:0.589, ben:0.730, ben:0.487, ben:0.624, ben:0.567, ben:0.636, ben:0.537, ben:0.448, ben:0.711]  labels [0, 0, -1, -1, -1, -1, -1, 0, -1, -1]
14:51:19  INFO      defenses.deepsight — DeepSight: 0 / 10 flagged  |  TE [ben:0.014, ben:0.014, ben:0.014, ben:0.010, ben:0.012, ben:0.010, ben:0.012, ben:0.010, ben:0.014, ben:0.012]  DDif [ben:0.134, ben:0.131, ben:0.117, ben:0.207, ben:0.200, ben:0.095, ben:0.208, ben:0.142, ben:0.189, ben:0.225]  labels [0, 0, 0, 0, 0, 0, 0, 0, 0, 0]
14:51:51  INFO      defenses.deepsight — DeepSight: 0 / 10 flagged  |  TE [ben:0.010, ben:0.010, ben:0.012, ben:0.010, ben:0.012, ben:0.012, ben:0.010, ben:0.010, ben:0.012, ben:0.012]  DDif [ben:0.093, ben:0.096, ben:0.165, ben:0.161, ben:0.131, ben:0.461, ben:0.138, ben:0.131, ben:0.169, ben:0.141]  labels [-1, -1, -1, -1, -1, -1, 0, 0, -1, -1]
14:52:23  INFO      defenses.deepsight — DeepSight: 0 / 10 flagged  |  TE [ben:0.014, ben:0.010, ben:0.010, ben:0.012, ben:0.012, ben:0.008, ben:0.010, ben:0.010, ben:0.010, ben:0.010]  DDif [ben:0.139, ben:0.101, ben:0.176, ben:0.136, ben:0.127, ben:0.940, ben:0.142, ben:1.206, ben:0.119, ben:0.110]  labels [-1, -1, -1, -1, 0, -1, -1, -1, -1, 0]
14:52:55  INFO      defenses.deepsight — DeepSight: 0 / 10 flagged  |  TE [ben:0.014, ben:0.016, ben:0.012, ben:0.012, ben:0.012, ben:0.010, ben:0.010, ben:0.010, ben:0.010, ben:0.012]  DDif [ben:0.128, ben:0.096, ben:0.184, ben:0.129, ben:0.140, ben:0.156, ben:0.152, ben:0.185, ben:0.151, ben:0.134]  labels [0, -1, -1, -1, -1, -1, -1, -1, -1, 0]
14:53:26  INFO      defenses.deepsight — DeepSight: 0 / 10 flagged  |  TE [ben:0.008, ben:0.014, ben:0.008, ben:0.012, ben:0.010, ben:0.014, ben:0.008, ben:0.010, ben:0.010, ben:0.010]  DDif [ben:0.109, ben:0.192, ben:0.073, ben:0.207, ben:0.082, ben:0.109, ben:0.095, ben:0.142, ben:0.189, ben:0.133]  labels [0, 0, 0, 0, 0, 0, 0, 0, 0, 0]
14:53:59  INFO      defenses.deepsight — DeepSight: 0 / 10 flagged  |  TE [ben:0.014, ben:0.012, ben:0.014, ben:0.014, ben:0.010, ben:0.010, ben:0.010, ben:0.010, ben:0.012, ben:0.010]  DDif [ben:0.153, ben:0.120, ben:0.077, ben:0.162, ben:0.142, ben:0.082, ben:0.121, ben:0.078, ben:0.194, ben:0.110]  labels [-1, 0, 0, -1, 0, 0, 0, 0, -1, 0]
14:54:28  INFO      defenses.deepsight — DeepSight: 0 / 10 flagged  |  TE [ben:0.010, ben:0.014, ben:0.010, ben:0.012, ben:0.014, ben:0.010, ben:0.010, ben:0.010, ben:0.012, ben:0.014]  DDif [ben:2.715, ben:0.120, ben:0.098, ben:0.075, ben:0.135, ben:0.082, ben:0.112, ben:0.069, ben:0.113, ben:0.174]  labels [-1, 0, -1, -1, -1, 0, -1, -1, -1, -1]
14:54:59  INFO      defenses.deepsight — DeepSight: 0 / 10 flagged  |  TE [ben:0.012, ben:0.012, ben:0.010, ben:0.012, ben:0.014, ben:0.010, ben:0.014, ben:0.012, ben:0.012, ben:0.014]  DDif [ben:0.143, ben:0.122, ben:0.106, ben:0.133, ben:0.173, ben:0.099, ben:0.199, ben:0.138, ben:0.100, ben:0.157]  labels [-1, -1, -1, 0, -1, -1, -1, 0, -1, -1]
14:55:30  INFO      defenses.deepsight — DeepSight: 0 / 10 flagged  |  TE [ben:0.014, ben:0.012, ben:0.014, ben:0.012, ben:0.010, ben:0.012, ben:0.010, ben:0.012, ben:0.014, ben:0.010]  DDif [ben:0.156, ben:0.080, ben:0.103, ben:0.159, ben:2.229, ben:0.145, ben:0.101, ben:0.245, ben:0.159, ben:0.090]  labels [-1, -1, -1, -1, -1, 0, 0, -1, -1, 0]
14:55:36  INFO      experiment.runner — Round   11/200  |  acc:  58.92%  loss: 1.4005  |  FPR: 0.0%  |  mF1: 47.4%
14:56:05  INFO      defenses.deepsight — DeepSight: 0 / 10 flagged  |  TE [ben:0.010, ben:0.012, ben:0.012, ben:0.010, ben:0.014, ben:0.014, ben:0.010, ben:0.012, ben:0.010, ben:0.012]  DDif [ben:0.095, ben:0.151, ben:0.193, ben:0.106, ben:0.169, ben:0.138, ben:0.216, ben:0.101, ben:0.119, ben:2.498]  labels [-1, 0, -1, -1, 0, -1, -1, -1, -1, -1]
14:56:37  INFO      defenses.deepsight — DeepSight: 0 / 10 flagged  |  TE [ben:0.014, ben:0.010, ben:0.010, ben:0.012, ben:0.012, ben:0.008, ben:0.008, ben:0.012, ben:0.010, ben:0.016]  DDif [ben:0.104, ben:0.153, ben:1.492, ben:0.150, ben:0.076, ben:0.179, ben:0.169, ben:0.188, ben:0.207, ben:0.081]  labels [0, -1, -1, -1, 0, 0, 0, -1, 0, 0]
14:57:06  INFO      defenses.deepsight — DeepSight: 0 / 10 flagged  |  TE [ben:0.014, ben:0.010, ben:0.014, ben:0.010, ben:0.012, ben:0.014, ben:0.010, ben:0.010, ben:0.010, ben:0.012]  DDif [ben:0.175, ben:0.131, ben:0.130, ben:0.184, ben:0.126, ben:0.109, ben:0.136, ben:0.088, ben:0.113, ben:0.089]  labels [-1, -1, 0, -1, -1, -1, 0, -1, 0, -1]
14:57:35  INFO      defenses.deepsight — DeepSight: 0 / 10 flagged  |  TE [ben:0.012, ben:0.012, ben:0.012, ben:0.008, ben:0.010, ben:0.014, ben:0.012, ben:0.014, ben:0.014, ben:0.012]  DDif [ben:0.242, ben:0.151, ben:0.152, ben:0.216, ben:0.149, ben:0.103, ben:0.224, ben:0.100, ben:0.132, ben:0.161]  labels [0, 0, 0, 0, 0, 0, 0, 0, 0, 0]
14:58:07  INFO      defenses.deepsight — DeepSight: 0 / 10 flagged  |  TE [ben:0.010, ben:0.012, ben:0.012, ben:0.012, ben:0.010, ben:0.010, ben:0.012, ben:0.014, ben:0.010, ben:0.014]  DDif [ben:0.120, ben:0.104, ben:0.124, ben:0.149, ben:0.151, ben:0.095, ben:0.185, ben:0.139, ben:1.848, ben:0.367]  labels [0, -1, 0, 0, -1, 0, 0, 0, -1, -1]
14:58:37  INFO      defenses.deepsight — DeepSight: 0 / 10 flagged  |  TE [ben:0.010, ben:0.010, ben:0.014, ben:0.012, ben:0.012, ben:0.014, ben:0.014, ben:0.010, ben:0.010, ben:0.014]  DDif [ben:0.138, ben:0.239, ben:0.187, ben:0.127, ben:0.248, ben:0.129, ben:0.112, ben:0.156, ben:0.099, ben:0.142]  labels [0, -1, -1, -1, -1, -1, -1, -1, -1, 0]
14:59:06  INFO      defenses.deepsight — DeepSight: 0 / 10 flagged  |  TE [ben:0.012, ben:0.012, ben:0.008, ben:0.018, ben:0.010, ben:0.010, ben:0.012, ben:0.010, ben:0.014, ben:0.012]  DDif [ben:0.355, ben:0.116, ben:0.236, ben:0.217, ben:2.274, ben:2.684, ben:0.258, ben:0.212, ben:0.213, ben:0.291]  labels [0, -1, -1, -1, -1, -1, 0, -1, 0, 0]
14:59:37  INFO      defenses.deepsight — DeepSight: 0 / 10 flagged  |  TE [ben:0.012, ben:0.010, ben:0.010, ben:0.014, ben:0.010, ben:0.012, ben:0.014, ben:0.014, ben:0.010, ben:0.010]  DDif [ben:0.251, ben:0.323, ben:0.246, ben:0.200, ben:0.269, ben:0.336, ben:0.498, ben:0.171, ben:0.211, ben:0.257]  labels [-1, 0, -1, -1, 0, 0, -1, -1, -1, -1]
15:00:07  INFO      defenses.deepsight — DeepSight: 0 / 10 flagged  |  TE [ben:0.012, ben:0.012, ben:0.012, ben:0.010, ben:0.012, ben:0.012, ben:0.012, ben:0.012, ben:0.014, ben:0.016]  DDif [ben:0.241, ben:0.198, ben:0.159, ben:0.128, ben:0.153, ben:0.519, ben:0.180, ben:0.207, ben:0.239, ben:0.222]  labels [-1, -1, -1, -1, 0, -1, -1, 0, 0, -1]
15:00:38  INFO      defenses.deepsight — DeepSight: 0 / 10 flagged  |  TE [ben:0.012, ben:0.014, ben:0.010, ben:0.016, ben:0.016, ben:0.014, ben:0.012, ben:0.014, ben:0.016, ben:0.012]  DDif [ben:0.186, ben:0.113, ben:0.172, ben:0.132, ben:0.166, ben:0.145, ben:0.141, ben:0.128, ben:0.234, ben:0.106]  labels [-1, 0, 0, 0, 0, -1, 0, -1, -1, -1]
15:00:43  INFO      experiment.runner — Round   21/200  |  acc:  74.54%  loss: 0.8777  |  FPR: 0.0%  |  mF1: 65.2%
15:01:11  INFO      defenses.deepsight — DeepSight: 0 / 10 flagged  |  TE [ben:0.010, ben:0.012, ben:0.014, ben:0.010, ben:0.012, ben:0.014, ben:0.012, ben:0.016, ben:0.014, ben:0.014]  DDif [ben:0.263, ben:1.836, ben:0.148, ben:0.109, ben:0.208, ben:0.144, ben:0.149, ben:0.296, ben:0.128, ben:0.208]  labels [-1, -1, 0, -1, -1, -1, -1, -1, -1, 0]
15:01:41  INFO      defenses.deepsight — DeepSight: 0 / 10 flagged  |  TE [ben:0.012, ben:0.012, ben:0.012, ben:0.014, ben:0.014, ben:0.014, ben:0.014, ben:0.012, ben:0.016, ben:0.012]  DDif [ben:0.206, ben:0.200, ben:0.156, ben:0.125, ben:0.112, ben:0.168, ben:0.232, ben:0.106, ben:0.171, ben:1.591]  labels [-1, 0, 0, -1, 0, -1, 0, -1, 0, -1]
15:02:13  INFO      defenses.deepsight — DeepSight: 0 / 10 flagged  |  TE [ben:0.012, ben:0.012, ben:0.014, ben:0.014, ben:0.014, ben:0.016, ben:0.010, ben:0.010, ben:0.014, ben:0.014]  DDif [ben:0.187, ben:0.199, ben:0.239, ben:0.116, ben:0.301, ben:0.175, ben:0.217, ben:1.839, ben:0.131, ben:0.132]  labels [-1, 0, 0, -1, -1, -1, 0, -1, 0, 0]
15:02:43  INFO      defenses.deepsight — DeepSight: 0 / 10 flagged  |  TE [ben:0.014, ben:0.012, ben:0.012, ben:0.012, ben:0.010, ben:0.012, ben:0.012, ben:0.016, ben:0.010, ben:0.012]  DDif [ben:0.140, ben:0.138, ben:0.174, ben:0.134, ben:0.157, ben:0.134, ben:0.103, ben:0.163, ben:0.123, ben:0.378]  labels [0, -1, -1, -1, 0, -1, -1, -1, -1, -1]
15:03:17  INFO      defenses.deepsight — DeepSight: 0 / 10 flagged  |  TE [ben:0.014, ben:0.014, ben:0.012, ben:0.012, ben:0.014, ben:0.008, ben:0.012, ben:0.014, ben:0.012, ben:0.010]  DDif [ben:0.147, ben:0.129, ben:0.206, ben:0.125, ben:0.239, ben:0.153, ben:0.124, ben:0.099, ben:0.154, ben:0.152]  labels [0, -1, -1, 0, -1, -1, -1, -1, -1, -1]
15:03:45  INFO      defenses.deepsight — DeepSight: 0 / 10 flagged  |  TE [ben:0.010, ben:0.012, ben:0.014, ben:0.014, ben:0.010, ben:0.014, ben:0.014, ben:0.012, ben:0.010, ben:0.012]  DDif [ben:2.281, ben:0.242, ben:0.176, ben:0.179, ben:0.336, ben:0.192, ben:0.140, ben:0.199, ben:0.126, ben:0.249]  labels [-1, 0, 0, -1, -1, -1, -1, 0, -1, -1]
15:04:16  INFO      defenses.deepsight — DeepSight: 0 / 10 flagged  |  TE [ben:0.016, ben:0.014, ben:0.016, ben:0.014, ben:0.012, ben:0.014, ben:0.012, ben:0.010, ben:0.010, ben:0.016]  DDif [ben:0.309, ben:0.239, ben:0.210, ben:0.354, ben:0.153, ben:0.388, ben:0.192, ben:0.174, ben:0.165, ben:0.286]  labels [-1, 0, 0, 0, 0, 0, 0, 0, 0, 0]
15:04:46  INFO      defenses.deepsight — DeepSight: 0 / 10 flagged  |  TE [ben:0.014, ben:0.012, ben:0.014, ben:0.014, ben:0.014, ben:0.012, ben:0.010, ben:0.014, ben:0.012, ben:0.016]  DDif [ben:0.223, ben:0.170, ben:0.126, ben:0.194, ben:0.175, ben:0.154, ben:0.333, ben:0.304, ben:0.175, ben:0.163]  labels [-1, 0, -1, 0, -1, 0, -1, -1, 0, 0]
15:05:19  INFO      defenses.deepsight — DeepSight: 0 / 10 flagged  |  TE [ben:0.010, ben:0.008, ben:0.012, ben:0.012, ben:0.014, ben:0.012, ben:0.012, ben:0.012, ben:0.010, ben:0.012]  DDif [ben:0.216, ben:0.144, ben:0.509, ben:0.219, ben:1.587, ben:0.094, ben:0.208, ben:0.147, ben:0.169, ben:0.206]  labels [-1, -1, -1, -1, -1, -1, 0, -1, -1, 0]
15:05:50  INFO      defenses.deepsight — DeepSight: 0 / 10 flagged  |  TE [ben:0.016, ben:0.012, ben:0.014, ben:0.012, ben:0.014, ben:0.014, ben:0.014, ben:0.014, ben:0.016, ben:0.010]  DDif [ben:0.111, ben:0.159, ben:0.148, ben:0.165, ben:0.215, ben:0.243, ben:0.178, ben:0.366, ben:0.187, ben:0.114]  labels [-1, -1, -1, -1, -1, -1, 0, -1, 0, -1]
15:05:55  INFO      experiment.runner — Round   31/200  |  acc:  82.54%  loss: 0.6363  |  FPR: 0.0%  |  mF1: 75.9%
15:06:25  INFO      defenses.deepsight — DeepSight: 0 / 10 flagged  |  TE [ben:0.010, ben:0.008, ben:0.014, ben:0.014, ben:0.012, ben:0.010, ben:0.012, ben:0.014, ben:0.012, ben:0.014]  DDif [ben:0.195, ben:0.180, ben:0.124, ben:0.186, ben:0.179, ben:0.165, ben:0.145, ben:0.188, ben:1.415, ben:0.162]  labels [-1, -1, -1, -1, 0, -1, 0, 0, -1, -1]
15:06:56  INFO      defenses.deepsight — DeepSight: 0 / 10 flagged  |  TE [ben:0.012, ben:0.012, ben:0.010, ben:0.010, ben:0.012, ben:0.012, ben:0.012, ben:0.012, ben:0.014, ben:0.012]  DDif [ben:0.158, ben:0.192, ben:1.529, ben:1.669, ben:0.160, ben:0.205, ben:0.149, ben:0.146, ben:0.122, ben:0.171]  labels [0, 0, -1, -1, 0, 0, 0, -1, 0, -1]
15:07:25  INFO      defenses.deepsight — DeepSight: 0 / 10 flagged  |  TE [ben:0.014, ben:0.014, ben:0.010, ben:0.012, ben:0.012, ben:0.012, ben:0.012, ben:0.012, ben:0.012, ben:0.014]  DDif [ben:0.496, ben:0.151, ben:1.048, ben:0.245, ben:0.248, ben:0.265, ben:0.275, ben:0.205, ben:0.112, ben:0.203]  labels [-1, -1, -1, 0, -1, -1, -1, -1, -1, 0]
15:07:56  INFO      defenses.deepsight — DeepSight: 0 / 10 flagged  |  TE [ben:0.012, ben:0.012, ben:0.016, ben:0.014, ben:0.018, ben:0.012, ben:0.012, ben:0.010, ben:0.016, ben:0.012]  DDif [ben:0.134, ben:0.199, ben:0.246, ben:0.175, ben:0.182, ben:0.188, ben:0.200, ben:0.194, ben:0.221, ben:1.691]  labels [0, 0, -1, 0, 0, 0, -1, -1, -1, -1]
15:08:28  INFO      defenses.deepsight — DeepSight: 0 / 10 flagged  |  TE [ben:0.014, ben:0.014, ben:0.012, ben:0.012, ben:0.014, ben:0.016, ben:0.014, ben:0.012, ben:0.014, ben:0.014]  DDif [ben:0.120, ben:0.269, ben:0.155, ben:0.131, ben:0.327, ben:0.142, ben:0.163, ben:0.179, ben:0.137, ben:0.197]  labels [-1, -1, -1, -1, -1, -1, 0, 0, -1, -1]
15:08:58  INFO      defenses.deepsight — DeepSight: 0 / 10 flagged  |  TE [ben:0.014, ben:0.014, ben:0.012, ben:0.014, ben:0.012, ben:0.020, ben:0.010, ben:0.012, ben:0.014, ben:0.014]  DDif [ben:0.174, ben:0.114, ben:0.152, ben:0.190, ben:0.137, ben:0.163, ben:0.203, ben:0.156, ben:0.149, ben:0.249]  labels [-1, -1, -1, -1, -1, 0, -1, 0, 0, -1]
15:09:31  INFO      defenses.deepsight — DeepSight: 0 / 10 flagged  |  TE [ben:0.014, ben:0.018, ben:0.014, ben:0.014, ben:0.014, ben:0.010, ben:0.018, ben:0.010, ben:0.016, ben:0.012]  DDif [ben:0.241, ben:0.219, ben:0.144, ben:0.222, ben:1.081, ben:0.140, ben:0.160, ben:0.206, ben:0.243, ben:0.156]  labels [-1, 0, -1, -1, -1, -1, -1, -1, -1, 0]
15:10:01  INFO      defenses.deepsight — DeepSight: 0 / 10 flagged  |  TE [ben:0.012, ben:0.016, ben:0.012, ben:0.012, ben:0.014, ben:0.016, ben:0.014, ben:0.014, ben:0.012, ben:0.018]  DDif [ben:0.198, ben:0.195, ben:0.160, ben:0.235, ben:0.154, ben:0.169, ben:0.144, ben:0.125, ben:0.177, ben:0.240]  labels [0, 0, 0, -1, 0, 0, 0, -1, 0, -1]
15:10:31  INFO      defenses.deepsight — DeepSight: 0 / 10 flagged  |  TE [ben:0.014, ben:0.014, ben:0.012, ben:0.014, ben:0.014, ben:0.012, ben:0.012, ben:0.010, ben:0.016, ben:0.014]  DDif [ben:0.148, ben:0.190, ben:0.196, ben:0.161, ben:0.295, ben:0.182, ben:0.140, ben:1.335, ben:0.177, ben:0.124]  labels [-1, 0, -1, -1, -1, -1, -1, -1, 0, -1]
15:11:02  INFO      defenses.deepsight — DeepSight: 0 / 10 flagged  |  TE [ben:0.014, ben:0.014, ben:0.014, ben:0.010, ben:0.014, ben:0.014, ben:0.014, ben:0.010, ben:0.012, ben:0.012]  DDif [ben:0.187, ben:0.192, ben:0.206, ben:0.148, ben:0.124, ben:0.148, ben:1.140, ben:1.059, ben:0.163, ben:0.161]  labels [-1, 0, -1, 0, -1, -1, -1, -1, 0, -1]
15:11:07  INFO      experiment.runner — Round   41/200  |  acc:  86.24%  loss: 0.5419  |  FPR: 0.0%  |  mF1: 80.4%
15:11:37  INFO      defenses.deepsight — DeepSight: 0 / 10 flagged  |  TE [ben:0.012, ben:0.012, ben:0.016, ben:0.014, ben:0.016, ben:0.016, ben:0.012, ben:0.014, ben:0.014, ben:0.014]  DDif [ben:0.204, ben:0.954, ben:0.263, ben:0.102, ben:0.176, ben:0.170, ben:0.213, ben:0.238, ben:0.275, ben:0.259]  labels [-1, -1, 0, -1, 0, -1, -1, -1, 0, -1]
15:12:08  INFO      defenses.deepsight — DeepSight: 0 / 10 flagged  |  TE [ben:0.012, ben:0.012, ben:0.012, ben:0.012, ben:0.016, ben:0.010, ben:0.014, ben:0.014, ben:0.014, ben:0.012]  DDif [ben:0.132, ben:0.168, ben:0.153, ben:0.138, ben:0.107, ben:1.166, ben:0.175, ben:0.130, ben:0.261, ben:0.379]  labels [-1, 0, -1, 0, -1, -1, -1, -1, -1, -1]
15:12:38  INFO      defenses.deepsight — DeepSight: 0 / 10 flagged  |  TE [ben:0.012, ben:0.010, ben:0.014, ben:0.016, ben:0.012, ben:0.014, ben:0.012, ben:0.016, ben:0.018, ben:0.012]  DDif [ben:0.192, ben:1.058, ben:0.141, ben:0.235, ben:0.228, ben:1.157, ben:0.187, ben:0.161, ben:0.144, ben:0.181]  labels [0, -1, -1, -1, -1, -1, 0, -1, -1, -1]
15:13:08  INFO      defenses.deepsight — DeepSight: 0 / 10 flagged  |  TE [ben:0.012, ben:0.014, ben:0.014, ben:0.012, ben:0.010, ben:0.016, ben:0.012, ben:0.012, ben:0.012, ben:0.012]  DDif [ben:0.231, ben:0.165, ben:0.278, ben:0.199, ben:0.154, ben:0.290, ben:0.176, ben:0.443, ben:0.121, ben:0.434]  labels [-1, -1, -1, 0, 0, -1, -1, -1, 0, -1]
15:13:41  INFO      defenses.deepsight — DeepSight: 0 / 10 flagged  |  TE [ben:0.016, ben:0.014, ben:0.012, ben:0.014, ben:0.014, ben:0.012, ben:0.012, ben:0.016, ben:0.016, ben:0.016]  DDif [ben:0.146, ben:0.248, ben:0.179, ben:0.246, ben:0.240, ben:0.147, ben:0.100, ben:0.249, ben:0.211, ben:0.171]  labels [0, 0, 0, 0, 0, -1, -1, 0, 0, 0]
15:14:11  INFO      defenses.deepsight — DeepSight: 0 / 10 flagged  |  TE [ben:0.020, ben:0.014, ben:0.012, ben:0.016, ben:0.016, ben:0.014, ben:0.018, ben:0.014, ben:0.014, ben:0.012]  DDif [ben:0.127, ben:0.183, ben:0.171, ben:0.173, ben:0.261, ben:0.193, ben:0.174, ben:0.166, ben:0.220, ben:0.889]  labels [-1, 0, -1, 0, -1, 0, -1, -1, -1, -1]
15:14:41  INFO      defenses.deepsight — DeepSight: 0 / 10 flagged  |  TE [ben:0.014, ben:0.010, ben:0.012, ben:0.014, ben:0.010, ben:0.016, ben:0.012, ben:0.012, ben:0.014, ben:0.016]  DDif [ben:0.175, ben:1.016, ben:0.101, ben:0.130, ben:0.193, ben:0.149, ben:0.163, ben:0.894, ben:0.310, ben:0.155]  labels [0, -1, -1, -1, -1, 0, -1, -1, -1, -1]
15:15:12  INFO      defenses.deepsight — DeepSight: 0 / 10 flagged  |  TE [ben:0.012, ben:0.014, ben:0.016, ben:0.012, ben:0.012, ben:0.012, ben:0.010, ben:0.010, ben:0.010, ben:0.014]  DDif [ben:1.281, ben:0.148, ben:0.249, ben:0.137, ben:0.179, ben:0.850, ben:0.842, ben:1.024, ben:0.855, ben:0.408]  labels [0, 0, 0, 0, 0, 0, 0, 0, 0, 0]
15:15:42  INFO      defenses.deepsight — DeepSight: 0 / 10 flagged  |  TE [ben:0.014, ben:0.016, ben:0.010, ben:0.014, ben:0.016, ben:0.014, ben:0.014, ben:0.012, ben:0.014, ben:0.014]  DDif [ben:0.386, ben:0.395, ben:0.332, ben:0.402, ben:0.718, ben:0.513, ben:0.389, ben:0.471, ben:0.377, ben:0.363]  labels [-1, 0, -1, -1, -1, -1, -1, -1, 0, -1]
15:15:43  WARNING   attacks.chameleon_client — Chameleon client [2] round 50: no target-class samples in local data — falling back to benign training.
15:16:16  INFO      defenses.deepsight — DeepSight: 0 / 10 flagged  |  TE [MAL:0.012, ben:0.016, ben:0.014, ben:0.014, ben:0.012, ben:0.012, ben:0.014, ben:0.012, ben:0.014, ben:0.012]  DDif [MAL:1.245, ben:0.136, ben:0.268, ben:0.108, ben:0.185, ben:0.211, ben:0.150, ben:0.162, ben:0.428, ben:0.174]  labels [-1, 0, -1, -1, 0, -1, -1, -1, -1, -1]
15:16:22  INFO      experiment.runner — Round   51/200  |  acc:  87.70%  loss: 0.4873  |  TPR: 0.0%  FPR: 0.0%  |  mF1: 82.3%
15:16:52  INFO      defenses.deepsight — DeepSight: 0 / 10 flagged  |  TE [ben:0.016, ben:0.012, ben:0.014, ben:0.014, ben:0.014, ben:0.016, ben:0.014, ben:0.016, ben:0.018, ben:0.016]  DDif [ben:0.132, ben:0.083, ben:0.097, ben:0.223, ben:0.263, ben:0.231, ben:0.215, ben:0.100, ben:0.283, ben:0.185]  labels [0, 0, 0, 0, 0, 0, 0, 0, 0, 0]
15:16:53  INFO      attacks.chameleon_client — Chameleon client [19] round 52: optimising δ for 132/267 samples (ε=0.300, λ_sim=1.00, steps=100).
15:16:54  INFO      attacks.chameleon_client — Chameleon client [19] round 52: poisoned 132/267 samples (target=0, loss=0.1129, acc=0.969).
15:17:06  WARNING   attacks.chameleon_client — Chameleon client [92] round 52: no target-class samples in local data — falling back to benign training.
15:17:23  INFO      defenses.deepsight — DeepSight: 0 / 10 flagged  |  TE [MAL:0.016, ben:0.014, ben:0.012, ben:0.014, ben:0.016, MAL:0.010, ben:0.016, ben:0.014, ben:0.016, ben:0.018]  DDif [MAL:0.240, ben:0.184, ben:0.191, ben:0.274, ben:0.270, MAL:1.124, ben:0.224, ben:0.185, ben:0.188, ben:0.145]  labels [0, 0, -1, -1, 0, -1, 0, -1, 0, -1]
15:17:27  WARNING   attacks.chameleon_client — Chameleon client [92] round 53: no target-class samples in local data — falling back to benign training.
15:17:34  INFO      attacks.chameleon_client — Chameleon client [19] round 53: optimising δ for 132/267 samples (ε=0.300, λ_sim=1.00, steps=100).
15:17:34  INFO      attacks.chameleon_client — Chameleon client [19] round 53: poisoned 132/267 samples (target=0, loss=0.1121, acc=0.962).
15:17:43  WARNING   attacks.chameleon_client — Chameleon client [38] round 53: no target-class samples in local data — falling back to benign training.
15:17:47  INFO      attacks.chameleon_client — Chameleon client [61] round 53: optimising δ for 131/266 samples (ε=0.300, λ_sim=1.00, steps=100).
15:17:47  INFO      attacks.chameleon_client — Chameleon client [61] round 53: poisoned 131/266 samples (target=0, loss=0.1565, acc=0.957).
15:17:48  WARNING   attacks.chameleon_client — Chameleon client [8] round 53: no target-class samples in local data — falling back to benign training.
15:17:51  INFO      defenses.deepsight — DeepSight: 0 / 10 flagged  |  TE [ben:0.014, MAL:0.014, ben:0.012, MAL:0.014, ben:0.012, ben:0.014, ben:0.012, MAL:0.010, MAL:0.012, MAL:0.014]  DDif [ben:0.282, MAL:0.489, ben:0.243, MAL:0.106, ben:0.222, ben:0.232, ben:0.145, MAL:0.794, MAL:0.228, MAL:0.942]  labels [-1, -1, 0, -1, -1, 0, -1, -1, -1, -1]
15:18:07  INFO      attacks.chameleon_client — Chameleon client [50] round 54: optimising δ for 132/266 samples (ε=0.300, λ_sim=1.00, steps=100).
15:18:08  INFO      attacks.chameleon_client — Chameleon client [50] round 54: poisoned 132/266 samples (target=0, loss=0.1407, acc=0.953).
15:18:14  WARNING   attacks.chameleon_client — Chameleon client [38] round 54: no target-class samples in local data — falling back to benign training.
15:18:20  INFO      defenses.deepsight — DeepSight: 0 / 10 flagged  |  TE [ben:0.012, ben:0.018, ben:0.014, ben:0.016, ben:0.014, MAL:0.014, ben:0.018, ben:0.012, MAL:0.014, ben:0.014]  DDif [ben:0.251, ben:0.552, ben:0.190, ben:0.221, ben:0.092, MAL:0.280, ben:0.106, ben:0.180, MAL:0.541, ben:0.208]  labels [-1, -1, -1, -1, -1, 0, -1, -1, -1, 0]
15:18:46  WARNING   attacks.chameleon_client — Chameleon client [2] round 55: no target-class samples in local data — falling back to benign training.
15:18:50  WARNING   attacks.chameleon_client — Chameleon client [38] round 55: no target-class samples in local data — falling back to benign training.
15:18:53  INFO      defenses.deepsight — DeepSight: 0 / 10 flagged  |  TE [ben:0.014, ben:0.014, ben:0.014, ben:0.012, ben:0.016, ben:0.016, ben:0.012, ben:0.016, MAL:0.010, MAL:0.012]  DDif [ben:0.246, ben:0.302, ben:0.210, ben:0.108, ben:0.281, ben:0.094, ben:0.165, ben:0.161, MAL:0.598, MAL:0.859]  labels [-1, -1, -1, -1, -1, -1, 0, 0, -1, -1]
15:18:55  INFO      attacks.chameleon_client — Chameleon client [19] round 56: optimising δ for 132/267 samples (ε=0.300, λ_sim=1.00, steps=100).
15:18:56  INFO      attacks.chameleon_client — Chameleon client [19] round 56: poisoned 132/267 samples (target=0, loss=0.1042, acc=0.966).
15:19:20  INFO      attacks.chameleon_client — Chameleon client [61] round 56: optimising δ for 131/266 samples (ε=0.300, λ_sim=1.00, steps=100).
15:19:21  INFO      attacks.chameleon_client — Chameleon client [61] round 56: poisoned 131/266 samples (target=0, loss=0.1052, acc=0.966).
15:19:24  INFO      defenses.deepsight — DeepSight: 0 / 10 flagged  |  TE [MAL:0.016, ben:0.016, ben:0.012, ben:0.014, ben:0.012, ben:0.012, ben:0.014, ben:0.012, MAL:0.014, ben:0.010]  DDif [MAL:0.123, ben:0.312, ben:0.250, ben:0.106, ben:0.136, ben:0.292, ben:0.295, ben:0.164, MAL:0.307, ben:0.202]  labels [0, 0, -1, 0, 0, 0, 0, 0, 0, 0]
15:19:54  INFO      defenses.deepsight — DeepSight: 0 / 10 flagged  |  TE [ben:0.010, ben:0.016, ben:0.012, ben:0.018, ben:0.014, ben:0.018, ben:0.012, ben:0.014, ben:0.016, ben:0.016]  DDif [ben:0.110, ben:0.159, ben:0.242, ben:0.208, ben:0.218, ben:0.152, ben:0.203, ben:0.219, ben:0.208, ben:0.289]  labels [-1, 0, -1, -1, -1, -1, -1, -1, 0, -1]
15:20:03  INFO      attacks.chameleon_client — Chameleon client [13] round 58: optimising δ for 132/267 samples (ε=0.300, λ_sim=1.00, steps=100).
15:20:04  INFO      attacks.chameleon_client — Chameleon client [13] round 58: poisoned 132/267 samples (target=0, loss=0.1639, acc=0.960).
15:20:22  INFO      defenses.deepsight — DeepSight: 0 / 10 flagged  |  TE [ben:0.012, ben:0.014, ben:0.016, MAL:0.018, ben:0.012, ben:0.014, ben:0.016, ben:0.014, ben:0.014, ben:0.014]  DDif [ben:0.117, ben:0.138, ben:0.201, MAL:0.177, ben:0.265, ben:0.207, ben:0.279, ben:0.220, ben:0.112, ben:0.195]  labels [0, 0, 0, 0, -1, 0, -1, 0, 0, 0]
15:20:52  INFO      defenses.deepsight — DeepSight: 0 / 10 flagged  |  TE [ben:0.016, ben:0.012, ben:0.016, ben:0.018, ben:0.014, ben:0.014, ben:0.014, ben:0.014, ben:0.012, ben:0.012]  DDif [ben:0.224, ben:0.238, ben:0.090, ben:0.177, ben:0.191, ben:0.142, ben:0.199, ben:0.204, ben:0.106, ben:0.115]  labels [0, -1, -1, -1, 0, 0, 0, 0, 0, 0]
15:20:53  INFO      attacks.chameleon_client — Chameleon client [61] round 60: optimising δ for 131/266 samples (ε=0.300, λ_sim=1.00, steps=100).
15:20:54  INFO      attacks.chameleon_client — Chameleon client [61] round 60: poisoned 131/266 samples (target=0, loss=0.0967, acc=0.961).
15:21:04  INFO      attacks.chameleon_client — Chameleon client [30] round 60: optimising δ for 133/267 samples (ε=0.300, λ_sim=1.00, steps=100).
15:21:04  INFO      attacks.chameleon_client — Chameleon client [30] round 60: poisoned 133/267 samples (target=0, loss=0.0955, acc=0.969).
15:21:08  INFO      attacks.chameleon_client — Chameleon client [13] round 60: optimising δ for 132/267 samples (ε=0.300, λ_sim=1.00, steps=100).
15:21:08  INFO      attacks.chameleon_client — Chameleon client [13] round 60: poisoned 132/267 samples (target=0, loss=0.1436, acc=0.958).
15:21:18  INFO      defenses.deepsight — DeepSight: 0 / 10 flagged  |  TE [MAL:0.016, ben:0.012, ben:0.016, ben:0.018, MAL:0.012, ben:0.012, MAL:0.014, ben:0.014, ben:0.012, ben:0.014]  DDif [MAL:0.236, ben:0.132, ben:0.171, ben:0.149, MAL:0.180, ben:0.145, MAL:0.165, ben:0.143, ben:0.074, ben:0.181]  labels [-1, -1, 0, -1, -1, 0, -1, -1, -1, -1]
15:21:24  INFO      experiment.runner — Round   61/200  |  acc:  89.43%  loss: 0.4132  |  ASR:  52.80%  asr_loss: nan  |  TPR: 0.0%  FPR: 0.0%  |  mF1: 85.1%
15:21:54  INFO      defenses.deepsight — DeepSight: 0 / 10 flagged  |  TE [ben:0.014, ben:0.012, ben:0.018, ben:0.014, ben:0.016, ben:0.012, ben:0.016, ben:0.018, ben:0.012, ben:0.016]  DDif [ben:0.182, ben:0.132, ben:0.253, ben:0.232, ben:0.218, ben:0.259, ben:0.137, ben:0.178, ben:0.242, ben:0.149]  labels [-1, 0, 0, 0, -1, 0, -1, 0, 0, 0]
15:22:26  INFO      defenses.deepsight — DeepSight: 0 / 10 flagged  |  TE [ben:0.016, ben:0.012, ben:0.016, ben:0.012, ben:0.016, ben:0.014, ben:0.016, ben:0.016, ben:0.016, ben:0.014]  DDif [ben:0.217, ben:0.223, ben:0.177, ben:0.192, ben:0.220, ben:0.182, ben:0.157, ben:0.236, ben:0.120, ben:0.145]  labels [0, -1, 0, -1, -1, 0, -1, -1, -1, -1]
15:22:56  INFO      defenses.deepsight — DeepSight: 0 / 10 flagged  |  TE [ben:0.016, ben:0.016, ben:0.018, ben:0.014, ben:0.016, ben:0.016, ben:0.014, ben:0.012, ben:0.016, ben:0.018]  DDif [ben:0.087, ben:0.330, ben:0.256, ben:0.132, ben:0.131, ben:0.213, ben:0.299, ben:0.189, ben:0.182, ben:0.122]  labels [-1, -1, -1, -1, 0, -1, -1, 0, 0, 0]
15:23:04  WARNING   attacks.chameleon_client — Chameleon client [2] round 64: no target-class samples in local data — falling back to benign training.
15:23:17  INFO      attacks.chameleon_client — Chameleon client [61] round 64: optimising δ for 131/266 samples (ε=0.300, λ_sim=1.00, steps=100).
15:23:18  INFO      attacks.chameleon_client — Chameleon client [61] round 64: poisoned 131/266 samples (target=0, loss=0.0862, acc=0.976).
15:23:27  INFO      defenses.deepsight — DeepSight: 0 / 10 flagged  |  TE [ben:0.012, ben:0.012, MAL:0.012, ben:0.014, ben:0.020, ben:0.016, MAL:0.016, ben:0.012, ben:0.012, ben:0.012]  DDif [ben:0.121, ben:0.108, MAL:0.894, ben:0.207, ben:0.380, ben:0.154, MAL:0.275, ben:0.094, ben:0.181, ben:0.216]  labels [-1, 0, -1, 0, -1, 0, -1, -1, 0, -1]
15:23:44  WARNING   attacks.chameleon_client — Chameleon client [38] round 65: no target-class samples in local data — falling back to benign training.
15:23:59  INFO      defenses.deepsight — DeepSight: 0 / 10 flagged  |  TE [ben:0.014, ben:0.018, ben:0.014, ben:0.014, ben:0.012, MAL:0.012, ben:0.014, ben:0.016, ben:0.014, ben:0.012]  DDif [ben:0.150, ben:0.118, ben:0.127, ben:0.105, ben:0.192, MAL:0.515, ben:0.162, ben:0.157, ben:0.147, ben:0.157]  labels [0, 0, -1, -1, -1, -1, 0, -1, -1, -1]
15:24:12  WARNING   attacks.chameleon_client — Chameleon client [8] round 66: no target-class samples in local data — falling back to benign training.
15:24:21  WARNING   attacks.chameleon_client — Chameleon client [38] round 66: no target-class samples in local data — falling back to benign training.
15:24:30  INFO      defenses.deepsight — DeepSight: 0 / 10 flagged  |  TE [ben:0.014, ben:0.016, ben:0.014, ben:0.016, MAL:0.010, ben:0.014, ben:0.012, MAL:0.010, ben:0.018, ben:0.016]  DDif [ben:0.172, ben:0.134, ben:0.197, ben:0.252, MAL:0.557, ben:0.225, ben:0.143, MAL:0.525, ben:0.253, ben:0.267]  labels [-1, -1, -1, 0, -1, -1, -1, -1, -1, 0]
15:24:53  WARNING   attacks.chameleon_client — Chameleon client [2] round 67: no target-class samples in local data — falling back to benign training.
15:24:57  INFO      attacks.chameleon_client — Chameleon client [61] round 67: optimising δ for 131/266 samples (ε=0.300, λ_sim=1.00, steps=100).
15:24:57  INFO      attacks.chameleon_client — Chameleon client [61] round 67: poisoned 131/266 samples (target=0, loss=0.0698, acc=0.981).
15:25:01  INFO      defenses.deepsight — DeepSight: 0 / 10 flagged  |  TE [ben:0.012, ben:0.010, ben:0.014, ben:0.016, ben:0.014, ben:0.016, ben:0.014, MAL:0.010, MAL:0.018, ben:0.014]  DDif [ben:0.156, ben:0.217, ben:0.278, ben:0.163, ben:0.165, ben:0.164, ben:0.212, MAL:0.652, MAL:0.947, ben:0.196]  labels [-1, -1, -1, 0, 0, 0, -1, -1, -1, -1]
15:25:30  INFO      defenses.deepsight — DeepSight: 0 / 10 flagged  |  TE [ben:0.016, ben:0.012, ben:0.014, ben:0.018, ben:0.018, ben:0.014, ben:0.016, ben:0.012, ben:0.016, ben:0.014]  DDif [ben:0.243, ben:0.188, ben:0.142, ben:0.166, ben:0.288, ben:0.249, ben:0.155, ben:0.263, ben:0.107, ben:0.120]  labels [0, 0, 0, 0, -1, 0, 0, 0, -1, 0]
15:25:31  INFO      attacks.chameleon_client — Chameleon client [11] round 69: optimising δ for 132/267 samples (ε=0.300, λ_sim=1.00, steps=100).
15:25:31  INFO      attacks.chameleon_client — Chameleon client [11] round 69: poisoned 132/267 samples (target=0, loss=0.1083, acc=0.968).
15:26:00  INFO      defenses.deepsight — DeepSight: 0 / 10 flagged  |  TE [MAL:0.014, ben:0.014, ben:0.016, ben:0.018, ben:0.014, ben:0.012, ben:0.014, ben:0.014, ben:0.014, ben:0.014]  DDif [MAL:0.179, ben:0.225, ben:0.304, ben:0.311, ben:0.108, ben:0.092, ben:0.161, ben:0.208, ben:0.195, ben:0.139]  labels [0, -1, -1, -1, -1, -1, -1, -1, 0, -1]
15:26:07  INFO      attacks.chameleon_client — Chameleon client [11] round 70: optimising δ for 132/267 samples (ε=0.300, λ_sim=1.00, steps=100).
15:26:07  INFO      attacks.chameleon_client — Chameleon client [11] round 70: poisoned 132/267 samples (target=0, loss=0.0776, acc=0.977).
15:26:29  INFO      defenses.deepsight — DeepSight: 0 / 10 flagged  |  TE [ben:0.016, ben:0.016, MAL:0.016, ben:0.014, ben:0.014, ben:0.014, ben:0.018, ben:0.012, ben:0.018, ben:0.016]  DDif [ben:0.159, ben:0.142, MAL:0.107, ben:0.171, ben:0.205, ben:0.090, ben:0.225, ben:0.110, ben:0.090, ben:0.209]  labels [0, -1, -1, 0, -1, -1, -1, -1, -1, -1]
15:26:36  INFO      experiment.runner — Round   71/200  |  acc:  90.41%  loss: 0.3902  |  ASR:  48.00%  asr_loss: nan  |  TPR: 0.0%  FPR: 0.0%  |  mF1: 85.8%
15:36:56  INFO      defenses.deepsight — DeepSight: 0 / 10 flagged  |  TE [ben:0.014, ben:0.016, ben:0.016, ben:0.014, ben:0.016, ben:0.014, ben:0.018, ben:0.016, ben:0.016, ben:0.016]  DDif [ben:0.225, ben:0.449, ben:0.190, ben:0.117, ben:0.076, ben:0.198, ben:0.188, ben:0.129, ben:0.195, ben:0.147]  labels [-1, -1, 0, -1, -1, -1, 0, -1, -1, -1]
15:36:57  INFO      attacks.chameleon_client — Chameleon client [11] round 72: optimising δ for 132/267 samples (ε=0.300, λ_sim=1.00, steps=100).
15:36:57  INFO      attacks.chameleon_client — Chameleon client [11] round 72: poisoned 132/267 samples (target=0, loss=0.0832, acc=0.977).
