layer_name,layer_idx,class_i,class_j,cosine_similarity
conv_layers.0,0,0,1,0.6136174201965332
conv_layers.0,0,0,2,0.44056493043899536
conv_layers.0,0,0,3,0.351154088973999
conv_layers.0,0,0,4,0.5581226944923401
conv_layers.0,0,0,5,0.40039169788360596
conv_layers.0,0,0,6,0.004650237038731575
conv_layers.0,0,0,7,0.42367470264434814
conv_layers.0,0,0,8,0.17690087854862213
conv_layers.0,0,0,9,0.08840746432542801
conv_layers.0,0,0,10,0.6498592495918274
conv_layers.0,0,0,11,0.6519232988357544
conv_layers.0,0,0,12,0.34642624855041504
conv_layers.0,0,0,13,0.45589515566825867
conv_layers.0,0,0,14,0.8504030704498291
conv_layers.0,0,0,15,0.1170852929353714
conv_layers.0,0,0,16,0.4531615674495697
conv_layers.0,0,0,17,0.5354549288749695
conv_layers.0,0,0,18,0.6675873398780823
conv_layers.0,0,0,19,0.1604817658662796
conv_layers.0,0,0,20,0.12179119139909744
conv_layers.0,0,0,21,0.4100242257118225
conv_layers.0,0,0,22,0.8272950053215027
conv_layers.0,0,0,23,0.25068631768226624
conv_layers.0,0,0,24,0.31651541590690613
conv_layers.0,0,0,25,0.3558320701122284
conv_layers.0,0,0,26,0.5983749628067017
conv_layers.0,0,0,27,0.22679421305656433
conv_layers.0,0,0,28,0.39803287386894226
conv_layers.0,0,0,29,0.5645671486854553
conv_layers.0,0,0,30,0.8071209192276001
conv_layers.0,0,0,31,0.6911251544952393
conv_layers.0,0,0,32,0.00611019367352128
conv_layers.0,0,0,33,0.04486539587378502
conv_layers.0,0,0,34,0.44732755422592163
conv_layers.0,0,0,35,0.11080250889062881
conv_layers.0,0,0,36,0.4647918939590454
conv_layers.0,0,0,37,0.7037478685379028
conv_layers.0,0,0,38,0.00823285523802042
conv_layers.0,0,0,39,0.36447930335998535
conv_layers.0,0,0,40,0.04055560380220413
conv_layers.0,0,0,41,0.13503344357013702
conv_layers.0,0,0,42,0.4479241967201233
conv_layers.0,0,1,0,0.6136174201965332
conv_layers.0,0,1,2,0.06494052708148956
conv_layers.0,0,1,3,0.07008346915245056
conv_layers.0,0,1,4,0.0651690885424614
conv_layers.0,0,1,5,0.46951404213905334
conv_layers.0,0,1,6,0.25893911719322205
conv_layers.0,0,1,7,0.17819316685199738
conv_layers.0,0,1,8,0.2460300326347351
conv_layers.0,0,1,9,0.3558424711227417
conv_layers.0,0,1,10,0.23478245735168457
conv_layers.0,0,1,11,0.3458138704299927
conv_layers.0,0,1,12,0.16708806157112122
conv_layers.0,0,1,13,0.39052239060401917
conv_layers.0,0,1,14,0.7203338742256165
conv_layers.0,0,1,15,0.16112521290779114
conv_layers.0,0,1,16,0.24801018834114075
conv_layers.0,0,1,17,0.2597145140171051
conv_layers.0,0,1,18,0.06847657263278961
conv_layers.0,0,1,19,0.3077404499053955
conv_layers.0,0,1,20,0.20190051198005676
conv_layers.0,0,1,21,0.5035544037818909
conv_layers.0,0,1,22,0.7285765409469604
conv_layers.0,0,1,23,0.10700687021017075
conv_layers.0,0,1,24,0.20260345935821533
conv_layers.0,0,1,25,0.1926882565021515
conv_layers.0,0,1,26,0.2893807590007782
conv_layers.0,0,1,27,0.08210022747516632
conv_layers.0,0,1,28,0.11590944975614548
conv_layers.0,0,1,29,0.29753464460372925
conv_layers.0,0,1,30,0.43371593952178955
conv_layers.0,0,1,31,0.5259705781936646
conv_layers.0,0,1,32,0.05014514923095703
conv_layers.0,0,1,33,0.001828305423259735
conv_layers.0,0,1,34,0.5274514555931091
conv_layers.0,0,1,35,0.3519420623779297
conv_layers.0,0,1,36,0.7574904561042786
conv_layers.0,0,1,37,0.25819191336631775
conv_layers.0,0,1,38,0.4073318839073181
conv_layers.0,0,1,39,0.04368336498737335
conv_layers.0,0,1,40,0.25319215655326843
conv_layers.0,0,1,41,0.5911785364151001
conv_layers.0,0,1,42,0.004443474113941193
conv_layers.0,0,2,0,0.44056493043899536
conv_layers.0,0,2,1,0.06494052708148956
conv_layers.0,0,2,3,0.07675828784704208
conv_layers.0,0,2,4,0.6968600153923035
conv_layers.0,0,2,5,0.01716231182217598
conv_layers.0,0,2,6,0.24697202444076538
conv_layers.0,0,2,7,0.17915129661560059
conv_layers.0,0,2,8,0.3617807924747467
conv_layers.0,0,2,9,0.32526639103889465
conv_layers.0,0,2,10,0.2352631390094757
conv_layers.0,0,2,11,0.030328890308737755
conv_layers.0,0,2,12,0.22513824701309204
conv_layers.0,0,2,13,0.1817019134759903
conv_layers.0,0,2,14,0.2749379873275757
conv_layers.0,0,2,15,0.0783291608095169
conv_layers.0,0,2,16,0.22055840492248535
conv_layers.0,0,2,17,0.014970336109399796
conv_layers.0,0,2,18,0.5853763222694397
conv_layers.0,0,2,19,0.25822681188583374
conv_layers.0,0,2,20,0.2871689200401306
conv_layers.0,0,2,21,0.3618725538253784
conv_layers.0,0,2,22,0.21624118089675903
conv_layers.0,0,2,23,0.19085808098316193
conv_layers.0,0,2,24,0.1829172521829605
conv_layers.0,0,2,25,0.05924622714519501
conv_layers.0,0,2,26,0.30132752656936646
conv_layers.0,0,2,27,0.1053214967250824
conv_layers.0,0,2,28,0.5139866471290588
conv_layers.0,0,2,29,0.23323386907577515
conv_layers.0,0,2,30,0.26341962814331055
conv_layers.0,0,2,31,0.18474280834197998
conv_layers.0,0,2,32,0.193145290017128
conv_layers.0,0,2,33,0.36664631962776184
conv_layers.0,0,2,34,0.01564628630876541
conv_layers.0,0,2,35,0.2770170569419861
conv_layers.0,0,2,36,0.014908879064023495
conv_layers.0,0,2,37,0.5407500267028809
conv_layers.0,0,2,38,0.07571743428707123
conv_layers.0,0,2,39,0.07790173590183258
conv_layers.0,0,2,40,0.503176212310791
conv_layers.0,0,2,41,0.40280839800834656
conv_layers.0,0,2,42,0.13201233744621277
conv_layers.0,0,3,0,0.351154088973999
conv_layers.0,0,3,1,0.07008346915245056
conv_layers.0,0,3,2,0.07675828784704208
conv_layers.0,0,3,4,0.29674655199050903
conv_layers.0,0,3,5,0.1151791512966156
conv_layers.0,0,3,6,0.2751728892326355
conv_layers.0,0,3,7,0.7746483087539673
conv_layers.0,0,3,8,0.5376975536346436
conv_layers.0,0,3,9,0.30232128500938416
conv_layers.0,0,3,10,0.3868088722229004
conv_layers.0,0,3,11,0.6598769426345825
conv_layers.0,0,3,12,0.4634324014186859
conv_layers.0,0,3,13,0.10423503816127777
conv_layers.0,0,3,14,0.42427000403404236
conv_layers.0,0,3,15,0.30829566717147827
conv_layers.0,0,3,16,0.3128257095813751
conv_layers.0,0,3,17,0.6504509449005127
conv_layers.0,0,3,18,0.46346136927604675
conv_layers.0,0,3,19,0.36650145053863525
conv_layers.0,0,3,20,0.014641226269304752
conv_layers.0,0,3,21,0.0010387860238552094
conv_layers.0,0,3,22,0.1558530032634735
conv_layers.0,0,3,23,0.5943524837493896
conv_layers.0,0,3,24,0.38587698340415955
conv_layers.0,0,3,25,0.07424318790435791
conv_layers.0,0,3,26,0.6193765997886658
conv_layers.0,0,3,27,0.15144270658493042
conv_layers.0,0,3,28,0.3573310375213623
conv_layers.0,0,3,29,0.3033630847930908
conv_layers.0,0,3,30,0.5524605512619019
conv_layers.0,0,3,31,0.28967317938804626
conv_layers.0,0,3,32,0.3342204988002777
conv_layers.0,0,3,33,0.5158141851425171
conv_layers.0,0,3,34,0.2783638834953308
conv_layers.0,0,3,35,0.1810416430234909
conv_layers.0,0,3,36,0.1630212813615799
conv_layers.0,0,3,37,0.1946265697479248
conv_layers.0,0,3,38,0.6015302538871765
conv_layers.0,0,3,39,0.6739664077758789
conv_layers.0,0,3,40,0.38940417766571045
conv_layers.0,0,3,41,0.14157100021839142
conv_layers.0,0,3,42,0.6690317392349243
conv_layers.0,0,4,0,0.5581226944923401
conv_layers.0,0,4,1,0.0651690885424614
conv_layers.0,0,4,2,0.6968600153923035
conv_layers.0,0,4,3,0.29674655199050903
conv_layers.0,0,4,5,0.18067795038223267
conv_layers.0,0,4,6,0.04342768341302872
conv_layers.0,0,4,7,0.036431558430194855
conv_layers.0,0,4,8,0.3049885034561157
conv_layers.0,0,4,9,0.05789554491639137
conv_layers.0,0,4,10,0.6048200130462646
conv_layers.0,0,4,11,0.3162430226802826
conv_layers.0,0,4,12,0.266519159078598
conv_layers.0,0,4,13,0.1666136533021927
conv_layers.0,0,4,14,0.46518051624298096
conv_layers.0,0,4,15,0.22375154495239258
conv_layers.0,0,4,16,0.14339427649974823
conv_layers.0,0,4,17,0.19786062836647034
conv_layers.0,0,4,18,0.89556485414505
conv_layers.0,0,4,19,0.267578661441803
conv_layers.0,0,4,20,0.5326705574989319
conv_layers.0,0,4,21,0.20198075473308563
conv_layers.0,0,4,22,0.33040326833724976
conv_layers.0,0,4,23,0.14030584692955017
conv_layers.0,0,4,24,0.06852103024721146
conv_layers.0,0,4,25,0.27090737223625183
conv_layers.0,0,4,26,0.43074971437454224
conv_layers.0,0,4,27,0.027922237291932106
conv_layers.0,0,4,28,0.8803163170814514
conv_layers.0,0,4,29,0.27502867579460144
conv_layers.0,0,4,30,0.5187952518463135
conv_layers.0,0,4,31,0.5029409527778625
conv_layers.0,0,4,32,0.21484428644180298
conv_layers.0,0,4,33,0.3293496370315552
conv_layers.0,0,4,34,0.1495087593793869
conv_layers.0,0,4,35,0.32865259051322937
conv_layers.0,0,4,36,0.12578225135803223
conv_layers.0,0,4,37,0.6752915382385254
conv_layers.0,0,4,38,0.2756999433040619
conv_layers.0,0,4,39,0.15190750360488892
conv_layers.0,0,4,40,0.05411239713430405
conv_layers.0,0,4,41,0.3394334018230438
conv_layers.0,0,4,42,0.6125859022140503
conv_layers.0,0,5,0,0.40039169788360596
conv_layers.0,0,5,1,0.46951404213905334
conv_layers.0,0,5,2,0.01716231182217598
conv_layers.0,0,5,3,0.1151791512966156
conv_layers.0,0,5,4,0.18067795038223267
conv_layers.0,0,5,6,0.26352617144584656
conv_layers.0,0,5,7,0.39396828413009644
conv_layers.0,0,5,8,0.25514671206474304
conv_layers.0,0,5,9,0.09055061638355255
conv_layers.0,0,5,10,0.35440540313720703
conv_layers.0,0,5,11,0.2713327705860138
conv_layers.0,0,5,12,0.04719804599881172
conv_layers.0,0,5,13,0.20400123298168182
conv_layers.0,0,5,14,0.3336038589477539
conv_layers.0,0,5,15,0.08818808197975159
conv_layers.0,0,5,16,0.0019486034289002419
conv_layers.0,0,5,17,0.37548381090164185
conv_layers.0,0,5,18,0.02687036618590355
conv_layers.0,0,5,19,0.47061073780059814
conv_layers.0,0,5,20,0.21732421219348907
conv_layers.0,0,5,21,0.48667991161346436
conv_layers.0,0,5,22,0.3914520740509033
conv_layers.0,0,5,23,0.4095649719238281
conv_layers.0,0,5,24,0.08180415630340576
conv_layers.0,0,5,25,0.2221859246492386
conv_layers.0,0,5,26,0.2078305184841156
conv_layers.0,0,5,27,0.08916551619768143
conv_layers.0,0,5,28,0.23546625673770905
conv_layers.0,0,5,29,0.25560134649276733
conv_layers.0,0,5,30,0.364359974861145
conv_layers.0,0,5,31,0.311328649520874
conv_layers.0,0,5,32,0.16336823999881744
conv_layers.0,0,5,33,0.0480690561234951
conv_layers.0,0,5,34,0.21388022601604462
conv_layers.0,0,5,35,0.5275505185127258
conv_layers.0,0,5,36,0.3879750967025757
conv_layers.0,0,5,37,0.02885432355105877
conv_layers.0,0,5,38,0.13521221280097961
conv_layers.0,0,5,39,0.16215018928050995
conv_layers.0,0,5,40,0.3474375903606415
conv_layers.0,0,5,41,0.5120598077774048
conv_layers.0,0,5,42,0.18383380770683289
conv_layers.0,0,6,0,0.004650237038731575
conv_layers.0,0,6,1,0.25893911719322205
conv_layers.0,0,6,2,0.24697202444076538
conv_layers.0,0,6,3,0.2751728892326355
conv_layers.0,0,6,4,0.04342768341302872
conv_layers.0,0,6,5,0.26352617144584656
conv_layers.0,0,6,7,0.4697133004665375
conv_layers.0,0,6,8,0.2220258265733719
conv_layers.0,0,6,9,0.4378795623779297
conv_layers.0,0,6,10,0.09248717874288559
conv_layers.0,0,6,11,0.44369930028915405
conv_layers.0,0,6,12,0.11278335750102997
conv_layers.0,0,6,13,0.12716145813465118
conv_layers.0,0,6,14,0.11756754666566849
conv_layers.0,0,6,15,0.4757933020591736
conv_layers.0,0,6,16,0.3700098991394043
conv_layers.0,0,6,17,0.23147627711296082
conv_layers.0,0,6,18,0.12089395523071289
conv_layers.0,0,6,19,0.13275328278541565
conv_layers.0,0,6,20,0.17892703413963318
conv_layers.0,0,6,21,0.36186617612838745
conv_layers.0,0,6,22,0.0540553480386734
conv_layers.0,0,6,23,0.004447992891073227
conv_layers.0,0,6,24,0.5159700512886047
conv_layers.0,0,6,25,0.30611658096313477
conv_layers.0,0,6,26,0.05766972154378891
conv_layers.0,0,6,27,0.3564213514328003
conv_layers.0,0,6,28,0.03474894538521767
conv_layers.0,0,6,29,0.2935211956501007
conv_layers.0,0,6,30,0.25423452258110046
conv_layers.0,0,6,31,0.19550246000289917
conv_layers.0,0,6,32,0.3902634084224701
conv_layers.0,0,6,33,0.48178231716156006
conv_layers.0,0,6,34,0.4836006462574005
conv_layers.0,0,6,35,0.15715482831001282
conv_layers.0,0,6,36,0.07724453508853912
conv_layers.0,0,6,37,0.26578179001808167
conv_layers.0,0,6,38,0.22720855474472046
conv_layers.0,0,6,39,0.31848597526550293
conv_layers.0,0,6,40,0.566135585308075
conv_layers.0,0,6,41,0.34609255194664
conv_layers.0,0,6,42,0.06425317376852036
conv_layers.0,0,7,0,0.42367470264434814
conv_layers.0,0,7,1,0.17819316685199738
conv_layers.0,0,7,2,0.17915129661560059
conv_layers.0,0,7,3,0.7746483087539673
conv_layers.0,0,7,4,0.036431558430194855
conv_layers.0,0,7,5,0.39396828413009644
conv_layers.0,0,7,6,0.4697133004665375
conv_layers.0,0,7,8,0.7242522835731506
conv_layers.0,0,7,9,0.4423556327819824
conv_layers.0,0,7,10,0.2946776747703552
conv_layers.0,0,7,11,0.7592006921768188
conv_layers.0,0,7,12,0.5325521230697632
conv_layers.0,0,7,13,0.117169089615345
conv_layers.0,0,7,14,0.4032648503780365
conv_layers.0,0,7,15,0.45643430948257446
conv_layers.0,0,7,16,0.38535276055336
conv_layers.0,0,7,17,0.6315209865570068
conv_layers.0,0,7,18,0.3265664279460907
conv_layers.0,0,7,19,0.587303876876831
conv_layers.0,0,7,20,0.2673812806606293
conv_layers.0,0,7,21,0.0016222074627876282
conv_layers.0,0,7,22,0.22926576435565948
conv_layers.0,0,7,23,0.61214280128479
conv_layers.0,0,7,24,0.4511772394180298
conv_layers.0,0,7,25,0.11941633373498917
conv_layers.0,0,7,26,0.49124500155448914
conv_layers.0,0,7,27,0.07176798582077026
conv_layers.0,0,7,28,0.026852181181311607
conv_layers.0,0,7,29,0.46882033348083496
conv_layers.0,0,7,30,0.5637874007225037
conv_layers.0,0,7,31,0.1608653962612152
conv_layers.0,0,7,32,0.5332208871841431
conv_layers.0,0,7,33,0.548762321472168
conv_layers.0,0,7,34,0.5598081350326538
conv_layers.0,0,7,35,0.26462873816490173
conv_layers.0,0,7,36,0.03684413060545921
conv_layers.0,0,7,37,0.17102615535259247
conv_layers.0,0,7,38,0.44150128960609436
conv_layers.0,0,7,39,0.7852944135665894
conv_layers.0,0,7,40,0.3578488528728485
conv_layers.0,0,7,41,0.1498076319694519
conv_layers.0,0,7,42,0.43335315585136414
conv_layers.0,0,8,0,0.17690087854862213
conv_layers.0,0,8,1,0.2460300326347351
conv_layers.0,0,8,2,0.3617807924747467
conv_layers.0,0,8,3,0.5376975536346436
conv_layers.0,0,8,4,0.3049885034561157
conv_layers.0,0,8,5,0.25514671206474304
conv_layers.0,0,8,6,0.2220258265733719
conv_layers.0,0,8,7,0.7242522835731506
conv_layers.0,0,8,9,0.24510540068149567
conv_layers.0,0,8,10,0.07453534752130508
conv_layers.0,0,8,11,0.41335535049438477
conv_layers.0,0,8,12,0.4341067373752594
conv_layers.0,0,8,13,0.3719428777694702
conv_layers.0,0,8,14,0.19335664808750153
conv_layers.0,0,8,15,0.2101612687110901
conv_layers.0,0,8,16,0.3139153718948364
conv_layers.0,0,8,17,0.42201247811317444
conv_layers.0,0,8,18,0.04787478223443031
conv_layers.0,0,8,19,0.4801129102706909
conv_layers.0,0,8,20,0.48729783296585083
conv_layers.0,0,8,21,0.28008273243904114
conv_layers.0,0,8,22,0.0372588112950325
conv_layers.0,0,8,23,0.32724377512931824
conv_layers.0,0,8,24,0.17986705899238586
conv_layers.0,0,8,25,0.17495444416999817
conv_layers.0,0,8,26,0.2901066243648529
conv_layers.0,0,8,27,0.016308417543768883
conv_layers.0,0,8,28,0.23483510315418243
conv_layers.0,0,8,29,0.25753045082092285
conv_layers.0,0,8,30,0.18274147808551788
conv_layers.0,0,8,31,0.019431190565228462
conv_layers.0,0,8,32,0.4661370813846588
conv_layers.0,0,8,33,0.6188971996307373
conv_layers.0,0,8,34,0.5573081970214844
conv_layers.0,0,8,35,0.44554683566093445
conv_layers.0,0,8,36,0.01742483675479889
conv_layers.0,0,8,37,0.25603967905044556
conv_layers.0,0,8,38,0.2667292356491089
conv_layers.0,0,8,39,0.6437255144119263
conv_layers.0,0,8,40,0.38792622089385986
conv_layers.0,0,8,41,0.2727048993110657
conv_layers.0,0,8,42,0.09093654155731201
conv_layers.0,0,9,0,0.08840746432542801
conv_layers.0,0,9,1,0.3558424711227417
conv_layers.0,0,9,2,0.32526639103889465
conv_layers.0,0,9,3,0.30232128500938416
conv_layers.0,0,9,4,0.05789554491639137
conv_layers.0,0,9,5,0.09055061638355255
conv_layers.0,0,9,6,0.4378795623779297
conv_layers.0,0,9,7,0.4423556327819824
conv_layers.0,0,9,8,0.24510540068149567
conv_layers.0,0,9,10,0.2598746716976166
conv_layers.0,0,9,11,0.2673640549182892
conv_layers.0,0,9,12,0.05135274678468704
conv_layers.0,0,9,13,0.0919395238161087
conv_layers.0,0,9,14,0.2286994308233261
conv_layers.0,0,9,15,0.2927086353302002
conv_layers.0,0,9,16,0.2608779966831207
conv_layers.0,0,9,17,0.25955483317375183
conv_layers.0,0,9,18,0.17364376783370972
conv_layers.0,0,9,19,0.6027985215187073
conv_layers.0,0,9,20,0.028970951214432716
conv_layers.0,0,9,21,0.43246251344680786
conv_layers.0,0,9,22,0.2084210366010666
conv_layers.0,0,9,23,0.2835657000541687
conv_layers.0,0,9,24,0.04633885994553566
conv_layers.0,0,9,25,0.20144818723201752
conv_layers.0,0,9,26,0.29368603229522705
conv_layers.0,0,9,27,0.08618666231632233
conv_layers.0,0,9,28,0.0012097526341676712
conv_layers.0,0,9,29,0.04368816688656807
conv_layers.0,0,9,30,0.24667201936244965
conv_layers.0,0,9,31,0.05897398293018341
conv_layers.0,0,9,32,0.07605899125337601
conv_layers.0,0,9,33,0.18874508142471313
conv_layers.0,0,9,34,0.03452610224485397
conv_layers.0,0,9,35,0.2242717295885086
conv_layers.0,0,9,36,0.24584919214248657
conv_layers.0,0,9,37,0.07432693243026733
conv_layers.0,0,9,38,0.15338264405727386
conv_layers.0,0,9,39,0.3490222692489624
conv_layers.0,0,9,40,0.5456883907318115
conv_layers.0,0,9,41,0.09143687784671783
conv_layers.0,0,9,42,0.3713444769382477
conv_layers.0,0,10,0,0.6498592495918274
conv_layers.0,0,10,1,0.23478245735168457
conv_layers.0,0,10,2,0.2352631390094757
conv_layers.0,0,10,3,0.3868088722229004
conv_layers.0,0,10,4,0.6048200130462646
conv_layers.0,0,10,5,0.35440540313720703
conv_layers.0,0,10,6,0.09248717874288559
conv_layers.0,0,10,7,0.2946776747703552
conv_layers.0,0,10,8,0.07453534752130508
conv_layers.0,0,10,9,0.2598746716976166
conv_layers.0,0,10,11,0.49814364314079285
conv_layers.0,0,10,12,0.11187567561864853
conv_layers.0,0,10,13,0.15266086161136627
conv_layers.0,0,10,14,0.6246027946472168
conv_layers.0,0,10,15,0.2643653452396393
conv_layers.0,0,10,16,0.40442439913749695
conv_layers.0,0,10,17,0.48484718799591064
conv_layers.0,0,10,18,0.7827096581459045
conv_layers.0,0,10,19,0.15027642250061035
conv_layers.0,0,10,20,0.3640245497226715
conv_layers.0,0,10,21,0.08705677092075348
conv_layers.0,0,10,22,0.6079404354095459
conv_layers.0,0,10,23,0.17442964017391205
conv_layers.0,0,10,24,0.10512546449899673
conv_layers.0,0,10,25,0.510258138179779
conv_layers.0,0,10,26,0.31092220544815063
conv_layers.0,0,10,27,0.06988562643527985
conv_layers.0,0,10,28,0.6165338158607483
conv_layers.0,0,10,29,0.3350103199481964
conv_layers.0,0,10,30,0.7124005556106567
conv_layers.0,0,10,31,0.8261658549308777
conv_layers.0,0,10,32,0.1961028128862381
conv_layers.0,0,10,33,0.2889765799045563
conv_layers.0,0,10,34,0.025100309401750565
conv_layers.0,0,10,35,0.2508539855480194
conv_layers.0,0,10,36,0.15427768230438232
conv_layers.0,0,10,37,0.4813656210899353
conv_layers.0,0,10,38,0.04414640739560127
conv_layers.0,0,10,39,0.27552419900894165
conv_layers.0,0,10,40,0.0811442956328392
conv_layers.0,0,10,41,0.23129957914352417
conv_layers.0,0,10,42,0.7895854711532593
conv_layers.0,0,11,0,0.6519232988357544
conv_layers.0,0,11,1,0.3458138704299927
conv_layers.0,0,11,2,0.030328890308737755
conv_layers.0,0,11,3,0.6598769426345825
conv_layers.0,0,11,4,0.3162430226802826
conv_layers.0,0,11,5,0.2713327705860138
conv_layers.0,0,11,6,0.44369930028915405
conv_layers.0,0,11,7,0.7592006921768188
conv_layers.0,0,11,8,0.41335535049438477
conv_layers.0,0,11,9,0.2673640549182892
conv_layers.0,0,11,10,0.49814364314079285
conv_layers.0,0,11,12,0.5277458429336548
conv_layers.0,0,11,13,0.3156125843524933
conv_layers.0,0,11,14,0.6734188199043274
conv_layers.0,0,11,15,0.42505037784576416
conv_layers.0,0,11,16,0.48148009181022644
conv_layers.0,0,11,17,0.5300922393798828
conv_layers.0,0,11,18,0.5677115321159363
conv_layers.0,0,11,19,0.38570165634155273
conv_layers.0,0,11,20,0.08535538613796234
conv_layers.0,0,11,21,0.15896785259246826
conv_layers.0,0,11,22,0.5255729556083679
conv_layers.0,0,11,23,0.37657639384269714
conv_layers.0,0,11,24,0.5159251093864441
conv_layers.0,0,11,25,0.2938641607761383
conv_layers.0,0,11,26,0.4830724596977234
conv_layers.0,0,11,27,0.4161665141582489
conv_layers.0,0,11,28,0.23069000244140625
conv_layers.0,0,11,29,0.7334731221199036
conv_layers.0,0,11,30,0.7761911749839783
conv_layers.0,0,11,31,0.45926812291145325
conv_layers.0,0,11,32,0.4365394413471222
conv_layers.0,0,11,33,0.39878880977630615
conv_layers.0,0,11,34,0.6050427556037903
conv_layers.0,0,11,35,0.0014148261398077011
conv_layers.0,0,11,36,0.19335146248340607
conv_layers.0,0,11,37,0.5645047426223755
conv_layers.0,0,11,38,0.26463553309440613
conv_layers.0,0,11,39,0.6525671482086182
conv_layers.0,0,11,40,0.23154467344284058
conv_layers.0,0,11,41,0.03715701773762703
conv_layers.0,0,11,42,0.5182811617851257
conv_layers.0,0,12,0,0.34642624855041504
conv_layers.0,0,12,1,0.16708806157112122
conv_layers.0,0,12,2,0.22513824701309204
conv_layers.0,0,12,3,0.4634324014186859
conv_layers.0,0,12,4,0.266519159078598
conv_layers.0,0,12,5,0.04719804599881172
conv_layers.0,0,12,6,0.11278335750102997
conv_layers.0,0,12,7,0.5325521230697632
conv_layers.0,0,12,8,0.4341067373752594
conv_layers.0,0,12,9,0.05135274678468704
conv_layers.0,0,12,10,0.11187567561864853
conv_layers.0,0,12,11,0.5277458429336548
conv_layers.0,0,12,13,0.32946300506591797
conv_layers.0,0,12,14,0.3685682415962219
conv_layers.0,0,12,15,0.32632705569267273
conv_layers.0,0,12,16,0.029985791072249413
conv_layers.0,0,12,17,0.11052568256855011
conv_layers.0,0,12,18,0.33545801043510437
conv_layers.0,0,12,19,0.2803615927696228
conv_layers.0,0,12,20,0.3087957501411438
conv_layers.0,0,12,21,0.021013177931308746
conv_layers.0,0,12,22,0.09992672502994537
conv_layers.0,0,12,23,0.5476537346839905
conv_layers.0,0,12,24,0.3632987141609192
conv_layers.0,0,12,25,0.07902507483959198
conv_layers.0,0,12,26,0.4450088441371918
conv_layers.0,0,12,27,0.1373068392276764
conv_layers.0,0,12,28,0.15353699028491974
conv_layers.0,0,12,29,0.6557458639144897
conv_layers.0,0,12,30,0.27085092663764954
conv_layers.0,0,12,31,0.017447687685489655
conv_layers.0,0,12,32,0.573367714881897
conv_layers.0,0,12,33,0.4877416789531708
conv_layers.0,0,12,34,0.5042687654495239
conv_layers.0,0,12,35,0.10037180781364441
conv_layers.0,0,12,36,0.1913982778787613
conv_layers.0,0,12,37,0.14798974990844727
conv_layers.0,0,12,38,0.4950202703475952
conv_layers.0,0,12,39,0.6397527456283569
conv_layers.0,0,12,40,0.08929866552352905
conv_layers.0,0,12,41,0.22510720789432526
conv_layers.0,0,12,42,0.046606436371803284
conv_layers.0,0,13,0,0.45589515566825867
conv_layers.0,0,13,1,0.39052239060401917
conv_layers.0,0,13,2,0.1817019134759903
conv_layers.0,0,13,3,0.10423503816127777
conv_layers.0,0,13,4,0.1666136533021927
conv_layers.0,0,13,5,0.20400123298168182
conv_layers.0,0,13,6,0.12716145813465118
conv_layers.0,0,13,7,0.117169089615345
conv_layers.0,0,13,8,0.3719428777694702
conv_layers.0,0,13,9,0.0919395238161087
conv_layers.0,0,13,10,0.15266086161136627
conv_layers.0,0,13,11,0.3156125843524933
conv_layers.0,0,13,12,0.32946300506591797
conv_layers.0,0,13,14,0.3825927674770355
conv_layers.0,0,13,15,0.00880446657538414
conv_layers.0,0,13,16,0.3612110912799835
conv_layers.0,0,13,17,0.2031158059835434
conv_layers.0,0,13,18,0.23986046016216278
conv_layers.0,0,13,19,0.04876501113176346
conv_layers.0,0,13,20,0.10267991572618484
conv_layers.0,0,13,21,0.21488834917545319
conv_layers.0,0,13,22,0.29240724444389343
conv_layers.0,0,13,23,0.12670454382896423
conv_layers.0,0,13,24,0.21050876379013062
conv_layers.0,0,13,25,0.007149216718971729
conv_layers.0,0,13,26,0.10607991367578506
conv_layers.0,0,13,27,0.30846431851387024
conv_layers.0,0,13,28,0.03253644332289696
conv_layers.0,0,13,29,0.38702473044395447
conv_layers.0,0,13,30,0.2613111138343811
conv_layers.0,0,13,31,0.1989671140909195
conv_layers.0,0,13,32,0.02120961807668209
conv_layers.0,0,13,33,0.163270503282547
conv_layers.0,0,13,34,0.5394035577774048
conv_layers.0,0,13,35,0.08242212235927582
conv_layers.0,0,13,36,0.20221564173698425
conv_layers.0,0,13,37,0.27291932702064514
conv_layers.0,0,13,38,0.04175574705004692
conv_layers.0,0,13,39,0.25293394923210144
conv_layers.0,0,13,40,0.26943978667259216
conv_layers.0,0,13,41,0.08222898095846176
conv_layers.0,0,13,42,0.08346222341060638
conv_layers.0,0,14,0,0.8504030704498291
conv_layers.0,0,14,1,0.7203338742256165
conv_layers.0,0,14,2,0.2749379873275757
conv_layers.0,0,14,3,0.42427000403404236
conv_layers.0,0,14,4,0.46518051624298096
conv_layers.0,0,14,5,0.3336038589477539
conv_layers.0,0,14,6,0.11756754666566849
conv_layers.0,0,14,7,0.4032648503780365
conv_layers.0,0,14,8,0.19335664808750153
conv_layers.0,0,14,9,0.2286994308233261
conv_layers.0,0,14,10,0.6246027946472168
conv_layers.0,0,14,11,0.6734188199043274
conv_layers.0,0,14,12,0.3685682415962219
conv_layers.0,0,14,13,0.3825927674770355
conv_layers.0,0,14,15,0.03597579151391983
conv_layers.0,0,14,16,0.4339016079902649
conv_layers.0,0,14,17,0.4515818953514099
conv_layers.0,0,14,18,0.5983873605728149
conv_layers.0,0,14,19,0.11414045840501785
conv_layers.0,0,14,20,0.11146141588687897
conv_layers.0,0,14,21,0.43597668409347534
conv_layers.0,0,14,22,0.8637275695800781
conv_layers.0,0,14,23,0.1910572499036789
conv_layers.0,0,14,24,0.24272510409355164
conv_layers.0,0,14,25,0.29637640714645386
conv_layers.0,0,14,26,0.6344807147979736
conv_layers.0,0,14,27,0.29733628034591675
conv_layers.0,0,14,28,0.4318845868110657
conv_layers.0,0,14,29,0.5123097896575928
conv_layers.0,0,14,30,0.7498233318328857
conv_layers.0,0,14,31,0.8089911341667175
conv_layers.0,0,14,32,0.01867414265871048
conv_layers.0,0,14,33,0.05332178995013237
conv_layers.0,0,14,34,0.4370271563529968
conv_layers.0,0,14,35,0.11658243834972382
conv_layers.0,0,14,36,0.507551372051239
conv_layers.0,0,14,37,0.6205501556396484
conv_layers.0,0,14,38,0.054832518100738525
conv_layers.0,0,14,39,0.28257185220718384
conv_layers.0,0,14,40,0.13070715963840485
conv_layers.0,0,14,41,0.24778735637664795
conv_layers.0,0,14,42,0.45860978960990906
conv_layers.0,0,15,0,0.1170852929353714
conv_layers.0,0,15,1,0.16112521290779114
conv_layers.0,0,15,2,0.0783291608095169
conv_layers.0,0,15,3,0.30829566717147827
conv_layers.0,0,15,4,0.22375154495239258
conv_layers.0,0,15,5,0.08818808197975159
conv_layers.0,0,15,6,0.4757933020591736
conv_layers.0,0,15,7,0.45643430948257446
conv_layers.0,0,15,8,0.2101612687110901
conv_layers.0,0,15,9,0.2927086353302002
conv_layers.0,0,15,10,0.2643653452396393
conv_layers.0,0,15,11,0.42505037784576416
conv_layers.0,0,15,12,0.32632705569267273
conv_layers.0,0,15,13,0.00880446657538414
conv_layers.0,0,15,14,0.03597579151391983
conv_layers.0,0,15,16,0.13847655057907104
conv_layers.0,0,15,17,0.051351338624954224
conv_layers.0,0,15,18,0.4234228730201721
conv_layers.0,0,15,19,0.11721114069223404
conv_layers.0,0,15,20,0.09361311048269272
conv_layers.0,0,15,21,0.044179413467645645
conv_layers.0,0,15,22,0.060021985322237015
conv_layers.0,0,15,23,0.28405314683914185
conv_layers.0,0,15,24,0.16215917468070984
conv_layers.0,0,15,25,0.4907897412776947
conv_layers.0,0,15,26,0.10600078850984573
conv_layers.0,0,15,27,0.16416603326797485
conv_layers.0,0,15,28,0.18973806500434875
conv_layers.0,0,15,29,0.4687454104423523
conv_layers.0,0,15,30,0.24096012115478516
conv_layers.0,0,15,31,0.08117116987705231
conv_layers.0,0,15,32,0.5120682716369629
conv_layers.0,0,15,33,0.08851433545351028
conv_layers.0,0,15,34,0.22633951902389526
conv_layers.0,0,15,35,0.024908803403377533
conv_layers.0,0,15,36,0.2580278813838959
conv_layers.0,0,15,37,0.15941938757896423
conv_layers.0,0,15,38,0.4207119643688202
conv_layers.0,0,15,39,0.4763108491897583
conv_layers.0,0,15,40,0.23662693798542023
conv_layers.0,0,15,41,0.22181105613708496
conv_layers.0,0,15,42,0.2480950504541397
conv_layers.0,0,16,0,0.4531615674495697
conv_layers.0,0,16,1,0.24801018834114075
conv_layers.0,0,16,2,0.22055840492248535
conv_layers.0,0,16,3,0.3128257095813751
conv_layers.0,0,16,4,0.14339427649974823
conv_layers.0,0,16,5,0.0019486034289002419
conv_layers.0,0,16,6,0.3700098991394043
conv_layers.0,0,16,7,0.38535276055336
conv_layers.0,0,16,8,0.3139153718948364
conv_layers.0,0,16,9,0.2608779966831207
conv_layers.0,0,16,10,0.40442439913749695
conv_layers.0,0,16,11,0.48148009181022644
conv_layers.0,0,16,12,0.029985791072249413
conv_layers.0,0,16,13,0.3612110912799835
conv_layers.0,0,16,14,0.4339016079902649
conv_layers.0,0,16,15,0.13847655057907104
conv_layers.0,0,16,17,0.4405018091201782
conv_layers.0,0,16,18,0.2731284499168396
conv_layers.0,0,16,19,0.1275276243686676
conv_layers.0,0,16,20,0.04299621284008026
conv_layers.0,0,16,21,0.2719649076461792
conv_layers.0,0,16,22,0.4185718894004822
conv_layers.0,0,16,23,0.16981972754001617
conv_layers.0,0,16,24,0.18890032172203064
conv_layers.0,0,16,25,0.2373345047235489
conv_layers.0,0,16,26,0.24357661604881287
conv_layers.0,0,16,27,0.3695254921913147
conv_layers.0,0,16,28,0.18106552958488464
conv_layers.0,0,16,29,0.24290485680103302
conv_layers.0,0,16,30,0.46969446539878845
conv_layers.0,0,16,31,0.5280802249908447
conv_layers.0,0,16,32,0.039293546229600906
conv_layers.0,0,16,33,0.08111253380775452
conv_layers.0,0,16,34,0.29634344577789307
conv_layers.0,0,16,35,0.36035463213920593
conv_layers.0,0,16,36,0.3686828911304474
conv_layers.0,0,16,37,0.3334980010986328
conv_layers.0,0,16,38,0.12145209312438965
conv_layers.0,0,16,39,0.15888303518295288
conv_layers.0,0,16,40,0.42765912413597107
conv_layers.0,0,16,41,0.21724021434783936
conv_layers.0,0,16,42,0.3098538815975189
conv_layers.0,0,17,0,0.5354549288749695
conv_layers.0,0,17,1,0.2597145140171051
conv_layers.0,0,17,2,0.014970336109399796
conv_layers.0,0,17,3,0.6504509449005127
conv_layers.0,0,17,4,0.19786062836647034
conv_layers.0,0,17,5,0.37548381090164185
conv_layers.0,0,17,6,0.23147627711296082
conv_layers.0,0,17,7,0.6315209865570068
conv_layers.0,0,17,8,0.42201247811317444
conv_layers.0,0,17,9,0.25955483317375183
conv_layers.0,0,17,10,0.48484718799591064
conv_layers.0,0,17,11,0.5300922393798828
conv_layers.0,0,17,12,0.11052568256855011
conv_layers.0,0,17,13,0.2031158059835434
conv_layers.0,0,17,14,0.4515818953514099
conv_layers.0,0,17,15,0.051351338624954224
conv_layers.0,0,17,16,0.4405018091201782
conv_layers.0,0,17,18,0.39969536662101746
conv_layers.0,0,17,19,0.3878016173839569
conv_layers.0,0,17,20,0.15033560991287231
conv_layers.0,0,17,21,0.08252155780792236
conv_layers.0,0,17,22,0.37409594655036926
conv_layers.0,0,17,23,0.38003551959991455
conv_layers.0,0,17,24,0.3230859637260437
conv_layers.0,0,17,25,0.020781196653842926
conv_layers.0,0,17,26,0.5081422328948975
conv_layers.0,0,17,27,0.1100459098815918
conv_layers.0,0,17,28,0.17214375734329224
conv_layers.0,0,17,29,0.09603624045848846
conv_layers.0,0,17,30,0.6225940585136414
conv_layers.0,0,17,31,0.42952385544776917
conv_layers.0,0,17,32,0.06224893406033516
conv_layers.0,0,17,33,0.21057073771953583
conv_layers.0,0,17,34,0.30951377749443054
conv_layers.0,0,17,35,0.3967035412788391
conv_layers.0,0,17,36,0.2906418740749359
conv_layers.0,0,17,37,0.2451918125152588
conv_layers.0,0,17,38,0.2087361216545105
conv_layers.0,0,17,39,0.4655296206474304
conv_layers.0,0,17,40,0.15687957406044006
conv_layers.0,0,17,41,0.3148938715457916
conv_layers.0,0,17,42,0.5784057378768921
conv_layers.0,0,18,0,0.6675873398780823
conv_layers.0,0,18,1,0.06847657263278961
conv_layers.0,0,18,2,0.5853763222694397
conv_layers.0,0,18,3,0.46346136927604675
conv_layers.0,0,18,4,0.89556485414505
conv_layers.0,0,18,5,0.02687036618590355
conv_layers.0,0,18,6,0.12089395523071289
conv_layers.0,0,18,7,0.3265664279460907
conv_layers.0,0,18,8,0.04787478223443031
conv_layers.0,0,18,9,0.17364376783370972
conv_layers.0,0,18,10,0.7827096581459045
conv_layers.0,0,18,11,0.5677115321159363
conv_layers.0,0,18,12,0.33545801043510437
conv_layers.0,0,18,13,0.23986046016216278
conv_layers.0,0,18,14,0.5983873605728149
conv_layers.0,0,18,15,0.4234228730201721
conv_layers.0,0,18,16,0.2731284499168396
conv_layers.0,0,18,17,0.39969536662101746
conv_layers.0,0,18,19,0.027167409658432007
conv_layers.0,0,18,20,0.4539368748664856
conv_layers.0,0,18,21,0.12705683708190918
conv_layers.0,0,18,22,0.4558276832103729
conv_layers.0,0,18,23,0.28505438566207886
conv_layers.0,0,18,24,0.17442861199378967
conv_layers.0,0,18,25,0.4153774380683899
conv_layers.0,0,18,26,0.44294676184654236
conv_layers.0,0,18,27,0.09647434949874878
conv_layers.0,0,18,28,0.822893500328064
conv_layers.0,0,18,29,0.4512683153152466
conv_layers.0,0,18,30,0.744701623916626
conv_layers.0,0,18,31,0.6300278902053833
conv_layers.0,0,18,32,0.09070955961942673
conv_layers.0,0,18,33,0.21160873770713806
conv_layers.0,0,18,34,0.09264924377202988
conv_layers.0,0,18,35,0.12832796573638916
conv_layers.0,0,18,36,0.010856389999389648
conv_layers.0,0,18,37,0.6817055940628052
conv_layers.0,0,18,38,0.28114375472068787
conv_layers.0,0,18,39,0.3745720088481903
conv_layers.0,0,18,40,0.04788615554571152
conv_layers.0,0,18,41,0.20327791571617126
conv_layers.0,0,18,42,0.7165816426277161
conv_layers.0,0,19,0,0.1604817658662796
conv_layers.0,0,19,1,0.3077404499053955
conv_layers.0,0,19,2,0.25822681188583374
conv_layers.0,0,19,3,0.36650145053863525
conv_layers.0,0,19,4,0.267578661441803
conv_layers.0,0,19,5,0.47061073780059814
conv_layers.0,0,19,6,0.13275328278541565
conv_layers.0,0,19,7,0.587303876876831
conv_layers.0,0,19,8,0.4801129102706909
conv_layers.0,0,19,9,0.6027985215187073
conv_layers.0,0,19,10,0.15027642250061035
conv_layers.0,0,19,11,0.38570165634155273
conv_layers.0,0,19,12,0.2803615927696228
conv_layers.0,0,19,13,0.04876501113176346
conv_layers.0,0,19,14,0.11414045840501785
conv_layers.0,0,19,15,0.11721114069223404
conv_layers.0,0,19,16,0.1275276243686676
conv_layers.0,0,19,17,0.3878016173839569
conv_layers.0,0,19,18,0.027167409658432007
conv_layers.0,0,19,20,0.24125729501247406
conv_layers.0,0,19,21,0.016795285046100616
conv_layers.0,0,19,22,0.05671417713165283
conv_layers.0,0,19,23,0.6749195456504822
conv_layers.0,0,19,24,0.290850430727005
conv_layers.0,0,19,25,0.01187724806368351
conv_layers.0,0,19,26,0.06921699643135071
conv_layers.0,0,19,27,0.2544611096382141
conv_layers.0,0,19,28,0.3072293996810913
conv_layers.0,0,19,29,0.24618537724018097
conv_layers.0,0,19,30,0.4119262397289276
conv_layers.0,0,19,31,0.03256382793188095
conv_layers.0,0,19,32,0.16318753361701965
conv_layers.0,0,19,33,0.3743214011192322
conv_layers.0,0,19,34,0.34594038128852844
conv_layers.0,0,19,35,0.42121878266334534
conv_layers.0,0,19,36,0.15113259851932526
conv_layers.0,0,19,37,0.14064675569534302
conv_layers.0,0,19,38,0.05152305215597153
conv_layers.0,0,19,39,0.4767761528491974
conv_layers.0,0,19,40,0.19149936735630035
conv_layers.0,0,19,41,0.4447041153907776
conv_layers.0,0,19,42,0.11667275428771973
conv_layers.0,0,20,0,0.12179119139909744
conv_layers.0,0,20,1,0.20190051198005676
conv_layers.0,0,20,2,0.2871689200401306
conv_layers.0,0,20,3,0.014641226269304752
conv_layers.0,0,20,4,0.5326705574989319
conv_layers.0,0,20,5,0.21732421219348907
conv_layers.0,0,20,6,0.17892703413963318
conv_layers.0,0,20,7,0.2673812806606293
conv_layers.0,0,20,8,0.48729783296585083
conv_layers.0,0,20,9,0.028970951214432716
conv_layers.0,0,20,10,0.3640245497226715
conv_layers.0,0,20,11,0.08535538613796234
conv_layers.0,0,20,12,0.3087957501411438
conv_layers.0,0,20,13,0.10267991572618484
conv_layers.0,0,20,14,0.11146141588687897
conv_layers.0,0,20,15,0.09361311048269272
conv_layers.0,0,20,16,0.04299621284008026
conv_layers.0,0,20,17,0.15033560991287231
conv_layers.0,0,20,18,0.4539368748664856
conv_layers.0,0,20,19,0.24125729501247406
conv_layers.0,0,20,21,0.04546191543340683
conv_layers.0,0,20,22,0.09750347584486008
conv_layers.0,0,20,23,0.13875432312488556
conv_layers.0,0,20,24,0.23142999410629272
conv_layers.0,0,20,25,0.00755816325545311
conv_layers.0,0,20,26,0.0056295134127140045
conv_layers.0,0,20,27,0.16606475412845612
conv_layers.0,0,20,28,0.5105674862861633
conv_layers.0,0,20,29,0.3436134457588196
conv_layers.0,0,20,30,0.2075149416923523
conv_layers.0,0,20,31,0.3321101665496826
conv_layers.0,0,20,32,0.6020623445510864
conv_layers.0,0,20,33,0.4892907440662384
conv_layers.0,0,20,34,0.5099673271179199
conv_layers.0,0,20,35,0.2787294089794159
conv_layers.0,0,20,36,0.040081605315208435
conv_layers.0,0,20,37,0.2369985282421112
conv_layers.0,0,20,38,0.13131999969482422
conv_layers.0,0,20,39,0.006993014365434647
conv_layers.0,0,20,40,0.009040746837854385
conv_layers.0,0,20,41,0.1053929477930069
conv_layers.0,0,20,42,0.40713778138160706
conv_layers.0,0,21,0,0.4100242257118225
conv_layers.0,0,21,1,0.5035544037818909
conv_layers.0,0,21,2,0.3618725538253784
conv_layers.0,0,21,3,0.0010387860238552094
conv_layers.0,0,21,4,0.20198075473308563
conv_layers.0,0,21,5,0.48667991161346436
conv_layers.0,0,21,6,0.36186617612838745
conv_layers.0,0,21,7,0.0016222074627876282
conv_layers.0,0,21,8,0.28008273243904114
conv_layers.0,0,21,9,0.43246251344680786
conv_layers.0,0,21,10,0.08705677092075348
conv_layers.0,0,21,11,0.15896785259246826
conv_layers.0,0,21,12,0.021013177931308746
conv_layers.0,0,21,13,0.21488834917545319
conv_layers.0,0,21,14,0.43597668409347534
conv_layers.0,0,21,15,0.044179413467645645
conv_layers.0,0,21,16,0.2719649076461792
conv_layers.0,0,21,17,0.08252155780792236
conv_layers.0,0,21,18,0.12705683708190918
conv_layers.0,0,21,19,0.016795285046100616
conv_layers.0,0,21,20,0.04546191543340683
conv_layers.0,0,21,22,0.4819016456604004
conv_layers.0,0,21,23,0.27878081798553467
conv_layers.0,0,21,24,0.1461659073829651
conv_layers.0,0,21,25,0.23305118083953857
conv_layers.0,0,21,26,0.4204327166080475
conv_layers.0,0,21,27,0.050300657749176025
conv_layers.0,0,21,28,0.04343021661043167
conv_layers.0,0,21,29,0.15512609481811523
conv_layers.0,0,21,30,0.22767584025859833
conv_layers.0,0,21,31,0.25252416729927063
conv_layers.0,0,21,32,0.003268878674134612
conv_layers.0,0,21,33,0.22310534119606018
conv_layers.0,0,21,34,0.04919702559709549
conv_layers.0,0,21,35,0.1824779361486435
conv_layers.0,0,21,36,0.35096532106399536
conv_layers.0,0,21,37,0.3146771490573883
conv_layers.0,0,21,38,0.10559093952178955
conv_layers.0,0,21,39,0.08359414339065552
conv_layers.0,0,21,40,0.6332731246948242
conv_layers.0,0,21,41,0.2545737028121948
conv_layers.0,0,21,42,0.10131581127643585
conv_layers.0,0,22,0,0.8272950053215027
conv_layers.0,0,22,1,0.7285765409469604
conv_layers.0,0,22,2,0.21624118089675903
conv_layers.0,0,22,3,0.1558530032634735
conv_layers.0,0,22,4,0.33040326833724976
conv_layers.0,0,22,5,0.3914520740509033
conv_layers.0,0,22,6,0.0540553480386734
conv_layers.0,0,22,7,0.22926576435565948
conv_layers.0,0,22,8,0.0372588112950325
conv_layers.0,0,22,9,0.2084210366010666
conv_layers.0,0,22,10,0.6079404354095459
conv_layers.0,0,22,11,0.5255729556083679
conv_layers.0,0,22,12,0.09992672502994537
conv_layers.0,0,22,13,0.29240724444389343
conv_layers.0,0,22,14,0.8637275695800781
conv_layers.0,0,22,15,0.060021985322237015
conv_layers.0,0,22,16,0.4185718894004822
conv_layers.0,0,22,17,0.37409594655036926
conv_layers.0,0,22,18,0.4558276832103729
conv_layers.0,0,22,19,0.05671417713165283
conv_layers.0,0,22,20,0.09750347584486008
conv_layers.0,0,22,21,0.4819016456604004
conv_layers.0,0,22,23,0.00516169099137187
conv_layers.0,0,22,24,0.1764560043811798
conv_layers.0,0,22,25,0.5236595273017883
conv_layers.0,0,22,26,0.4752487540245056
conv_layers.0,0,22,27,0.30161991715431213
conv_layers.0,0,22,28,0.3192482888698578
conv_layers.0,0,22,29,0.39954641461372375
conv_layers.0,0,22,30,0.7020824551582336
conv_layers.0,0,22,31,0.7673003077507019
conv_layers.0,0,22,32,0.13066983222961426
conv_layers.0,0,22,33,0.15844005346298218
conv_layers.0,0,22,34,0.39217618107795715
conv_layers.0,0,22,35,0.11185527592897415
conv_layers.0,0,22,36,0.6418825387954712
conv_layers.0,0,22,37,0.6423361301422119
conv_layers.0,0,22,38,0.2716241478919983
conv_layers.0,0,22,39,0.07735615223646164
conv_layers.0,0,22,40,0.15285466611385345
conv_layers.0,0,22,41,0.3444482684135437
conv_layers.0,0,22,42,0.35961899161338806
conv_layers.0,0,23,0,0.25068631768226624
conv_layers.0,0,23,1,0.10700687021017075
conv_layers.0,0,23,2,0.19085808098316193
conv_layers.0,0,23,3,0.5943524837493896
conv_layers.0,0,23,4,0.14030584692955017
conv_layers.0,0,23,5,0.4095649719238281
conv_layers.0,0,23,6,0.004447992891073227
conv_layers.0,0,23,7,0.61214280128479
conv_layers.0,0,23,8,0.32724377512931824
conv_layers.0,0,23,9,0.2835657000541687
conv_layers.0,0,23,10,0.17442964017391205
conv_layers.0,0,23,11,0.37657639384269714
conv_layers.0,0,23,12,0.5476537346839905
conv_layers.0,0,23,13,0.12670454382896423
conv_layers.0,0,23,14,0.1910572499036789
conv_layers.0,0,23,15,0.28405314683914185
conv_layers.0,0,23,16,0.16981972754001617
conv_layers.0,0,23,17,0.38003551959991455
conv_layers.0,0,23,18,0.28505438566207886
conv_layers.0,0,23,19,0.6749195456504822
conv_layers.0,0,23,20,0.13875432312488556
conv_layers.0,0,23,21,0.27878081798553467
conv_layers.0,0,23,22,0.00516169099137187
conv_layers.0,0,23,24,0.3866998553276062
conv_layers.0,0,23,25,0.09297718107700348
conv_layers.0,0,23,26,0.3610520362854004
conv_layers.0,0,23,27,0.41470736265182495
conv_layers.0,0,23,28,0.04405953735113144
conv_layers.0,0,23,29,0.3080402612686157
conv_layers.0,0,23,30,0.3808877468109131
conv_layers.0,0,23,31,0.013387762010097504
conv_layers.0,0,23,32,0.3085790276527405
conv_layers.0,0,23,33,0.36452341079711914
conv_layers.0,0,23,34,0.15992076694965363
conv_layers.0,0,23,35,0.12536382675170898
conv_layers.0,0,23,36,0.18451102077960968
conv_layers.0,0,23,37,0.04790392890572548
conv_layers.0,0,23,38,0.4930846095085144
conv_layers.0,0,23,39,0.570040762424469
conv_layers.0,0,23,40,0.03836861997842789
conv_layers.0,0,23,41,0.12071496993303299
conv_layers.0,0,23,42,0.29776155948638916
conv_layers.0,0,24,0,0.31651541590690613
conv_layers.0,0,24,1,0.20260345935821533
conv_layers.0,0,24,2,0.1829172521829605
conv_layers.0,0,24,3,0.38587698340415955
conv_layers.0,0,24,4,0.06852103024721146
conv_layers.0,0,24,5,0.08180415630340576
conv_layers.0,0,24,6,0.5159700512886047
conv_layers.0,0,24,7,0.4511772394180298
conv_layers.0,0,24,8,0.17986705899238586
conv_layers.0,0,24,9,0.04633885994553566
conv_layers.0,0,24,10,0.10512546449899673
conv_layers.0,0,24,11,0.5159251093864441
conv_layers.0,0,24,12,0.3632987141609192
conv_layers.0,0,24,13,0.21050876379013062
conv_layers.0,0,24,14,0.24272510409355164
conv_layers.0,0,24,15,0.16215917468070984
conv_layers.0,0,24,16,0.18890032172203064
conv_layers.0,0,24,17,0.3230859637260437
conv_layers.0,0,24,18,0.17442861199378967
conv_layers.0,0,24,19,0.290850430727005
conv_layers.0,0,24,20,0.23142999410629272
conv_layers.0,0,24,21,0.1461659073829651
conv_layers.0,0,24,22,0.1764560043811798
conv_layers.0,0,24,23,0.3866998553276062
conv_layers.0,0,24,25,0.015177108347415924
conv_layers.0,0,24,26,0.3089736998081207
conv_layers.0,0,24,27,0.20009605586528778
conv_layers.0,0,24,28,0.09208789467811584
conv_layers.0,0,24,29,0.47790271043777466
conv_layers.0,0,24,30,0.4592759311199188
conv_layers.0,0,24,31,0.053763553500175476
conv_layers.0,0,24,32,0.3472849428653717
conv_layers.0,0,24,33,0.5743046998977661
conv_layers.0,0,24,34,0.6088089346885681
conv_layers.0,0,24,35,0.07561749964952469
conv_layers.0,0,24,36,0.17964589595794678
conv_layers.0,0,24,37,0.4356042742729187
conv_layers.0,0,24,38,0.2465493381023407
conv_layers.0,0,24,39,0.2704881727695465
conv_layers.0,0,24,40,0.12729689478874207
conv_layers.0,0,24,41,0.1848645955324173
conv_layers.0,0,24,42,0.012841008603572845
conv_layers.0,0,25,0,0.3558320701122284
conv_layers.0,0,25,1,0.1926882565021515
conv_layers.0,0,25,2,0.05924622714519501
conv_layers.0,0,25,3,0.07424318790435791
conv_layers.0,0,25,4,0.27090737223625183
conv_layers.0,0,25,5,0.2221859246492386
conv_layers.0,0,25,6,0.30611658096313477
conv_layers.0,0,25,7,0.11941633373498917
conv_layers.0,0,25,8,0.17495444416999817
conv_layers.0,0,25,9,0.20144818723201752
conv_layers.0,0,25,10,0.510258138179779
conv_layers.0,0,25,11,0.2938641607761383
conv_layers.0,0,25,12,0.07902507483959198
conv_layers.0,0,25,13,0.007149216718971729
conv_layers.0,0,25,14,0.29637640714645386
conv_layers.0,0,25,15,0.4907897412776947
conv_layers.0,0,25,16,0.2373345047235489
conv_layers.0,0,25,17,0.020781196653842926
conv_layers.0,0,25,18,0.4153774380683899
conv_layers.0,0,25,19,0.01187724806368351
conv_layers.0,0,25,20,0.00755816325545311
conv_layers.0,0,25,21,0.23305118083953857
conv_layers.0,0,25,22,0.5236595273017883
conv_layers.0,0,25,23,0.09297718107700348
conv_layers.0,0,25,24,0.015177108347415924
conv_layers.0,0,25,26,0.06490742415189743
conv_layers.0,0,25,27,0.3357619643211365
conv_layers.0,0,25,28,0.2652760446071625
conv_layers.0,0,25,29,0.3579748868942261
conv_layers.0,0,25,30,0.4056432843208313
conv_layers.0,0,25,31,0.41509485244750977
conv_layers.0,0,25,32,0.051247738301754
conv_layers.0,0,25,33,0.2808164954185486
conv_layers.0,0,25,34,0.16822080314159393
conv_layers.0,0,25,35,0.007345248945057392
conv_layers.0,0,25,36,0.20907026529312134
conv_layers.0,0,25,37,0.4630601406097412
conv_layers.0,0,25,38,0.18609045445919037
conv_layers.0,0,25,39,0.026545269414782524
conv_layers.0,0,25,40,0.07920321822166443
conv_layers.0,0,25,41,0.06693512201309204
conv_layers.0,0,25,42,0.2875920236110687
conv_layers.0,0,26,0,0.5983749628067017
conv_layers.0,0,26,1,0.2893807590007782
conv_layers.0,0,26,2,0.30132752656936646
conv_layers.0,0,26,3,0.6193765997886658
conv_layers.0,0,26,4,0.43074971437454224
conv_layers.0,0,26,5,0.2078305184841156
conv_layers.0,0,26,6,0.05766972154378891
conv_layers.0,0,26,7,0.49124500155448914
conv_layers.0,0,26,8,0.2901066243648529
conv_layers.0,0,26,9,0.29368603229522705
conv_layers.0,0,26,10,0.31092220544815063
conv_layers.0,0,26,11,0.4830724596977234
conv_layers.0,0,26,12,0.4450088441371918
conv_layers.0,0,26,13,0.10607991367578506
conv_layers.0,0,26,14,0.6344807147979736
conv_layers.0,0,26,15,0.10600078850984573
conv_layers.0,0,26,16,0.24357661604881287
conv_layers.0,0,26,17,0.5081422328948975
conv_layers.0,0,26,18,0.44294676184654236
conv_layers.0,0,26,19,0.06921699643135071
conv_layers.0,0,26,20,0.0056295134127140045
conv_layers.0,0,26,21,0.4204327166080475
conv_layers.0,0,26,22,0.4752487540245056
conv_layers.0,0,26,23,0.3610520362854004
conv_layers.0,0,26,24,0.3089736998081207
conv_layers.0,0,26,25,0.06490742415189743
conv_layers.0,0,26,27,0.02857586368918419
conv_layers.0,0,26,28,0.4206691086292267
conv_layers.0,0,26,29,0.29287922382354736
conv_layers.0,0,26,30,0.4405566453933716
conv_layers.0,0,26,31,0.3960072994232178
conv_layers.0,0,26,32,0.207250714302063
conv_layers.0,0,26,33,0.20517341792583466
conv_layers.0,0,26,34,0.27638107538223267
conv_layers.0,0,26,35,0.016820020973682404
conv_layers.0,0,26,36,0.10979359596967697
conv_layers.0,0,26,37,0.3050541877746582
conv_layers.0,0,26,38,0.4064875543117523
conv_layers.0,0,26,39,0.4125262200832367
conv_layers.0,0,26,40,0.13035552203655243
conv_layers.0,0,26,41,0.07487980276346207
conv_layers.0,0,26,42,0.40528541803359985
conv_layers.0,0,27,0,0.22679421305656433
conv_layers.0,0,27,1,0.08210022747516632
conv_layers.0,0,27,2,0.1053214967250824
conv_layers.0,0,27,3,0.15144270658493042
conv_layers.0,0,27,4,0.027922237291932106
conv_layers.0,0,27,5,0.08916551619768143
conv_layers.0,0,27,6,0.3564213514328003
conv_layers.0,0,27,7,0.07176798582077026
conv_layers.0,0,27,8,0.016308417543768883
conv_layers.0,0,27,9,0.08618666231632233
conv_layers.0,0,27,10,0.06988562643527985
conv_layers.0,0,27,11,0.4161665141582489
conv_layers.0,0,27,12,0.1373068392276764
conv_layers.0,0,27,13,0.30846431851387024
conv_layers.0,0,27,14,0.29733628034591675
conv_layers.0,0,27,15,0.16416603326797485
conv_layers.0,0,27,16,0.3695254921913147
conv_layers.0,0,27,17,0.1100459098815918
conv_layers.0,0,27,18,0.09647434949874878
conv_layers.0,0,27,19,0.2544611096382141
conv_layers.0,0,27,20,0.16606475412845612
conv_layers.0,0,27,21,0.050300657749176025
conv_layers.0,0,27,22,0.30161991715431213
conv_layers.0,0,27,23,0.41470736265182495
conv_layers.0,0,27,24,0.20009605586528778
conv_layers.0,0,27,25,0.3357619643211365
conv_layers.0,0,27,26,0.02857586368918419
conv_layers.0,0,27,28,0.07639683783054352
conv_layers.0,0,27,29,0.5761323571205139
conv_layers.0,0,27,30,0.138962984085083
conv_layers.0,0,27,31,0.1582372933626175
conv_layers.0,0,27,32,0.35944807529449463
conv_layers.0,0,27,33,0.06809964776039124
conv_layers.0,0,27,34,0.4104326069355011
conv_layers.0,0,27,35,0.28908994793891907
conv_layers.0,0,27,36,0.20195302367210388
conv_layers.0,0,27,37,0.3252641260623932
conv_layers.0,0,27,38,0.15275338292121887
conv_layers.0,0,27,39,0.05285152420401573
conv_layers.0,0,27,40,0.1157904863357544
conv_layers.0,0,27,41,0.36292174458503723
conv_layers.0,0,27,42,0.16875366866588593
conv_layers.0,0,28,0,0.39803287386894226
conv_layers.0,0,28,1,0.11590944975614548
conv_layers.0,0,28,2,0.5139866471290588
conv_layers.0,0,28,3,0.3573310375213623
conv_layers.0,0,28,4,0.8803163170814514
conv_layers.0,0,28,5,0.23546625673770905
conv_layers.0,0,28,6,0.03474894538521767
conv_layers.0,0,28,7,0.026852181181311607
conv_layers.0,0,28,8,0.23483510315418243
conv_layers.0,0,28,9,0.0012097526341676712
conv_layers.0,0,28,10,0.6165338158607483
conv_layers.0,0,28,11,0.23069000244140625
conv_layers.0,0,28,12,0.15353699028491974
conv_layers.0,0,28,13,0.03253644332289696
conv_layers.0,0,28,14,0.4318845868110657
conv_layers.0,0,28,15,0.18973806500434875
conv_layers.0,0,28,16,0.18106552958488464
conv_layers.0,0,28,17,0.17214375734329224
conv_layers.0,0,28,18,0.822893500328064
conv_layers.0,0,28,19,0.3072293996810913
conv_layers.0,0,28,20,0.5105674862861633
conv_layers.0,0,28,21,0.04343021661043167
conv_layers.0,0,28,22,0.3192482888698578
conv_layers.0,0,28,23,0.04405953735113144
conv_layers.0,0,28,24,0.09208789467811584
conv_layers.0,0,28,25,0.2652760446071625
conv_layers.0,0,28,26,0.4206691086292267
conv_layers.0,0,28,27,0.07639683783054352
conv_layers.0,0,28,29,0.08897228538990021
conv_layers.0,0,28,30,0.460180401802063
conv_layers.0,0,28,31,0.5701024532318115
conv_layers.0,0,28,32,0.26301926374435425
conv_layers.0,0,28,33,0.32378652691841125
conv_layers.0,0,28,34,0.21022266149520874
conv_layers.0,0,28,35,0.17048683762550354
conv_layers.0,0,28,36,0.15106408298015594
conv_layers.0,0,28,37,0.547565221786499
conv_layers.0,0,28,38,0.20082886517047882
conv_layers.0,0,28,39,0.052782975137233734
conv_layers.0,0,28,40,0.025707950815558434
conv_layers.0,0,28,41,0.18650884926319122
conv_layers.0,0,28,42,0.6893593668937683
conv_layers.0,0,29,0,0.5645671486854553
conv_layers.0,0,29,1,0.29753464460372925
conv_layers.0,0,29,2,0.23323386907577515
conv_layers.0,0,29,3,0.3033630847930908
conv_layers.0,0,29,4,0.27502867579460144
conv_layers.0,0,29,5,0.25560134649276733
conv_layers.0,0,29,6,0.2935211956501007
conv_layers.0,0,29,7,0.46882033348083496
conv_layers.0,0,29,8,0.25753045082092285
conv_layers.0,0,29,9,0.04368816688656807
conv_layers.0,0,29,10,0.3350103199481964
conv_layers.0,0,29,11,0.7334731221199036
conv_layers.0,0,29,12,0.6557458639144897
conv_layers.0,0,29,13,0.38702473044395447
conv_layers.0,0,29,14,0.5123097896575928
conv_layers.0,0,29,15,0.4687454104423523
conv_layers.0,0,29,16,0.24290485680103302
conv_layers.0,0,29,17,0.09603624045848846
conv_layers.0,0,29,18,0.4512683153152466
conv_layers.0,0,29,19,0.24618537724018097
conv_layers.0,0,29,20,0.3436134457588196
conv_layers.0,0,29,21,0.15512609481811523
conv_layers.0,0,29,22,0.39954641461372375
conv_layers.0,0,29,23,0.3080402612686157
conv_layers.0,0,29,24,0.47790271043777466
conv_layers.0,0,29,25,0.3579748868942261
conv_layers.0,0,29,26,0.29287922382354736
conv_layers.0,0,29,27,0.5761323571205139
conv_layers.0,0,29,28,0.08897228538990021
conv_layers.0,0,29,30,0.5549760460853577
conv_layers.0,0,29,31,0.28202253580093384
conv_layers.0,0,29,32,0.5808674097061157
conv_layers.0,0,29,33,0.30173346400260925
conv_layers.0,0,29,34,0.6468040347099304
conv_layers.0,0,29,35,0.12434133142232895
conv_layers.0,0,29,36,0.0891236662864685
conv_layers.0,0,29,37,0.4969440996646881
conv_layers.0,0,29,38,0.17692004144191742
conv_layers.0,0,29,39,0.4521631598472595
conv_layers.0,0,29,40,0.06125927343964577
conv_layers.0,0,29,41,0.2743280529975891
conv_layers.0,0,29,42,0.08068273961544037
conv_layers.0,0,30,0,0.8071209192276001
conv_layers.0,0,30,1,0.43371593952178955
conv_layers.0,0,30,2,0.26341962814331055
conv_layers.0,0,30,3,0.5524605512619019
conv_layers.0,0,30,4,0.5187952518463135
conv_layers.0,0,30,5,0.364359974861145
conv_layers.0,0,30,6,0.25423452258110046
conv_layers.0,0,30,7,0.5637874007225037
conv_layers.0,0,30,8,0.18274147808551788
conv_layers.0,0,30,9,0.24667201936244965
conv_layers.0,0,30,10,0.7124005556106567
conv_layers.0,0,30,11,0.7761911749839783
conv_layers.0,0,30,12,0.27085092663764954
conv_layers.0,0,30,13,0.2613111138343811
conv_layers.0,0,30,14,0.7498233318328857
conv_layers.0,0,30,15,0.24096012115478516
conv_layers.0,0,30,16,0.46969446539878845
conv_layers.0,0,30,17,0.6225940585136414
conv_layers.0,0,30,18,0.744701623916626
conv_layers.0,0,30,19,0.4119262397289276
conv_layers.0,0,30,20,0.2075149416923523
conv_layers.0,0,30,21,0.22767584025859833
conv_layers.0,0,30,22,0.7020824551582336
conv_layers.0,0,30,23,0.3808877468109131
conv_layers.0,0,30,24,0.4592759311199188
conv_layers.0,0,30,25,0.4056432843208313
conv_layers.0,0,30,26,0.4405566453933716
conv_layers.0,0,30,27,0.138962984085083
conv_layers.0,0,30,28,0.460180401802063
conv_layers.0,0,30,29,0.5549760460853577
conv_layers.0,0,30,31,0.7053931951522827
conv_layers.0,0,30,32,0.01553704310208559
conv_layers.0,0,30,33,0.06902766227722168
conv_layers.0,0,30,34,0.4251362383365631
conv_layers.0,0,30,35,0.1475328505039215
conv_layers.0,0,30,36,0.34807288646698
conv_layers.0,0,30,37,0.7016525268554688
conv_layers.0,0,30,38,0.10018362104892731
conv_layers.0,0,30,39,0.4132205843925476
conv_layers.0,0,30,40,0.12149481475353241
conv_layers.0,0,30,41,0.13481271266937256
conv_layers.0,0,30,42,0.6333709359169006
conv_layers.0,0,31,0,0.6911251544952393
conv_layers.0,0,31,1,0.5259705781936646
conv_layers.0,0,31,2,0.18474280834197998
conv_layers.0,0,31,3,0.28967317938804626
conv_layers.0,0,31,4,0.5029409527778625
conv_layers.0,0,31,5,0.311328649520874
conv_layers.0,0,31,6,0.19550246000289917
conv_layers.0,0,31,7,0.1608653962612152
conv_layers.0,0,31,8,0.019431190565228462
conv_layers.0,0,31,9,0.05897398293018341
conv_layers.0,0,31,10,0.8261658549308777
conv_layers.0,0,31,11,0.45926812291145325
conv_layers.0,0,31,12,0.017447687685489655
conv_layers.0,0,31,13,0.1989671140909195
conv_layers.0,0,31,14,0.8089911341667175
conv_layers.0,0,31,15,0.08117116987705231
conv_layers.0,0,31,16,0.5280802249908447
conv_layers.0,0,31,17,0.42952385544776917
conv_layers.0,0,31,18,0.6300278902053833
conv_layers.0,0,31,19,0.03256382793188095
conv_layers.0,0,31,20,0.3321101665496826
conv_layers.0,0,31,21,0.25252416729927063
conv_layers.0,0,31,22,0.7673003077507019
conv_layers.0,0,31,23,0.013387762010097504
conv_layers.0,0,31,24,0.053763553500175476
conv_layers.0,0,31,25,0.41509485244750977
conv_layers.0,0,31,26,0.3960072994232178
conv_layers.0,0,31,27,0.1582372933626175
conv_layers.0,0,31,28,0.5701024532318115
conv_layers.0,0,31,29,0.28202253580093384
conv_layers.0,0,31,30,0.7053931951522827
conv_layers.0,0,31,32,0.2974005341529846
conv_layers.0,0,31,33,0.3712715804576874
conv_layers.0,0,31,34,0.07071272283792496
conv_layers.0,0,31,35,0.29402148723602295
conv_layers.0,0,31,36,0.4980555474758148
conv_layers.0,0,31,37,0.5468544363975525
conv_layers.0,0,31,38,0.23255953192710876
conv_layers.0,0,31,39,0.027977418154478073
conv_layers.0,0,31,40,0.08003019541501999
conv_layers.0,0,31,41,0.37591567635536194
conv_layers.0,0,31,42,0.616894006729126
conv_layers.0,0,32,0,0.00611019367352128
conv_layers.0,0,32,1,0.05014514923095703
conv_layers.0,0,32,2,0.193145290017128
conv_layers.0,0,32,3,0.3342204988002777
conv_layers.0,0,32,4,0.21484428644180298
conv_layers.0,0,32,5,0.16336823999881744
conv_layers.0,0,32,6,0.3902634084224701
conv_layers.0,0,32,7,0.5332208871841431
conv_layers.0,0,32,8,0.4661370813846588
conv_layers.0,0,32,9,0.07605899125337601
conv_layers.0,0,32,10,0.1961028128862381
conv_layers.0,0,32,11,0.4365394413471222
conv_layers.0,0,32,12,0.573367714881897
conv_layers.0,0,32,13,0.02120961807668209
conv_layers.0,0,32,14,0.01867414265871048
conv_layers.0,0,32,15,0.5120682716369629
conv_layers.0,0,32,16,0.039293546229600906
conv_layers.0,0,32,17,0.06224893406033516
conv_layers.0,0,32,18,0.09070955961942673
conv_layers.0,0,32,19,0.16318753361701965
conv_layers.0,0,32,20,0.6020623445510864
conv_layers.0,0,32,21,0.003268878674134612
conv_layers.0,0,32,22,0.13066983222961426
conv_layers.0,0,32,23,0.3085790276527405
conv_layers.0,0,32,24,0.3472849428653717
conv_layers.0,0,32,25,0.051247738301754
conv_layers.0,0,32,26,0.207250714302063
conv_layers.0,0,32,27,0.35944807529449463
conv_layers.0,0,32,28,0.26301926374435425
conv_layers.0,0,32,29,0.5808674097061157
conv_layers.0,0,32,30,0.01553704310208559
conv_layers.0,0,32,31,0.2974005341529846
conv_layers.0,0,32,33,0.5980653762817383
conv_layers.0,0,32,34,0.5369245409965515
conv_layers.0,0,32,35,0.05147356167435646
conv_layers.0,0,32,36,0.32871654629707336
conv_layers.0,0,32,37,0.10025192052125931
conv_layers.0,0,32,38,0.4846805930137634
conv_layers.0,0,32,39,0.5191590785980225
conv_layers.0,0,32,40,0.15280036628246307
conv_layers.0,0,32,41,0.26102185249328613
conv_layers.0,0,32,42,0.16489380598068237
conv_layers.0,0,33,0,0.04486539587378502
conv_layers.0,0,33,1,0.001828305423259735
conv_layers.0,0,33,2,0.36664631962776184
conv_layers.0,0,33,3,0.5158141851425171
conv_layers.0,0,33,4,0.3293496370315552
conv_layers.0,0,33,5,0.0480690561234951
conv_layers.0,0,33,6,0.48178231716156006
conv_layers.0,0,33,7,0.548762321472168
conv_layers.0,0,33,8,0.6188971996307373
conv_layers.0,0,33,9,0.18874508142471313
conv_layers.0,0,33,10,0.2889765799045563
conv_layers.0,0,33,11,0.39878880977630615
conv_layers.0,0,33,12,0.4877416789531708
conv_layers.0,0,33,13,0.163270503282547
conv_layers.0,0,33,14,0.05332178995013237
conv_layers.0,0,33,15,0.08851433545351028
conv_layers.0,0,33,16,0.08111253380775452
conv_layers.0,0,33,17,0.21057073771953583
conv_layers.0,0,33,18,0.21160873770713806
conv_layers.0,0,33,19,0.3743214011192322
conv_layers.0,0,33,20,0.4892907440662384
conv_layers.0,0,33,21,0.22310534119606018
conv_layers.0,0,33,22,0.15844005346298218
conv_layers.0,0,33,23,0.36452341079711914
conv_layers.0,0,33,24,0.5743046998977661
conv_layers.0,0,33,25,0.2808164954185486
conv_layers.0,0,33,26,0.20517341792583466
conv_layers.0,0,33,27,0.06809964776039124
conv_layers.0,0,33,28,0.32378652691841125
conv_layers.0,0,33,29,0.30173346400260925
conv_layers.0,0,33,30,0.06902766227722168
conv_layers.0,0,33,31,0.3712715804576874
conv_layers.0,0,33,32,0.5980653762817383
conv_layers.0,0,33,34,0.5288541316986084
conv_layers.0,0,33,35,0.040016308426856995
conv_layers.0,0,33,36,0.21647483110427856
conv_layers.0,0,33,37,0.15068258345127106
conv_layers.0,0,33,38,0.43777772784233093
conv_layers.0,0,33,39,0.5069592595100403
conv_layers.0,0,33,40,0.45851099491119385
conv_layers.0,0,33,41,0.0606733076274395
conv_layers.0,0,33,42,0.10180999338626862
conv_layers.0,0,34,0,0.44732755422592163
conv_layers.0,0,34,1,0.5274514555931091
conv_layers.0,0,34,2,0.01564628630876541
conv_layers.0,0,34,3,0.2783638834953308
conv_layers.0,0,34,4,0.1495087593793869
conv_layers.0,0,34,5,0.21388022601604462
conv_layers.0,0,34,6,0.4836006462574005
conv_layers.0,0,34,7,0.5598081350326538
conv_layers.0,0,34,8,0.5573081970214844
conv_layers.0,0,34,9,0.03452610224485397
conv_layers.0,0,34,10,0.025100309401750565
conv_layers.0,0,34,11,0.6050427556037903
conv_layers.0,0,34,12,0.5042687654495239
conv_layers.0,0,34,13,0.5394035577774048
conv_layers.0,0,34,14,0.4370271563529968
conv_layers.0,0,34,15,0.22633951902389526
conv_layers.0,0,34,16,0.29634344577789307
conv_layers.0,0,34,17,0.30951377749443054
conv_layers.0,0,34,18,0.09264924377202988
conv_layers.0,0,34,19,0.34594038128852844
conv_layers.0,0,34,20,0.5099673271179199
conv_layers.0,0,34,21,0.04919702559709549
conv_layers.0,0,34,22,0.39217618107795715
conv_layers.0,0,34,23,0.15992076694965363
conv_layers.0,0,34,24,0.6088089346885681
conv_layers.0,0,34,25,0.16822080314159393
conv_layers.0,0,34,26,0.27638107538223267
conv_layers.0,0,34,27,0.4104326069355011
conv_layers.0,0,34,28,0.21022266149520874
conv_layers.0,0,34,29,0.6468040347099304
conv_layers.0,0,34,30,0.4251362383365631
conv_layers.0,0,34,31,0.07071272283792496
conv_layers.0,0,34,32,0.5369245409965515
conv_layers.0,0,34,33,0.5288541316986084
conv_layers.0,0,34,35,0.14758558571338654
conv_layers.0,0,34,36,0.3512301743030548
conv_layers.0,0,34,37,0.24678587913513184
conv_layers.0,0,34,38,0.0247087050229311
conv_layers.0,0,34,39,0.4323565363883972
conv_layers.0,0,34,40,0.1287175714969635
conv_layers.0,0,34,41,0.01956334337592125
conv_layers.0,0,34,42,0.17227321863174438
conv_layers.0,0,35,0,0.11080250889062881
conv_layers.0,0,35,1,0.3519420623779297
conv_layers.0,0,35,2,0.2770170569419861
conv_layers.0,0,35,3,0.1810416430234909
conv_layers.0,0,35,4,0.32865259051322937
conv_layers.0,0,35,5,0.5275505185127258
conv_layers.0,0,35,6,0.15715482831001282
conv_layers.0,0,35,7,0.26462873816490173
conv_layers.0,0,35,8,0.44554683566093445
conv_layers.0,0,35,9,0.2242717295885086
conv_layers.0,0,35,10,0.2508539855480194
conv_layers.0,0,35,11,0.0014148261398077011
conv_layers.0,0,35,12,0.10037180781364441
conv_layers.0,0,35,13,0.08242212235927582
conv_layers.0,0,35,14,0.11658243834972382
conv_layers.0,0,35,15,0.024908803403377533
conv_layers.0,0,35,16,0.36035463213920593
conv_layers.0,0,35,17,0.3967035412788391
conv_layers.0,0,35,18,0.12832796573638916
conv_layers.0,0,35,19,0.42121878266334534
conv_layers.0,0,35,20,0.2787294089794159
conv_layers.0,0,35,21,0.1824779361486435
conv_layers.0,0,35,22,0.11185527592897415
conv_layers.0,0,35,23,0.12536382675170898
conv_layers.0,0,35,24,0.07561749964952469
conv_layers.0,0,35,25,0.007345248945057392
conv_layers.0,0,35,26,0.016820020973682404
conv_layers.0,0,35,27,0.28908994793891907
conv_layers.0,0,35,28,0.17048683762550354
conv_layers.0,0,35,29,0.12434133142232895
conv_layers.0,0,35,30,0.1475328505039215
conv_layers.0,0,35,31,0.29402148723602295
conv_layers.0,0,35,32,0.05147356167435646
conv_layers.0,0,35,33,0.040016308426856995
conv_layers.0,0,35,34,0.14758558571338654
conv_layers.0,0,35,36,0.3400808572769165
conv_layers.0,0,35,37,0.25580355525016785
conv_layers.0,0,35,38,0.23078489303588867
conv_layers.0,0,35,39,0.026317570358514786
conv_layers.0,0,35,40,0.1044849157333374
conv_layers.0,0,35,41,0.6747782230377197
conv_layers.0,0,35,42,0.14258331060409546
conv_layers.0,0,36,0,0.4647918939590454
conv_layers.0,0,36,1,0.7574904561042786
conv_layers.0,0,36,2,0.014908879064023495
conv_layers.0,0,36,3,0.1630212813615799
conv_layers.0,0,36,4,0.12578225135803223
conv_layers.0,0,36,5,0.3879750967025757
conv_layers.0,0,36,6,0.07724453508853912
conv_layers.0,0,36,7,0.03684413060545921
conv_layers.0,0,36,8,0.01742483675479889
conv_layers.0,0,36,9,0.24584919214248657
conv_layers.0,0,36,10,0.15427768230438232
conv_layers.0,0,36,11,0.19335146248340607
conv_layers.0,0,36,12,0.1913982778787613
conv_layers.0,0,36,13,0.20221564173698425
conv_layers.0,0,36,14,0.507551372051239
conv_layers.0,0,36,15,0.2580278813838959
conv_layers.0,0,36,16,0.3686828911304474
conv_layers.0,0,36,17,0.2906418740749359
conv_layers.0,0,36,18,0.010856389999389648
conv_layers.0,0,36,19,0.15113259851932526
conv_layers.0,0,36,20,0.040081605315208435
conv_layers.0,0,36,21,0.35096532106399536
conv_layers.0,0,36,22,0.6418825387954712
conv_layers.0,0,36,23,0.18451102077960968
conv_layers.0,0,36,24,0.17964589595794678
conv_layers.0,0,36,25,0.20907026529312134
conv_layers.0,0,36,26,0.10979359596967697
conv_layers.0,0,36,27,0.20195302367210388
conv_layers.0,0,36,28,0.15106408298015594
conv_layers.0,0,36,29,0.0891236662864685
conv_layers.0,0,36,30,0.34807288646698
conv_layers.0,0,36,31,0.4980555474758148
conv_layers.0,0,36,32,0.32871654629707336
conv_layers.0,0,36,33,0.21647483110427856
conv_layers.0,0,36,34,0.3512301743030548
conv_layers.0,0,36,35,0.3400808572769165
conv_layers.0,0,36,37,0.31691956520080566
conv_layers.0,0,36,38,0.7107094526290894
conv_layers.0,0,36,39,0.2489006221294403
conv_layers.0,0,36,40,0.26388052105903625
conv_layers.0,0,36,41,0.5165190696716309
conv_layers.0,0,36,42,0.04813188314437866
conv_layers.0,0,37,0,0.7037478685379028
conv_layers.0,0,37,1,0.25819191336631775
conv_layers.0,0,37,2,0.5407500267028809
conv_layers.0,0,37,3,0.1946265697479248
conv_layers.0,0,37,4,0.6752915382385254
conv_layers.0,0,37,5,0.02885432355105877
conv_layers.0,0,37,6,0.26578179001808167
conv_layers.0,0,37,7,0.17102615535259247
conv_layers.0,0,37,8,0.25603967905044556
conv_layers.0,0,37,9,0.07432693243026733
conv_layers.0,0,37,10,0.4813656210899353
conv_layers.0,0,37,11,0.5645047426223755
conv_layers.0,0,37,12,0.14798974990844727
conv_layers.0,0,37,13,0.27291932702064514
conv_layers.0,0,37,14,0.6205501556396484
conv_layers.0,0,37,15,0.15941938757896423
conv_layers.0,0,37,16,0.3334980010986328
conv_layers.0,0,37,17,0.2451918125152588
conv_layers.0,0,37,18,0.6817055940628052
conv_layers.0,0,37,19,0.14064675569534302
conv_layers.0,0,37,20,0.2369985282421112
conv_layers.0,0,37,21,0.3146771490573883
conv_layers.0,0,37,22,0.6423361301422119
conv_layers.0,0,37,23,0.04790392890572548
conv_layers.0,0,37,24,0.4356042742729187
conv_layers.0,0,37,25,0.4630601406097412
conv_layers.0,0,37,26,0.3050541877746582
conv_layers.0,0,37,27,0.3252641260623932
conv_layers.0,0,37,28,0.547565221786499
conv_layers.0,0,37,29,0.4969440996646881
conv_layers.0,0,37,30,0.7016525268554688
conv_layers.0,0,37,31,0.5468544363975525
conv_layers.0,0,37,32,0.10025192052125931
conv_layers.0,0,37,33,0.15068258345127106
conv_layers.0,0,37,34,0.24678587913513184
conv_layers.0,0,37,35,0.25580355525016785
conv_layers.0,0,37,36,0.31691956520080566
conv_layers.0,0,37,38,0.06999406218528748
conv_layers.0,0,37,39,0.015272460877895355
conv_layers.0,0,37,40,0.045823805034160614
conv_layers.0,0,37,41,0.23271101713180542
conv_layers.0,0,37,42,0.4552187919616699
conv_layers.0,0,38,0,0.00823285523802042
conv_layers.0,0,38,1,0.4073318839073181
conv_layers.0,0,38,2,0.07571743428707123
conv_layers.0,0,38,3,0.6015302538871765
conv_layers.0,0,38,4,0.2756999433040619
conv_layers.0,0,38,5,0.13521221280097961
conv_layers.0,0,38,6,0.22720855474472046
conv_layers.0,0,38,7,0.44150128960609436
conv_layers.0,0,38,8,0.2667292356491089
conv_layers.0,0,38,9,0.15338264405727386
conv_layers.0,0,38,10,0.04414640739560127
conv_layers.0,0,38,11,0.26463553309440613
conv_layers.0,0,38,12,0.4950202703475952
conv_layers.0,0,38,13,0.04175574705004692
conv_layers.0,0,38,14,0.054832518100738525
conv_layers.0,0,38,15,0.4207119643688202
conv_layers.0,0,38,16,0.12145209312438965
conv_layers.0,0,38,17,0.2087361216545105
conv_layers.0,0,38,18,0.28114375472068787
conv_layers.0,0,38,19,0.05152305215597153
conv_layers.0,0,38,20,0.13131999969482422
conv_layers.0,0,38,21,0.10559093952178955
conv_layers.0,0,38,22,0.2716241478919983
conv_layers.0,0,38,23,0.4930846095085144
conv_layers.0,0,38,24,0.2465493381023407
conv_layers.0,0,38,25,0.18609045445919037
conv_layers.0,0,38,26,0.4064875543117523
conv_layers.0,0,38,27,0.15275338292121887
conv_layers.0,0,38,28,0.20082886517047882
conv_layers.0,0,38,29,0.17692004144191742
conv_layers.0,0,38,30,0.10018362104892731
conv_layers.0,0,38,31,0.23255953192710876
conv_layers.0,0,38,32,0.4846805930137634
conv_layers.0,0,38,33,0.43777772784233093
conv_layers.0,0,38,34,0.0247087050229311
conv_layers.0,0,38,35,0.23078489303588867
conv_layers.0,0,38,36,0.7107094526290894
conv_layers.0,0,38,37,0.06999406218528748
conv_layers.0,0,38,39,0.6980285048484802
conv_layers.0,0,38,40,0.3348294496536255
conv_layers.0,0,38,41,0.38418328762054443
conv_layers.0,0,38,42,0.2603257894515991
conv_layers.0,0,39,0,0.36447930335998535
conv_layers.0,0,39,1,0.04368336498737335
conv_layers.0,0,39,2,0.07790173590183258
conv_layers.0,0,39,3,0.6739664077758789
conv_layers.0,0,39,4,0.15190750360488892
conv_layers.0,0,39,5,0.16215018928050995
conv_layers.0,0,39,6,0.31848597526550293
conv_layers.0,0,39,7,0.7852944135665894
conv_layers.0,0,39,8,0.6437255144119263
conv_layers.0,0,39,9,0.3490222692489624
conv_layers.0,0,39,10,0.27552419900894165
conv_layers.0,0,39,11,0.6525671482086182
conv_layers.0,0,39,12,0.6397527456283569
conv_layers.0,0,39,13,0.25293394923210144
conv_layers.0,0,39,14,0.28257185220718384
conv_layers.0,0,39,15,0.4763108491897583
conv_layers.0,0,39,16,0.15888303518295288
conv_layers.0,0,39,17,0.4655296206474304
conv_layers.0,0,39,18,0.3745720088481903
conv_layers.0,0,39,19,0.4767761528491974
conv_layers.0,0,39,20,0.006993014365434647
conv_layers.0,0,39,21,0.08359414339065552
conv_layers.0,0,39,22,0.07735615223646164
conv_layers.0,0,39,23,0.570040762424469
conv_layers.0,0,39,24,0.2704881727695465
conv_layers.0,0,39,25,0.026545269414782524
conv_layers.0,0,39,26,0.4125262200832367
conv_layers.0,0,39,27,0.05285152420401573
conv_layers.0,0,39,28,0.052782975137233734
conv_layers.0,0,39,29,0.4521631598472595
conv_layers.0,0,39,30,0.4132205843925476
conv_layers.0,0,39,31,0.027977418154478073
conv_layers.0,0,39,32,0.5191590785980225
conv_layers.0,0,39,33,0.5069592595100403
conv_layers.0,0,39,34,0.4323565363883972
conv_layers.0,0,39,35,0.026317570358514786
conv_layers.0,0,39,36,0.2489006221294403
conv_layers.0,0,39,37,0.015272460877895355
conv_layers.0,0,39,38,0.6980285048484802
conv_layers.0,0,39,40,0.4454629421234131
conv_layers.0,0,39,41,0.043203726410865784
conv_layers.0,0,39,42,0.3295285403728485
conv_layers.0,0,40,0,0.04055560380220413
conv_layers.0,0,40,1,0.25319215655326843
conv_layers.0,0,40,2,0.503176212310791
conv_layers.0,0,40,3,0.38940417766571045
conv_layers.0,0,40,4,0.05411239713430405
conv_layers.0,0,40,5,0.3474375903606415
conv_layers.0,0,40,6,0.566135585308075
conv_layers.0,0,40,7,0.3578488528728485
conv_layers.0,0,40,8,0.38792622089385986
conv_layers.0,0,40,9,0.5456883907318115
conv_layers.0,0,40,10,0.0811442956328392
conv_layers.0,0,40,11,0.23154467344284058
conv_layers.0,0,40,12,0.08929866552352905
conv_layers.0,0,40,13,0.26943978667259216
conv_layers.0,0,40,14,0.13070715963840485
conv_layers.0,0,40,15,0.23662693798542023
conv_layers.0,0,40,16,0.42765912413597107
conv_layers.0,0,40,17,0.15687957406044006
conv_layers.0,0,40,18,0.04788615554571152
conv_layers.0,0,40,19,0.19149936735630035
conv_layers.0,0,40,20,0.009040746837854385
conv_layers.0,0,40,21,0.6332731246948242
conv_layers.0,0,40,22,0.15285466611385345
conv_layers.0,0,40,23,0.03836861997842789
conv_layers.0,0,40,24,0.12729689478874207
conv_layers.0,0,40,25,0.07920321822166443
conv_layers.0,0,40,26,0.13035552203655243
conv_layers.0,0,40,27,0.1157904863357544
conv_layers.0,0,40,28,0.025707950815558434
conv_layers.0,0,40,29,0.06125927343964577
conv_layers.0,0,40,30,0.12149481475353241
conv_layers.0,0,40,31,0.08003019541501999
conv_layers.0,0,40,32,0.15280036628246307
conv_layers.0,0,40,33,0.45851099491119385
conv_layers.0,0,40,34,0.1287175714969635
conv_layers.0,0,40,35,0.1044849157333374
conv_layers.0,0,40,36,0.26388052105903625
conv_layers.0,0,40,37,0.045823805034160614
conv_layers.0,0,40,38,0.3348294496536255
conv_layers.0,0,40,39,0.4454629421234131
conv_layers.0,0,40,41,0.03556396812200546
conv_layers.0,0,40,42,0.2061096876859665
conv_layers.0,0,41,0,0.13503344357013702
conv_layers.0,0,41,1,0.5911785364151001
conv_layers.0,0,41,2,0.40280839800834656
conv_layers.0,0,41,3,0.14157100021839142
conv_layers.0,0,41,4,0.3394334018230438
conv_layers.0,0,41,5,0.5120598077774048
conv_layers.0,0,41,6,0.34609255194664
conv_layers.0,0,41,7,0.1498076319694519
conv_layers.0,0,41,8,0.2727048993110657
conv_layers.0,0,41,9,0.09143687784671783
conv_layers.0,0,41,10,0.23129957914352417
conv_layers.0,0,41,11,0.03715701773762703
conv_layers.0,0,41,12,0.22510720789432526
conv_layers.0,0,41,13,0.08222898095846176
conv_layers.0,0,41,14,0.24778735637664795
conv_layers.0,0,41,15,0.22181105613708496
conv_layers.0,0,41,16,0.21724021434783936
conv_layers.0,0,41,17,0.3148938715457916
conv_layers.0,0,41,18,0.20327791571617126
conv_layers.0,0,41,19,0.4447041153907776
conv_layers.0,0,41,20,0.1053929477930069
conv_layers.0,0,41,21,0.2545737028121948
conv_layers.0,0,41,22,0.3444482684135437
conv_layers.0,0,41,23,0.12071496993303299
conv_layers.0,0,41,24,0.1848645955324173
conv_layers.0,0,41,25,0.06693512201309204
conv_layers.0,0,41,26,0.07487980276346207
conv_layers.0,0,41,27,0.36292174458503723
conv_layers.0,0,41,28,0.18650884926319122
conv_layers.0,0,41,29,0.2743280529975891
conv_layers.0,0,41,30,0.13481271266937256
conv_layers.0,0,41,31,0.37591567635536194
conv_layers.0,0,41,32,0.26102185249328613
conv_layers.0,0,41,33,0.0606733076274395
conv_layers.0,0,41,34,0.01956334337592125
conv_layers.0,0,41,35,0.6747782230377197
conv_layers.0,0,41,36,0.5165190696716309
conv_layers.0,0,41,37,0.23271101713180542
conv_layers.0,0,41,38,0.38418328762054443
conv_layers.0,0,41,39,0.043203726410865784
conv_layers.0,0,41,40,0.03556396812200546
conv_layers.0,0,41,42,0.21761344373226166
conv_layers.0,0,42,0,0.4479241967201233
conv_layers.0,0,42,1,0.004443474113941193
conv_layers.0,0,42,2,0.13201233744621277
conv_layers.0,0,42,3,0.6690317392349243
conv_layers.0,0,42,4,0.6125859022140503
conv_layers.0,0,42,5,0.18383380770683289
conv_layers.0,0,42,6,0.06425317376852036
conv_layers.0,0,42,7,0.43335315585136414
conv_layers.0,0,42,8,0.09093654155731201
conv_layers.0,0,42,9,0.3713444769382477
conv_layers.0,0,42,10,0.7895854711532593
conv_layers.0,0,42,11,0.5182811617851257
conv_layers.0,0,42,12,0.046606436371803284
conv_layers.0,0,42,13,0.08346222341060638
conv_layers.0,0,42,14,0.45860978960990906
conv_layers.0,0,42,15,0.2480950504541397
conv_layers.0,0,42,16,0.3098538815975189
conv_layers.0,0,42,17,0.5784057378768921
conv_layers.0,0,42,18,0.7165816426277161
conv_layers.0,0,42,19,0.11667275428771973
conv_layers.0,0,42,20,0.40713778138160706
conv_layers.0,0,42,21,0.10131581127643585
conv_layers.0,0,42,22,0.35961899161338806
conv_layers.0,0,42,23,0.29776155948638916
conv_layers.0,0,42,24,0.012841008603572845
conv_layers.0,0,42,25,0.2875920236110687
conv_layers.0,0,42,26,0.40528541803359985
conv_layers.0,0,42,27,0.16875366866588593
conv_layers.0,0,42,28,0.6893593668937683
conv_layers.0,0,42,29,0.08068273961544037
conv_layers.0,0,42,30,0.6333709359169006
conv_layers.0,0,42,31,0.616894006729126
conv_layers.0,0,42,32,0.16489380598068237
conv_layers.0,0,42,33,0.10180999338626862
conv_layers.0,0,42,34,0.17227321863174438
conv_layers.0,0,42,35,0.14258331060409546
conv_layers.0,0,42,36,0.04813188314437866
conv_layers.0,0,42,37,0.4552187919616699
conv_layers.0,0,42,38,0.2603257894515991
conv_layers.0,0,42,39,0.3295285403728485
conv_layers.0,0,42,40,0.2061096876859665
conv_layers.0,0,42,41,0.21761344373226166
conv_layers.4,1,0,1,0.13473081588745117
conv_layers.4,1,0,2,0.10492981970310211
conv_layers.4,1,0,3,0.22338885068893433
conv_layers.4,1,0,4,0.3079538643360138
conv_layers.4,1,0,5,0.1214890331029892
conv_layers.4,1,0,6,0.2401350736618042
conv_layers.4,1,0,7,0.07363755255937576
conv_layers.4,1,0,8,0.27724596858024597
conv_layers.4,1,0,9,0.02513296902179718
conv_layers.4,1,0,10,0.2414744794368744
conv_layers.4,1,0,11,0.02887258492410183
conv_layers.4,1,0,12,0.150934100151062
conv_layers.4,1,0,13,0.268690288066864
conv_layers.4,1,0,14,0.27223140001296997
conv_layers.4,1,0,15,0.03079470619559288
conv_layers.4,1,0,16,0.1587703377008438
conv_layers.4,1,0,17,0.2294953465461731
conv_layers.4,1,0,18,0.14728975296020508
conv_layers.4,1,0,19,0.06646037101745605
conv_layers.4,1,0,20,0.23619993031024933
conv_layers.4,1,0,21,0.13809064030647278
conv_layers.4,1,0,22,0.087700754404068
conv_layers.4,1,0,23,0.1203266903758049
conv_layers.4,1,0,24,0.12710386514663696
conv_layers.4,1,0,25,0.21719975769519806
conv_layers.4,1,0,26,0.16448351740837097
conv_layers.4,1,0,27,0.09140152484178543
conv_layers.4,1,0,28,0.03849520534276962
conv_layers.4,1,0,29,0.11453187465667725
conv_layers.4,1,0,30,0.15021347999572754
conv_layers.4,1,0,31,0.03417656570672989
conv_layers.4,1,0,32,0.13189393281936646
conv_layers.4,1,0,33,0.07936960458755493
conv_layers.4,1,0,34,0.11404027044773102
conv_layers.4,1,0,35,0.1640576869249344
conv_layers.4,1,0,36,0.027291420847177505
conv_layers.4,1,0,37,0.4329652190208435
conv_layers.4,1,0,38,0.14860843122005463
conv_layers.4,1,0,39,0.220804825425148
conv_layers.4,1,0,40,0.054210908710956573
conv_layers.4,1,0,41,0.11776541918516159
conv_layers.4,1,0,42,0.1096804216504097
conv_layers.4,1,1,0,0.13473081588745117
conv_layers.4,1,1,2,0.05589277669787407
conv_layers.4,1,1,3,0.2992776930332184
conv_layers.4,1,1,4,0.011605707928538322
conv_layers.4,1,1,5,0.3159366250038147
conv_layers.4,1,1,6,0.17100480198860168
conv_layers.4,1,1,7,0.07108442485332489
conv_layers.4,1,1,8,0.2577401101589203
conv_layers.4,1,1,9,0.14461809396743774
conv_layers.4,1,1,10,0.14745120704174042
conv_layers.4,1,1,11,0.21807095408439636
conv_layers.4,1,1,12,0.0008997097611427307
conv_layers.4,1,1,13,0.051682136952877045
conv_layers.4,1,1,14,0.24097318947315216
conv_layers.4,1,1,15,0.21957077085971832
conv_layers.4,1,1,16,0.38578906655311584
conv_layers.4,1,1,17,0.06749198585748672
conv_layers.4,1,1,18,0.20552176237106323
conv_layers.4,1,1,19,0.19618864357471466
conv_layers.4,1,1,20,0.12913209199905396
conv_layers.4,1,1,21,0.041622743010520935
conv_layers.4,1,1,22,0.4572432339191437
conv_layers.4,1,1,23,0.3363288342952728
conv_layers.4,1,1,24,0.0059477100148797035
conv_layers.4,1,1,25,0.026981767266988754
conv_layers.4,1,1,26,0.2244350016117096
conv_layers.4,1,1,27,0.09084144234657288
conv_layers.4,1,1,28,0.13242051005363464
conv_layers.4,1,1,29,0.06566828489303589
conv_layers.4,1,1,30,0.0007139658555388451
conv_layers.4,1,1,31,0.2124163806438446
conv_layers.4,1,1,32,0.19288605451583862
conv_layers.4,1,1,33,0.04010285437107086
conv_layers.4,1,1,34,0.11835324764251709
conv_layers.4,1,1,35,0.13620421290397644
conv_layers.4,1,1,36,0.25418582558631897
conv_layers.4,1,1,37,0.08217741549015045
conv_layers.4,1,1,38,0.09704918414354324
conv_layers.4,1,1,39,0.36559930443763733
conv_layers.4,1,1,40,0.12773633003234863
conv_layers.4,1,1,41,0.022571822628378868
conv_layers.4,1,1,42,0.12133100628852844
conv_layers.4,1,2,0,0.10492981970310211
conv_layers.4,1,2,1,0.05589277669787407
conv_layers.4,1,2,3,0.17504101991653442
conv_layers.4,1,2,4,0.03189413249492645
conv_layers.4,1,2,5,0.3237404227256775
conv_layers.4,1,2,6,0.05342507362365723
conv_layers.4,1,2,7,0.27216458320617676
conv_layers.4,1,2,8,0.11616453528404236
conv_layers.4,1,2,9,0.1644219160079956
conv_layers.4,1,2,10,0.009132963605225086
conv_layers.4,1,2,11,0.10945755243301392
conv_layers.4,1,2,12,0.04999219626188278
conv_layers.4,1,2,13,0.25375306606292725
conv_layers.4,1,2,14,0.04607558995485306
conv_layers.4,1,2,15,0.13949351012706757
conv_layers.4,1,2,16,0.08675752580165863
conv_layers.4,1,2,17,0.04846074804663658
conv_layers.4,1,2,18,0.02690158225595951
conv_layers.4,1,2,19,0.030734451487660408
conv_layers.4,1,2,20,0.07965902239084244
conv_layers.4,1,2,21,0.1483221799135208
conv_layers.4,1,2,22,0.09458908438682556
conv_layers.4,1,2,23,0.02770417183637619
conv_layers.4,1,2,24,0.36251991987228394
conv_layers.4,1,2,25,0.31990617513656616
conv_layers.4,1,2,26,0.14426009356975555
conv_layers.4,1,2,27,0.1436992734670639
conv_layers.4,1,2,28,0.08554879575967789
conv_layers.4,1,2,29,0.2010250985622406
conv_layers.4,1,2,30,0.05701545625925064
conv_layers.4,1,2,31,0.26453083753585815
conv_layers.4,1,2,32,0.17460456490516663
conv_layers.4,1,2,33,0.039691824465990067
conv_layers.4,1,2,34,0.07598569989204407
conv_layers.4,1,2,35,0.018011458218097687
conv_layers.4,1,2,36,0.09959125518798828
conv_layers.4,1,2,37,0.26452866196632385
conv_layers.4,1,2,38,0.16767707467079163
conv_layers.4,1,2,39,0.22064805030822754
conv_layers.4,1,2,40,0.29620540142059326
conv_layers.4,1,2,41,0.19991223514080048
conv_layers.4,1,2,42,0.23512862622737885
conv_layers.4,1,3,0,0.22338885068893433
conv_layers.4,1,3,1,0.2992776930332184
conv_layers.4,1,3,2,0.17504101991653442
conv_layers.4,1,3,4,0.37724465131759644
conv_layers.4,1,3,5,0.4233155846595764
conv_layers.4,1,3,6,0.3669412136077881
conv_layers.4,1,3,7,0.3369964063167572
conv_layers.4,1,3,8,0.24116265773773193
conv_layers.4,1,3,9,0.03039216250181198
conv_layers.4,1,3,10,0.13143831491470337
conv_layers.4,1,3,11,0.26117879152297974
conv_layers.4,1,3,12,0.30083370208740234
conv_layers.4,1,3,13,0.11916191875934601
conv_layers.4,1,3,14,0.06669498980045319
conv_layers.4,1,3,15,0.3737400770187378
conv_layers.4,1,3,16,0.3110707700252533
conv_layers.4,1,3,17,0.3000771403312683
conv_layers.4,1,3,18,0.4988965094089508
conv_layers.4,1,3,19,0.16994141042232513
conv_layers.4,1,3,20,0.03322857618331909
conv_layers.4,1,3,21,0.08763070404529572
conv_layers.4,1,3,22,0.10838625580072403
conv_layers.4,1,3,23,0.22801564633846283
conv_layers.4,1,3,24,0.17529653012752533
conv_layers.4,1,3,25,0.31590402126312256
conv_layers.4,1,3,26,0.23335807025432587
conv_layers.4,1,3,27,0.001346435397863388
conv_layers.4,1,3,28,0.40095892548561096
conv_layers.4,1,3,29,0.0785011574625969
conv_layers.4,1,3,30,0.03605344146490097
conv_layers.4,1,3,31,0.22721514105796814
conv_layers.4,1,3,32,0.4484896659851074
conv_layers.4,1,3,33,0.08739514648914337
conv_layers.4,1,3,34,0.3061484396457672
conv_layers.4,1,3,35,0.09299802035093307
conv_layers.4,1,3,36,0.24945420026779175
conv_layers.4,1,3,37,0.10089444369077682
conv_layers.4,1,3,38,0.2574537396430969
conv_layers.4,1,3,39,0.10225288569927216
conv_layers.4,1,3,40,0.011115998029708862
conv_layers.4,1,3,41,0.07887306809425354
conv_layers.4,1,3,42,0.3431801199913025
conv_layers.4,1,4,0,0.3079538643360138
conv_layers.4,1,4,1,0.011605707928538322
conv_layers.4,1,4,2,0.03189413249492645
conv_layers.4,1,4,3,0.37724465131759644
conv_layers.4,1,4,5,0.027215290814638138
conv_layers.4,1,4,6,0.3078145384788513
conv_layers.4,1,4,7,0.15933631360530853
conv_layers.4,1,4,8,0.12929630279541016
conv_layers.4,1,4,9,0.16070538759231567
conv_layers.4,1,4,10,0.11209054291248322
conv_layers.4,1,4,11,0.2826371192932129
conv_layers.4,1,4,12,0.18034633994102478
conv_layers.4,1,4,13,0.00025473907589912415
conv_layers.4,1,4,14,0.19293765723705292
conv_layers.4,1,4,15,0.19465044140815735
conv_layers.4,1,4,16,0.06250985711812973
conv_layers.4,1,4,17,0.27766090631484985
conv_layers.4,1,4,18,0.5918929576873779
conv_layers.4,1,4,19,0.05248957872390747
conv_layers.4,1,4,20,0.19186435639858246
conv_layers.4,1,4,21,0.051383692771196365
conv_layers.4,1,4,22,0.1485346555709839
conv_layers.4,1,4,23,0.08603882789611816
conv_layers.4,1,4,24,0.13455037772655487
conv_layers.4,1,4,25,0.19928807020187378
conv_layers.4,1,4,26,0.0932578444480896
conv_layers.4,1,4,27,0.2488003671169281
conv_layers.4,1,4,28,0.31045496463775635
conv_layers.4,1,4,29,0.02593933790922165
conv_layers.4,1,4,30,0.1597222536802292
conv_layers.4,1,4,31,0.2346847653388977
conv_layers.4,1,4,32,0.2511034309864044
conv_layers.4,1,4,33,0.028885560110211372
conv_layers.4,1,4,34,0.2872093915939331
conv_layers.4,1,4,35,0.20619741082191467
conv_layers.4,1,4,36,0.32863903045654297
conv_layers.4,1,4,37,0.17041674256324768
conv_layers.4,1,4,38,0.12124110758304596
conv_layers.4,1,4,39,0.17268671095371246
conv_layers.4,1,4,40,0.00642414391040802
conv_layers.4,1,4,41,0.36037591099739075
conv_layers.4,1,4,42,0.30313166975975037
conv_layers.4,1,5,0,0.1214890331029892
conv_layers.4,1,5,1,0.3159366250038147
conv_layers.4,1,5,2,0.3237404227256775
conv_layers.4,1,5,3,0.4233155846595764
conv_layers.4,1,5,4,0.027215290814638138
conv_layers.4,1,5,6,0.21559205651283264
conv_layers.4,1,5,7,0.22774137556552887
conv_layers.4,1,5,8,0.23545807600021362
conv_layers.4,1,5,9,0.3549107611179352
conv_layers.4,1,5,10,0.2830880284309387
conv_layers.4,1,5,11,0.1618962287902832
conv_layers.4,1,5,12,0.2870994210243225
conv_layers.4,1,5,13,0.09290054440498352
conv_layers.4,1,5,14,0.22005030512809753
conv_layers.4,1,5,15,0.17910510301589966
conv_layers.4,1,5,16,0.3422189950942993
conv_layers.4,1,5,17,0.03261708840727806
conv_layers.4,1,5,18,0.11430937796831131
conv_layers.4,1,5,19,0.08539120852947235
conv_layers.4,1,5,20,0.06780833005905151
conv_layers.4,1,5,21,0.08495855331420898
conv_layers.4,1,5,22,0.24566766619682312
conv_layers.4,1,5,23,0.28171679377555847
conv_layers.4,1,5,24,0.07445690035820007
conv_layers.4,1,5,25,0.09323754161596298
conv_layers.4,1,5,26,0.008367814123630524
conv_layers.4,1,5,27,0.06278028339147568
conv_layers.4,1,5,28,0.26989707350730896
conv_layers.4,1,5,29,3.794301301240921e-05
conv_layers.4,1,5,30,0.23209461569786072
conv_layers.4,1,5,31,0.09484848380088806
conv_layers.4,1,5,32,0.17597055435180664
conv_layers.4,1,5,33,0.07901235669851303
conv_layers.4,1,5,34,0.27769628167152405
conv_layers.4,1,5,35,0.2899029552936554
conv_layers.4,1,5,36,0.11723586171865463
conv_layers.4,1,5,37,0.026948604732751846
conv_layers.4,1,5,38,0.05130036920309067
conv_layers.4,1,5,39,0.23351147770881653
conv_layers.4,1,5,40,0.0031327269971370697
conv_layers.4,1,5,41,0.11793731898069382
conv_layers.4,1,5,42,0.16399472951889038
conv_layers.4,1,6,0,0.2401350736618042
conv_layers.4,1,6,1,0.17100480198860168
conv_layers.4,1,6,2,0.05342507362365723
conv_layers.4,1,6,3,0.3669412136077881
conv_layers.4,1,6,4,0.3078145384788513
conv_layers.4,1,6,5,0.21559205651283264
conv_layers.4,1,6,7,0.42476803064346313
conv_layers.4,1,6,8,0.39925283193588257
conv_layers.4,1,6,9,0.2842499613761902
conv_layers.4,1,6,10,0.11587128043174744
conv_layers.4,1,6,11,0.3729131817817688
conv_layers.4,1,6,12,0.4317241907119751
conv_layers.4,1,6,13,0.054209329187870026
conv_layers.4,1,6,14,0.09759905934333801
conv_layers.4,1,6,15,0.4939087927341461
conv_layers.4,1,6,16,0.3871554434299469
conv_layers.4,1,6,17,0.2860482931137085
conv_layers.4,1,6,18,0.36881643533706665
conv_layers.4,1,6,19,0.08849041163921356
conv_layers.4,1,6,20,0.08704105764627457
conv_layers.4,1,6,21,0.051997482776641846
conv_layers.4,1,6,22,0.21668802201747894
conv_layers.4,1,6,23,0.067196324467659
conv_layers.4,1,6,24,0.17933650314807892
conv_layers.4,1,6,25,0.38376444578170776
conv_layers.4,1,6,26,0.018434423953294754
conv_layers.4,1,6,27,0.32231605052948
conv_layers.4,1,6,28,0.09741745889186859
conv_layers.4,1,6,29,0.2968403100967407
conv_layers.4,1,6,30,0.14032281935214996
conv_layers.4,1,6,31,0.14095327258110046
conv_layers.4,1,6,32,0.44613322615623474
conv_layers.4,1,6,33,0.2885286808013916
conv_layers.4,1,6,34,0.4571707248687744
conv_layers.4,1,6,35,0.3586488962173462
conv_layers.4,1,6,36,0.29663437604904175
conv_layers.4,1,6,37,0.34014996886253357
conv_layers.4,1,6,38,0.31463420391082764
conv_layers.4,1,6,39,0.31079334020614624
conv_layers.4,1,6,40,0.36821168661117554
conv_layers.4,1,6,41,0.23132304847240448
conv_layers.4,1,6,42,0.09462043642997742
conv_layers.4,1,7,0,0.07363755255937576
conv_layers.4,1,7,1,0.07108442485332489
conv_layers.4,1,7,2,0.27216458320617676
conv_layers.4,1,7,3,0.3369964063167572
conv_layers.4,1,7,4,0.15933631360530853
conv_layers.4,1,7,5,0.22774137556552887
conv_layers.4,1,7,6,0.42476803064346313
conv_layers.4,1,7,8,0.20609229803085327
conv_layers.4,1,7,9,0.015689663589000702
conv_layers.4,1,7,10,0.013210833072662354
conv_layers.4,1,7,11,0.4405558109283447
conv_layers.4,1,7,12,0.23341703414916992
conv_layers.4,1,7,13,0.03338736295700073
conv_layers.4,1,7,14,0.23173846304416656
conv_layers.4,1,7,15,0.5348033308982849
conv_layers.4,1,7,16,0.20964863896369934
conv_layers.4,1,7,17,0.19925887882709503
conv_layers.4,1,7,18,0.2096623331308365
conv_layers.4,1,7,19,0.1219068095088005
conv_layers.4,1,7,20,0.1654348373413086
conv_layers.4,1,7,21,0.1407000869512558
conv_layers.4,1,7,22,0.003520738333463669
conv_layers.4,1,7,23,0.022222936153411865
conv_layers.4,1,7,24,0.27343350648880005
conv_layers.4,1,7,25,0.2817728519439697
conv_layers.4,1,7,26,0.08536511659622192
conv_layers.4,1,7,27,0.03815339505672455
conv_layers.4,1,7,28,0.12407907843589783
conv_layers.4,1,7,29,0.22598692774772644
conv_layers.4,1,7,30,0.04515038803219795
conv_layers.4,1,7,31,0.07078103721141815
conv_layers.4,1,7,32,0.47998812794685364
conv_layers.4,1,7,33,0.17538492381572723
conv_layers.4,1,7,34,0.1539730429649353
conv_layers.4,1,7,35,0.06506318598985672
conv_layers.4,1,7,36,0.167142853140831
conv_layers.4,1,7,37,0.05675806850194931
conv_layers.4,1,7,38,0.35187432169914246
conv_layers.4,1,7,39,0.3902375102043152
conv_layers.4,1,7,40,0.2956358790397644
conv_layers.4,1,7,41,0.01167692244052887
conv_layers.4,1,7,42,0.32610830664634705
conv_layers.4,1,8,0,0.27724596858024597
conv_layers.4,1,8,1,0.2577401101589203
conv_layers.4,1,8,2,0.11616453528404236
conv_layers.4,1,8,3,0.24116265773773193
conv_layers.4,1,8,4,0.12929630279541016
conv_layers.4,1,8,5,0.23545807600021362
conv_layers.4,1,8,6,0.39925283193588257
conv_layers.4,1,8,7,0.20609229803085327
conv_layers.4,1,8,9,0.04204113781452179
conv_layers.4,1,8,10,0.05930182710289955
conv_layers.4,1,8,11,0.2285468727350235
conv_layers.4,1,8,12,0.4440529942512512
conv_layers.4,1,8,13,0.11507420986890793
conv_layers.4,1,8,14,0.1245930939912796
conv_layers.4,1,8,15,0.23835179209709167
conv_layers.4,1,8,16,0.17889268696308136
conv_layers.4,1,8,17,0.14837083220481873
conv_layers.4,1,8,18,0.2725262939929962
conv_layers.4,1,8,19,0.006674302741885185
conv_layers.4,1,8,20,0.13639697432518005
conv_layers.4,1,8,21,0.17012891173362732
conv_layers.4,1,8,22,0.23773248493671417
conv_layers.4,1,8,23,0.09012015163898468
conv_layers.4,1,8,24,0.3434923589229584
conv_layers.4,1,8,25,0.2631834149360657
conv_layers.4,1,8,26,0.1667729914188385
conv_layers.4,1,8,27,0.14629177749156952
conv_layers.4,1,8,28,0.07168951630592346
conv_layers.4,1,8,29,0.13040681183338165
conv_layers.4,1,8,30,0.19828717410564423
conv_layers.4,1,8,31,0.07031593471765518
conv_layers.4,1,8,32,0.24748803675174713
conv_layers.4,1,8,33,0.28153881430625916
conv_layers.4,1,8,34,0.17191743850708008
conv_layers.4,1,8,35,0.021722134202718735
conv_layers.4,1,8,36,0.1418817639350891
conv_layers.4,1,8,37,0.021543070673942566
conv_layers.4,1,8,38,0.17036236822605133
conv_layers.4,1,8,39,0.14710643887519836
conv_layers.4,1,8,40,0.32835108041763306
conv_layers.4,1,8,41,0.22887247800827026
conv_layers.4,1,8,42,0.012878685258328915
conv_layers.4,1,9,0,0.02513296902179718
conv_layers.4,1,9,1,0.14461809396743774
conv_layers.4,1,9,2,0.1644219160079956
conv_layers.4,1,9,3,0.03039216250181198
conv_layers.4,1,9,4,0.16070538759231567
conv_layers.4,1,9,5,0.3549107611179352
conv_layers.4,1,9,6,0.2842499613761902
conv_layers.4,1,9,7,0.015689663589000702
conv_layers.4,1,9,8,0.04204113781452179
conv_layers.4,1,9,10,0.47065219283103943
conv_layers.4,1,9,11,0.043618761003017426
conv_layers.4,1,9,12,0.34523993730545044
conv_layers.4,1,9,13,0.05812502279877663
conv_layers.4,1,9,14,0.032114751636981964
conv_layers.4,1,9,15,0.1809464693069458
conv_layers.4,1,9,16,0.33406054973602295
conv_layers.4,1,9,17,0.10298924893140793
conv_layers.4,1,9,18,0.14938031136989594
conv_layers.4,1,9,19,0.2217232882976532
conv_layers.4,1,9,20,0.05184774845838547
conv_layers.4,1,9,21,0.2878176271915436
conv_layers.4,1,9,22,0.02041061967611313
conv_layers.4,1,9,23,0.12024010717868805
conv_layers.4,1,9,24,0.00596137810498476
conv_layers.4,1,9,25,0.07254981249570847
conv_layers.4,1,9,26,0.18430542945861816
conv_layers.4,1,9,27,0.2886973023414612
conv_layers.4,1,9,28,0.13773711025714874
conv_layers.4,1,9,29,0.20761284232139587
conv_layers.4,1,9,30,0.1619320958852768
conv_layers.4,1,9,31,0.0216989703476429
conv_layers.4,1,9,32,0.3410813808441162
conv_layers.4,1,9,33,0.15022972226142883
conv_layers.4,1,9,34,0.26743054389953613
conv_layers.4,1,9,35,0.4768427312374115
conv_layers.4,1,9,36,0.11944857239723206
conv_layers.4,1,9,37,0.06290525197982788
conv_layers.4,1,9,38,0.10637566447257996
conv_layers.4,1,9,39,0.15357087552547455
conv_layers.4,1,9,40,0.01223975419998169
conv_layers.4,1,9,41,0.19157661497592926
conv_layers.4,1,9,42,0.27257582545280457
conv_layers.4,1,10,0,0.2414744794368744
conv_layers.4,1,10,1,0.14745120704174042
conv_layers.4,1,10,2,0.009132963605225086
conv_layers.4,1,10,3,0.13143831491470337
conv_layers.4,1,10,4,0.11209054291248322
conv_layers.4,1,10,5,0.2830880284309387
conv_layers.4,1,10,6,0.11587128043174744
conv_layers.4,1,10,7,0.013210833072662354
conv_layers.4,1,10,8,0.05930182710289955
conv_layers.4,1,10,9,0.47065219283103943
conv_layers.4,1,10,11,0.014137957245111465
conv_layers.4,1,10,12,0.2671699821949005
conv_layers.4,1,10,13,0.14010417461395264
conv_layers.4,1,10,14,0.04234861955046654
conv_layers.4,1,10,15,0.014558501541614532
conv_layers.4,1,10,16,0.12455716729164124
conv_layers.4,1,10,17,0.22402584552764893
conv_layers.4,1,10,18,0.22604726254940033
conv_layers.4,1,10,19,0.06473121792078018
conv_layers.4,1,10,20,0.013974446803331375
conv_layers.4,1,10,21,0.28985849022865295
conv_layers.4,1,10,22,0.026766888797283173
conv_layers.4,1,10,23,0.2426987886428833
conv_layers.4,1,10,24,0.33199799060821533
conv_layers.4,1,10,25,0.024417810142040253
conv_layers.4,1,10,26,0.29034218192100525
conv_layers.4,1,10,27,0.14727041125297546
conv_layers.4,1,10,28,0.14157769083976746
conv_layers.4,1,10,29,0.03216889873147011
conv_layers.4,1,10,30,0.15592209994792938
conv_layers.4,1,10,31,0.026605136692523956
conv_layers.4,1,10,32,0.29339438676834106
conv_layers.4,1,10,33,0.03248175233602524
conv_layers.4,1,10,34,0.01208411157131195
conv_layers.4,1,10,35,0.44523951411247253
conv_layers.4,1,10,36,0.28825318813323975
conv_layers.4,1,10,37,0.09254186600446701
conv_layers.4,1,10,38,0.26227691769599915
conv_layers.4,1,10,39,0.028165670111775398
conv_layers.4,1,10,40,0.044551849365234375
conv_layers.4,1,10,41,0.01985378935933113
conv_layers.4,1,10,42,0.2719067931175232
conv_layers.4,1,11,0,0.02887258492410183
conv_layers.4,1,11,1,0.21807095408439636
conv_layers.4,1,11,2,0.10945755243301392
conv_layers.4,1,11,3,0.26117879152297974
conv_layers.4,1,11,4,0.2826371192932129
conv_layers.4,1,11,5,0.1618962287902832
conv_layers.4,1,11,6,0.3729131817817688
conv_layers.4,1,11,7,0.4405558109283447
conv_layers.4,1,11,8,0.2285468727350235
conv_layers.4,1,11,9,0.043618761003017426
conv_layers.4,1,11,10,0.014137957245111465
conv_layers.4,1,11,12,0.1350894570350647
conv_layers.4,1,11,13,0.03714766725897789
conv_layers.4,1,11,14,0.09468787163496017
conv_layers.4,1,11,15,0.40881773829460144
conv_layers.4,1,11,16,0.11436594277620316
conv_layers.4,1,11,17,0.14791855216026306
conv_layers.4,1,11,18,0.29773613810539246
conv_layers.4,1,11,19,0.010563039220869541
conv_layers.4,1,11,20,0.1377689242362976
conv_layers.4,1,11,21,0.2545551359653473
conv_layers.4,1,11,22,0.10438676178455353
conv_layers.4,1,11,23,0.05835401266813278
conv_layers.4,1,11,24,0.058939650654792786
conv_layers.4,1,11,25,0.08868351578712463
conv_layers.4,1,11,26,0.21655862033367157
conv_layers.4,1,11,27,0.22165507078170776
conv_layers.4,1,11,28,0.1664310246706009
conv_layers.4,1,11,29,0.305892676115036
conv_layers.4,1,11,30,0.36704906821250916
conv_layers.4,1,11,31,0.028127631172537804
conv_layers.4,1,11,32,0.2920113801956177
conv_layers.4,1,11,33,0.042681723833084106
conv_layers.4,1,11,34,0.2577018439769745
conv_layers.4,1,11,35,0.11803720891475677
conv_layers.4,1,11,36,0.1309402883052826
conv_layers.4,1,11,37,0.16732551157474518
conv_layers.4,1,11,38,0.18365395069122314
conv_layers.4,1,11,39,0.30889415740966797
conv_layers.4,1,11,40,0.199507936835289
conv_layers.4,1,11,41,0.2740028202533722
conv_layers.4,1,11,42,0.17412075400352478
conv_layers.4,1,12,0,0.150934100151062
conv_layers.4,1,12,1,0.0008997097611427307
conv_layers.4,1,12,2,0.04999219626188278
conv_layers.4,1,12,3,0.30083370208740234
conv_layers.4,1,12,4,0.18034633994102478
conv_layers.4,1,12,5,0.2870994210243225
conv_layers.4,1,12,6,0.4317241907119751
conv_layers.4,1,12,7,0.23341703414916992
conv_layers.4,1,12,8,0.4440529942512512
conv_layers.4,1,12,9,0.34523993730545044
conv_layers.4,1,12,10,0.2671699821949005
conv_layers.4,1,12,11,0.1350894570350647
conv_layers.4,1,12,13,0.107016921043396
conv_layers.4,1,12,14,0.3362754285335541
conv_layers.4,1,12,15,0.35530731081962585
conv_layers.4,1,12,16,0.1919977068901062
conv_layers.4,1,12,17,0.028496110811829567
conv_layers.4,1,12,18,0.2840757668018341
conv_layers.4,1,12,19,0.09950287640094757
conv_layers.4,1,12,20,0.04283720627427101
conv_layers.4,1,12,21,0.07173729687929153
conv_layers.4,1,12,22,0.16966813802719116
conv_layers.4,1,12,23,0.07242956757545471
conv_layers.4,1,12,24,0.30190718173980713
conv_layers.4,1,12,25,0.4198318123817444
conv_layers.4,1,12,26,0.18452048301696777
conv_layers.4,1,12,27,0.05324317142367363
conv_layers.4,1,12,28,0.029671475291252136
conv_layers.4,1,12,29,0.357181578874588
conv_layers.4,1,12,30,0.033981967717409134
conv_layers.4,1,12,31,0.08676358312368393
conv_layers.4,1,12,32,0.5173602104187012
conv_layers.4,1,12,33,0.3199695348739624
conv_layers.4,1,12,34,0.49578583240509033
conv_layers.4,1,12,35,0.36848729848861694
conv_layers.4,1,12,36,0.3030373454093933
conv_layers.4,1,12,37,0.12949024140834808
conv_layers.4,1,12,38,0.41698354482650757
conv_layers.4,1,12,39,0.33790600299835205
conv_layers.4,1,12,40,0.12310121953487396
conv_layers.4,1,12,41,0.07050187140703201
conv_layers.4,1,12,42,0.22392931580543518
conv_layers.4,1,13,0,0.268690288066864
conv_layers.4,1,13,1,0.051682136952877045
conv_layers.4,1,13,2,0.25375306606292725
conv_layers.4,1,13,3,0.11916191875934601
conv_layers.4,1,13,4,0.00025473907589912415
conv_layers.4,1,13,5,0.09290054440498352
conv_layers.4,1,13,6,0.054209329187870026
conv_layers.4,1,13,7,0.03338736295700073
conv_layers.4,1,13,8,0.11507420986890793
conv_layers.4,1,13,9,0.05812502279877663
conv_layers.4,1,13,10,0.14010417461395264
conv_layers.4,1,13,11,0.03714766725897789
conv_layers.4,1,13,12,0.107016921043396
conv_layers.4,1,13,14,0.09679623693227768
conv_layers.4,1,13,15,0.09250056743621826
conv_layers.4,1,13,16,0.08337230235338211
conv_layers.4,1,13,17,0.07070942223072052
conv_layers.4,1,13,18,0.2887750267982483
conv_layers.4,1,13,19,0.1471497118473053
conv_layers.4,1,13,20,0.04954122379422188
conv_layers.4,1,13,21,0.26542559266090393
conv_layers.4,1,13,22,0.03598226606845856
conv_layers.4,1,13,23,0.03576432168483734
conv_layers.4,1,13,24,0.14597585797309875
conv_layers.4,1,13,25,0.13263484835624695
conv_layers.4,1,13,26,0.08545096218585968
conv_layers.4,1,13,27,0.21822917461395264
conv_layers.4,1,13,28,0.11487874388694763
conv_layers.4,1,13,29,0.19251810014247894
conv_layers.4,1,13,30,0.008215268142521381
conv_layers.4,1,13,31,0.08214572072029114
conv_layers.4,1,13,32,0.17281153798103333
conv_layers.4,1,13,33,0.10587100684642792
conv_layers.4,1,13,34,0.19131189584732056
conv_layers.4,1,13,35,0.213377445936203
conv_layers.4,1,13,36,0.13759712874889374
conv_layers.4,1,13,37,0.3214254081249237
conv_layers.4,1,13,38,0.1593833863735199
conv_layers.4,1,13,39,0.010912223719060421
conv_layers.4,1,13,40,0.1340726912021637
conv_layers.4,1,13,41,0.14557626843452454
conv_layers.4,1,13,42,0.13328969478607178
conv_layers.4,1,14,0,0.27223140001296997
conv_layers.4,1,14,1,0.24097318947315216
conv_layers.4,1,14,2,0.04607558995485306
conv_layers.4,1,14,3,0.06669498980045319
conv_layers.4,1,14,4,0.19293765723705292
conv_layers.4,1,14,5,0.22005030512809753
conv_layers.4,1,14,6,0.09759905934333801
conv_layers.4,1,14,7,0.23173846304416656
conv_layers.4,1,14,8,0.1245930939912796
conv_layers.4,1,14,9,0.032114751636981964
conv_layers.4,1,14,10,0.04234861955046654
conv_layers.4,1,14,11,0.09468787163496017
conv_layers.4,1,14,12,0.3362754285335541
conv_layers.4,1,14,13,0.09679623693227768
conv_layers.4,1,14,15,0.22144795954227448
conv_layers.4,1,14,16,0.1492568552494049
conv_layers.4,1,14,17,0.005363684147596359
conv_layers.4,1,14,18,0.12515340745449066
conv_layers.4,1,14,19,0.11491496860980988
conv_layers.4,1,14,20,0.11375433206558228
conv_layers.4,1,14,21,0.0239394698292017
conv_layers.4,1,14,22,0.13431128859519958
conv_layers.4,1,14,23,0.03890054672956467
conv_layers.4,1,14,24,0.3137730062007904
conv_layers.4,1,14,25,0.323820024728775
conv_layers.4,1,14,26,0.25556230545043945
conv_layers.4,1,14,27,0.14895032346248627
conv_layers.4,1,14,28,0.06483153998851776
conv_layers.4,1,14,29,0.17091414332389832
conv_layers.4,1,14,30,0.11054375767707825
conv_layers.4,1,14,31,0.06676776707172394
conv_layers.4,1,14,32,0.13828594982624054
conv_layers.4,1,14,33,0.14829182624816895
conv_layers.4,1,14,34,0.009492546319961548
conv_layers.4,1,14,35,0.030524317175149918
conv_layers.4,1,14,36,0.06825251132249832
conv_layers.4,1,14,37,0.044612035155296326
conv_layers.4,1,14,38,0.2570662796497345
conv_layers.4,1,14,39,0.26686933636665344
conv_layers.4,1,14,40,0.007897518575191498
conv_layers.4,1,14,41,0.12929260730743408
conv_layers.4,1,14,42,0.03167378157377243
conv_layers.4,1,15,0,0.03079470619559288
conv_layers.4,1,15,1,0.21957077085971832
conv_layers.4,1,15,2,0.13949351012706757
conv_layers.4,1,15,3,0.3737400770187378
conv_layers.4,1,15,4,0.19465044140815735
conv_layers.4,1,15,5,0.17910510301589966
conv_layers.4,1,15,6,0.4939087927341461
conv_layers.4,1,15,7,0.5348033308982849
conv_layers.4,1,15,8,0.23835179209709167
conv_layers.4,1,15,9,0.1809464693069458
conv_layers.4,1,15,10,0.014558501541614532
conv_layers.4,1,15,11,0.40881773829460144
conv_layers.4,1,15,12,0.35530731081962585
conv_layers.4,1,15,13,0.09250056743621826
conv_layers.4,1,15,14,0.22144795954227448
conv_layers.4,1,15,16,0.43134012818336487
conv_layers.4,1,15,17,0.021053098142147064
conv_layers.4,1,15,18,0.3059402406215668
conv_layers.4,1,15,19,0.047721024602651596
conv_layers.4,1,15,20,0.11094808578491211
conv_layers.4,1,15,21,0.034770965576171875
conv_layers.4,1,15,22,0.27743038535118103
conv_layers.4,1,15,23,0.08806605637073517
conv_layers.4,1,15,24,0.15398071706295013
conv_layers.4,1,15,25,0.48621654510498047
conv_layers.4,1,15,26,0.05653174966573715
conv_layers.4,1,15,27,0.16798850893974304
conv_layers.4,1,15,28,0.00948956236243248
conv_layers.4,1,15,29,0.33562323451042175
conv_layers.4,1,15,30,0.05549293011426926
conv_layers.4,1,15,31,0.15009000897407532
conv_layers.4,1,15,32,0.568787693977356
conv_layers.4,1,15,33,0.296183705329895
conv_layers.4,1,15,34,0.2815256416797638
conv_layers.4,1,15,35,0.07605797052383423
conv_layers.4,1,15,36,0.32465580105781555
conv_layers.4,1,15,37,0.022635633125901222
conv_layers.4,1,15,38,0.43487992882728577
conv_layers.4,1,15,39,0.2660108506679535
conv_layers.4,1,15,40,0.2543089687824249
conv_layers.4,1,15,41,0.2722468376159668
conv_layers.4,1,15,42,0.11164887249469757
conv_layers.4,1,16,0,0.1587703377008438
conv_layers.4,1,16,1,0.38578906655311584
conv_layers.4,1,16,2,0.08675752580165863
conv_layers.4,1,16,3,0.3110707700252533
conv_layers.4,1,16,4,0.06250985711812973
conv_layers.4,1,16,5,0.3422189950942993
conv_layers.4,1,16,6,0.3871554434299469
conv_layers.4,1,16,7,0.20964863896369934
conv_layers.4,1,16,8,0.17889268696308136
conv_layers.4,1,16,9,0.33406054973602295
conv_layers.4,1,16,10,0.12455716729164124
conv_layers.4,1,16,11,0.11436594277620316
conv_layers.4,1,16,12,0.1919977068901062
conv_layers.4,1,16,13,0.08337230235338211
conv_layers.4,1,16,14,0.1492568552494049
conv_layers.4,1,16,15,0.43134012818336487
conv_layers.4,1,16,17,0.07095525413751602
conv_layers.4,1,16,18,0.11236175894737244
conv_layers.4,1,16,19,0.15444111824035645
conv_layers.4,1,16,20,0.1276821494102478
conv_layers.4,1,16,21,0.06379334628582001
conv_layers.4,1,16,22,0.03943232074379921
conv_layers.4,1,16,23,0.3139670789241791
conv_layers.4,1,16,24,0.020742064341902733
conv_layers.4,1,16,25,0.3347707688808441
conv_layers.4,1,16,26,0.017859872430562973
conv_layers.4,1,16,27,0.29855793714523315
conv_layers.4,1,16,28,0.038459330797195435
conv_layers.4,1,16,29,0.2540106177330017
conv_layers.4,1,16,30,0.05430425703525543
conv_layers.4,1,16,31,0.3364885449409485
conv_layers.4,1,16,32,0.3244323134422302
conv_layers.4,1,16,33,0.005137212574481964
conv_layers.4,1,16,34,0.28878456354141235
conv_layers.4,1,16,35,0.1836390346288681
conv_layers.4,1,16,36,0.1410546749830246
conv_layers.4,1,16,37,0.2414095103740692
conv_layers.4,1,16,38,0.1249583512544632
conv_layers.4,1,16,39,0.013759613037109375
conv_layers.4,1,16,40,0.18304739892482758
conv_layers.4,1,16,41,0.08740124106407166
conv_layers.4,1,16,42,0.0018376801162958145
conv_layers.4,1,17,0,0.2294953465461731
conv_layers.4,1,17,1,0.06749198585748672
conv_layers.4,1,17,2,0.04846074804663658
conv_layers.4,1,17,3,0.3000771403312683
conv_layers.4,1,17,4,0.27766090631484985
conv_layers.4,1,17,5,0.03261708840727806
conv_layers.4,1,17,6,0.2860482931137085
conv_layers.4,1,17,7,0.19925887882709503
conv_layers.4,1,17,8,0.14837083220481873
conv_layers.4,1,17,9,0.10298924893140793
conv_layers.4,1,17,10,0.22402584552764893
conv_layers.4,1,17,11,0.14791855216026306
conv_layers.4,1,17,12,0.028496110811829567
conv_layers.4,1,17,13,0.07070942223072052
conv_layers.4,1,17,14,0.005363684147596359
conv_layers.4,1,17,15,0.021053098142147064
conv_layers.4,1,17,16,0.07095525413751602
conv_layers.4,1,17,18,0.12457169592380524
conv_layers.4,1,17,19,0.015831071883440018
conv_layers.4,1,17,20,0.1221461147069931
conv_layers.4,1,17,21,0.02231908217072487
conv_layers.4,1,17,22,0.07246182858943939
conv_layers.4,1,17,23,0.057197749614715576
conv_layers.4,1,17,24,0.08088125288486481
conv_layers.4,1,17,25,0.10767938196659088
conv_layers.4,1,17,26,0.003695503808557987
conv_layers.4,1,17,27,0.13399232923984528
conv_layers.4,1,17,28,0.0559728778898716
conv_layers.4,1,17,29,0.06271955370903015
conv_layers.4,1,17,30,0.06778638064861298
conv_layers.4,1,17,31,0.001977682113647461
conv_layers.4,1,17,32,0.08011117577552795
conv_layers.4,1,17,33,0.17039421200752258
conv_layers.4,1,17,34,0.0390658900141716
conv_layers.4,1,17,35,0.16378939151763916
conv_layers.4,1,17,36,0.19164586067199707
conv_layers.4,1,17,37,0.26837652921676636
conv_layers.4,1,17,38,0.25450024008750916
conv_layers.4,1,17,39,0.19158750772476196
conv_layers.4,1,17,40,0.1443931609392166
conv_layers.4,1,17,41,0.159923255443573
conv_layers.4,1,17,42,0.5183517932891846
conv_layers.4,1,18,0,0.14728975296020508
conv_layers.4,1,18,1,0.20552176237106323
conv_layers.4,1,18,2,0.02690158225595951
conv_layers.4,1,18,3,0.4988965094089508
conv_layers.4,1,18,4,0.5918929576873779
conv_layers.4,1,18,5,0.11430937796831131
conv_layers.4,1,18,6,0.36881643533706665
conv_layers.4,1,18,7,0.2096623331308365
conv_layers.4,1,18,8,0.2725262939929962
conv_layers.4,1,18,9,0.14938031136989594
conv_layers.4,1,18,10,0.22604726254940033
conv_layers.4,1,18,11,0.29773613810539246
conv_layers.4,1,18,12,0.2840757668018341
conv_layers.4,1,18,13,0.2887750267982483
conv_layers.4,1,18,14,0.12515340745449066
conv_layers.4,1,18,15,0.3059402406215668
conv_layers.4,1,18,16,0.11236175894737244
conv_layers.4,1,18,17,0.12457169592380524
conv_layers.4,1,18,19,0.22797897458076477
conv_layers.4,1,18,20,0.21589550375938416
conv_layers.4,1,18,21,0.2159305214881897
conv_layers.4,1,18,22,0.3128291666507721
conv_layers.4,1,18,23,0.1319667249917984
conv_layers.4,1,18,24,0.023654108867049217
conv_layers.4,1,18,25,0.1578913927078247
conv_layers.4,1,18,26,0.111147440969944
conv_layers.4,1,18,27,0.0644102692604065
conv_layers.4,1,18,28,0.42906302213668823
conv_layers.4,1,18,29,0.24575775861740112
conv_layers.4,1,18,30,0.3058004677295685
conv_layers.4,1,18,31,0.3103347718715668
conv_layers.4,1,18,32,0.21212421357631683
conv_layers.4,1,18,33,0.20126686990261078
conv_layers.4,1,18,34,0.4592394530773163
conv_layers.4,1,18,35,0.07903564721345901
conv_layers.4,1,18,36,0.11223892867565155
conv_layers.4,1,18,37,0.2242777943611145
conv_layers.4,1,18,38,0.060325987637043
conv_layers.4,1,18,39,0.0010859344620257616
conv_layers.4,1,18,40,0.1270771473646164
conv_layers.4,1,18,41,0.1480061113834381
conv_layers.4,1,18,42,0.298126757144928
conv_layers.4,1,19,0,0.06646037101745605
conv_layers.4,1,19,1,0.19618864357471466
conv_layers.4,1,19,2,0.030734451487660408
conv_layers.4,1,19,3,0.16994141042232513
conv_layers.4,1,19,4,0.05248957872390747
conv_layers.4,1,19,5,0.08539120852947235
conv_layers.4,1,19,6,0.08849041163921356
conv_layers.4,1,19,7,0.1219068095088005
conv_layers.4,1,19,8,0.006674302741885185
conv_layers.4,1,19,9,0.2217232882976532
conv_layers.4,1,19,10,0.06473121792078018
conv_layers.4,1,19,11,0.010563039220869541
conv_layers.4,1,19,12,0.09950287640094757
conv_layers.4,1,19,13,0.1471497118473053
conv_layers.4,1,19,14,0.11491496860980988
conv_layers.4,1,19,15,0.047721024602651596
conv_layers.4,1,19,16,0.15444111824035645
conv_layers.4,1,19,17,0.015831071883440018
conv_layers.4,1,19,18,0.22797897458076477
conv_layers.4,1,19,20,0.21150191128253937
conv_layers.4,1,19,21,0.12654046714305878
conv_layers.4,1,19,22,0.06651710718870163
conv_layers.4,1,19,23,0.7475804686546326
conv_layers.4,1,19,24,0.10743570327758789
conv_layers.4,1,19,25,0.10977403074502945
conv_layers.4,1,19,26,0.01939162239432335
conv_layers.4,1,19,27,0.018560757860541344
conv_layers.4,1,19,28,0.005881069228053093
conv_layers.4,1,19,29,0.05688817799091339
conv_layers.4,1,19,30,0.3586314022541046
conv_layers.4,1,19,31,0.19355957210063934
conv_layers.4,1,19,32,0.03436564654111862
conv_layers.4,1,19,33,0.01826574094593525
conv_layers.4,1,19,34,0.03714558482170105
conv_layers.4,1,19,35,0.007084362208843231
conv_layers.4,1,19,36,0.020183561369776726
conv_layers.4,1,19,37,0.03848826140165329
conv_layers.4,1,19,38,0.15422245860099792
conv_layers.4,1,19,39,0.02692188322544098
conv_layers.4,1,19,40,0.08745251595973969
conv_layers.4,1,19,41,0.22058232128620148
conv_layers.4,1,19,42,0.06355874240398407
conv_layers.4,1,20,0,0.23619993031024933
conv_layers.4,1,20,1,0.12913209199905396
conv_layers.4,1,20,2,0.07965902239084244
conv_layers.4,1,20,3,0.03322857618331909
conv_layers.4,1,20,4,0.19186435639858246
conv_layers.4,1,20,5,0.06780833005905151
conv_layers.4,1,20,6,0.08704105764627457
conv_layers.4,1,20,7,0.1654348373413086
conv_layers.4,1,20,8,0.13639697432518005
conv_layers.4,1,20,9,0.05184774845838547
conv_layers.4,1,20,10,0.013974446803331375
conv_layers.4,1,20,11,0.1377689242362976
conv_layers.4,1,20,12,0.04283720627427101
conv_layers.4,1,20,13,0.04954122379422188
conv_layers.4,1,20,14,0.11375433206558228
conv_layers.4,1,20,15,0.11094808578491211
conv_layers.4,1,20,16,0.1276821494102478
conv_layers.4,1,20,17,0.1221461147069931
conv_layers.4,1,20,18,0.21589550375938416
conv_layers.4,1,20,19,0.21150191128253937
conv_layers.4,1,20,21,0.20723101496696472
conv_layers.4,1,20,22,0.09328056126832962
conv_layers.4,1,20,23,0.17404478788375854
conv_layers.4,1,20,24,0.1379747986793518
conv_layers.4,1,20,25,0.039794184267520905
conv_layers.4,1,20,26,0.03911051154136658
conv_layers.4,1,20,27,0.0010992661118507385
conv_layers.4,1,20,28,0.031742505729198456
conv_layers.4,1,20,29,0.03292389214038849
conv_layers.4,1,20,30,0.28891339898109436
conv_layers.4,1,20,31,0.06973917037248611
conv_layers.4,1,20,32,0.15507224202156067
conv_layers.4,1,20,33,0.05326319485902786
conv_layers.4,1,20,34,0.0019187293946743011
conv_layers.4,1,20,35,0.10429252684116364
conv_layers.4,1,20,36,0.11043905466794968
conv_layers.4,1,20,37,0.013975584879517555
conv_layers.4,1,20,38,0.006519019603729248
conv_layers.4,1,20,39,0.28623005747795105
conv_layers.4,1,20,40,0.10536587983369827
conv_layers.4,1,20,41,0.155044287443161
conv_layers.4,1,20,42,0.10072790086269379
conv_layers.4,1,21,0,0.13809064030647278
conv_layers.4,1,21,1,0.041622743010520935
conv_layers.4,1,21,2,0.1483221799135208
conv_layers.4,1,21,3,0.08763070404529572
conv_layers.4,1,21,4,0.051383692771196365
conv_layers.4,1,21,5,0.08495855331420898
conv_layers.4,1,21,6,0.051997482776641846
conv_layers.4,1,21,7,0.1407000869512558
conv_layers.4,1,21,8,0.17012891173362732
conv_layers.4,1,21,9,0.2878176271915436
conv_layers.4,1,21,10,0.28985849022865295
conv_layers.4,1,21,11,0.2545551359653473
conv_layers.4,1,21,12,0.07173729687929153
conv_layers.4,1,21,13,0.26542559266090393
conv_layers.4,1,21,14,0.0239394698292017
conv_layers.4,1,21,15,0.034770965576171875
conv_layers.4,1,21,16,0.06379334628582001
conv_layers.4,1,21,17,0.02231908217072487
conv_layers.4,1,21,18,0.2159305214881897
conv_layers.4,1,21,19,0.12654046714305878
conv_layers.4,1,21,20,0.20723101496696472
conv_layers.4,1,21,22,0.21391859650611877
conv_layers.4,1,21,23,0.16486860811710358
conv_layers.4,1,21,24,0.07500854134559631
conv_layers.4,1,21,25,0.011401649564504623
conv_layers.4,1,21,26,0.13958992063999176
conv_layers.4,1,21,27,0.15631574392318726
conv_layers.4,1,21,28,0.40117982029914856
conv_layers.4,1,21,29,0.07656808942556381
conv_layers.4,1,21,30,0.011464718729257584
conv_layers.4,1,21,31,0.06095234677195549
conv_layers.4,1,21,32,0.3924747705459595
conv_layers.4,1,21,33,0.03836849331855774
conv_layers.4,1,21,34,0.010742433369159698
conv_layers.4,1,21,35,0.2421899288892746
conv_layers.4,1,21,36,0.08748365938663483
conv_layers.4,1,21,37,0.025827273726463318
conv_layers.4,1,21,38,0.03564053773880005
conv_layers.4,1,21,39,0.058998480439186096
conv_layers.4,1,21,40,0.02311025559902191
conv_layers.4,1,21,41,0.1043853685259819
conv_layers.4,1,21,42,0.13469772040843964
conv_layers.4,1,22,0,0.087700754404068
conv_layers.4,1,22,1,0.4572432339191437
conv_layers.4,1,22,2,0.09458908438682556
conv_layers.4,1,22,3,0.10838625580072403
conv_layers.4,1,22,4,0.1485346555709839
conv_layers.4,1,22,5,0.24566766619682312
conv_layers.4,1,22,6,0.21668802201747894
conv_layers.4,1,22,7,0.003520738333463669
conv_layers.4,1,22,8,0.23773248493671417
conv_layers.4,1,22,9,0.02041061967611313
conv_layers.4,1,22,10,0.026766888797283173
conv_layers.4,1,22,11,0.10438676178455353
conv_layers.4,1,22,12,0.16966813802719116
conv_layers.4,1,22,13,0.03598226606845856
conv_layers.4,1,22,14,0.13431128859519958
conv_layers.4,1,22,15,0.27743038535118103
conv_layers.4,1,22,16,0.03943232074379921
conv_layers.4,1,22,17,0.07246182858943939
conv_layers.4,1,22,18,0.3128291666507721
conv_layers.4,1,22,19,0.06651710718870163
conv_layers.4,1,22,20,0.09328056126832962
conv_layers.4,1,22,21,0.21391859650611877
conv_layers.4,1,22,23,0.021259374916553497
conv_layers.4,1,22,24,0.03604951128363609
conv_layers.4,1,22,25,0.22046546638011932
conv_layers.4,1,22,26,0.39329656958580017
conv_layers.4,1,22,27,0.06411629915237427
conv_layers.4,1,22,28,0.0130942203104496
conv_layers.4,1,22,29,0.04198071360588074
conv_layers.4,1,22,30,0.13027770817279816
conv_layers.4,1,22,31,0.15059643983840942
conv_layers.4,1,22,32,0.16984540224075317
conv_layers.4,1,22,33,0.16684837639331818
conv_layers.4,1,22,34,0.05363879352807999
conv_layers.4,1,22,35,0.0405084565281868
conv_layers.4,1,22,36,0.24046748876571655
conv_layers.4,1,22,37,0.07088512182235718
conv_layers.4,1,22,38,0.09948156774044037
conv_layers.4,1,22,39,0.11017271876335144
conv_layers.4,1,22,40,0.042601075023412704
conv_layers.4,1,22,41,0.20872963964939117
conv_layers.4,1,22,42,0.18651920557022095
conv_layers.4,1,23,0,0.1203266903758049
conv_layers.4,1,23,1,0.3363288342952728
conv_layers.4,1,23,2,0.02770417183637619
conv_layers.4,1,23,3,0.22801564633846283
conv_layers.4,1,23,4,0.08603882789611816
conv_layers.4,1,23,5,0.28171679377555847
conv_layers.4,1,23,6,0.067196324467659
conv_layers.4,1,23,7,0.022222936153411865
conv_layers.4,1,23,8,0.09012015163898468
conv_layers.4,1,23,9,0.12024010717868805
conv_layers.4,1,23,10,0.2426987886428833
conv_layers.4,1,23,11,0.05835401266813278
conv_layers.4,1,23,12,0.07242956757545471
conv_layers.4,1,23,13,0.03576432168483734
conv_layers.4,1,23,14,0.03890054672956467
conv_layers.4,1,23,15,0.08806605637073517
conv_layers.4,1,23,16,0.3139670789241791
conv_layers.4,1,23,17,0.057197749614715576
conv_layers.4,1,23,18,0.1319667249917984
conv_layers.4,1,23,19,0.7475804686546326
conv_layers.4,1,23,20,0.17404478788375854
conv_layers.4,1,23,21,0.16486860811710358
conv_layers.4,1,23,22,0.021259374916553497
conv_layers.4,1,23,24,0.02339421585202217
conv_layers.4,1,23,25,0.07371440529823303
conv_layers.4,1,23,26,0.05323037877678871
conv_layers.4,1,23,27,0.030251024290919304
conv_layers.4,1,23,28,0.07032103091478348
conv_layers.4,1,23,29,0.08543673157691956
conv_layers.4,1,23,30,0.157932311296463
conv_layers.4,1,23,31,0.1548910140991211
conv_layers.4,1,23,32,0.25168654322624207
conv_layers.4,1,23,33,0.002092909999191761
conv_layers.4,1,23,34,0.030479013919830322
conv_layers.4,1,23,35,0.23710624873638153
conv_layers.4,1,23,36,0.17010077834129333
conv_layers.4,1,23,37,0.03370058909058571
conv_layers.4,1,23,38,0.18950706720352173
conv_layers.4,1,23,39,0.15721191465854645
conv_layers.4,1,23,40,0.2605474889278412
conv_layers.4,1,23,41,0.03542549908161163
conv_layers.4,1,23,42,0.07164725661277771
conv_layers.4,1,24,0,0.12710386514663696
conv_layers.4,1,24,1,0.0059477100148797035
conv_layers.4,1,24,2,0.36251991987228394
conv_layers.4,1,24,3,0.17529653012752533
conv_layers.4,1,24,4,0.13455037772655487
conv_layers.4,1,24,5,0.07445690035820007
conv_layers.4,1,24,6,0.17933650314807892
conv_layers.4,1,24,7,0.27343350648880005
conv_layers.4,1,24,8,0.3434923589229584
conv_layers.4,1,24,9,0.00596137810498476
conv_layers.4,1,24,10,0.33199799060821533
conv_layers.4,1,24,11,0.058939650654792786
conv_layers.4,1,24,12,0.30190718173980713
conv_layers.4,1,24,13,0.14597585797309875
conv_layers.4,1,24,14,0.3137730062007904
conv_layers.4,1,24,15,0.15398071706295013
conv_layers.4,1,24,16,0.020742064341902733
conv_layers.4,1,24,17,0.08088125288486481
conv_layers.4,1,24,18,0.023654108867049217
conv_layers.4,1,24,19,0.10743570327758789
conv_layers.4,1,24,20,0.1379747986793518
conv_layers.4,1,24,21,0.07500854134559631
conv_layers.4,1,24,22,0.03604951128363609
conv_layers.4,1,24,23,0.02339421585202217
conv_layers.4,1,24,25,0.2948746979236603
conv_layers.4,1,24,26,0.16022485494613647
conv_layers.4,1,24,27,0.15585118532180786
conv_layers.4,1,24,28,0.05171463266015053
conv_layers.4,1,24,29,0.11830008029937744
conv_layers.4,1,24,30,0.1895942986011505
conv_layers.4,1,24,31,0.15366625785827637
conv_layers.4,1,24,32,0.2664102613925934
conv_layers.4,1,24,33,0.07199115306138992
conv_layers.4,1,24,34,0.10167185962200165
conv_layers.4,1,24,35,0.06663576513528824
conv_layers.4,1,24,36,0.3647236227989197
conv_layers.4,1,24,37,0.07447068393230438
conv_layers.4,1,24,38,0.2913815975189209
conv_layers.4,1,24,39,0.44702577590942383
conv_layers.4,1,24,40,0.2494688481092453
conv_layers.4,1,24,41,0.11949899792671204
conv_layers.4,1,24,42,0.1571599543094635
conv_layers.4,1,25,0,0.21719975769519806
conv_layers.4,1,25,1,0.026981767266988754
conv_layers.4,1,25,2,0.31990617513656616
conv_layers.4,1,25,3,0.31590402126312256
conv_layers.4,1,25,4,0.19928807020187378
conv_layers.4,1,25,5,0.09323754161596298
conv_layers.4,1,25,6,0.38376444578170776
conv_layers.4,1,25,7,0.2817728519439697
conv_layers.4,1,25,8,0.2631834149360657
conv_layers.4,1,25,9,0.07254981249570847
conv_layers.4,1,25,10,0.024417810142040253
conv_layers.4,1,25,11,0.08868351578712463
conv_layers.4,1,25,12,0.4198318123817444
conv_layers.4,1,25,13,0.13263484835624695
conv_layers.4,1,25,14,0.323820024728775
conv_layers.4,1,25,15,0.48621654510498047
conv_layers.4,1,25,16,0.3347707688808441
conv_layers.4,1,25,17,0.10767938196659088
conv_layers.4,1,25,18,0.1578913927078247
conv_layers.4,1,25,19,0.10977403074502945
conv_layers.4,1,25,20,0.039794184267520905
conv_layers.4,1,25,21,0.011401649564504623
conv_layers.4,1,25,22,0.22046546638011932
conv_layers.4,1,25,23,0.07371440529823303
conv_layers.4,1,25,24,0.2948746979236603
conv_layers.4,1,25,26,0.17331638932228088
conv_layers.4,1,25,27,0.042453885078430176
conv_layers.4,1,25,28,0.12372277677059174
conv_layers.4,1,25,29,0.24803808331489563
conv_layers.4,1,25,30,0.040789902210235596
conv_layers.4,1,25,31,0.3593185842037201
conv_layers.4,1,25,32,0.41496145725250244
conv_layers.4,1,25,33,0.1634175181388855
conv_layers.4,1,25,34,0.310512512922287
conv_layers.4,1,25,35,0.1810896247625351
conv_layers.4,1,25,36,0.2676078975200653
conv_layers.4,1,25,37,0.08747734874486923
conv_layers.4,1,25,38,0.33289575576782227
conv_layers.4,1,25,39,0.3307035565376282
conv_layers.4,1,25,40,0.058027781546115875
conv_layers.4,1,25,41,0.028568368405103683
conv_layers.4,1,25,42,0.05419745296239853
conv_layers.4,1,26,0,0.16448351740837097
conv_layers.4,1,26,1,0.2244350016117096
conv_layers.4,1,26,2,0.14426009356975555
conv_layers.4,1,26,3,0.23335807025432587
conv_layers.4,1,26,4,0.0932578444480896
conv_layers.4,1,26,5,0.008367814123630524
conv_layers.4,1,26,6,0.018434423953294754
conv_layers.4,1,26,7,0.08536511659622192
conv_layers.4,1,26,8,0.1667729914188385
conv_layers.4,1,26,9,0.18430542945861816
conv_layers.4,1,26,10,0.29034218192100525
conv_layers.4,1,26,11,0.21655862033367157
conv_layers.4,1,26,12,0.18452048301696777
conv_layers.4,1,26,13,0.08545096218585968
conv_layers.4,1,26,14,0.25556230545043945
conv_layers.4,1,26,15,0.05653174966573715
conv_layers.4,1,26,16,0.017859872430562973
conv_layers.4,1,26,17,0.003695503808557987
conv_layers.4,1,26,18,0.111147440969944
conv_layers.4,1,26,19,0.01939162239432335
conv_layers.4,1,26,20,0.03911051154136658
conv_layers.4,1,26,21,0.13958992063999176
conv_layers.4,1,26,22,0.39329656958580017
conv_layers.4,1,26,23,0.05323037877678871
conv_layers.4,1,26,24,0.16022485494613647
conv_layers.4,1,26,25,0.17331638932228088
conv_layers.4,1,26,27,0.12955895066261292
conv_layers.4,1,26,28,0.1588159203529358
conv_layers.4,1,26,29,0.11474563181400299
conv_layers.4,1,26,30,0.026157166808843613
conv_layers.4,1,26,31,0.10639190673828125
conv_layers.4,1,26,32,0.11643584072589874
conv_layers.4,1,26,33,0.03329625725746155
conv_layers.4,1,26,34,0.02888322062790394
conv_layers.4,1,26,35,0.03704662248492241
conv_layers.4,1,26,36,0.0016395633574575186
conv_layers.4,1,26,37,0.10927264392375946
conv_layers.4,1,26,38,0.1726064532995224
conv_layers.4,1,26,39,0.1706189662218094
conv_layers.4,1,26,40,0.08965396881103516
conv_layers.4,1,26,41,0.055205538868904114
conv_layers.4,1,26,42,0.04523411765694618
conv_layers.4,1,27,0,0.09140152484178543
conv_layers.4,1,27,1,0.09084144234657288
conv_layers.4,1,27,2,0.1436992734670639
conv_layers.4,1,27,3,0.001346435397863388
conv_layers.4,1,27,4,0.2488003671169281
conv_layers.4,1,27,5,0.06278028339147568
conv_layers.4,1,27,6,0.32231605052948
conv_layers.4,1,27,7,0.03815339505672455
conv_layers.4,1,27,8,0.14629177749156952
conv_layers.4,1,27,9,0.2886973023414612
conv_layers.4,1,27,10,0.14727041125297546
conv_layers.4,1,27,11,0.22165507078170776
conv_layers.4,1,27,12,0.05324317142367363
conv_layers.4,1,27,13,0.21822917461395264
conv_layers.4,1,27,14,0.14895032346248627
conv_layers.4,1,27,15,0.16798850893974304
conv_layers.4,1,27,16,0.29855793714523315
conv_layers.4,1,27,17,0.13399232923984528
conv_layers.4,1,27,18,0.0644102692604065
conv_layers.4,1,27,19,0.018560757860541344
conv_layers.4,1,27,20,0.0010992661118507385
conv_layers.4,1,27,21,0.15631574392318726
conv_layers.4,1,27,22,0.06411629915237427
conv_layers.4,1,27,23,0.030251024290919304
conv_layers.4,1,27,24,0.15585118532180786
conv_layers.4,1,27,25,0.042453885078430176
conv_layers.4,1,27,26,0.12955895066261292
conv_layers.4,1,27,28,0.3455536961555481
conv_layers.4,1,27,29,0.4054892361164093
conv_layers.4,1,27,30,0.1345985233783722
conv_layers.4,1,27,31,0.05603094398975372
conv_layers.4,1,27,32,0.18411703407764435
conv_layers.4,1,27,33,0.15656468272209167
conv_layers.4,1,27,34,0.2605290114879608
conv_layers.4,1,27,35,0.13734017312526703
conv_layers.4,1,27,36,0.025833070278167725
conv_layers.4,1,27,37,0.25049710273742676
conv_layers.4,1,27,38,0.01744472235441208
conv_layers.4,1,27,39,0.04563089460134506
conv_layers.4,1,27,40,0.10635814070701599
conv_layers.4,1,27,41,0.17341220378875732
conv_layers.4,1,27,42,0.22580760717391968
conv_layers.4,1,28,0,0.03849520534276962
conv_layers.4,1,28,1,0.13242051005363464
conv_layers.4,1,28,2,0.08554879575967789
conv_layers.4,1,28,3,0.40095892548561096
conv_layers.4,1,28,4,0.31045496463775635
conv_layers.4,1,28,5,0.26989707350730896
conv_layers.4,1,28,6,0.09741745889186859
conv_layers.4,1,28,7,0.12407907843589783
conv_layers.4,1,28,8,0.07168951630592346
conv_layers.4,1,28,9,0.13773711025714874
conv_layers.4,1,28,10,0.14157769083976746
conv_layers.4,1,28,11,0.1664310246706009
conv_layers.4,1,28,12,0.029671475291252136
conv_layers.4,1,28,13,0.11487874388694763
conv_layers.4,1,28,14,0.06483153998851776
conv_layers.4,1,28,15,0.00948956236243248
conv_layers.4,1,28,16,0.038459330797195435
conv_layers.4,1,28,17,0.0559728778898716
conv_layers.4,1,28,18,0.42906302213668823
conv_layers.4,1,28,19,0.005881069228053093
conv_layers.4,1,28,20,0.031742505729198456
conv_layers.4,1,28,21,0.40117982029914856
conv_layers.4,1,28,22,0.0130942203104496
conv_layers.4,1,28,23,0.07032103091478348
conv_layers.4,1,28,24,0.05171463266015053
conv_layers.4,1,28,25,0.12372277677059174
conv_layers.4,1,28,26,0.1588159203529358
conv_layers.4,1,28,27,0.3455536961555481
conv_layers.4,1,28,29,0.18651358783245087
conv_layers.4,1,28,30,0.11439628899097443
conv_layers.4,1,28,31,0.30607369542121887
conv_layers.4,1,28,32,0.1307697594165802
conv_layers.4,1,28,33,0.07949401438236237
conv_layers.4,1,28,34,0.055841587483882904
conv_layers.4,1,28,35,0.2679746448993683
conv_layers.4,1,28,36,0.05308714136481285
conv_layers.4,1,28,37,0.04528674855828285
conv_layers.4,1,28,38,0.04139474779367447
conv_layers.4,1,28,39,0.16050569713115692
conv_layers.4,1,28,40,0.05613834410905838
conv_layers.4,1,28,41,0.08350080251693726
conv_layers.4,1,28,42,0.399263471364975
conv_layers.4,1,29,0,0.11453187465667725
conv_layers.4,1,29,1,0.06566828489303589
conv_layers.4,1,29,2,0.2010250985622406
conv_layers.4,1,29,3,0.0785011574625969
conv_layers.4,1,29,4,0.02593933790922165
conv_layers.4,1,29,5,3.794301301240921e-05
conv_layers.4,1,29,6,0.2968403100967407
conv_layers.4,1,29,7,0.22598692774772644
conv_layers.4,1,29,8,0.13040681183338165
conv_layers.4,1,29,9,0.20761284232139587
conv_layers.4,1,29,10,0.03216889873147011
conv_layers.4,1,29,11,0.305892676115036
conv_layers.4,1,29,12,0.357181578874588
conv_layers.4,1,29,13,0.19251810014247894
conv_layers.4,1,29,14,0.17091414332389832
conv_layers.4,1,29,15,0.33562323451042175
conv_layers.4,1,29,16,0.2540106177330017
conv_layers.4,1,29,17,0.06271955370903015
conv_layers.4,1,29,18,0.24575775861740112
conv_layers.4,1,29,19,0.05688817799091339
conv_layers.4,1,29,20,0.03292389214038849
conv_layers.4,1,29,21,0.07656808942556381
conv_layers.4,1,29,22,0.04198071360588074
conv_layers.4,1,29,23,0.08543673157691956
conv_layers.4,1,29,24,0.11830008029937744
conv_layers.4,1,29,25,0.24803808331489563
conv_layers.4,1,29,26,0.11474563181400299
conv_layers.4,1,29,27,0.4054892361164093
conv_layers.4,1,29,28,0.18651358783245087
conv_layers.4,1,29,30,0.09654605388641357
conv_layers.4,1,29,31,0.04463678598403931
conv_layers.4,1,29,32,0.31178486347198486
conv_layers.4,1,29,33,0.03309284895658493
conv_layers.4,1,29,34,0.27419355511665344
conv_layers.4,1,29,35,0.16232965886592865
conv_layers.4,1,29,36,0.17028285562992096
conv_layers.4,1,29,37,0.31882956624031067
conv_layers.4,1,29,38,0.20511360466480255
conv_layers.4,1,29,39,0.2326529622077942
conv_layers.4,1,29,40,0.09975510835647583
conv_layers.4,1,29,41,0.1110195443034172
conv_layers.4,1,29,42,0.15512123703956604
conv_layers.4,1,30,0,0.15021347999572754
conv_layers.4,1,30,1,0.0007139658555388451
conv_layers.4,1,30,2,0.05701545625925064
conv_layers.4,1,30,3,0.03605344146490097
conv_layers.4,1,30,4,0.1597222536802292
conv_layers.4,1,30,5,0.23209461569786072
conv_layers.4,1,30,6,0.14032281935214996
conv_layers.4,1,30,7,0.04515038803219795
conv_layers.4,1,30,8,0.19828717410564423
conv_layers.4,1,30,9,0.1619320958852768
conv_layers.4,1,30,10,0.15592209994792938
conv_layers.4,1,30,11,0.36704906821250916
conv_layers.4,1,30,12,0.033981967717409134
conv_layers.4,1,30,13,0.008215268142521381
conv_layers.4,1,30,14,0.11054375767707825
conv_layers.4,1,30,15,0.05549293011426926
conv_layers.4,1,30,16,0.05430425703525543
conv_layers.4,1,30,17,0.06778638064861298
conv_layers.4,1,30,18,0.3058004677295685
conv_layers.4,1,30,19,0.3586314022541046
conv_layers.4,1,30,20,0.28891339898109436
conv_layers.4,1,30,21,0.011464718729257584
conv_layers.4,1,30,22,0.13027770817279816
conv_layers.4,1,30,23,0.157932311296463
conv_layers.4,1,30,24,0.1895942986011505
conv_layers.4,1,30,25,0.040789902210235596
conv_layers.4,1,30,26,0.026157166808843613
conv_layers.4,1,30,27,0.1345985233783722
conv_layers.4,1,30,28,0.11439628899097443
conv_layers.4,1,30,29,0.09654605388641357
conv_layers.4,1,30,31,0.22630272805690765
conv_layers.4,1,30,32,0.12846669554710388
conv_layers.4,1,30,33,0.0979694053530693
conv_layers.4,1,30,34,0.09642650187015533
conv_layers.4,1,30,35,0.22077424824237823
conv_layers.4,1,30,36,0.029011467471718788
conv_layers.4,1,30,37,0.33466389775276184
conv_layers.4,1,30,38,0.11202263832092285
conv_layers.4,1,30,39,0.0742868185043335
conv_layers.4,1,30,40,0.10798455029726028
conv_layers.4,1,30,41,0.09356601536273956
conv_layers.4,1,30,42,0.00941862165927887
conv_layers.4,1,31,0,0.03417656570672989
conv_layers.4,1,31,1,0.2124163806438446
conv_layers.4,1,31,2,0.26453083753585815
conv_layers.4,1,31,3,0.22721514105796814
conv_layers.4,1,31,4,0.2346847653388977
conv_layers.4,1,31,5,0.09484848380088806
conv_layers.4,1,31,6,0.14095327258110046
conv_layers.4,1,31,7,0.07078103721141815
conv_layers.4,1,31,8,0.07031593471765518
conv_layers.4,1,31,9,0.0216989703476429
conv_layers.4,1,31,10,0.026605136692523956
conv_layers.4,1,31,11,0.028127631172537804
conv_layers.4,1,31,12,0.08676358312368393
conv_layers.4,1,31,13,0.08214572072029114
conv_layers.4,1,31,14,0.06676776707172394
conv_layers.4,1,31,15,0.15009000897407532
conv_layers.4,1,31,16,0.3364885449409485
conv_layers.4,1,31,17,0.001977682113647461
conv_layers.4,1,31,18,0.3103347718715668
conv_layers.4,1,31,19,0.19355957210063934
conv_layers.4,1,31,20,0.06973917037248611
conv_layers.4,1,31,21,0.06095234677195549
conv_layers.4,1,31,22,0.15059643983840942
conv_layers.4,1,31,23,0.1548910140991211
conv_layers.4,1,31,24,0.15366625785827637
conv_layers.4,1,31,25,0.3593185842037201
conv_layers.4,1,31,26,0.10639190673828125
conv_layers.4,1,31,27,0.05603094398975372
conv_layers.4,1,31,28,0.30607369542121887
conv_layers.4,1,31,29,0.04463678598403931
conv_layers.4,1,31,30,0.22630272805690765
conv_layers.4,1,31,32,0.12601697444915771
conv_layers.4,1,31,33,0.08746065199375153
conv_layers.4,1,31,34,0.05985471233725548
conv_layers.4,1,31,35,0.08058920502662659
conv_layers.4,1,31,36,0.009707827121019363
conv_layers.4,1,31,37,0.1376311182975769
conv_layers.4,1,31,38,0.026034576818346977
conv_layers.4,1,31,39,0.24343401193618774
conv_layers.4,1,31,40,0.2352895885705948
conv_layers.4,1,31,41,0.24238254129886627
conv_layers.4,1,31,42,0.34206077456474304
conv_layers.4,1,32,0,0.13189393281936646
conv_layers.4,1,32,1,0.19288605451583862
conv_layers.4,1,32,2,0.17460456490516663
conv_layers.4,1,32,3,0.4484896659851074
conv_layers.4,1,32,4,0.2511034309864044
conv_layers.4,1,32,5,0.17597055435180664
conv_layers.4,1,32,6,0.44613322615623474
conv_layers.4,1,32,7,0.47998812794685364
conv_layers.4,1,32,8,0.24748803675174713
conv_layers.4,1,32,9,0.3410813808441162
conv_layers.4,1,32,10,0.29339438676834106
conv_layers.4,1,32,11,0.2920113801956177
conv_layers.4,1,32,12,0.5173602104187012
conv_layers.4,1,32,13,0.17281153798103333
conv_layers.4,1,32,14,0.13828594982624054
conv_layers.4,1,32,15,0.568787693977356
conv_layers.4,1,32,16,0.3244323134422302
conv_layers.4,1,32,17,0.08011117577552795
conv_layers.4,1,32,18,0.21212421357631683
conv_layers.4,1,32,19,0.03436564654111862
conv_layers.4,1,32,20,0.15507224202156067
conv_layers.4,1,32,21,0.3924747705459595
conv_layers.4,1,32,22,0.16984540224075317
conv_layers.4,1,32,23,0.25168654322624207
conv_layers.4,1,32,24,0.2664102613925934
conv_layers.4,1,32,25,0.41496145725250244
conv_layers.4,1,32,26,0.11643584072589874
conv_layers.4,1,32,27,0.18411703407764435
conv_layers.4,1,32,28,0.1307697594165802
conv_layers.4,1,32,29,0.31178486347198486
conv_layers.4,1,32,30,0.12846669554710388
conv_layers.4,1,32,31,0.12601697444915771
conv_layers.4,1,32,33,0.36648809909820557
conv_layers.4,1,32,34,0.314849317073822
conv_layers.4,1,32,35,0.29100465774536133
conv_layers.4,1,32,36,0.4077512323856354
conv_layers.4,1,32,37,0.0364040732383728
conv_layers.4,1,32,38,0.3928670585155487
conv_layers.4,1,32,39,0.17487867176532745
conv_layers.4,1,32,40,0.08450031280517578
conv_layers.4,1,32,41,0.1338312029838562
conv_layers.4,1,32,42,0.019953809678554535
conv_layers.4,1,33,0,0.07936960458755493
conv_layers.4,1,33,1,0.04010285437107086
conv_layers.4,1,33,2,0.039691824465990067
conv_layers.4,1,33,3,0.08739514648914337
conv_layers.4,1,33,4,0.028885560110211372
conv_layers.4,1,33,5,0.07901235669851303
conv_layers.4,1,33,6,0.2885286808013916
conv_layers.4,1,33,7,0.17538492381572723
conv_layers.4,1,33,8,0.28153881430625916
conv_layers.4,1,33,9,0.15022972226142883
conv_layers.4,1,33,10,0.03248175233602524
conv_layers.4,1,33,11,0.042681723833084106
conv_layers.4,1,33,12,0.3199695348739624
conv_layers.4,1,33,13,0.10587100684642792
conv_layers.4,1,33,14,0.14829182624816895
conv_layers.4,1,33,15,0.296183705329895
conv_layers.4,1,33,16,0.005137212574481964
conv_layers.4,1,33,17,0.17039421200752258
conv_layers.4,1,33,18,0.20126686990261078
conv_layers.4,1,33,19,0.01826574094593525
conv_layers.4,1,33,20,0.05326319485902786
conv_layers.4,1,33,21,0.03836849331855774
conv_layers.4,1,33,22,0.16684837639331818
conv_layers.4,1,33,23,0.002092909999191761
conv_layers.4,1,33,24,0.07199115306138992
conv_layers.4,1,33,25,0.1634175181388855
conv_layers.4,1,33,26,0.03329625725746155
conv_layers.4,1,33,27,0.15656468272209167
conv_layers.4,1,33,28,0.07949401438236237
conv_layers.4,1,33,29,0.03309284895658493
conv_layers.4,1,33,30,0.0979694053530693
conv_layers.4,1,33,31,0.08746065199375153
conv_layers.4,1,33,32,0.36648809909820557
conv_layers.4,1,33,34,0.11454637348651886
conv_layers.4,1,33,35,0.10504993051290512
conv_layers.4,1,33,36,0.23996850848197937
conv_layers.4,1,33,37,0.04473549872636795
conv_layers.4,1,33,38,0.2883118987083435
conv_layers.4,1,33,39,0.005657171364873648
conv_layers.4,1,33,40,0.2202722132205963
conv_layers.4,1,33,41,0.01651419699192047
conv_layers.4,1,33,42,0.1427413821220398
conv_layers.4,1,34,0,0.11404027044773102
conv_layers.4,1,34,1,0.11835324764251709
conv_layers.4,1,34,2,0.07598569989204407
conv_layers.4,1,34,3,0.3061484396457672
conv_layers.4,1,34,4,0.2872093915939331
conv_layers.4,1,34,5,0.27769628167152405
conv_layers.4,1,34,6,0.4571707248687744
conv_layers.4,1,34,7,0.1539730429649353
conv_layers.4,1,34,8,0.17191743850708008
conv_layers.4,1,34,9,0.26743054389953613
conv_layers.4,1,34,10,0.01208411157131195
conv_layers.4,1,34,11,0.2577018439769745
conv_layers.4,1,34,12,0.49578583240509033
conv_layers.4,1,34,13,0.19131189584732056
conv_layers.4,1,34,14,0.009492546319961548
conv_layers.4,1,34,15,0.2815256416797638
conv_layers.4,1,34,16,0.28878456354141235
conv_layers.4,1,34,17,0.0390658900141716
conv_layers.4,1,34,18,0.4592394530773163
conv_layers.4,1,34,19,0.03714558482170105
conv_layers.4,1,34,20,0.0019187293946743011
conv_layers.4,1,34,21,0.010742433369159698
conv_layers.4,1,34,22,0.05363879352807999
conv_layers.4,1,34,23,0.030479013919830322
conv_layers.4,1,34,24,0.10167185962200165
conv_layers.4,1,34,25,0.310512512922287
conv_layers.4,1,34,26,0.02888322062790394
conv_layers.4,1,34,27,0.2605290114879608
conv_layers.4,1,34,28,0.055841587483882904
conv_layers.4,1,34,29,0.27419355511665344
conv_layers.4,1,34,30,0.09642650187015533
conv_layers.4,1,34,31,0.05985471233725548
conv_layers.4,1,34,32,0.314849317073822
conv_layers.4,1,34,33,0.11454637348651886
conv_layers.4,1,34,35,0.3348632752895355
conv_layers.4,1,34,36,0.006493084132671356
conv_layers.4,1,34,37,0.07957993447780609
conv_layers.4,1,34,38,0.08994335681200027
conv_layers.4,1,34,39,0.11134011298418045
conv_layers.4,1,34,40,0.036283254623413086
conv_layers.4,1,34,41,0.07768664509057999
conv_layers.4,1,34,42,0.079388827085495
conv_layers.4,1,35,0,0.1640576869249344
conv_layers.4,1,35,1,0.13620421290397644
conv_layers.4,1,35,2,0.018011458218097687
conv_layers.4,1,35,3,0.09299802035093307
conv_layers.4,1,35,4,0.20619741082191467
conv_layers.4,1,35,5,0.2899029552936554
conv_layers.4,1,35,6,0.3586488962173462
conv_layers.4,1,35,7,0.06506318598985672
conv_layers.4,1,35,8,0.021722134202718735
conv_layers.4,1,35,9,0.4768427312374115
conv_layers.4,1,35,10,0.44523951411247253
conv_layers.4,1,35,11,0.11803720891475677
conv_layers.4,1,35,12,0.36848729848861694
conv_layers.4,1,35,13,0.213377445936203
conv_layers.4,1,35,14,0.030524317175149918
conv_layers.4,1,35,15,0.07605797052383423
conv_layers.4,1,35,16,0.1836390346288681
conv_layers.4,1,35,17,0.16378939151763916
conv_layers.4,1,35,18,0.07903564721345901
conv_layers.4,1,35,19,0.007084362208843231
conv_layers.4,1,35,20,0.10429252684116364
conv_layers.4,1,35,21,0.2421899288892746
conv_layers.4,1,35,22,0.0405084565281868
conv_layers.4,1,35,23,0.23710624873638153
conv_layers.4,1,35,24,0.06663576513528824
conv_layers.4,1,35,25,0.1810896247625351
conv_layers.4,1,35,26,0.03704662248492241
conv_layers.4,1,35,27,0.13734017312526703
conv_layers.4,1,35,28,0.2679746448993683
conv_layers.4,1,35,29,0.16232965886592865
conv_layers.4,1,35,30,0.22077424824237823
conv_layers.4,1,35,31,0.08058920502662659
conv_layers.4,1,35,32,0.29100465774536133
conv_layers.4,1,35,33,0.10504993051290512
conv_layers.4,1,35,34,0.3348632752895355
conv_layers.4,1,35,36,0.32936590909957886
conv_layers.4,1,35,37,0.15967029333114624
conv_layers.4,1,35,38,0.10146883130073547
conv_layers.4,1,35,39,0.05569081753492355
conv_layers.4,1,35,40,0.010034896433353424
conv_layers.4,1,35,41,0.32500702142715454
conv_layers.4,1,35,42,0.39878639578819275
conv_layers.4,1,36,0,0.027291420847177505
conv_layers.4,1,36,1,0.25418582558631897
conv_layers.4,1,36,2,0.09959125518798828
conv_layers.4,1,36,3,0.24945420026779175
conv_layers.4,1,36,4,0.32863903045654297
conv_layers.4,1,36,5,0.11723586171865463
conv_layers.4,1,36,6,0.29663437604904175
conv_layers.4,1,36,7,0.167142853140831
conv_layers.4,1,36,8,0.1418817639350891
conv_layers.4,1,36,9,0.11944857239723206
conv_layers.4,1,36,10,0.28825318813323975
conv_layers.4,1,36,11,0.1309402883052826
conv_layers.4,1,36,12,0.3030373454093933
conv_layers.4,1,36,13,0.13759712874889374
conv_layers.4,1,36,14,0.06825251132249832
conv_layers.4,1,36,15,0.32465580105781555
conv_layers.4,1,36,16,0.1410546749830246
conv_layers.4,1,36,17,0.19164586067199707
conv_layers.4,1,36,18,0.11223892867565155
conv_layers.4,1,36,19,0.020183561369776726
conv_layers.4,1,36,20,0.11043905466794968
conv_layers.4,1,36,21,0.08748365938663483
conv_layers.4,1,36,22,0.24046748876571655
conv_layers.4,1,36,23,0.17010077834129333
conv_layers.4,1,36,24,0.3647236227989197
conv_layers.4,1,36,25,0.2676078975200653
conv_layers.4,1,36,26,0.0016395633574575186
conv_layers.4,1,36,27,0.025833070278167725
conv_layers.4,1,36,28,0.05308714136481285
conv_layers.4,1,36,29,0.17028285562992096
conv_layers.4,1,36,30,0.029011467471718788
conv_layers.4,1,36,31,0.009707827121019363
conv_layers.4,1,36,32,0.4077512323856354
conv_layers.4,1,36,33,0.23996850848197937
conv_layers.4,1,36,34,0.006493084132671356
conv_layers.4,1,36,35,0.32936590909957886
conv_layers.4,1,36,37,0.14574436843395233
conv_layers.4,1,36,38,0.583565890789032
conv_layers.4,1,36,39,0.39879095554351807
conv_layers.4,1,36,40,0.09297653287649155
conv_layers.4,1,36,41,0.18340805172920227
conv_layers.4,1,36,42,0.0026930812746286392
conv_layers.4,1,37,0,0.4329652190208435
conv_layers.4,1,37,1,0.08217741549015045
conv_layers.4,1,37,2,0.26452866196632385
conv_layers.4,1,37,3,0.10089444369077682
conv_layers.4,1,37,4,0.17041674256324768
conv_layers.4,1,37,5,0.026948604732751846
conv_layers.4,1,37,6,0.34014996886253357
conv_layers.4,1,37,7,0.05675806850194931
conv_layers.4,1,37,8,0.021543070673942566
conv_layers.4,1,37,9,0.06290525197982788
conv_layers.4,1,37,10,0.09254186600446701
conv_layers.4,1,37,11,0.16732551157474518
conv_layers.4,1,37,12,0.12949024140834808
conv_layers.4,1,37,13,0.3214254081249237
conv_layers.4,1,37,14,0.044612035155296326
conv_layers.4,1,37,15,0.022635633125901222
conv_layers.4,1,37,16,0.2414095103740692
conv_layers.4,1,37,17,0.26837652921676636
conv_layers.4,1,37,18,0.2242777943611145
conv_layers.4,1,37,19,0.03848826140165329
conv_layers.4,1,37,20,0.013975584879517555
conv_layers.4,1,37,21,0.025827273726463318
conv_layers.4,1,37,22,0.07088512182235718
conv_layers.4,1,37,23,0.03370058909058571
conv_layers.4,1,37,24,0.07447068393230438
conv_layers.4,1,37,25,0.08747734874486923
conv_layers.4,1,37,26,0.10927264392375946
conv_layers.4,1,37,27,0.25049710273742676
conv_layers.4,1,37,28,0.04528674855828285
conv_layers.4,1,37,29,0.31882956624031067
conv_layers.4,1,37,30,0.33466389775276184
conv_layers.4,1,37,31,0.1376311182975769
conv_layers.4,1,37,32,0.0364040732383728
conv_layers.4,1,37,33,0.04473549872636795
conv_layers.4,1,37,34,0.07957993447780609
conv_layers.4,1,37,35,0.15967029333114624
conv_layers.4,1,37,36,0.14574436843395233
conv_layers.4,1,37,38,0.22382906079292297
conv_layers.4,1,37,39,0.034874431788921356
conv_layers.4,1,37,40,0.14343522489070892
conv_layers.4,1,37,41,0.15120582282543182
conv_layers.4,1,37,42,0.07097207009792328
conv_layers.4,1,38,0,0.14860843122005463
conv_layers.4,1,38,1,0.09704918414354324
conv_layers.4,1,38,2,0.16767707467079163
conv_layers.4,1,38,3,0.2574537396430969
conv_layers.4,1,38,4,0.12124110758304596
conv_layers.4,1,38,5,0.05130036920309067
conv_layers.4,1,38,6,0.31463420391082764
conv_layers.4,1,38,7,0.35187432169914246
conv_layers.4,1,38,8,0.17036236822605133
conv_layers.4,1,38,9,0.10637566447257996
conv_layers.4,1,38,10,0.26227691769599915
conv_layers.4,1,38,11,0.18365395069122314
conv_layers.4,1,38,12,0.41698354482650757
conv_layers.4,1,38,13,0.1593833863735199
conv_layers.4,1,38,14,0.2570662796497345
conv_layers.4,1,38,15,0.43487992882728577
conv_layers.4,1,38,16,0.1249583512544632
conv_layers.4,1,38,17,0.25450024008750916
conv_layers.4,1,38,18,0.060325987637043
conv_layers.4,1,38,19,0.15422245860099792
conv_layers.4,1,38,20,0.006519019603729248
conv_layers.4,1,38,21,0.03564053773880005
conv_layers.4,1,38,22,0.09948156774044037
conv_layers.4,1,38,23,0.18950706720352173
conv_layers.4,1,38,24,0.2913815975189209
conv_layers.4,1,38,25,0.33289575576782227
conv_layers.4,1,38,26,0.1726064532995224
conv_layers.4,1,38,27,0.01744472235441208
conv_layers.4,1,38,28,0.04139474779367447
conv_layers.4,1,38,29,0.20511360466480255
conv_layers.4,1,38,30,0.11202263832092285
conv_layers.4,1,38,31,0.026034576818346977
conv_layers.4,1,38,32,0.3928670585155487
conv_layers.4,1,38,33,0.2883118987083435
conv_layers.4,1,38,34,0.08994335681200027
conv_layers.4,1,38,35,0.10146883130073547
conv_layers.4,1,38,36,0.583565890789032
conv_layers.4,1,38,37,0.22382906079292297
conv_layers.4,1,38,39,0.4511156380176544
conv_layers.4,1,38,40,0.07303951680660248
conv_layers.4,1,38,41,0.026697859168052673
conv_layers.4,1,38,42,0.044701188802719116
conv_layers.4,1,39,0,0.220804825425148
conv_layers.4,1,39,1,0.36559930443763733
conv_layers.4,1,39,2,0.22064805030822754
conv_layers.4,1,39,3,0.10225288569927216
conv_layers.4,1,39,4,0.17268671095371246
conv_layers.4,1,39,5,0.23351147770881653
conv_layers.4,1,39,6,0.31079334020614624
conv_layers.4,1,39,7,0.3902375102043152
conv_layers.4,1,39,8,0.14710643887519836
conv_layers.4,1,39,9,0.15357087552547455
conv_layers.4,1,39,10,0.028165670111775398
conv_layers.4,1,39,11,0.30889415740966797
conv_layers.4,1,39,12,0.33790600299835205
conv_layers.4,1,39,13,0.010912223719060421
conv_layers.4,1,39,14,0.26686933636665344
conv_layers.4,1,39,15,0.2660108506679535
conv_layers.4,1,39,16,0.013759613037109375
conv_layers.4,1,39,17,0.19158750772476196
conv_layers.4,1,39,18,0.0010859344620257616
conv_layers.4,1,39,19,0.02692188322544098
conv_layers.4,1,39,20,0.28623005747795105
conv_layers.4,1,39,21,0.058998480439186096
conv_layers.4,1,39,22,0.11017271876335144
conv_layers.4,1,39,23,0.15721191465854645
conv_layers.4,1,39,24,0.44702577590942383
conv_layers.4,1,39,25,0.3307035565376282
conv_layers.4,1,39,26,0.1706189662218094
conv_layers.4,1,39,27,0.04563089460134506
conv_layers.4,1,39,28,0.16050569713115692
conv_layers.4,1,39,29,0.2326529622077942
conv_layers.4,1,39,30,0.0742868185043335
conv_layers.4,1,39,31,0.24343401193618774
conv_layers.4,1,39,32,0.17487867176532745
conv_layers.4,1,39,33,0.005657171364873648
conv_layers.4,1,39,34,0.11134011298418045
conv_layers.4,1,39,35,0.05569081753492355
conv_layers.4,1,39,36,0.39879095554351807
conv_layers.4,1,39,37,0.034874431788921356
conv_layers.4,1,39,38,0.4511156380176544
conv_layers.4,1,39,40,0.15528413653373718
conv_layers.4,1,39,41,0.19855408370494843
conv_layers.4,1,39,42,0.036870043724775314
conv_layers.4,1,40,0,0.054210908710956573
conv_layers.4,1,40,1,0.12773633003234863
conv_layers.4,1,40,2,0.29620540142059326
conv_layers.4,1,40,3,0.011115998029708862
conv_layers.4,1,40,4,0.00642414391040802
conv_layers.4,1,40,5,0.0031327269971370697
conv_layers.4,1,40,6,0.36821168661117554
conv_layers.4,1,40,7,0.2956358790397644
conv_layers.4,1,40,8,0.32835108041763306
conv_layers.4,1,40,9,0.01223975419998169
conv_layers.4,1,40,10,0.044551849365234375
conv_layers.4,1,40,11,0.199507936835289
conv_layers.4,1,40,12,0.12310121953487396
conv_layers.4,1,40,13,0.1340726912021637
conv_layers.4,1,40,14,0.007897518575191498
conv_layers.4,1,40,15,0.2543089687824249
conv_layers.4,1,40,16,0.18304739892482758
conv_layers.4,1,40,17,0.1443931609392166
conv_layers.4,1,40,18,0.1270771473646164
conv_layers.4,1,40,19,0.08745251595973969
conv_layers.4,1,40,20,0.10536587983369827
conv_layers.4,1,40,21,0.02311025559902191
conv_layers.4,1,40,22,0.042601075023412704
conv_layers.4,1,40,23,0.2605474889278412
conv_layers.4,1,40,24,0.2494688481092453
conv_layers.4,1,40,25,0.058027781546115875
conv_layers.4,1,40,26,0.08965396881103516
conv_layers.4,1,40,27,0.10635814070701599
conv_layers.4,1,40,28,0.05613834410905838
conv_layers.4,1,40,29,0.09975510835647583
conv_layers.4,1,40,30,0.10798455029726028
conv_layers.4,1,40,31,0.2352895885705948
conv_layers.4,1,40,32,0.08450031280517578
conv_layers.4,1,40,33,0.2202722132205963
conv_layers.4,1,40,34,0.036283254623413086
conv_layers.4,1,40,35,0.010034896433353424
conv_layers.4,1,40,36,0.09297653287649155
conv_layers.4,1,40,37,0.14343522489070892
conv_layers.4,1,40,38,0.07303951680660248
conv_layers.4,1,40,39,0.15528413653373718
conv_layers.4,1,40,41,0.013305824249982834
conv_layers.4,1,40,42,0.00790337659418583
conv_layers.4,1,41,0,0.11776541918516159
conv_layers.4,1,41,1,0.022571822628378868
conv_layers.4,1,41,2,0.19991223514080048
conv_layers.4,1,41,3,0.07887306809425354
conv_layers.4,1,41,4,0.36037591099739075
conv_layers.4,1,41,5,0.11793731898069382
conv_layers.4,1,41,6,0.23132304847240448
conv_layers.4,1,41,7,0.01167692244052887
conv_layers.4,1,41,8,0.22887247800827026
conv_layers.4,1,41,9,0.19157661497592926
conv_layers.4,1,41,10,0.01985378935933113
conv_layers.4,1,41,11,0.2740028202533722
conv_layers.4,1,41,12,0.07050187140703201
conv_layers.4,1,41,13,0.14557626843452454
conv_layers.4,1,41,14,0.12929260730743408
conv_layers.4,1,41,15,0.2722468376159668
conv_layers.4,1,41,16,0.08740124106407166
conv_layers.4,1,41,17,0.159923255443573
conv_layers.4,1,41,18,0.1480061113834381
conv_layers.4,1,41,19,0.22058232128620148
conv_layers.4,1,41,20,0.155044287443161
conv_layers.4,1,41,21,0.1043853685259819
conv_layers.4,1,41,22,0.20872963964939117
conv_layers.4,1,41,23,0.03542549908161163
conv_layers.4,1,41,24,0.11949899792671204
conv_layers.4,1,41,25,0.028568368405103683
conv_layers.4,1,41,26,0.055205538868904114
conv_layers.4,1,41,27,0.17341220378875732
conv_layers.4,1,41,28,0.08350080251693726
conv_layers.4,1,41,29,0.1110195443034172
conv_layers.4,1,41,30,0.09356601536273956
conv_layers.4,1,41,31,0.24238254129886627
conv_layers.4,1,41,32,0.1338312029838562
conv_layers.4,1,41,33,0.01651419699192047
conv_layers.4,1,41,34,0.07768664509057999
conv_layers.4,1,41,35,0.32500702142715454
conv_layers.4,1,41,36,0.18340805172920227
conv_layers.4,1,41,37,0.15120582282543182
conv_layers.4,1,41,38,0.026697859168052673
conv_layers.4,1,41,39,0.19855408370494843
conv_layers.4,1,41,40,0.013305824249982834
conv_layers.4,1,41,42,0.14628276228904724
conv_layers.4,1,42,0,0.1096804216504097
conv_layers.4,1,42,1,0.12133100628852844
conv_layers.4,1,42,2,0.23512862622737885
conv_layers.4,1,42,3,0.3431801199913025
conv_layers.4,1,42,4,0.30313166975975037
conv_layers.4,1,42,5,0.16399472951889038
conv_layers.4,1,42,6,0.09462043642997742
conv_layers.4,1,42,7,0.32610830664634705
conv_layers.4,1,42,8,0.012878685258328915
conv_layers.4,1,42,9,0.27257582545280457
conv_layers.4,1,42,10,0.2719067931175232
conv_layers.4,1,42,11,0.17412075400352478
conv_layers.4,1,42,12,0.22392931580543518
conv_layers.4,1,42,13,0.13328969478607178
conv_layers.4,1,42,14,0.03167378157377243
conv_layers.4,1,42,15,0.11164887249469757
conv_layers.4,1,42,16,0.0018376801162958145
conv_layers.4,1,42,17,0.5183517932891846
conv_layers.4,1,42,18,0.298126757144928
conv_layers.4,1,42,19,0.06355874240398407
conv_layers.4,1,42,20,0.10072790086269379
conv_layers.4,1,42,21,0.13469772040843964
conv_layers.4,1,42,22,0.18651920557022095
conv_layers.4,1,42,23,0.07164725661277771
conv_layers.4,1,42,24,0.1571599543094635
conv_layers.4,1,42,25,0.05419745296239853
conv_layers.4,1,42,26,0.04523411765694618
conv_layers.4,1,42,27,0.22580760717391968
conv_layers.4,1,42,28,0.399263471364975
conv_layers.4,1,42,29,0.15512123703956604
conv_layers.4,1,42,30,0.00941862165927887
conv_layers.4,1,42,31,0.34206077456474304
conv_layers.4,1,42,32,0.019953809678554535
conv_layers.4,1,42,33,0.1427413821220398
conv_layers.4,1,42,34,0.079388827085495
conv_layers.4,1,42,35,0.39878639578819275
conv_layers.4,1,42,36,0.0026930812746286392
conv_layers.4,1,42,37,0.07097207009792328
conv_layers.4,1,42,38,0.044701188802719116
conv_layers.4,1,42,39,0.036870043724775314
conv_layers.4,1,42,40,0.00790337659418583
conv_layers.4,1,42,41,0.14628276228904724
fc_layers.0,2,0,1,0.17940783500671387
fc_layers.0,2,0,2,0.08795169740915298
fc_layers.0,2,0,3,0.11859798431396484
fc_layers.0,2,0,4,0.15011492371559143
fc_layers.0,2,0,5,0.020179226994514465
fc_layers.0,2,0,6,0.049995098263025284
fc_layers.0,2,0,7,0.04764935374259949
fc_layers.0,2,0,8,0.1111612617969513
fc_layers.0,2,0,9,0.0769151970744133
fc_layers.0,2,0,10,0.017806798219680786
fc_layers.0,2,0,11,0.050979554653167725
fc_layers.0,2,0,12,0.06019052490592003
fc_layers.0,2,0,13,0.03197617456316948
fc_layers.0,2,0,14,0.05965403467416763
fc_layers.0,2,0,15,0.017981059849262238
fc_layers.0,2,0,16,0.07286962866783142
fc_layers.0,2,0,17,0.03026767447590828
fc_layers.0,2,0,18,0.002934797666966915
fc_layers.0,2,0,19,0.046336568892002106
fc_layers.0,2,0,20,0.010408755391836166
fc_layers.0,2,0,21,0.048040904104709625
fc_layers.0,2,0,22,0.0029959632083773613
fc_layers.0,2,0,23,0.0035896217450499535
fc_layers.0,2,0,24,0.031151436269283295
fc_layers.0,2,0,25,0.0033651525154709816
fc_layers.0,2,0,26,0.050701625645160675
fc_layers.0,2,0,27,0.0247240848839283
fc_layers.0,2,0,28,0.10397084057331085
fc_layers.0,2,0,29,0.10299456119537354
fc_layers.0,2,0,30,0.037912338972091675
fc_layers.0,2,0,31,0.07813414186239243
fc_layers.0,2,0,32,0.020323371514678
fc_layers.0,2,0,33,0.017578288912773132
fc_layers.0,2,0,34,0.1897459179162979
fc_layers.0,2,0,35,0.056920118629932404
fc_layers.0,2,0,36,0.04072679579257965
fc_layers.0,2,0,37,0.05633998662233353
fc_layers.0,2,0,38,0.10057345032691956
fc_layers.0,2,0,39,0.013872688636183739
fc_layers.0,2,0,40,0.06596167385578156
fc_layers.0,2,0,41,0.03627903759479523
fc_layers.0,2,0,42,0.02331557869911194
fc_layers.0,2,1,0,0.17940783500671387
fc_layers.0,2,1,2,0.14025923609733582
fc_layers.0,2,1,3,0.11371190845966339
fc_layers.0,2,1,4,0.18362212181091309
fc_layers.0,2,1,5,0.14834092557430267
fc_layers.0,2,1,6,0.11267747730016708
fc_layers.0,2,1,7,0.0033976854756474495
fc_layers.0,2,1,8,0.16494697332382202
fc_layers.0,2,1,9,0.08397319167852402
fc_layers.0,2,1,10,0.008589456789195538
fc_layers.0,2,1,11,0.054807428270578384
fc_layers.0,2,1,12,0.005032787099480629
fc_layers.0,2,1,13,0.06011342257261276
fc_layers.0,2,1,14,0.02108616940677166
fc_layers.0,2,1,15,0.0071094706654548645
fc_layers.0,2,1,16,0.02290753647685051
fc_layers.0,2,1,17,0.08738833665847778
fc_layers.0,2,1,18,0.02447587437927723
fc_layers.0,2,1,19,0.06295861303806305
fc_layers.0,2,1,20,0.11231786012649536
fc_layers.0,2,1,21,0.036069467663764954
fc_layers.0,2,1,22,0.030100155621767044
fc_layers.0,2,1,23,0.009468413889408112
fc_layers.0,2,1,24,0.055246174335479736
fc_layers.0,2,1,25,0.10305025428533554
fc_layers.0,2,1,26,0.03815824165940285
fc_layers.0,2,1,27,0.47772160172462463
fc_layers.0,2,1,28,0.008102867752313614
fc_layers.0,2,1,29,0.0711124837398529
fc_layers.0,2,1,30,0.01530586089938879
fc_layers.0,2,1,31,0.01985527202486992
fc_layers.0,2,1,32,0.13187414407730103
fc_layers.0,2,1,33,0.01610201969742775
fc_layers.0,2,1,34,0.0443718247115612
fc_layers.0,2,1,35,0.075358085334301
fc_layers.0,2,1,36,0.04780974239110947
fc_layers.0,2,1,37,0.05377202853560448
fc_layers.0,2,1,38,0.06750282645225525
fc_layers.0,2,1,39,0.013070683926343918
fc_layers.0,2,1,40,0.03049156442284584
fc_layers.0,2,1,41,0.03826691955327988
fc_layers.0,2,1,42,0.06691518425941467
fc_layers.0,2,2,0,0.08795169740915298
fc_layers.0,2,2,1,0.14025923609733582
fc_layers.0,2,2,3,0.10019560158252716
fc_layers.0,2,2,4,0.017740510404109955
fc_layers.0,2,2,5,0.12661777436733246
fc_layers.0,2,2,6,0.02956930175423622
fc_layers.0,2,2,7,0.05239615961909294
fc_layers.0,2,2,8,0.00893045961856842
fc_layers.0,2,2,9,0.011728267185389996
fc_layers.0,2,2,10,0.015247024595737457
fc_layers.0,2,2,11,0.01432180218398571
fc_layers.0,2,2,12,0.028780294582247734
fc_layers.0,2,2,13,0.011383624747395515
fc_layers.0,2,2,14,0.11247368901968002
fc_layers.0,2,2,15,0.09759218245744705
fc_layers.0,2,2,16,0.1379096508026123
fc_layers.0,2,2,17,0.008186956867575645
fc_layers.0,2,2,18,0.03776301071047783
fc_layers.0,2,2,19,0.023548880591988564
fc_layers.0,2,2,20,0.08050597459077835
fc_layers.0,2,2,21,0.07116392254829407
fc_layers.0,2,2,22,0.016987618058919907
fc_layers.0,2,2,23,0.08871264010667801
fc_layers.0,2,2,24,0.11714217811822891
fc_layers.0,2,2,25,0.010937798768281937
fc_layers.0,2,2,26,0.07232438027858734
fc_layers.0,2,2,27,0.04531187191605568
fc_layers.0,2,2,28,0.1307746022939682
fc_layers.0,2,2,29,0.014333326369524002
fc_layers.0,2,2,30,0.02592328004539013
fc_layers.0,2,2,31,0.1650979071855545
fc_layers.0,2,2,32,0.01239006407558918
fc_layers.0,2,2,33,0.010703419335186481
fc_layers.0,2,2,34,0.017802372574806213
fc_layers.0,2,2,35,0.0658673346042633
fc_layers.0,2,2,36,0.003667694516479969
fc_layers.0,2,2,37,0.09842920303344727
fc_layers.0,2,2,38,0.016190987080335617
fc_layers.0,2,2,39,0.015137379989027977
fc_layers.0,2,2,40,0.04117870330810547
fc_layers.0,2,2,41,0.0008243238553404808
fc_layers.0,2,2,42,0.09627935290336609
fc_layers.0,2,3,0,0.11859798431396484
fc_layers.0,2,3,1,0.11371190845966339
fc_layers.0,2,3,2,0.10019560158252716
fc_layers.0,2,3,4,0.14448300004005432
fc_layers.0,2,3,5,0.4066644012928009
fc_layers.0,2,3,6,0.013779399916529655
fc_layers.0,2,3,7,0.07335550338029861
fc_layers.0,2,3,8,0.1351272016763687
fc_layers.0,2,3,9,0.1806100308895111
fc_layers.0,2,3,10,0.08855558931827545
fc_layers.0,2,3,11,0.05339308828115463
fc_layers.0,2,3,12,0.01853577047586441
fc_layers.0,2,3,13,0.05370796099305153
fc_layers.0,2,3,14,0.061558667570352554
fc_layers.0,2,3,15,0.08835598826408386
fc_layers.0,2,3,16,0.11337888240814209
fc_layers.0,2,3,17,0.043038804084062576
fc_layers.0,2,3,18,0.06924594938755035
fc_layers.0,2,3,19,0.03167007863521576
fc_layers.0,2,3,20,0.02039150893688202
fc_layers.0,2,3,21,0.06862492859363556
fc_layers.0,2,3,22,0.07716608047485352
fc_layers.0,2,3,23,0.0342412143945694
fc_layers.0,2,3,24,0.061607107520103455
fc_layers.0,2,3,25,0.09195829182863235
fc_layers.0,2,3,26,0.036742281168699265
fc_layers.0,2,3,27,0.035913094878196716
fc_layers.0,2,3,28,0.19239047169685364
fc_layers.0,2,3,29,0.1340768039226532
fc_layers.0,2,3,30,0.051281169056892395
fc_layers.0,2,3,31,0.02656959369778633
fc_layers.0,2,3,32,0.056518662720918655
fc_layers.0,2,3,33,0.041738469153642654
fc_layers.0,2,3,34,0.17209379374980927
fc_layers.0,2,3,35,0.06009838730096817
fc_layers.0,2,3,36,0.026311982423067093
fc_layers.0,2,3,37,0.12660661339759827
fc_layers.0,2,3,38,0.06591137498617172
fc_layers.0,2,3,39,0.06807916611433029
fc_layers.0,2,3,40,0.07951901108026505
fc_layers.0,2,3,41,0.035200297832489014
fc_layers.0,2,3,42,0.17115755379199982
fc_layers.0,2,4,0,0.15011492371559143
fc_layers.0,2,4,1,0.18362212181091309
fc_layers.0,2,4,2,0.017740510404109955
fc_layers.0,2,4,3,0.14448300004005432
fc_layers.0,2,4,5,0.0245063416659832
fc_layers.0,2,4,6,0.0861501693725586
fc_layers.0,2,4,7,0.11607984453439713
fc_layers.0,2,4,8,0.08958560228347778
fc_layers.0,2,4,9,0.047133054584264755
fc_layers.0,2,4,10,0.046393636614084244
fc_layers.0,2,4,11,0.07403460890054703
fc_layers.0,2,4,12,0.042118389159440994
fc_layers.0,2,4,13,0.008644422516226768
fc_layers.0,2,4,14,0.019335851073265076
fc_layers.0,2,4,15,0.006747897248715162
fc_layers.0,2,4,16,0.05229642987251282
fc_layers.0,2,4,17,0.03966904431581497
fc_layers.0,2,4,18,0.2518695592880249
fc_layers.0,2,4,19,0.17372801899909973
fc_layers.0,2,4,20,0.018031025305390358
fc_layers.0,2,4,21,0.013790066353976727
fc_layers.0,2,4,22,0.025288138538599014
fc_layers.0,2,4,23,0.1958501636981964
fc_layers.0,2,4,24,0.13041087985038757
fc_layers.0,2,4,25,0.03096504881978035
fc_layers.0,2,4,26,0.12617897987365723
fc_layers.0,2,4,27,0.18097472190856934
fc_layers.0,2,4,28,0.04439958557486534
fc_layers.0,2,4,29,0.08851403743028641
fc_layers.0,2,4,30,0.07505673915147781
fc_layers.0,2,4,31,0.03643008694052696
fc_layers.0,2,4,32,0.0529358945786953
fc_layers.0,2,4,33,0.05125030502676964
fc_layers.0,2,4,34,0.3728874623775482
fc_layers.0,2,4,35,0.006247564684599638
fc_layers.0,2,4,36,0.06262031197547913
fc_layers.0,2,4,37,0.0046876706182956696
fc_layers.0,2,4,38,0.01288343220949173
fc_layers.0,2,4,39,0.08856244385242462
fc_layers.0,2,4,40,0.0056872982531785965
fc_layers.0,2,4,41,0.05246838927268982
fc_layers.0,2,4,42,0.13765351474285126
fc_layers.0,2,5,0,0.020179226994514465
fc_layers.0,2,5,1,0.14834092557430267
fc_layers.0,2,5,2,0.12661777436733246
fc_layers.0,2,5,3,0.4066644012928009
fc_layers.0,2,5,4,0.0245063416659832
fc_layers.0,2,5,6,0.10635749995708466
fc_layers.0,2,5,7,0.2591336965560913
fc_layers.0,2,5,8,0.17961332201957703
fc_layers.0,2,5,9,0.2189740240573883
fc_layers.0,2,5,10,0.04620090872049332
fc_layers.0,2,5,11,0.06843575835227966
fc_layers.0,2,5,12,0.03951177000999451
fc_layers.0,2,5,13,0.07530468702316284
fc_layers.0,2,5,14,0.05055008828639984
fc_layers.0,2,5,15,0.0350896492600441
fc_layers.0,2,5,16,0.2024257481098175
fc_layers.0,2,5,17,0.12725688517093658
fc_layers.0,2,5,18,0.0152964498847723
fc_layers.0,2,5,19,0.020875468850135803
fc_layers.0,2,5,20,0.08956603705883026
fc_layers.0,2,5,21,0.023807942867279053
fc_layers.0,2,5,22,0.04686200991272926
fc_layers.0,2,5,23,0.011581171303987503
fc_layers.0,2,5,24,0.010856719687581062
fc_layers.0,2,5,25,0.085357666015625
fc_layers.0,2,5,26,0.05993953347206116
fc_layers.0,2,5,27,0.08315184712409973
fc_layers.0,2,5,28,0.04028365761041641
fc_layers.0,2,5,29,0.01676502265036106
fc_layers.0,2,5,30,0.044952474534511566
fc_layers.0,2,5,31,0.0031770383939146996
fc_layers.0,2,5,32,0.010399019345641136
fc_layers.0,2,5,33,0.00458504818379879
fc_layers.0,2,5,34,0.03947632387280464
fc_layers.0,2,5,35,0.02669835090637207
fc_layers.0,2,5,36,0.007284205872565508
fc_layers.0,2,5,37,0.0043785953894257545
fc_layers.0,2,5,38,0.06207861751317978
fc_layers.0,2,5,39,0.0868837982416153
fc_layers.0,2,5,40,0.0012191999703645706
fc_layers.0,2,5,41,0.07134061306715012
fc_layers.0,2,5,42,0.11127426475286484
fc_layers.0,2,6,0,0.049995098263025284
fc_layers.0,2,6,1,0.11267747730016708
fc_layers.0,2,6,2,0.02956930175423622
fc_layers.0,2,6,3,0.013779399916529655
fc_layers.0,2,6,4,0.0861501693725586
fc_layers.0,2,6,5,0.10635749995708466
fc_layers.0,2,6,7,0.04803040996193886
fc_layers.0,2,6,8,0.030349262058734894
fc_layers.0,2,6,9,0.17050644755363464
fc_layers.0,2,6,10,0.07880239188671112
fc_layers.0,2,6,11,0.09052883088588715
fc_layers.0,2,6,12,0.04166721552610397
fc_layers.0,2,6,13,0.07844968885183334
fc_layers.0,2,6,14,0.12340591847896576
fc_layers.0,2,6,15,0.14471447467803955
fc_layers.0,2,6,16,0.13132955133914948
fc_layers.0,2,6,17,0.03413843363523483
fc_layers.0,2,6,18,6.141792982816696e-05
fc_layers.0,2,6,19,0.043331220746040344
fc_layers.0,2,6,20,0.01687222719192505
fc_layers.0,2,6,21,0.02417878620326519
fc_layers.0,2,6,22,0.07179857790470123
fc_layers.0,2,6,23,0.020090466365218163
fc_layers.0,2,6,24,0.012567535042762756
fc_layers.0,2,6,25,0.011243087239563465
fc_layers.0,2,6,26,0.07524551451206207
fc_layers.0,2,6,27,0.030091093853116035
fc_layers.0,2,6,28,0.015905817970633507
fc_layers.0,2,6,29,0.023958886042237282
fc_layers.0,2,6,30,0.03304444998502731
fc_layers.0,2,6,31,0.08347883820533752
fc_layers.0,2,6,32,0.15533198416233063
fc_layers.0,2,6,33,0.05393853038549423
fc_layers.0,2,6,34,0.04574238881468773
fc_layers.0,2,6,35,0.04230862110853195
fc_layers.0,2,6,36,0.051821984350681305
fc_layers.0,2,6,37,0.10356774181127548
fc_layers.0,2,6,38,0.010040010325610638
fc_layers.0,2,6,39,0.09754778444766998
fc_layers.0,2,6,40,0.1004788801074028
fc_layers.0,2,6,41,0.1784663200378418
fc_layers.0,2,6,42,0.01844799518585205
fc_layers.0,2,7,0,0.04764935374259949
fc_layers.0,2,7,1,0.0033976854756474495
fc_layers.0,2,7,2,0.05239615961909294
fc_layers.0,2,7,3,0.07335550338029861
fc_layers.0,2,7,4,0.11607984453439713
fc_layers.0,2,7,5,0.2591336965560913
fc_layers.0,2,7,6,0.04803040996193886
fc_layers.0,2,7,8,0.15009993314743042
fc_layers.0,2,7,9,0.09761352837085724
fc_layers.0,2,7,10,0.19929207861423492
fc_layers.0,2,7,11,0.06831561028957367
fc_layers.0,2,7,12,0.06090731546282768
fc_layers.0,2,7,13,0.03375492990016937
fc_layers.0,2,7,14,0.09144926071166992
fc_layers.0,2,7,15,0.17184390127658844
fc_layers.0,2,7,16,0.2124810665845871
fc_layers.0,2,7,17,0.05506647005677223
fc_layers.0,2,7,18,0.021958814933896065
fc_layers.0,2,7,19,0.034898411482572556
fc_layers.0,2,7,20,0.126902237534523
fc_layers.0,2,7,21,0.10754188150167465
fc_layers.0,2,7,22,0.06522019952535629
fc_layers.0,2,7,23,0.005979807116091251
fc_layers.0,2,7,24,0.09006804972887039
fc_layers.0,2,7,25,0.0794997438788414
fc_layers.0,2,7,26,0.02090589702129364
fc_layers.0,2,7,27,0.004060125909745693
fc_layers.0,2,7,28,0.08306249976158142
fc_layers.0,2,7,29,0.09763987362384796
fc_layers.0,2,7,30,0.1593029797077179
fc_layers.0,2,7,31,0.07739309966564178
fc_layers.0,2,7,32,0.030202899128198624
fc_layers.0,2,7,33,0.06594257801771164
fc_layers.0,2,7,34,0.16642697155475616
fc_layers.0,2,7,35,0.05919475853443146
fc_layers.0,2,7,36,0.006865613162517548
fc_layers.0,2,7,37,0.04536603018641472
fc_layers.0,2,7,38,0.15299072861671448
fc_layers.0,2,7,39,0.002947624772787094
fc_layers.0,2,7,40,0.1496897041797638
fc_layers.0,2,7,41,0.03952924907207489
fc_layers.0,2,7,42,0.21044102311134338
fc_layers.0,2,8,0,0.1111612617969513
fc_layers.0,2,8,1,0.16494697332382202
fc_layers.0,2,8,2,0.00893045961856842
fc_layers.0,2,8,3,0.1351272016763687
fc_layers.0,2,8,4,0.08958560228347778
fc_layers.0,2,8,5,0.17961332201957703
fc_layers.0,2,8,6,0.030349262058734894
fc_layers.0,2,8,7,0.15009993314743042
fc_layers.0,2,8,9,0.13308297097682953
fc_layers.0,2,8,10,0.14356938004493713
fc_layers.0,2,8,11,0.018411964178085327
fc_layers.0,2,8,12,0.09721624106168747
fc_layers.0,2,8,13,0.07749812304973602
fc_layers.0,2,8,14,0.10621491074562073
fc_layers.0,2,8,15,0.03667007386684418
fc_layers.0,2,8,16,0.022251922637224197
fc_layers.0,2,8,17,0.053683262318372726
fc_layers.0,2,8,18,0.0757918432354927
fc_layers.0,2,8,19,0.024824947118759155
fc_layers.0,2,8,20,0.07522958517074585
fc_layers.0,2,8,21,0.037659235298633575
fc_layers.0,2,8,22,0.13622140884399414
fc_layers.0,2,8,23,0.02792222984135151
fc_layers.0,2,8,24,0.04005841910839081
fc_layers.0,2,8,25,0.07048746943473816
fc_layers.0,2,8,26,0.2280334234237671
fc_layers.0,2,8,27,0.09184489399194717
fc_layers.0,2,8,28,0.11552220582962036
fc_layers.0,2,8,29,0.061489272862672806
fc_layers.0,2,8,30,0.0308779738843441
fc_layers.0,2,8,31,0.08080551773309708
fc_layers.0,2,8,32,0.004282470792531967
fc_layers.0,2,8,33,0.001109179574996233
fc_layers.0,2,8,34,0.09037472307682037
fc_layers.0,2,8,35,0.08889951556921005
fc_layers.0,2,8,36,0.042920053005218506
fc_layers.0,2,8,37,0.00710215512663126
fc_layers.0,2,8,38,0.13428500294685364
fc_layers.0,2,8,39,0.09142772853374481
fc_layers.0,2,8,40,0.08317244797945023
fc_layers.0,2,8,41,0.010935116559267044
fc_layers.0,2,8,42,0.05523434281349182
fc_layers.0,2,9,0,0.0769151970744133
fc_layers.0,2,9,1,0.08397319167852402
fc_layers.0,2,9,2,0.011728267185389996
fc_layers.0,2,9,3,0.1806100308895111
fc_layers.0,2,9,4,0.047133054584264755
fc_layers.0,2,9,5,0.2189740240573883
fc_layers.0,2,9,6,0.17050644755363464
fc_layers.0,2,9,7,0.09761352837085724
fc_layers.0,2,9,8,0.13308297097682953
fc_layers.0,2,9,10,0.010639638639986515
fc_layers.0,2,9,11,0.020584100857377052
fc_layers.0,2,9,12,0.027537168934941292
fc_layers.0,2,9,13,0.038991741836071014
fc_layers.0,2,9,14,0.03793976455926895
fc_layers.0,2,9,15,0.11455504596233368
fc_layers.0,2,9,16,0.23501187562942505
fc_layers.0,2,9,17,0.0508461631834507
fc_layers.0,2,9,18,0.08931653201580048
fc_layers.0,2,9,19,0.14491750299930573
fc_layers.0,2,9,20,0.06285000592470169
fc_layers.0,2,9,21,0.01077014859765768
fc_layers.0,2,9,22,0.02261519804596901
fc_layers.0,2,9,23,0.09730169177055359
fc_layers.0,2,9,24,0.067983478307724
fc_layers.0,2,9,25,0.041633132845163345
fc_layers.0,2,9,26,0.052094511687755585
fc_layers.0,2,9,27,0.031942300498485565
fc_layers.0,2,9,28,0.029986530542373657
fc_layers.0,2,9,29,0.05210811644792557
fc_layers.0,2,9,30,0.013872423209249973
fc_layers.0,2,9,31,0.08383845537900925
fc_layers.0,2,9,32,0.12497587502002716
fc_layers.0,2,9,33,0.005517600104212761
fc_layers.0,2,9,34,0.009252729825675488
fc_layers.0,2,9,35,0.017238765954971313
fc_layers.0,2,9,36,0.04690999910235405
fc_layers.0,2,9,37,0.08409543335437775
fc_layers.0,2,9,38,0.03244686871767044
fc_layers.0,2,9,39,0.051396679133176804
fc_layers.0,2,9,40,0.007246651686728001
fc_layers.0,2,9,41,0.15453243255615234
fc_layers.0,2,9,42,0.12938560545444489
fc_layers.0,2,10,0,0.017806798219680786
fc_layers.0,2,10,1,0.008589456789195538
fc_layers.0,2,10,2,0.015247024595737457
fc_layers.0,2,10,3,0.08855558931827545
fc_layers.0,2,10,4,0.046393636614084244
fc_layers.0,2,10,5,0.04620090872049332
fc_layers.0,2,10,6,0.07880239188671112
fc_layers.0,2,10,7,0.19929207861423492
fc_layers.0,2,10,8,0.14356938004493713
fc_layers.0,2,10,9,0.010639638639986515
fc_layers.0,2,10,11,0.05200986564159393
fc_layers.0,2,10,12,0.19861648976802826
fc_layers.0,2,10,13,0.0735553652048111
fc_layers.0,2,10,14,0.05237260088324547
fc_layers.0,2,10,15,0.01862853765487671
fc_layers.0,2,10,16,0.24674837291240692
fc_layers.0,2,10,17,0.02333919331431389
fc_layers.0,2,10,18,0.1038079485297203
fc_layers.0,2,10,19,0.024204159155488014
fc_layers.0,2,10,20,0.06021660938858986
fc_layers.0,2,10,21,0.0037229557055979967
fc_layers.0,2,10,22,0.06734238564968109
fc_layers.0,2,10,23,0.022820189595222473
fc_layers.0,2,10,24,0.005330708809196949
fc_layers.0,2,10,25,0.11606965959072113
fc_layers.0,2,10,26,0.02399277687072754
fc_layers.0,2,10,27,0.018237238749861717
fc_layers.0,2,10,28,0.11172771453857422
fc_layers.0,2,10,29,0.0027586231008172035
fc_layers.0,2,10,30,0.07634828984737396
fc_layers.0,2,10,31,0.02201797440648079
fc_layers.0,2,10,32,0.017500879243016243
fc_layers.0,2,10,33,0.09269409626722336
fc_layers.0,2,10,34,0.1030227318406105
fc_layers.0,2,10,35,0.1030028834939003
fc_layers.0,2,10,36,0.03433303162455559
fc_layers.0,2,10,37,0.04303031414747238
fc_layers.0,2,10,38,0.0732797160744667
fc_layers.0,2,10,39,0.055916257202625275
fc_layers.0,2,10,40,0.1268690824508667
fc_layers.0,2,10,41,0.14536643028259277
fc_layers.0,2,10,42,0.17725154757499695
fc_layers.0,2,11,0,0.050979554653167725
fc_layers.0,2,11,1,0.054807428270578384
fc_layers.0,2,11,2,0.01432180218398571
fc_layers.0,2,11,3,0.05339308828115463
fc_layers.0,2,11,4,0.07403460890054703
fc_layers.0,2,11,5,0.06843575835227966
fc_layers.0,2,11,6,0.09052883088588715
fc_layers.0,2,11,7,0.06831561028957367
fc_layers.0,2,11,8,0.018411964178085327
fc_layers.0,2,11,9,0.020584100857377052
fc_layers.0,2,11,10,0.05200986564159393
fc_layers.0,2,11,12,0.009187200106680393
fc_layers.0,2,11,13,0.025370510295033455
fc_layers.0,2,11,14,0.07157253473997116
fc_layers.0,2,11,15,0.051516372710466385
fc_layers.0,2,11,16,0.17594072222709656
fc_layers.0,2,11,17,0.13128656148910522
fc_layers.0,2,11,18,0.09679427742958069
fc_layers.0,2,11,19,0.06298857927322388
fc_layers.0,2,11,20,0.03500981628894806
fc_layers.0,2,11,21,0.08548836410045624
fc_layers.0,2,11,22,0.12763135135173798
fc_layers.0,2,11,23,0.010847802273929119
fc_layers.0,2,11,24,0.10084787756204605
fc_layers.0,2,11,25,0.19270485639572144
fc_layers.0,2,11,26,0.028830036520957947
fc_layers.0,2,11,27,0.08396013081073761
fc_layers.0,2,11,28,0.010452911257743835
fc_layers.0,2,11,29,0.10489874333143234
fc_layers.0,2,11,30,0.317531943321228
fc_layers.0,2,11,31,0.11750473827123642
fc_layers.0,2,11,32,0.007995975203812122
fc_layers.0,2,11,33,0.03298265486955643
fc_layers.0,2,11,34,0.10076424479484558
fc_layers.0,2,11,35,0.057956449687480927
fc_layers.0,2,11,36,0.015623597428202629
fc_layers.0,2,11,37,0.01935533434152603
fc_layers.0,2,11,38,0.016850298270583153
fc_layers.0,2,11,39,0.01890287920832634
fc_layers.0,2,11,40,0.09618467837572098
fc_layers.0,2,11,41,0.02768176980316639
fc_layers.0,2,11,42,0.08602675050497055
fc_layers.0,2,12,0,0.06019052490592003
fc_layers.0,2,12,1,0.005032787099480629
fc_layers.0,2,12,2,0.028780294582247734
fc_layers.0,2,12,3,0.01853577047586441
fc_layers.0,2,12,4,0.042118389159440994
fc_layers.0,2,12,5,0.03951177000999451
fc_layers.0,2,12,6,0.04166721552610397
fc_layers.0,2,12,7,0.06090731546282768
fc_layers.0,2,12,8,0.09721624106168747
fc_layers.0,2,12,9,0.027537168934941292
fc_layers.0,2,12,10,0.19861648976802826
fc_layers.0,2,12,11,0.009187200106680393
fc_layers.0,2,12,13,0.0422150120139122
fc_layers.0,2,12,14,0.02526312693953514
fc_layers.0,2,12,15,0.007038843352347612
fc_layers.0,2,12,16,0.029860716313123703
fc_layers.0,2,12,17,0.24930112063884735
fc_layers.0,2,12,18,0.02159247361123562
fc_layers.0,2,12,19,0.058795638382434845
fc_layers.0,2,12,20,0.003218621015548706
fc_layers.0,2,12,21,0.04171285778284073
fc_layers.0,2,12,22,0.0017300720792263746
fc_layers.0,2,12,23,0.06210155040025711
fc_layers.0,2,12,24,0.04087517037987709
fc_layers.0,2,12,25,0.0029712142422795296
fc_layers.0,2,12,26,0.03636433556675911
fc_layers.0,2,12,27,0.06333425641059875
fc_layers.0,2,12,28,0.1346929669380188
fc_layers.0,2,12,29,0.040540389716625214
fc_layers.0,2,12,30,0.013608848676085472
fc_layers.0,2,12,31,0.06158401444554329
fc_layers.0,2,12,32,0.06261839717626572
fc_layers.0,2,12,33,0.01624378003180027
fc_layers.0,2,12,34,0.0012635330203920603
fc_layers.0,2,12,35,0.05201708897948265
fc_layers.0,2,12,36,0.09773567318916321
fc_layers.0,2,12,37,0.04730433225631714
fc_layers.0,2,12,38,0.12360972911119461
fc_layers.0,2,12,39,0.0584021620452404
fc_layers.0,2,12,40,0.11819477379322052
fc_layers.0,2,12,41,0.012894636020064354
fc_layers.0,2,12,42,0.025471344590187073
fc_layers.0,2,13,0,0.03197617456316948
fc_layers.0,2,13,1,0.06011342257261276
fc_layers.0,2,13,2,0.011383624747395515
fc_layers.0,2,13,3,0.05370796099305153
fc_layers.0,2,13,4,0.008644422516226768
fc_layers.0,2,13,5,0.07530468702316284
fc_layers.0,2,13,6,0.07844968885183334
fc_layers.0,2,13,7,0.03375492990016937
fc_layers.0,2,13,8,0.07749812304973602
fc_layers.0,2,13,9,0.038991741836071014
fc_layers.0,2,13,10,0.0735553652048111
fc_layers.0,2,13,11,0.025370510295033455
fc_layers.0,2,13,12,0.0422150120139122
fc_layers.0,2,13,14,0.053554728627204895
fc_layers.0,2,13,15,0.2170369029045105
fc_layers.0,2,13,16,0.10042255371809006
fc_layers.0,2,13,17,0.034144312143325806
fc_layers.0,2,13,18,0.0023085270076990128
fc_layers.0,2,13,19,0.02424001321196556
fc_layers.0,2,13,20,0.014098920859396458
fc_layers.0,2,13,21,0.010949069634079933
fc_layers.0,2,13,22,0.12180998176336288
fc_layers.0,2,13,23,0.07626105844974518
fc_layers.0,2,13,24,0.04808955639600754
fc_layers.0,2,13,25,0.053191497921943665
fc_layers.0,2,13,26,0.0651790201663971
fc_layers.0,2,13,27,0.1012728288769722
fc_layers.0,2,13,28,0.0031683044508099556
fc_layers.0,2,13,29,0.050455767661333084
fc_layers.0,2,13,30,0.05572567135095596
fc_layers.0,2,13,31,0.010756252333521843
fc_layers.0,2,13,32,0.1005956307053566
fc_layers.0,2,13,33,0.014520598575472832
fc_layers.0,2,13,34,0.007707187905907631
fc_layers.0,2,13,35,0.06607390940189362
fc_layers.0,2,13,36,0.09552616626024246
fc_layers.0,2,13,37,0.024589903652668
fc_layers.0,2,13,38,0.05675337463617325
fc_layers.0,2,13,39,0.07699081301689148
fc_layers.0,2,13,40,0.015926701948046684
fc_layers.0,2,13,41,0.14200030267238617
fc_layers.0,2,13,42,0.037761393934488297
fc_layers.0,2,14,0,0.05965403467416763
fc_layers.0,2,14,1,0.02108616940677166
fc_layers.0,2,14,2,0.11247368901968002
fc_layers.0,2,14,3,0.061558667570352554
fc_layers.0,2,14,4,0.019335851073265076
fc_layers.0,2,14,5,0.05055008828639984
fc_layers.0,2,14,6,0.12340591847896576
fc_layers.0,2,14,7,0.09144926071166992
fc_layers.0,2,14,8,0.10621491074562073
fc_layers.0,2,14,9,0.03793976455926895
fc_layers.0,2,14,10,0.05237260088324547
fc_layers.0,2,14,11,0.07157253473997116
fc_layers.0,2,14,12,0.02526312693953514
fc_layers.0,2,14,13,0.053554728627204895
fc_layers.0,2,14,15,0.059497494250535965
fc_layers.0,2,14,16,0.04896731674671173
fc_layers.0,2,14,17,0.1913621872663498
fc_layers.0,2,14,18,0.0955866128206253
fc_layers.0,2,14,19,0.09396391361951828
fc_layers.0,2,14,20,0.02708643302321434
fc_layers.0,2,14,21,0.04922880232334137
fc_layers.0,2,14,22,0.1395905613899231
fc_layers.0,2,14,23,0.09718488156795502
fc_layers.0,2,14,24,0.10312415659427643
fc_layers.0,2,14,25,0.05326846241950989
fc_layers.0,2,14,26,0.09430887550115585
fc_layers.0,2,14,27,0.04428886994719505
fc_layers.0,2,14,28,0.013157520443201065
fc_layers.0,2,14,29,0.06972994655370712
fc_layers.0,2,14,30,0.05351490527391434
fc_layers.0,2,14,31,0.04394378513097763
fc_layers.0,2,14,32,0.019030708819627762
fc_layers.0,2,14,33,0.005925693549215794
fc_layers.0,2,14,34,0.03338609263300896
fc_layers.0,2,14,35,0.13121874630451202
fc_layers.0,2,14,36,0.10958560556173325
fc_layers.0,2,14,37,0.0037302877753973007
fc_layers.0,2,14,38,0.07414253801107407
fc_layers.0,2,14,39,0.021532364189624786
fc_layers.0,2,14,40,0.07923129200935364
fc_layers.0,2,14,41,0.08964851498603821
fc_layers.0,2,14,42,0.0407223105430603
fc_layers.0,2,15,0,0.017981059849262238
fc_layers.0,2,15,1,0.0071094706654548645
fc_layers.0,2,15,2,0.09759218245744705
fc_layers.0,2,15,3,0.08835598826408386
fc_layers.0,2,15,4,0.006747897248715162
fc_layers.0,2,15,5,0.0350896492600441
fc_layers.0,2,15,6,0.14471447467803955
fc_layers.0,2,15,7,0.17184390127658844
fc_layers.0,2,15,8,0.03667007386684418
fc_layers.0,2,15,9,0.11455504596233368
fc_layers.0,2,15,10,0.01862853765487671
fc_layers.0,2,15,11,0.051516372710466385
fc_layers.0,2,15,12,0.007038843352347612
fc_layers.0,2,15,13,0.2170369029045105
fc_layers.0,2,15,14,0.059497494250535965
fc_layers.0,2,15,16,0.08301587402820587
fc_layers.0,2,15,17,0.03256375715136528
fc_layers.0,2,15,18,0.0704735815525055
fc_layers.0,2,15,19,0.061356887221336365
fc_layers.0,2,15,20,0.006438944488763809
fc_layers.0,2,15,21,0.03427089378237724
fc_layers.0,2,15,22,0.02607082761824131
fc_layers.0,2,15,23,0.07514360547065735
fc_layers.0,2,15,24,0.06775420904159546
fc_layers.0,2,15,25,0.07298289239406586
fc_layers.0,2,15,26,0.08117399364709854
fc_layers.0,2,15,27,0.0037949157413095236
fc_layers.0,2,15,28,0.03842141851782799
fc_layers.0,2,15,29,0.1652478575706482
fc_layers.0,2,15,30,0.06246209889650345
fc_layers.0,2,15,31,0.09165038168430328
fc_layers.0,2,15,32,0.08295096457004547
fc_layers.0,2,15,33,0.02902137115597725
fc_layers.0,2,15,34,0.117659792304039
fc_layers.0,2,15,35,0.0047228895127773285
fc_layers.0,2,15,36,0.07190704345703125
fc_layers.0,2,15,37,0.07129877805709839
fc_layers.0,2,15,38,0.004554077982902527
fc_layers.0,2,15,39,0.020088866353034973
fc_layers.0,2,15,40,0.06681481748819351
fc_layers.0,2,15,41,0.10411085933446884
fc_layers.0,2,15,42,0.07336108386516571
fc_layers.0,2,16,0,0.07286962866783142
fc_layers.0,2,16,1,0.02290753647685051
fc_layers.0,2,16,2,0.1379096508026123
fc_layers.0,2,16,3,0.11337888240814209
fc_layers.0,2,16,4,0.05229642987251282
fc_layers.0,2,16,5,0.2024257481098175
fc_layers.0,2,16,6,0.13132955133914948
fc_layers.0,2,16,7,0.2124810665845871
fc_layers.0,2,16,8,0.022251922637224197
fc_layers.0,2,16,9,0.23501187562942505
fc_layers.0,2,16,10,0.24674837291240692
fc_layers.0,2,16,11,0.17594072222709656
fc_layers.0,2,16,12,0.029860716313123703
fc_layers.0,2,16,13,0.10042255371809006
fc_layers.0,2,16,14,0.04896731674671173
fc_layers.0,2,16,15,0.08301587402820587
fc_layers.0,2,16,17,0.06923632323741913
fc_layers.0,2,16,18,0.19443878531455994
fc_layers.0,2,16,19,0.10330721735954285
fc_layers.0,2,16,20,0.08061185479164124
fc_layers.0,2,16,21,0.03225557506084442
fc_layers.0,2,16,22,0.02026892639696598
fc_layers.0,2,16,23,0.10089218616485596
fc_layers.0,2,16,24,0.06430315971374512
fc_layers.0,2,16,25,0.07207418233156204
fc_layers.0,2,16,26,0.10061254352331161
fc_layers.0,2,16,27,0.015113595873117447
fc_layers.0,2,16,28,0.05719369649887085
fc_layers.0,2,16,29,0.0023894459009170532
fc_layers.0,2,16,30,0.0042368024587631226
fc_layers.0,2,16,31,0.16978132724761963
fc_layers.0,2,16,32,0.0042724162340164185
fc_layers.0,2,16,33,0.04489005729556084
fc_layers.0,2,16,34,0.04555682837963104
fc_layers.0,2,16,35,0.03824576735496521
fc_layers.0,2,16,36,0.01561121828854084
fc_layers.0,2,16,37,0.0807950347661972
fc_layers.0,2,16,38,0.020295314490795135
fc_layers.0,2,16,39,0.06412677466869354
fc_layers.0,2,16,40,0.10515759140253067
fc_layers.0,2,16,41,0.28700485825538635
fc_layers.0,2,16,42,0.013797017745673656
fc_layers.0,2,17,0,0.03026767447590828
fc_layers.0,2,17,1,0.08738833665847778
fc_layers.0,2,17,2,0.008186956867575645
fc_layers.0,2,17,3,0.043038804084062576
fc_layers.0,2,17,4,0.03966904431581497
fc_layers.0,2,17,5,0.12725688517093658
fc_layers.0,2,17,6,0.03413843363523483
fc_layers.0,2,17,7,0.05506647005677223
fc_layers.0,2,17,8,0.053683262318372726
fc_layers.0,2,17,9,0.0508461631834507
fc_layers.0,2,17,10,0.02333919331431389
fc_layers.0,2,17,11,0.13128656148910522
fc_layers.0,2,17,12,0.24930112063884735
fc_layers.0,2,17,13,0.034144312143325806
fc_layers.0,2,17,14,0.1913621872663498
fc_layers.0,2,17,15,0.03256375715136528
fc_layers.0,2,17,16,0.06923632323741913
fc_layers.0,2,17,18,0.036482036113739014
fc_layers.0,2,17,19,0.06374786049127579
fc_layers.0,2,17,20,0.11653804779052734
fc_layers.0,2,17,21,0.020247258245944977
fc_layers.0,2,17,22,0.01829158142209053
fc_layers.0,2,17,23,0.022627495229244232
fc_layers.0,2,17,24,0.03246090188622475
fc_layers.0,2,17,25,0.03954272344708443
fc_layers.0,2,17,26,0.031005188822746277
fc_layers.0,2,17,27,0.1012413427233696
fc_layers.0,2,17,28,0.04158712550997734
fc_layers.0,2,17,29,0.037379465997219086
fc_layers.0,2,17,30,0.08668113499879837
fc_layers.0,2,17,31,0.09362079203128815
fc_layers.0,2,17,32,0.004738900810480118
fc_layers.0,2,17,33,0.019027940928936005
fc_layers.0,2,17,34,0.033901773393154144
fc_layers.0,2,17,35,0.06287747621536255
fc_layers.0,2,17,36,0.1291133463382721
fc_layers.0,2,17,37,0.0005899156676605344
fc_layers.0,2,17,38,0.08909803628921509
fc_layers.0,2,17,39,0.047953829169273376
fc_layers.0,2,17,40,0.0077305384911596775
fc_layers.0,2,17,41,0.10096261650323868
fc_layers.0,2,17,42,0.04324355348944664
fc_layers.0,2,18,0,0.002934797666966915
fc_layers.0,2,18,1,0.02447587437927723
fc_layers.0,2,18,2,0.03776301071047783
fc_layers.0,2,18,3,0.06924594938755035
fc_layers.0,2,18,4,0.2518695592880249
fc_layers.0,2,18,5,0.0152964498847723
fc_layers.0,2,18,6,6.141792982816696e-05
fc_layers.0,2,18,7,0.021958814933896065
fc_layers.0,2,18,8,0.0757918432354927
fc_layers.0,2,18,9,0.08931653201580048
fc_layers.0,2,18,10,0.1038079485297203
fc_layers.0,2,18,11,0.09679427742958069
fc_layers.0,2,18,12,0.02159247361123562
fc_layers.0,2,18,13,0.0023085270076990128
fc_layers.0,2,18,14,0.0955866128206253
fc_layers.0,2,18,15,0.0704735815525055
fc_layers.0,2,18,16,0.19443878531455994
fc_layers.0,2,18,17,0.036482036113739014
fc_layers.0,2,18,19,0.10011475533246994
fc_layers.0,2,18,20,0.11438195407390594
fc_layers.0,2,18,21,0.011918431147933006
fc_layers.0,2,18,22,0.0358496755361557
fc_layers.0,2,18,23,0.0486564040184021
fc_layers.0,2,18,24,0.36824357509613037
fc_layers.0,2,18,25,0.18297366797924042
fc_layers.0,2,18,26,0.07744408398866653
fc_layers.0,2,18,27,0.027845196425914764
fc_layers.0,2,18,28,0.0047430917620658875
fc_layers.0,2,18,29,0.026045508682727814
fc_layers.0,2,18,30,0.06252245604991913
fc_layers.0,2,18,31,0.02793765999376774
fc_layers.0,2,18,32,0.019163303077220917
fc_layers.0,2,18,33,0.01796407252550125
fc_layers.0,2,18,34,0.09556283801794052
fc_layers.0,2,18,35,0.1318543255329132
fc_layers.0,2,18,36,0.038938045501708984
fc_layers.0,2,18,37,0.03546096011996269
fc_layers.0,2,18,38,0.05650799721479416
fc_layers.0,2,18,39,0.060863196849823
fc_layers.0,2,18,40,0.06461794674396515
fc_layers.0,2,18,41,0.017798226326704025
fc_layers.0,2,18,42,0.11008283495903015
fc_layers.0,2,19,0,0.046336568892002106
fc_layers.0,2,19,1,0.06295861303806305
fc_layers.0,2,19,2,0.023548880591988564
fc_layers.0,2,19,3,0.03167007863521576
fc_layers.0,2,19,4,0.17372801899909973
fc_layers.0,2,19,5,0.020875468850135803
fc_layers.0,2,19,6,0.043331220746040344
fc_layers.0,2,19,7,0.034898411482572556
fc_layers.0,2,19,8,0.024824947118759155
fc_layers.0,2,19,9,0.14491750299930573
fc_layers.0,2,19,10,0.024204159155488014
fc_layers.0,2,19,11,0.06298857927322388
fc_layers.0,2,19,12,0.058795638382434845
fc_layers.0,2,19,13,0.02424001321196556
fc_layers.0,2,19,14,0.09396391361951828
fc_layers.0,2,19,15,0.061356887221336365
fc_layers.0,2,19,16,0.10330721735954285
fc_layers.0,2,19,17,0.06374786049127579
fc_layers.0,2,19,18,0.10011475533246994
fc_layers.0,2,19,20,0.04971659556031227
fc_layers.0,2,19,21,0.011399101465940475
fc_layers.0,2,19,22,0.06530652195215225
fc_layers.0,2,19,23,0.7346227169036865
fc_layers.0,2,19,24,0.05472172424197197
fc_layers.0,2,19,25,0.1447758674621582
fc_layers.0,2,19,26,0.09526942670345306
fc_layers.0,2,19,27,0.03193875774741173
fc_layers.0,2,19,28,0.05839622765779495
fc_layers.0,2,19,29,0.03843780606985092
fc_layers.0,2,19,30,0.11102783679962158
fc_layers.0,2,19,31,0.05408557131886482
fc_layers.0,2,19,32,0.03261171281337738
fc_layers.0,2,19,33,0.010732430033385754
fc_layers.0,2,19,34,0.13477540016174316
fc_layers.0,2,19,35,0.007762066088616848
fc_layers.0,2,19,36,0.011604291386902332
fc_layers.0,2,19,37,0.062046997249126434
fc_layers.0,2,19,38,0.0169809740036726
fc_layers.0,2,19,39,0.1260683387517929
fc_layers.0,2,19,40,0.051060013473033905
fc_layers.0,2,19,41,0.01464471872895956
fc_layers.0,2,19,42,0.07980190217494965
fc_layers.0,2,20,0,0.010408755391836166
fc_layers.0,2,20,1,0.11231786012649536
fc_layers.0,2,20,2,0.08050597459077835
fc_layers.0,2,20,3,0.02039150893688202
fc_layers.0,2,20,4,0.018031025305390358
fc_layers.0,2,20,5,0.08956603705883026
fc_layers.0,2,20,6,0.01687222719192505
fc_layers.0,2,20,7,0.126902237534523
fc_layers.0,2,20,8,0.07522958517074585
fc_layers.0,2,20,9,0.06285000592470169
fc_layers.0,2,20,10,0.06021660938858986
fc_layers.0,2,20,11,0.03500981628894806
fc_layers.0,2,20,12,0.003218621015548706
fc_layers.0,2,20,13,0.014098920859396458
fc_layers.0,2,20,14,0.02708643302321434
fc_layers.0,2,20,15,0.006438944488763809
fc_layers.0,2,20,16,0.08061185479164124
fc_layers.0,2,20,17,0.11653804779052734
fc_layers.0,2,20,18,0.11438195407390594
fc_layers.0,2,20,19,0.04971659556031227
fc_layers.0,2,20,21,0.0002289025578647852
fc_layers.0,2,20,22,0.0370977558195591
fc_layers.0,2,20,23,0.10195378959178925
fc_layers.0,2,20,24,0.010136067867279053
fc_layers.0,2,20,25,0.007547535002231598
fc_layers.0,2,20,26,0.06925392150878906
fc_layers.0,2,20,27,0.08142981678247452
fc_layers.0,2,20,28,0.21192076802253723
fc_layers.0,2,20,29,0.1633748859167099
fc_layers.0,2,20,30,0.14283618330955505
fc_layers.0,2,20,31,0.3346582055091858
fc_layers.0,2,20,32,0.04161515831947327
fc_layers.0,2,20,33,0.02316132001578808
fc_layers.0,2,20,34,0.060707442462444305
fc_layers.0,2,20,35,0.0313318632543087
fc_layers.0,2,20,36,0.11777453124523163
fc_layers.0,2,20,37,0.05599905550479889
fc_layers.0,2,20,38,0.06784626841545105
fc_layers.0,2,20,39,0.07483568787574768
fc_layers.0,2,20,40,0.03855153173208237
fc_layers.0,2,20,41,0.06156201288104057
fc_layers.0,2,20,42,0.014738770201802254
fc_layers.0,2,21,0,0.048040904104709625
fc_layers.0,2,21,1,0.036069467663764954
fc_layers.0,2,21,2,0.07116392254829407
fc_layers.0,2,21,3,0.06862492859363556
fc_layers.0,2,21,4,0.013790066353976727
fc_layers.0,2,21,5,0.023807942867279053
fc_layers.0,2,21,6,0.02417878620326519
fc_layers.0,2,21,7,0.10754188150167465
fc_layers.0,2,21,8,0.037659235298633575
fc_layers.0,2,21,9,0.01077014859765768
fc_layers.0,2,21,10,0.0037229557055979967
fc_layers.0,2,21,11,0.08548836410045624
fc_layers.0,2,21,12,0.04171285778284073
fc_layers.0,2,21,13,0.010949069634079933
fc_layers.0,2,21,14,0.04922880232334137
fc_layers.0,2,21,15,0.03427089378237724
fc_layers.0,2,21,16,0.03225557506084442
fc_layers.0,2,21,17,0.020247258245944977
fc_layers.0,2,21,18,0.011918431147933006
fc_layers.0,2,21,19,0.011399101465940475
fc_layers.0,2,21,20,0.0002289025578647852
fc_layers.0,2,21,22,0.06588564813137054
fc_layers.0,2,21,23,0.2569907605648041
fc_layers.0,2,21,24,0.054288823157548904
fc_layers.0,2,21,25,0.09235379099845886
fc_layers.0,2,21,26,0.08565694838762283
fc_layers.0,2,21,27,0.06523974239826202
fc_layers.0,2,21,28,0.04522164911031723
fc_layers.0,2,21,29,0.06269268691539764
fc_layers.0,2,21,30,0.1706453114748001
fc_layers.0,2,21,31,0.13306663930416107
fc_layers.0,2,21,32,0.023504173383116722
fc_layers.0,2,21,33,0.08789809048175812
fc_layers.0,2,21,34,0.08990785479545593
fc_layers.0,2,21,35,0.016184434294700623
fc_layers.0,2,21,36,0.06133895739912987
fc_layers.0,2,21,37,0.11488470435142517
fc_layers.0,2,21,38,0.08061601221561432
fc_layers.0,2,21,39,0.022002963349223137
fc_layers.0,2,21,40,0.07633034139871597
fc_layers.0,2,21,41,0.007726488634943962
fc_layers.0,2,21,42,0.0626911073923111
fc_layers.0,2,22,0,0.0029959632083773613
fc_layers.0,2,22,1,0.030100155621767044
fc_layers.0,2,22,2,0.016987618058919907
fc_layers.0,2,22,3,0.07716608047485352
fc_layers.0,2,22,4,0.025288138538599014
fc_layers.0,2,22,5,0.04686200991272926
fc_layers.0,2,22,6,0.07179857790470123
fc_layers.0,2,22,7,0.06522019952535629
fc_layers.0,2,22,8,0.13622140884399414
fc_layers.0,2,22,9,0.02261519804596901
fc_layers.0,2,22,10,0.06734238564968109
fc_layers.0,2,22,11,0.12763135135173798
fc_layers.0,2,22,12,0.0017300720792263746
fc_layers.0,2,22,13,0.12180998176336288
fc_layers.0,2,22,14,0.1395905613899231
fc_layers.0,2,22,15,0.02607082761824131
fc_layers.0,2,22,16,0.02026892639696598
fc_layers.0,2,22,17,0.01829158142209053
fc_layers.0,2,22,18,0.0358496755361557
fc_layers.0,2,22,19,0.06530652195215225
fc_layers.0,2,22,20,0.0370977558195591
fc_layers.0,2,22,21,0.06588564813137054
fc_layers.0,2,22,23,0.0921069085597992
fc_layers.0,2,22,24,0.1177738606929779
fc_layers.0,2,22,25,0.19287385046482086
fc_layers.0,2,22,26,0.5398138761520386
fc_layers.0,2,22,27,0.08550243079662323
fc_layers.0,2,22,28,0.07175746560096741
fc_layers.0,2,22,29,0.15756170451641083
fc_layers.0,2,22,30,0.0022065266966819763
fc_layers.0,2,22,31,0.16844844818115234
fc_layers.0,2,22,32,0.0870528519153595
fc_layers.0,2,22,33,0.010580034926533699
fc_layers.0,2,22,34,0.12759524583816528
fc_layers.0,2,22,35,0.10402136296033859
fc_layers.0,2,22,36,0.018931256607174873
fc_layers.0,2,22,37,0.06649729609489441
fc_layers.0,2,22,38,0.04448487237095833
fc_layers.0,2,22,39,0.10154996812343597
fc_layers.0,2,22,40,0.00715662632137537
fc_layers.0,2,22,41,0.060556791722774506
fc_layers.0,2,22,42,0.023372864350676537
fc_layers.0,2,23,0,0.0035896217450499535
fc_layers.0,2,23,1,0.009468413889408112
fc_layers.0,2,23,2,0.08871264010667801
fc_layers.0,2,23,3,0.0342412143945694
fc_layers.0,2,23,4,0.1958501636981964
fc_layers.0,2,23,5,0.011581171303987503
fc_layers.0,2,23,6,0.020090466365218163
fc_layers.0,2,23,7,0.005979807116091251
fc_layers.0,2,23,8,0.02792222984135151
fc_layers.0,2,23,9,0.09730169177055359
fc_layers.0,2,23,10,0.022820189595222473
fc_layers.0,2,23,11,0.010847802273929119
fc_layers.0,2,23,12,0.06210155040025711
fc_layers.0,2,23,13,0.07626105844974518
fc_layers.0,2,23,14,0.09718488156795502
fc_layers.0,2,23,15,0.07514360547065735
fc_layers.0,2,23,16,0.10089218616485596
fc_layers.0,2,23,17,0.022627495229244232
fc_layers.0,2,23,18,0.0486564040184021
fc_layers.0,2,23,19,0.7346227169036865
fc_layers.0,2,23,20,0.10195378959178925
fc_layers.0,2,23,21,0.2569907605648041
fc_layers.0,2,23,22,0.0921069085597992
fc_layers.0,2,23,24,0.02114303782582283
fc_layers.0,2,23,25,0.055406082421541214
fc_layers.0,2,23,26,0.1193702295422554
fc_layers.0,2,23,27,0.01963762193918228
fc_layers.0,2,23,28,0.08063230663537979
fc_layers.0,2,23,29,0.11487182974815369
fc_layers.0,2,23,30,0.11285440623760223
fc_layers.0,2,23,31,0.03129419684410095
fc_layers.0,2,23,32,0.036148589104413986
fc_layers.0,2,23,33,0.046256035566329956
fc_layers.0,2,23,34,0.15534205734729767
fc_layers.0,2,23,35,0.0057741631753742695
fc_layers.0,2,23,36,0.024131538346409798
fc_layers.0,2,23,37,0.1330786496400833
fc_layers.0,2,23,38,0.011976856738328934
fc_layers.0,2,23,39,0.08461196720600128
fc_layers.0,2,23,40,0.0336998850107193
fc_layers.0,2,23,41,0.005225915461778641
fc_layers.0,2,23,42,0.06822158396244049
fc_layers.0,2,24,0,0.031151436269283295
fc_layers.0,2,24,1,0.055246174335479736
fc_layers.0,2,24,2,0.11714217811822891
fc_layers.0,2,24,3,0.061607107520103455
fc_layers.0,2,24,4,0.13041087985038757
fc_layers.0,2,24,5,0.010856719687581062
fc_layers.0,2,24,6,0.012567535042762756
fc_layers.0,2,24,7,0.09006804972887039
fc_layers.0,2,24,8,0.04005841910839081
fc_layers.0,2,24,9,0.067983478307724
fc_layers.0,2,24,10,0.005330708809196949
fc_layers.0,2,24,11,0.10084787756204605
fc_layers.0,2,24,12,0.04087517037987709
fc_layers.0,2,24,13,0.04808955639600754
fc_layers.0,2,24,14,0.10312415659427643
fc_layers.0,2,24,15,0.06775420904159546
fc_layers.0,2,24,16,0.06430315971374512
fc_layers.0,2,24,17,0.03246090188622475
fc_layers.0,2,24,18,0.36824357509613037
fc_layers.0,2,24,19,0.05472172424197197
fc_layers.0,2,24,20,0.010136067867279053
fc_layers.0,2,24,21,0.054288823157548904
fc_layers.0,2,24,22,0.1177738606929779
fc_layers.0,2,24,23,0.02114303782582283
fc_layers.0,2,24,25,0.22140243649482727
fc_layers.0,2,24,26,0.09978967905044556
fc_layers.0,2,24,27,0.005217384546995163
fc_layers.0,2,24,28,0.08244847506284714
fc_layers.0,2,24,29,0.04921100288629532
fc_layers.0,2,24,30,0.04928487539291382
fc_layers.0,2,24,31,0.13926157355308533
fc_layers.0,2,24,32,0.05592447519302368
fc_layers.0,2,24,33,0.0073148338124156
fc_layers.0,2,24,34,0.07375717908143997
fc_layers.0,2,24,35,0.07090242207050323
fc_layers.0,2,24,36,0.013361581601202488
fc_layers.0,2,24,37,0.034984420984983444
fc_layers.0,2,24,38,0.04558388516306877
fc_layers.0,2,24,39,0.016976043581962585
fc_layers.0,2,24,40,0.019345417618751526
fc_layers.0,2,24,41,0.014110153540968895
fc_layers.0,2,24,42,0.0719350278377533
fc_layers.0,2,25,0,0.0033651525154709816
fc_layers.0,2,25,1,0.10305025428533554
fc_layers.0,2,25,2,0.010937798768281937
fc_layers.0,2,25,3,0.09195829182863235
fc_layers.0,2,25,4,0.03096504881978035
fc_layers.0,2,25,5,0.085357666015625
fc_layers.0,2,25,6,0.011243087239563465
fc_layers.0,2,25,7,0.0794997438788414
fc_layers.0,2,25,8,0.07048746943473816
fc_layers.0,2,25,9,0.041633132845163345
fc_layers.0,2,25,10,0.11606965959072113
fc_layers.0,2,25,11,0.19270485639572144
fc_layers.0,2,25,12,0.0029712142422795296
fc_layers.0,2,25,13,0.053191497921943665
fc_layers.0,2,25,14,0.05326846241950989
fc_layers.0,2,25,15,0.07298289239406586
fc_layers.0,2,25,16,0.07207418233156204
fc_layers.0,2,25,17,0.03954272344708443
fc_layers.0,2,25,18,0.18297366797924042
fc_layers.0,2,25,19,0.1447758674621582
fc_layers.0,2,25,20,0.007547535002231598
fc_layers.0,2,25,21,0.09235379099845886
fc_layers.0,2,25,22,0.19287385046482086
fc_layers.0,2,25,23,0.055406082421541214
fc_layers.0,2,25,24,0.22140243649482727
fc_layers.0,2,25,26,0.29986628890037537
fc_layers.0,2,25,27,0.1575019359588623
fc_layers.0,2,25,28,0.051835864782333374
fc_layers.0,2,25,29,0.21783724427223206
fc_layers.0,2,25,30,0.05997323617339134
fc_layers.0,2,25,31,0.08049692213535309
fc_layers.0,2,25,32,0.08385471999645233
fc_layers.0,2,25,33,0.012228813022375107
fc_layers.0,2,25,34,0.13096892833709717
fc_layers.0,2,25,35,0.190109983086586
fc_layers.0,2,25,36,0.06591634452342987
fc_layers.0,2,25,37,0.07634000480175018
fc_layers.0,2,25,38,0.09080827981233597
fc_layers.0,2,25,39,0.00866139680147171
fc_layers.0,2,25,40,0.10944138467311859
fc_layers.0,2,25,41,0.0028968527913093567
fc_layers.0,2,25,42,0.04009002074599266
fc_layers.0,2,26,0,0.050701625645160675
fc_layers.0,2,26,1,0.03815824165940285
fc_layers.0,2,26,2,0.07232438027858734
fc_layers.0,2,26,3,0.036742281168699265
fc_layers.0,2,26,4,0.12617897987365723
fc_layers.0,2,26,5,0.05993953347206116
fc_layers.0,2,26,6,0.07524551451206207
fc_layers.0,2,26,7,0.02090589702129364
fc_layers.0,2,26,8,0.2280334234237671
fc_layers.0,2,26,9,0.052094511687755585
fc_layers.0,2,26,10,0.02399277687072754
fc_layers.0,2,26,11,0.028830036520957947
fc_layers.0,2,26,12,0.03636433556675911
fc_layers.0,2,26,13,0.0651790201663971
fc_layers.0,2,26,14,0.09430887550115585
fc_layers.0,2,26,15,0.08117399364709854
fc_layers.0,2,26,16,0.10061254352331161
fc_layers.0,2,26,17,0.031005188822746277
fc_layers.0,2,26,18,0.07744408398866653
fc_layers.0,2,26,19,0.09526942670345306
fc_layers.0,2,26,20,0.06925392150878906
fc_layers.0,2,26,21,0.08565694838762283
fc_layers.0,2,26,22,0.5398138761520386
fc_layers.0,2,26,23,0.1193702295422554
fc_layers.0,2,26,24,0.09978967905044556
fc_layers.0,2,26,25,0.29986628890037537
fc_layers.0,2,26,27,0.0024050911888480186
fc_layers.0,2,26,28,0.11060106009244919
fc_layers.0,2,26,29,0.002703823149204254
fc_layers.0,2,26,30,0.028950145468115807
fc_layers.0,2,26,31,0.21362531185150146
fc_layers.0,2,26,32,0.0096342908218503
fc_layers.0,2,26,33,0.003176087513566017
fc_layers.0,2,26,34,0.06746101379394531
fc_layers.0,2,26,35,0.08904415369033813
fc_layers.0,2,26,36,0.05460529029369354
fc_layers.0,2,26,37,0.014982638880610466
fc_layers.0,2,26,38,0.16702094674110413
fc_layers.0,2,26,39,0.00696162972599268
fc_layers.0,2,26,40,0.0824233815073967
fc_layers.0,2,26,41,0.05289173126220703
fc_layers.0,2,26,42,0.014234019443392754
fc_layers.0,2,27,0,0.0247240848839283
fc_layers.0,2,27,1,0.47772160172462463
fc_layers.0,2,27,2,0.04531187191605568
fc_layers.0,2,27,3,0.035913094878196716
fc_layers.0,2,27,4,0.18097472190856934
fc_layers.0,2,27,5,0.08315184712409973
fc_layers.0,2,27,6,0.030091093853116035
fc_layers.0,2,27,7,0.004060125909745693
fc_layers.0,2,27,8,0.09184489399194717
fc_layers.0,2,27,9,0.031942300498485565
fc_layers.0,2,27,10,0.018237238749861717
fc_layers.0,2,27,11,0.08396013081073761
fc_layers.0,2,27,12,0.06333425641059875
fc_layers.0,2,27,13,0.1012728288769722
fc_layers.0,2,27,14,0.04428886994719505
fc_layers.0,2,27,15,0.0037949157413095236
fc_layers.0,2,27,16,0.015113595873117447
fc_layers.0,2,27,17,0.1012413427233696
fc_layers.0,2,27,18,0.027845196425914764
fc_layers.0,2,27,19,0.03193875774741173
fc_layers.0,2,27,20,0.08142981678247452
fc_layers.0,2,27,21,0.06523974239826202
fc_layers.0,2,27,22,0.08550243079662323
fc_layers.0,2,27,23,0.01963762193918228
fc_layers.0,2,27,24,0.005217384546995163
fc_layers.0,2,27,25,0.1575019359588623
fc_layers.0,2,27,26,0.0024050911888480186
fc_layers.0,2,27,28,0.06198437884449959
fc_layers.0,2,27,29,0.041307855397462845
fc_layers.0,2,27,30,0.06525339931249619
fc_layers.0,2,27,31,0.08791869133710861
fc_layers.0,2,27,32,0.15380585193634033
fc_layers.0,2,27,33,0.014816571958363056
fc_layers.0,2,27,34,0.08225595206022263
fc_layers.0,2,27,35,0.010761461220681667
fc_layers.0,2,27,36,0.01731887273490429
fc_layers.0,2,27,37,0.04173426702618599
fc_layers.0,2,27,38,0.03355127573013306
fc_layers.0,2,27,39,0.02026446908712387
fc_layers.0,2,27,40,0.03811684623360634
fc_layers.0,2,27,41,0.0011584325693547726
fc_layers.0,2,27,42,0.09183376282453537
fc_layers.0,2,28,0,0.10397084057331085
fc_layers.0,2,28,1,0.008102867752313614
fc_layers.0,2,28,2,0.1307746022939682
fc_layers.0,2,28,3,0.19239047169685364
fc_layers.0,2,28,4,0.04439958557486534
fc_layers.0,2,28,5,0.04028365761041641
fc_layers.0,2,28,6,0.015905817970633507
fc_layers.0,2,28,7,0.08306249976158142
fc_layers.0,2,28,8,0.11552220582962036
fc_layers.0,2,28,9,0.029986530542373657
fc_layers.0,2,28,10,0.11172771453857422
fc_layers.0,2,28,11,0.010452911257743835
fc_layers.0,2,28,12,0.1346929669380188
fc_layers.0,2,28,13,0.0031683044508099556
fc_layers.0,2,28,14,0.013157520443201065
fc_layers.0,2,28,15,0.03842141851782799
fc_layers.0,2,28,16,0.05719369649887085
fc_layers.0,2,28,17,0.04158712550997734
fc_layers.0,2,28,18,0.0047430917620658875
fc_layers.0,2,28,19,0.05839622765779495
fc_layers.0,2,28,20,0.21192076802253723
fc_layers.0,2,28,21,0.04522164911031723
fc_layers.0,2,28,22,0.07175746560096741
fc_layers.0,2,28,23,0.08063230663537979
fc_layers.0,2,28,24,0.08244847506284714
fc_layers.0,2,28,25,0.051835864782333374
fc_layers.0,2,28,26,0.11060106009244919
fc_layers.0,2,28,27,0.06198437884449959
fc_layers.0,2,28,29,0.1931852549314499
fc_layers.0,2,28,30,0.1936255842447281
fc_layers.0,2,28,31,0.14083512127399445
fc_layers.0,2,28,32,0.019147921353578568
fc_layers.0,2,28,33,0.09131080657243729
fc_layers.0,2,28,34,0.05931495875120163
fc_layers.0,2,28,35,0.07795635610818863
fc_layers.0,2,28,36,0.10434159636497498
fc_layers.0,2,28,37,0.041198134422302246
fc_layers.0,2,28,38,0.025485966354608536
fc_layers.0,2,28,39,0.04436413198709488
fc_layers.0,2,28,40,0.00257890485227108
fc_layers.0,2,28,41,0.10656809061765671
fc_layers.0,2,28,42,0.16254442930221558
fc_layers.0,2,29,0,0.10299456119537354
fc_layers.0,2,29,1,0.0711124837398529
fc_layers.0,2,29,2,0.014333326369524002
fc_layers.0,2,29,3,0.1340768039226532
fc_layers.0,2,29,4,0.08851403743028641
fc_layers.0,2,29,5,0.01676502265036106
fc_layers.0,2,29,6,0.023958886042237282
fc_layers.0,2,29,7,0.09763987362384796
fc_layers.0,2,29,8,0.061489272862672806
fc_layers.0,2,29,9,0.05210811644792557
fc_layers.0,2,29,10,0.0027586231008172035
fc_layers.0,2,29,11,0.10489874333143234
fc_layers.0,2,29,12,0.040540389716625214
fc_layers.0,2,29,13,0.050455767661333084
fc_layers.0,2,29,14,0.06972994655370712
fc_layers.0,2,29,15,0.1652478575706482
fc_layers.0,2,29,16,0.0023894459009170532
fc_layers.0,2,29,17,0.037379465997219086
fc_layers.0,2,29,18,0.026045508682727814
fc_layers.0,2,29,19,0.03843780606985092
fc_layers.0,2,29,20,0.1633748859167099
fc_layers.0,2,29,21,0.06269268691539764
fc_layers.0,2,29,22,0.15756170451641083
fc_layers.0,2,29,23,0.11487182974815369
fc_layers.0,2,29,24,0.04921100288629532
fc_layers.0,2,29,25,0.21783724427223206
fc_layers.0,2,29,26,0.002703823149204254
fc_layers.0,2,29,27,0.041307855397462845
fc_layers.0,2,29,28,0.1931852549314499
fc_layers.0,2,29,30,0.05781138688325882
fc_layers.0,2,29,31,0.06504976749420166
fc_layers.0,2,29,32,0.12045532464981079
fc_layers.0,2,29,33,0.05936775356531143
fc_layers.0,2,29,34,0.05430552363395691
fc_layers.0,2,29,35,0.011834578588604927
fc_layers.0,2,29,36,0.0945327952504158
fc_layers.0,2,29,37,0.0162512194365263
fc_layers.0,2,29,38,0.08239343762397766
fc_layers.0,2,29,39,0.046220481395721436
fc_layers.0,2,29,40,0.08469858765602112
fc_layers.0,2,29,41,0.08383063971996307
fc_layers.0,2,29,42,0.04202677682042122
fc_layers.0,2,30,0,0.037912338972091675
fc_layers.0,2,30,1,0.01530586089938879
fc_layers.0,2,30,2,0.02592328004539013
fc_layers.0,2,30,3,0.051281169056892395
fc_layers.0,2,30,4,0.07505673915147781
fc_layers.0,2,30,5,0.044952474534511566
fc_layers.0,2,30,6,0.03304444998502731
fc_layers.0,2,30,7,0.1593029797077179
fc_layers.0,2,30,8,0.0308779738843441
fc_layers.0,2,30,9,0.013872423209249973
fc_layers.0,2,30,10,0.07634828984737396
fc_layers.0,2,30,11,0.317531943321228
fc_layers.0,2,30,12,0.013608848676085472
fc_layers.0,2,30,13,0.05572567135095596
fc_layers.0,2,30,14,0.05351490527391434
fc_layers.0,2,30,15,0.06246209889650345
fc_layers.0,2,30,16,0.0042368024587631226
fc_layers.0,2,30,17,0.08668113499879837
fc_layers.0,2,30,18,0.06252245604991913
fc_layers.0,2,30,19,0.11102783679962158
fc_layers.0,2,30,20,0.14283618330955505
fc_layers.0,2,30,21,0.1706453114748001
fc_layers.0,2,30,22,0.0022065266966819763
fc_layers.0,2,30,23,0.11285440623760223
fc_layers.0,2,30,24,0.04928487539291382
fc_layers.0,2,30,25,0.05997323617339134
fc_layers.0,2,30,26,0.028950145468115807
fc_layers.0,2,30,27,0.06525339931249619
fc_layers.0,2,30,28,0.1936255842447281
fc_layers.0,2,30,29,0.05781138688325882
fc_layers.0,2,30,31,0.004133950918912888
fc_layers.0,2,30,32,0.06397131830453873
fc_layers.0,2,30,33,0.06656894832849503
fc_layers.0,2,30,34,0.10658469796180725
fc_layers.0,2,30,35,0.12999410927295685
fc_layers.0,2,30,36,0.013735538348555565
fc_layers.0,2,30,37,0.014303389936685562
fc_layers.0,2,30,38,0.09770630300045013
fc_layers.0,2,30,39,0.1093926653265953
fc_layers.0,2,30,40,0.030971001833677292
fc_layers.0,2,30,41,0.010346460156142712
fc_layers.0,2,30,42,0.05793274566531181
fc_layers.0,2,31,0,0.07813414186239243
fc_layers.0,2,31,1,0.01985527202486992
fc_layers.0,2,31,2,0.1650979071855545
fc_layers.0,2,31,3,0.02656959369778633
fc_layers.0,2,31,4,0.03643008694052696
fc_layers.0,2,31,5,0.0031770383939146996
fc_layers.0,2,31,6,0.08347883820533752
fc_layers.0,2,31,7,0.07739309966564178
fc_layers.0,2,31,8,0.08080551773309708
fc_layers.0,2,31,9,0.08383845537900925
fc_layers.0,2,31,10,0.02201797440648079
fc_layers.0,2,31,11,0.11750473827123642
fc_layers.0,2,31,12,0.06158401444554329
fc_layers.0,2,31,13,0.010756252333521843
fc_layers.0,2,31,14,0.04394378513097763
fc_layers.0,2,31,15,0.09165038168430328
fc_layers.0,2,31,16,0.16978132724761963
fc_layers.0,2,31,17,0.09362079203128815
fc_layers.0,2,31,18,0.02793765999376774
fc_layers.0,2,31,19,0.05408557131886482
fc_layers.0,2,31,20,0.3346582055091858
fc_layers.0,2,31,21,0.13306663930416107
fc_layers.0,2,31,22,0.16844844818115234
fc_layers.0,2,31,23,0.03129419684410095
fc_layers.0,2,31,24,0.13926157355308533
fc_layers.0,2,31,25,0.08049692213535309
fc_layers.0,2,31,26,0.21362531185150146
fc_layers.0,2,31,27,0.08791869133710861
fc_layers.0,2,31,28,0.14083512127399445
fc_layers.0,2,31,29,0.06504976749420166
fc_layers.0,2,31,30,0.004133950918912888
fc_layers.0,2,31,32,0.04028397798538208
fc_layers.0,2,31,33,0.023354385048151016
fc_layers.0,2,31,34,0.07217836380004883
fc_layers.0,2,31,35,0.02263309434056282
fc_layers.0,2,31,36,0.07006457448005676
fc_layers.0,2,31,37,0.05183807387948036
fc_layers.0,2,31,38,0.01618235558271408
fc_layers.0,2,31,39,0.06890904158353806
fc_layers.0,2,31,40,0.05844841152429581
fc_layers.0,2,31,41,0.012761077843606472
fc_layers.0,2,31,42,0.08655363321304321
fc_layers.0,2,32,0,0.020323371514678
fc_layers.0,2,32,1,0.13187414407730103
fc_layers.0,2,32,2,0.01239006407558918
fc_layers.0,2,32,3,0.056518662720918655
fc_layers.0,2,32,4,0.0529358945786953
fc_layers.0,2,32,5,0.010399019345641136
fc_layers.0,2,32,6,0.15533198416233063
fc_layers.0,2,32,7,0.030202899128198624
fc_layers.0,2,32,8,0.004282470792531967
fc_layers.0,2,32,9,0.12497587502002716
fc_layers.0,2,32,10,0.017500879243016243
fc_layers.0,2,32,11,0.007995975203812122
fc_layers.0,2,32,12,0.06261839717626572
fc_layers.0,2,32,13,0.1005956307053566
fc_layers.0,2,32,14,0.019030708819627762
fc_layers.0,2,32,15,0.08295096457004547
fc_layers.0,2,32,16,0.0042724162340164185
fc_layers.0,2,32,17,0.004738900810480118
fc_layers.0,2,32,18,0.019163303077220917
fc_layers.0,2,32,19,0.03261171281337738
fc_layers.0,2,32,20,0.04161515831947327
fc_layers.0,2,32,21,0.023504173383116722
fc_layers.0,2,32,22,0.0870528519153595
fc_layers.0,2,32,23,0.036148589104413986
fc_layers.0,2,32,24,0.05592447519302368
fc_layers.0,2,32,25,0.08385471999645233
fc_layers.0,2,32,26,0.0096342908218503
fc_layers.0,2,32,27,0.15380585193634033
fc_layers.0,2,32,28,0.019147921353578568
fc_layers.0,2,32,29,0.12045532464981079
fc_layers.0,2,32,30,0.06397131830453873
fc_layers.0,2,32,31,0.04028397798538208
fc_layers.0,2,32,33,0.0705183744430542
fc_layers.0,2,32,34,0.02692447416484356
fc_layers.0,2,32,35,0.0445711687207222
fc_layers.0,2,32,36,0.10238298773765564
fc_layers.0,2,32,37,0.007419751025736332
fc_layers.0,2,32,38,0.10104517638683319
fc_layers.0,2,32,39,0.020140133798122406
fc_layers.0,2,32,40,0.05313579738140106
fc_layers.0,2,32,41,0.15280403196811676
fc_layers.0,2,32,42,0.0902986079454422
fc_layers.0,2,33,0,0.017578288912773132
fc_layers.0,2,33,1,0.01610201969742775
fc_layers.0,2,33,2,0.010703419335186481
fc_layers.0,2,33,3,0.041738469153642654
fc_layers.0,2,33,4,0.05125030502676964
fc_layers.0,2,33,5,0.00458504818379879
fc_layers.0,2,33,6,0.05393853038549423
fc_layers.0,2,33,7,0.06594257801771164
fc_layers.0,2,33,8,0.001109179574996233
fc_layers.0,2,33,9,0.005517600104212761
fc_layers.0,2,33,10,0.09269409626722336
fc_layers.0,2,33,11,0.03298265486955643
fc_layers.0,2,33,12,0.01624378003180027
fc_layers.0,2,33,13,0.014520598575472832
fc_layers.0,2,33,14,0.005925693549215794
fc_layers.0,2,33,15,0.02902137115597725
fc_layers.0,2,33,16,0.04489005729556084
fc_layers.0,2,33,17,0.019027940928936005
fc_layers.0,2,33,18,0.01796407252550125
fc_layers.0,2,33,19,0.010732430033385754
fc_layers.0,2,33,20,0.02316132001578808
fc_layers.0,2,33,21,0.08789809048175812
fc_layers.0,2,33,22,0.010580034926533699
fc_layers.0,2,33,23,0.046256035566329956
fc_layers.0,2,33,24,0.0073148338124156
fc_layers.0,2,33,25,0.012228813022375107
fc_layers.0,2,33,26,0.003176087513566017
fc_layers.0,2,33,27,0.014816571958363056
fc_layers.0,2,33,28,0.09131080657243729
fc_layers.0,2,33,29,0.05936775356531143
fc_layers.0,2,33,30,0.06656894832849503
fc_layers.0,2,33,31,0.023354385048151016
fc_layers.0,2,33,32,0.0705183744430542
fc_layers.0,2,33,34,0.02001127041876316
fc_layers.0,2,33,35,0.16015635430812836
fc_layers.0,2,33,36,0.3287279009819031
fc_layers.0,2,33,37,0.0030377244111150503
fc_layers.0,2,33,38,0.19420750439167023
fc_layers.0,2,33,39,0.11401315033435822
fc_layers.0,2,33,40,0.011442163027822971
fc_layers.0,2,33,41,0.09329061210155487
fc_layers.0,2,33,42,0.10432928800582886
fc_layers.0,2,34,0,0.1897459179162979
fc_layers.0,2,34,1,0.0443718247115612
fc_layers.0,2,34,2,0.017802372574806213
fc_layers.0,2,34,3,0.17209379374980927
fc_layers.0,2,34,4,0.3728874623775482
fc_layers.0,2,34,5,0.03947632387280464
fc_layers.0,2,34,6,0.04574238881468773
fc_layers.0,2,34,7,0.16642697155475616
fc_layers.0,2,34,8,0.09037472307682037
fc_layers.0,2,34,9,0.009252729825675488
fc_layers.0,2,34,10,0.1030227318406105
fc_layers.0,2,34,11,0.10076424479484558
fc_layers.0,2,34,12,0.0012635330203920603
fc_layers.0,2,34,13,0.007707187905907631
fc_layers.0,2,34,14,0.03338609263300896
fc_layers.0,2,34,15,0.117659792304039
fc_layers.0,2,34,16,0.04555682837963104
fc_layers.0,2,34,17,0.033901773393154144
fc_layers.0,2,34,18,0.09556283801794052
fc_layers.0,2,34,19,0.13477540016174316
fc_layers.0,2,34,20,0.060707442462444305
fc_layers.0,2,34,21,0.08990785479545593
fc_layers.0,2,34,22,0.12759524583816528
fc_layers.0,2,34,23,0.15534205734729767
fc_layers.0,2,34,24,0.07375717908143997
fc_layers.0,2,34,25,0.13096892833709717
fc_layers.0,2,34,26,0.06746101379394531
fc_layers.0,2,34,27,0.08225595206022263
fc_layers.0,2,34,28,0.05931495875120163
fc_layers.0,2,34,29,0.05430552363395691
fc_layers.0,2,34,30,0.10658469796180725
fc_layers.0,2,34,31,0.07217836380004883
fc_layers.0,2,34,32,0.02692447416484356
fc_layers.0,2,34,33,0.02001127041876316
fc_layers.0,2,34,35,0.048342183232307434
fc_layers.0,2,34,36,0.09457681328058243
fc_layers.0,2,34,37,0.021914035081863403
fc_layers.0,2,34,38,0.1494365632534027
fc_layers.0,2,34,39,0.0668567419052124
fc_layers.0,2,34,40,0.1997898519039154
fc_layers.0,2,34,41,0.03440821170806885
fc_layers.0,2,34,42,0.09736740589141846
fc_layers.0,2,35,0,0.056920118629932404
fc_layers.0,2,35,1,0.075358085334301
fc_layers.0,2,35,2,0.0658673346042633
fc_layers.0,2,35,3,0.06009838730096817
fc_layers.0,2,35,4,0.006247564684599638
fc_layers.0,2,35,5,0.02669835090637207
fc_layers.0,2,35,6,0.04230862110853195
fc_layers.0,2,35,7,0.05919475853443146
fc_layers.0,2,35,8,0.08889951556921005
fc_layers.0,2,35,9,0.017238765954971313
fc_layers.0,2,35,10,0.1030028834939003
fc_layers.0,2,35,11,0.057956449687480927
fc_layers.0,2,35,12,0.05201708897948265
fc_layers.0,2,35,13,0.06607390940189362
fc_layers.0,2,35,14,0.13121874630451202
fc_layers.0,2,35,15,0.0047228895127773285
fc_layers.0,2,35,16,0.03824576735496521
fc_layers.0,2,35,17,0.06287747621536255
fc_layers.0,2,35,18,0.1318543255329132
fc_layers.0,2,35,19,0.007762066088616848
fc_layers.0,2,35,20,0.0313318632543087
fc_layers.0,2,35,21,0.016184434294700623
fc_layers.0,2,35,22,0.10402136296033859
fc_layers.0,2,35,23,0.0057741631753742695
fc_layers.0,2,35,24,0.07090242207050323
fc_layers.0,2,35,25,0.190109983086586
fc_layers.0,2,35,26,0.08904415369033813
fc_layers.0,2,35,27,0.010761461220681667
fc_layers.0,2,35,28,0.07795635610818863
fc_layers.0,2,35,29,0.011834578588604927
fc_layers.0,2,35,30,0.12999410927295685
fc_layers.0,2,35,31,0.02263309434056282
fc_layers.0,2,35,32,0.0445711687207222
fc_layers.0,2,35,33,0.16015635430812836
fc_layers.0,2,35,34,0.048342183232307434
fc_layers.0,2,35,36,0.16448557376861572
fc_layers.0,2,35,37,0.23106083273887634
fc_layers.0,2,35,38,0.02212134189903736
fc_layers.0,2,35,39,0.015849553048610687
fc_layers.0,2,35,40,0.2471112757921219
fc_layers.0,2,35,41,0.04246671497821808
fc_layers.0,2,35,42,0.08316895365715027
fc_layers.0,2,36,0,0.04072679579257965
fc_layers.0,2,36,1,0.04780974239110947
fc_layers.0,2,36,2,0.003667694516479969
fc_layers.0,2,36,3,0.026311982423067093
fc_layers.0,2,36,4,0.06262031197547913
fc_layers.0,2,36,5,0.007284205872565508
fc_layers.0,2,36,6,0.051821984350681305
fc_layers.0,2,36,7,0.006865613162517548
fc_layers.0,2,36,8,0.042920053005218506
fc_layers.0,2,36,9,0.04690999910235405
fc_layers.0,2,36,10,0.03433303162455559
fc_layers.0,2,36,11,0.015623597428202629
fc_layers.0,2,36,12,0.09773567318916321
fc_layers.0,2,36,13,0.09552616626024246
fc_layers.0,2,36,14,0.10958560556173325
fc_layers.0,2,36,15,0.07190704345703125
fc_layers.0,2,36,16,0.01561121828854084
fc_layers.0,2,36,17,0.1291133463382721
fc_layers.0,2,36,18,0.038938045501708984
fc_layers.0,2,36,19,0.011604291386902332
fc_layers.0,2,36,20,0.11777453124523163
fc_layers.0,2,36,21,0.06133895739912987
fc_layers.0,2,36,22,0.018931256607174873
fc_layers.0,2,36,23,0.024131538346409798
fc_layers.0,2,36,24,0.013361581601202488
fc_layers.0,2,36,25,0.06591634452342987
fc_layers.0,2,36,26,0.05460529029369354
fc_layers.0,2,36,27,0.01731887273490429
fc_layers.0,2,36,28,0.10434159636497498
fc_layers.0,2,36,29,0.0945327952504158
fc_layers.0,2,36,30,0.013735538348555565
fc_layers.0,2,36,31,0.07006457448005676
fc_layers.0,2,36,32,0.10238298773765564
fc_layers.0,2,36,33,0.3287279009819031
fc_layers.0,2,36,34,0.09457681328058243
fc_layers.0,2,36,35,0.16448557376861572
fc_layers.0,2,36,37,0.006501965224742889
fc_layers.0,2,36,38,0.43751823902130127
fc_layers.0,2,36,39,0.10694774985313416
fc_layers.0,2,36,40,0.05128999799489975
fc_layers.0,2,36,41,0.04369192570447922
fc_layers.0,2,36,42,0.0473489984869957
fc_layers.0,2,37,0,0.05633998662233353
fc_layers.0,2,37,1,0.05377202853560448
fc_layers.0,2,37,2,0.09842920303344727
fc_layers.0,2,37,3,0.12660661339759827
fc_layers.0,2,37,4,0.0046876706182956696
fc_layers.0,2,37,5,0.0043785953894257545
fc_layers.0,2,37,6,0.10356774181127548
fc_layers.0,2,37,7,0.04536603018641472
fc_layers.0,2,37,8,0.00710215512663126
fc_layers.0,2,37,9,0.08409543335437775
fc_layers.0,2,37,10,0.04303031414747238
fc_layers.0,2,37,11,0.01935533434152603
fc_layers.0,2,37,12,0.04730433225631714
fc_layers.0,2,37,13,0.024589903652668
fc_layers.0,2,37,14,0.0037302877753973007
fc_layers.0,2,37,15,0.07129877805709839
fc_layers.0,2,37,16,0.0807950347661972
fc_layers.0,2,37,17,0.0005899156676605344
fc_layers.0,2,37,18,0.03546096011996269
fc_layers.0,2,37,19,0.062046997249126434
fc_layers.0,2,37,20,0.05599905550479889
fc_layers.0,2,37,21,0.11488470435142517
fc_layers.0,2,37,22,0.06649729609489441
fc_layers.0,2,37,23,0.1330786496400833
fc_layers.0,2,37,24,0.034984420984983444
fc_layers.0,2,37,25,0.07634000480175018
fc_layers.0,2,37,26,0.014982638880610466
fc_layers.0,2,37,27,0.04173426702618599
fc_layers.0,2,37,28,0.041198134422302246
fc_layers.0,2,37,29,0.0162512194365263
fc_layers.0,2,37,30,0.014303389936685562
fc_layers.0,2,37,31,0.05183807387948036
fc_layers.0,2,37,32,0.007419751025736332
fc_layers.0,2,37,33,0.0030377244111150503
fc_layers.0,2,37,34,0.021914035081863403
fc_layers.0,2,37,35,0.23106083273887634
fc_layers.0,2,37,36,0.006501965224742889
fc_layers.0,2,37,38,0.16663891077041626
fc_layers.0,2,37,39,0.35201382637023926
fc_layers.0,2,37,40,0.047509849071502686
fc_layers.0,2,37,41,0.033093780279159546
fc_layers.0,2,37,42,0.06116225942969322
fc_layers.0,2,38,0,0.10057345032691956
fc_layers.0,2,38,1,0.06750282645225525
fc_layers.0,2,38,2,0.016190987080335617
fc_layers.0,2,38,3,0.06591137498617172
fc_layers.0,2,38,4,0.01288343220949173
fc_layers.0,2,38,5,0.06207861751317978
fc_layers.0,2,38,6,0.010040010325610638
fc_layers.0,2,38,7,0.15299072861671448
fc_layers.0,2,38,8,0.13428500294685364
fc_layers.0,2,38,9,0.03244686871767044
fc_layers.0,2,38,10,0.0732797160744667
fc_layers.0,2,38,11,0.016850298270583153
fc_layers.0,2,38,12,0.12360972911119461
fc_layers.0,2,38,13,0.05675337463617325
fc_layers.0,2,38,14,0.07414253801107407
fc_layers.0,2,38,15,0.004554077982902527
fc_layers.0,2,38,16,0.020295314490795135
fc_layers.0,2,38,17,0.08909803628921509
fc_layers.0,2,38,18,0.05650799721479416
fc_layers.0,2,38,19,0.0169809740036726
fc_layers.0,2,38,20,0.06784626841545105
fc_layers.0,2,38,21,0.08061601221561432
fc_layers.0,2,38,22,0.04448487237095833
fc_layers.0,2,38,23,0.011976856738328934
fc_layers.0,2,38,24,0.04558388516306877
fc_layers.0,2,38,25,0.09080827981233597
fc_layers.0,2,38,26,0.16702094674110413
fc_layers.0,2,38,27,0.03355127573013306
fc_layers.0,2,38,28,0.025485966354608536
fc_layers.0,2,38,29,0.08239343762397766
fc_layers.0,2,38,30,0.09770630300045013
fc_layers.0,2,38,31,0.01618235558271408
fc_layers.0,2,38,32,0.10104517638683319
fc_layers.0,2,38,33,0.19420750439167023
fc_layers.0,2,38,34,0.1494365632534027
fc_layers.0,2,38,35,0.02212134189903736
fc_layers.0,2,38,36,0.43751823902130127
fc_layers.0,2,38,37,0.16663891077041626
fc_layers.0,2,38,39,0.06130385398864746
fc_layers.0,2,38,40,0.17124560475349426
fc_layers.0,2,38,41,0.029659710824489594
fc_layers.0,2,38,42,0.0890977755188942
fc_layers.0,2,39,0,0.013872688636183739
fc_layers.0,2,39,1,0.013070683926343918
fc_layers.0,2,39,2,0.015137379989027977
fc_layers.0,2,39,3,0.06807916611433029
fc_layers.0,2,39,4,0.08856244385242462
fc_layers.0,2,39,5,0.0868837982416153
fc_layers.0,2,39,6,0.09754778444766998
fc_layers.0,2,39,7,0.002947624772787094
fc_layers.0,2,39,8,0.09142772853374481
fc_layers.0,2,39,9,0.051396679133176804
fc_layers.0,2,39,10,0.055916257202625275
fc_layers.0,2,39,11,0.01890287920832634
fc_layers.0,2,39,12,0.0584021620452404
fc_layers.0,2,39,13,0.07699081301689148
fc_layers.0,2,39,14,0.021532364189624786
fc_layers.0,2,39,15,0.020088866353034973
fc_layers.0,2,39,16,0.06412677466869354
fc_layers.0,2,39,17,0.047953829169273376
fc_layers.0,2,39,18,0.060863196849823
fc_layers.0,2,39,19,0.1260683387517929
fc_layers.0,2,39,20,0.07483568787574768
fc_layers.0,2,39,21,0.022002963349223137
fc_layers.0,2,39,22,0.10154996812343597
fc_layers.0,2,39,23,0.08461196720600128
fc_layers.0,2,39,24,0.016976043581962585
fc_layers.0,2,39,25,0.00866139680147171
fc_layers.0,2,39,26,0.00696162972599268
fc_layers.0,2,39,27,0.02026446908712387
fc_layers.0,2,39,28,0.04436413198709488
fc_layers.0,2,39,29,0.046220481395721436
fc_layers.0,2,39,30,0.1093926653265953
fc_layers.0,2,39,31,0.06890904158353806
fc_layers.0,2,39,32,0.020140133798122406
fc_layers.0,2,39,33,0.11401315033435822
fc_layers.0,2,39,34,0.0668567419052124
fc_layers.0,2,39,35,0.015849553048610687
fc_layers.0,2,39,36,0.10694774985313416
fc_layers.0,2,39,37,0.35201382637023926
fc_layers.0,2,39,38,0.06130385398864746
fc_layers.0,2,39,40,0.03120822086930275
fc_layers.0,2,39,41,0.06476642191410065
fc_layers.0,2,39,42,0.03481871634721756
fc_layers.0,2,40,0,0.06596167385578156
fc_layers.0,2,40,1,0.03049156442284584
fc_layers.0,2,40,2,0.04117870330810547
fc_layers.0,2,40,3,0.07951901108026505
fc_layers.0,2,40,4,0.0056872982531785965
fc_layers.0,2,40,5,0.0012191999703645706
fc_layers.0,2,40,6,0.1004788801074028
fc_layers.0,2,40,7,0.1496897041797638
fc_layers.0,2,40,8,0.08317244797945023
fc_layers.0,2,40,9,0.007246651686728001
fc_layers.0,2,40,10,0.1268690824508667
fc_layers.0,2,40,11,0.09618467837572098
fc_layers.0,2,40,12,0.11819477379322052
fc_layers.0,2,40,13,0.015926701948046684
fc_layers.0,2,40,14,0.07923129200935364
fc_layers.0,2,40,15,0.06681481748819351
fc_layers.0,2,40,16,0.10515759140253067
fc_layers.0,2,40,17,0.0077305384911596775
fc_layers.0,2,40,18,0.06461794674396515
fc_layers.0,2,40,19,0.051060013473033905
fc_layers.0,2,40,20,0.03855153173208237
fc_layers.0,2,40,21,0.07633034139871597
fc_layers.0,2,40,22,0.00715662632137537
fc_layers.0,2,40,23,0.0336998850107193
fc_layers.0,2,40,24,0.019345417618751526
fc_layers.0,2,40,25,0.10944138467311859
fc_layers.0,2,40,26,0.0824233815073967
fc_layers.0,2,40,27,0.03811684623360634
fc_layers.0,2,40,28,0.00257890485227108
fc_layers.0,2,40,29,0.08469858765602112
fc_layers.0,2,40,30,0.030971001833677292
fc_layers.0,2,40,31,0.05844841152429581
fc_layers.0,2,40,32,0.05313579738140106
fc_layers.0,2,40,33,0.011442163027822971
fc_layers.0,2,40,34,0.1997898519039154
fc_layers.0,2,40,35,0.2471112757921219
fc_layers.0,2,40,36,0.05128999799489975
fc_layers.0,2,40,37,0.047509849071502686
fc_layers.0,2,40,38,0.17124560475349426
fc_layers.0,2,40,39,0.03120822086930275
fc_layers.0,2,40,41,0.07736130803823471
fc_layers.0,2,40,42,0.04183575510978699
fc_layers.0,2,41,0,0.03627903759479523
fc_layers.0,2,41,1,0.03826691955327988
fc_layers.0,2,41,2,0.0008243238553404808
fc_layers.0,2,41,3,0.035200297832489014
fc_layers.0,2,41,4,0.05246838927268982
fc_layers.0,2,41,5,0.07134061306715012
fc_layers.0,2,41,6,0.1784663200378418
fc_layers.0,2,41,7,0.03952924907207489
fc_layers.0,2,41,8,0.010935116559267044
fc_layers.0,2,41,9,0.15453243255615234
fc_layers.0,2,41,10,0.14536643028259277
fc_layers.0,2,41,11,0.02768176980316639
fc_layers.0,2,41,12,0.012894636020064354
fc_layers.0,2,41,13,0.14200030267238617
fc_layers.0,2,41,14,0.08964851498603821
fc_layers.0,2,41,15,0.10411085933446884
fc_layers.0,2,41,16,0.28700485825538635
fc_layers.0,2,41,17,0.10096261650323868
fc_layers.0,2,41,18,0.017798226326704025
fc_layers.0,2,41,19,0.01464471872895956
fc_layers.0,2,41,20,0.06156201288104057
fc_layers.0,2,41,21,0.007726488634943962
fc_layers.0,2,41,22,0.060556791722774506
fc_layers.0,2,41,23,0.005225915461778641
fc_layers.0,2,41,24,0.014110153540968895
fc_layers.0,2,41,25,0.0028968527913093567
fc_layers.0,2,41,26,0.05289173126220703
fc_layers.0,2,41,27,0.0011584325693547726
fc_layers.0,2,41,28,0.10656809061765671
fc_layers.0,2,41,29,0.08383063971996307
fc_layers.0,2,41,30,0.010346460156142712
fc_layers.0,2,41,31,0.012761077843606472
fc_layers.0,2,41,32,0.15280403196811676
fc_layers.0,2,41,33,0.09329061210155487
fc_layers.0,2,41,34,0.03440821170806885
fc_layers.0,2,41,35,0.04246671497821808
fc_layers.0,2,41,36,0.04369192570447922
fc_layers.0,2,41,37,0.033093780279159546
fc_layers.0,2,41,38,0.029659710824489594
fc_layers.0,2,41,39,0.06476642191410065
fc_layers.0,2,41,40,0.07736130803823471
fc_layers.0,2,41,42,0.132260262966156
fc_layers.0,2,42,0,0.02331557869911194
fc_layers.0,2,42,1,0.06691518425941467
fc_layers.0,2,42,2,0.09627935290336609
fc_layers.0,2,42,3,0.17115755379199982
fc_layers.0,2,42,4,0.13765351474285126
fc_layers.0,2,42,5,0.11127426475286484
fc_layers.0,2,42,6,0.01844799518585205
fc_layers.0,2,42,7,0.21044102311134338
fc_layers.0,2,42,8,0.05523434281349182
fc_layers.0,2,42,9,0.12938560545444489
fc_layers.0,2,42,10,0.17725154757499695
fc_layers.0,2,42,11,0.08602675050497055
fc_layers.0,2,42,12,0.025471344590187073
fc_layers.0,2,42,13,0.037761393934488297
fc_layers.0,2,42,14,0.0407223105430603
fc_layers.0,2,42,15,0.07336108386516571
fc_layers.0,2,42,16,0.013797017745673656
fc_layers.0,2,42,17,0.04324355348944664
fc_layers.0,2,42,18,0.11008283495903015
fc_layers.0,2,42,19,0.07980190217494965
fc_layers.0,2,42,20,0.014738770201802254
fc_layers.0,2,42,21,0.0626911073923111
fc_layers.0,2,42,22,0.023372864350676537
fc_layers.0,2,42,23,0.06822158396244049
fc_layers.0,2,42,24,0.0719350278377533
fc_layers.0,2,42,25,0.04009002074599266
fc_layers.0,2,42,26,0.014234019443392754
fc_layers.0,2,42,27,0.09183376282453537
fc_layers.0,2,42,28,0.16254442930221558
fc_layers.0,2,42,29,0.04202677682042122
fc_layers.0,2,42,30,0.05793274566531181
fc_layers.0,2,42,31,0.08655363321304321
fc_layers.0,2,42,32,0.0902986079454422
fc_layers.0,2,42,33,0.10432928800582886
fc_layers.0,2,42,34,0.09736740589141846
fc_layers.0,2,42,35,0.08316895365715027
fc_layers.0,2,42,36,0.0473489984869957
fc_layers.0,2,42,37,0.06116225942969322
fc_layers.0,2,42,38,0.0890977755188942
fc_layers.0,2,42,39,0.03481871634721756
fc_layers.0,2,42,40,0.04183575510978699
fc_layers.0,2,42,41,0.132260262966156
fc_layers.3,3,0,1,0.49168339371681213
fc_layers.3,3,0,2,0.16537564992904663
fc_layers.3,3,0,3,0.0024517709389328957
fc_layers.3,3,0,4,0.06385346502065659
fc_layers.3,3,0,5,0.07945758104324341
fc_layers.3,3,0,6,0.0011809756979346275
fc_layers.3,3,0,7,0.02586708776652813
fc_layers.3,3,0,8,0.0013829105300828815
fc_layers.3,3,0,9,2.7708642846846487e-06
fc_layers.3,3,0,10,0.00024693296290934086
fc_layers.3,3,0,11,0.001466292655095458
fc_layers.3,3,0,12,0.008882690221071243
fc_layers.3,3,0,13,0.0014673082623630762
fc_layers.3,3,0,14,0.0029184359591454268
fc_layers.3,3,0,15,0.06865724176168442
fc_layers.3,3,0,16,0.00016620893438812345
fc_layers.3,3,0,17,0.003982190974056721
fc_layers.3,3,0,18,0.007593285292387009
fc_layers.3,3,0,19,8.797161717666313e-05
fc_layers.3,3,0,20,0.0012575951404869556
fc_layers.3,3,0,21,6.5049201580791305e-09
fc_layers.3,3,0,22,1.4988954717409797e-05
fc_layers.3,3,0,23,0.00014902539260219783
fc_layers.3,3,0,24,0.0005541404243558645
fc_layers.3,3,0,25,0.0007301823352463543
fc_layers.3,3,0,26,0.004798146430402994
fc_layers.3,3,0,27,0.3066265881061554
fc_layers.3,3,0,28,0.00034379749558866024
fc_layers.3,3,0,29,1.792179864423815e-05
fc_layers.3,3,0,30,0.005520534235984087
fc_layers.3,3,0,31,0.0029012050945311785
fc_layers.3,3,0,32,0.0010156164644286036
fc_layers.3,3,0,33,1.5578146985717467e-06
fc_layers.3,3,0,34,0.16052702069282532
fc_layers.3,3,0,35,0.0007546353153884411
fc_layers.3,3,0,36,1.3908856999478303e-05
fc_layers.3,3,0,37,1.246133069798816e-05
fc_layers.3,3,0,38,0.010953920893371105
fc_layers.3,3,0,39,0.0029785363003611565
fc_layers.3,3,0,40,0.00019907610840164125
fc_layers.3,3,0,41,5.984805397929449e-07
fc_layers.3,3,0,42,0.00012352272460702807
fc_layers.3,3,1,0,0.49168339371681213
fc_layers.3,3,1,2,0.4038722813129425
fc_layers.3,3,1,3,0.005222435109317303
fc_layers.3,3,1,4,0.34868451952934265
fc_layers.3,3,1,5,0.05328438803553581
fc_layers.3,3,1,6,0.001463155378587544
fc_layers.3,3,1,7,0.16328799724578857
fc_layers.3,3,1,8,0.04248121380805969
fc_layers.3,3,1,9,0.0003463421599008143
fc_layers.3,3,1,10,0.05565597862005234
fc_layers.3,3,1,11,0.028511766344308853
fc_layers.3,3,1,12,0.008883013390004635
fc_layers.3,3,1,13,0.012258034199476242
fc_layers.3,3,1,14,0.003846242558211088
fc_layers.3,3,1,15,0.0294742863625288
fc_layers.3,3,1,16,0.0015240885550156236
fc_layers.3,3,1,17,0.00688402634114027
fc_layers.3,3,1,18,0.004994603339582682
fc_layers.3,3,1,19,0.026114465668797493
fc_layers.3,3,1,20,0.03169324994087219
fc_layers.3,3,1,21,0.04574320837855339
fc_layers.3,3,1,22,0.0019342300947755575
fc_layers.3,3,1,23,0.0031716201920062304
fc_layers.3,3,1,24,0.05137867107987404
fc_layers.3,3,1,25,0.16056008636951447
fc_layers.3,3,1,26,0.07651857286691666
fc_layers.3,3,1,27,0.5473727583885193
fc_layers.3,3,1,28,0.00778393168002367
fc_layers.3,3,1,29,0.10131608694791794
fc_layers.3,3,1,30,0.004210949409753084
fc_layers.3,3,1,31,0.10657399147748947
fc_layers.3,3,1,32,0.021018480882048607
fc_layers.3,3,1,33,0.00017416295304428786
fc_layers.3,3,1,34,0.048238590359687805
fc_layers.3,3,1,35,0.0008573814411647618
fc_layers.3,3,1,36,0.0007986927521415055
fc_layers.3,3,1,37,0.00012562888150569052
fc_layers.3,3,1,38,0.004889750853180885
fc_layers.3,3,1,39,0.003915475681424141
fc_layers.3,3,1,40,0.0038986909203231335
fc_layers.3,3,1,41,0.00020294520072638988
fc_layers.3,3,1,42,0.0003468177455943078
fc_layers.3,3,2,0,0.16537564992904663
fc_layers.3,3,2,1,0.4038722813129425
fc_layers.3,3,2,3,0.16038371622562408
fc_layers.3,3,2,4,0.026426106691360474
fc_layers.3,3,2,5,0.15508659183979034
fc_layers.3,3,2,6,0.01577785797417164
fc_layers.3,3,2,7,0.00877792201936245
fc_layers.3,3,2,8,0.028954681009054184
fc_layers.3,3,2,9,0.10399278253316879
fc_layers.3,3,2,10,0.008329860866069794
fc_layers.3,3,2,11,0.0022072175052016973
fc_layers.3,3,2,12,0.031174829229712486
fc_layers.3,3,2,13,0.003872539149597287
fc_layers.3,3,2,14,0.005189582705497742
fc_layers.3,3,2,15,0.16262738406658173
fc_layers.3,3,2,16,0.020006373524665833
fc_layers.3,3,2,17,0.005100624170154333
fc_layers.3,3,2,18,0.006147837731987238
fc_layers.3,3,2,19,0.0038201254792511463
fc_layers.3,3,2,20,0.0027814602944999933
fc_layers.3,3,2,21,0.0022000991739332676
fc_layers.3,3,2,22,4.027307659271173e-05
fc_layers.3,3,2,23,0.0005893938359804451
fc_layers.3,3,2,24,0.0004103127575945109
fc_layers.3,3,2,25,0.022998781874775887
fc_layers.3,3,2,26,0.009760200046002865
fc_layers.3,3,2,27,0.1727561503648758
fc_layers.3,3,2,28,0.0002869955205824226
fc_layers.3,3,2,29,0.008436741307377815
fc_layers.3,3,2,30,0.00040511274710297585
fc_layers.3,3,2,31,0.0039376202039420605
fc_layers.3,3,2,32,0.006468161940574646
fc_layers.3,3,2,33,0.0002832242171280086
fc_layers.3,3,2,34,0.036829523742198944
fc_layers.3,3,2,35,0.03393150493502617
fc_layers.3,3,2,36,0.00035660620778799057
fc_layers.3,3,2,37,0.000892552372533828
fc_layers.3,3,2,38,0.0009510905365459621
fc_layers.3,3,2,39,0.00104947027284652
fc_layers.3,3,2,40,0.001230791094712913
fc_layers.3,3,2,41,0.017280077561736107
fc_layers.3,3,2,42,0.003097203094512224
fc_layers.3,3,3,0,0.0024517709389328957
fc_layers.3,3,3,1,0.005222435109317303
fc_layers.3,3,3,2,0.16038371622562408
fc_layers.3,3,3,4,0.012986577115952969
fc_layers.3,3,3,5,0.6674894690513611
fc_layers.3,3,3,6,0.055451229214668274
fc_layers.3,3,3,7,0.11846126616001129
fc_layers.3,3,3,8,0.1459246128797531
fc_layers.3,3,3,9,0.5458335280418396
fc_layers.3,3,3,10,0.054296571761369705
fc_layers.3,3,3,11,0.0003463636094238609
fc_layers.3,3,3,12,0.0029053627513349056
fc_layers.3,3,3,13,0.0234055258333683
fc_layers.3,3,3,14,0.006985919550061226
fc_layers.3,3,3,15,0.056427355855703354
fc_layers.3,3,3,16,0.06565221399068832
fc_layers.3,3,3,17,0.0019249949837103486
fc_layers.3,3,3,18,0.005335866007953882
fc_layers.3,3,3,19,0.0053167338483035564
fc_layers.3,3,3,20,0.001063272007741034
fc_layers.3,3,3,21,2.517354005249217e-05
fc_layers.3,3,3,22,3.999698310508393e-05
fc_layers.3,3,3,23,0.002096389653161168
fc_layers.3,3,3,24,0.00031473752460442483
fc_layers.3,3,3,25,0.0011561369756236672
fc_layers.3,3,3,26,2.550361750763841e-05
fc_layers.3,3,3,27,0.002711336826905608
fc_layers.3,3,3,28,0.0006621374632231891
fc_layers.3,3,3,29,0.00018857001850847155
fc_layers.3,3,3,30,4.8531634092796594e-05
fc_layers.3,3,3,31,0.004395135212689638
fc_layers.3,3,3,32,1.39310677695903e-05
fc_layers.3,3,3,33,1.4340350389829837e-05
fc_layers.3,3,3,34,1.938006425916683e-05
fc_layers.3,3,3,35,0.1179882287979126
fc_layers.3,3,3,36,7.736960469628684e-06
fc_layers.3,3,3,37,6.458733696490526e-05
fc_layers.3,3,3,38,0.004654665477573872
fc_layers.3,3,3,39,0.0008322939975187182
fc_layers.3,3,3,40,0.0017151751089841127
fc_layers.3,3,3,41,0.04709607735276222
fc_layers.3,3,3,42,0.0020525227300822735
fc_layers.3,3,4,0,0.06385346502065659
fc_layers.3,3,4,1,0.34868451952934265
fc_layers.3,3,4,2,0.026426106691360474
fc_layers.3,3,4,3,0.012986577115952969
fc_layers.3,3,4,5,0.0010183644481003284
fc_layers.3,3,4,6,0.004102244041860104
fc_layers.3,3,4,7,0.1361696720123291
fc_layers.3,3,4,8,0.10465091466903687
fc_layers.3,3,4,9,0.0061392528004944324
fc_layers.3,3,4,10,0.056834880262613297
fc_layers.3,3,4,11,0.027150630950927734
fc_layers.3,3,4,12,0.010483118705451488
fc_layers.3,3,4,13,0.03984379768371582
fc_layers.3,3,4,14,0.004301838576793671
fc_layers.3,3,4,15,0.2138167768716812
fc_layers.3,3,4,16,0.0016428320668637753
fc_layers.3,3,4,17,0.027002090588212013
fc_layers.3,3,4,18,0.011925388127565384
fc_layers.3,3,4,19,0.004435376264154911
fc_layers.3,3,4,20,0.006306648254394531
fc_layers.3,3,4,21,0.0010838572634384036
fc_layers.3,3,4,22,0.0009222718654200435
fc_layers.3,3,4,23,0.000876747420988977
fc_layers.3,3,4,24,0.0056570968590676785
fc_layers.3,3,4,25,0.031028855592012405
fc_layers.3,3,4,26,0.0007690435741096735
fc_layers.3,3,4,27,0.21100561320781708
fc_layers.3,3,4,28,0.0024659980554133654
fc_layers.3,3,4,29,0.018689705058932304
fc_layers.3,3,4,30,0.01018059253692627
fc_layers.3,3,4,31,0.006742422468960285
fc_layers.3,3,4,32,0.0049454523250460625
fc_layers.3,3,4,33,0.00024195796868298203
fc_layers.3,3,4,34,0.5582451224327087
fc_layers.3,3,4,35,0.0016748534981161356
fc_layers.3,3,4,36,2.432150904496666e-05
fc_layers.3,3,4,37,2.0738856619573198e-05
fc_layers.3,3,4,38,0.01111976895481348
fc_layers.3,3,4,39,0.00912401918321848
fc_layers.3,3,4,40,0.00036720215575769544
fc_layers.3,3,4,41,0.0005570017965510488
fc_layers.3,3,4,42,0.0006003091693855822
fc_layers.3,3,5,0,0.07945758104324341
fc_layers.3,3,5,1,0.05328438803553581
fc_layers.3,3,5,2,0.15508659183979034
fc_layers.3,3,5,3,0.6674894690513611
fc_layers.3,3,5,4,0.0010183644481003284
fc_layers.3,3,5,6,0.10881645977497101
fc_layers.3,3,5,7,0.39708632230758667
fc_layers.3,3,5,8,0.37370598316192627
fc_layers.3,3,5,9,0.13768599927425385
fc_layers.3,3,5,10,0.14757706224918365
fc_layers.3,3,5,11,0.0011882282560691237
fc_layers.3,3,5,12,0.01298901904374361
fc_layers.3,3,5,13,0.007775561418384314
fc_layers.3,3,5,14,0.010977448895573616
fc_layers.3,3,5,15,0.06138268858194351
fc_layers.3,3,5,16,0.0012171876151114702
fc_layers.3,3,5,17,0.00518788630142808
fc_layers.3,3,5,18,0.0033051688224077225
fc_layers.3,3,5,19,0.0014133015647530556
fc_layers.3,3,5,20,0.003182355547323823
fc_layers.3,3,5,21,0.006036507431417704
fc_layers.3,3,5,22,0.00025448176893405616
fc_layers.3,3,5,23,0.0025729299522936344
fc_layers.3,3,5,24,0.001880067982710898
fc_layers.3,3,5,25,0.0031346650794148445
fc_layers.3,3,5,26,0.0021242965012788773
fc_layers.3,3,5,27,0.07138767093420029
fc_layers.3,3,5,28,0.0020933602936565876
fc_layers.3,3,5,29,0.0017623493913561106
fc_layers.3,3,5,30,0.0032774521969258785
fc_layers.3,3,5,31,0.0116233229637146
fc_layers.3,3,5,32,0.0002949557965621352
fc_layers.3,3,5,33,0.0011367227416485548
fc_layers.3,3,5,34,0.03641229867935181
fc_layers.3,3,5,35,0.013432485982775688
fc_layers.3,3,5,36,0.00010821715113706887
fc_layers.3,3,5,37,0.0001593197084730491
fc_layers.3,3,5,38,0.00634580384939909
fc_layers.3,3,5,39,0.0005492247873917222
fc_layers.3,3,5,40,0.0007749393116682768
fc_layers.3,3,5,41,0.01022050529718399
fc_layers.3,3,5,42,0.0034149307757616043
fc_layers.3,3,6,0,0.0011809756979346275
fc_layers.3,3,6,1,0.001463155378587544
fc_layers.3,3,6,2,0.01577785797417164
fc_layers.3,3,6,3,0.055451229214668274
fc_layers.3,3,6,4,0.004102244041860104
fc_layers.3,3,6,5,0.10881645977497101
fc_layers.3,3,6,7,0.04799437150359154
fc_layers.3,3,6,8,0.05135958269238472
fc_layers.3,3,6,9,0.006229747086763382
fc_layers.3,3,6,10,0.014555828645825386
fc_layers.3,3,6,11,0.0023829438723623753
fc_layers.3,3,6,12,0.020314935594797134
fc_layers.3,3,6,13,0.10145531594753265
fc_layers.3,3,6,14,0.015621897764503956
fc_layers.3,3,6,15,0.015972601249814034
fc_layers.3,3,6,16,0.0029346314258873463
fc_layers.3,3,6,17,0.029074590653181076
fc_layers.3,3,6,18,0.003949780482798815
fc_layers.3,3,6,19,0.0016793052200227976
fc_layers.3,3,6,20,0.011568130925297737
fc_layers.3,3,6,21,6.880667206132784e-05
fc_layers.3,3,6,22,0.005609946325421333
fc_layers.3,3,6,23,0.0010704274754971266
fc_layers.3,3,6,24,0.0017118760151788592
fc_layers.3,3,6,25,0.0021517581772059202
fc_layers.3,3,6,26,0.005296667106449604
fc_layers.3,3,6,27,0.0012595384614542127
fc_layers.3,3,6,28,0.0008673410629853606
fc_layers.3,3,6,29,0.0006914475816302001
fc_layers.3,3,6,30,0.005363142117857933
fc_layers.3,3,6,31,0.006297098007053137
fc_layers.3,3,6,32,0.2614630460739136
fc_layers.3,3,6,33,0.02744329907000065
fc_layers.3,3,6,34,0.007270141039043665
fc_layers.3,3,6,35,0.008440597914159298
fc_layers.3,3,6,36,0.0405426025390625
fc_layers.3,3,6,37,0.0003259739314671606
fc_layers.3,3,6,38,0.056680407375097275
fc_layers.3,3,6,39,0.0017302980413660407
fc_layers.3,3,6,40,0.0030643732752650976
fc_layers.3,3,6,41,0.0077578723430633545
fc_layers.3,3,6,42,0.05917340889573097
fc_layers.3,3,7,0,0.02586708776652813
fc_layers.3,3,7,1,0.16328799724578857
fc_layers.3,3,7,2,0.00877792201936245
fc_layers.3,3,7,3,0.11846126616001129
fc_layers.3,3,7,4,0.1361696720123291
fc_layers.3,3,7,5,0.39708632230758667
fc_layers.3,3,7,6,0.04799437150359154
fc_layers.3,3,7,8,0.12104759365320206
fc_layers.3,3,7,9,0.0064689344726502895
fc_layers.3,3,7,10,0.20453216135501862
fc_layers.3,3,7,11,0.0008488817256875336
fc_layers.3,3,7,12,0.0012393043143674731
fc_layers.3,3,7,13,0.005658037029206753
fc_layers.3,3,7,14,0.0108040114864707
fc_layers.3,3,7,15,0.040358010679483414
fc_layers.3,3,7,16,0.05142473056912422
fc_layers.3,3,7,17,0.0018633081344887614
fc_layers.3,3,7,18,0.0025728519540280104
fc_layers.3,3,7,19,0.0070915184915065765
fc_layers.3,3,7,20,0.012243843637406826
fc_layers.3,3,7,21,4.634950164472684e-05
fc_layers.3,3,7,22,0.0004462973738554865
fc_layers.3,3,7,23,0.001617876929230988
fc_layers.3,3,7,24,0.0004415901785250753
fc_layers.3,3,7,25,0.0013003224739804864
fc_layers.3,3,7,26,0.000330927170580253
fc_layers.3,3,7,27,0.016110599040985107
fc_layers.3,3,7,28,0.0034173871390521526
fc_layers.3,3,7,29,0.000392346439184621
fc_layers.3,3,7,30,0.00024325877893716097
fc_layers.3,3,7,31,0.02100382372736931
fc_layers.3,3,7,32,0.0032940867822617292
fc_layers.3,3,7,33,3.233275128877722e-05
fc_layers.3,3,7,34,0.00787336379289627
fc_layers.3,3,7,35,0.03067818097770214
fc_layers.3,3,7,36,9.297074575442821e-05
fc_layers.3,3,7,37,4.4687789340969175e-05
fc_layers.3,3,7,38,0.027719473466277122
fc_layers.3,3,7,39,0.0008684740168973804
fc_layers.3,3,7,40,9.530811075819656e-05
fc_layers.3,3,7,41,0.04038301110267639
fc_layers.3,3,7,42,0.0007134864572435617
fc_layers.3,3,8,0,0.0013829105300828815
fc_layers.3,3,8,1,0.04248121380805969
fc_layers.3,3,8,2,0.028954681009054184
fc_layers.3,3,8,3,0.1459246128797531
fc_layers.3,3,8,4,0.10465091466903687
fc_layers.3,3,8,5,0.37370598316192627
fc_layers.3,3,8,6,0.05135958269238472
fc_layers.3,3,8,7,0.12104759365320206
fc_layers.3,3,8,9,0.033213067799806595
fc_layers.3,3,8,10,0.06172298640012741
fc_layers.3,3,8,11,0.003541388548910618
fc_layers.3,3,8,12,0.0059009515680372715
fc_layers.3,3,8,13,0.03698686137795448
fc_layers.3,3,8,14,0.008152241818606853
fc_layers.3,3,8,15,0.06358332186937332
fc_layers.3,3,8,16,0.023419763892889023
fc_layers.3,3,8,17,0.0036083983723074198
fc_layers.3,3,8,18,0.00567347276955843
fc_layers.3,3,8,19,0.0051963008008897305
fc_layers.3,3,8,20,0.0683908611536026
fc_layers.3,3,8,21,0.00046882472815923393
fc_layers.3,3,8,22,0.0025440682657063007
fc_layers.3,3,8,23,0.0034909367095679045
fc_layers.3,3,8,24,0.0030619348399341106
fc_layers.3,3,8,25,0.013005776330828667
fc_layers.3,3,8,26,0.0037598691415041685
fc_layers.3,3,8,27,0.018447432667016983
fc_layers.3,3,8,28,0.0066943904384970665
fc_layers.3,3,8,29,0.00898033194243908
fc_layers.3,3,8,30,0.010695116594433784
fc_layers.3,3,8,31,0.04846078157424927
fc_layers.3,3,8,32,0.001954470993950963
fc_layers.3,3,8,33,0.0012015923857688904
fc_layers.3,3,8,34,0.024348845705389977
fc_layers.3,3,8,35,0.022051136940717697
fc_layers.3,3,8,36,0.005434422288089991
fc_layers.3,3,8,37,0.00010754342656582594
fc_layers.3,3,8,38,0.0960741713643074
fc_layers.3,3,8,39,0.0024310224689543247
fc_layers.3,3,8,40,0.0027202614583075047
fc_layers.3,3,8,41,0.014751041308045387
fc_layers.3,3,8,42,0.002021915977820754
fc_layers.3,3,9,0,2.7708642846846487e-06
fc_layers.3,3,9,1,0.0003463421599008143
fc_layers.3,3,9,2,0.10399278253316879
fc_layers.3,3,9,3,0.5458335280418396
fc_layers.3,3,9,4,0.0061392528004944324
fc_layers.3,3,9,5,0.13768599927425385
fc_layers.3,3,9,6,0.006229747086763382
fc_layers.3,3,9,7,0.0064689344726502895
fc_layers.3,3,9,8,0.033213067799806595
fc_layers.3,3,9,10,0.16284281015396118
fc_layers.3,3,9,11,0.0016044819494709373
fc_layers.3,3,9,12,0.0014290226390585303
fc_layers.3,3,9,13,0.005289935506880283
fc_layers.3,3,9,14,0.014290058054029942
fc_layers.3,3,9,15,0.007873784750699997
fc_layers.3,3,9,16,0.497943639755249
fc_layers.3,3,9,17,0.004244866780936718
fc_layers.3,3,9,18,0.00401206174865365
fc_layers.3,3,9,19,0.03174639120697975
fc_layers.3,3,9,20,0.007663256023079157
fc_layers.3,3,9,21,0.00030442140996456146
fc_layers.3,3,9,22,3.575411028577946e-05
fc_layers.3,3,9,23,0.006614592391997576
fc_layers.3,3,9,24,0.0008225170313380659
fc_layers.3,3,9,25,0.005424299277365208
fc_layers.3,3,9,26,2.059482540062163e-05
fc_layers.3,3,9,27,6.170981123432284e-06
fc_layers.3,3,9,28,0.003970908932387829
fc_layers.3,3,9,29,1.4217522220860701e-05
fc_layers.3,3,9,30,0.0008767166291363537
fc_layers.3,3,9,31,0.00012157857418060303
fc_layers.3,3,9,32,0.00014083566202316433
fc_layers.3,3,9,33,1.526470896351384e-06
fc_layers.3,3,9,34,7.534843462053686e-06
fc_layers.3,3,9,35,0.06552276015281677
fc_layers.3,3,9,36,4.40218900621403e-05
fc_layers.3,3,9,37,0.0001584521378390491
fc_layers.3,3,9,38,0.00026908519794233143
fc_layers.3,3,9,39,5.6304917961824685e-05
fc_layers.3,3,9,40,0.001411648583598435
fc_layers.3,3,9,41,0.40716665983200073
fc_layers.3,3,9,42,0.0005513132200576365
fc_layers.3,3,10,0,0.00024693296290934086
fc_layers.3,3,10,1,0.05565597862005234
fc_layers.3,3,10,2,0.008329860866069794
fc_layers.3,3,10,3,0.054296571761369705
fc_layers.3,3,10,4,0.056834880262613297
fc_layers.3,3,10,5,0.14757706224918365
fc_layers.3,3,10,6,0.014555828645825386
fc_layers.3,3,10,7,0.20453216135501862
fc_layers.3,3,10,8,0.06172298640012741
fc_layers.3,3,10,9,0.16284281015396118
fc_layers.3,3,10,11,0.11342886090278625
fc_layers.3,3,10,12,0.005959819070994854
fc_layers.3,3,10,13,0.04215262830257416
fc_layers.3,3,10,14,0.003816416719928384
fc_layers.3,3,10,15,0.012955890968441963
fc_layers.3,3,10,16,0.10516346246004105
fc_layers.3,3,10,17,0.002245858311653137
fc_layers.3,3,10,18,0.019280115142464638
fc_layers.3,3,10,19,0.009142884984612465
fc_layers.3,3,10,20,0.08414974063634872
fc_layers.3,3,10,21,0.01430163998156786
fc_layers.3,3,10,22,0.0032414288725703955
fc_layers.3,3,10,23,0.03717690333724022
fc_layers.3,3,10,24,0.013249187730252743
fc_layers.3,3,10,25,0.0001407844538334757
fc_layers.3,3,10,26,0.010137774981558323
fc_layers.3,3,10,27,0.0008997724507935345
fc_layers.3,3,10,28,0.053950969129800797
fc_layers.3,3,10,29,0.011045409366488457
fc_layers.3,3,10,30,0.1729743778705597
fc_layers.3,3,10,31,0.0054922280833125114
fc_layers.3,3,10,32,0.0010825817007571459
fc_layers.3,3,10,33,0.00029673700919374824
fc_layers.3,3,10,34,0.01585019752383232
fc_layers.3,3,10,35,0.0037225985433906317
fc_layers.3,3,10,36,0.00010880816989811137
fc_layers.3,3,10,37,0.00016613610205240548
fc_layers.3,3,10,38,0.004200679250061512
fc_layers.3,3,10,39,0.003174296347424388
fc_layers.3,3,10,40,0.0011470778845250607
fc_layers.3,3,10,41,0.006518689915537834
fc_layers.3,3,10,42,0.009564563632011414
fc_layers.3,3,11,0,0.001466292655095458
fc_layers.3,3,11,1,0.028511766344308853
fc_layers.3,3,11,2,0.0022072175052016973
fc_layers.3,3,11,3,0.0003463636094238609
fc_layers.3,3,11,4,0.027150630950927734
fc_layers.3,3,11,5,0.0011882282560691237
fc_layers.3,3,11,6,0.0023829438723623753
fc_layers.3,3,11,7,0.0008488817256875336
fc_layers.3,3,11,8,0.003541388548910618
fc_layers.3,3,11,9,0.0016044819494709373
fc_layers.3,3,11,10,0.11342886090278625
fc_layers.3,3,11,12,0.09405598044395447
fc_layers.3,3,11,13,0.10448510199785233
fc_layers.3,3,11,14,0.0055373599752783775
fc_layers.3,3,11,15,0.000495478801894933
fc_layers.3,3,11,16,0.000384907063562423
fc_layers.3,3,11,17,0.00027236680034548044
fc_layers.3,3,11,18,0.16845755279064178
fc_layers.3,3,11,19,0.0009491037926636636
fc_layers.3,3,11,20,0.028812360018491745
fc_layers.3,3,11,21,0.01862369477748871
fc_layers.3,3,11,22,0.003257519332692027
fc_layers.3,3,11,23,0.09111888706684113
fc_layers.3,3,11,24,0.07444541156291962
fc_layers.3,3,11,25,0.22692842781543732
fc_layers.3,3,11,26,0.022841425612568855
fc_layers.3,3,11,27,0.02213403210043907
fc_layers.3,3,11,28,0.08622060716152191
fc_layers.3,3,11,29,0.011559932492673397
fc_layers.3,3,11,30,0.5569906234741211
fc_layers.3,3,11,31,0.05010279640555382
fc_layers.3,3,11,32,0.0035987338051199913
fc_layers.3,3,11,33,3.501330138533376e-05
fc_layers.3,3,11,34,4.234301741234958e-06
fc_layers.3,3,11,35,0.00039260846097022295
fc_layers.3,3,11,36,6.874704558867961e-05
fc_layers.3,3,11,37,3.21222614729777e-05
fc_layers.3,3,11,38,0.0038303916808217764
fc_layers.3,3,11,39,0.018968205899000168
fc_layers.3,3,11,40,0.0002719050389714539
fc_layers.3,3,11,41,0.00033386610448360443
fc_layers.3,3,11,42,0.010267961770296097
fc_layers.3,3,12,0,0.008882690221071243
fc_layers.3,3,12,1,0.008883013390004635
fc_layers.3,3,12,2,0.031174829229712486
fc_layers.3,3,12,3,0.0029053627513349056
fc_layers.3,3,12,4,0.010483118705451488
fc_layers.3,3,12,5,0.01298901904374361
fc_layers.3,3,12,6,0.020314935594797134
fc_layers.3,3,12,7,0.0012393043143674731
fc_layers.3,3,12,8,0.0059009515680372715
fc_layers.3,3,12,9,0.0014290226390585303
fc_layers.3,3,12,10,0.005959819070994854
fc_layers.3,3,12,11,0.09405598044395447
fc_layers.3,3,12,13,0.15000306069850922
fc_layers.3,3,12,14,0.005009776446968317
fc_layers.3,3,12,15,0.034508779644966125
fc_layers.3,3,12,16,0.0016434394055977464
fc_layers.3,3,12,17,0.41491109132766724
fc_layers.3,3,12,18,0.0565989725291729
fc_layers.3,3,12,19,0.005496676545590162
fc_layers.3,3,12,20,0.010952668264508247
fc_layers.3,3,12,21,0.0036203081253916025
fc_layers.3,3,12,22,0.1437029391527176
fc_layers.3,3,12,23,0.003376914653927088
fc_layers.3,3,12,24,0.03156605735421181
fc_layers.3,3,12,25,0.05421590432524681
fc_layers.3,3,12,26,0.18939714133739471
fc_layers.3,3,12,27,0.010608806274831295
fc_layers.3,3,12,28,0.012665607035160065
fc_layers.3,3,12,29,0.0011343625374138355
fc_layers.3,3,12,30,0.010971827432513237
fc_layers.3,3,12,31,0.023928111419081688
fc_layers.3,3,12,32,0.06011000648140907
fc_layers.3,3,12,33,0.005496426485478878
fc_layers.3,3,12,34,0.024025574326515198
fc_layers.3,3,12,35,0.0009394247899763286
fc_layers.3,3,12,36,0.002326306188479066
fc_layers.3,3,12,37,0.008684707805514336
fc_layers.3,3,12,38,0.03532542660832405
fc_layers.3,3,12,39,0.01770370453596115
fc_layers.3,3,12,40,0.08206664770841599
fc_layers.3,3,12,41,0.012878047302365303
fc_layers.3,3,12,42,0.12060274928808212
fc_layers.3,3,13,0,0.0014673082623630762
fc_layers.3,3,13,1,0.012258034199476242
fc_layers.3,3,13,2,0.003872539149597287
fc_layers.3,3,13,3,0.0234055258333683
fc_layers.3,3,13,4,0.03984379768371582
fc_layers.3,3,13,5,0.007775561418384314
fc_layers.3,3,13,6,0.10145531594753265
fc_layers.3,3,13,7,0.005658037029206753
fc_layers.3,3,13,8,0.03698686137795448
fc_layers.3,3,13,9,0.005289935506880283
fc_layers.3,3,13,10,0.04215262830257416
fc_layers.3,3,13,11,0.10448510199785233
fc_layers.3,3,13,12,0.15000306069850922
fc_layers.3,3,13,14,0.011979187838733196
fc_layers.3,3,13,15,0.40304744243621826
fc_layers.3,3,13,16,0.010336332954466343
fc_layers.3,3,13,17,0.04169226065278053
fc_layers.3,3,13,18,0.007722930517047644
fc_layers.3,3,13,19,0.018191101029515266
fc_layers.3,3,13,20,0.005750806536525488
fc_layers.3,3,13,21,0.007339313626289368
fc_layers.3,3,13,22,0.0004255764069966972
fc_layers.3,3,13,23,0.02191643789410591
fc_layers.3,3,13,24,0.012296386994421482
fc_layers.3,3,13,25,0.04777684435248375
fc_layers.3,3,13,26,0.02253131754696369
fc_layers.3,3,13,27,0.0030499331187456846
fc_layers.3,3,13,28,0.025033297017216682
fc_layers.3,3,13,29,0.020854398608207703
fc_layers.3,3,13,30,0.17593789100646973
fc_layers.3,3,13,31,0.013827039860188961
fc_layers.3,3,13,32,0.19581091403961182
fc_layers.3,3,13,33,0.005127917975187302
fc_layers.3,3,13,34,0.0023119875695556402
fc_layers.3,3,13,35,0.003892582608386874
fc_layers.3,3,13,36,0.009326686151325703
fc_layers.3,3,13,37,0.0015824263682588935
fc_layers.3,3,13,38,0.01387740857899189
fc_layers.3,3,13,39,0.0047108689323067665
fc_layers.3,3,13,40,0.006767659448087215
fc_layers.3,3,13,41,0.048937056213617325
fc_layers.3,3,13,42,0.03686121106147766
fc_layers.3,3,14,0,0.0029184359591454268
fc_layers.3,3,14,1,0.003846242558211088
fc_layers.3,3,14,2,0.005189582705497742
fc_layers.3,3,14,3,0.006985919550061226
fc_layers.3,3,14,4,0.004301838576793671
fc_layers.3,3,14,5,0.010977448895573616
fc_layers.3,3,14,6,0.015621897764503956
fc_layers.3,3,14,7,0.0108040114864707
fc_layers.3,3,14,8,0.008152241818606853
fc_layers.3,3,14,9,0.014290058054029942
fc_layers.3,3,14,10,0.003816416719928384
fc_layers.3,3,14,11,0.0055373599752783775
fc_layers.3,3,14,12,0.005009776446968317
fc_layers.3,3,14,13,0.011979187838733196
fc_layers.3,3,14,15,0.003101399866864085
fc_layers.3,3,14,16,0.0016125899273902178
fc_layers.3,3,14,17,0.5273453593254089
fc_layers.3,3,14,18,0.006583599839359522
fc_layers.3,3,14,19,0.005301256198436022
fc_layers.3,3,14,20,0.00622807489708066
fc_layers.3,3,14,21,0.0006514585693366826
fc_layers.3,3,14,22,0.0021651831921190023
fc_layers.3,3,14,23,0.0009613854927010834
fc_layers.3,3,14,24,0.003721807384863496
fc_layers.3,3,14,25,0.03578777238726616
fc_layers.3,3,14,26,0.01903097704052925
fc_layers.3,3,14,27,0.004502418916672468
fc_layers.3,3,14,28,0.016334503889083862
fc_layers.3,3,14,29,0.013562039472162724
fc_layers.3,3,14,30,0.004498749040067196
fc_layers.3,3,14,31,0.005700794514268637
fc_layers.3,3,14,32,0.03345631808042526
fc_layers.3,3,14,33,3.882934379362268e-06
fc_layers.3,3,14,34,3.771272076846799e-06
fc_layers.3,3,14,35,0.004401582293212414
fc_layers.3,3,14,36,0.0006852131336927414
fc_layers.3,3,14,37,1.656268250371795e-05
fc_layers.3,3,14,38,0.004894777666777372
fc_layers.3,3,14,39,0.00043304500286467373
fc_layers.3,3,14,40,0.00022707131574861705
fc_layers.3,3,14,41,0.012191222980618477
fc_layers.3,3,14,42,0.0007688843761570752
fc_layers.3,3,15,0,0.06865724176168442
fc_layers.3,3,15,1,0.0294742863625288
fc_layers.3,3,15,2,0.16262738406658173
fc_layers.3,3,15,3,0.056427355855703354
fc_layers.3,3,15,4,0.2138167768716812
fc_layers.3,3,15,5,0.06138268858194351
fc_layers.3,3,15,6,0.015972601249814034
fc_layers.3,3,15,7,0.040358010679483414
fc_layers.3,3,15,8,0.06358332186937332
fc_layers.3,3,15,9,0.007873784750699997
fc_layers.3,3,15,10,0.012955890968441963
fc_layers.3,3,15,11,0.000495478801894933
fc_layers.3,3,15,12,0.034508779644966125
fc_layers.3,3,15,13,0.40304744243621826
fc_layers.3,3,15,14,0.003101399866864085
fc_layers.3,3,15,16,0.008758563548326492
fc_layers.3,3,15,17,0.026314472779631615
fc_layers.3,3,15,18,0.007202486041933298
fc_layers.3,3,15,19,0.001191029092296958
fc_layers.3,3,15,20,0.0005502873682416975
fc_layers.3,3,15,21,1.621920455363579e-05
fc_layers.3,3,15,22,0.0002957988763228059
fc_layers.3,3,15,23,0.00035832347930409014
fc_layers.3,3,15,24,0.008051483891904354
fc_layers.3,3,15,25,0.026937851682305336
fc_layers.3,3,15,26,0.0034749272745102644
fc_layers.3,3,15,27,0.0012772692134603858
fc_layers.3,3,15,28,0.00015836187230888754
fc_layers.3,3,15,29,0.0005224636406637728
fc_layers.3,3,15,30,0.0008925626752898097
fc_layers.3,3,15,31,0.002751990221440792
fc_layers.3,3,15,32,3.719114829436876e-05
fc_layers.3,3,15,33,0.00026842078659683466
fc_layers.3,3,15,34,0.16209594905376434
fc_layers.3,3,15,35,0.004022909328341484
fc_layers.3,3,15,36,8.51202494231984e-05
fc_layers.3,3,15,37,9.423419214726891e-06
fc_layers.3,3,15,38,0.0032693699467927217
fc_layers.3,3,15,39,0.0033571766689419746
fc_layers.3,3,15,40,0.0003042958560399711
fc_layers.3,3,15,41,0.005942566320300102
fc_layers.3,3,15,42,0.0004208553582429886
fc_layers.3,3,16,0,0.00016620893438812345
fc_layers.3,3,16,1,0.0015240885550156236
fc_layers.3,3,16,2,0.020006373524665833
fc_layers.3,3,16,3,0.06565221399068832
fc_layers.3,3,16,4,0.0016428320668637753
fc_layers.3,3,16,5,0.0012171876151114702
fc_layers.3,3,16,6,0.0029346314258873463
fc_layers.3,3,16,7,0.05142473056912422
fc_layers.3,3,16,8,0.023419763892889023
fc_layers.3,3,16,9,0.497943639755249
fc_layers.3,3,16,10,0.10516346246004105
fc_layers.3,3,16,11,0.000384907063562423
fc_layers.3,3,16,12,0.0016434394055977464
fc_layers.3,3,16,13,0.010336332954466343
fc_layers.3,3,16,14,0.0016125899273902178
fc_layers.3,3,16,15,0.008758563548326492
fc_layers.3,3,16,17,0.0019971905276179314
fc_layers.3,3,16,18,0.003002806566655636
fc_layers.3,3,16,19,0.031354162842035294
fc_layers.3,3,16,20,0.0005173168610781431
fc_layers.3,3,16,21,4.8954498197417706e-05
fc_layers.3,3,16,22,0.0002113391674356535
fc_layers.3,3,16,23,0.008909642696380615
fc_layers.3,3,16,24,0.0010852720588445663
fc_layers.3,3,16,25,0.005348564591258764
fc_layers.3,3,16,26,0.000502393115311861
fc_layers.3,3,16,27,2.9693923352169804e-05
fc_layers.3,3,16,28,0.0049799117259681225
fc_layers.3,3,16,29,0.0007227449677884579
fc_layers.3,3,16,30,0.003102522110566497
fc_layers.3,3,16,31,0.0019086728570982814
fc_layers.3,3,16,32,3.1520656193606555e-05
fc_layers.3,3,16,33,5.1202327995270025e-06
fc_layers.3,3,16,34,1.1335937415424269e-05
fc_layers.3,3,16,35,0.031781718134880066
fc_layers.3,3,16,36,4.01828765461687e-05
fc_layers.3,3,16,37,0.00013484980445355177
fc_layers.3,3,16,38,0.0038664399180561304
fc_layers.3,3,16,39,0.000496692315209657
fc_layers.3,3,16,40,0.0013043484650552273
fc_layers.3,3,16,41,0.339948445558548
fc_layers.3,3,16,42,0.00581563264131546
fc_layers.3,3,17,0,0.003982190974056721
fc_layers.3,3,17,1,0.00688402634114027
fc_layers.3,3,17,2,0.005100624170154333
fc_layers.3,3,17,3,0.0019249949837103486
fc_layers.3,3,17,4,0.027002090588212013
fc_layers.3,3,17,5,0.00518788630142808
fc_layers.3,3,17,6,0.029074590653181076
fc_layers.3,3,17,7,0.0018633081344887614
fc_layers.3,3,17,8,0.0036083983723074198
fc_layers.3,3,17,9,0.004244866780936718
fc_layers.3,3,17,10,0.002245858311653137
fc_layers.3,3,17,11,0.00027236680034548044
fc_layers.3,3,17,12,0.41491109132766724
fc_layers.3,3,17,13,0.04169226065278053
fc_layers.3,3,17,14,0.5273453593254089
fc_layers.3,3,17,15,0.026314472779631615
fc_layers.3,3,17,16,0.0019971905276179314
fc_layers.3,3,17,18,0.04911486804485321
fc_layers.3,3,17,19,0.00013538972416426986
fc_layers.3,3,17,20,0.00048780569341033697
fc_layers.3,3,17,21,0.002179955132305622
fc_layers.3,3,17,22,0.013689667917788029
fc_layers.3,3,17,23,0.0012624968076124787
fc_layers.3,3,17,24,0.02568093128502369
fc_layers.3,3,17,25,0.012848392128944397
fc_layers.3,3,17,26,0.005133708007633686
fc_layers.3,3,17,27,0.015348443761467934
fc_layers.3,3,17,28,0.003641745774075389
fc_layers.3,3,17,29,0.0021405555307865143
fc_layers.3,3,17,30,0.0019493901636451483
fc_layers.3,3,17,31,0.011785909533500671
fc_layers.3,3,17,32,1.6582896932959557e-05
fc_layers.3,3,17,33,0.009897306561470032
fc_layers.3,3,17,34,0.022379547357559204
fc_layers.3,3,17,35,0.011311149224638939
fc_layers.3,3,17,36,0.012572341598570347
fc_layers.3,3,17,37,0.024815157055854797
fc_layers.3,3,17,38,0.040298063308000565
fc_layers.3,3,17,39,0.0015693020541220903
fc_layers.3,3,17,40,0.007973281666636467
fc_layers.3,3,17,41,0.0024428516626358032
fc_layers.3,3,17,42,0.041122011840343475
fc_layers.3,3,18,0,0.007593285292387009
fc_layers.3,3,18,1,0.004994603339582682
fc_layers.3,3,18,2,0.006147837731987238
fc_layers.3,3,18,3,0.005335866007953882
fc_layers.3,3,18,4,0.011925388127565384
fc_layers.3,3,18,5,0.0033051688224077225
fc_layers.3,3,18,6,0.003949780482798815
fc_layers.3,3,18,7,0.0025728519540280104
fc_layers.3,3,18,8,0.00567347276955843
fc_layers.3,3,18,9,0.00401206174865365
fc_layers.3,3,18,10,0.019280115142464638
fc_layers.3,3,18,11,0.16845755279064178
fc_layers.3,3,18,12,0.0565989725291729
fc_layers.3,3,18,13,0.007722930517047644
fc_layers.3,3,18,14,0.006583599839359522
fc_layers.3,3,18,15,0.007202486041933298
fc_layers.3,3,18,16,0.003002806566655636
fc_layers.3,3,18,17,0.04911486804485321
fc_layers.3,3,18,19,0.006170457694679499
fc_layers.3,3,18,20,0.01785043068230152
fc_layers.3,3,18,21,0.0016747408080846071
fc_layers.3,3,18,22,0.1280423253774643
fc_layers.3,3,18,23,0.015095232985913754
fc_layers.3,3,18,24,0.3504171371459961
fc_layers.3,3,18,25,0.12062985450029373
fc_layers.3,3,18,26,0.42373713850975037
fc_layers.3,3,18,27,0.24272345006465912
fc_layers.3,3,18,28,0.008739433251321316
fc_layers.3,3,18,29,0.019133664667606354
fc_layers.3,3,18,30,0.02514057047665119
fc_layers.3,3,18,31,0.14340968430042267
fc_layers.3,3,18,32,0.009127718396484852
fc_layers.3,3,18,33,0.0001992816396523267
fc_layers.3,3,18,34,0.0009499301086179912
fc_layers.3,3,18,35,0.00272163562476635
fc_layers.3,3,18,36,0.00034320849226787686
fc_layers.3,3,18,37,0.0006324219866655767
fc_layers.3,3,18,38,0.017420712858438492
fc_layers.3,3,18,39,0.012424775399267673
fc_layers.3,3,18,40,0.00649496354162693
fc_layers.3,3,18,41,0.0007597197545692325
fc_layers.3,3,18,42,0.0024117096327245235
fc_layers.3,3,19,0,8.797161717666313e-05
fc_layers.3,3,19,1,0.026114465668797493
fc_layers.3,3,19,2,0.0038201254792511463
fc_layers.3,3,19,3,0.0053167338483035564
fc_layers.3,3,19,4,0.004435376264154911
fc_layers.3,3,19,5,0.0014133015647530556
fc_layers.3,3,19,6,0.0016793052200227976
fc_layers.3,3,19,7,0.0070915184915065765
fc_layers.3,3,19,8,0.0051963008008897305
fc_layers.3,3,19,9,0.03174639120697975
fc_layers.3,3,19,10,0.009142884984612465
fc_layers.3,3,19,11,0.0009491037926636636
fc_layers.3,3,19,12,0.005496676545590162
fc_layers.3,3,19,13,0.018191101029515266
fc_layers.3,3,19,14,0.005301256198436022
fc_layers.3,3,19,15,0.001191029092296958
fc_layers.3,3,19,16,0.031354162842035294
fc_layers.3,3,19,17,0.00013538972416426986
fc_layers.3,3,19,18,0.006170457694679499
fc_layers.3,3,19,20,0.03427921235561371
fc_layers.3,3,19,21,0.04763135313987732
fc_layers.3,3,19,22,0.01578172668814659
fc_layers.3,3,19,23,0.8292083740234375
fc_layers.3,3,19,24,0.0030590943060815334
fc_layers.3,3,19,25,0.0852779969573021
fc_layers.3,3,19,26,0.01860756427049637
fc_layers.3,3,19,27,0.0024178377352654934
fc_layers.3,3,19,28,0.002028100658208132
fc_layers.3,3,19,29,0.06513147801160812
fc_layers.3,3,19,30,0.04502537474036217
fc_layers.3,3,19,31,0.02066178433597088
fc_layers.3,3,19,32,0.011484598740935326
fc_layers.3,3,19,33,0.0004720680881291628
fc_layers.3,3,19,34,0.0001483862433815375
fc_layers.3,3,19,35,0.003974673338234425
fc_layers.3,3,19,36,0.0001326176425209269
fc_layers.3,3,19,37,4.3796208046842366e-05
fc_layers.3,3,19,38,0.0030306801199913025
fc_layers.3,3,19,39,0.00024524269974790514
fc_layers.3,3,19,40,5.482288543134928e-07
fc_layers.3,3,19,41,0.0236820075660944
fc_layers.3,3,19,42,0.00032651820220053196
fc_layers.3,3,20,0,0.0012575951404869556
fc_layers.3,3,20,1,0.03169324994087219
fc_layers.3,3,20,2,0.0027814602944999933
fc_layers.3,3,20,3,0.001063272007741034
fc_layers.3,3,20,4,0.006306648254394531
fc_layers.3,3,20,5,0.003182355547323823
fc_layers.3,3,20,6,0.011568130925297737
fc_layers.3,3,20,7,0.012243843637406826
fc_layers.3,3,20,8,0.0683908611536026
fc_layers.3,3,20,9,0.007663256023079157
fc_layers.3,3,20,10,0.08414974063634872
fc_layers.3,3,20,11,0.028812360018491745
fc_layers.3,3,20,12,0.010952668264508247
fc_layers.3,3,20,13,0.005750806536525488
fc_layers.3,3,20,14,0.00622807489708066
fc_layers.3,3,20,15,0.0005502873682416975
fc_layers.3,3,20,16,0.0005173168610781431
fc_layers.3,3,20,17,0.00048780569341033697
fc_layers.3,3,20,18,0.01785043068230152
fc_layers.3,3,20,19,0.03427921235561371
fc_layers.3,3,20,21,0.1315421313047409
fc_layers.3,3,20,22,0.002292353892698884
fc_layers.3,3,20,23,0.1408018320798874
fc_layers.3,3,20,24,0.0034989009145647287
fc_layers.3,3,20,25,0.02552022971212864
fc_layers.3,3,20,26,0.07763542234897614
fc_layers.3,3,20,27,0.010018727742135525
fc_layers.3,3,20,28,0.4097957909107208
fc_layers.3,3,20,29,0.048497121781110764
fc_layers.3,3,20,30,0.11705663055181503
fc_layers.3,3,20,31,0.4373668432235718
fc_layers.3,3,20,32,0.003023062366992235
fc_layers.3,3,20,33,0.00014279257447924465
fc_layers.3,3,20,34,0.00015403963334392756
fc_layers.3,3,20,35,0.0009920526063069701
fc_layers.3,3,20,36,0.0063710701651871204
fc_layers.3,3,20,37,0.00012324916315265
fc_layers.3,3,20,38,0.0036147332284599543
fc_layers.3,3,20,39,0.0011392743326723576
fc_layers.3,3,20,40,0.0009086605277843773
fc_layers.3,3,20,41,0.0023492220789194107
fc_layers.3,3,20,42,0.0010201620170846581
fc_layers.3,3,21,0,6.5049201580791305e-09
fc_layers.3,3,21,1,0.04574320837855339
fc_layers.3,3,21,2,0.0022000991739332676
fc_layers.3,3,21,3,2.517354005249217e-05
fc_layers.3,3,21,4,0.0010838572634384036
fc_layers.3,3,21,5,0.006036507431417704
fc_layers.3,3,21,6,6.880667206132784e-05
fc_layers.3,3,21,7,4.634950164472684e-05
fc_layers.3,3,21,8,0.00046882472815923393
fc_layers.3,3,21,9,0.00030442140996456146
fc_layers.3,3,21,10,0.01430163998156786
fc_layers.3,3,21,11,0.01862369477748871
fc_layers.3,3,21,12,0.0036203081253916025
fc_layers.3,3,21,13,0.007339313626289368
fc_layers.3,3,21,14,0.0006514585693366826
fc_layers.3,3,21,15,1.621920455363579e-05
fc_layers.3,3,21,16,4.8954498197417706e-05
fc_layers.3,3,21,17,0.002179955132305622
fc_layers.3,3,21,18,0.0016747408080846071
fc_layers.3,3,21,19,0.04763135313987732
fc_layers.3,3,21,20,0.1315421313047409
fc_layers.3,3,21,22,0.00013523462985176593
fc_layers.3,3,21,23,0.2981780171394348
fc_layers.3,3,21,24,0.008251399733126163
fc_layers.3,3,21,25,0.007139322813600302
fc_layers.3,3,21,26,0.001892888336442411
fc_layers.3,3,21,27,0.02720484882593155
fc_layers.3,3,21,28,0.005887975450605154
fc_layers.3,3,21,29,0.05389680340886116
fc_layers.3,3,21,30,0.06232285499572754
fc_layers.3,3,21,31,0.3587539792060852
fc_layers.3,3,21,32,0.00014235166599974036
fc_layers.3,3,21,33,5.046215392212616e-07
fc_layers.3,3,21,34,4.9375544222129975e-06
fc_layers.3,3,21,35,2.6735982828540727e-05
fc_layers.3,3,21,36,4.744646503240801e-06
fc_layers.3,3,21,37,2.772843117782031e-06
fc_layers.3,3,21,38,0.0002950706984847784
fc_layers.3,3,21,39,0.0026395581662654877
fc_layers.3,3,21,40,9.189914999296889e-05
fc_layers.3,3,21,41,1.0674244549591094e-05
fc_layers.3,3,21,42,0.00022845659987069666
fc_layers.3,3,22,0,1.4988954717409797e-05
fc_layers.3,3,22,1,0.0019342300947755575
fc_layers.3,3,22,2,4.027307659271173e-05
fc_layers.3,3,22,3,3.999698310508393e-05
fc_layers.3,3,22,4,0.0009222718654200435
fc_layers.3,3,22,5,0.00025448176893405616
fc_layers.3,3,22,6,0.005609946325421333
fc_layers.3,3,22,7,0.0004462973738554865
fc_layers.3,3,22,8,0.0025440682657063007
fc_layers.3,3,22,9,3.575411028577946e-05
fc_layers.3,3,22,10,0.0032414288725703955
fc_layers.3,3,22,11,0.003257519332692027
fc_layers.3,3,22,12,0.1437029391527176
fc_layers.3,3,22,13,0.0004255764069966972
fc_layers.3,3,22,14,0.0021651831921190023
fc_layers.3,3,22,15,0.0002957988763228059
fc_layers.3,3,22,16,0.0002113391674356535
fc_layers.3,3,22,17,0.013689667917788029
fc_layers.3,3,22,18,0.1280423253774643
fc_layers.3,3,22,19,0.01578172668814659
fc_layers.3,3,22,20,0.002292353892698884
fc_layers.3,3,22,21,0.00013523462985176593
fc_layers.3,3,22,23,0.003955065738409758
fc_layers.3,3,22,24,0.032688453793525696
fc_layers.3,3,22,25,0.05526904761791229
fc_layers.3,3,22,26,0.6118277311325073
fc_layers.3,3,22,27,0.005914546083658934
fc_layers.3,3,22,28,0.007854058407247066
fc_layers.3,3,22,29,0.05245369300246239
fc_layers.3,3,22,30,0.016815723851323128
fc_layers.3,3,22,31,0.08076954632997513
fc_layers.3,3,22,32,0.004492246080189943
fc_layers.3,3,22,33,8.453341251879465e-06
fc_layers.3,3,22,34,2.3415725081576966e-05
fc_layers.3,3,22,35,0.0052640242502093315
fc_layers.3,3,22,36,1.1455603043941665e-06
fc_layers.3,3,22,37,0.00026003282982856035
fc_layers.3,3,22,38,0.06372176855802536
fc_layers.3,3,22,39,0.020581359043717384
fc_layers.3,3,22,40,0.0020543280988931656
fc_layers.3,3,22,41,1.540844823466614e-05
fc_layers.3,3,22,42,7.624268619110808e-05
fc_layers.3,3,23,0,0.00014902539260219783
fc_layers.3,3,23,1,0.0031716201920062304
fc_layers.3,3,23,2,0.0005893938359804451
fc_layers.3,3,23,3,0.002096389653161168
fc_layers.3,3,23,4,0.000876747420988977
fc_layers.3,3,23,5,0.0025729299522936344
fc_layers.3,3,23,6,0.0010704274754971266
fc_layers.3,3,23,7,0.001617876929230988
fc_layers.3,3,23,8,0.0034909367095679045
fc_layers.3,3,23,9,0.006614592391997576
fc_layers.3,3,23,10,0.03717690333724022
fc_layers.3,3,23,11,0.09111888706684113
fc_layers.3,3,23,12,0.003376914653927088
fc_layers.3,3,23,13,0.02191643789410591
fc_layers.3,3,23,14,0.0009613854927010834
fc_layers.3,3,23,15,0.00035832347930409014
fc_layers.3,3,23,16,0.008909642696380615
fc_layers.3,3,23,17,0.0012624968076124787
fc_layers.3,3,23,18,0.015095232985913754
fc_layers.3,3,23,19,0.8292083740234375
fc_layers.3,3,23,20,0.1408018320798874
fc_layers.3,3,23,21,0.2981780171394348
fc_layers.3,3,23,22,0.003955065738409758
fc_layers.3,3,23,24,0.008640422485768795
fc_layers.3,3,23,25,0.0069188219495117664
fc_layers.3,3,23,26,0.0010997196659445763
fc_layers.3,3,23,27,0.0015314830234274268
fc_layers.3,3,23,28,0.03559074178338051
fc_layers.3,3,23,29,0.05217195302248001
fc_layers.3,3,23,30,0.2688819468021393
fc_layers.3,3,23,31,0.007649463601410389
fc_layers.3,3,23,32,0.0006411058129742742
fc_layers.3,3,23,33,0.0003610354324337095
fc_layers.3,3,23,34,0.00017546804156154394
fc_layers.3,3,23,35,0.0010236917296424508
fc_layers.3,3,23,36,3.342940181028098e-05
fc_layers.3,3,23,37,5.235661592450924e-05
fc_layers.3,3,23,38,0.0002162800810765475
fc_layers.3,3,23,39,0.0037360370624810457
fc_layers.3,3,23,40,0.00048231647815555334
fc_layers.3,3,23,41,0.0063701593317091465
fc_layers.3,3,23,42,0.00016116289771161973
fc_layers.3,3,24,0,0.0005541404243558645
fc_layers.3,3,24,1,0.05137867107987404
fc_layers.3,3,24,2,0.0004103127575945109
fc_layers.3,3,24,3,0.00031473752460442483
fc_layers.3,3,24,4,0.0056570968590676785
fc_layers.3,3,24,5,0.001880067982710898
fc_layers.3,3,24,6,0.0017118760151788592
fc_layers.3,3,24,7,0.0004415901785250753
fc_layers.3,3,24,8,0.0030619348399341106
fc_layers.3,3,24,9,0.0008225170313380659
fc_layers.3,3,24,10,0.013249187730252743
fc_layers.3,3,24,11,0.07444541156291962
fc_layers.3,3,24,12,0.03156605735421181
fc_layers.3,3,24,13,0.012296386994421482
fc_layers.3,3,24,14,0.003721807384863496
fc_layers.3,3,24,15,0.008051483891904354
fc_layers.3,3,24,16,0.0010852720588445663
fc_layers.3,3,24,17,0.02568093128502369
fc_layers.3,3,24,18,0.3504171371459961
fc_layers.3,3,24,19,0.0030590943060815334
fc_layers.3,3,24,20,0.0034989009145647287
fc_layers.3,3,24,21,0.008251399733126163
fc_layers.3,3,24,22,0.032688453793525696
fc_layers.3,3,24,23,0.008640422485768795
fc_layers.3,3,24,25,0.11336883902549744
fc_layers.3,3,24,26,0.07082850486040115
fc_layers.3,3,24,27,0.028664959594607353
fc_layers.3,3,24,28,0.009844820015132427
fc_layers.3,3,24,29,0.14683793485164642
fc_layers.3,3,24,30,0.04036528244614601
fc_layers.3,3,24,31,0.08060935139656067
fc_layers.3,3,24,32,0.004965964239090681
fc_layers.3,3,24,33,8.828905265545473e-05
fc_layers.3,3,24,34,0.0008855495834723115
fc_layers.3,3,24,35,0.0016818670555949211
fc_layers.3,3,24,36,0.0019802346359938383
fc_layers.3,3,24,37,0.006521544884890318
fc_layers.3,3,24,38,0.02182062156498432
fc_layers.3,3,24,39,0.0076227495446801186
fc_layers.3,3,24,40,0.0026158662512898445
fc_layers.3,3,24,41,0.0006604039808735251
fc_layers.3,3,24,42,0.0005779899074696004
fc_layers.3,3,25,0,0.0007301823352463543
fc_layers.3,3,25,1,0.16056008636951447
fc_layers.3,3,25,2,0.022998781874775887
fc_layers.3,3,25,3,0.0011561369756236672
fc_layers.3,3,25,4,0.031028855592012405
fc_layers.3,3,25,5,0.0031346650794148445
fc_layers.3,3,25,6,0.0021517581772059202
fc_layers.3,3,25,7,0.0013003224739804864
fc_layers.3,3,25,8,0.013005776330828667
fc_layers.3,3,25,9,0.005424299277365208
fc_layers.3,3,25,10,0.0001407844538334757
fc_layers.3,3,25,11,0.22692842781543732
fc_layers.3,3,25,12,0.05421590432524681
fc_layers.3,3,25,13,0.04777684435248375
fc_layers.3,3,25,14,0.03578777238726616
fc_layers.3,3,25,15,0.026937851682305336
fc_layers.3,3,25,16,0.005348564591258764
fc_layers.3,3,25,17,0.012848392128944397
fc_layers.3,3,25,18,0.12062985450029373
fc_layers.3,3,25,19,0.0852779969573021
fc_layers.3,3,25,20,0.02552022971212864
fc_layers.3,3,25,21,0.007139322813600302
fc_layers.3,3,25,22,0.05526904761791229
fc_layers.3,3,25,23,0.0069188219495117664
fc_layers.3,3,25,24,0.11336883902549744
fc_layers.3,3,25,26,0.3642162084579468
fc_layers.3,3,25,27,0.1538340151309967
fc_layers.3,3,25,28,0.03120042011141777
fc_layers.3,3,25,29,0.37404629588127136
fc_layers.3,3,25,30,0.04374828189611435
fc_layers.3,3,25,31,0.011118924245238304
fc_layers.3,3,25,32,0.10130961984395981
fc_layers.3,3,25,33,0.00010602215479593724
fc_layers.3,3,25,34,0.0016113939927890897
fc_layers.3,3,25,35,0.0005697625456377864
fc_layers.3,3,25,36,0.000349601759808138
fc_layers.3,3,25,37,0.00010056579776573926
fc_layers.3,3,25,38,0.015285935252904892
fc_layers.3,3,25,39,0.012485157698392868
fc_layers.3,3,25,40,0.0017567799659445882
fc_layers.3,3,25,41,0.004405211191624403
fc_layers.3,3,25,42,0.00177354970946908
fc_layers.3,3,26,0,0.004798146430402994
fc_layers.3,3,26,1,0.07651857286691666
fc_layers.3,3,26,2,0.009760200046002865
fc_layers.3,3,26,3,2.550361750763841e-05
fc_layers.3,3,26,4,0.0007690435741096735
fc_layers.3,3,26,5,0.0021242965012788773
fc_layers.3,3,26,6,0.005296667106449604
fc_layers.3,3,26,7,0.000330927170580253
fc_layers.3,3,26,8,0.0037598691415041685
fc_layers.3,3,26,9,2.059482540062163e-05
fc_layers.3,3,26,10,0.010137774981558323
fc_layers.3,3,26,11,0.022841425612568855
fc_layers.3,3,26,12,0.18939714133739471
fc_layers.3,3,26,13,0.02253131754696369
fc_layers.3,3,26,14,0.01903097704052925
fc_layers.3,3,26,15,0.0034749272745102644
fc_layers.3,3,26,16,0.000502393115311861
fc_layers.3,3,26,17,0.005133708007633686
fc_layers.3,3,26,18,0.42373713850975037
fc_layers.3,3,26,19,0.01860756427049637
fc_layers.3,3,26,20,0.07763542234897614
fc_layers.3,3,26,21,0.001892888336442411
fc_layers.3,3,26,22,0.6118277311325073
fc_layers.3,3,26,23,0.0010997196659445763
fc_layers.3,3,26,24,0.07082850486040115
fc_layers.3,3,26,25,0.3642162084579468
fc_layers.3,3,26,27,0.024123653769493103
fc_layers.3,3,26,28,0.00961962342262268
fc_layers.3,3,26,29,0.1667584627866745
fc_layers.3,3,26,30,0.0075976913794875145
fc_layers.3,3,26,31,0.015585949644446373
fc_layers.3,3,26,32,0.04013384133577347
fc_layers.3,3,26,33,0.00017191893130075186
fc_layers.3,3,26,34,0.011087184771895409
fc_layers.3,3,26,35,0.006518939975649118
fc_layers.3,3,26,36,0.0002987919724546373
fc_layers.3,3,26,37,1.1420366718084551e-05
fc_layers.3,3,26,38,0.07221032679080963
fc_layers.3,3,26,39,0.026264743879437447
fc_layers.3,3,26,40,0.0014126970199868083
fc_layers.3,3,26,41,0.0001066960976459086
fc_layers.3,3,26,42,0.0007799084996804595
fc_layers.3,3,27,0,0.3066265881061554
fc_layers.3,3,27,1,0.5473727583885193
fc_layers.3,3,27,2,0.1727561503648758
fc_layers.3,3,27,3,0.002711336826905608
fc_layers.3,3,27,4,0.21100561320781708
fc_layers.3,3,27,5,0.07138767093420029
fc_layers.3,3,27,6,0.0012595384614542127
fc_layers.3,3,27,7,0.016110599040985107
fc_layers.3,3,27,8,0.018447432667016983
fc_layers.3,3,27,9,6.170981123432284e-06
fc_layers.3,3,27,10,0.0008997724507935345
fc_layers.3,3,27,11,0.02213403210043907
fc_layers.3,3,27,12,0.010608806274831295
fc_layers.3,3,27,13,0.0030499331187456846
fc_layers.3,3,27,14,0.004502418916672468
fc_layers.3,3,27,15,0.0012772692134603858
fc_layers.3,3,27,16,2.9693923352169804e-05
fc_layers.3,3,27,17,0.015348443761467934
fc_layers.3,3,27,18,0.24272345006465912
fc_layers.3,3,27,19,0.0024178377352654934
fc_layers.3,3,27,20,0.010018727742135525
fc_layers.3,3,27,21,0.02720484882593155
fc_layers.3,3,27,22,0.005914546083658934
fc_layers.3,3,27,23,0.0015314830234274268
fc_layers.3,3,27,24,0.028664959594607353
fc_layers.3,3,27,25,0.1538340151309967
fc_layers.3,3,27,26,0.024123653769493103
fc_layers.3,3,27,28,0.0008870479068718851
fc_layers.3,3,27,29,0.01096531841903925
fc_layers.3,3,27,30,0.0038922165986150503
fc_layers.3,3,27,31,0.02427513711154461
fc_layers.3,3,27,32,0.0031566196121275425
fc_layers.3,3,27,33,1.0537108892094693e-06
fc_layers.3,3,27,34,2.6142461138078943e-06
fc_layers.3,3,27,35,0.00018418980471324176
fc_layers.3,3,27,36,1.987877294595819e-05
fc_layers.3,3,27,37,6.653743184870109e-06
fc_layers.3,3,27,38,0.007284681778401136
fc_layers.3,3,27,39,0.000671680667437613
fc_layers.3,3,27,40,0.00021998249576427042
fc_layers.3,3,27,41,3.2452797427140467e-07
fc_layers.3,3,27,42,5.641950338031165e-05
fc_layers.3,3,28,0,0.00034379749558866024
fc_layers.3,3,28,1,0.00778393168002367
fc_layers.3,3,28,2,0.0002869955205824226
fc_layers.3,3,28,3,0.0006621374632231891
fc_layers.3,3,28,4,0.0024659980554133654
fc_layers.3,3,28,5,0.0020933602936565876
fc_layers.3,3,28,6,0.0008673410629853606
fc_layers.3,3,28,7,0.0034173871390521526
fc_layers.3,3,28,8,0.0066943904384970665
fc_layers.3,3,28,9,0.003970908932387829
fc_layers.3,3,28,10,0.053950969129800797
fc_layers.3,3,28,11,0.08622060716152191
fc_layers.3,3,28,12,0.012665607035160065
fc_layers.3,3,28,13,0.025033297017216682
fc_layers.3,3,28,14,0.016334503889083862
fc_layers.3,3,28,15,0.00015836187230888754
fc_layers.3,3,28,16,0.0049799117259681225
fc_layers.3,3,28,17,0.003641745774075389
fc_layers.3,3,28,18,0.008739433251321316
fc_layers.3,3,28,19,0.002028100658208132
fc_layers.3,3,28,20,0.4097957909107208
fc_layers.3,3,28,21,0.005887975450605154
fc_layers.3,3,28,22,0.007854058407247066
fc_layers.3,3,28,23,0.03559074178338051
fc_layers.3,3,28,24,0.009844820015132427
fc_layers.3,3,28,25,0.03120042011141777
fc_layers.3,3,28,26,0.00961962342262268
fc_layers.3,3,28,27,0.0008870479068718851
fc_layers.3,3,28,29,0.3493942320346832
fc_layers.3,3,28,30,0.29525870084762573
fc_layers.3,3,28,31,0.060703739523887634
fc_layers.3,3,28,32,0.0010599122615531087
fc_layers.3,3,28,33,0.00045790045987814665
fc_layers.3,3,28,34,9.471294470131397e-05
fc_layers.3,3,28,35,0.0007794162956997752
fc_layers.3,3,28,36,0.000620743609033525
fc_layers.3,3,28,37,0.00011763322982005775
fc_layers.3,3,28,38,0.001836205250583589
fc_layers.3,3,28,39,0.005606683436781168
fc_layers.3,3,28,40,0.000332633382640779
fc_layers.3,3,28,41,0.0025314539670944214
fc_layers.3,3,28,42,0.0008410915033891797
fc_layers.3,3,29,0,1.792179864423815e-05
fc_layers.3,3,29,1,0.10131608694791794
fc_layers.3,3,29,2,0.008436741307377815
fc_layers.3,3,29,3,0.00018857001850847155
fc_layers.3,3,29,4,0.018689705058932304
fc_layers.3,3,29,5,0.0017623493913561106
fc_layers.3,3,29,6,0.0006914475816302001
fc_layers.3,3,29,7,0.000392346439184621
fc_layers.3,3,29,8,0.00898033194243908
fc_layers.3,3,29,9,1.4217522220860701e-05
fc_layers.3,3,29,10,0.011045409366488457
fc_layers.3,3,29,11,0.011559932492673397
fc_layers.3,3,29,12,0.0011343625374138355
fc_layers.3,3,29,13,0.020854398608207703
fc_layers.3,3,29,14,0.013562039472162724
fc_layers.3,3,29,15,0.0005224636406637728
fc_layers.3,3,29,16,0.0007227449677884579
fc_layers.3,3,29,17,0.0021405555307865143
fc_layers.3,3,29,18,0.019133664667606354
fc_layers.3,3,29,19,0.06513147801160812
fc_layers.3,3,29,20,0.048497121781110764
fc_layers.3,3,29,21,0.05389680340886116
fc_layers.3,3,29,22,0.05245369300246239
fc_layers.3,3,29,23,0.05217195302248001
fc_layers.3,3,29,24,0.14683793485164642
fc_layers.3,3,29,25,0.37404629588127136
fc_layers.3,3,29,26,0.1667584627866745
fc_layers.3,3,29,27,0.01096531841903925
fc_layers.3,3,29,28,0.3493942320346832
fc_layers.3,3,29,30,0.03954343497753143
fc_layers.3,3,29,31,0.04047166928648949
fc_layers.3,3,29,32,0.04847020283341408
fc_layers.3,3,29,33,2.4918124836403877e-05
fc_layers.3,3,29,34,0.0002135288086719811
fc_layers.3,3,29,35,1.677192085480783e-05
fc_layers.3,3,29,36,0.00022001263278070837
fc_layers.3,3,29,37,0.0002051318297162652
fc_layers.3,3,29,38,0.001454162411391735
fc_layers.3,3,29,39,0.0010790545493364334
fc_layers.3,3,29,40,0.0012641765642911196
fc_layers.3,3,29,41,0.0001852446876000613
fc_layers.3,3,29,42,9.635626338422298e-05
fc_layers.3,3,30,0,0.005520534235984087
fc_layers.3,3,30,1,0.004210949409753084
fc_layers.3,3,30,2,0.00040511274710297585
fc_layers.3,3,30,3,4.8531634092796594e-05
fc_layers.3,3,30,4,0.01018059253692627
fc_layers.3,3,30,5,0.0032774521969258785
fc_layers.3,3,30,6,0.005363142117857933
fc_layers.3,3,30,7,0.00024325877893716097
fc_layers.3,3,30,8,0.010695116594433784
fc_layers.3,3,30,9,0.0008767166291363537
fc_layers.3,3,30,10,0.1729743778705597
fc_layers.3,3,30,11,0.5569906234741211
fc_layers.3,3,30,12,0.010971827432513237
fc_layers.3,3,30,13,0.17593789100646973
fc_layers.3,3,30,14,0.004498749040067196
fc_layers.3,3,30,15,0.0008925626752898097
fc_layers.3,3,30,16,0.003102522110566497
fc_layers.3,3,30,17,0.0019493901636451483
fc_layers.3,3,30,18,0.02514057047665119
fc_layers.3,3,30,19,0.04502537474036217
fc_layers.3,3,30,20,0.11705663055181503
fc_layers.3,3,30,21,0.06232285499572754
fc_layers.3,3,30,22,0.016815723851323128
fc_layers.3,3,30,23,0.2688819468021393
fc_layers.3,3,30,24,0.04036528244614601
fc_layers.3,3,30,25,0.04374828189611435
fc_layers.3,3,30,26,0.0075976913794875145
fc_layers.3,3,30,27,0.0038922165986150503
fc_layers.3,3,30,28,0.29525870084762573
fc_layers.3,3,30,29,0.03954343497753143
fc_layers.3,3,30,31,0.022261204198002815
fc_layers.3,3,30,32,0.002266267314553261
fc_layers.3,3,30,33,0.0031027758959680796
fc_layers.3,3,30,34,9.180780034512281e-05
fc_layers.3,3,30,35,0.0022348961792886257
fc_layers.3,3,30,36,0.0018134645652025938
fc_layers.3,3,30,37,0.000185877361218445
fc_layers.3,3,30,38,0.0008113052463158965
fc_layers.3,3,30,39,0.0057312543503940105
fc_layers.3,3,30,40,9.746977593749762e-05
fc_layers.3,3,30,41,0.0015902211889624596
fc_layers.3,3,30,42,0.0021410295739769936
fc_layers.3,3,31,0,0.0029012050945311785
fc_layers.3,3,31,1,0.10657399147748947
fc_layers.3,3,31,2,0.0039376202039420605
fc_layers.3,3,31,3,0.004395135212689638
fc_layers.3,3,31,4,0.006742422468960285
fc_layers.3,3,31,5,0.0116233229637146
fc_layers.3,3,31,6,0.006297098007053137
fc_layers.3,3,31,7,0.02100382372736931
fc_layers.3,3,31,8,0.04846078157424927
fc_layers.3,3,31,9,0.00012157857418060303
fc_layers.3,3,31,10,0.0054922280833125114
fc_layers.3,3,31,11,0.05010279640555382
fc_layers.3,3,31,12,0.023928111419081688
fc_layers.3,3,31,13,0.013827039860188961
fc_layers.3,3,31,14,0.005700794514268637
fc_layers.3,3,31,15,0.002751990221440792
fc_layers.3,3,31,16,0.0019086728570982814
fc_layers.3,3,31,17,0.011785909533500671
fc_layers.3,3,31,18,0.14340968430042267
fc_layers.3,3,31,19,0.02066178433597088
fc_layers.3,3,31,20,0.4373668432235718
fc_layers.3,3,31,21,0.3587539792060852
fc_layers.3,3,31,22,0.08076954632997513
fc_layers.3,3,31,23,0.007649463601410389
fc_layers.3,3,31,24,0.08060935139656067
fc_layers.3,3,31,25,0.011118924245238304
fc_layers.3,3,31,26,0.015585949644446373
fc_layers.3,3,31,27,0.02427513711154461
fc_layers.3,3,31,28,0.060703739523887634
fc_layers.3,3,31,29,0.04047166928648949
fc_layers.3,3,31,30,0.022261204198002815
fc_layers.3,3,31,32,0.006610095500946045
fc_layers.3,3,31,33,0.0015034435782581568
fc_layers.3,3,31,34,0.003214811207726598
fc_layers.3,3,31,35,0.00439657736569643
fc_layers.3,3,31,36,0.0009394570370204747
fc_layers.3,3,31,37,0.0003262776299379766
fc_layers.3,3,31,38,0.027079736813902855
fc_layers.3,3,31,39,0.0023596701212227345
fc_layers.3,3,31,40,0.011174957267940044
fc_layers.3,3,31,41,7.691796054132283e-05
fc_layers.3,3,31,42,0.0011976014357060194
fc_layers.3,3,32,0,0.0010156164644286036
fc_layers.3,3,32,1,0.021018480882048607
fc_layers.3,3,32,2,0.006468161940574646
fc_layers.3,3,32,3,1.39310677695903e-05
fc_layers.3,3,32,4,0.0049454523250460625
fc_layers.3,3,32,5,0.0002949557965621352
fc_layers.3,3,32,6,0.2614630460739136
fc_layers.3,3,32,7,0.0032940867822617292
fc_layers.3,3,32,8,0.001954470993950963
fc_layers.3,3,32,9,0.00014083566202316433
fc_layers.3,3,32,10,0.0010825817007571459
fc_layers.3,3,32,11,0.0035987338051199913
fc_layers.3,3,32,12,0.06011000648140907
fc_layers.3,3,32,13,0.19581091403961182
fc_layers.3,3,32,14,0.03345631808042526
fc_layers.3,3,32,15,3.719114829436876e-05
fc_layers.3,3,32,16,3.1520656193606555e-05
fc_layers.3,3,32,17,1.6582896932959557e-05
fc_layers.3,3,32,18,0.009127718396484852
fc_layers.3,3,32,19,0.011484598740935326
fc_layers.3,3,32,20,0.003023062366992235
fc_layers.3,3,32,21,0.00014235166599974036
fc_layers.3,3,32,22,0.004492246080189943
fc_layers.3,3,32,23,0.0006411058129742742
fc_layers.3,3,32,24,0.004965964239090681
fc_layers.3,3,32,25,0.10130961984395981
fc_layers.3,3,32,26,0.04013384133577347
fc_layers.3,3,32,27,0.0031566196121275425
fc_layers.3,3,32,28,0.0010599122615531087
fc_layers.3,3,32,29,0.04847020283341408
fc_layers.3,3,32,30,0.002266267314553261
fc_layers.3,3,32,31,0.006610095500946045
fc_layers.3,3,32,33,0.0013771102530881763
fc_layers.3,3,32,34,0.0002820636727847159
fc_layers.3,3,32,35,0.0004963184474036098
fc_layers.3,3,32,36,0.01431768573820591
fc_layers.3,3,32,37,6.865472096251324e-05
fc_layers.3,3,32,38,0.0913066640496254
fc_layers.3,3,32,39,0.0009740665555000305
fc_layers.3,3,32,40,0.0011300788028165698
fc_layers.3,3,32,41,0.6665650010108948
fc_layers.3,3,32,42,0.34007754921913147
fc_layers.3,3,33,0,1.5578146985717467e-06
fc_layers.3,3,33,1,0.00017416295304428786
fc_layers.3,3,33,2,0.0002832242171280086
fc_layers.3,3,33,3,1.4340350389829837e-05
fc_layers.3,3,33,4,0.00024195796868298203
fc_layers.3,3,33,5,0.0011367227416485548
fc_layers.3,3,33,6,0.02744329907000065
fc_layers.3,3,33,7,3.233275128877722e-05
fc_layers.3,3,33,8,0.0012015923857688904
fc_layers.3,3,33,9,1.526470896351384e-06
fc_layers.3,3,33,10,0.00029673700919374824
fc_layers.3,3,33,11,3.501330138533376e-05
fc_layers.3,3,33,12,0.005496426485478878
fc_layers.3,3,33,13,0.005127917975187302
fc_layers.3,3,33,14,3.882934379362268e-06
fc_layers.3,3,33,15,0.00026842078659683466
fc_layers.3,3,33,16,5.1202327995270025e-06
fc_layers.3,3,33,17,0.009897306561470032
fc_layers.3,3,33,18,0.0001992816396523267
fc_layers.3,3,33,19,0.0004720680881291628
fc_layers.3,3,33,20,0.00014279257447924465
fc_layers.3,3,33,21,5.046215392212616e-07
fc_layers.3,3,33,22,8.453341251879465e-06
fc_layers.3,3,33,23,0.0003610354324337095
fc_layers.3,3,33,24,8.828905265545473e-05
fc_layers.3,3,33,25,0.00010602215479593724
fc_layers.3,3,33,26,0.00017191893130075186
fc_layers.3,3,33,27,1.0537108892094693e-06
fc_layers.3,3,33,28,0.00045790045987814665
fc_layers.3,3,33,29,2.4918124836403877e-05
fc_layers.3,3,33,30,0.0031027758959680796
fc_layers.3,3,33,31,0.0015034435782581568
fc_layers.3,3,33,32,0.0013771102530881763
fc_layers.3,3,33,34,0.00554208317771554
fc_layers.3,3,33,35,0.1649613231420517
fc_layers.3,3,33,36,0.46718934178352356
fc_layers.3,3,33,37,0.0032559395767748356
fc_layers.3,3,33,38,0.011414216831326485
fc_layers.3,3,33,39,0.3575425148010254
fc_layers.3,3,33,40,0.0159310270100832
fc_layers.3,3,33,41,0.0002533626102376729
fc_layers.3,3,33,42,0.0004587712464854121
fc_layers.3,3,34,0,0.16052702069282532
fc_layers.3,3,34,1,0.048238590359687805
fc_layers.3,3,34,2,0.036829523742198944
fc_layers.3,3,34,3,1.938006425916683e-05
fc_layers.3,3,34,4,0.5582451224327087
fc_layers.3,3,34,5,0.03641229867935181
fc_layers.3,3,34,6,0.007270141039043665
fc_layers.3,3,34,7,0.00787336379289627
fc_layers.3,3,34,8,0.024348845705389977
fc_layers.3,3,34,9,7.534843462053686e-06
fc_layers.3,3,34,10,0.01585019752383232
fc_layers.3,3,34,11,4.234301741234958e-06
fc_layers.3,3,34,12,0.024025574326515198
fc_layers.3,3,34,13,0.0023119875695556402
fc_layers.3,3,34,14,3.771272076846799e-06
fc_layers.3,3,34,15,0.16209594905376434
fc_layers.3,3,34,16,1.1335937415424269e-05
fc_layers.3,3,34,17,0.022379547357559204
fc_layers.3,3,34,18,0.0009499301086179912
fc_layers.3,3,34,19,0.0001483862433815375
fc_layers.3,3,34,20,0.00015403963334392756
fc_layers.3,3,34,21,4.9375544222129975e-06
fc_layers.3,3,34,22,2.3415725081576966e-05
fc_layers.3,3,34,23,0.00017546804156154394
fc_layers.3,3,34,24,0.0008855495834723115
fc_layers.3,3,34,25,0.0016113939927890897
fc_layers.3,3,34,26,0.011087184771895409
fc_layers.3,3,34,27,2.6142461138078943e-06
fc_layers.3,3,34,28,9.471294470131397e-05
fc_layers.3,3,34,29,0.0002135288086719811
fc_layers.3,3,34,30,9.180780034512281e-05
fc_layers.3,3,34,31,0.003214811207726598
fc_layers.3,3,34,32,0.0002820636727847159
fc_layers.3,3,34,33,0.00554208317771554
fc_layers.3,3,34,35,0.20362989604473114
fc_layers.3,3,34,36,0.00589111028239131
fc_layers.3,3,34,37,0.00537943746894598
fc_layers.3,3,34,38,0.12783688306808472
fc_layers.3,3,34,39,0.019928529858589172
fc_layers.3,3,34,40,0.2634143531322479
fc_layers.3,3,34,41,4.654272743209731e-06
fc_layers.3,3,34,42,0.0009339848766103387
fc_layers.3,3,35,0,0.0007546353153884411
fc_layers.3,3,35,1,0.0008573814411647618
fc_layers.3,3,35,2,0.03393150493502617
fc_layers.3,3,35,3,0.1179882287979126
fc_layers.3,3,35,4,0.0016748534981161356
fc_layers.3,3,35,5,0.013432485982775688
fc_layers.3,3,35,6,0.008440597914159298
fc_layers.3,3,35,7,0.03067818097770214
fc_layers.3,3,35,8,0.022051136940717697
fc_layers.3,3,35,9,0.06552276015281677
fc_layers.3,3,35,10,0.0037225985433906317
fc_layers.3,3,35,11,0.00039260846097022295
fc_layers.3,3,35,12,0.0009394247899763286
fc_layers.3,3,35,13,0.003892582608386874
fc_layers.3,3,35,14,0.004401582293212414
fc_layers.3,3,35,15,0.004022909328341484
fc_layers.3,3,35,16,0.031781718134880066
fc_layers.3,3,35,17,0.011311149224638939
fc_layers.3,3,35,18,0.00272163562476635
fc_layers.3,3,35,19,0.003974673338234425
fc_layers.3,3,35,20,0.0009920526063069701
fc_layers.3,3,35,21,2.6735982828540727e-05
fc_layers.3,3,35,22,0.0052640242502093315
fc_layers.3,3,35,23,0.0010236917296424508
fc_layers.3,3,35,24,0.0016818670555949211
fc_layers.3,3,35,25,0.0005697625456377864
fc_layers.3,3,35,26,0.006518939975649118
fc_layers.3,3,35,27,0.00018418980471324176
fc_layers.3,3,35,28,0.0007794162956997752
fc_layers.3,3,35,29,1.677192085480783e-05
fc_layers.3,3,35,30,0.0022348961792886257
fc_layers.3,3,35,31,0.00439657736569643
fc_layers.3,3,35,32,0.0004963184474036098
fc_layers.3,3,35,33,0.1649613231420517
fc_layers.3,3,35,34,0.20362989604473114
fc_layers.3,3,35,36,0.021094828844070435
fc_layers.3,3,35,37,0.2885401248931885
fc_layers.3,3,35,38,0.03572901710867882
fc_layers.3,3,35,39,0.06253144890069962
fc_layers.3,3,35,40,0.17074960470199585
fc_layers.3,3,35,41,0.023245051503181458
fc_layers.3,3,35,42,0.0007874186849221587
fc_layers.3,3,36,0,1.3908856999478303e-05
fc_layers.3,3,36,1,0.0007986927521415055
fc_layers.3,3,36,2,0.00035660620778799057
fc_layers.3,3,36,3,7.736960469628684e-06
fc_layers.3,3,36,4,2.432150904496666e-05
fc_layers.3,3,36,5,0.00010821715113706887
fc_layers.3,3,36,6,0.0405426025390625
fc_layers.3,3,36,7,9.297074575442821e-05
fc_layers.3,3,36,8,0.005434422288089991
fc_layers.3,3,36,9,4.40218900621403e-05
fc_layers.3,3,36,10,0.00010880816989811137
fc_layers.3,3,36,11,6.874704558867961e-05
fc_layers.3,3,36,12,0.002326306188479066
fc_layers.3,3,36,13,0.009326686151325703
fc_layers.3,3,36,14,0.0006852131336927414
fc_layers.3,3,36,15,8.51202494231984e-05
fc_layers.3,3,36,16,4.01828765461687e-05
fc_layers.3,3,36,17,0.012572341598570347
fc_layers.3,3,36,18,0.00034320849226787686
fc_layers.3,3,36,19,0.0001326176425209269
fc_layers.3,3,36,20,0.0063710701651871204
fc_layers.3,3,36,21,4.744646503240801e-06
fc_layers.3,3,36,22,1.1455603043941665e-06
fc_layers.3,3,36,23,3.342940181028098e-05
fc_layers.3,3,36,24,0.0019802346359938383
fc_layers.3,3,36,25,0.000349601759808138
fc_layers.3,3,36,26,0.0002987919724546373
fc_layers.3,3,36,27,1.987877294595819e-05
fc_layers.3,3,36,28,0.000620743609033525
fc_layers.3,3,36,29,0.00022001263278070837
fc_layers.3,3,36,30,0.0018134645652025938
fc_layers.3,3,36,31,0.0009394570370204747
fc_layers.3,3,36,32,0.01431768573820591
fc_layers.3,3,36,33,0.46718934178352356
fc_layers.3,3,36,34,0.00589111028239131
fc_layers.3,3,36,35,0.021094828844070435
fc_layers.3,3,36,37,0.0031975654419511557
fc_layers.3,3,36,38,0.6610925197601318
fc_layers.3,3,36,39,0.000199032889213413
fc_layers.3,3,36,40,0.0010938101913779974
fc_layers.3,3,36,41,0.010130493901669979
fc_layers.3,3,36,42,0.008393417112529278
fc_layers.3,3,37,0,1.246133069798816e-05
fc_layers.3,3,37,1,0.00012562888150569052
fc_layers.3,3,37,2,0.000892552372533828
fc_layers.3,3,37,3,6.458733696490526e-05
fc_layers.3,3,37,4,2.0738856619573198e-05
fc_layers.3,3,37,5,0.0001593197084730491
fc_layers.3,3,37,6,0.0003259739314671606
fc_layers.3,3,37,7,4.4687789340969175e-05
fc_layers.3,3,37,8,0.00010754342656582594
fc_layers.3,3,37,9,0.0001584521378390491
fc_layers.3,3,37,10,0.00016613610205240548
fc_layers.3,3,37,11,3.21222614729777e-05
fc_layers.3,3,37,12,0.008684707805514336
fc_layers.3,3,37,13,0.0015824263682588935
fc_layers.3,3,37,14,1.656268250371795e-05
fc_layers.3,3,37,15,9.423419214726891e-06
fc_layers.3,3,37,16,0.00013484980445355177
fc_layers.3,3,37,17,0.024815157055854797
fc_layers.3,3,37,18,0.0006324219866655767
fc_layers.3,3,37,19,4.3796208046842366e-05
fc_layers.3,3,37,20,0.00012324916315265
fc_layers.3,3,37,21,2.772843117782031e-06
fc_layers.3,3,37,22,0.00026003282982856035
fc_layers.3,3,37,23,5.235661592450924e-05
fc_layers.3,3,37,24,0.006521544884890318
fc_layers.3,3,37,25,0.00010056579776573926
fc_layers.3,3,37,26,1.1420366718084551e-05
fc_layers.3,3,37,27,6.653743184870109e-06
fc_layers.3,3,37,28,0.00011763322982005775
fc_layers.3,3,37,29,0.0002051318297162652
fc_layers.3,3,37,30,0.000185877361218445
fc_layers.3,3,37,31,0.0003262776299379766
fc_layers.3,3,37,32,6.865472096251324e-05
fc_layers.3,3,37,33,0.0032559395767748356
fc_layers.3,3,37,34,0.00537943746894598
fc_layers.3,3,37,35,0.2885401248931885
fc_layers.3,3,37,36,0.0031975654419511557
fc_layers.3,3,37,38,0.16829979419708252
fc_layers.3,3,37,39,0.6053512096405029
fc_layers.3,3,37,40,0.14805695414543152
fc_layers.3,3,37,41,8.980031998362392e-05
fc_layers.3,3,37,42,1.94319636648288e-05
fc_layers.3,3,38,0,0.010953920893371105
fc_layers.3,3,38,1,0.004889750853180885
fc_layers.3,3,38,2,0.0009510905365459621
fc_layers.3,3,38,3,0.004654665477573872
fc_layers.3,3,38,4,0.01111976895481348
fc_layers.3,3,38,5,0.00634580384939909
fc_layers.3,3,38,6,0.056680407375097275
fc_layers.3,3,38,7,0.027719473466277122
fc_layers.3,3,38,8,0.0960741713643074
fc_layers.3,3,38,9,0.00026908519794233143
fc_layers.3,3,38,10,0.004200679250061512
fc_layers.3,3,38,11,0.0038303916808217764
fc_layers.3,3,38,12,0.03532542660832405
fc_layers.3,3,38,13,0.01387740857899189
fc_layers.3,3,38,14,0.004894777666777372
fc_layers.3,3,38,15,0.0032693699467927217
fc_layers.3,3,38,16,0.0038664399180561304
fc_layers.3,3,38,17,0.040298063308000565
fc_layers.3,3,38,18,0.017420712858438492
fc_layers.3,3,38,19,0.0030306801199913025
fc_layers.3,3,38,20,0.0036147332284599543
fc_layers.3,3,38,21,0.0002950706984847784
fc_layers.3,3,38,22,0.06372176855802536
fc_layers.3,3,38,23,0.0002162800810765475
fc_layers.3,3,38,24,0.02182062156498432
fc_layers.3,3,38,25,0.015285935252904892
fc_layers.3,3,38,26,0.07221032679080963
fc_layers.3,3,38,27,0.007284681778401136
fc_layers.3,3,38,28,0.001836205250583589
fc_layers.3,3,38,29,0.001454162411391735
fc_layers.3,3,38,30,0.0008113052463158965
fc_layers.3,3,38,31,0.027079736813902855
fc_layers.3,3,38,32,0.0913066640496254
fc_layers.3,3,38,33,0.011414216831326485
fc_layers.3,3,38,34,0.12783688306808472
fc_layers.3,3,38,35,0.03572901710867882
fc_layers.3,3,38,36,0.6610925197601318
fc_layers.3,3,38,37,0.16829979419708252
fc_layers.3,3,38,39,0.03533186763525009
fc_layers.3,3,38,40,0.09941738843917847
fc_layers.3,3,38,41,0.02410205267369747
fc_layers.3,3,38,42,0.008303718641400337
fc_layers.3,3,39,0,0.0029785363003611565
fc_layers.3,3,39,1,0.003915475681424141
fc_layers.3,3,39,2,0.00104947027284652
fc_layers.3,3,39,3,0.0008322939975187182
fc_layers.3,3,39,4,0.00912401918321848
fc_layers.3,3,39,5,0.0005492247873917222
fc_layers.3,3,39,6,0.0017302980413660407
fc_layers.3,3,39,7,0.0008684740168973804
fc_layers.3,3,39,8,0.0024310224689543247
fc_layers.3,3,39,9,5.6304917961824685e-05
fc_layers.3,3,39,10,0.003174296347424388
fc_layers.3,3,39,11,0.018968205899000168
fc_layers.3,3,39,12,0.01770370453596115
fc_layers.3,3,39,13,0.0047108689323067665
fc_layers.3,3,39,14,0.00043304500286467373
fc_layers.3,3,39,15,0.0033571766689419746
fc_layers.3,3,39,16,0.000496692315209657
fc_layers.3,3,39,17,0.0015693020541220903
fc_layers.3,3,39,18,0.012424775399267673
fc_layers.3,3,39,19,0.00024524269974790514
fc_layers.3,3,39,20,0.0011392743326723576
fc_layers.3,3,39,21,0.0026395581662654877
fc_layers.3,3,39,22,0.020581359043717384
fc_layers.3,3,39,23,0.0037360370624810457
fc_layers.3,3,39,24,0.0076227495446801186
fc_layers.3,3,39,25,0.012485157698392868
fc_layers.3,3,39,26,0.026264743879437447
fc_layers.3,3,39,27,0.000671680667437613
fc_layers.3,3,39,28,0.005606683436781168
fc_layers.3,3,39,29,0.0010790545493364334
fc_layers.3,3,39,30,0.0057312543503940105
fc_layers.3,3,39,31,0.0023596701212227345
fc_layers.3,3,39,32,0.0009740665555000305
fc_layers.3,3,39,33,0.3575425148010254
fc_layers.3,3,39,34,0.019928529858589172
fc_layers.3,3,39,35,0.06253144890069962
fc_layers.3,3,39,36,0.000199032889213413
fc_layers.3,3,39,37,0.6053512096405029
fc_layers.3,3,39,38,0.03533186763525009
fc_layers.3,3,39,40,0.09615831077098846
fc_layers.3,3,39,41,9.957078145816922e-05
fc_layers.3,3,39,42,0.0008106929017230868
fc_layers.3,3,40,0,0.00019907610840164125
fc_layers.3,3,40,1,0.0038986909203231335
fc_layers.3,3,40,2,0.001230791094712913
fc_layers.3,3,40,3,0.0017151751089841127
fc_layers.3,3,40,4,0.00036720215575769544
fc_layers.3,3,40,5,0.0007749393116682768
fc_layers.3,3,40,6,0.0030643732752650976
fc_layers.3,3,40,7,9.530811075819656e-05
fc_layers.3,3,40,8,0.0027202614583075047
fc_layers.3,3,40,9,0.001411648583598435
fc_layers.3,3,40,10,0.0011470778845250607
fc_layers.3,3,40,11,0.0002719050389714539
fc_layers.3,3,40,12,0.08206664770841599
fc_layers.3,3,40,13,0.006767659448087215
fc_layers.3,3,40,14,0.00022707131574861705
fc_layers.3,3,40,15,0.0003042958560399711
fc_layers.3,3,40,16,0.0013043484650552273
fc_layers.3,3,40,17,0.007973281666636467
fc_layers.3,3,40,18,0.00649496354162693
fc_layers.3,3,40,19,5.482288543134928e-07
fc_layers.3,3,40,20,0.0009086605277843773
fc_layers.3,3,40,21,9.189914999296889e-05
fc_layers.3,3,40,22,0.0020543280988931656
fc_layers.3,3,40,23,0.00048231647815555334
fc_layers.3,3,40,24,0.0026158662512898445
fc_layers.3,3,40,25,0.0017567799659445882
fc_layers.3,3,40,26,0.0014126970199868083
fc_layers.3,3,40,27,0.00021998249576427042
fc_layers.3,3,40,28,0.000332633382640779
fc_layers.3,3,40,29,0.0012641765642911196
fc_layers.3,3,40,30,9.746977593749762e-05
fc_layers.3,3,40,31,0.011174957267940044
fc_layers.3,3,40,32,0.0011300788028165698
fc_layers.3,3,40,33,0.0159310270100832
fc_layers.3,3,40,34,0.2634143531322479
fc_layers.3,3,40,35,0.17074960470199585
fc_layers.3,3,40,36,0.0010938101913779974
fc_layers.3,3,40,37,0.14805695414543152
fc_layers.3,3,40,38,0.09941738843917847
fc_layers.3,3,40,39,0.09615831077098846
fc_layers.3,3,40,41,0.0005628405488096178
fc_layers.3,3,40,42,0.0052605862729251385
fc_layers.3,3,41,0,5.984805397929449e-07
fc_layers.3,3,41,1,0.00020294520072638988
fc_layers.3,3,41,2,0.017280077561736107
fc_layers.3,3,41,3,0.04709607735276222
fc_layers.3,3,41,4,0.0005570017965510488
fc_layers.3,3,41,5,0.01022050529718399
fc_layers.3,3,41,6,0.0077578723430633545
fc_layers.3,3,41,7,0.04038301110267639
fc_layers.3,3,41,8,0.014751041308045387
fc_layers.3,3,41,9,0.40716665983200073
fc_layers.3,3,41,10,0.006518689915537834
fc_layers.3,3,41,11,0.00033386610448360443
fc_layers.3,3,41,12,0.012878047302365303
fc_layers.3,3,41,13,0.048937056213617325
fc_layers.3,3,41,14,0.012191222980618477
fc_layers.3,3,41,15,0.005942566320300102
fc_layers.3,3,41,16,0.339948445558548
fc_layers.3,3,41,17,0.0024428516626358032
fc_layers.3,3,41,18,0.0007597197545692325
fc_layers.3,3,41,19,0.0236820075660944
fc_layers.3,3,41,20,0.0023492220789194107
fc_layers.3,3,41,21,1.0674244549591094e-05
fc_layers.3,3,41,22,1.540844823466614e-05
fc_layers.3,3,41,23,0.0063701593317091465
fc_layers.3,3,41,24,0.0006604039808735251
fc_layers.3,3,41,25,0.004405211191624403
fc_layers.3,3,41,26,0.0001066960976459086
fc_layers.3,3,41,27,3.2452797427140467e-07
fc_layers.3,3,41,28,0.0025314539670944214
fc_layers.3,3,41,29,0.0001852446876000613
fc_layers.3,3,41,30,0.0015902211889624596
fc_layers.3,3,41,31,7.691796054132283e-05
fc_layers.3,3,41,32,0.6665650010108948
fc_layers.3,3,41,33,0.0002533626102376729
fc_layers.3,3,41,34,4.654272743209731e-06
fc_layers.3,3,41,35,0.023245051503181458
fc_layers.3,3,41,36,0.010130493901669979
fc_layers.3,3,41,37,8.980031998362392e-05
fc_layers.3,3,41,38,0.02410205267369747
fc_layers.3,3,41,39,9.957078145816922e-05
fc_layers.3,3,41,40,0.0005628405488096178
fc_layers.3,3,41,42,0.5168622732162476
fc_layers.3,3,42,0,0.00012352272460702807
fc_layers.3,3,42,1,0.0003468177455943078
fc_layers.3,3,42,2,0.003097203094512224
fc_layers.3,3,42,3,0.0020525227300822735
fc_layers.3,3,42,4,0.0006003091693855822
fc_layers.3,3,42,5,0.0034149307757616043
fc_layers.3,3,42,6,0.05917340889573097
fc_layers.3,3,42,7,0.0007134864572435617
fc_layers.3,3,42,8,0.002021915977820754
fc_layers.3,3,42,9,0.0005513132200576365
fc_layers.3,3,42,10,0.009564563632011414
fc_layers.3,3,42,11,0.010267961770296097
fc_layers.3,3,42,12,0.12060274928808212
fc_layers.3,3,42,13,0.03686121106147766
fc_layers.3,3,42,14,0.0007688843761570752
fc_layers.3,3,42,15,0.0004208553582429886
fc_layers.3,3,42,16,0.00581563264131546
fc_layers.3,3,42,17,0.041122011840343475
fc_layers.3,3,42,18,0.0024117096327245235
fc_layers.3,3,42,19,0.00032651820220053196
fc_layers.3,3,42,20,0.0010201620170846581
fc_layers.3,3,42,21,0.00022845659987069666
fc_layers.3,3,42,22,7.624268619110808e-05
fc_layers.3,3,42,23,0.00016116289771161973
fc_layers.3,3,42,24,0.0005779899074696004
fc_layers.3,3,42,25,0.00177354970946908
fc_layers.3,3,42,26,0.0007799084996804595
fc_layers.3,3,42,27,5.641950338031165e-05
fc_layers.3,3,42,28,0.0008410915033891797
fc_layers.3,3,42,29,9.635626338422298e-05
fc_layers.3,3,42,30,0.0021410295739769936
fc_layers.3,3,42,31,0.0011976014357060194
fc_layers.3,3,42,32,0.34007754921913147
fc_layers.3,3,42,33,0.0004587712464854121
fc_layers.3,3,42,34,0.0009339848766103387
fc_layers.3,3,42,35,0.0007874186849221587
fc_layers.3,3,42,36,0.008393417112529278
fc_layers.3,3,42,37,1.94319636648288e-05
fc_layers.3,3,42,38,0.008303718641400337
fc_layers.3,3,42,39,0.0008106929017230868
fc_layers.3,3,42,40,0.0052605862729251385
fc_layers.3,3,42,41,0.5168622732162476
